[0] Tablero 10x10, 13 colores, 12 hilos
[1] Esquinas juntas: las esquinas son parte de la búsqueda; un solo recorrido para todos los grupos
    grupo 1, orden menos opciones: estimado 9.76e+12 nodos
    grupo 1, orden interior primero: estimado 3.23e+10 nodos
[1] Estimado de Knuth por grupo (nodos): 3.23e+10(i)   (i) = interior primero
[2] Grupo 1/1: ruta unificada (mapas por lado, con piezas fijas), orden: interior primero; grupo grande: 3 estrategias a la vez (normal, pieza menos restrictiva, reinicios)
    ... 5.0 s | grupo 1/1 | 2119770 nodos | revisado 0.024%, faltan ~2.3 h [interior primero 0.024%, interior primero + pieza menos restrictiva 2.03e-04%, reinicios, interior primero 2.4%] (Knuth: ~8.5 h) | máximo colocado 65 de 100 | hilos 8 de 12
    ... 7.0 s | grupo 1/1 | 4230640 nodos | revisado 0.036%, faltan ~3.1 h [interior primero 0.036%, interior primero + pieza menos restrictiva 3.23e-04%, reinicios, interior primero 3.5%] (Knuth: ~8.5 h) | máximo colocado 65 de 100 | hilos 8 de 12
    ... 9.0 s | grupo 1/1 | 6350072 nodos | revisado 0.040%, faltan ~4.2 h [interior primero 0.040%, interior primero + pieza menos restrictiva 6.55e-04%, reinicios, interior primero 4.6%] (Knuth: ~8.5 h) | máximo colocado 65 de 100 | hilos 8 de 12
    ... 11.0 s | grupo 1/1 | 8455042 nodos | revisado 0.050%, faltan ~4.5 h [interior primero 0.050%, interior primero + pieza menos restrictiva 1.16e-03%, reinicios, interior primero 6.6%] (Knuth: ~8.5 h) | máximo colocado 67 de 100 | hilos 8 de 12
    ... 13.1 s | grupo 1/1 | 10574014 nodos | revisado 0.064%, faltan ~4.4 h [interior primero 0.064%, interior primero + pieza menos restrictiva 2.25e-03%, reinicios, interior primero 6.6%] (Knuth: ~8.5 h) | máximo colocado 67 de 100 | hilos 8 de 12
    ... 15.1 s | grupo 1/1 | 12677093 nodos | revisado 0.082%, faltan ~4.1 h [interior primero 0.082%, interior primero + pieza menos restrictiva 2.59e-03%, reinicios, interior primero 6.6%] (Knuth: ~8.5 h) | máximo colocado 67 de 100 | hilos 8 de 12
    ... 17.1 s | grupo 1/1 | 14820182 nodos | revisado 0.160%, faltan ~2.4 h [interior primero 0.160%, interior primero + pieza menos restrictiva 2.75e-03%, reinicios, interior primero 7.1%] (Knuth: ~8.5 h) | máximo colocado 67 de 100 | hilos 8 de 12
    ... 19.1 s | grupo 1/1 | 16945840 nodos | revisado 0.199%, faltan ~2.2 h [interior primero 0.199%, interior primero + pieza menos restrictiva 3.03e-03%, reinicios, interior primero 7.1%] (Knuth: ~8.5 h) | máximo colocado 67 de 100 | hilos 8 de 12
    ... 21.1 s | grupo 1/1 | 19060506 nodos | revisado 0.213%, faltan ~2.3 h [interior primero 0.213%, interior primero + pieza menos restrictiva 3.32e-03%, reinicios, interior primero 7.2%] (Knuth: ~8.5 h) | máximo colocado 68 de 100 | hilos 8 de 12
    ... 23.1 s | grupo 1/1 | 21138865 nodos | revisado 0.233%, faltan ~2.4 h [interior primero 0.233%, interior primero + pieza menos restrictiva 3.94e-03%, reinicios, interior primero 8.3%] (Knuth: ~8.5 h) | máximo colocado 68 de 100 | hilos 8 de 12
    ... 25.1 s | grupo 1/1 | 23231852 nodos | revisado 0.280%, faltan ~2.2 h [interior primero 0.280%, interior primero + pieza menos restrictiva 4.41e-03%, reinicios, interior primero 8.3%] (Knuth: ~8.5 h) | máximo colocado 68 de 100 | hilos 8 de 12
    ... 27.1 s | grupo 1/1 | 25342834 nodos | revisado 0.282%, faltan ~2.4 h [interior primero 0.282%, interior primero + pieza menos restrictiva 4.88e-03%, reinicios, interior primero 8.4%] (Knuth: ~8.5 h) | máximo colocado 68 de 100 | hilos 8 de 12
    ... 29.1 s | grupo 1/1 | 27431710 nodos | revisado 0.286%, faltan ~2.5 h [interior primero 0.286%, interior primero + pieza menos restrictiva 5.50e-03%, reinicios, interior primero 8.4%] (Knuth: ~8.5 h) | máximo colocado 68 de 100 | hilos 8 de 12
    ... 31.1 s | grupo 1/1 | 29542692 nodos | revisado 0.292%, faltan ~2.7 h [interior primero 0.292%, interior primero + pieza menos restrictiva 5.66e-03%, reinicios, interior primero 8.4%] (Knuth: ~8.5 h) | máximo colocado 68 de 100 | hilos 8 de 12
    ... 33.1 s | grupo 1/1 | 31658941 nodos | revisado 0.296%, faltan ~2.8 h [interior primero 0.296%, interior primero + pieza menos restrictiva 6.00e-03%, reinicios, interior primero 9.5%] (Knuth: ~8.5 h) | máximo colocado 68 de 100 | hilos 8 de 12
    ... 35.1 s | grupo 1/1 | 33766558 nodos | revisado 0.299%, faltan ~3.0 h [interior primero 0.299%, interior primero + pieza menos restrictiva 6.21e-03%, reinicios, interior primero 9.5%] (Knuth: ~8.5 h) | máximo colocado 73 de 100 | hilos 8 de 12
    ... 37.2 s | grupo 1/1 | 35894603 nodos | revisado 0.309%, faltan ~3.1 h [interior primero 0.309%, interior primero + pieza menos restrictiva 6.49e-03%, reinicios, interior primero 9.6%] (Knuth: ~8.5 h) | máximo colocado 73 de 100 | hilos 8 de 12
    ... 39.2 s | grupo 1/1 | 37978534 nodos | revisado 0.311%, faltan ~3.2 h [interior primero 0.311%, interior primero + pieza menos restrictiva 6.61e-03%, reinicios, interior primero 9.7%] (Knuth: ~8.5 h) | máximo colocado 73 de 100 | hilos 8 de 12
    ... 41.2 s | grupo 1/1 | 40065587 nodos | revisado 0.316%, faltan ~3.3 h [interior primero 0.316%, interior primero + pieza menos restrictiva 6.90e-03%, reinicios, interior primero 10.3%] (Knuth: ~8.5 h) | máximo colocado 73 de 100 | hilos 8 de 12
    ... 43.2 s | grupo 1/1 | 42043872 nodos | revisado 0.318%, faltan ~3.5 h [interior primero 0.318%, interior primero + pieza menos restrictiva 7.38e-03%, reinicios, interior primero 12.3%] (Knuth: ~8.6 h) | máximo colocado 73 de 100 | hilos 8 de 12
    ... 45.2 s | grupo 1/1 | 44147512 nodos | revisado 0.322%, faltan ~3.6 h [interior primero 0.322%, interior primero + pieza menos restrictiva 7.88e-03%, reinicios, interior primero 12.3%] (Knuth: ~8.6 h) | máximo colocado 73 de 100 | hilos 8 de 12
    ... 47.2 s | grupo 1/1 | 46221766 nodos | revisado 0.323%, faltan ~3.8 h [interior primero 0.323%, interior primero + pieza menos restrictiva 7.94e-03%, reinicios, interior primero 12.4%] (Knuth: ~8.6 h) | máximo colocado 73 de 100 | hilos 8 de 12
    ... 49.2 s | grupo 1/1 | 48306701 nodos | revisado 0.325%, faltan ~3.9 h [interior primero 0.325%, interior primero + pieza menos restrictiva 8.05e-03%, reinicios, interior primero 12.9%] (Knuth: ~8.6 h) | máximo colocado 73 de 100 | hilos 8 de 12
    ... 51.2 s | grupo 1/1 | 50396199 nodos | revisado 0.327%, faltan ~4.1 h [interior primero 0.327%, interior primero + pieza menos restrictiva 8.43e-03%, reinicios, interior primero 15.0%] (Knuth: ~8.6 h) | máximo colocado 73 de 100 | hilos 8 de 12
    ... 53.2 s | grupo 1/1 | 52455577 nodos | revisado 0.332%, faltan ~4.2 h [interior primero 0.332%, interior primero + pieza menos restrictiva 8.91e-03%, reinicios, interior primero 16.5%] (Knuth: ~8.6 h) | máximo colocado 73 de 100 | hilos 8 de 12
    ... 55.2 s | grupo 1/1 | 54543959 nodos | revisado 0.335%, faltan ~4.3 h [interior primero 0.335%, interior primero + pieza menos restrictiva 9.09e-03%, reinicios, interior primero 17.5%] (Knuth: ~8.6 h) | máximo colocado 73 de 100 | hilos 8 de 12
    ... 57.2 s | grupo 1/1 | 56592116 nodos | revisado 0.335%, faltan ~4.5 h [interior primero 0.335%, interior primero + pieza menos restrictiva 9.33e-03%, reinicios, interior primero 19.6%] (Knuth: ~8.6 h) | máximo colocado 73 de 100 | hilos 8 de 12
    ... 59.2 s | grupo 1/1 | 58680846 nodos | revisado 0.336%, faltan ~4.6 h [interior primero 0.336%, interior primero + pieza menos restrictiva 9.48e-03%, reinicios, interior primero 19.6%] (Knuth: ~8.6 h) | máximo colocado 73 de 100 | hilos 8 de 12
    ... 61.2 s | grupo 1/1 | 60785268 nodos | revisado 0.339%, faltan ~4.8 h [interior primero 0.339%, interior primero + pieza menos restrictiva 9.90e-03%, reinicios, interior primero 19.7%] (Knuth: ~8.6 h) | máximo colocado 73 de 100 | hilos 8 de 12
    ... 63.2 s | grupo 1/1 | 62922563 nodos | revisado 0.346%, faltan ~4.8 h [interior primero 0.346%, interior primero + pieza menos restrictiva 0.011%, reinicios, interior primero 19.7%] (Knuth: ~8.6 h) | máximo colocado 73 de 100 | hilos 8 de 12
    ... 65.3 s | grupo 1/1 | 65045278 nodos | revisado 0.348%, faltan ~5.0 h [interior primero 0.348%, interior primero + pieza menos restrictiva 0.011%, reinicios, interior primero 19.7%] (Knuth: ~8.6 h) | máximo colocado 73 de 100 | hilos 8 de 12
    ... 67.3 s | grupo 1/1 | 67178128 nodos | revisado 0.349%, faltan ~5.1 h [interior primero 0.349%, interior primero + pieza menos restrictiva 0.011%, reinicios, interior primero 20.8%] (Knuth: ~8.6 h) | máximo colocado 73 de 100 | hilos 8 de 12
    ... 69.3 s | grupo 1/1 | 69280673 nodos | revisado 0.352%, faltan ~5.2 h [interior primero 0.352%, interior primero + pieza menos restrictiva 0.011%, reinicios, interior primero 21.9%] (Knuth: ~8.6 h) | máximo colocado 73 de 100 | hilos 8 de 12
    ... 71.3 s | grupo 1/1 | 71385416 nodos | revisado 0.352%, faltan ~5.4 h [interior primero 0.352%, interior primero + pieza menos restrictiva 0.011%, reinicios, interior primero 22.9%] (Knuth: ~8.6 h) | máximo colocado 73 de 100 | hilos 8 de 12
    ... 73.3 s | grupo 1/1 | 73481373 nodos | revisado 0.353%, faltan ~5.5 h [interior primero 0.353%, interior primero + pieza menos restrictiva 0.012%, reinicios, interior primero 22.9%] (Knuth: ~8.6 h) | máximo colocado 73 de 100 | hilos 8 de 12
    ... 75.3 s | grupo 1/1 | 75621622 nodos | revisado 0.356%, faltan ~5.6 h [interior primero 0.356%, interior primero + pieza menos restrictiva 0.012%, reinicios, interior primero 24.0%] (Knuth: ~8.6 h) | máximo colocado 73 de 100 | hilos 8 de 12
    ... 77.3 s | grupo 1/1 | 77743425 nodos | revisado 0.357%, faltan ~5.8 h [interior primero 0.357%, interior primero + pieza menos restrictiva 0.012%, reinicios, interior primero 24.5%] (Knuth: ~8.6 h) | máximo colocado 73 de 100 | hilos 8 de 12
    ... 79.3 s | grupo 1/1 | 79873248 nodos | revisado 0.357%, faltan ~5.9 h [interior primero 0.357%, interior primero + pieza menos restrictiva 0.012%, reinicios, interior primero 24.6%] (Knuth: ~8.6 h) | máximo colocado 73 de 100 | hilos 8 de 12
    ... 81.3 s | grupo 1/1 | 82029415 nodos | revisado 0.359%, faltan ~6.0 h [interior primero 0.359%, interior primero + pieza menos restrictiva 0.013%, reinicios, interior primero 25.1%] (Knuth: ~8.6 h) | máximo colocado 73 de 100 | hilos 8 de 12
    ... 83.3 s | grupo 1/1 | 84157749 nodos | revisado 0.360%, faltan ~6.2 h [interior primero 0.360%, interior primero + pieza menos restrictiva 0.013%, reinicios, interior primero 25.2%] (Knuth: ~8.6 h) | máximo colocado 73 de 100 | hilos 8 de 12
    ... 85.3 s | grupo 1/1 | 86274518 nodos | revisado 0.363%, faltan ~6.3 h [interior primero 0.363%, interior primero + pieza menos restrictiva 0.014%, reinicios, interior primero 25.2%] (Knuth: ~8.6 h) | máximo colocado 73 de 100 | hilos 8 de 12
    ... 87.4 s | grupo 1/1 | 88418742 nodos | revisado 0.367%, faltan ~6.4 h [interior primero 0.367%, interior primero + pieza menos restrictiva 0.014%, reinicios, interior primero 25.2%] (Knuth: ~8.5 h) | máximo colocado 73 de 100 | hilos 8 de 12
    ... 89.4 s | grupo 1/1 | 90551443 nodos | revisado 0.371%, faltan ~6.4 h [interior primero 0.371%, interior primero + pieza menos restrictiva 0.016%, reinicios, interior primero 26.3%] (Knuth: ~8.5 h) | máximo colocado 73 de 100 | hilos 8 de 12
    ... 91.4 s | grupo 1/1 | 92683062 nodos | revisado 0.373%, faltan ~6.5 h [interior primero 0.373%, interior primero + pieza menos restrictiva 0.017%, reinicios, interior primero 27.3%] (Knuth: ~8.5 h) | máximo colocado 73 de 100 | hilos 8 de 12
    ... 93.4 s | grupo 1/1 | 94818281 nodos | revisado 0.376%, faltan ~6.6 h [interior primero 0.376%, interior primero + pieza menos restrictiva 0.018%, reinicios, interior primero 27.3%] (Knuth: ~8.5 h) | máximo colocado 73 de 100 | hilos 8 de 12
    ... 95.4 s | grupo 1/1 | 96928839 nodos | revisado 0.379%, faltan ~6.8 h [interior primero 0.379%, interior primero + pieza menos restrictiva 0.018%, reinicios, interior primero 27.4%] (Knuth: ~8.5 h) | máximo colocado 73 de 100 | hilos 8 de 12
    ... 97.4 s | grupo 1/1 | 99060785 nodos | revisado 0.380%, faltan ~6.9 h [interior primero 0.380%, interior primero + pieza menos restrictiva 0.018%, reinicios, interior primero 28.4%] (Knuth: ~8.5 h) | máximo colocado 73 de 100 | hilos 8 de 12
    ... 99.4 s | grupo 1/1 | 101167042 nodos | revisado 0.382%, faltan ~7.0 h [interior primero 0.382%, interior primero + pieza menos restrictiva 0.019%, reinicios, interior primero 29.4%] (Knuth: ~8.5 h) | máximo colocado 73 de 100 | hilos 8 de 12
    ... 101.4 s | grupo 1/1 | 103291873 nodos | revisado 0.385%, faltan ~7.1 h [interior primero 0.385%, interior primero + pieza menos restrictiva 0.019%, reinicios, interior primero 29.5%] (Knuth: ~8.5 h) | máximo colocado 73 de 100 | hilos 8 de 12
    ... 103.4 s | grupo 1/1 | 105412299 nodos | revisado 0.389%, faltan ~7.1 h [interior primero 0.389%, interior primero + pieza menos restrictiva 0.019%, reinicios, interior primero 29.8%] (Knuth: ~8.5 h) | máximo colocado 73 de 100 | hilos 8 de 12
    ... 105.4 s | grupo 1/1 | 107523468 nodos | revisado 0.391%, faltan ~7.2 h [interior primero 0.391%, interior primero + pieza menos restrictiva 0.020%, reinicios, interior primero 29.8%] (Knuth: ~8.5 h) | máximo colocado 73 de 100 | hilos 8 de 12
    ... 107.4 s | grupo 1/1 | 109642417 nodos | revisado 0.392%, faltan ~7.4 h [interior primero 0.392%, interior primero + pieza menos restrictiva 0.021%, reinicios, interior primero 30.3%] (Knuth: ~8.5 h) | máximo colocado 73 de 100 | hilos 8 de 12
    ... 109.4 s | grupo 1/1 | 111764744 nodos | revisado 0.394%, faltan ~7.5 h [interior primero 0.394%, interior primero + pieza menos restrictiva 0.021%, reinicios, interior primero 31.4%] (Knuth: ~8.5 h) | máximo colocado 73 de 100 | hilos 8 de 12
    ... 111.4 s | grupo 1/1 | 113902384 nodos | revisado 0.395%, faltan ~7.6 h [interior primero 0.395%, interior primero + pieza menos restrictiva 0.022%, reinicios, interior primero 32.4%] (Knuth: ~8.5 h) | máximo colocado 73 de 100 | hilos 8 de 12
    ... 113.5 s | grupo 1/1 | 116006498 nodos | revisado 0.396%, faltan ~7.7 h [interior primero 0.396%, interior primero + pieza menos restrictiva 0.024%, reinicios, interior primero 34.4%] (Knuth: ~8.5 h) | máximo colocado 73 de 100 | hilos 8 de 12
    ... 115.5 s | grupo 1/1 | 118155870 nodos | revisado 0.400%, faltan ~7.8 h [interior primero 0.400%, interior primero + pieza menos restrictiva 0.024%, reinicios, interior primero 34.4%] (Knuth: ~8.5 h) | máximo colocado 73 de 100 | hilos 8 de 12
    ... 117.5 s | grupo 1/1 | 120282267 nodos | revisado 0.401%, faltan ~7.9 h [interior primero 0.401%, interior primero + pieza menos restrictiva 0.024%, reinicios, interior primero 34.9%] (Knuth: ~8.5 h) | máximo colocado 73 de 100 | hilos 8 de 12
    ... 119.5 s | grupo 1/1 | 122410853 nodos | revisado 0.403%, faltan ~8.0 h [interior primero 0.403%, interior primero + pieza menos restrictiva 0.025%, reinicios, interior primero 36.0%] (Knuth: ~8.5 h) | máximo colocado 73 de 100 | hilos 8 de 12
    ... 121.5 s | grupo 1/1 | 124514861 nodos | revisado 0.410%, faltan ~8.0 h [interior primero 0.410%, interior primero + pieza menos restrictiva 0.025%, reinicios, interior primero 36.0%] (Knuth: ~8.5 h) | máximo colocado 73 de 100 | hilos 8 de 12
    ... 123.5 s | grupo 1/1 | 126657209 nodos | revisado 0.411%, faltan ~8.1 h [interior primero 0.411%, interior primero + pieza menos restrictiva 0.026%, reinicios, interior primero 36.0%] (Knuth: ~8.5 h) | máximo colocado 73 de 100 | hilos 8 de 12
    ... 125.5 s | grupo 1/1 | 128794218 nodos | revisado 0.413%, faltan ~8.2 h [interior primero 0.413%, interior primero + pieza menos restrictiva 0.026%, reinicios, interior primero 36.0%] (Knuth: ~8.5 h) | máximo colocado 73 de 100 | hilos 8 de 12
    ... 127.5 s | grupo 1/1 | 130893212 nodos | revisado 0.415%, faltan ~8.3 h [interior primero 0.415%, interior primero + pieza menos restrictiva 0.027%, reinicios, interior primero 36.1%] (Knuth: ~8.5 h) | máximo colocado 73 de 100 | hilos 8 de 12
    ... 129.5 s | grupo 1/1 | 132989785 nodos | revisado 0.416%, faltan ~8.4 h [interior primero 0.416%, interior primero + pieza menos restrictiva 0.027%, reinicios, interior primero 37.2%] (Knuth: ~8.5 h) | máximo colocado 73 de 100 | hilos 8 de 12
    ... 131.5 s | grupo 1/1 | 135102001 nodos | revisado 0.417%, faltan ~8.5 h [interior primero 0.417%, interior primero + pieza menos restrictiva 0.027%, reinicios, interior primero 37.3%] (Knuth: ~8.5 h) | máximo colocado 73 de 100 | hilos 8 de 12
    ... 133.5 s | grupo 1/1 | 137196000 nodos | revisado 0.417%, faltan ~8.7 h [interior primero 0.417%, interior primero + pieza menos restrictiva 0.028%, reinicios, interior primero 37.3%] (Knuth: ~8.5 h) | máximo colocado 73 de 100 | hilos 8 de 12
    ... 135.5 s | grupo 1/1 | 139187622 nodos | revisado 0.420%, faltan ~8.7 h [interior primero 0.420%, interior primero + pieza menos restrictiva 0.028%, reinicios, interior primero 39.4%] (Knuth: ~8.5 h) | máximo colocado 73 de 100 | hilos 8 de 12
    ... 137.5 s | grupo 1/1 | 141253623 nodos | revisado 0.421%, faltan ~8.8 h [interior primero 0.421%, interior primero + pieza menos restrictiva 0.029%, reinicios, interior primero 40.5%] (Knuth: ~8.5 h) | máximo colocado 73 de 100 | hilos 8 de 12
    ... 139.6 s | grupo 1/1 | 143357667 nodos | revisado 0.423%, faltan ~8.9 h [interior primero 0.423%, interior primero + pieza menos restrictiva 0.029%, reinicios, interior primero 41.5%] (Knuth: ~8.5 h) | máximo colocado 73 de 100 | hilos 8 de 12
    ... 141.6 s | grupo 1/1 | 145407811 nodos | revisado 0.428%, faltan ~8.9 h [interior primero 0.428%, interior primero + pieza menos restrictiva 0.030%, reinicios, interior primero 41.5%] (Knuth: ~8.5 h) | máximo colocado 73 de 100 | hilos 8 de 12
    ... 143.6 s | grupo 1/1 | 147518310 nodos | revisado 0.432%, faltan ~9.0 h [interior primero 0.432%, interior primero + pieza menos restrictiva 0.030%, reinicios, interior primero 42.8%] (Knuth: ~8.5 h) | máximo colocado 73 de 100 | hilos 8 de 12
    ... 145.6 s | grupo 1/1 | 149624508 nodos | revisado 0.432%, faltan ~9.1 h [interior primero 0.432%, interior primero + pieza menos restrictiva 0.030%, reinicios, interior primero 42.8%] (Knuth: ~8.5 h) | máximo colocado 73 de 100 | hilos 8 de 12
    ... 147.6 s | grupo 1/1 | 151718639 nodos | revisado 0.435%, faltan ~9.2 h [interior primero 0.435%, interior primero + pieza menos restrictiva 0.030%, reinicios, interior primero 42.9%] (Knuth: ~8.5 h) | máximo colocado 73 de 100 | hilos 8 de 12
    ... 149.6 s | grupo 1/1 | 153805286 nodos | revisado 0.435%, faltan ~9.3 h [interior primero 0.435%, interior primero + pieza menos restrictiva 0.031%, reinicios, interior primero 42.9%] (Knuth: ~8.5 h) | máximo colocado 73 de 100 | hilos 8 de 12
    ... 151.6 s | grupo 1/1 | 155905968 nodos | revisado 0.437%, faltan ~9.4 h [interior primero 0.437%, interior primero + pieza menos restrictiva 0.031%, reinicios, interior primero 42.9%] (Knuth: ~8.5 h) | máximo colocado 73 de 100 | hilos 8 de 12
    ... 153.6 s | grupo 1/1 | 157904134 nodos | revisado 0.439%, faltan ~9.5 h [interior primero 0.439%, interior primero + pieza menos restrictiva 0.031%, reinicios, interior primero 42.9%] (Knuth: ~8.5 h) | máximo colocado 73 de 100 | hilos 8 de 12
    ... 155.6 s | grupo 1/1 | 159999974 nodos | revisado 0.441%, faltan ~9.6 h [interior primero 0.441%, interior primero + pieza menos restrictiva 0.032%, reinicios, interior primero 45.1%] (Knuth: ~8.5 h) | máximo colocado 73 de 100 | hilos 8 de 12
    ... 157.6 s | grupo 1/1 | 162107686 nodos | revisado 0.445%, faltan ~9.6 h [interior primero 0.445%, interior primero + pieza menos restrictiva 0.033%, reinicios, interior primero 45.1%] (Knuth: ~8.5 h) | máximo colocado 73 de 100 | hilos 8 de 12
    ... 159.6 s | grupo 1/1 | 164222183 nodos | revisado 0.449%, faltan ~9.7 h [interior primero 0.449%, interior primero + pieza menos restrictiva 0.033%, reinicios, interior primero 45.2%] (Knuth: ~8.5 h) | máximo colocado 73 de 100 | hilos 8 de 12
    ... 161.6 s | grupo 1/1 | 166320999 nodos | revisado 0.450%, faltan ~9.8 h [interior primero 0.450%, interior primero + pieza menos restrictiva 0.033%, reinicios, interior primero 45.2%] (Knuth: ~8.5 h) | máximo colocado 73 de 100 | hilos 8 de 12
    ... 163.6 s | grupo 1/1 | 168419542 nodos | revisado 0.451%, faltan ~9.8 h [interior primero 0.451%, interior primero + pieza menos restrictiva 0.034%, reinicios, interior primero 45.2%] (Knuth: ~8.5 h) | máximo colocado 73 de 100 | hilos 8 de 12
    ... 165.6 s | grupo 1/1 | 170506265 nodos | revisado 0.452%, faltan ~9.9 h [interior primero 0.452%, interior primero + pieza menos restrictiva 0.034%, reinicios, interior primero 45.2%] (Knuth: ~8.5 h) | máximo colocado 73 de 100 | hilos 8 de 12
    ... 167.7 s | grupo 1/1 | 172596715 nodos | revisado 0.453%, faltan ~10.0 h [interior primero 0.453%, interior primero + pieza menos restrictiva 0.035%, reinicios, interior primero 46.3%] (Knuth: ~8.5 h) | máximo colocado 73 de 100 | hilos 8 de 12
    ... 169.7 s | grupo 1/1 | 174691667 nodos | revisado 0.455%, faltan ~10.1 h [interior primero 0.455%, interior primero + pieza menos restrictiva 0.035%, reinicios, interior primero 47.8%] (Knuth: ~8.5 h) | máximo colocado 73 de 100 | hilos 8 de 12
    ... 171.7 s | grupo 1/1 | 176755877 nodos | revisado 0.456%, faltan ~10.2 h [interior primero 0.456%, interior primero + pieza menos restrictiva 0.036%, reinicios, interior primero 48.8%] (Knuth: ~8.5 h) | máximo colocado 73 de 100 | hilos 8 de 12
    ... 173.7 s | grupo 1/1 | 178854870 nodos | revisado 0.457%, faltan ~10.3 h [interior primero 0.457%, interior primero + pieza menos restrictiva 0.036%, reinicios, interior primero 48.9%] (Knuth: ~8.5 h) | máximo colocado 73 de 100 | hilos 8 de 12
    ... 175.7 s | grupo 1/1 | 180949194 nodos | revisado 0.459%, faltan ~10.4 h [interior primero 0.459%, interior primero + pieza menos restrictiva 0.037%, reinicios, interior primero 49.4%] (Knuth: ~8.5 h) | máximo colocado 73 de 100 | hilos 8 de 12
    ... 177.7 s | grupo 1/1 | 183012741 nodos | revisado 0.464%, faltan ~10.4 h [interior primero 0.464%, interior primero + pieza menos restrictiva 0.037%, reinicios, interior primero 49.4%] (Knuth: ~8.5 h) | máximo colocado 73 de 100 | hilos 8 de 12
    ... 179.7 s | grupo 1/1 | 185103024 nodos | revisado 0.465%, faltan ~10.5 h [interior primero 0.465%, interior primero + pieza menos restrictiva 0.037%, reinicios, interior primero 49.5%] (Knuth: ~8.5 h) | máximo colocado 73 de 100 | hilos 8 de 12
    ... 181.7 s | grupo 1/1 | 187204000 nodos | revisado 0.465%, faltan ~10.6 h [interior primero 0.465%, interior primero + pieza menos restrictiva 0.037%, reinicios, interior primero 49.5%] (Knuth: ~8.5 h) | máximo colocado 73 de 100 | hilos 8 de 12
    ... 183.7 s | grupo 1/1 | 189328966 nodos | revisado 0.466%, faltan ~10.7 h [interior primero 0.466%, interior primero + pieza menos restrictiva 0.038%, reinicios, interior primero 49.5%] (Knuth: ~8.5 h) | máximo colocado 73 de 100 | hilos 8 de 12
    ... 185.7 s | grupo 1/1 | 191461832 nodos | revisado 0.467%, faltan ~10.8 h [interior primero 0.467%, interior primero + pieza menos restrictiva 0.038%, reinicios, interior primero 49.6%] (Knuth: ~8.5 h) | máximo colocado 73 de 100 | hilos 8 de 12
    ... 187.7 s | grupo 1/1 | 193596471 nodos | revisado 0.468%, faltan ~10.9 h [interior primero 0.468%, interior primero + pieza menos restrictiva 0.038%, reinicios, interior primero 49.6%] (Knuth: ~8.5 h) | máximo colocado 73 de 100 | hilos 8 de 12
    ... 189.7 s | grupo 1/1 | 195725272 nodos | revisado 0.469%, faltan ~11.0 h [interior primero 0.469%, interior primero + pieza menos restrictiva 0.038%, reinicios, interior primero 49.6%] (Knuth: ~8.5 h) | máximo colocado 73 de 100 | hilos 8 de 12
    ... 191.7 s | grupo 1/1 | 197868308 nodos | revisado 0.469%, faltan ~11.1 h [interior primero 0.469%, interior primero + pieza menos restrictiva 0.038%, reinicios, interior primero 49.6%] (Knuth: ~8.5 h) | máximo colocado 73 de 100 | hilos 8 de 12
    ... 193.7 s | grupo 1/1 | 200019315 nodos | revisado 0.471%, faltan ~11.2 h [interior primero 0.471%, interior primero + pieza menos restrictiva 0.039%, reinicios, interior primero 49.7%] (Knuth: ~8.5 h) | máximo colocado 73 de 100 | hilos 8 de 12
    ... 195.7 s | grupo 1/1 | 202145501 nodos | revisado 0.474%, faltan ~11.2 h [interior primero 0.474%, interior primero + pieza menos restrictiva 0.039%, reinicios, interior primero 49.7%] (Knuth: ~8.5 h) | máximo colocado 73 de 100 | hilos 8 de 12
    ... 197.8 s | grupo 1/1 | 204318825 nodos | revisado 0.475%, faltan ~11.3 h [interior primero 0.475%, interior primero + pieza menos restrictiva 0.039%, reinicios, interior primero 49.7%] (Knuth: ~8.5 h) | máximo colocado 73 de 100 | hilos 8 de 12
    ... 199.8 s | grupo 1/1 | 206457728 nodos | revisado 0.476%, faltan ~11.4 h [interior primero 0.476%, interior primero + pieza menos restrictiva 0.040%, reinicios, interior primero 50.7%] (Knuth: ~8.5 h) | máximo colocado 73 de 100 | hilos 8 de 12
    ... 201.8 s | grupo 1/1 | 208588531 nodos | revisado 0.476%, faltan ~11.5 h [interior primero 0.476%, interior primero + pieza menos restrictiva 0.040%, reinicios, interior primero 50.7%] (Knuth: ~8.5 h) | máximo colocado 73 de 100 | hilos 8 de 12
    ... 203.8 s | grupo 1/1 | 210712604 nodos | revisado 0.477%, faltan ~11.6 h [interior primero 0.477%, interior primero + pieza menos restrictiva 0.041%, reinicios, interior primero 50.8%] (Knuth: ~8.5 h) | máximo colocado 73 de 100 | hilos 8 de 12
    ... 205.8 s | grupo 1/1 | 212836003 nodos | revisado 0.478%, faltan ~11.7 h [interior primero 0.478%, interior primero + pieza menos restrictiva 0.041%, reinicios, interior primero 50.8%] (Knuth: ~8.5 h) | máximo colocado 73 de 100 | hilos 8 de 12
    ... 207.8 s | grupo 1/1 | 214947735 nodos | revisado 0.479%, faltan ~11.8 h [interior primero 0.479%, interior primero + pieza menos restrictiva 0.042%, reinicios, interior primero 50.9%] (Knuth: ~8.5 h) | máximo colocado 73 de 100 | hilos 8 de 12
    ... 209.8 s | grupo 1/1 | 217044917 nodos | revisado 0.479%, faltan ~11.9 h [interior primero 0.479%, interior primero + pieza menos restrictiva 0.043%, reinicios, interior primero 51.4%] (Knuth: ~8.5 h) | máximo colocado 73 de 100 | hilos 8 de 12
    ... 211.8 s | grupo 1/1 | 219170609 nodos | revisado 0.480%, faltan ~12.0 h [interior primero 0.480%, interior primero + pieza menos restrictiva 0.046%, reinicios, interior primero 52.9%] (Knuth: ~8.5 h) | máximo colocado 73 de 100 | hilos 8 de 12
    ... 213.8 s | grupo 1/1 | 221300422 nodos | revisado 0.481%, faltan ~12.1 h [interior primero 0.481%, interior primero + pieza menos restrictiva 0.047%, reinicios, interior primero 54.9%] (Knuth: ~8.5 h) | máximo colocado 73 de 100 | hilos 8 de 12
    ... 215.8 s | grupo 1/1 | 223446884 nodos | revisado 0.482%, faltan ~12.2 h [interior primero 0.482%, interior primero + pieza menos restrictiva 0.047%, reinicios, interior primero 56.0%] (Knuth: ~8.5 h) | máximo colocado 73 de 100 | hilos 8 de 12
    ... 217.9 s | grupo 1/1 | 225603948 nodos | revisado 0.482%, faltan ~12.3 h [interior primero 0.482%, interior primero + pieza menos restrictiva 0.047%, reinicios, interior primero 57.0%] (Knuth: ~8.5 h) | máximo colocado 73 de 100 | hilos 8 de 12
    ... 219.9 s | grupo 1/1 | 227737885 nodos | revisado 0.483%, faltan ~12.4 h [interior primero 0.483%, interior primero + pieza menos restrictiva 0.048%, reinicios, interior primero 57.5%] (Knuth: ~8.5 h) | máximo colocado 73 de 100 | hilos 8 de 12
    ... 221.9 s | grupo 1/1 | 229890490 nodos | revisado 0.483%, faltan ~12.5 h [interior primero 0.483%, interior primero + pieza menos restrictiva 0.050%, reinicios, interior primero 57.5%] (Knuth: ~8.5 h) | máximo colocado 73 de 100 | hilos 8 de 12
    ... 223.9 s | grupo 1/1 | 232032120 nodos | revisado 0.484%, faltan ~12.6 h [interior primero 0.484%, interior primero + pieza menos restrictiva 0.050%, reinicios, interior primero 58.6%] (Knuth: ~8.5 h) | máximo colocado 73 de 100 | hilos 8 de 12
    ... 225.9 s | grupo 1/1 | 234172839 nodos | revisado 0.486%, faltan ~12.7 h [interior primero 0.486%, interior primero + pieza menos restrictiva 0.051%, reinicios, interior primero 58.6%] (Knuth: ~8.5 h) | máximo colocado 73 de 100 | hilos 8 de 12
    ... 227.9 s | grupo 1/1 | 236319528 nodos | revisado 0.487%, faltan ~12.8 h [interior primero 0.487%, interior primero + pieza menos restrictiva 0.052%, reinicios, interior primero 58.6%] (Knuth: ~8.5 h) | máximo colocado 73 de 100 | hilos 8 de 12
    ... 229.9 s | grupo 1/1 | 238475270 nodos | revisado 0.489%, faltan ~12.8 h [interior primero 0.489%, interior primero + pieza menos restrictiva 0.053%, reinicios, interior primero 58.6%] (Knuth: ~8.5 h) | máximo colocado 73 de 100 | hilos 8 de 12
    ... 231.9 s | grupo 1/1 | 240618088 nodos | revisado 0.490%, faltan ~12.9 h [interior primero 0.490%, interior primero + pieza menos restrictiva 0.053%, reinicios, interior primero 58.6%] (Knuth: ~8.5 h) | máximo colocado 73 de 100 | hilos 8 de 12
    ... 233.9 s | grupo 1/1 | 242777277 nodos | revisado 0.491%, faltan ~13.0 h [interior primero 0.491%, interior primero + pieza menos restrictiva 0.053%, reinicios, interior primero 58.6%] (Knuth: ~8.5 h) | máximo colocado 73 de 100 | hilos 8 de 12
    ... 235.9 s | grupo 1/1 | 244947193 nodos | revisado 0.491%, faltan ~13.1 h [interior primero 0.491%, interior primero + pieza menos restrictiva 0.055%, reinicios, interior primero 58.6%] (Knuth: ~8.5 h) | máximo colocado 73 de 100 | hilos 8 de 12
    ... 237.9 s | grupo 1/1 | 247101989 nodos | revisado 0.492%, faltan ~13.2 h [interior primero 0.492%, interior primero + pieza menos restrictiva 0.056%, reinicios, interior primero 59.7%] (Knuth: ~8.5 h) | máximo colocado 73 de 100 | hilos 8 de 12
    ... 239.9 s | grupo 1/1 | 249234454 nodos | revisado 0.493%, faltan ~13.3 h [interior primero 0.493%, interior primero + pieza menos restrictiva 0.058%, reinicios, interior primero 59.7%] (Knuth: ~8.5 h) | máximo colocado 73 de 100 | hilos 8 de 12
    ... 242.0 s | grupo 1/1 | 251402366 nodos | revisado 0.493%, faltan ~13.4 h [interior primero 0.493%, interior primero + pieza menos restrictiva 0.059%, reinicios, interior primero 59.7%] (Knuth: ~8.5 h) | máximo colocado 73 de 100 | hilos 8 de 12
    ... 244.0 s | grupo 1/1 | 253529847 nodos | revisado 0.495%, faltan ~13.5 h [interior primero 0.495%, interior primero + pieza menos restrictiva 0.060%, reinicios, interior primero 59.7%] (Knuth: ~8.5 h) | máximo colocado 73 de 100 | hilos 8 de 12
    ... 246.0 s | grupo 1/1 | 255649039 nodos | revisado 0.496%, faltan ~13.6 h [interior primero 0.496%, interior primero + pieza menos restrictiva 0.062%, reinicios, interior primero 60.0%] (Knuth: ~8.5 h) | máximo colocado 73 de 100 | hilos 8 de 12
    ... 248.0 s | grupo 1/1 | 257786727 nodos | revisado 0.496%, faltan ~13.6 h [interior primero 0.496%, interior primero + pieza menos restrictiva 0.063%, reinicios, interior primero 60.1%] (Knuth: ~8.5 h) | máximo colocado 73 de 100 | hilos 8 de 12
    ... 250.0 s | grupo 1/1 | 259904801 nodos | revisado 0.497%, faltan ~13.7 h [interior primero 0.497%, interior primero + pieza menos restrictiva 0.064%, reinicios, interior primero 60.1%] (Knuth: ~8.5 h) | máximo colocado 73 de 100 | hilos 8 de 12
    ... 252.0 s | grupo 1/1 | 262034631 nodos | revisado 0.497%, faltan ~13.8 h [interior primero 0.497%, interior primero + pieza menos restrictiva 0.064%, reinicios, interior primero 60.1%] (Knuth: ~8.5 h) | máximo colocado 73 de 100 | hilos 8 de 12
    ... 254.0 s | grupo 1/1 | 264175843 nodos | revisado 0.498%, faltan ~13.9 h [interior primero 0.498%, interior primero + pieza menos restrictiva 0.065%, reinicios, interior primero 60.6%] (Knuth: ~8.5 h) | máximo colocado 73 de 100 | hilos 8 de 12
    ... 256.0 s | grupo 1/1 | 266295814 nodos | revisado 0.499%, faltan ~14.0 h [interior primero 0.499%, interior primero + pieza menos restrictiva 0.066%, reinicios, interior primero 60.6%] (Knuth: ~8.5 h) | máximo colocado 73 de 100 | hilos 8 de 12
    ... 258.0 s | grupo 1/1 | 268392817 nodos | revisado 0.499%, faltan ~14.1 h [interior primero 0.499%, interior primero + pieza menos restrictiva 0.066%, reinicios, interior primero 60.7%] (Knuth: ~8.5 h) | máximo colocado 73 de 100 | hilos 8 de 12
    ... 260.0 s | grupo 1/1 | 270512108 nodos | revisado 0.500%, faltan ~14.2 h [interior primero 0.500%, interior primero + pieza menos restrictiva 0.066%, reinicios, interior primero 60.8%] (Knuth: ~8.5 h) | máximo colocado 73 de 100 | hilos 8 de 12
    ... 262.0 s | grupo 1/1 | 272614893 nodos | revisado 0.501%, faltan ~14.3 h [interior primero 0.501%, interior primero + pieza menos restrictiva 0.067%, reinicios, interior primero 61.8%] (Knuth: ~8.5 h) | máximo colocado 73 de 100 | hilos 8 de 12
    ... 264.1 s | grupo 1/1 | 274738674 nodos | revisado 0.502%, faltan ~14.4 h [interior primero 0.502%, interior primero + pieza menos restrictiva 0.067%, reinicios, interior primero 61.9%] (Knuth: ~8.5 h) | máximo colocado 73 de 100 | hilos 8 de 12
    ... 266.1 s | grupo 1/1 | 276866022 nodos | revisado 0.503%, faltan ~14.5 h [interior primero 0.503%, interior primero + pieza menos restrictiva 0.067%, reinicios, interior primero 61.9%] (Knuth: ~8.5 h) | máximo colocado 73 de 100 | hilos 8 de 12
    ... 268.1 s | grupo 1/1 | 278964579 nodos | revisado 0.506%, faltan ~14.5 h [interior primero 0.506%, interior primero + pieza menos restrictiva 0.068%, reinicios, interior primero 62.9%] (Knuth: ~8.5 h) | máximo colocado 73 de 100 | hilos 8 de 12
    ... 270.1 s | grupo 1/1 | 281068744 nodos | revisado 0.507%, faltan ~14.6 h [interior primero 0.507%, interior primero + pieza menos restrictiva 0.068%, reinicios, interior primero 63.0%] (Knuth: ~8.5 h) | máximo colocado 73 de 100 | hilos 8 de 12
    ... 272.1 s | grupo 1/1 | 283198175 nodos | revisado 0.508%, faltan ~14.6 h [interior primero 0.508%, interior primero + pieza menos restrictiva 0.068%, reinicios, interior primero 63.0%] (Knuth: ~8.5 h) | máximo colocado 73 de 100 | hilos 8 de 12
    ... 274.1 s | grupo 1/1 | 285290139 nodos | revisado 0.509%, faltan ~14.7 h [interior primero 0.509%, interior primero + pieza menos restrictiva 0.068%, reinicios, interior primero 63.8%] (Knuth: ~8.5 h) | máximo colocado 73 de 100 | hilos 8 de 12
    ... 276.1 s | grupo 1/1 | 287401389 nodos | revisado 0.511%, faltan ~14.8 h [interior primero 0.511%, interior primero + pieza menos restrictiva 0.068%, reinicios, interior primero 63.9%] (Knuth: ~8.5 h) | máximo colocado 73 de 100 | hilos 8 de 12
    ... 278.1 s | grupo 1/1 | 289540082 nodos | revisado 0.512%, faltan ~14.8 h [interior primero 0.512%, interior primero + pieza menos restrictiva 0.069%, reinicios, interior primero 63.9%] (Knuth: ~8.5 h) | máximo colocado 73 de 100 | hilos 8 de 12
    ... 280.1 s | grupo 1/1 | 291661606 nodos | revisado 0.513%, faltan ~14.9 h [interior primero 0.513%, interior primero + pieza menos restrictiva 0.069%, reinicios, interior primero 63.9%] (Knuth: ~8.5 h) | máximo colocado 73 de 100 | hilos 8 de 12
    ... 282.1 s | grupo 1/1 | 293796354 nodos | revisado 0.515%, faltan ~15.0 h [interior primero 0.515%, interior primero + pieza menos restrictiva 0.069%, reinicios, interior primero 63.9%] (Knuth: ~8.5 h) | máximo colocado 73 de 100 | hilos 8 de 12
    ... 284.1 s | grupo 1/1 | 295918350 nodos | revisado 0.518%, faltan ~15.0 h [interior primero 0.518%, interior primero + pieza menos restrictiva 0.070%, reinicios, interior primero 64.0%] (Knuth: ~8.5 h) | máximo colocado 73 de 100 | hilos 8 de 12
    ... 286.1 s | grupo 1/1 | 298042921 nodos | revisado 0.518%, faltan ~15.1 h [interior primero 0.518%, interior primero + pieza menos restrictiva 0.070%, reinicios, interior primero 64.0%] (Knuth: ~8.5 h) | máximo colocado 73 de 100 | hilos 8 de 12
    ... 288.1 s | grupo 1/1 | 300177595 nodos | revisado 0.518%, faltan ~15.2 h [interior primero 0.518%, interior primero + pieza menos restrictiva 0.070%, reinicios, interior primero 64.1%] (Knuth: ~8.5 h) | máximo colocado 73 de 100 | hilos 8 de 12
    ... 290.2 s | grupo 1/1 | 302324270 nodos | revisado 0.519%, faltan ~15.3 h [interior primero 0.519%, interior primero + pieza menos restrictiva 0.071%, reinicios, interior primero 65.1%] (Knuth: ~8.5 h) | máximo colocado 73 de 100 | hilos 8 de 12
    ... 292.2 s | grupo 1/1 | 304502522 nodos | revisado 0.520%, faltan ~15.4 h [interior primero 0.520%, interior primero + pieza menos restrictiva 0.071%, reinicios, interior primero 65.1%] (Knuth: ~8.5 h) | máximo colocado 73 de 100 | hilos 8 de 12
    ... 294.2 s | grupo 1/1 | 306603828 nodos | revisado 0.520%, faltan ~15.5 h [interior primero 0.520%, interior primero + pieza menos restrictiva 0.072%, reinicios, interior primero 65.6%] (Knuth: ~8.5 h) | máximo colocado 73 de 100 | hilos 8 de 12
    ... 296.2 s | grupo 1/1 | 308733528 nodos | revisado 0.521%, faltan ~15.5 h [interior primero 0.521%, interior primero + pieza menos restrictiva 0.073%, reinicios, interior primero 66.7%] (Knuth: ~8.5 h) | máximo colocado 73 de 100 | hilos 8 de 12
    ... 298.2 s | grupo 1/1 | 310859647 nodos | revisado 0.522%, faltan ~15.6 h [interior primero 0.522%, interior primero + pieza menos restrictiva 0.074%, reinicios, interior primero 67.2%] (Knuth: ~8.5 h) | máximo colocado 73 de 100 | hilos 8 de 12
    ... 300.2 s | grupo 1/1 | 312960072 nodos | revisado 0.529%, faltan ~15.5 h [interior primero 0.529%, interior primero + pieza menos restrictiva 0.074%, reinicios, interior primero 67.2%] (Knuth: ~8.5 h) | máximo colocado 73 de 100 | hilos 8 de 12
    ... 302.2 s | grupo 1/1 | 315067726 nodos | revisado 0.532%, faltan ~15.6 h [interior primero 0.532%, interior primero + pieza menos restrictiva 0.074%, reinicios, interior primero 68.3%] (Knuth: ~8.5 h) | máximo colocado 73 de 100 | hilos 8 de 12
    ... 304.3 s | grupo 1/1 | 317168761 nodos | revisado 0.533%, faltan ~15.6 h [interior primero 0.533%, interior primero + pieza menos restrictiva 0.074%, reinicios, interior primero 68.3%] (Knuth: ~8.5 h) | máximo colocado 73 de 100 | hilos 8 de 12
    ... 306.3 s | grupo 1/1 | 319272409 nodos | revisado 0.534%, faltan ~15.7 h [interior primero 0.534%, interior primero + pieza menos restrictiva 0.074%, reinicios, interior primero 69.4%] (Knuth: ~8.5 h) | máximo colocado 73 de 100 | hilos 8 de 12
    ... 308.3 s | grupo 1/1 | 321378817 nodos | revisado 0.536%, faltan ~15.7 h [interior primero 0.536%, interior primero + pieza menos restrictiva 0.075%, reinicios, interior primero 70.0%] (Knuth: ~8.5 h) | máximo colocado 73 de 100 | hilos 8 de 12
    ... 310.3 s | grupo 1/1 | 323479406 nodos | revisado 0.537%, faltan ~15.8 h [interior primero 0.537%, interior primero + pieza menos restrictiva 0.075%, reinicios, interior primero 70.5%] (Knuth: ~8.4 h) | máximo colocado 73 de 100 | hilos 8 de 12
    ... 312.3 s | grupo 1/1 | 325609571 nodos | revisado 0.539%, faltan ~15.8 h [interior primero 0.539%, interior primero + pieza menos restrictiva 0.075%, reinicios, interior primero 70.5%] (Knuth: ~8.4 h) | máximo colocado 73 de 100 | hilos 8 de 12
    ... 314.3 s | grupo 1/1 | 327715421 nodos | revisado 0.541%, faltan ~15.9 h [interior primero 0.541%, interior primero + pieza menos restrictiva 0.075%, reinicios, interior primero 71.0%] (Knuth: ~8.4 h) | máximo colocado 73 de 100 | hilos 8 de 12
    ... 316.3 s | grupo 1/1 | 329855950 nodos | revisado 0.542%, faltan ~16.0 h [interior primero 0.542%, interior primero + pieza menos restrictiva 0.076%, reinicios, interior primero 71.1%] (Knuth: ~8.4 h) | máximo colocado 73 de 100 | hilos 8 de 12
    ... 318.3 s | grupo 1/1 | 331986889 nodos | revisado 0.543%, faltan ~16.0 h [interior primero 0.543%, interior primero + pieza menos restrictiva 0.076%, reinicios, interior primero 71.1%] (Knuth: ~8.4 h) | máximo colocado 73 de 100 | hilos 8 de 12
    ... 320.3 s | grupo 1/1 | 334107835 nodos | revisado 0.544%, faltan ~16.1 h [interior primero 0.544%, interior primero + pieza menos restrictiva 0.076%, reinicios, interior primero 71.1%] (Knuth: ~8.4 h) | máximo colocado 73 de 100 | hilos 8 de 12
    ... 322.4 s | grupo 1/1 | 336219496 nodos | revisado 0.545%, faltan ~16.2 h [interior primero 0.545%, interior primero + pieza menos restrictiva 0.077%, reinicios, interior primero 71.5%] (Knuth: ~8.4 h) | máximo colocado 73 de 100 | hilos 8 de 12
    ... 324.4 s | grupo 1/1 | 338325722 nodos | revisado 0.546%, faltan ~16.3 h [interior primero 0.546%, interior primero + pieza menos restrictiva 0.077%, reinicios, interior primero 71.5%] (Knuth: ~8.4 h) | máximo colocado 73 de 100 | hilos 8 de 12
    ... 326.4 s | grupo 1/1 | 340422435 nodos | revisado 0.549%, faltan ~16.3 h [interior primero 0.549%, interior primero + pieza menos restrictiva 0.077%, reinicios, interior primero 71.6%] (Knuth: ~8.4 h) | máximo colocado 73 de 100 | hilos 8 de 12
    ... 328.4 s | grupo 1/1 | 342527223 nodos | revisado 0.550%, faltan ~16.3 h [interior primero 0.550%, interior primero + pieza menos restrictiva 0.078%, reinicios, interior primero 72.6%] (Knuth: ~8.4 h) | máximo colocado 73 de 100 | hilos 8 de 12
    ... 330.4 s | grupo 1/1 | 344633666 nodos | revisado 0.551%, faltan ~16.4 h [interior primero 0.551%, interior primero + pieza menos restrictiva 0.078%, reinicios, interior primero 75.7%] (Knuth: ~8.4 h) | máximo colocado 73 de 100 | hilos 8 de 12
    ... 332.4 s | grupo 1/1 | 346707155 nodos | revisado 0.552%, faltan ~16.5 h [interior primero 0.552%, interior primero + pieza menos restrictiva 0.079%, reinicios, interior primero 75.7%] (Knuth: ~8.4 h) | máximo colocado 73 de 100 | hilos 8 de 12
    ... 334.4 s | grupo 1/1 | 348815368 nodos | revisado 0.553%, faltan ~16.6 h [interior primero 0.553%, interior primero + pieza menos restrictiva 0.080%, reinicios, interior primero 75.7%] (Knuth: ~8.4 h) | máximo colocado 73 de 100 | hilos 8 de 12
    ... 336.4 s | grupo 1/1 | 350900440 nodos | revisado 0.554%, faltan ~16.6 h [interior primero 0.554%, interior primero + pieza menos restrictiva 0.080%, reinicios, interior primero 75.8%] (Knuth: ~8.4 h) | máximo colocado 73 de 100 | hilos 8 de 12
    ... 338.4 s | grupo 1/1 | 353023492 nodos | revisado 0.556%, faltan ~16.7 h [interior primero 0.556%, interior primero + pieza menos restrictiva 0.081%, reinicios, interior primero 76.8%] (Knuth: ~8.4 h) | máximo colocado 73 de 100 | hilos 8 de 12
    ... 340.4 s | grupo 1/1 | 355123165 nodos | revisado 0.556%, faltan ~16.8 h [interior primero 0.556%, interior primero + pieza menos restrictiva 0.081%, reinicios, interior primero 76.8%] (Knuth: ~8.4 h) | máximo colocado 73 de 100 | hilos 8 de 12
    ... 342.5 s | grupo 1/1 | 357235212 nodos | revisado 0.556%, faltan ~16.9 h [interior primero 0.556%, interior primero + pieza menos restrictiva 0.082%, reinicios, interior primero 76.9%] (Knuth: ~8.4 h) | máximo colocado 73 de 100 | hilos 8 de 12
    ... 344.5 s | grupo 1/1 | 359339408 nodos | revisado 0.557%, faltan ~16.9 h [interior primero 0.557%, interior primero + pieza menos restrictiva 0.083%, reinicios, interior primero 77.9%] (Knuth: ~8.4 h) | máximo colocado 73 de 100 | hilos 8 de 12
    ... 346.5 s | grupo 1/1 | 361472818 nodos | revisado 0.557%, faltan ~17.0 h [interior primero 0.557%, interior primero + pieza menos restrictiva 0.083%, reinicios, interior primero 77.9%] (Knuth: ~8.4 h) | máximo colocado 73 de 100 | hilos 8 de 12
    ... 348.5 s | grupo 1/1 | 363587821 nodos | revisado 0.557%, faltan ~17.1 h [interior primero 0.557%, interior primero + pieza menos restrictiva 0.084%, reinicios, interior primero 78.0%] (Knuth: ~8.4 h) | máximo colocado 73 de 100 | hilos 8 de 12
    ... 350.5 s | grupo 1/1 | 365707372 nodos | revisado 0.558%, faltan ~17.2 h [interior primero 0.558%, interior primero + pieza menos restrictiva 0.084%, reinicios, interior primero 79.0%] (Knuth: ~8.4 h) | máximo colocado 73 de 100 | hilos 8 de 12
    ... 352.5 s | grupo 1/1 | 367810431 nodos | revisado 0.559%, faltan ~17.3 h [interior primero 0.559%, interior primero + pieza menos restrictiva 0.084%, reinicios, interior primero 79.0%] (Knuth: ~8.4 h) | máximo colocado 73 de 100 | hilos 8 de 12
    ... 354.5 s | grupo 1/1 | 369934724 nodos | revisado 0.559%, faltan ~17.4 h [interior primero 0.559%, interior primero + pieza menos restrictiva 0.084%, reinicios, interior primero 79.0%] (Knuth: ~8.4 h) | máximo colocado 73 de 100 | hilos 8 de 12
    ... 356.5 s | grupo 1/1 | 372071186 nodos | revisado 0.559%, faltan ~17.5 h [interior primero 0.559%, interior primero + pieza menos restrictiva 0.085%, reinicios, interior primero 79.0%] (Knuth: ~8.4 h) | máximo colocado 73 de 100 | hilos 8 de 12
    ... 358.5 s | grupo 1/1 | 374212845 nodos | revisado 0.560%, faltan ~17.5 h [interior primero 0.560%, interior primero + pieza menos restrictiva 0.085%, reinicios, interior primero 79.0%] (Knuth: ~8.4 h) | máximo colocado 73 de 100 | hilos 8 de 12
    ... 360.5 s | grupo 1/1 | 376318771 nodos | revisado 0.561%, faltan ~17.6 h [interior primero 0.561%, interior primero + pieza menos restrictiva 0.086%, reinicios, interior primero 79.3%] (Knuth: ~8.4 h) | máximo colocado 73 de 100 | hilos 8 de 12
    ... 362.5 s | grupo 1/1 | 378461815 nodos | revisado 0.561%, faltan ~17.7 h [interior primero 0.561%, interior primero + pieza menos restrictiva 0.087%, reinicios, interior primero 79.4%] (Knuth: ~8.4 h) | máximo colocado 73 de 100 | hilos 8 de 12
    ... 364.5 s | grupo 1/1 | 380598719 nodos | revisado 0.562%, faltan ~17.8 h [interior primero 0.562%, interior primero + pieza menos restrictiva 0.089%, reinicios, interior primero 79.4%] (Knuth: ~8.4 h) | máximo colocado 73 de 100 | hilos 8 de 12
    ... 366.6 s | grupo 1/1 | 382717811 nodos | revisado 0.562%, faltan ~17.9 h [interior primero 0.562%, interior primero + pieza menos restrictiva 0.089%, reinicios, interior primero 79.4%] (Knuth: ~8.4 h) | máximo colocado 73 de 100 | hilos 8 de 12
    ... 368.6 s | grupo 1/1 | 384850370 nodos | revisado 0.562%, faltan ~18.0 h [interior primero 0.562%, interior primero + pieza menos restrictiva 0.092%, reinicios, interior primero 80.4%] (Knuth: ~8.4 h) | máximo colocado 73 de 100 | hilos 8 de 12
    ... 370.6 s | grupo 1/1 | 386965771 nodos | revisado 0.563%, faltan ~18.0 h [interior primero 0.563%, interior primero + pieza menos restrictiva 0.093%, reinicios, interior primero 81.4%] (Knuth: ~8.4 h) | máximo colocado 73 de 100 | hilos 8 de 12
    ... 372.6 s | grupo 1/1 | 389104010 nodos | revisado 0.564%, faltan ~18.1 h [interior primero 0.564%, interior primero + pieza menos restrictiva 0.094%, reinicios, interior primero 81.4%] (Knuth: ~8.4 h) | máximo colocado 73 de 100 | hilos 8 de 12
    ... 374.6 s | grupo 1/1 | 391217702 nodos | revisado 0.565%, faltan ~18.2 h [interior primero 0.565%, interior primero + pieza menos restrictiva 0.095%, reinicios, interior primero 81.5%] (Knuth: ~8.4 h) | máximo colocado 73 de 100 | hilos 8 de 12
    ... 376.6 s | grupo 1/1 | 393346305 nodos | revisado 0.565%, faltan ~18.3 h [interior primero 0.565%, interior primero + pieza menos restrictiva 0.095%, reinicios, interior primero 81.5%] (Knuth: ~8.4 h) | máximo colocado 73 de 100 | hilos 8 de 12
    ... 378.6 s | grupo 1/1 | 395500238 nodos | revisado 0.567%, faltan ~18.3 h [interior primero 0.567%, interior primero + pieza menos restrictiva 0.095%, reinicios, interior primero 81.5%] (Knuth: ~8.4 h) | máximo colocado 73 de 100 | hilos 8 de 12
    ... 380.6 s | grupo 1/1 | 397629462 nodos | revisado 0.567%, faltan ~18.4 h [interior primero 0.567%, interior primero + pieza menos restrictiva 0.096%, reinicios, interior primero 81.5%] (Knuth: ~8.4 h) | máximo colocado 73 de 100 | hilos 8 de 12
    ... 382.6 s | grupo 1/1 | 399769600 nodos | revisado 0.569%, faltan ~18.4 h [interior primero 0.569%, interior primero + pieza menos restrictiva 0.096%, reinicios, interior primero 82.6%] (Knuth: ~8.4 h) | máximo colocado 73 de 100 | hilos 8 de 12
    ... 384.6 s | grupo 1/1 | 401919642 nodos | revisado 0.570%, faltan ~18.5 h [interior primero 0.570%, interior primero + pieza menos restrictiva 0.096%, reinicios, interior primero 82.6%] (Knuth: ~8.4 h) | máximo colocado 73 de 100 | hilos 8 de 12
    ... 386.6 s | grupo 1/1 | 404104988 nodos | revisado 0.570%, faltan ~18.6 h [interior primero 0.570%, interior primero + pieza menos restrictiva 0.097%, reinicios, interior primero 82.6%] (Knuth: ~8.4 h) | máximo colocado 73 de 100 | hilos 8 de 12
    ... 388.6 s | grupo 1/1 | 406234013 nodos | revisado 0.572%, faltan ~18.6 h [interior primero 0.572%, interior primero + pieza menos restrictiva 0.097%, reinicios, interior primero 83.2%] (Knuth: ~8.4 h) | máximo colocado 73 de 100 | hilos 8 de 12
    ... 390.6 s | grupo 1/1 | 408358736 nodos | revisado 0.573%, faltan ~18.7 h [interior primero 0.573%, interior primero + pieza menos restrictiva 0.097%, reinicios, interior primero 83.2%] (Knuth: ~8.4 h) | máximo colocado 73 de 100 | hilos 8 de 12
    ... 392.7 s | grupo 1/1 | 410496328 nodos | revisado 0.573%, faltan ~18.8 h [interior primero 0.573%, interior primero + pieza menos restrictiva 0.099%, reinicios, interior primero 83.2%] (Knuth: ~8.4 h) | máximo colocado 73 de 100 | hilos 8 de 12
    ... 394.7 s | grupo 1/1 | 412613055 nodos | revisado 0.574%, faltan ~18.9 h [interior primero 0.574%, interior primero + pieza menos restrictiva 0.100%, reinicios, interior primero 83.3%] (Knuth: ~8.4 h) | máximo colocado 73 de 100 | hilos 8 de 12
    ... 396.7 s | grupo 1/1 | 414764165 nodos | revisado 0.575%, faltan ~18.9 h [interior primero 0.575%, interior primero + pieza menos restrictiva 0.101%, reinicios, interior primero 83.3%] (Knuth: ~8.4 h) | máximo colocado 73 de 100 | hilos 8 de 12
    ... 398.7 s | grupo 1/1 | 416927819 nodos | revisado 0.577%, faltan ~18.9 h [interior primero 0.577%, interior primero + pieza menos restrictiva 0.101%, reinicios, interior primero 83.3%] (Knuth: ~8.4 h) | máximo colocado 73 de 100 | hilos 8 de 12
    ... 400.7 s | grupo 1/1 | 419082066 nodos | revisado 0.578%, faltan ~19.0 h [interior primero 0.578%, interior primero + pieza menos restrictiva 0.102%, reinicios, interior primero 83.3%] (Knuth: ~8.4 h) | máximo colocado 73 de 100 | hilos 8 de 12
    ... 402.7 s | grupo 1/1 | 421249744 nodos | revisado 0.578%, faltan ~19.1 h [interior primero 0.578%, interior primero + pieza menos restrictiva 0.105%, reinicios, interior primero 83.3%] (Knuth: ~8.4 h) | máximo colocado 73 de 100 | hilos 8 de 12
    ... 404.7 s | grupo 1/1 | 423404466 nodos | revisado 0.578%, faltan ~19.2 h [interior primero 0.578%, interior primero + pieza menos restrictiva 0.108%, reinicios, interior primero 83.3%] (Knuth: ~8.4 h) | máximo colocado 73 de 100 | hilos 8 de 12
    ... 406.7 s | grupo 1/1 | 425551570 nodos | revisado 0.579%, faltan ~19.3 h [interior primero 0.579%, interior primero + pieza menos restrictiva 0.109%, reinicios, interior primero 83.3%] (Knuth: ~8.4 h) | máximo colocado 73 de 100 | hilos 8 de 12
    ... 408.7 s | grupo 1/1 | 427719612 nodos | revisado 0.579%, faltan ~19.4 h [interior primero 0.579%, interior primero + pieza menos restrictiva 0.112%, reinicios, interior primero 83.3%] (Knuth: ~8.4 h) | máximo colocado 73 de 100 | hilos 8 de 12
    ... 410.7 s | grupo 1/1 | 429872075 nodos | revisado 0.579%, faltan ~19.4 h [interior primero 0.579%, interior primero + pieza menos restrictiva 0.117%, reinicios, interior primero 83.3%] (Knuth: ~8.4 h) | máximo colocado 73 de 100 | hilos 8 de 12
    ... 412.7 s | grupo 1/1 | 432016845 nodos | revisado 0.579%, faltan ~19.5 h [interior primero 0.579%, interior primero + pieza menos restrictiva 0.120%, reinicios, interior primero 83.3%] (Knuth: ~8.4 h) | máximo colocado 73 de 100 | hilos 8 de 12
    ... 414.7 s | grupo 1/1 | 434146879 nodos | revisado 0.580%, faltan ~19.6 h [interior primero 0.580%, interior primero + pieza menos restrictiva 0.121%, reinicios, interior primero 83.3%] (Knuth: ~8.4 h) | máximo colocado 73 de 100 | hilos 8 de 12
    ... 416.7 s | grupo 1/1 | 436292706 nodos | revisado 0.580%, faltan ~19.7 h [interior primero 0.580%, interior primero + pieza menos restrictiva 0.121%, reinicios, interior primero 84.4%] (Knuth: ~8.4 h) | máximo colocado 73 de 100 | hilos 8 de 12
    ... 418.7 s | grupo 1/1 | 438392444 nodos | revisado 0.584%, faltan ~19.7 h [interior primero 0.584%, interior primero + pieza menos restrictiva 0.122%, reinicios, interior primero 84.4%] (Knuth: ~8.4 h) | máximo colocado 73 de 100 | hilos 8 de 12
    ... 420.8 s | grupo 1/1 | 440506291 nodos | revisado 0.585%, faltan ~19.7 h [interior primero 0.585%, interior primero + pieza menos restrictiva 0.123%, reinicios, interior primero 85.4%] (Knuth: ~8.4 h) | máximo colocado 73 de 100 | hilos 8 de 12
    ... 422.8 s | grupo 1/1 | 442657694 nodos | revisado 0.585%, faltan ~19.8 h [interior primero 0.585%, interior primero + pieza menos restrictiva 0.126%, reinicios, interior primero 86.2%] (Knuth: ~8.4 h) | máximo colocado 73 de 100 | hilos 8 de 12
    ... 424.8 s | grupo 1/1 | 444823386 nodos | revisado 0.585%, faltan ~19.9 h [interior primero 0.585%, interior primero + pieza menos restrictiva 0.128%, reinicios, interior primero 87.3%] (Knuth: ~8.4 h) | máximo colocado 73 de 100 | hilos 8 de 12
    ... 426.8 s | grupo 1/1 | 447006983 nodos | revisado 0.586%, faltan ~20.0 h [interior primero 0.586%, interior primero + pieza menos restrictiva 0.130%, reinicios, interior primero 87.3%] (Knuth: ~8.4 h) | máximo colocado 73 de 100 | hilos 8 de 12
    ... 428.8 s | grupo 1/1 | 449196492 nodos | revisado 0.586%, faltan ~20.1 h [interior primero 0.586%, interior primero + pieza menos restrictiva 0.130%, reinicios, interior primero 87.3%] (Knuth: ~8.4 h) | máximo colocado 73 de 100 | hilos 8 de 12
    ... 430.8 s | grupo 1/1 | 451369983 nodos | revisado 0.586%, faltan ~20.2 h [interior primero 0.586%, interior primero + pieza menos restrictiva 0.131%, reinicios, interior primero 87.3%] (Knuth: ~8.4 h) | máximo colocado 73 de 100 | hilos 8 de 12
    ... 432.8 s | grupo 1/1 | 453520971 nodos | revisado 0.587%, faltan ~20.2 h [interior primero 0.587%, interior primero + pieza menos restrictiva 0.132%, reinicios, interior primero 87.3%] (Knuth: ~8.4 h) | máximo colocado 73 de 100 | hilos 8 de 12
    ... 434.8 s | grupo 1/1 | 455701470 nodos | revisado 0.587%, faltan ~20.3 h [interior primero 0.587%, interior primero + pieza menos restrictiva 0.132%, reinicios, interior primero 87.3%] (Knuth: ~8.4 h) | máximo colocado 73 de 100 | hilos 8 de 12
    ... 436.8 s | grupo 1/1 | 457858315 nodos | revisado 0.589%, faltan ~20.4 h [interior primero 0.589%, interior primero + pieza menos restrictiva 0.132%, reinicios, interior primero 87.3%] (Knuth: ~8.4 h) | máximo colocado 73 de 100 | hilos 8 de 12
    ... 438.8 s | grupo 1/1 | 460017336 nodos | revisado 0.590%, faltan ~20.4 h [interior primero 0.590%, interior primero + pieza menos restrictiva 0.132%, reinicios, interior primero 88.3%] (Knuth: ~8.4 h) | máximo colocado 73 de 100 | hilos 8 de 12
    ... 440.9 s | grupo 1/1 | 462167296 nodos | revisado 0.590%, faltan ~20.5 h [interior primero 0.590%, interior primero + pieza menos restrictiva 0.133%, reinicios, interior primero 88.9%] (Knuth: ~8.4 h) | máximo colocado 73 de 100 | hilos 8 de 12
    ... 442.9 s | grupo 1/1 | 464295147 nodos | revisado 0.590%, faltan ~20.6 h [interior primero 0.590%, interior primero + pieza menos restrictiva 0.133%, reinicios, interior primero 89.9%] (Knuth: ~8.4 h) | máximo colocado 73 de 100 | hilos 8 de 12
    ... 444.9 s | grupo 1/1 | 466427112 nodos | revisado 0.590%, faltan ~20.7 h [interior primero 0.590%, interior primero + pieza menos restrictiva 0.133%, reinicios, interior primero 90.4%] (Knuth: ~8.4 h) | máximo colocado 73 de 100 | hilos 8 de 12
    ... 446.9 s | grupo 1/1 | 468554063 nodos | revisado 0.590%, faltan ~20.8 h [interior primero 0.590%, interior primero + pieza menos restrictiva 0.133%, reinicios, interior primero 91.5%] (Knuth: ~8.4 h) | máximo colocado 73 de 100 | hilos 8 de 12
    ... 448.9 s | grupo 1/1 | 470689736 nodos | revisado 0.591%, faltan ~20.8 h [interior primero 0.591%, interior primero + pieza menos restrictiva 0.134%, reinicios, interior primero 91.5%] (Knuth: ~8.4 h) | máximo colocado 73 de 100 | hilos 8 de 12
    ... 450.9 s | grupo 1/1 | 472828663 nodos | revisado 0.591%, faltan ~20.9 h [interior primero 0.591%, interior primero + pieza menos restrictiva 0.134%, reinicios, interior primero 91.5%] (Knuth: ~8.4 h) | máximo colocado 73 de 100 | hilos 8 de 12
    ... 452.9 s | grupo 1/1 | 474927162 nodos | revisado 0.591%, faltan ~21.0 h [interior primero 0.591%, interior primero + pieza menos restrictiva 0.134%, reinicios, interior primero 91.6%] (Knuth: ~8.4 h) | máximo colocado 73 de 100 | hilos 8 de 12
    ... 454.9 s | grupo 1/1 | 477037462 nodos | revisado 0.592%, faltan ~21.1 h [interior primero 0.592%, interior primero + pieza menos restrictiva 0.135%, reinicios, interior primero 91.6%] (Knuth: ~8.4 h) | máximo colocado 73 de 100 | hilos 8 de 12
    ... 456.9 s | grupo 1/1 | 479145607 nodos | revisado 0.592%, faltan ~21.2 h [interior primero 0.592%, interior primero + pieza menos restrictiva 0.135%, reinicios, interior primero 91.6%] (Knuth: ~8.4 h) | máximo colocado 73 de 100 | hilos 8 de 12
    ... 458.9 s | grupo 1/1 | 481253320 nodos | revisado 0.593%, faltan ~21.2 h [interior primero 0.593%, interior primero + pieza menos restrictiva 0.135%, reinicios, interior primero 91.7%] (Knuth: ~8.4 h) | máximo colocado 73 de 100 | hilos 8 de 12
    ... 460.9 s | grupo 1/1 | 483360547 nodos | revisado 0.594%, faltan ~21.3 h [interior primero 0.594%, interior primero + pieza menos restrictiva 0.135%, reinicios, interior primero 91.7%] (Knuth: ~8.4 h) | máximo colocado 73 de 100 | hilos 8 de 12
    ... 462.9 s | grupo 1/1 | 485455341 nodos | revisado 0.594%, faltan ~21.4 h [interior primero 0.594%, interior primero + pieza menos restrictiva 0.135%, reinicios, interior primero 92.6%] (Knuth: ~8.4 h) | máximo colocado 73 de 100 | hilos 8 de 12
    ... 464.9 s | grupo 1/1 | 487581567 nodos | revisado 0.595%, faltan ~21.4 h [interior primero 0.595%, interior primero + pieza menos restrictiva 0.135%, reinicios, interior primero 92.7%] (Knuth: ~8.4 h) | máximo colocado 73 de 100 | hilos 8 de 12
    ... 466.9 s | grupo 1/1 | 489717251 nodos | revisado 0.596%, faltan ~21.5 h [interior primero 0.596%, interior primero + pieza menos restrictiva 0.135%, reinicios, interior primero 92.7%] (Knuth: ~8.4 h) | máximo colocado 73 de 100 | hilos 8 de 12
    ... 468.9 s | grupo 1/1 | 491824234 nodos | revisado 0.596%, faltan ~21.6 h [interior primero 0.596%, interior primero + pieza menos restrictiva 0.135%, reinicios, interior primero 92.7%] (Knuth: ~8.4 h) | máximo colocado 73 de 100 | hilos 8 de 12
    ... 470.9 s | grupo 1/1 | 493944556 nodos | revisado 0.596%, faltan ~21.7 h [interior primero 0.596%, interior primero + pieza menos restrictiva 0.136%, reinicios, interior primero 92.7%] (Knuth: ~8.4 h) | máximo colocado 73 de 100 | hilos 8 de 12
    ... 472.9 s | grupo 1/1 | 496077301 nodos | revisado 0.596%, faltan ~21.8 h [interior primero 0.596%, interior primero + pieza menos restrictiva 0.137%, reinicios, interior primero 92.8%] (Knuth: ~8.4 h) | máximo colocado 73 de 100 | hilos 8 de 12
    ... 474.9 s | grupo 1/1 | 498220958 nodos | revisado 0.597%, faltan ~21.8 h [interior primero 0.597%, interior primero + pieza menos restrictiva 0.137%, reinicios, interior primero 92.9%] (Knuth: ~8.4 h) | máximo colocado 73 de 100 | hilos 8 de 12
    ... 477.0 s | grupo 1/1 | 500369792 nodos | revisado 0.597%, faltan ~21.9 h [interior primero 0.597%, interior primero + pieza menos restrictiva 0.137%, reinicios, interior primero 94.0%] (Knuth: ~8.4 h) | máximo colocado 73 de 100 | hilos 8 de 12
    ... 479.0 s | grupo 1/1 | 502483761 nodos | revisado 0.597%, faltan ~22.0 h [interior primero 0.597%, interior primero + pieza menos restrictiva 0.137%, reinicios, interior primero 95.0%] (Knuth: ~8.4 h) | máximo colocado 73 de 100 | hilos 8 de 12
    ... 481.0 s | grupo 1/1 | 504603915 nodos | revisado 0.598%, faltan ~22.1 h [interior primero 0.598%, interior primero + pieza menos restrictiva 0.137%, reinicios, interior primero 95.0%] (Knuth: ~8.4 h) | máximo colocado 73 de 100 | hilos 8 de 12
    ... 483.0 s | grupo 1/1 | 506745378 nodos | revisado 0.598%, faltan ~22.2 h [interior primero 0.598%, interior primero + pieza menos restrictiva 0.137%, reinicios, interior primero 96.1%] (Knuth: ~8.4 h) | máximo colocado 73 de 100 | hilos 8 de 12
    ... 485.0 s | grupo 1/1 | 508857160 nodos | revisado 0.598%, faltan ~22.3 h [interior primero 0.598%, interior primero + pieza menos restrictiva 0.138%, reinicios, interior primero 96.1%] (Knuth: ~8.4 h) | máximo colocado 73 de 100 | hilos 8 de 12
    ... 487.0 s | grupo 1/1 | 510978004 nodos | revisado 0.598%, faltan ~22.3 h [interior primero 0.598%, interior primero + pieza menos restrictiva 0.138%, reinicios, interior primero 96.6%] (Knuth: ~8.4 h) | máximo colocado 73 de 100 | hilos 8 de 12
    ... 489.0 s | grupo 1/1 | 513098095 nodos | revisado 0.598%, faltan ~22.4 h [interior primero 0.598%, interior primero + pieza menos restrictiva 0.138%, reinicios, interior primero 96.6%] (Knuth: ~8.4 h) | máximo colocado 73 de 100 | hilos 8 de 12
    ... 491.0 s | grupo 1/1 | 515230224 nodos | revisado 0.598%, faltan ~22.5 h [interior primero 0.598%, interior primero + pieza menos restrictiva 0.138%, reinicios, interior primero 96.6%] (Knuth: ~8.4 h) | máximo colocado 73 de 100 | hilos 8 de 12
    ... 493.0 s | grupo 1/1 | 517352732 nodos | revisado 0.600%, faltan ~22.6 h [interior primero 0.600%, interior primero + pieza menos restrictiva 0.138%, reinicios, interior primero 96.7%] (Knuth: ~8.4 h) | máximo colocado 73 de 100 | hilos 8 de 12
    ... 495.0 s | grupo 1/1 | 519481741 nodos | revisado 0.600%, faltan ~22.6 h [interior primero 0.600%, interior primero + pieza menos restrictiva 0.139%, reinicios, interior primero 96.7%] (Knuth: ~8.4 h) | máximo colocado 73 de 100 | hilos 8 de 12
    ... 497.0 s | grupo 1/1 | 521616958 nodos | revisado 0.600%, faltan ~22.7 h [interior primero 0.600%, interior primero + pieza menos restrictiva 0.139%, reinicios, interior primero 96.7%] (Knuth: ~8.4 h) | máximo colocado 73 de 100 | hilos 8 de 12
    ... 499.1 s | grupo 1/1 | 523747559 nodos | revisado 0.601%, faltan ~22.8 h [interior primero 0.601%, interior primero + pieza menos restrictiva 0.139%, reinicios, interior primero 96.8%] (Knuth: ~8.4 h) | máximo colocado 73 de 100 | hilos 8 de 12
    ... 501.1 s | grupo 1/1 | 525859958 nodos | revisado 0.601%, faltan ~22.9 h [interior primero 0.601%, interior primero + pieza menos restrictiva 0.140%, reinicios, interior primero 97.8%] (Knuth: ~8.4 h) | máximo colocado 73 de 100 | hilos 8 de 12
    ... 503.1 s | grupo 1/1 | 528015143 nodos | revisado 0.603%, faltan ~22.9 h [interior primero 0.603%, interior primero + pieza menos restrictiva 0.141%, reinicios, interior primero 97.8%] (Knuth: ~8.4 h) | máximo colocado 73 de 100 | hilos 8 de 12
    ... 505.1 s | grupo 1/1 | 530151987 nodos | revisado 0.604%, faltan ~23.0 h [interior primero 0.604%, interior primero + pieza menos restrictiva 0.141%, reinicios, interior primero 97.9%] (Knuth: ~8.4 h) | máximo colocado 73 de 100 | hilos 8 de 12
    ... 507.1 s | grupo 1/1 | 532284108 nodos | revisado 0.605%, faltan ~23.0 h [interior primero 0.605%, interior primero + pieza menos restrictiva 0.141%, reinicios, interior primero 97.9%] (Knuth: ~8.4 h) | máximo colocado 73 de 100 | hilos 8 de 12
    ... 509.1 s | grupo 1/1 | 534428834 nodos | revisado 0.606%, faltan ~23.1 h [interior primero 0.606%, interior primero + pieza menos restrictiva 0.141%, reinicios, interior primero 97.9%] (Knuth: ~8.4 h) | máximo colocado 73 de 100 | hilos 8 de 12
    ... 511.1 s | grupo 1/1 | 536568641 nodos | revisado 0.607%, faltan ~23.1 h [interior primero 0.607%, interior primero + pieza menos restrictiva 0.142%, reinicios, interior primero 97.9%] (Knuth: ~8.4 h) | máximo colocado 73 de 100 | hilos 8 de 12
    ... 513.1 s | grupo 1/1 | 538706263 nodos | revisado 0.607%, faltan ~23.2 h [interior primero 0.607%, interior primero + pieza menos restrictiva 0.142%, reinicios, interior primero 98.0%] (Knuth: ~8.4 h) | máximo colocado 73 de 100 | hilos 8 de 12
    ... 515.1 s | grupo 1/1 | 540829094 nodos | revisado 0.607%, faltan ~23.3 h [interior primero 0.607%, interior primero + pieza menos restrictiva 0.144%, reinicios, interior primero 98.0%] (Knuth: ~8.4 h) | máximo colocado 73 de 100 | hilos 8 de 12
    ... 517.1 s | grupo 1/1 | 543007897 nodos | revisado 0.607%, faltan ~23.4 h [interior primero 0.607%, interior primero + pieza menos restrictiva 0.144%, reinicios, interior primero 98.0%] (Knuth: ~8.4 h) | máximo colocado 73 de 100 | hilos 8 de 12
    ... 519.1 s | grupo 1/1 | 545155765 nodos | revisado 0.608%, faltan ~23.4 h [interior primero 0.608%, interior primero + pieza menos restrictiva 0.144%, reinicios, interior primero 98.0%] (Knuth: ~8.4 h) | máximo colocado 73 de 100 | hilos 8 de 12
    ... 521.1 s | grupo 1/1 | 547249491 nodos | revisado 0.609%, faltan ~23.5 h [interior primero 0.609%, interior primero + pieza menos restrictiva 0.144%, reinicios, interior primero 98.0%] (Knuth: ~8.4 h) | máximo colocado 73 de 100 | hilos 8 de 12
    ... 523.2 s | grupo 1/1 | 549359669 nodos | revisado 0.610%, faltan ~23.5 h [interior primero 0.610%, interior primero + pieza menos restrictiva 0.144%, reinicios, interior primero 98.0%] (Knuth: ~8.4 h) | máximo colocado 73 de 100 | hilos 8 de 12
    ... 525.2 s | grupo 1/1 | 551485984 nodos | revisado 0.610%, faltan ~23.6 h [interior primero 0.610%, interior primero + pieza menos restrictiva 0.145%, reinicios, interior primero 98.5%] (Knuth: ~8.4 h) | máximo colocado 73 de 100 | hilos 8 de 12
    ... 527.2 s | grupo 1/1 | 553633074 nodos | revisado 0.611%, faltan ~23.7 h [interior primero 0.611%, interior primero + pieza menos restrictiva 0.145%, reinicios, interior primero 98.5%] (Knuth: ~8.4 h) | máximo colocado 73 de 100 | hilos 8 de 12
    ... 529.2 s | grupo 1/1 | 555747339 nodos | revisado 0.612%, faltan ~23.7 h [interior primero 0.612%, interior primero + pieza menos restrictiva 0.145%, reinicios, interior primero 98.6%] (Knuth: ~8.4 h) | máximo colocado 73 de 100 | hilos 8 de 12
    ... 531.2 s | grupo 1/1 | 557881025 nodos | revisado 0.613%, faltan ~23.8 h [interior primero 0.613%, interior primero + pieza menos restrictiva 0.145%, reinicios, interior primero 100.6%] (Knuth: ~8.4 h) | máximo colocado 73 de 100 | hilos 8 de 12
    ... 533.2 s | grupo 1/1 | 560003054 nodos | revisado 0.614%, faltan ~23.9 h [interior primero 0.614%, interior primero + pieza menos restrictiva 0.145%, reinicios, interior primero 100.6%] (Knuth: ~8.4 h) | máximo colocado 73 de 100 | hilos 8 de 12
    ... 535.2 s | grupo 1/1 | 562157817 nodos | revisado 0.614%, faltan ~23.9 h [interior primero 0.614%, interior primero + pieza menos restrictiva 0.145%, reinicios, interior primero 100.7%] (Knuth: ~8.4 h) | máximo colocado 73 de 100 | hilos 8 de 12
    ... 537.2 s | grupo 1/1 | 564299420 nodos | revisado 0.616%, faltan ~23.9 h [interior primero 0.616%, interior primero + pieza menos restrictiva 0.146%, reinicios, interior primero 101.7%] (Knuth: ~8.4 h) | máximo colocado 73 de 100 | hilos 8 de 12
    ... 539.2 s | grupo 1/1 | 566396577 nodos | revisado 0.618%, faltan ~24.0 h [interior primero 0.618%, interior primero + pieza menos restrictiva 0.147%, reinicios, interior primero 102.8%] (Knuth: ~8.4 h) | máximo colocado 73 de 100 | hilos 8 de 12
    ... 541.2 s | grupo 1/1 | 568507440 nodos | revisado 0.619%, faltan ~24.0 h [interior primero 0.619%, interior primero + pieza menos restrictiva 0.148%, reinicios, interior primero 102.9%] (Knuth: ~8.4 h) | máximo colocado 73 de 100 | hilos 8 de 12
    ... 543.2 s | grupo 1/1 | 570614904 nodos | revisado 0.620%, faltan ~24.1 h [interior primero 0.620%, interior primero + pieza menos restrictiva 0.148%, reinicios, interior primero 102.9%] (Knuth: ~8.4 h) | máximo colocado 73 de 100 | hilos 8 de 12
    ... 545.2 s | grupo 1/1 | 572731812 nodos | revisado 0.621%, faltan ~24.1 h [interior primero 0.621%, interior primero + pieza menos restrictiva 0.149%, reinicios, interior primero 102.9%] (Knuth: ~8.4 h) | máximo colocado 73 de 100 | hilos 8 de 12
    ... 547.2 s | grupo 1/1 | 574849214 nodos | revisado 0.623%, faltan ~24.1 h [interior primero 0.623%, interior primero + pieza menos restrictiva 0.149%, reinicios, interior primero 104.0%] (Knuth: ~8.4 h) | máximo colocado 73 de 100 | hilos 8 de 12
    ... 549.3 s | grupo 1/1 | 576966046 nodos | revisado 0.623%, faltan ~24.2 h [interior primero 0.623%, interior primero + pieza menos restrictiva 0.149%, reinicios, interior primero 104.0%] (Knuth: ~8.4 h) | máximo colocado 73 de 100 | hilos 8 de 12
    ... 551.3 s | grupo 1/1 | 579090701 nodos | revisado 0.624%, faltan ~24.3 h [interior primero 0.624%, interior primero + pieza menos restrictiva 0.150%, reinicios, interior primero 104.0%] (Knuth: ~8.4 h) | máximo colocado 73 de 100 | hilos 8 de 12
    ... 553.3 s | grupo 1/1 | 581188606 nodos | revisado 0.625%, faltan ~24.3 h [interior primero 0.625%, interior primero + pieza menos restrictiva 0.151%, reinicios, interior primero 104.0%] (Knuth: ~8.4 h) | máximo colocado 73 de 100 | hilos 8 de 12
    ... 555.3 s | grupo 1/1 | 583300281 nodos | revisado 0.625%, faltan ~24.4 h [interior primero 0.625%, interior primero + pieza menos restrictiva 0.152%, reinicios, interior primero 104.0%] (Knuth: ~8.4 h) | máximo colocado 73 de 100 | hilos 8 de 12
    ... 557.3 s | grupo 1/1 | 585395024 nodos | revisado 0.626%, faltan ~24.4 h [interior primero 0.626%, interior primero + pieza menos restrictiva 0.152%, reinicios, interior primero 104.0%] (Knuth: ~8.4 h) | máximo colocado 73 de 100 | hilos 8 de 12
    ... 559.3 s | grupo 1/1 | 587490352 nodos | revisado 0.627%, faltan ~24.5 h [interior primero 0.627%, interior primero + pieza menos restrictiva 0.153%, reinicios, interior primero 105.1%] (Knuth: ~8.4 h) | máximo colocado 73 de 100 | hilos 8 de 12
    ... 561.3 s | grupo 1/1 | 589624387 nodos | revisado 0.627%, faltan ~24.6 h [interior primero 0.627%, interior primero + pieza menos restrictiva 0.153%, reinicios, interior primero 105.1%] (Knuth: ~8.4 h) | máximo colocado 73 de 100 | hilos 8 de 12
    ... 563.3 s | grupo 1/1 | 591766369 nodos | revisado 0.627%, faltan ~24.7 h [interior primero 0.627%, interior primero + pieza menos restrictiva 0.153%, reinicios, interior primero 105.1%] (Knuth: ~8.4 h) | máximo colocado 73 de 100 | hilos 8 de 12
    ... 565.3 s | grupo 1/1 | 593903685 nodos | revisado 0.627%, faltan ~24.7 h [interior primero 0.627%, interior primero + pieza menos restrictiva 0.154%, reinicios, interior primero 106.2%] (Knuth: ~8.4 h) | máximo colocado 73 de 100 | hilos 8 de 12
    ... 567.3 s | grupo 1/1 | 596055728 nodos | revisado 0.627%, faltan ~24.8 h [interior primero 0.627%, interior primero + pieza menos restrictiva 0.154%, reinicios, interior primero 107.2%] (Knuth: ~8.4 h) | máximo colocado 73 de 100 | hilos 8 de 12
    ... 569.3 s | grupo 1/1 | 598161394 nodos | revisado 0.629%, faltan ~24.8 h [interior primero 0.629%, interior primero + pieza menos restrictiva 0.155%, reinicios, interior primero 107.2%] (Knuth: ~8.4 h) | máximo colocado 73 de 100 | hilos 8 de 12
    ... 571.4 s | grupo 1/1 | 600270348 nodos | revisado 0.630%, faltan ~24.9 h [interior primero 0.630%, interior primero + pieza menos restrictiva 0.155%, reinicios, interior primero 107.7%] (Knuth: ~8.3 h) | máximo colocado 73 de 100 | hilos 8 de 12
    ... 573.4 s | grupo 1/1 | 602407758 nodos | revisado 0.630%, faltan ~25.0 h [interior primero 0.630%, interior primero + pieza menos restrictiva 0.156%, reinicios, interior primero 107.7%] (Knuth: ~8.3 h) | máximo colocado 73 de 100 | hilos 8 de 12
    ... 575.4 s | grupo 1/1 | 604515905 nodos | revisado 0.630%, faltan ~25.1 h [interior primero 0.630%, interior primero + pieza menos restrictiva 0.156%, reinicios, interior primero 108.8%] (Knuth: ~8.3 h) | máximo colocado 73 de 100 | hilos 8 de 12
    ... 577.4 s | grupo 1/1 | 606623167 nodos | revisado 0.630%, faltan ~25.2 h [interior primero 0.630%, interior primero + pieza menos restrictiva 0.157%, reinicios, interior primero 109.9%] (Knuth: ~8.3 h) | máximo colocado 73 de 100 | hilos 8 de 12
    ... 579.4 s | grupo 1/1 | 608737400 nodos | revisado 0.630%, faltan ~25.2 h [interior primero 0.630%, interior primero + pieza menos restrictiva 0.157%, reinicios, interior primero 109.9%] (Knuth: ~8.3 h) | máximo colocado 73 de 100 | hilos 8 de 12
    ... 581.4 s | grupo 1/1 | 610851965 nodos | revisado 0.632%, faltan ~25.3 h [interior primero 0.632%, interior primero + pieza menos restrictiva 0.157%, reinicios, interior primero 112.0%] (Knuth: ~8.3 h) | máximo colocado 73 de 100 | hilos 8 de 12
    ... 583.4 s | grupo 1/1 | 612946523 nodos | revisado 0.633%, faltan ~25.3 h [interior primero 0.633%, interior primero + pieza menos restrictiva 0.158%, reinicios, interior primero 112.0%] (Knuth: ~8.3 h) | máximo colocado 73 de 100 | hilos 8 de 12
    ... 585.4 s | grupo 1/1 | 615055963 nodos | revisado 0.633%, faltan ~25.4 h [interior primero 0.633%, interior primero + pieza menos restrictiva 0.158%, reinicios, interior primero 114.1%] (Knuth: ~8.3 h) | máximo colocado 73 de 100 | hilos 8 de 12
    ... 587.4 s | grupo 1/1 | 617154677 nodos | revisado 0.633%, faltan ~25.5 h [interior primero 0.633%, interior primero + pieza menos restrictiva 0.158%, reinicios, interior primero 114.1%] (Knuth: ~8.3 h) | máximo colocado 73 de 100 | hilos 8 de 12
    ... 589.4 s | grupo 1/1 | 619248966 nodos | revisado 0.633%, faltan ~25.6 h [interior primero 0.633%, interior primero + pieza menos restrictiva 0.159%, reinicios, interior primero 114.1%] (Knuth: ~8.3 h) | máximo colocado 73 de 100 | hilos 8 de 12
    ... 591.4 s | grupo 1/1 | 621366286 nodos | revisado 0.634%, faltan ~25.6 h [interior primero 0.634%, interior primero + pieza menos restrictiva 0.159%, reinicios, interior primero 114.1%] (Knuth: ~8.3 h) | máximo colocado 73 de 100 | hilos 8 de 12
    ... 593.4 s | grupo 1/1 | 623471923 nodos | revisado 0.634%, faltan ~25.7 h [interior primero 0.634%, interior primero + pieza menos restrictiva 0.159%, reinicios, interior primero 114.2%] (Knuth: ~8.3 h) | máximo colocado 73 de 100 | hilos 8 de 12
    ... 595.4 s | grupo 1/1 | 625566317 nodos | revisado 0.634%, faltan ~25.8 h [interior primero 0.634%, interior primero + pieza menos restrictiva 0.159%, reinicios, interior primero 115.2%] (Knuth: ~8.3 h) | máximo colocado 73 de 100 | hilos 8 de 12
    ... 597.4 s | grupo 1/1 | 627667424 nodos | revisado 0.635%, faltan ~25.9 h [interior primero 0.635%, interior primero + pieza menos restrictiva 0.159%, reinicios, interior primero 116.8%] (Knuth: ~8.3 h) | máximo colocado 73 de 100 | hilos 8 de 12
    ... 599.4 s | grupo 1/1 | 629765879 nodos | revisado 0.635%, faltan ~25.9 h [interior primero 0.635%, interior primero + pieza menos restrictiva 0.159%, reinicios, interior primero 116.8%] (Knuth: ~8.3 h) | máximo colocado 73 de 100 | hilos 8 de 12
    ... 601.4 s | grupo 1/1 | 631884023 nodos | revisado 0.637%, faltan ~25.9 h [interior primero 0.637%, interior primero + pieza menos restrictiva 0.159%, reinicios, interior primero 117.9%] (Knuth: ~8.3 h) | máximo colocado 73 de 100 | hilos 8 de 12
    ... 603.4 s | grupo 1/1 | 633990620 nodos | revisado 0.637%, faltan ~26.0 h [interior primero 0.637%, interior primero + pieza menos restrictiva 0.159%, reinicios, interior primero 117.9%] (Knuth: ~8.3 h) | máximo colocado 73 de 100 | hilos 8 de 12
    ... 605.5 s | grupo 1/1 | 636103172 nodos | revisado 0.637%, faltan ~26.1 h [interior primero 0.637%, interior primero + pieza menos restrictiva 0.159%, reinicios, interior primero 117.9%] (Knuth: ~8.3 h) | máximo colocado 73 de 100 | hilos 8 de 12
    ... 607.5 s | grupo 1/1 | 638207776 nodos | revisado 0.637%, faltan ~26.2 h [interior primero 0.637%, interior primero + pieza menos restrictiva 0.159%, reinicios, interior primero 117.9%] (Knuth: ~8.3 h) | máximo colocado 73 de 100 | hilos 8 de 12
    ... 609.5 s | grupo 1/1 | 640316429 nodos | revisado 0.638%, faltan ~26.2 h [interior primero 0.638%, interior primero + pieza menos restrictiva 0.159%, reinicios, interior primero 118.0%] (Knuth: ~8.3 h) | máximo colocado 73 de 100 | hilos 8 de 12
    ... 611.5 s | grupo 1/1 | 642419359 nodos | revisado 0.640%, faltan ~26.2 h [interior primero 0.640%, interior primero + pieza menos restrictiva 0.159%, reinicios, interior primero 118.0%] (Knuth: ~8.3 h) | máximo colocado 73 de 100 | hilos 8 de 12
    ... 613.5 s | grupo 1/1 | 644550066 nodos | revisado 0.640%, faltan ~26.3 h [interior primero 0.640%, interior primero + pieza menos restrictiva 0.159%, reinicios, interior primero 118.0%] (Knuth: ~8.3 h) | máximo colocado 73 de 100 | hilos 8 de 12
    ... 615.5 s | grupo 1/1 | 646665076 nodos | revisado 0.640%, faltan ~26.4 h [interior primero 0.640%, interior primero + pieza menos restrictiva 0.159%, reinicios, interior primero 118.0%] (Knuth: ~8.3 h) | máximo colocado 73 de 100 | hilos 8 de 12
    ... 617.5 s | grupo 1/1 | 648761632 nodos | revisado 0.641%, faltan ~26.5 h [interior primero 0.641%, interior primero + pieza menos restrictiva 0.160%, reinicios, interior primero 118.0%] (Knuth: ~8.3 h) | máximo colocado 73 de 100 | hilos 8 de 12
    ... 619.5 s | grupo 1/1 | 650883732 nodos | revisado 0.643%, faltan ~26.5 h [interior primero 0.643%, interior primero + pieza menos restrictiva 0.160%, reinicios, interior primero 118.0%] (Knuth: ~8.3 h) | máximo colocado 73 de 100 | hilos 8 de 12
    ... 621.5 s | grupo 1/1 | 652995097 nodos | revisado 0.643%, faltan ~26.5 h [interior primero 0.643%, interior primero + pieza menos restrictiva 0.160%, reinicios, interior primero 118.0%] (Knuth: ~8.3 h) | máximo colocado 73 de 100 | hilos 8 de 12
    ... 623.5 s | grupo 1/1 | 655077546 nodos | revisado 0.644%, faltan ~26.6 h [interior primero 0.644%, interior primero + pieza menos restrictiva 0.160%, reinicios, interior primero 118.0%] (Knuth: ~8.3 h) | máximo colocado 73 de 100 | hilos 8 de 12
    ... 625.5 s | grupo 1/1 | 657194976 nodos | revisado 0.644%, faltan ~26.7 h [interior primero 0.644%, interior primero + pieza menos restrictiva 0.160%, reinicios, interior primero 118.0%] (Knuth: ~8.3 h) | máximo colocado 73 de 100 | hilos 8 de 12
    ... 627.5 s | grupo 1/1 | 659333135 nodos | revisado 0.644%, faltan ~26.8 h [interior primero 0.644%, interior primero + pieza menos restrictiva 0.160%, reinicios, interior primero 118.0%] (Knuth: ~8.3 h) | máximo colocado 73 de 100 | hilos 8 de 12
    ... 629.5 s | grupo 1/1 | 661488365 nodos | revisado 0.644%, faltan ~26.8 h [interior primero 0.644%, interior primero + pieza menos restrictiva 0.160%, reinicios, interior primero 118.1%] (Knuth: ~8.3 h) | máximo colocado 73 de 100 | hilos 8 de 12
    ... 631.6 s | grupo 1/1 | 663612179 nodos | revisado 0.645%, faltan ~26.9 h [interior primero 0.645%, interior primero + pieza menos restrictiva 0.160%, reinicios, interior primero 118.1%] (Knuth: ~8.3 h) | máximo colocado 73 de 100 | hilos 8 de 12
    ... 633.6 s | grupo 1/1 | 665751065 nodos | revisado 0.645%, faltan ~27.0 h [interior primero 0.645%, interior primero + pieza menos restrictiva 0.160%, reinicios, interior primero 119.1%] (Knuth: ~8.3 h) | máximo colocado 73 de 100 | hilos 8 de 12
    ... 635.6 s | grupo 1/1 | 667880873 nodos | revisado 0.645%, faltan ~27.1 h [interior primero 0.645%, interior primero + pieza menos restrictiva 0.160%, reinicios, interior primero 120.6%] (Knuth: ~8.3 h) | máximo colocado 73 de 100 | hilos 8 de 12
    ... 637.6 s | grupo 1/1 | 670018301 nodos | revisado 0.646%, faltan ~27.1 h [interior primero 0.646%, interior primero + pieza menos restrictiva 0.160%, reinicios, interior primero 122.2%] (Knuth: ~8.3 h) | máximo colocado 73 de 100 | hilos 8 de 12
    ... 639.6 s | grupo 1/1 | 672164860 nodos | revisado 0.646%, faltan ~27.2 h [interior primero 0.646%, interior primero + pieza menos restrictiva 0.160%, reinicios, interior primero 124.8%] (Knuth: ~8.3 h) | máximo colocado 73 de 100 | hilos 8 de 12
    ... 641.6 s | grupo 1/1 | 674292805 nodos | revisado 0.646%, faltan ~27.3 h [interior primero 0.646%, interior primero + pieza menos restrictiva 0.160%, reinicios, interior primero 126.8%] (Knuth: ~8.3 h) | máximo colocado 73 de 100 | hilos 8 de 12
    ... 643.6 s | grupo 1/1 | 676372328 nodos | revisado 0.647%, faltan ~27.3 h [interior primero 0.647%, interior primero + pieza menos restrictiva 0.160%, reinicios, interior primero 128.9%] (Knuth: ~8.3 h) | máximo colocado 73 de 100 | hilos 8 de 12
    ... 645.6 s | grupo 1/1 | 678496719 nodos | revisado 0.647%, faltan ~27.4 h [interior primero 0.647%, interior primero + pieza menos restrictiva 0.160%, reinicios, interior primero 128.9%] (Knuth: ~8.3 h) | máximo colocado 73 de 100 | hilos 8 de 12
    ... 647.6 s | grupo 1/1 | 680633038 nodos | revisado 0.649%, faltan ~27.4 h [interior primero 0.649%, interior primero + pieza menos restrictiva 0.160%, reinicios, interior primero 129.0%] (Knuth: ~8.3 h) | máximo colocado 73 de 100 | hilos 8 de 12
    ... 649.6 s | grupo 1/1 | 682727093 nodos | revisado 0.650%, faltan ~27.5 h [interior primero 0.650%, interior primero + pieza menos restrictiva 0.161%, reinicios, interior primero 130.5%] (Knuth: ~8.3 h) | máximo colocado 73 de 100 | hilos 8 de 12
    ... 651.6 s | grupo 1/1 | 684838562 nodos | revisado 0.651%, faltan ~27.5 h [interior primero 0.651%, interior primero + pieza menos restrictiva 0.161%, reinicios, interior primero 131.6%] (Knuth: ~8.3 h) | máximo colocado 73 de 100 | hilos 8 de 12
    ... 653.6 s | grupo 1/1 | 686947562 nodos | revisado 0.651%, faltan ~27.6 h [interior primero 0.651%, interior primero + pieza menos restrictiva 0.161%, reinicios, interior primero 132.7%] (Knuth: ~8.3 h) | máximo colocado 73 de 100 | hilos 8 de 12
    ... 655.7 s | grupo 1/1 | 689038563 nodos | revisado 0.651%, faltan ~27.7 h [interior primero 0.651%, interior primero + pieza menos restrictiva 0.161%, reinicios, interior primero 134.5%] (Knuth: ~8.3 h) | máximo colocado 73 de 100 | hilos 8 de 12
    ... 657.7 s | grupo 1/1 | 691132798 nodos | revisado 0.652%, faltan ~27.7 h [interior primero 0.652%, interior primero + pieza menos restrictiva 0.161%, reinicios, interior primero 134.5%] (Knuth: ~8.3 h) | máximo colocado 73 de 100 | hilos 8 de 12
    ... 659.7 s | grupo 1/1 | 693229931 nodos | revisado 0.654%, faltan ~27.7 h [interior primero 0.654%, interior primero + pieza menos restrictiva 0.161%, reinicios, interior primero 135.6%] (Knuth: ~8.3 h) | máximo colocado 73 de 100 | hilos 8 de 12
    ... 661.7 s | grupo 1/1 | 695340707 nodos | revisado 0.655%, faltan ~27.8 h [interior primero 0.655%, interior primero + pieza menos restrictiva 0.162%, reinicios, interior primero 135.6%] (Knuth: ~8.3 h) | máximo colocado 73 de 100 | hilos 8 de 12
    ... 663.7 s | grupo 1/1 | 697477550 nodos | revisado 0.655%, faltan ~27.8 h [interior primero 0.655%, interior primero + pieza menos restrictiva 0.162%, reinicios, interior primero 135.7%] (Knuth: ~8.3 h) | máximo colocado 73 de 100 | hilos 8 de 12
    ... 665.7 s | grupo 1/1 | 699605753 nodos | revisado 0.655%, faltan ~27.9 h [interior primero 0.655%, interior primero + pieza menos restrictiva 0.162%, reinicios, interior primero 135.7%] (Knuth: ~8.3 h) | máximo colocado 73 de 100 | hilos 8 de 12
    ... 667.7 s | grupo 1/1 | 701739876 nodos | revisado 0.656%, faltan ~28.0 h [interior primero 0.656%, interior primero + pieza menos restrictiva 0.162%, reinicios, interior primero 135.7%] (Knuth: ~8.3 h) | máximo colocado 73 de 100 | hilos 8 de 12
    ... 669.7 s | grupo 1/1 | 703853006 nodos | revisado 0.656%, faltan ~28.0 h [interior primero 0.656%, interior primero + pieza menos restrictiva 0.162%, reinicios, interior primero 138.1%] (Knuth: ~8.3 h) | máximo colocado 73 de 100 | hilos 8 de 12
    ... 671.7 s | grupo 1/1 | 705990557 nodos | revisado 0.657%, faltan ~28.1 h [interior primero 0.657%, interior primero + pieza menos restrictiva 0.162%, reinicios, interior primero 139.2%] (Knuth: ~8.3 h) | máximo colocado 73 de 100 | hilos 8 de 12
    ... 673.7 s | grupo 1/1 | 708098181 nodos | revisado 0.657%, faltan ~28.2 h [interior primero 0.657%, interior primero + pieza menos restrictiva 0.162%, reinicios, interior primero 139.7%] (Knuth: ~8.3 h) | máximo colocado 73 de 100 | hilos 8 de 12
    ... 675.7 s | grupo 1/1 | 710227666 nodos | revisado 0.658%, faltan ~28.2 h [interior primero 0.658%, interior primero + pieza menos restrictiva 0.162%, reinicios, interior primero 139.7%] (Knuth: ~8.3 h) | máximo colocado 73 de 100 | hilos 8 de 12
    ... 677.7 s | grupo 1/1 | 712384539 nodos | revisado 0.658%, faltan ~28.3 h [interior primero 0.658%, interior primero + pieza menos restrictiva 0.163%, reinicios, interior primero 139.8%] (Knuth: ~8.3 h) | máximo colocado 73 de 100 | hilos 8 de 12
    ... 679.7 s | grupo 1/1 | 714560989 nodos | revisado 0.659%, faltan ~28.3 h [interior primero 0.659%, interior primero + pieza menos restrictiva 0.163%, reinicios, interior primero 140.8%] (Knuth: ~8.3 h) | máximo colocado 73 de 100 | hilos 8 de 12
    ... 681.8 s | grupo 1/1 | 716748519 nodos | revisado 0.661%, faltan ~28.3 h [interior primero 0.661%, interior primero + pieza menos restrictiva 0.163%, reinicios, interior primero 140.8%] (Knuth: ~8.3 h) | máximo colocado 73 de 100 | hilos 8 de 12
    ... 683.8 s | grupo 1/1 | 718881350 nodos | revisado 0.662%, faltan ~28.4 h [interior primero 0.662%, interior primero + pieza menos restrictiva 0.163%, reinicios, interior primero 140.8%] (Knuth: ~8.3 h) | máximo colocado 73 de 100 | hilos 8 de 12
    ... 685.8 s | grupo 1/1 | 721024778 nodos | revisado 0.662%, faltan ~28.5 h [interior primero 0.662%, interior primero + pieza menos restrictiva 0.163%, reinicios, interior primero 140.9%] (Knuth: ~8.3 h) | máximo colocado 73 de 100 | hilos 8 de 12
    ... 687.8 s | grupo 1/1 | 723178814 nodos | revisado 0.662%, faltan ~28.5 h [interior primero 0.662%, interior primero + pieza menos restrictiva 0.163%, reinicios, interior primero 143.1%] (Knuth: ~8.3 h) | máximo colocado 73 de 100 | hilos 8 de 12
    ... 689.8 s | grupo 1/1 | 725316726 nodos | revisado 0.663%, faltan ~28.6 h [interior primero 0.663%, interior primero + pieza menos restrictiva 0.163%, reinicios, interior primero 143.1%] (Knuth: ~8.3 h) | máximo colocado 73 de 100 | hilos 8 de 12
    ... 691.8 s | grupo 1/1 | 727432914 nodos | revisado 0.664%, faltan ~28.6 h [interior primero 0.664%, interior primero + pieza menos restrictiva 0.163%, reinicios, interior primero 143.6%] (Knuth: ~8.3 h) | máximo colocado 73 de 100 | hilos 8 de 12
    ... 693.8 s | grupo 1/1 | 729584280 nodos | revisado 0.665%, faltan ~28.7 h [interior primero 0.665%, interior primero + pieza menos restrictiva 0.164%, reinicios, interior primero 143.7%] (Knuth: ~8.3 h) | máximo colocado 73 de 100 | hilos 8 de 12
    ... 695.8 s | grupo 1/1 | 731692644 nodos | revisado 0.665%, faltan ~28.7 h [interior primero 0.665%, interior primero + pieza menos restrictiva 0.165%, reinicios, interior primero 144.7%] (Knuth: ~8.3 h) | máximo colocado 73 de 100 | hilos 8 de 12
    ... 697.8 s | grupo 1/1 | 733809130 nodos | revisado 0.665%, faltan ~28.8 h [interior primero 0.665%, interior primero + pieza menos restrictiva 0.166%, reinicios, interior primero 145.7%] (Knuth: ~8.3 h) | máximo colocado 73 de 100 | hilos 8 de 12
    ... 699.8 s | grupo 1/1 | 735931277 nodos | revisado 0.666%, faltan ~28.9 h [interior primero 0.666%, interior primero + pieza menos restrictiva 0.166%, reinicios, interior primero 146.8%] (Knuth: ~8.3 h) | máximo colocado 73 de 100 | hilos 8 de 12
    ... 701.8 s | grupo 1/1 | 738038989 nodos | revisado 0.666%, faltan ~29.0 h [interior primero 0.666%, interior primero + pieza menos restrictiva 0.166%, reinicios, interior primero 146.8%] (Knuth: ~8.3 h) | máximo colocado 73 de 100 | hilos 8 de 12
    ... 703.8 s | grupo 1/1 | 740171085 nodos | revisado 0.666%, faltan ~29.0 h [interior primero 0.666%, interior primero + pieza menos restrictiva 0.166%, reinicios, interior primero 147.9%] (Knuth: ~8.3 h) | máximo colocado 73 de 100 | hilos 8 de 12
    ... 705.9 s | grupo 1/1 | 742312223 nodos | revisado 0.668%, faltan ~29.0 h [interior primero 0.668%, interior primero + pieza menos restrictiva 0.166%, reinicios, interior primero 147.9%] (Knuth: ~8.3 h) | máximo colocado 73 de 100 | hilos 8 de 12
    ... 707.9 s | grupo 1/1 | 744420810 nodos | revisado 0.668%, faltan ~29.1 h [interior primero 0.668%, interior primero + pieza menos restrictiva 0.167%, reinicios, interior primero 148.0%] (Knuth: ~8.3 h) | máximo colocado 73 de 100 | hilos 8 de 12
    ... 709.9 s | grupo 1/1 | 746531302 nodos | revisado 0.668%, faltan ~29.2 h [interior primero 0.668%, interior primero + pieza menos restrictiva 0.167%, reinicios, interior primero 148.0%] (Knuth: ~8.3 h) | máximo colocado 73 de 100 | hilos 8 de 12
    ... 711.9 s | grupo 1/1 | 748614401 nodos | revisado 0.669%, faltan ~29.2 h [interior primero 0.669%, interior primero + pieza menos restrictiva 0.168%, reinicios, interior primero 148.5%] (Knuth: ~8.3 h) | máximo colocado 73 de 100 | hilos 8 de 12
    ... 713.9 s | grupo 1/1 | 750713844 nodos | revisado 0.669%, faltan ~29.3 h [interior primero 0.669%, interior primero + pieza menos restrictiva 0.168%, reinicios, interior primero 148.5%] (Knuth: ~8.3 h) | máximo colocado 73 de 100 | hilos 8 de 12
    ... 715.9 s | grupo 1/1 | 752798040 nodos | revisado 0.675%, faltan ~29.1 h [interior primero 0.675%, interior primero + pieza menos restrictiva 0.169%, reinicios, interior primero 148.5%] (Knuth: ~8.3 h) | máximo colocado 73 de 100 | hilos 8 de 12
    ... 717.9 s | grupo 1/1 | 754895310 nodos | revisado 0.675%, faltan ~29.2 h [interior primero 0.675%, interior primero + pieza menos restrictiva 0.169%, reinicios, interior primero 149.6%] (Knuth: ~8.3 h) | máximo colocado 73 de 100 | hilos 8 de 12
    ... 719.9 s | grupo 1/1 | 756995594 nodos | revisado 0.676%, faltan ~29.3 h [interior primero 0.676%, interior primero + pieza menos restrictiva 0.170%, reinicios, interior primero 150.6%] (Knuth: ~8.3 h) | máximo colocado 73 de 100 | hilos 8 de 12
    ... 721.9 s | grupo 1/1 | 759071978 nodos | revisado 0.676%, faltan ~29.3 h [interior primero 0.676%, interior primero + pieza menos restrictiva 0.170%, reinicios, interior primero 150.7%] (Knuth: ~8.3 h) | máximo colocado 73 de 100 | hilos 8 de 12
    ... 723.9 s | grupo 1/1 | 761178816 nodos | revisado 0.676%, faltan ~29.4 h [interior primero 0.676%, interior primero + pieza menos restrictiva 0.170%, reinicios, interior primero 150.7%] (Knuth: ~8.3 h) | máximo colocado 73 de 100 | hilos 8 de 12
    ... 725.9 s | grupo 1/1 | 763266521 nodos | revisado 0.676%, faltan ~29.5 h [interior primero 0.676%, interior primero + pieza menos restrictiva 0.170%, reinicios, interior primero 150.8%] (Knuth: ~8.3 h) | máximo colocado 73 de 100 | hilos 8 de 12
    ... 727.9 s | grupo 1/1 | 765388166 nodos | revisado 0.676%, faltan ~29.6 h [interior primero 0.676%, interior primero + pieza menos restrictiva 0.170%, reinicios, interior primero 150.8%] (Knuth: ~8.3 h) | máximo colocado 73 de 100 | hilos 8 de 12
    ... 729.9 s | grupo 1/1 | 767501612 nodos | revisado 0.676%, faltan ~29.6 h [interior primero 0.676%, interior primero + pieza menos restrictiva 0.170%, reinicios, interior primero 150.8%] (Knuth: ~8.3 h) | máximo colocado 73 de 100 | hilos 8 de 12
    ... 731.9 s | grupo 1/1 | 769635798 nodos | revisado 0.677%, faltan ~29.7 h [interior primero 0.677%, interior primero + pieza menos restrictiva 0.170%, reinicios, interior primero 151.9%] (Knuth: ~8.3 h) | máximo colocado 73 de 100 | hilos 8 de 12
    ... 733.9 s | grupo 1/1 | 771746858 nodos | revisado 0.677%, faltan ~29.8 h [interior primero 0.677%, interior primero + pieza menos restrictiva 0.170%, reinicios, interior primero 151.9%] (Knuth: ~8.3 h) | máximo colocado 73 de 100 | hilos 8 de 12
    ... 735.9 s | grupo 1/1 | 773848969 nodos | revisado 0.677%, faltan ~29.9 h [interior primero 0.677%, interior primero + pieza menos restrictiva 0.171%, reinicios, interior primero 152.0%] (Knuth: ~8.3 h) | máximo colocado 73 de 100 | hilos 8 de 12
    ... 737.9 s | grupo 1/1 | 775959070 nodos | revisado 0.678%, faltan ~29.9 h [interior primero 0.678%, interior primero + pieza menos restrictiva 0.171%, reinicios, interior primero 152.0%] (Knuth: ~8.3 h) | máximo colocado 73 de 100 | hilos 8 de 12
    ... 739.9 s | grupo 1/1 | 778076385 nodos | revisado 0.678%, faltan ~30.0 h [interior primero 0.678%, interior primero + pieza menos restrictiva 0.171%, reinicios, interior primero 152.1%] (Knuth: ~8.3 h) | máximo colocado 73 de 100 | hilos 8 de 12
    ... 742.0 s | grupo 1/1 | 780213500 nodos | revisado 0.678%, faltan ~30.1 h [interior primero 0.678%, interior primero + pieza menos restrictiva 0.171%, reinicios, interior primero 154.7%] (Knuth: ~8.3 h) | máximo colocado 73 de 100 | hilos 8 de 12
    ... 744.0 s | grupo 1/1 | 782299007 nodos | revisado 0.678%, faltan ~30.1 h [interior primero 0.678%, interior primero + pieza menos restrictiva 0.171%, reinicios, interior primero 154.7%] (Knuth: ~8.3 h) | máximo colocado 73 de 100 | hilos 8 de 12
    ... 746.0 s | grupo 1/1 | 784416065 nodos | revisado 0.678%, faltan ~30.2 h [interior primero 0.678%, interior primero + pieza menos restrictiva 0.171%, reinicios, interior primero 155.8%] (Knuth: ~8.3 h) | máximo colocado 73 de 100 | hilos 8 de 12
    ... 748.0 s | grupo 1/1 | 786589253 nodos | revisado 0.679%, faltan ~30.3 h [interior primero 0.679%, interior primero + pieza menos restrictiva 0.171%, reinicios, interior primero 155.8%] (Knuth: ~8.3 h) | máximo colocado 73 de 100 | hilos 8 de 12
    ... 750.0 s | grupo 1/1 | 788747204 nodos | revisado 0.679%, faltan ~30.4 h [interior primero 0.679%, interior primero + pieza menos restrictiva 0.172%, reinicios, interior primero 155.8%] (Knuth: ~8.3 h) | máximo colocado 73 de 100 | hilos 8 de 12
    ... 752.0 s | grupo 1/1 | 790904349 nodos | revisado 0.679%, faltan ~30.4 h [interior primero 0.679%, interior primero + pieza menos restrictiva 0.174%, reinicios, interior primero 156.9%] (Knuth: ~8.3 h) | máximo colocado 73 de 100 | hilos 8 de 12
    ... 754.0 s | grupo 1/1 | 793042227 nodos | revisado 0.679%, faltan ~30.5 h [interior primero 0.679%, interior primero + pieza menos restrictiva 0.174%, reinicios, interior primero 157.4%] (Knuth: ~8.3 h) | máximo colocado 73 de 100 | hilos 8 de 12
    ... 756.0 s | grupo 1/1 | 795154045 nodos | revisado 0.681%, faltan ~30.5 h [interior primero 0.681%, interior primero + pieza menos restrictiva 0.174%, reinicios, interior primero 157.4%] (Knuth: ~8.3 h) | máximo colocado 73 de 100 | hilos 8 de 12
    ... 758.0 s | grupo 1/1 | 797275841 nodos | revisado 0.681%, faltan ~30.6 h [interior primero 0.681%, interior primero + pieza menos restrictiva 0.174%, reinicios, interior primero 157.7%] (Knuth: ~8.3 h) | máximo colocado 73 de 100 | hilos 8 de 12
    ... 760.0 s | grupo 1/1 | 799408546 nodos | revisado 0.682%, faltan ~30.6 h [interior primero 0.682%, interior primero + pieza menos restrictiva 0.174%, reinicios, interior primero 158.8%] (Knuth: ~8.3 h) | máximo colocado 73 de 100 | hilos 8 de 12
    ... 762.0 s | grupo 1/1 | 801507788 nodos | revisado 0.683%, faltan ~30.7 h [interior primero 0.683%, interior primero + pieza menos restrictiva 0.174%, reinicios, interior primero 158.8%] (Knuth: ~8.3 h) | máximo colocado 73 de 100 | hilos 8 de 12
    ... 764.1 s | grupo 1/1 | 803620907 nodos | revisado 0.683%, faltan ~30.7 h [interior primero 0.683%, interior primero + pieza menos restrictiva 0.174%, reinicios, interior primero 158.8%] (Knuth: ~8.3 h) | máximo colocado 73 de 100 | hilos 8 de 12
    ... 766.1 s | grupo 1/1 | 805719392 nodos | revisado 0.686%, faltan ~30.7 h [interior primero 0.686%, interior primero + pieza menos restrictiva 0.175%, reinicios, interior primero 159.9%] (Knuth: ~8.3 h) | máximo colocado 73 de 100 | hilos 8 de 12
    ... 768.1 s | grupo 1/1 | 807815351 nodos | revisado 0.687%, faltan ~30.7 h [interior primero 0.687%, interior primero + pieza menos restrictiva 0.175%, reinicios, interior primero 160.9%] (Knuth: ~8.3 h) | máximo colocado 73 de 100 | hilos 8 de 12
    ... 770.1 s | grupo 1/1 | 809943067 nodos | revisado 0.688%, faltan ~30.7 h [interior primero 0.688%, interior primero + pieza menos restrictiva 0.175%, reinicios, interior primero 162.4%] (Knuth: ~8.3 h) | máximo colocado 73 de 100 | hilos 8 de 12
    ... 772.1 s | grupo 1/1 | 812072816 nodos | revisado 0.689%, faltan ~30.8 h [interior primero 0.689%, interior primero + pieza menos restrictiva 0.176%, reinicios, interior primero 163.5%] (Knuth: ~8.3 h) | máximo colocado 73 de 100 | hilos 8 de 12
    ... 774.1 s | grupo 1/1 | 814181697 nodos | revisado 0.689%, faltan ~30.9 h [interior primero 0.689%, interior primero + pieza menos restrictiva 0.176%, reinicios, interior primero 163.5%] (Knuth: ~8.3 h) | máximo colocado 73 de 100 | hilos 8 de 12
    ... 776.1 s | grupo 1/1 | 816272402 nodos | revisado 0.689%, faltan ~30.9 h [interior primero 0.689%, interior primero + pieza menos restrictiva 0.176%, reinicios, interior primero 164.1%] (Knuth: ~8.3 h) | máximo colocado 73 de 100 | hilos 8 de 12
    ... 778.1 s | grupo 1/1 | 818393367 nodos | revisado 0.689%, faltan ~31.0 h [interior primero 0.689%, interior primero + pieza menos restrictiva 0.176%, reinicios, interior primero 165.2%] (Knuth: ~8.3 h) | máximo colocado 73 de 100 | hilos 8 de 12
    ... 780.1 s | grupo 1/1 | 820484655 nodos | revisado 0.690%, faltan ~31.1 h [interior primero 0.690%, interior primero + pieza menos restrictiva 0.176%, reinicios, interior primero 165.2%] (Knuth: ~8.3 h) | máximo colocado 73 de 100 | hilos 8 de 12
    ... 782.1 s | grupo 1/1 | 822574265 nodos | revisado 0.690%, faltan ~31.1 h [interior primero 0.690%, interior primero + pieza menos restrictiva 0.176%, reinicios, interior primero 165.2%] (Knuth: ~8.3 h) | máximo colocado 73 de 100 | hilos 8 de 12
    ... 784.1 s | grupo 1/1 | 824685923 nodos | revisado 0.691%, faltan ~31.2 h [interior primero 0.691%, interior primero + pieza menos restrictiva 0.176%, reinicios, interior primero 165.2%] (Knuth: ~8.3 h) | máximo colocado 73 de 100 | hilos 8 de 12
    ... 786.2 s | grupo 1/1 | 826792008 nodos | revisado 0.692%, faltan ~31.2 h [interior primero 0.692%, interior primero + pieza menos restrictiva 0.176%, reinicios, interior primero 165.2%] (Knuth: ~8.3 h) | máximo colocado 73 de 100 | hilos 8 de 12
    ... 788.2 s | grupo 1/1 | 828885270 nodos | revisado 0.693%, faltan ~31.2 h [interior primero 0.693%, interior primero + pieza menos restrictiva 0.176%, reinicios, interior primero 165.7%] (Knuth: ~8.3 h) | máximo colocado 73 de 100 | hilos 8 de 12
    ... 790.2 s | grupo 1/1 | 830997803 nodos | revisado 0.695%, faltan ~31.2 h [interior primero 0.695%, interior primero + pieza menos restrictiva 0.176%, reinicios, interior primero 166.7%] (Knuth: ~8.3 h) | máximo colocado 73 de 100 | hilos 8 de 12
    ... 792.2 s | grupo 1/1 | 833087584 nodos | revisado 0.696%, faltan ~31.3 h [interior primero 0.696%, interior primero + pieza menos restrictiva 0.177%, reinicios, interior primero 166.7%] (Knuth: ~8.3 h) | máximo colocado 73 de 100 | hilos 8 de 12
    ... 794.2 s | grupo 1/1 | 835161291 nodos | revisado 0.696%, faltan ~31.4 h [interior primero 0.696%, interior primero + pieza menos restrictiva 0.178%, reinicios, interior primero 166.7%] (Knuth: ~8.3 h) | máximo colocado 73 de 100 | hilos 8 de 12
    ... 796.2 s | grupo 1/1 | 837230856 nodos | revisado 0.696%, faltan ~31.4 h [interior primero 0.696%, interior primero + pieza menos restrictiva 0.179%, reinicios, interior primero 166.7%] (Knuth: ~8.3 h) | máximo colocado 73 de 100 | hilos 8 de 12
    ... 798.2 s | grupo 1/1 | 839293223 nodos | revisado 0.697%, faltan ~31.5 h [interior primero 0.697%, interior primero + pieza menos restrictiva 0.179%, reinicios, interior primero 166.7%] (Knuth: ~8.3 h) | máximo colocado 73 de 100 | hilos 8 de 12
    ... 800.2 s | grupo 1/1 | 841359571 nodos | revisado 0.698%, faltan ~31.5 h [interior primero 0.698%, interior primero + pieza menos restrictiva 0.179%, reinicios, interior primero 166.8%] (Knuth: ~8.3 h) | máximo colocado 73 de 100 | hilos 8 de 12
    ... 802.2 s | grupo 1/1 | 843440500 nodos | revisado 0.698%, faltan ~31.6 h [interior primero 0.698%, interior primero + pieza menos restrictiva 0.180%, reinicios, interior primero 167.3%] (Knuth: ~8.3 h) | máximo colocado 73 de 100 | hilos 8 de 12
    ... 804.2 s | grupo 1/1 | 845539693 nodos | revisado 0.699%, faltan ~31.6 h [interior primero 0.699%, interior primero + pieza menos restrictiva 0.180%, reinicios, interior primero 167.3%] (Knuth: ~8.3 h) | máximo colocado 73 de 100 | hilos 8 de 12
    ... 806.2 s | grupo 1/1 | 847642482 nodos | revisado 0.700%, faltan ~31.7 h [interior primero 0.700%, interior primero + pieza menos restrictiva 0.181%, reinicios, interior primero 167.3%] (Knuth: ~8.3 h) | máximo colocado 73 de 100 | hilos 8 de 12
    ... 808.3 s | grupo 1/1 | 849732725 nodos | revisado 0.700%, faltan ~31.7 h [interior primero 0.700%, interior primero + pieza menos restrictiva 0.181%, reinicios, interior primero 167.3%] (Knuth: ~8.3 h) | máximo colocado 73 de 100 | hilos 8 de 12
    ... 810.3 s | grupo 1/1 | 851815344 nodos | revisado 0.701%, faltan ~31.8 h [interior primero 0.701%, interior primero + pieza menos restrictiva 0.182%, reinicios, interior primero 167.3%] (Knuth: ~8.3 h) | máximo colocado 73 de 100 | hilos 8 de 12
    ... 812.3 s | grupo 1/1 | 853908689 nodos | revisado 0.701%, faltan ~31.8 h [interior primero 0.701%, interior primero + pieza menos restrictiva 0.183%, reinicios, interior primero 167.3%] (Knuth: ~8.3 h) | máximo colocado 73 de 100 | hilos 8 de 12
    ... 814.3 s | grupo 1/1 | 855993074 nodos | revisado 0.701%, faltan ~31.9 h [interior primero 0.701%, interior primero + pieza menos restrictiva 0.183%, reinicios, interior primero 167.3%] (Knuth: ~8.3 h) | máximo colocado 73 de 100 | hilos 8 de 12
    ... 816.3 s | grupo 1/1 | 858065280 nodos | revisado 0.702%, faltan ~32.0 h [interior primero 0.702%, interior primero + pieza menos restrictiva 0.183%, reinicios, interior primero 167.3%] (Knuth: ~8.3 h) | máximo colocado 73 de 100 | hilos 8 de 12
    ... 818.3 s | grupo 1/1 | 860148421 nodos | revisado 0.703%, faltan ~32.0 h [interior primero 0.703%, interior primero + pieza menos restrictiva 0.184%, reinicios, interior primero 167.4%] (Knuth: ~8.3 h) | máximo colocado 73 de 100 | hilos 8 de 12
    ... 820.3 s | grupo 1/1 | 862227728 nodos | revisado 0.703%, faltan ~32.1 h [interior primero 0.703%, interior primero + pieza menos restrictiva 0.184%, reinicios, interior primero 167.4%] (Knuth: ~8.3 h) | máximo colocado 73 de 100 | hilos 8 de 12
    ... 822.3 s | grupo 1/1 | 864362111 nodos | revisado 0.704%, faltan ~32.1 h [interior primero 0.704%, interior primero + pieza menos restrictiva 0.184%, reinicios, interior primero 167.4%] (Knuth: ~8.3 h) | máximo colocado 73 de 100 | hilos 8 de 12
    ... 824.3 s | grupo 1/1 | 866436236 nodos | revisado 0.705%, faltan ~32.1 h [interior primero 0.705%, interior primero + pieza menos restrictiva 0.184%, reinicios, interior primero 167.4%] (Knuth: ~8.3 h) | máximo colocado 73 de 100 | hilos 8 de 12
    ... 826.3 s | grupo 1/1 | 868542301 nodos | revisado 0.707%, faltan ~32.1 h [interior primero 0.707%, interior primero + pieza menos restrictiva 0.185%, reinicios, interior primero 167.4%] (Knuth: ~8.3 h) | máximo colocado 73 de 100 | hilos 8 de 12
    ... 828.4 s | grupo 1/1 | 870639490 nodos | revisado 0.708%, faltan ~32.1 h [interior primero 0.708%, interior primero + pieza menos restrictiva 0.186%, reinicios, interior primero 167.4%] (Knuth: ~8.3 h) | máximo colocado 73 de 100 | hilos 8 de 12
    ... 830.4 s | grupo 1/1 | 872766771 nodos | revisado 0.708%, faltan ~32.2 h [interior primero 0.708%, interior primero + pieza menos restrictiva 0.186%, reinicios, interior primero 167.4%] (Knuth: ~8.3 h) | máximo colocado 73 de 100 | hilos 8 de 12
    ... 832.4 s | grupo 1/1 | 874903364 nodos | revisado 0.710%, faltan ~32.2 h [interior primero 0.710%, interior primero + pieza menos restrictiva 0.187%, reinicios, interior primero 167.4%] (Knuth: ~8.3 h) | máximo colocado 73 de 100 | hilos 8 de 12
    ... 834.4 s | grupo 1/1 | 877057086 nodos | revisado 0.711%, faltan ~32.3 h [interior primero 0.711%, interior primero + pieza menos restrictiva 0.189%, reinicios, interior primero 167.4%] (Knuth: ~8.3 h) | máximo colocado 73 de 100 | hilos 8 de 12
    ... 836.4 s | grupo 1/1 | 879182101 nodos | revisado 0.711%, faltan ~32.3 h [interior primero 0.711%, interior primero + pieza menos restrictiva 0.190%, reinicios, interior primero 167.4%] (Knuth: ~8.3 h) | máximo colocado 73 de 100 | hilos 8 de 12
    ... 838.4 s | grupo 1/1 | 881319971 nodos | revisado 0.712%, faltan ~32.4 h [interior primero 0.712%, interior primero + pieza menos restrictiva 0.190%, reinicios, interior primero 167.5%] (Knuth: ~8.3 h) | máximo colocado 73 de 100 | hilos 8 de 12
    ... 840.4 s | grupo 1/1 | 883438856 nodos | revisado 0.713%, faltan ~32.4 h [interior primero 0.713%, interior primero + pieza menos restrictiva 0.191%, reinicios, interior primero 168.5%] (Knuth: ~8.3 h) | máximo colocado 73 de 100 | hilos 8 de 12
    ... 842.4 s | grupo 1/1 | 885582746 nodos | revisado 0.714%, faltan ~32.4 h [interior primero 0.714%, interior primero + pieza menos restrictiva 0.192%, reinicios, interior primero 168.5%] (Knuth: ~8.3 h) | máximo colocado 73 de 100 | hilos 8 de 12
    ... 844.4 s | grupo 1/1 | 887710273 nodos | revisado 0.714%, faltan ~32.5 h [interior primero 0.714%, interior primero + pieza menos restrictiva 0.192%, reinicios, interior primero 168.5%] (Knuth: ~8.3 h) | máximo colocado 73 de 100 | hilos 8 de 12
    ... 846.4 s | grupo 1/1 | 889841966 nodos | revisado 0.715%, faltan ~32.5 h [interior primero 0.715%, interior primero + pieza menos restrictiva 0.194%, reinicios, interior primero 168.8%] (Knuth: ~8.3 h) | máximo colocado 73 de 100 | hilos 8 de 12
    ... 848.4 s | grupo 1/1 | 892006206 nodos | revisado 0.716%, faltan ~32.6 h [interior primero 0.716%, interior primero + pieza menos restrictiva 0.196%, reinicios, interior primero 169.1%] (Knuth: ~8.3 h) | máximo colocado 73 de 100 | hilos 8 de 12
    ... 850.4 s | grupo 1/1 | 894167354 nodos | revisado 0.717%, faltan ~32.6 h [interior primero 0.717%, interior primero + pieza menos restrictiva 0.197%, reinicios, interior primero 169.1%] (Knuth: ~8.3 h) | máximo colocado 73 de 100 | hilos 8 de 12
    ... 852.4 s | grupo 1/1 | 896286819 nodos | revisado 0.719%, faltan ~32.6 h [interior primero 0.719%, interior primero + pieza menos restrictiva 0.200%, reinicios, interior primero 169.2%] (Knuth: ~8.3 h) | máximo colocado 73 de 100 | hilos 8 de 12
    ... 854.4 s | grupo 1/1 | 898400889 nodos | revisado 0.720%, faltan ~32.6 h [interior primero 0.720%, interior primero + pieza menos restrictiva 0.201%, reinicios, interior primero 169.2%] (Knuth: ~8.3 h) | máximo colocado 73 de 100 | hilos 8 de 12
    ... 856.5 s | grupo 1/1 | 900529663 nodos | revisado 0.724%, faltan ~32.5 h [interior primero 0.724%, interior primero + pieza menos restrictiva 0.201%, reinicios, interior primero 169.2%] (Knuth: ~8.3 h) | máximo colocado 73 de 100 | hilos 8 de 12
    ... 858.5 s | grupo 1/1 | 902658052 nodos | revisado 0.725%, faltan ~32.5 h [interior primero 0.725%, interior primero + pieza menos restrictiva 0.201%, reinicios, interior primero 169.2%] (Knuth: ~8.3 h) | máximo colocado 73 de 100 | hilos 8 de 12
    ... 860.5 s | grupo 1/1 | 904739870 nodos | revisado 0.728%, faltan ~32.5 h [interior primero 0.728%, interior primero + pieza menos restrictiva 0.202%, reinicios, interior primero 169.7%] (Knuth: ~8.3 h) | máximo colocado 73 de 100 | hilos 8 de 12
    ... 862.5 s | grupo 1/1 | 906836712 nodos | revisado 0.732%, faltan ~32.4 h [interior primero 0.732%, interior primero + pieza menos restrictiva 0.206%, reinicios, interior primero 170.7%] (Knuth: ~8.3 h) | máximo colocado 73 de 100 | hilos 8 de 12
    ... 864.5 s | grupo 1/1 | 908940769 nodos | revisado 0.733%, faltan ~32.4 h [interior primero 0.733%, interior primero + pieza menos restrictiva 0.206%, reinicios, interior primero 170.7%] (Knuth: ~8.3 h) | máximo colocado 73 de 100 | hilos 8 de 12
    ... 866.5 s | grupo 1/1 | 911052145 nodos | revisado 0.734%, faltan ~32.4 h [interior primero 0.734%, interior primero + pieza menos restrictiva 0.208%, reinicios, interior primero 170.7%] (Knuth: ~8.3 h) | máximo colocado 73 de 100 | hilos 8 de 12
    ... 868.5 s | grupo 1/1 | 913182090 nodos | revisado 0.735%, faltan ~32.5 h [interior primero 0.735%, interior primero + pieza menos restrictiva 0.209%, reinicios, interior primero 170.8%] (Knuth: ~8.3 h) | máximo colocado 73 de 100 | hilos 8 de 12
    ... 870.5 s | grupo 1/1 | 915273225 nodos | revisado 0.735%, faltan ~32.5 h [interior primero 0.735%, interior primero + pieza menos restrictiva 0.210%, reinicios, interior primero 171.8%] (Knuth: ~8.3 h) | máximo colocado 73 de 100 | hilos 8 de 12
    ... 872.5 s | grupo 1/1 | 917388551 nodos | revisado 0.736%, faltan ~32.6 h [interior primero 0.736%, interior primero + pieza menos restrictiva 0.210%, reinicios, interior primero 171.8%] (Knuth: ~8.3 h) | máximo colocado 73 de 100 | hilos 8 de 12
    ... 874.6 s | grupo 1/1 | 919487225 nodos | revisado 0.737%, faltan ~32.6 h [interior primero 0.737%, interior primero + pieza menos restrictiva 0.212%, reinicios, interior primero 171.8%] (Knuth: ~8.3 h) | máximo colocado 73 de 100 | hilos 8 de 12
    ... 876.6 s | grupo 1/1 | 921581296 nodos | revisado 0.737%, faltan ~32.7 h [interior primero 0.737%, interior primero + pieza menos restrictiva 0.213%, reinicios, interior primero 171.8%] (Knuth: ~8.3 h) | máximo colocado 73 de 100 | hilos 8 de 12
    ... 878.6 s | grupo 1/1 | 923690385 nodos | revisado 0.738%, faltan ~32.7 h [interior primero 0.738%, interior primero + pieza menos restrictiva 0.214%, reinicios, interior primero 171.8%] (Knuth: ~8.3 h) | máximo colocado 73 de 100 | hilos 8 de 12
    ... 880.6 s | grupo 1/1 | 925806176 nodos | revisado 0.739%, faltan ~32.8 h [interior primero 0.739%, interior primero + pieza menos restrictiva 0.214%, reinicios, interior primero 171.8%] (Knuth: ~8.3 h) | máximo colocado 73 de 100 | hilos 8 de 12
    ... 882.6 s | grupo 1/1 | 927898708 nodos | revisado 0.739%, faltan ~32.8 h [interior primero 0.739%, interior primero + pieza menos restrictiva 0.215%, reinicios, interior primero 171.8%] (Knuth: ~8.3 h) | máximo colocado 73 de 100 | hilos 8 de 12
    ... 884.6 s | grupo 1/1 | 929986035 nodos | revisado 0.739%, faltan ~32.9 h [interior primero 0.739%, interior primero + pieza menos restrictiva 0.217%, reinicios, interior primero 171.8%] (Knuth: ~8.3 h) | máximo colocado 73 de 100 | hilos 8 de 12
    ... 886.6 s | grupo 1/1 | 932097775 nodos | revisado 0.740%, faltan ~32.9 h [interior primero 0.740%, interior primero + pieza menos restrictiva 0.219%, reinicios, interior primero 171.8%] (Knuth: ~8.3 h) | máximo colocado 73 de 100 | hilos 8 de 12
    ... 888.6 s | grupo 1/1 | 934223376 nodos | revisado 0.740%, faltan ~33.0 h [interior primero 0.740%, interior primero + pieza menos restrictiva 0.220%, reinicios, interior primero 171.9%] (Knuth: ~8.3 h) | máximo colocado 73 de 100 | hilos 8 de 12
    ... 890.6 s | grupo 1/1 | 936363260 nodos | revisado 0.743%, faltan ~32.9 h [interior primero 0.743%, interior primero + pieza menos restrictiva 0.221%, reinicios, interior primero 173.9%] (Knuth: ~8.3 h) | máximo colocado 73 de 100 | hilos 8 de 12
    ... 892.6 s | grupo 1/1 | 938480564 nodos | revisado 0.748%, faltan ~32.8 h [interior primero 0.748%, interior primero + pieza menos restrictiva 0.221%, reinicios, interior primero 174.9%] (Knuth: ~8.3 h) | máximo colocado 73 de 100 | hilos 8 de 12
    ... 894.6 s | grupo 1/1 | 940589368 nodos | revisado 0.749%, faltan ~32.8 h [interior primero 0.749%, interior primero + pieza menos restrictiva 0.223%, reinicios, interior primero 175.0%] (Knuth: ~8.3 h) | máximo colocado 73 de 100 | hilos 8 de 12
    ... 896.6 s | grupo 1/1 | 942697476 nodos | revisado 0.750%, faltan ~32.9 h [interior primero 0.750%, interior primero + pieza menos restrictiva 0.224%, reinicios, interior primero 175.0%] (Knuth: ~8.3 h) | máximo colocado 73 de 100 | hilos 8 de 12
    ... 898.6 s | grupo 1/1 | 944801611 nodos | revisado 0.750%, faltan ~32.9 h [interior primero 0.750%, interior primero + pieza menos restrictiva 0.225%, reinicios, interior primero 175.0%] (Knuth: ~8.3 h) | máximo colocado 73 de 100 | hilos 8 de 12
    ... 900.6 s | grupo 1/1 | 946930400 nodos | revisado 0.751%, faltan ~33.0 h [interior primero 0.751%, interior primero + pieza menos restrictiva 0.225%, reinicios, interior primero 175.0%] (Knuth: ~8.3 h) | máximo colocado 73 de 100 | hilos 8 de 12
    ... 902.7 s | grupo 1/1 | 949078389 nodos | revisado 0.752%, faltan ~33.0 h [interior primero 0.752%, interior primero + pieza menos restrictiva 0.226%, reinicios, interior primero 175.0%] (Knuth: ~8.3 h) | máximo colocado 73 de 100 | hilos 8 de 12
    ... 904.7 s | grupo 1/1 | 951215584 nodos | revisado 0.754%, faltan ~32.9 h [interior primero 0.754%, interior primero + pieza menos restrictiva 0.226%, reinicios, interior primero 175.0%] (Knuth: ~8.3 h) | máximo colocado 73 de 100 | hilos 8 de 12
    ... 906.7 s | grupo 1/1 | 953329897 nodos | revisado 0.755%, faltan ~33.0 h [interior primero 0.755%, interior primero + pieza menos restrictiva 0.226%, reinicios, interior primero 176.1%] (Knuth: ~8.3 h) | máximo colocado 73 de 100 | hilos 8 de 12
    ... 908.7 s | grupo 1/1 | 955441611 nodos | revisado 0.755%, faltan ~33.1 h [interior primero 0.755%, interior primero + pieza menos restrictiva 0.227%, reinicios, interior primero 176.1%] (Knuth: ~8.3 h) | máximo colocado 73 de 100 | hilos 8 de 12
    ... 910.7 s | grupo 1/1 | 957573030 nodos | revisado 0.756%, faltan ~33.1 h [interior primero 0.756%, interior primero + pieza menos restrictiva 0.227%, reinicios, interior primero 176.1%] (Knuth: ~8.3 h) | máximo colocado 73 de 100 | hilos 8 de 12
    ... 912.7 s | grupo 1/1 | 959691318 nodos | revisado 0.756%, faltan ~33.2 h [interior primero 0.756%, interior primero + pieza menos restrictiva 0.227%, reinicios, interior primero 176.1%] (Knuth: ~8.3 h) | máximo colocado 73 de 100 | hilos 8 de 12
    ... 914.7 s | grupo 1/1 | 961806403 nodos | revisado 0.756%, faltan ~33.2 h [interior primero 0.756%, interior primero + pieza menos restrictiva 0.227%, reinicios, interior primero 177.2%] (Knuth: ~8.3 h) | máximo colocado 73 de 100 | hilos 8 de 12
    ... 916.7 s | grupo 1/1 | 963964151 nodos | revisado 0.757%, faltan ~33.3 h [interior primero 0.757%, interior primero + pieza menos restrictiva 0.227%, reinicios, interior primero 177.2%] (Knuth: ~8.3 h) | máximo colocado 73 de 100 | hilos 8 de 12
    ... 918.7 s | grupo 1/1 | 966094317 nodos | revisado 0.758%, faltan ~33.3 h [interior primero 0.758%, interior primero + pieza menos restrictiva 0.228%, reinicios, interior primero 177.2%] (Knuth: ~8.3 h) | máximo colocado 73 de 100 | hilos 8 de 12
    ... 920.7 s | grupo 1/1 | 968232806 nodos | revisado 0.759%, faltan ~33.3 h [interior primero 0.759%, interior primero + pieza menos restrictiva 0.228%, reinicios, interior primero 177.2%] (Knuth: ~8.3 h) | máximo colocado 73 de 100 | hilos 8 de 12
    ... 922.7 s | grupo 1/1 | 970364422 nodos | revisado 0.759%, faltan ~33.4 h [interior primero 0.759%, interior primero + pieza menos restrictiva 0.228%, reinicios, interior primero 177.2%] (Knuth: ~8.3 h) | máximo colocado 73 de 100 | hilos 8 de 12
    ... 924.7 s | grupo 1/1 | 972484746 nodos | revisado 0.760%, faltan ~33.4 h [interior primero 0.760%, interior primero + pieza menos restrictiva 0.228%, reinicios, interior primero 177.7%] (Knuth: ~8.3 h) | máximo colocado 73 de 100 | hilos 8 de 12
    ... 926.7 s | grupo 1/1 | 974627690 nodos | revisado 0.760%, faltan ~33.5 h [interior primero 0.760%, interior primero + pieza menos restrictiva 0.228%, reinicios, interior primero 177.7%] (Knuth: ~8.3 h) | máximo colocado 73 de 100 | hilos 8 de 12
    ... 928.7 s | grupo 1/1 | 976757759 nodos | revisado 0.761%, faltan ~33.5 h [interior primero 0.761%, interior primero + pieza menos restrictiva 0.230%, reinicios, interior primero 177.7%] (Knuth: ~8.3 h) | máximo colocado 73 de 100 | hilos 8 de 12
    ... 930.8 s | grupo 1/1 | 978892600 nodos | revisado 0.761%, faltan ~33.6 h [interior primero 0.761%, interior primero + pieza menos restrictiva 0.231%, reinicios, interior primero 178.8%] (Knuth: ~8.3 h) | máximo colocado 73 de 100 | hilos 8 de 12
    ... 932.8 s | grupo 1/1 | 981027810 nodos | revisado 0.762%, faltan ~33.6 h [interior primero 0.762%, interior primero + pieza menos restrictiva 0.232%, reinicios, interior primero 178.8%] (Knuth: ~8.3 h) | máximo colocado 73 de 100 | hilos 8 de 12
    ... 934.8 s | grupo 1/1 | 983135121 nodos | revisado 0.763%, faltan ~33.7 h [interior primero 0.763%, interior primero + pieza menos restrictiva 0.233%, reinicios, interior primero 178.8%] (Knuth: ~8.3 h) | máximo colocado 73 de 100 | hilos 8 de 12
    ... 936.8 s | grupo 1/1 | 985255625 nodos | revisado 0.763%, faltan ~33.7 h [interior primero 0.763%, interior primero + pieza menos restrictiva 0.233%, reinicios, interior primero 178.8%] (Knuth: ~8.3 h) | máximo colocado 73 de 100 | hilos 8 de 12
    ... 938.8 s | grupo 1/1 | 987353778 nodos | revisado 0.764%, faltan ~33.8 h [interior primero 0.764%, interior primero + pieza menos restrictiva 0.233%, reinicios, interior primero 178.8%] (Knuth: ~8.3 h) | máximo colocado 73 de 100 | hilos 8 de 12
    ... 940.8 s | grupo 1/1 | 989483211 nodos | revisado 0.764%, faltan ~33.8 h [interior primero 0.764%, interior primero + pieza menos restrictiva 0.235%, reinicios, interior primero 178.8%] (Knuth: ~8.3 h) | máximo colocado 73 de 100 | hilos 8 de 12
    ... 942.8 s | grupo 1/1 | 991620546 nodos | revisado 0.764%, faltan ~33.9 h [interior primero 0.764%, interior primero + pieza menos restrictiva 0.236%, reinicios, interior primero 178.8%] (Knuth: ~8.3 h) | máximo colocado 73 de 100 | hilos 8 de 12
    ... 944.8 s | grupo 1/1 | 993704779 nodos | revisado 0.765%, faltan ~33.9 h [interior primero 0.765%, interior primero + pieza menos restrictiva 0.236%, reinicios, interior primero 178.8%] (Knuth: ~8.3 h) | máximo colocado 73 de 100 | hilos 8 de 12
    ... 946.8 s | grupo 1/1 | 995826099 nodos | revisado 0.765%, faltan ~34.0 h [interior primero 0.765%, interior primero + pieza menos restrictiva 0.237%, reinicios, interior primero 178.8%] (Knuth: ~8.3 h) | máximo colocado 73 de 100 | hilos 8 de 12
    ... 948.8 s | grupo 1/1 | 997939024 nodos | revisado 0.766%, faltan ~34.1 h [interior primero 0.766%, interior primero + pieza menos restrictiva 0.237%, reinicios, interior primero 178.8%] (Knuth: ~8.3 h) | máximo colocado 73 de 100 | hilos 8 de 12
    ... 950.9 s | grupo 1/1 | 1000077788 nodos | revisado 0.767%, faltan ~34.1 h [interior primero 0.767%, interior primero + pieza menos restrictiva 0.237%, reinicios, interior primero 178.8%] (Knuth: ~8.3 h) | máximo colocado 73 de 100 | hilos 8 de 12
    ... 952.9 s | grupo 1/1 | 1002210598 nodos | revisado 0.767%, faltan ~34.1 h [interior primero 0.767%, interior primero + pieza menos restrictiva 0.238%, reinicios, interior primero 178.8%] (Knuth: ~8.3 h) | máximo colocado 73 de 100 | hilos 8 de 12
    ... 954.9 s | grupo 1/1 | 1004329052 nodos | revisado 0.770%, faltan ~34.1 h [interior primero 0.770%, interior primero + pieza menos restrictiva 0.238%, reinicios, interior primero 178.8%] (Knuth: ~8.3 h) | máximo colocado 73 de 100 | hilos 8 de 12
    ... 956.9 s | grupo 1/1 | 1006446908 nodos | revisado 0.770%, faltan ~34.1 h [interior primero 0.770%, interior primero + pieza menos restrictiva 0.238%, reinicios, interior primero 178.9%] (Knuth: ~8.3 h) | máximo colocado 73 de 100 | hilos 8 de 12
    ... 958.9 s | grupo 1/1 | 1008577052 nodos | revisado 0.772%, faltan ~34.1 h [interior primero 0.772%, interior primero + pieza menos restrictiva 0.239%, reinicios, interior primero 178.9%] (Knuth: ~8.3 h) | máximo colocado 73 de 100 | hilos 8 de 12
    ... 960.9 s | grupo 1/1 | 1010740317 nodos | revisado 0.777%, faltan ~34.0 h [interior primero 0.777%, interior primero + pieza menos restrictiva 0.241%, reinicios, interior primero 179.4%] (Knuth: ~8.2 h) | máximo colocado 73 de 100 | hilos 8 de 12
    ... 962.9 s | grupo 1/1 | 1012871364 nodos | revisado 0.779%, faltan ~34.0 h [interior primero 0.779%, interior primero + pieza menos restrictiva 0.242%, reinicios, interior primero 179.9%] (Knuth: ~8.2 h) | máximo colocado 73 de 100 | hilos 8 de 12
    ... 964.9 s | grupo 1/1 | 1015012250 nodos | revisado 0.779%, faltan ~34.0 h [interior primero 0.779%, interior primero + pieza menos restrictiva 0.242%, reinicios, interior primero 181.0%] (Knuth: ~8.2 h) | máximo colocado 73 de 100 | hilos 8 de 12
    ... 966.9 s | grupo 1/1 | 1017164232 nodos | revisado 0.779%, faltan ~34.1 h [interior primero 0.779%, interior primero + pieza menos restrictiva 0.243%, reinicios, interior primero 181.0%] (Knuth: ~8.2 h) | máximo colocado 73 de 100 | hilos 8 de 12
    ... 968.9 s | grupo 1/1 | 1019302229 nodos | revisado 0.779%, faltan ~34.2 h [interior primero 0.779%, interior primero + pieza menos restrictiva 0.244%, reinicios, interior primero 181.0%] (Knuth: ~8.2 h) | máximo colocado 73 de 100 | hilos 8 de 12
    ... 970.9 s | grupo 1/1 | 1021428630 nodos | revisado 0.780%, faltan ~34.2 h [interior primero 0.780%, interior primero + pieza menos restrictiva 0.244%, reinicios, interior primero 181.0%] (Knuth: ~8.2 h) | máximo colocado 73 de 100 | hilos 8 de 12
    ... 972.9 s | grupo 1/1 | 1023550975 nodos | revisado 0.780%, faltan ~34.3 h [interior primero 0.780%, interior primero + pieza menos restrictiva 0.246%, reinicios, interior primero 182.1%] (Knuth: ~8.2 h) | máximo colocado 73 de 100 | hilos 8 de 12
    ... 974.9 s | grupo 1/1 | 1025676797 nodos | revisado 0.780%, faltan ~34.3 h [interior primero 0.780%, interior primero + pieza menos restrictiva 0.247%, reinicios, interior primero 183.1%] (Knuth: ~8.2 h) | máximo colocado 73 de 100 | hilos 8 de 12
    ... 976.9 s | grupo 1/1 | 1027823243 nodos | revisado 0.783%, faltan ~34.3 h [interior primero 0.783%, interior primero + pieza menos restrictiva 0.248%, reinicios, interior primero 183.2%] (Knuth: ~8.2 h) | máximo colocado 73 de 100 | hilos 8 de 12
    ... 978.9 s | grupo 1/1 | 1029961347 nodos | revisado 0.783%, faltan ~34.3 h [interior primero 0.783%, interior primero + pieza menos restrictiva 0.249%, reinicios, interior primero 183.2%] (Knuth: ~8.2 h) | máximo colocado 73 de 100 | hilos 8 de 12
    ... 980.9 s | grupo 1/1 | 1032079731 nodos | revisado 0.784%, faltan ~34.4 h [interior primero 0.784%, interior primero + pieza menos restrictiva 0.250%, reinicios, interior primero 183.2%] (Knuth: ~8.2 h) | máximo colocado 73 de 100 | hilos 8 de 12
    ... 983.0 s | grupo 1/1 | 1034229183 nodos | revisado 0.784%, faltan ~34.4 h [interior primero 0.784%, interior primero + pieza menos restrictiva 0.250%, reinicios, interior primero 183.3%] (Knuth: ~8.2 h) | máximo colocado 73 de 100 | hilos 8 de 12
    ... 985.0 s | grupo 1/1 | 1036336293 nodos | revisado 0.784%, faltan ~34.5 h [interior primero 0.784%, interior primero + pieza menos restrictiva 0.252%, reinicios, interior primero 183.3%] (Knuth: ~8.2 h) | máximo colocado 73 de 100 | hilos 8 de 12
    ... 987.0 s | grupo 1/1 | 1038467857 nodos | revisado 0.785%, faltan ~34.5 h [interior primero 0.785%, interior primero + pieza menos restrictiva 0.254%, reinicios, interior primero 183.3%] (Knuth: ~8.2 h) | máximo colocado 73 de 100 | hilos 8 de 12
    ... 989.0 s | grupo 1/1 | 1040600844 nodos | revisado 0.785%, faltan ~34.6 h [interior primero 0.785%, interior primero + pieza menos restrictiva 0.255%, reinicios, interior primero 184.6%] (Knuth: ~8.2 h) | máximo colocado 73 de 100 | hilos 8 de 12
    ... 991.0 s | grupo 1/1 | 1042725155 nodos | revisado 0.786%, faltan ~34.7 h [interior primero 0.786%, interior primero + pieza menos restrictiva 0.256%, reinicios, interior primero 185.7%] (Knuth: ~8.2 h) | máximo colocado 73 de 100 | hilos 8 de 12
    ... 993.0 s | grupo 1/1 | 1044841055 nodos | revisado 0.786%, faltan ~34.7 h [interior primero 0.786%, interior primero + pieza menos restrictiva 0.256%, reinicios, interior primero 185.8%] (Knuth: ~8.2 h) | máximo colocado 73 de 100 | hilos 8 de 12
    ... 995.0 s | grupo 1/1 | 1046969429 nodos | revisado 0.786%, faltan ~34.8 h [interior primero 0.786%, interior primero + pieza menos restrictiva 0.256%, reinicios, interior primero 185.8%] (Knuth: ~8.2 h) | máximo colocado 73 de 100 | hilos 8 de 12
    ... 997.0 s | grupo 1/1 | 1049111980 nodos | revisado 0.787%, faltan ~34.8 h [interior primero 0.787%, interior primero + pieza menos restrictiva 0.257%, reinicios, interior primero 185.8%] (Knuth: ~8.2 h) | máximo colocado 73 de 100 | hilos 8 de 12
    ... 999.0 s | grupo 1/1 | 1051238238 nodos | revisado 0.787%, faltan ~34.9 h [interior primero 0.787%, interior primero + pieza menos restrictiva 0.258%, reinicios, interior primero 185.8%] (Knuth: ~8.2 h) | máximo colocado 73 de 100 | hilos 8 de 12
    ... 1001.0 s | grupo 1/1 | 1053393611 nodos | revisado 0.787%, faltan ~34.9 h [interior primero 0.787%, interior primero + pieza menos restrictiva 0.260%, reinicios, interior primero 186.8%] (Knuth: ~8.2 h) | máximo colocado 73 de 100 | hilos 8 de 12
    ... 1003.0 s | grupo 1/1 | 1055539308 nodos | revisado 0.787%, faltan ~35.0 h [interior primero 0.787%, interior primero + pieza menos restrictiva 0.261%, reinicios, interior primero 187.9%] (Knuth: ~8.2 h) | máximo colocado 73 de 100 | hilos 8 de 12
    ... 1005.0 s | grupo 1/1 | 1057657368 nodos | revisado 0.788%, faltan ~35.0 h [interior primero 0.788%, interior primero + pieza menos restrictiva 0.265%, reinicios, interior primero 189.4%] (Knuth: ~8.2 h) | máximo colocado 73 de 100 | hilos 8 de 12
    ... 1007.0 s | grupo 1/1 | 1059791917 nodos | revisado 0.788%, faltan ~35.1 h [interior primero 0.788%, interior primero + pieza menos restrictiva 0.269%, reinicios, interior primero 191.5%] (Knuth: ~8.2 h) | máximo colocado 73 de 100 | hilos 8 de 12
    ... 1009.0 s | grupo 1/1 | 1061901593 nodos | revisado 0.788%, faltan ~35.2 h [interior primero 0.788%, interior primero + pieza menos restrictiva 0.273%, reinicios, interior primero 192.0%] (Knuth: ~8.2 h) | máximo colocado 73 de 100 | hilos 8 de 12
    ... 1011.1 s | grupo 1/1 | 1064052611 nodos | revisado 0.789%, faltan ~35.2 h [interior primero 0.789%, interior primero + pieza menos restrictiva 0.278%, reinicios, interior primero 192.1%] (Knuth: ~8.2 h) | máximo colocado 73 de 100 | hilos 8 de 12
    ... 1013.1 s | grupo 1/1 | 1066227783 nodos | revisado 0.789%, faltan ~35.3 h [interior primero 0.789%, interior primero + pieza menos restrictiva 0.288%, reinicios, interior primero 192.2%] (Knuth: ~8.2 h) | máximo colocado 73 de 100 | hilos 8 de 12
    ... 1015.1 s | grupo 1/1 | 1068369307 nodos | revisado 0.792%, faltan ~35.2 h [interior primero 0.792%, interior primero + pieza menos restrictiva 0.289%, reinicios, interior primero 192.2%] (Knuth: ~8.2 h) | máximo colocado 73 de 100 | hilos 8 de 12
    ... 1017.1 s | grupo 1/1 | 1070524626 nodos | revisado 0.794%, faltan ~35.2 h [interior primero 0.794%, interior primero + pieza menos restrictiva 0.290%, reinicios, interior primero 194.3%] (Knuth: ~8.2 h) | máximo colocado 73 de 100 | hilos 8 de 12
    ... 1019.1 s | grupo 1/1 | 1072664156 nodos | revisado 0.794%, faltan ~35.3 h [interior primero 0.794%, interior primero + pieza menos restrictiva 0.291%, reinicios, interior primero 194.4%] (Knuth: ~8.2 h) | máximo colocado 73 de 100 | hilos 8 de 12
    ... 1021.1 s | grupo 1/1 | 1074799771 nodos | revisado 0.795%, faltan ~35.3 h [interior primero 0.795%, interior primero + pieza menos restrictiva 0.294%, reinicios, interior primero 194.4%] (Knuth: ~8.2 h) | máximo colocado 73 de 100 | hilos 8 de 12
    ... 1023.1 s | grupo 1/1 | 1076939996 nodos | revisado 0.798%, faltan ~35.2 h [interior primero 0.798%, interior primero + pieza menos restrictiva 0.298%, reinicios, interior primero 194.4%] (Knuth: ~8.2 h) | máximo colocado 73 de 100 | hilos 8 de 12
    ... 1025.1 s | grupo 1/1 | 1079087361 nodos | revisado 0.799%, faltan ~35.3 h [interior primero 0.799%, interior primero + pieza menos restrictiva 0.304%, reinicios, interior primero 194.5%] (Knuth: ~8.2 h) | máximo colocado 73 de 100 | hilos 8 de 12
    ... 1027.1 s | grupo 1/1 | 1081228974 nodos | revisado 0.799%, faltan ~35.3 h [interior primero 0.799%, interior primero + pieza menos restrictiva 0.311%, reinicios, interior primero 195.5%] (Knuth: ~8.2 h) | máximo colocado 73 de 100 | hilos 8 de 12
    ... 1029.1 s | grupo 1/1 | 1083379950 nodos | revisado 0.800%, faltan ~35.4 h [interior primero 0.800%, interior primero + pieza menos restrictiva 0.312%, reinicios, interior primero 196.0%] (Knuth: ~8.2 h) | máximo colocado 73 de 100 | hilos 8 de 12
    ... 1031.1 s | grupo 1/1 | 1085521005 nodos | revisado 0.801%, faltan ~35.4 h [interior primero 0.801%, interior primero + pieza menos restrictiva 0.312%, reinicios, interior primero 196.0%] (Knuth: ~8.2 h) | máximo colocado 73 de 100 | hilos 8 de 12
    ... 1033.2 s | grupo 1/1 | 1087671253 nodos | revisado 0.801%, faltan ~35.4 h [interior primero 0.801%, interior primero + pieza menos restrictiva 0.312%, reinicios, interior primero 197.1%] (Knuth: ~8.2 h) | máximo colocado 73 de 100 | hilos 8 de 12
    ... 1035.2 s | grupo 1/1 | 1089838457 nodos | revisado 0.802%, faltan ~35.5 h [interior primero 0.802%, interior primero + pieza menos restrictiva 0.312%, reinicios, interior primero 197.1%] (Knuth: ~8.2 h) | máximo colocado 73 de 100 | hilos 8 de 12
    ... 1037.2 s | grupo 1/1 | 1091985356 nodos | revisado 0.805%, faltan ~35.4 h [interior primero 0.805%, interior primero + pieza menos restrictiva 0.313%, reinicios, interior primero 197.1%] (Knuth: ~8.2 h) | máximo colocado 73 de 100 | hilos 8 de 12
    ... 1039.2 s | grupo 1/1 | 1094147050 nodos | revisado 0.806%, faltan ~35.4 h [interior primero 0.806%, interior primero + pieza menos restrictiva 0.313%, reinicios, interior primero 197.1%] (Knuth: ~8.2 h) | máximo colocado 73 de 100 | hilos 8 de 12
    ... 1041.2 s | grupo 1/1 | 1096291816 nodos | revisado 0.807%, faltan ~35.5 h [interior primero 0.807%, interior primero + pieza menos restrictiva 0.313%, reinicios, interior primero 197.2%] (Knuth: ~8.2 h) | máximo colocado 73 de 100 | hilos 8 de 12
    ... 1043.2 s | grupo 1/1 | 1098423638 nodos | revisado 0.807%, faltan ~35.5 h [interior primero 0.807%, interior primero + pieza menos restrictiva 0.314%, reinicios, interior primero 197.3%] (Knuth: ~8.2 h) | máximo colocado 73 de 100 | hilos 8 de 12
    ... 1045.2 s | grupo 1/1 | 1100511317 nodos | revisado 0.807%, faltan ~35.6 h [interior primero 0.807%, interior primero + pieza menos restrictiva 0.314%, reinicios, interior primero 197.3%] (Knuth: ~8.2 h) | máximo colocado 73 de 100 | hilos 8 de 12
    ... 1047.2 s | grupo 1/1 | 1102615854 nodos | revisado 0.808%, faltan ~35.6 h [interior primero 0.808%, interior primero + pieza menos restrictiva 0.314%, reinicios, interior primero 197.3%] (Knuth: ~8.2 h) | máximo colocado 73 de 100 | hilos 8 de 12
    ... 1049.2 s | grupo 1/1 | 1104755521 nodos | revisado 0.814%, faltan ~35.4 h [interior primero 0.814%, interior primero + pieza menos restrictiva 0.314%, reinicios, interior primero 197.3%] (Knuth: ~8.2 h) | máximo colocado 73 de 100 | hilos 8 de 12
    ... 1051.2 s | grupo 1/1 | 1106868165 nodos | revisado 0.815%, faltan ~35.4 h [interior primero 0.815%, interior primero + pieza menos restrictiva 0.314%, reinicios, interior primero 197.3%] (Knuth: ~8.2 h) | máximo colocado 73 de 100 | hilos 8 de 12
    ... 1053.2 s | grupo 1/1 | 1108984712 nodos | revisado 0.816%, faltan ~35.5 h [interior primero 0.816%, interior primero + pieza menos restrictiva 0.314%, reinicios, interior primero 197.3%] (Knuth: ~8.2 h) | máximo colocado 73 de 100 | hilos 8 de 12
    ... 1055.2 s | grupo 1/1 | 1111092089 nodos | revisado 0.816%, faltan ~35.5 h [interior primero 0.816%, interior primero + pieza menos restrictiva 0.315%, reinicios, interior primero 197.4%] (Knuth: ~8.2 h) | máximo colocado 73 de 100 | hilos 8 de 12
    ... 1057.2 s | grupo 1/1 | 1113202127 nodos | revisado 0.818%, faltan ~35.5 h [interior primero 0.818%, interior primero + pieza menos restrictiva 0.315%, reinicios, interior primero 197.4%] (Knuth: ~8.2 h) | máximo colocado 73 de 100 | hilos 8 de 12
    ... 1059.3 s | grupo 1/1 | 1115319758 nodos | revisado 0.818%, faltan ~35.6 h [interior primero 0.818%, interior primero + pieza menos restrictiva 0.316%, reinicios, interior primero 197.5%] (Knuth: ~8.2 h) | máximo colocado 73 de 100 | hilos 8 de 12
    ... 1061.3 s | grupo 1/1 | 1117410443 nodos | revisado 0.819%, faltan ~35.6 h [interior primero 0.819%, interior primero + pieza menos restrictiva 0.316%, reinicios, interior primero 197.5%] (Knuth: ~8.2 h) | máximo colocado 73 de 100 | hilos 8 de 12
    ... 1063.3 s | grupo 1/1 | 1119543235 nodos | revisado 0.819%, faltan ~35.7 h [interior primero 0.819%, interior primero + pieza menos restrictiva 0.316%, reinicios, interior primero 197.5%] (Knuth: ~8.2 h) | máximo colocado 73 de 100 | hilos 8 de 12
    ... 1065.3 s | grupo 1/1 | 1121663660 nodos | revisado 0.819%, faltan ~35.7 h [interior primero 0.819%, interior primero + pieza menos restrictiva 0.316%, reinicios, interior primero 197.6%] (Knuth: ~8.2 h) | máximo colocado 73 de 100 | hilos 8 de 12
    ... 1067.3 s | grupo 1/1 | 1123778662 nodos | revisado 0.820%, faltan ~35.8 h [interior primero 0.820%, interior primero + pieza menos restrictiva 0.317%, reinicios, interior primero 197.6%] (Knuth: ~8.2 h) | máximo colocado 73 de 100 | hilos 8 de 12
    ... 1069.3 s | grupo 1/1 | 1125885919 nodos | revisado 0.820%, faltan ~35.8 h [interior primero 0.820%, interior primero + pieza menos restrictiva 0.317%, reinicios, interior primero 198.6%] (Knuth: ~8.2 h) | máximo colocado 73 de 100 | hilos 8 de 12
    ... 1071.3 s | grupo 1/1 | 1128043608 nodos | revisado 0.820%, faltan ~35.9 h [interior primero 0.820%, interior primero + pieza menos restrictiva 0.317%, reinicios, interior primero 199.1%] (Knuth: ~8.2 h) | máximo colocado 73 de 100 | hilos 8 de 12
    ... 1073.3 s | grupo 1/1 | 1130216027 nodos | revisado 0.822%, faltan ~35.9 h [interior primero 0.822%, interior primero + pieza menos restrictiva 0.317%, reinicios, interior primero 199.2%] (Knuth: ~8.2 h) | máximo colocado 73 de 100 | hilos 8 de 12
    ... 1075.3 s | grupo 1/1 | 1132358081 nodos | revisado 0.823%, faltan ~35.9 h [interior primero 0.823%, interior primero + pieza menos restrictiva 0.317%, reinicios, interior primero 199.2%] (Knuth: ~8.2 h) | máximo colocado 73 de 100 | hilos 8 de 12
    ... 1077.3 s | grupo 1/1 | 1134509243 nodos | revisado 0.823%, faltan ~35.9 h [interior primero 0.823%, interior primero + pieza menos restrictiva 0.317%, reinicios, interior primero 200.3%] (Knuth: ~8.2 h) | máximo colocado 73 de 100 | hilos 8 de 12
    ... 1079.3 s | grupo 1/1 | 1136630217 nodos | revisado 0.824%, faltan ~36.0 h [interior primero 0.824%, interior primero + pieza menos restrictiva 0.317%, reinicios, interior primero 200.3%] (Knuth: ~8.2 h) | máximo colocado 73 de 100 | hilos 8 de 12
    ... 1081.3 s | grupo 1/1 | 1138670207 nodos | revisado 0.824%, faltan ~36.0 h [interior primero 0.824%, interior primero + pieza menos restrictiva 0.318%, reinicios, interior primero 200.3%] (Knuth: ~8.2 h) | máximo colocado 73 de 100 | hilos 8 de 12
    ... 1083.4 s | grupo 1/1 | 1140758855 nodos | revisado 0.825%, faltan ~36.1 h [interior primero 0.825%, interior primero + pieza menos restrictiva 0.318%, reinicios, interior primero 200.3%] (Knuth: ~8.2 h) | máximo colocado 73 de 100 | hilos 8 de 12
    ... 1085.4 s | grupo 1/1 | 1142883736 nodos | revisado 0.826%, faltan ~36.1 h [interior primero 0.826%, interior primero + pieza menos restrictiva 0.318%, reinicios, interior primero 200.8%] (Knuth: ~8.2 h) | máximo colocado 73 de 100 | hilos 8 de 12
    ... 1087.4 s | grupo 1/1 | 1144992986 nodos | revisado 0.827%, faltan ~36.1 h [interior primero 0.827%, interior primero + pieza menos restrictiva 0.318%, reinicios, interior primero 200.9%] (Knuth: ~8.2 h) | máximo colocado 73 de 100 | hilos 8 de 12
    ... 1089.4 s | grupo 1/1 | 1147074203 nodos | revisado 0.827%, faltan ~36.2 h [interior primero 0.827%, interior primero + pieza menos restrictiva 0.318%, reinicios, interior primero 200.9%] (Knuth: ~8.2 h) | máximo colocado 73 de 100 | hilos 8 de 12
    ... 1091.4 s | grupo 1/1 | 1149155145 nodos | revisado 0.828%, faltan ~36.2 h [interior primero 0.828%, interior primero + pieza menos restrictiva 0.318%, reinicios, interior primero 202.0%] (Knuth: ~8.2 h) | máximo colocado 73 de 100 | hilos 8 de 12
    ... 1093.4 s | grupo 1/1 | 1151251203 nodos | revisado 0.829%, faltan ~36.2 h [interior primero 0.829%, interior primero + pieza menos restrictiva 0.318%, reinicios, interior primero 202.0%] (Knuth: ~8.2 h) | máximo colocado 73 de 100 | hilos 8 de 12
    ... 1095.4 s | grupo 1/1 | 1153338766 nodos | revisado 0.829%, faltan ~36.3 h [interior primero 0.829%, interior primero + pieza menos restrictiva 0.318%, reinicios, interior primero 202.0%] (Knuth: ~8.2 h) | máximo colocado 73 de 100 | hilos 8 de 12
    ... 1097.4 s | grupo 1/1 | 1155454890 nodos | revisado 0.830%, faltan ~36.3 h [interior primero 0.830%, interior primero + pieza menos restrictiva 0.318%, reinicios, interior primero 202.1%] (Knuth: ~8.2 h) | máximo colocado 73 de 100 | hilos 8 de 12
    ... 1099.4 s | grupo 1/1 | 1157582384 nodos | revisado 0.832%, faltan ~36.3 h [interior primero 0.832%, interior primero + pieza menos restrictiva 0.319%, reinicios, interior primero 203.1%] (Knuth: ~8.2 h) | máximo colocado 73 de 100 | hilos 8 de 12
    ... 1101.4 s | grupo 1/1 | 1159701054 nodos | revisado 0.833%, faltan ~36.3 h [interior primero 0.833%, interior primero + pieza menos restrictiva 0.319%, reinicios, interior primero 203.1%] (Knuth: ~8.2 h) | máximo colocado 73 de 100 | hilos 8 de 12
    ... 1103.4 s | grupo 1/1 | 1161817374 nodos | revisado 0.834%, faltan ~36.3 h [interior primero 0.834%, interior primero + pieza menos restrictiva 0.319%, reinicios, interior primero 203.1%] (Knuth: ~8.2 h) | máximo colocado 73 de 100 | hilos 8 de 12
    ... 1105.4 s | grupo 1/1 | 1163933527 nodos | revisado 0.836%, faltan ~36.3 h [interior primero 0.836%, interior primero + pieza menos restrictiva 0.319%, reinicios, interior primero 203.1%] (Knuth: ~8.2 h) | máximo colocado 73 de 100 | hilos 8 de 12
    ... 1107.4 s | grupo 1/1 | 1166042193 nodos | revisado 0.837%, faltan ~36.4 h [interior primero 0.837%, interior primero + pieza menos restrictiva 0.320%, reinicios, interior primero 203.1%] (Knuth: ~8.2 h) | máximo colocado 73 de 100 | hilos 8 de 12
    ... 1109.5 s | grupo 1/1 | 1168185781 nodos | revisado 0.838%, faltan ~36.4 h [interior primero 0.838%, interior primero + pieza menos restrictiva 0.320%, reinicios, interior primero 203.2%] (Knuth: ~8.2 h) | máximo colocado 73 de 100 | hilos 8 de 12
    ... 1111.5 s | grupo 1/1 | 1170321115 nodos | revisado 0.838%, faltan ~36.4 h [interior primero 0.838%, interior primero + pieza menos restrictiva 0.321%, reinicios, interior primero 203.2%] (Knuth: ~8.2 h) | máximo colocado 73 de 100 | hilos 8 de 12
    ... 1113.5 s | grupo 1/1 | 1172487116 nodos | revisado 0.838%, faltan ~36.5 h [interior primero 0.838%, interior primero + pieza menos restrictiva 0.321%, reinicios, interior primero 203.2%] (Knuth: ~8.2 h) | máximo colocado 73 de 100 | hilos 8 de 12
    ... 1115.5 s | grupo 1/1 | 1174607273 nodos | revisado 0.839%, faltan ~36.5 h [interior primero 0.839%, interior primero + pieza menos restrictiva 0.321%, reinicios, interior primero 203.3%] (Knuth: ~8.2 h) | máximo colocado 73 de 100 | hilos 8 de 12
    ... 1117.5 s | grupo 1/1 | 1176741147 nodos | revisado 0.839%, faltan ~36.6 h [interior primero 0.839%, interior primero + pieza menos restrictiva 0.321%, reinicios, interior primero 203.3%] (Knuth: ~8.2 h) | máximo colocado 73 de 100 | hilos 8 de 12
    ... 1119.5 s | grupo 1/1 | 1178904092 nodos | revisado 0.840%, faltan ~36.6 h [interior primero 0.840%, interior primero + pieza menos restrictiva 0.321%, reinicios, interior primero 203.3%] (Knuth: ~8.2 h) | máximo colocado 73 de 100 | hilos 8 de 12
    ... 1121.5 s | grupo 1/1 | 1181060617 nodos | revisado 0.840%, faltan ~36.7 h [interior primero 0.840%, interior primero + pieza menos restrictiva 0.322%, reinicios, interior primero 203.3%] (Knuth: ~8.2 h) | máximo colocado 73 de 100 | hilos 8 de 12
    ... 1123.5 s | grupo 1/1 | 1183208372 nodos | revisado 0.840%, faltan ~36.7 h [interior primero 0.840%, interior primero + pieza menos restrictiva 0.322%, reinicios, interior primero 203.3%] (Knuth: ~8.2 h) | máximo colocado 73 de 100 | hilos 8 de 12
    ... 1125.5 s | grupo 1/1 | 1185363352 nodos | revisado 0.841%, faltan ~36.8 h [interior primero 0.841%, interior primero + pieza menos restrictiva 0.322%, reinicios, interior primero 203.3%] (Knuth: ~8.2 h) | máximo colocado 73 de 100 | hilos 8 de 12
    ... 1127.5 s | grupo 1/1 | 1187525600 nodos | revisado 0.842%, faltan ~36.8 h [interior primero 0.842%, interior primero + pieza menos restrictiva 0.322%, reinicios, interior primero 203.3%] (Knuth: ~8.2 h) | máximo colocado 73 de 100 | hilos 8 de 12
    ... 1129.5 s | grupo 1/1 | 1189663828 nodos | revisado 0.843%, faltan ~36.8 h [interior primero 0.843%, interior primero + pieza menos restrictiva 0.323%, reinicios, interior primero 203.3%] (Knuth: ~8.2 h) | máximo colocado 73 de 100 | hilos 8 de 12
    ... 1131.5 s | grupo 1/1 | 1191827502 nodos | revisado 0.845%, faltan ~36.8 h [interior primero 0.845%, interior primero + pieza menos restrictiva 0.323%, reinicios, interior primero 203.4%] (Knuth: ~8.2 h) | máximo colocado 73 de 100 | hilos 8 de 12
    ... 1133.5 s | grupo 1/1 | 1193973152 nodos | revisado 0.846%, faltan ~36.8 h [interior primero 0.846%, interior primero + pieza menos restrictiva 0.323%, reinicios, interior primero 203.4%] (Knuth: ~8.2 h) | máximo colocado 73 de 100 | hilos 8 de 12
    ... 1135.6 s | grupo 1/1 | 1196108761 nodos | revisado 0.847%, faltan ~36.8 h [interior primero 0.847%, interior primero + pieza menos restrictiva 0.323%, reinicios, interior primero 203.4%] (Knuth: ~8.2 h) | máximo colocado 73 de 100 | hilos 8 de 12
    ... 1137.6 s | grupo 1/1 | 1198276558 nodos | revisado 0.848%, faltan ~36.8 h [interior primero 0.848%, interior primero + pieza menos restrictiva 0.323%, reinicios, interior primero 203.4%] (Knuth: ~8.2 h) | máximo colocado 73 de 100 | hilos 8 de 12
    ... 1139.6 s | grupo 1/1 | 1200445196 nodos | revisado 0.850%, faltan ~36.8 h [interior primero 0.850%, interior primero + pieza menos restrictiva 0.323%, reinicios, interior primero 203.5%] (Knuth: ~8.2 h) | máximo colocado 73 de 100 | hilos 8 de 12
    ... 1141.6 s | grupo 1/1 | 1202614456 nodos | revisado 0.851%, faltan ~36.8 h [interior primero 0.851%, interior primero + pieza menos restrictiva 0.324%, reinicios, interior primero 203.5%] (Knuth: ~8.2 h) | máximo colocado 73 de 100 | hilos 8 de 12
    ... 1143.6 s | grupo 1/1 | 1204789817 nodos | revisado 0.852%, faltan ~36.9 h [interior primero 0.852%, interior primero + pieza menos restrictiva 0.324%, reinicios, interior primero 203.5%] (Knuth: ~8.2 h) | máximo colocado 73 de 100 | hilos 8 de 12
    ... 1145.6 s | grupo 1/1 | 1206919093 nodos | revisado 0.853%, faltan ~36.9 h [interior primero 0.853%, interior primero + pieza menos restrictiva 0.324%, reinicios, interior primero 203.5%] (Knuth: ~8.2 h) | máximo colocado 73 de 100 | hilos 8 de 12
    ... 1147.6 s | grupo 1/1 | 1209042519 nodos | revisado 0.855%, faltan ~36.9 h [interior primero 0.855%, interior primero + pieza menos restrictiva 0.324%, reinicios, interior primero 203.5%] (Knuth: ~8.2 h) | máximo colocado 73 de 100 | hilos 8 de 12
    ... 1149.6 s | grupo 1/1 | 1211154467 nodos | revisado 0.855%, faltan ~36.9 h [interior primero 0.855%, interior primero + pieza menos restrictiva 0.324%, reinicios, interior primero 203.5%] (Knuth: ~8.2 h) | máximo colocado 73 de 100 | hilos 8 de 12
    ... 1151.6 s | grupo 1/1 | 1213304866 nodos | revisado 0.856%, faltan ~37.0 h [interior primero 0.856%, interior primero + pieza menos restrictiva 0.324%, reinicios, interior primero 203.5%] (Knuth: ~8.2 h) | máximo colocado 73 de 100 | hilos 8 de 12
    ... 1153.6 s | grupo 1/1 | 1215480015 nodos | revisado 0.856%, faltan ~37.0 h [interior primero 0.856%, interior primero + pieza menos restrictiva 0.324%, reinicios, interior primero 203.5%] (Knuth: ~8.2 h) | máximo colocado 73 de 100 | hilos 8 de 12
    ... 1155.7 s | grupo 1/1 | 1217595193 nodos | revisado 0.862%, faltan ~36.8 h [interior primero 0.862%, interior primero + pieza menos restrictiva 0.324%, reinicios, interior primero 203.5%] (Knuth: ~8.2 h) | máximo colocado 73 de 100 | hilos 8 de 12
    ... 1157.7 s | grupo 1/1 | 1219717719 nodos | revisado 0.864%, faltan ~36.8 h [interior primero 0.864%, interior primero + pieza menos restrictiva 0.324%, reinicios, interior primero 203.5%] (Knuth: ~8.2 h) | máximo colocado 73 de 100 | hilos 8 de 12
    ... 1159.7 s | grupo 1/1 | 1221850258 nodos | revisado 0.864%, faltan ~36.8 h [interior primero 0.864%, interior primero + pieza menos restrictiva 0.324%, reinicios, interior primero 203.5%] (Knuth: ~8.2 h) | máximo colocado 73 de 100 | hilos 8 de 12
    ... 1161.7 s | grupo 1/1 | 1223990170 nodos | revisado 0.865%, faltan ~36.9 h [interior primero 0.865%, interior primero + pieza menos restrictiva 0.325%, reinicios, interior primero 204.6%] (Knuth: ~8.2 h) | máximo colocado 73 de 100 | hilos 8 de 12
    ... 1163.7 s | grupo 1/1 | 1226133900 nodos | revisado 0.865%, faltan ~36.9 h [interior primero 0.865%, interior primero + pieza menos restrictiva 0.325%, reinicios, interior primero 206.6%] (Knuth: ~8.2 h) | máximo colocado 73 de 100 | hilos 8 de 12
    ... 1165.7 s | grupo 1/1 | 1228297174 nodos | revisado 0.867%, faltan ~36.9 h [interior primero 0.867%, interior primero + pieza menos restrictiva 0.325%, reinicios, interior primero 206.7%] (Knuth: ~8.2 h) | máximo colocado 73 de 100 | hilos 8 de 12
    ... 1167.7 s | grupo 1/1 | 1230431392 nodos | revisado 0.868%, faltan ~37.0 h [interior primero 0.868%, interior primero + pieza menos restrictiva 0.325%, reinicios, interior primero 206.7%] (Knuth: ~8.2 h) | máximo colocado 73 de 100 | hilos 8 de 12
    ... 1169.7 s | grupo 1/1 | 1232574840 nodos | revisado 0.869%, faltan ~37.0 h [interior primero 0.869%, interior primero + pieza menos restrictiva 0.326%, reinicios, interior primero 207.7%] (Knuth: ~8.2 h) | máximo colocado 73 de 100 | hilos 8 de 12
    ... 1171.7 s | grupo 1/1 | 1234698947 nodos | revisado 0.872%, faltan ~36.9 h [interior primero 0.872%, interior primero + pieza menos restrictiva 0.326%, reinicios, interior primero 208.7%] (Knuth: ~8.2 h) | máximo colocado 73 de 100 | hilos 8 de 12
    ... 1173.7 s | grupo 1/1 | 1236841142 nodos | revisado 0.873%, faltan ~36.9 h [interior primero 0.873%, interior primero + pieza menos restrictiva 0.326%, reinicios, interior primero 208.8%] (Knuth: ~8.2 h) | máximo colocado 73 de 100 | hilos 8 de 12
    ... 1175.7 s | grupo 1/1 | 1238984684 nodos | revisado 0.873%, faltan ~37.0 h [interior primero 0.873%, interior primero + pieza menos restrictiva 0.327%, reinicios, interior primero 208.8%] (Knuth: ~8.2 h) | máximo colocado 73 de 100 | hilos 8 de 12
    ... 1177.7 s | grupo 1/1 | 1241079568 nodos | revisado 0.874%, faltan ~37.0 h [interior primero 0.874%, interior primero + pieza menos restrictiva 0.327%, reinicios, interior primero 209.3%] (Knuth: ~8.2 h) | máximo colocado 73 de 100 | hilos 8 de 12
    ... 1179.7 s | grupo 1/1 | 1243193284 nodos | revisado 0.875%, faltan ~37.0 h [interior primero 0.875%, interior primero + pieza menos restrictiva 0.327%, reinicios, interior primero 209.3%] (Knuth: ~8.2 h) | máximo colocado 73 de 100 | hilos 8 de 12
    ... 1181.8 s | grupo 1/1 | 1245343612 nodos | revisado 0.877%, faltan ~37.0 h [interior primero 0.877%, interior primero + pieza menos restrictiva 0.327%, reinicios, interior primero 210.8%] (Knuth: ~8.2 h) | máximo colocado 73 de 100 | hilos 8 de 12
    ... 1183.8 s | grupo 1/1 | 1247480480 nodos | revisado 0.878%, faltan ~37.0 h [interior primero 0.878%, interior primero + pieza menos restrictiva 0.327%, reinicios, interior primero 211.9%] (Knuth: ~8.2 h) | máximo colocado 73 de 100 | hilos 8 de 12
    ... 1185.8 s | grupo 1/1 | 1249587971 nodos | revisado 0.878%, faltan ~37.1 h [interior primero 0.878%, interior primero + pieza menos restrictiva 0.327%, reinicios, interior primero 211.9%] (Knuth: ~8.2 h) | máximo colocado 73 de 100 | hilos 8 de 12
    ... 1187.8 s | grupo 1/1 | 1251682859 nodos | revisado 0.879%, faltan ~37.1 h [interior primero 0.879%, interior primero + pieza menos restrictiva 0.328%, reinicios, interior primero 211.9%] (Knuth: ~8.2 h) | máximo colocado 73 de 100 | hilos 8 de 12
    ... 1189.8 s | grupo 1/1 | 1253780504 nodos | revisado 0.879%, faltan ~37.2 h [interior primero 0.879%, interior primero + pieza menos restrictiva 0.328%, reinicios, interior primero 211.9%] (Knuth: ~8.2 h) | máximo colocado 73 de 100 | hilos 8 de 12
    ... 1191.8 s | grupo 1/1 | 1255880235 nodos | revisado 0.880%, faltan ~37.2 h [interior primero 0.880%, interior primero + pieza menos restrictiva 0.328%, reinicios, interior primero 212.0%] (Knuth: ~8.2 h) | máximo colocado 73 de 100 | hilos 8 de 12
    ... 1193.8 s | grupo 1/1 | 1257988379 nodos | revisado 0.880%, faltan ~37.2 h [interior primero 0.880%, interior primero + pieza menos restrictiva 0.328%, reinicios, interior primero 212.0%] (Knuth: ~8.2 h) | máximo colocado 73 de 100 | hilos 8 de 12
    ... 1195.8 s | grupo 1/1 | 1260094152 nodos | revisado 0.880%, faltan ~37.3 h [interior primero 0.880%, interior primero + pieza menos restrictiva 0.328%, reinicios, interior primero 212.0%] (Knuth: ~8.2 h) | máximo colocado 73 de 100 | hilos 8 de 12
    ... 1197.8 s | grupo 1/1 | 1262172845 nodos | revisado 0.881%, faltan ~37.3 h [interior primero 0.881%, interior primero + pieza menos restrictiva 0.328%, reinicios, interior primero 212.0%] (Knuth: ~8.2 h) | máximo colocado 73 de 100 | hilos 8 de 12
    ... 1199.8 s | grupo 1/1 | 1264266352 nodos | revisado 0.881%, faltan ~37.4 h [interior primero 0.881%, interior primero + pieza menos restrictiva 0.328%, reinicios, interior primero 212.0%] (Knuth: ~8.2 h) | máximo colocado 73 de 100 | hilos 8 de 12
    ... 1201.8 s | grupo 1/1 | 1266334610 nodos | revisado 0.882%, faltan ~37.4 h [interior primero 0.882%, interior primero + pieza menos restrictiva 0.328%, reinicios, interior primero 212.0%] (Knuth: ~8.2 h) | máximo colocado 73 de 100 | hilos 8 de 12
    ... 1203.8 s | grupo 1/1 | 1268449695 nodos | revisado 0.883%, faltan ~37.5 h [interior primero 0.883%, interior primero + pieza menos restrictiva 0.329%, reinicios, interior primero 212.0%] (Knuth: ~8.2 h) | máximo colocado 73 de 100 | hilos 8 de 12
    ... 1205.8 s | grupo 1/1 | 1270508448 nodos | revisado 0.883%, faltan ~37.5 h [interior primero 0.883%, interior primero + pieza menos restrictiva 0.329%, reinicios, interior primero 212.1%] (Knuth: ~8.2 h) | máximo colocado 73 de 100 | hilos 8 de 12
    ... 1207.8 s | grupo 1/1 | 1272581717 nodos | revisado 0.884%, faltan ~37.5 h [interior primero 0.884%, interior primero + pieza menos restrictiva 0.329%, reinicios, interior primero 212.1%] (Knuth: ~8.2 h) | máximo colocado 73 de 100 | hilos 8 de 12
    ... 1209.8 s | grupo 1/1 | 1274701336 nodos | revisado 0.885%, faltan ~37.5 h [interior primero 0.885%, interior primero + pieza menos restrictiva 0.330%, reinicios, interior primero 212.1%] (Knuth: ~8.2 h) | máximo colocado 73 de 100 | hilos 8 de 12
    ... 1211.9 s | grupo 1/1 | 1276822403 nodos | revisado 0.887%, faltan ~37.5 h [interior primero 0.887%, interior primero + pieza menos restrictiva 0.330%, reinicios, interior primero 212.6%] (Knuth: ~8.2 h) | máximo colocado 73 de 100 | hilos 8 de 12
    ... 1213.9 s | grupo 1/1 | 1278911747 nodos | revisado 0.890%, faltan ~37.5 h [interior primero 0.890%, interior primero + pieza menos restrictiva 0.330%, reinicios, interior primero 213.1%] (Knuth: ~8.2 h) | máximo colocado 73 de 100 | hilos 8 de 12
    ... 1215.9 s | grupo 1/1 | 1280987175 nodos | revisado 0.890%, faltan ~37.5 h [interior primero 0.890%, interior primero + pieza menos restrictiva 0.331%, reinicios, interior primero 214.6%] (Knuth: ~8.2 h) | máximo colocado 73 de 100 | hilos 8 de 12
    ... 1217.9 s | grupo 1/1 | 1283044691 nodos | revisado 0.892%, faltan ~37.5 h [interior primero 0.892%, interior primero + pieza menos restrictiva 0.331%, reinicios, interior primero 214.6%] (Knuth: ~8.2 h) | máximo colocado 73 de 100 | hilos 8 de 12
    ... 1219.9 s | grupo 1/1 | 1285113863 nodos | revisado 0.893%, faltan ~37.5 h [interior primero 0.893%, interior primero + pieza menos restrictiva 0.331%, reinicios, interior primero 215.6%] (Knuth: ~8.2 h) | máximo colocado 73 de 100 | hilos 8 de 12
    ... 1221.9 s | grupo 1/1 | 1287176281 nodos | revisado 0.895%, faltan ~37.5 h [interior primero 0.895%, interior primero + pieza menos restrictiva 0.331%, reinicios, interior primero 215.7%] (Knuth: ~8.2 h) | máximo colocado 73 de 100 | hilos 8 de 12
    ... 1223.9 s | grupo 1/1 | 1289269230 nodos | revisado 0.895%, faltan ~37.5 h [interior primero 0.895%, interior primero + pieza menos restrictiva 0.332%, reinicios, interior primero 215.7%] (Knuth: ~8.2 h) | máximo colocado 73 de 100 | hilos 8 de 12
    ... 1225.9 s | grupo 1/1 | 1291408221 nodos | revisado 0.896%, faltan ~37.6 h [interior primero 0.896%, interior primero + pieza menos restrictiva 0.332%, reinicios, interior primero 215.7%] (Knuth: ~8.2 h) | máximo colocado 73 de 100 | hilos 8 de 12
    ... 1227.9 s | grupo 1/1 | 1293535600 nodos | revisado 0.898%, faltan ~37.6 h [interior primero 0.898%, interior primero + pieza menos restrictiva 0.332%, reinicios, interior primero 215.7%] (Knuth: ~8.2 h) | máximo colocado 73 de 100 | hilos 8 de 12
    ... 1229.9 s | grupo 1/1 | 1295676417 nodos | revisado 0.900%, faltan ~37.5 h [interior primero 0.900%, interior primero + pieza menos restrictiva 0.332%, reinicios, interior primero 215.7%] (Knuth: ~8.2 h) | máximo colocado 73 de 100 | hilos 8 de 12
    ... 1232.0 s | grupo 1/1 | 1297796811 nodos | revisado 0.901%, faltan ~37.5 h [interior primero 0.901%, interior primero + pieza menos restrictiva 0.332%, reinicios, interior primero 215.7%] (Knuth: ~8.2 h) | máximo colocado 73 de 100 | hilos 8 de 12
    ... 1234.0 s | grupo 1/1 | 1299919317 nodos | revisado 0.902%, faltan ~37.6 h [interior primero 0.902%, interior primero + pieza menos restrictiva 0.332%, reinicios, interior primero 215.7%] (Knuth: ~8.2 h) | máximo colocado 73 de 100 | hilos 8 de 12
    ... 1236.0 s | grupo 1/1 | 1302045378 nodos | revisado 0.902%, faltan ~37.6 h [interior primero 0.902%, interior primero + pieza menos restrictiva 0.333%, reinicios, interior primero 215.8%] (Knuth: ~8.2 h) | máximo colocado 73 de 100 | hilos 8 de 12
    ... 1238.0 s | grupo 1/1 | 1304189022 nodos | revisado 0.903%, faltan ~37.7 h [interior primero 0.903%, interior primero + pieza menos restrictiva 0.333%, reinicios, interior primero 215.8%] (Knuth: ~8.2 h) | máximo colocado 73 de 100 | hilos 8 de 12
    ... 1240.0 s | grupo 1/1 | 1306322563 nodos | revisado 0.903%, faltan ~37.7 h [interior primero 0.903%, interior primero + pieza menos restrictiva 0.333%, reinicios, interior primero 215.8%] (Knuth: ~8.2 h) | máximo colocado 73 de 100 | hilos 8 de 12
    ... 1242.0 s | grupo 1/1 | 1308480087 nodos | revisado 0.904%, faltan ~37.7 h [interior primero 0.904%, interior primero + pieza menos restrictiva 0.333%, reinicios, interior primero 216.3%] (Knuth: ~8.2 h) | máximo colocado 73 de 100 | hilos 8 de 12
    ... 1244.0 s | grupo 1/1 | 1310591626 nodos | revisado 0.905%, faltan ~37.8 h [interior primero 0.905%, interior primero + pieza menos restrictiva 0.333%, reinicios, interior primero 216.3%] (Knuth: ~8.2 h) | máximo colocado 73 de 100 | hilos 8 de 12
    ... 1246.0 s | grupo 1/1 | 1312672590 nodos | revisado 0.906%, faltan ~37.8 h [interior primero 0.906%, interior primero + pieza menos restrictiva 0.333%, reinicios, interior primero 216.4%] (Knuth: ~8.2 h) | máximo colocado 73 de 100 | hilos 8 de 12
    ... 1248.0 s | grupo 1/1 | 1314761181 nodos | revisado 0.906%, faltan ~37.8 h [interior primero 0.906%, interior primero + pieza menos restrictiva 0.333%, reinicios, interior primero 217.4%] (Knuth: ~8.2 h) | máximo colocado 73 de 100 | hilos 8 de 12
    ... 1250.0 s | grupo 1/1 | 1316855302 nodos | revisado 0.907%, faltan ~37.8 h [interior primero 0.907%, interior primero + pieza menos restrictiva 0.334%, reinicios, interior primero 218.4%] (Knuth: ~8.2 h) | máximo colocado 73 de 100 | hilos 8 de 12
    ... 1252.0 s | grupo 1/1 | 1318951400 nodos | revisado 0.908%, faltan ~37.9 h [interior primero 0.908%, interior primero + pieza menos restrictiva 0.334%, reinicios, interior primero 219.5%] (Knuth: ~8.2 h) | máximo colocado 73 de 100 | hilos 8 de 12
    ... 1254.0 s | grupo 1/1 | 1321034212 nodos | revisado 0.908%, faltan ~37.9 h [interior primero 0.908%, interior primero + pieza menos restrictiva 0.334%, reinicios, interior primero 219.9%] (Knuth: ~8.2 h) | máximo colocado 73 de 100 | hilos 8 de 12
    ... 1256.0 s | grupo 1/1 | 1323113860 nodos | revisado 0.909%, faltan ~38.0 h [interior primero 0.909%, interior primero + pieza menos restrictiva 0.334%, reinicios, interior primero 219.9%] (Knuth: ~8.2 h) | máximo colocado 73 de 100 | hilos 8 de 12
    ... 1258.0 s | grupo 1/1 | 1325217553 nodos | revisado 0.909%, faltan ~38.0 h [interior primero 0.909%, interior primero + pieza menos restrictiva 0.334%, reinicios, interior primero 220.0%] (Knuth: ~8.2 h) | máximo colocado 73 de 100 | hilos 8 de 12
    ... 1260.0 s | grupo 1/1 | 1327346747 nodos | revisado 0.914%, faltan ~37.8 h [interior primero 0.914%, interior primero + pieza menos restrictiva 0.334%, reinicios, interior primero 220.0%] (Knuth: ~8.2 h) | máximo colocado 73 de 100 | hilos 8 de 12
    ... 1262.0 s | grupo 1/1 | 1329463546 nodos | revisado 0.915%, faltan ~37.9 h [interior primero 0.915%, interior primero + pieza menos restrictiva 0.335%, reinicios, interior primero 220.0%] (Knuth: ~8.2 h) | máximo colocado 73 de 100 | hilos 8 de 12
    ... 1264.0 s | grupo 1/1 | 1331594822 nodos | revisado 0.916%, faltan ~37.9 h [interior primero 0.916%, interior primero + pieza menos restrictiva 0.335%, reinicios, interior primero 220.0%] (Knuth: ~8.2 h) | máximo colocado 73 de 100 | hilos 8 de 12
    ... 1266.0 s | grupo 1/1 | 1333739397 nodos | revisado 0.921%, faltan ~37.8 h [interior primero 0.921%, interior primero + pieza menos restrictiva 0.335%, reinicios, interior primero 220.0%] (Knuth: ~8.2 h) | máximo colocado 73 de 100 | hilos 8 de 12
    ... 1268.0 s | grupo 1/1 | 1335896114 nodos | revisado 0.927%, faltan ~37.5 h [interior primero 0.927%, interior primero + pieza menos restrictiva 0.335%, reinicios, interior primero 222.1%] (Knuth: ~8.2 h) | máximo colocado 73 de 100 | hilos 8 de 12
    ... 1270.1 s | grupo 1/1 | 1338058150 nodos | revisado 0.928%, faltan ~37.6 h [interior primero 0.928%, interior primero + pieza menos restrictiva 0.335%, reinicios, interior primero 222.1%] (Knuth: ~8.2 h) | máximo colocado 73 de 100 | hilos 8 de 12
    ... 1272.1 s | grupo 1/1 | 1340236785 nodos | revisado 0.928%, faltan ~37.6 h [interior primero 0.928%, interior primero + pieza menos restrictiva 0.335%, reinicios, interior primero 223.2%] (Knuth: ~8.2 h) | máximo colocado 73 de 100 | hilos 8 de 12
    ... 1274.1 s | grupo 1/1 | 1342421051 nodos | revisado 0.929%, faltan ~37.7 h [interior primero 0.929%, interior primero + pieza menos restrictiva 0.335%, reinicios, interior primero 223.3%] (Knuth: ~8.2 h) | máximo colocado 73 de 100 | hilos 8 de 12
    ... 1276.1 s | grupo 1/1 | 1344598878 nodos | revisado 0.929%, faltan ~37.7 h [interior primero 0.929%, interior primero + pieza menos restrictiva 0.336%, reinicios, interior primero 223.3%] (Knuth: ~8.2 h) | máximo colocado 73 de 100 | hilos 8 de 12
    ... 1278.1 s | grupo 1/1 | 1346717760 nodos | revisado 0.931%, faltan ~37.7 h [interior primero 0.931%, interior primero + pieza menos restrictiva 0.336%, reinicios, interior primero 223.3%] (Knuth: ~8.2 h) | máximo colocado 73 de 100 | hilos 8 de 12
    ... 1280.1 s | grupo 1/1 | 1348881524 nodos | revisado 0.933%, faltan ~37.7 h [interior primero 0.933%, interior primero + pieza menos restrictiva 0.337%, reinicios, interior primero 223.3%] (Knuth: ~8.2 h) | máximo colocado 73 de 100 | hilos 8 de 12
    ... 1282.1 s | grupo 1/1 | 1351045453 nodos | revisado 0.935%, faltan ~37.6 h [interior primero 0.935%, interior primero + pieza menos restrictiva 0.337%, reinicios, interior primero 225.4%] (Knuth: ~8.2 h) | máximo colocado 73 de 100 | hilos 8 de 12
    ... 1284.1 s | grupo 1/1 | 1353197073 nodos | revisado 0.936%, faltan ~37.7 h [interior primero 0.936%, interior primero + pieza menos restrictiva 0.338%, reinicios, interior primero 226.9%] (Knuth: ~8.2 h) | máximo colocado 73 de 100 | hilos 8 de 12
    ... 1286.1 s | grupo 1/1 | 1355330147 nodos | revisado 0.936%, faltan ~37.7 h [interior primero 0.936%, interior primero + pieza menos restrictiva 0.338%, reinicios, interior primero 227.0%] (Knuth: ~8.2 h) | máximo colocado 73 de 100 | hilos 8 de 12
    ... 1288.1 s | grupo 1/1 | 1357472807 nodos | revisado 0.936%, faltan ~37.8 h [interior primero 0.936%, interior primero + pieza menos restrictiva 0.339%, reinicios, interior primero 228.0%] (Knuth: ~8.1 h) | máximo colocado 73 de 100 | hilos 8 de 12
    ... 1290.1 s | grupo 1/1 | 1359618103 nodos | revisado 0.938%, faltan ~37.8 h [interior primero 0.938%, interior primero + pieza menos restrictiva 0.339%, reinicios, interior primero 228.0%] (Knuth: ~8.1 h) | máximo colocado 73 de 100 | hilos 8 de 12
    ... 1292.2 s | grupo 1/1 | 1361741112 nodos | revisado 0.945%, faltan ~37.6 h [interior primero 0.945%, interior primero + pieza menos restrictiva 0.339%, reinicios, interior primero 228.0%] (Knuth: ~8.1 h) | máximo colocado 73 de 100 | hilos 8 de 12
    ... 1294.2 s | grupo 1/1 | 1363854283 nodos | revisado 0.946%, faltan ~37.6 h [interior primero 0.946%, interior primero + pieza menos restrictiva 0.339%, reinicios, interior primero 230.1%] (Knuth: ~8.1 h) | máximo colocado 73 de 100 | hilos 8 de 12
    ... 1296.2 s | grupo 1/1 | 1365969504 nodos | revisado 0.947%, faltan ~37.6 h [interior primero 0.947%, interior primero + pieza menos restrictiva 0.339%, reinicios, interior primero 230.2%] (Knuth: ~8.1 h) | máximo colocado 73 de 100 | hilos 8 de 12
    ... 1298.2 s | grupo 1/1 | 1368086988 nodos | revisado 0.948%, faltan ~37.6 h [interior primero 0.948%, interior primero + pieza menos restrictiva 0.339%, reinicios, interior primero 231.2%] (Knuth: ~8.1 h) | máximo colocado 73 de 100 | hilos 8 de 12
    ... 1300.2 s | grupo 1/1 | 1370224652 nodos | revisado 0.948%, faltan ~37.7 h [interior primero 0.948%, interior primero + pieza menos restrictiva 0.340%, reinicios, interior primero 234.3%] (Knuth: ~8.1 h) | máximo colocado 73 de 100 | hilos 8 de 12
    ... 1302.2 s | grupo 1/1 | 1372345894 nodos | revisado 0.948%, faltan ~37.7 h [interior primero 0.948%, interior primero + pieza menos restrictiva 0.340%, reinicios, interior primero 234.4%] (Knuth: ~8.1 h) | máximo colocado 73 de 100 | hilos 8 de 12
    ... 1304.2 s | grupo 1/1 | 1374444221 nodos | revisado 0.949%, faltan ~37.7 h [interior primero 0.949%, interior primero + pieza menos restrictiva 0.341%, reinicios, interior primero 234.4%] (Knuth: ~8.1 h) | máximo colocado 73 de 100 | hilos 8 de 12
    ... 1306.2 s | grupo 1/1 | 1376544125 nodos | revisado 0.949%, faltan ~37.8 h [interior primero 0.949%, interior primero + pieza menos restrictiva 0.341%, reinicios, interior primero 236.4%] (Knuth: ~8.1 h) | máximo colocado 73 de 100 | hilos 8 de 12
    ... 1308.2 s | grupo 1/1 | 1378654645 nodos | revisado 0.950%, faltan ~37.8 h [interior primero 0.950%, interior primero + pieza menos restrictiva 0.342%, reinicios, interior primero 236.4%] (Knuth: ~8.1 h) | máximo colocado 73 de 100 | hilos 8 de 12
    ... 1310.2 s | grupo 1/1 | 1380778090 nodos | revisado 0.950%, faltan ~37.9 h [interior primero 0.950%, interior primero + pieza menos restrictiva 0.342%, reinicios, interior primero 236.4%] (Knuth: ~8.1 h) | máximo colocado 73 de 100 | hilos 8 de 12
    ... 1312.2 s | grupo 1/1 | 1382954035 nodos | revisado 0.959%, faltan ~37.6 h [interior primero 0.959%, interior primero + pieza menos restrictiva 0.342%, reinicios, interior primero 236.5%] (Knuth: ~8.1 h) | máximo colocado 73 de 100 | hilos 8 de 12
    ... 1314.2 s | grupo 1/1 | 1385105150 nodos | revisado 0.959%, faltan ~37.6 h [interior primero 0.959%, interior primero + pieza menos restrictiva 0.342%, reinicios, interior primero 237.5%] (Knuth: ~8.1 h) | máximo colocado 73 de 100 | hilos 8 de 12
    ... 1316.3 s | grupo 1/1 | 1387244806 nodos | revisado 0.961%, faltan ~37.6 h [interior primero 0.961%, interior primero + pieza menos restrictiva 0.342%, reinicios, interior primero 237.5%] (Knuth: ~8.1 h) | máximo colocado 73 de 100 | hilos 8 de 12
    ... 1318.3 s | grupo 1/1 | 1389404989 nodos | revisado 0.962%, faltan ~37.6 h [interior primero 0.962%, interior primero + pieza menos restrictiva 0.343%, reinicios, interior primero 237.5%] (Knuth: ~8.1 h) | máximo colocado 73 de 100 | hilos 8 de 12
    ... 1320.3 s | grupo 1/1 | 1391559940 nodos | revisado 0.965%, faltan ~37.6 h [interior primero 0.965%, interior primero + pieza menos restrictiva 0.343%, reinicios, interior primero 238.5%] (Knuth: ~8.1 h) | máximo colocado 73 de 100 | hilos 8 de 12
    ... 1322.3 s | grupo 1/1 | 1393700587 nodos | revisado 0.966%, faltan ~37.6 h [interior primero 0.966%, interior primero + pieza menos restrictiva 0.343%, reinicios, interior primero 239.6%] (Knuth: ~8.1 h) | máximo colocado 73 de 100 | hilos 8 de 12
    ... 1324.3 s | grupo 1/1 | 1395852078 nodos | revisado 0.966%, faltan ~37.6 h [interior primero 0.966%, interior primero + pieza menos restrictiva 0.343%, reinicios, interior primero 240.6%] (Knuth: ~8.1 h) | máximo colocado 73 de 100 | hilos 8 de 12
    ... 1326.3 s | grupo 1/1 | 1397969051 nodos | revisado 0.967%, faltan ~37.7 h [interior primero 0.967%, interior primero + pieza menos restrictiva 0.343%, reinicios, interior primero 240.6%] (Knuth: ~8.1 h) | máximo colocado 73 de 100 | hilos 8 de 12
    ... 1328.3 s | grupo 1/1 | 1400068215 nodos | revisado 0.968%, faltan ~37.7 h [interior primero 0.968%, interior primero + pieza menos restrictiva 0.344%, reinicios, interior primero 240.7%] (Knuth: ~8.1 h) | máximo colocado 73 de 100 | hilos 8 de 12
    ... 1330.3 s | grupo 1/1 | 1402198834 nodos | revisado 0.969%, faltan ~37.7 h [interior primero 0.969%, interior primero + pieza menos restrictiva 0.344%, reinicios, interior primero 240.7%] (Knuth: ~8.1 h) | máximo colocado 73 de 100 | hilos 8 de 12
    ... 1332.3 s | grupo 1/1 | 1404320498 nodos | revisado 0.969%, faltan ~37.7 h [interior primero 0.969%, interior primero + pieza menos restrictiva 0.344%, reinicios, interior primero 241.2%] (Knuth: ~8.1 h) | máximo colocado 73 de 100 | hilos 8 de 12
    ... 1334.3 s | grupo 1/1 | 1406445421 nodos | revisado 0.969%, faltan ~37.8 h [interior primero 0.969%, interior primero + pieza menos restrictiva 0.345%, reinicios, interior primero 241.3%] (Knuth: ~8.1 h) | máximo colocado 73 de 100 | hilos 8 de 12
    ... 1336.3 s | grupo 1/1 | 1408478462 nodos | revisado 0.978%, faltan ~37.5 h [interior primero 0.978%, interior primero + pieza menos restrictiva 0.345%, reinicios, interior primero 241.3%] (Knuth: ~8.1 h) | máximo colocado 73 de 100 | hilos 8 de 12
    ... 1338.3 s | grupo 1/1 | 1410500752 nodos | revisado 0.980%, faltan ~37.5 h [interior primero 0.980%, interior primero + pieza menos restrictiva 0.345%, reinicios, interior primero 241.3%] (Knuth: ~8.1 h) | máximo colocado 73 de 100 | hilos 8 de 12
    ... 1340.3 s | grupo 1/1 | 1412528652 nodos | revisado 0.981%, faltan ~37.5 h [interior primero 0.981%, interior primero + pieza menos restrictiva 0.345%, reinicios, interior primero 241.3%] (Knuth: ~8.1 h) | máximo colocado 73 de 100 | hilos 8 de 12
    ... 1342.3 s | grupo 1/1 | 1414583828 nodos | revisado 0.981%, faltan ~37.5 h [interior primero 0.981%, interior primero + pieza menos restrictiva 0.346%, reinicios, interior primero 241.3%] (Knuth: ~8.1 h) | máximo colocado 73 de 100 | hilos 8 de 12
    ... 1344.3 s | grupo 1/1 | 1416619266 nodos | revisado 0.982%, faltan ~37.6 h [interior primero 0.982%, interior primero + pieza menos restrictiva 0.346%, reinicios, interior primero 241.3%] (Knuth: ~8.1 h) | máximo colocado 73 de 100 | hilos 8 de 12
    ... 1346.3 s | grupo 1/1 | 1418701153 nodos | revisado 0.982%, faltan ~37.6 h [interior primero 0.982%, interior primero + pieza menos restrictiva 0.346%, reinicios, interior primero 241.3%] (Knuth: ~8.1 h) | máximo colocado 73 de 100 | hilos 8 de 12
    ... 1348.3 s | grupo 1/1 | 1420839236 nodos | revisado 0.983%, faltan ~37.6 h [interior primero 0.983%, interior primero + pieza menos restrictiva 0.346%, reinicios, interior primero 241.3%] (Knuth: ~8.1 h) | máximo colocado 73 de 100 | hilos 8 de 12
    ... 1350.4 s | grupo 1/1 | 1423012965 nodos | revisado 0.984%, faltan ~37.7 h [interior primero 0.984%, interior primero + pieza menos restrictiva 0.346%, reinicios, interior primero 241.8%] (Knuth: ~8.1 h) | máximo colocado 73 de 100 | hilos 8 de 12
    ... 1352.4 s | grupo 1/1 | 1425151713 nodos | revisado 0.987%, faltan ~37.6 h [interior primero 0.987%, interior primero + pieza menos restrictiva 0.347%, reinicios, interior primero 241.8%] (Knuth: ~8.1 h) | máximo colocado 73 de 100 | hilos 8 de 12
    ... 1354.4 s | grupo 1/1 | 1427296542 nodos | revisado 0.988%, faltan ~37.6 h [interior primero 0.988%, interior primero + pieza menos restrictiva 0.348%, reinicios, interior primero 241.9%] (Knuth: ~8.1 h) | máximo colocado 73 de 100 | hilos 8 de 12
    ... 1356.4 s | grupo 1/1 | 1429449513 nodos | revisado 0.988%, faltan ~37.7 h [interior primero 0.988%, interior primero + pieza menos restrictiva 0.348%, reinicios, interior primero 241.9%] (Knuth: ~8.1 h) | máximo colocado 73 de 100 | hilos 8 de 12
    ... 1358.4 s | grupo 1/1 | 1431596283 nodos | revisado 0.989%, faltan ~37.7 h [interior primero 0.989%, interior primero + pieza menos restrictiva 0.349%, reinicios, interior primero 242.3%] (Knuth: ~8.1 h) | máximo colocado 73 de 100 | hilos 8 de 12
    ... 1360.4 s | grupo 1/1 | 1433740225 nodos | revisado 0.992%, faltan ~37.6 h [interior primero 0.992%, interior primero + pieza menos restrictiva 0.349%, reinicios, interior primero 242.8%] (Knuth: ~8.1 h) | máximo colocado 73 de 100 | hilos 8 de 12
    ... 1362.4 s | grupo 1/1 | 1435894369 nodos | revisado 0.992%, faltan ~37.7 h [interior primero 0.992%, interior primero + pieza menos restrictiva 0.350%, reinicios, interior primero 242.9%] (Knuth: ~8.1 h) | máximo colocado 73 de 100 | hilos 8 de 12
    ... 1364.4 s | grupo 1/1 | 1438021279 nodos | revisado 0.993%, faltan ~37.7 h [interior primero 0.993%, interior primero + pieza menos restrictiva 0.351%, reinicios, interior primero 242.9%] (Knuth: ~8.1 h) | máximo colocado 73 de 100 | hilos 8 de 12
    ... 1366.4 s | grupo 1/1 | 1440085185 nodos | revisado 0.993%, faltan ~37.7 h [interior primero 0.993%, interior primero + pieza menos restrictiva 0.351%, reinicios, interior primero 242.9%] (Knuth: ~8.1 h) | máximo colocado 73 de 100 | hilos 8 de 12
    ... 1368.4 s | grupo 1/1 | 1442147215 nodos | revisado 0.998%, faltan ~37.6 h [interior primero 0.998%, interior primero + pieza menos restrictiva 0.351%, reinicios, interior primero 242.9%] (Knuth: ~8.1 h) | máximo colocado 73 de 100 | hilos 8 de 12
    ... 1370.5 s | grupo 1/1 | 1444261809 nodos | revisado 1.0%, faltan ~37.6 h [interior primero 1.0%, interior primero + pieza menos restrictiva 0.351%, reinicios, interior primero 242.9%] (Knuth: ~8.1 h) | máximo colocado 73 de 100 | hilos 8 de 12
    ... 1372.5 s | grupo 1/1 | 1446368276 nodos | revisado 1.0%, faltan ~37.6 h [interior primero 1.0%, interior primero + pieza menos restrictiva 0.351%, reinicios, interior primero 242.9%] (Knuth: ~8.1 h) | máximo colocado 73 de 100 | hilos 8 de 12
    ... 1374.5 s | grupo 1/1 | 1448437023 nodos | revisado 1.0%, faltan ~37.6 h [interior primero 1.0%, interior primero + pieza menos restrictiva 0.352%, reinicios, interior primero 244.0%] (Knuth: ~8.1 h) | máximo colocado 73 de 100 | hilos 8 de 12
    ... 1376.5 s | grupo 1/1 | 1450484935 nodos | revisado 1.0%, faltan ~37.6 h [interior primero 1.0%, interior primero + pieza menos restrictiva 0.353%, reinicios, interior primero 245.0%] (Knuth: ~8.1 h) | máximo colocado 73 de 100 | hilos 8 de 12
    ... 1378.5 s | grupo 1/1 | 1452561245 nodos | revisado 1.0%, faltan ~37.6 h [interior primero 1.0%, interior primero + pieza menos restrictiva 0.354%, reinicios, interior primero 246.0%] (Knuth: ~8.1 h) | máximo colocado 73 de 100 | hilos 8 de 12
    ... 1380.5 s | grupo 1/1 | 1454683517 nodos | revisado 1.0%, faltan ~37.6 h [interior primero 1.0%, interior primero + pieza menos restrictiva 0.354%, reinicios, interior primero 246.0%] (Knuth: ~8.1 h) | máximo colocado 73 de 100 | hilos 8 de 12
    ... 1382.5 s | grupo 1/1 | 1456761266 nodos | revisado 1.0%, faltan ~37.6 h [interior primero 1.0%, interior primero + pieza menos restrictiva 0.355%, reinicios, interior primero 246.0%] (Knuth: ~8.1 h) | máximo colocado 73 de 100 | hilos 8 de 12
    ... 1384.5 s | grupo 1/1 | 1458761543 nodos | revisado 1.0%, faltan ~37.7 h [interior primero 1.0%, interior primero + pieza menos restrictiva 0.356%, reinicios, interior primero 246.1%] (Knuth: ~8.1 h) | máximo colocado 73 de 100 | hilos 8 de 12
    ... 1386.6 s | grupo 1/1 | 1460868279 nodos | revisado 1.0%, faltan ~37.7 h [interior primero 1.0%, interior primero + pieza menos restrictiva 0.356%, reinicios, interior primero 246.1%] (Knuth: ~8.1 h) | máximo colocado 73 de 100 | hilos 8 de 12
    ... 1388.6 s | grupo 1/1 | 1462889158 nodos | revisado 1.0%, faltan ~37.7 h [interior primero 1.0%, interior primero + pieza menos restrictiva 0.357%, reinicios, interior primero 246.1%] (Knuth: ~8.1 h) | máximo colocado 73 de 100 | hilos 8 de 12
    ... 1390.6 s | grupo 1/1 | 1464900233 nodos | revisado 1.0%, faltan ~37.7 h [interior primero 1.0%, interior primero + pieza menos restrictiva 0.357%, reinicios, interior primero 246.1%] (Knuth: ~8.1 h) | máximo colocado 73 de 100 | hilos 8 de 12
    ... 1392.6 s | grupo 1/1 | 1467027485 nodos | revisado 1.0%, faltan ~37.8 h [interior primero 1.0%, interior primero + pieza menos restrictiva 0.358%, reinicios, interior primero 246.1%] (Knuth: ~8.1 h) | máximo colocado 73 de 100 | hilos 8 de 12
    ... 1394.6 s | grupo 1/1 | 1469102976 nodos | revisado 1.0%, faltan ~37.8 h [interior primero 1.0%, interior primero + pieza menos restrictiva 0.359%, reinicios, interior primero 246.1%] (Knuth: ~8.1 h) | máximo colocado 73 de 100 | hilos 8 de 12
    ... 1396.6 s | grupo 1/1 | 1471224129 nodos | revisado 1.0%, faltan ~37.7 h [interior primero 1.0%, interior primero + pieza menos restrictiva 0.359%, reinicios, interior primero 246.2%] (Knuth: ~8.1 h) | máximo colocado 73 de 100 | hilos 8 de 12
    ... 1398.6 s | grupo 1/1 | 1473341410 nodos | revisado 1.0%, faltan ~37.7 h [interior primero 1.0%, interior primero + pieza menos restrictiva 0.359%, reinicios, interior primero 246.2%] (Knuth: ~8.1 h) | máximo colocado 73 de 100 | hilos 8 de 12
    ... 1400.6 s | grupo 1/1 | 1475456325 nodos | revisado 1.0%, faltan ~37.8 h [interior primero 1.0%, interior primero + pieza menos restrictiva 0.361%, reinicios, interior primero 246.2%] (Knuth: ~8.1 h) | máximo colocado 73 de 100 | hilos 8 de 12
    ... 1402.6 s | grupo 1/1 | 1477608878 nodos | revisado 1.0%, faltan ~37.8 h [interior primero 1.0%, interior primero + pieza menos restrictiva 0.361%, reinicios, interior primero 247.3%] (Knuth: ~8.1 h) | máximo colocado 73 de 100 | hilos 8 de 12
    ... 1404.6 s | grupo 1/1 | 1479738894 nodos | revisado 1.0%, faltan ~37.8 h [interior primero 1.0%, interior primero + pieza menos restrictiva 0.362%, reinicios, interior primero 247.3%] (Knuth: ~8.1 h) | máximo colocado 73 de 100 | hilos 8 de 12
    ... 1406.6 s | grupo 1/1 | 1481851520 nodos | revisado 1.0%, faltan ~37.8 h [interior primero 1.0%, interior primero + pieza menos restrictiva 0.362%, reinicios, interior primero 247.8%] (Knuth: ~8.1 h) | máximo colocado 73 de 100 | hilos 8 de 12
    ... 1408.6 s | grupo 1/1 | 1483958657 nodos | revisado 1.0%, faltan ~37.9 h [interior primero 1.0%, interior primero + pieza menos restrictiva 0.362%, reinicios, interior primero 248.4%] (Knuth: ~8.1 h) | máximo colocado 73 de 100 | hilos 8 de 12
    ... 1410.6 s | grupo 1/1 | 1486089030 nodos | revisado 1.0%, faltan ~37.9 h [interior primero 1.0%, interior primero + pieza menos restrictiva 0.363%, reinicios, interior primero 248.4%] (Knuth: ~8.1 h) | máximo colocado 73 de 100 | hilos 8 de 12
    ... 1412.6 s | grupo 1/1 | 1488190835 nodos | revisado 1.0%, faltan ~37.9 h [interior primero 1.0%, interior primero + pieza menos restrictiva 0.364%, reinicios, interior primero 248.4%] (Knuth: ~8.1 h) | máximo colocado 73 de 100 | hilos 8 de 12
    ... 1414.6 s | grupo 1/1 | 1490283366 nodos | revisado 1.0%, faltan ~37.9 h [interior primero 1.0%, interior primero + pieza menos restrictiva 0.365%, reinicios, interior primero 249.7%] (Knuth: ~8.1 h) | máximo colocado 73 de 100 | hilos 8 de 12
    ... 1416.7 s | grupo 1/1 | 1492426170 nodos | revisado 1.0%, faltan ~37.9 h [interior primero 1.0%, interior primero + pieza menos restrictiva 0.365%, reinicios, interior primero 249.7%] (Knuth: ~8.1 h) | máximo colocado 73 de 100 | hilos 8 de 12
    ... 1418.7 s | grupo 1/1 | 1494568463 nodos | revisado 1.0%, faltan ~37.9 h [interior primero 1.0%, interior primero + pieza menos restrictiva 0.365%, reinicios, interior primero 250.7%] (Knuth: ~8.1 h) | máximo colocado 73 de 100 | hilos 8 de 12
    ... 1420.7 s | grupo 1/1 | 1496666831 nodos | revisado 1.0%, faltan ~38.0 h [interior primero 1.0%, interior primero + pieza menos restrictiva 0.365%, reinicios, interior primero 253.3%] (Knuth: ~8.1 h) | máximo colocado 73 de 100 | hilos 8 de 12
    ... 1422.7 s | grupo 1/1 | 1498792066 nodos | revisado 1.0%, faltan ~38.0 h [interior primero 1.0%, interior primero + pieza menos restrictiva 0.366%, reinicios, interior primero 254.3%] (Knuth: ~8.1 h) | máximo colocado 73 de 100 | hilos 8 de 12
    ... 1424.7 s | grupo 1/1 | 1500897182 nodos | revisado 1.0%, faltan ~38.1 h [interior primero 1.0%, interior primero + pieza menos restrictiva 0.366%, reinicios, interior primero 254.8%] (Knuth: ~8.1 h) | máximo colocado 73 de 100 | hilos 8 de 12
    ... 1426.7 s | grupo 1/1 | 1502995657 nodos | revisado 1.0%, faltan ~38.1 h [interior primero 1.0%, interior primero + pieza menos restrictiva 0.366%, reinicios, interior primero 254.9%] (Knuth: ~8.1 h) | máximo colocado 73 de 100 | hilos 8 de 12
    ... 1428.7 s | grupo 1/1 | 1505130741 nodos | revisado 1.0%, faltan ~38.1 h [interior primero 1.0%, interior primero + pieza menos restrictiva 0.366%, reinicios, interior primero 254.9%] (Knuth: ~8.1 h) | máximo colocado 73 de 100 | hilos 8 de 12
    ... 1430.7 s | grupo 1/1 | 1507263411 nodos | revisado 1.0%, faltan ~38.1 h [interior primero 1.0%, interior primero + pieza menos restrictiva 0.367%, reinicios, interior primero 254.9%] (Knuth: ~8.1 h) | máximo colocado 73 de 100 | hilos 8 de 12
    ... 1432.8 s | grupo 1/1 | 1509418995 nodos | revisado 1.0%, faltan ~38.2 h [interior primero 1.0%, interior primero + pieza menos restrictiva 0.367%, reinicios, interior primero 254.9%] (Knuth: ~8.1 h) | máximo colocado 73 de 100 | hilos 8 de 12
    ... 1434.8 s | grupo 1/1 | 1511547493 nodos | revisado 1.0%, faltan ~38.2 h [interior primero 1.0%, interior primero + pieza menos restrictiva 0.367%, reinicios, interior primero 257.0%] (Knuth: ~8.1 h) | máximo colocado 73 de 100 | hilos 8 de 12
    ... 1436.8 s | grupo 1/1 | 1513682384 nodos | revisado 1.0%, faltan ~38.2 h [interior primero 1.0%, interior primero + pieza menos restrictiva 0.367%, reinicios, interior primero 258.8%] (Knuth: ~8.1 h) | máximo colocado 73 de 100 | hilos 8 de 12
    ... 1438.8 s | grupo 1/1 | 1515806910 nodos | revisado 1.0%, faltan ~38.3 h [interior primero 1.0%, interior primero + pieza menos restrictiva 0.367%, reinicios, interior primero 259.0%] (Knuth: ~8.1 h) | máximo colocado 73 de 100 | hilos 8 de 12
    ... 1440.8 s | grupo 1/1 | 1517928452 nodos | revisado 1.0%, faltan ~38.3 h [interior primero 1.0%, interior primero + pieza menos restrictiva 0.367%, reinicios, interior primero 260.0%] (Knuth: ~8.1 h) | máximo colocado 73 de 100 | hilos 8 de 12
    ... 1442.8 s | grupo 1/1 | 1520036898 nodos | revisado 1.0%, faltan ~38.4 h [interior primero 1.0%, interior primero + pieza menos restrictiva 0.367%, reinicios, interior primero 260.5%] (Knuth: ~8.1 h) | máximo colocado 73 de 100 | hilos 8 de 12
    ... 1444.8 s | grupo 1/1 | 1522178551 nodos | revisado 1.0%, faltan ~38.4 h [interior primero 1.0%, interior primero + pieza menos restrictiva 0.368%, reinicios, interior primero 260.6%] (Knuth: ~8.1 h) | máximo colocado 73 de 100 | hilos 8 de 12
    ... 1446.8 s | grupo 1/1 | 1524276842 nodos | revisado 1.0%, faltan ~38.4 h [interior primero 1.0%, interior primero + pieza menos restrictiva 0.368%, reinicios, interior primero 260.7%] (Knuth: ~8.1 h) | máximo colocado 73 de 100 | hilos 8 de 12
    ... 1448.8 s | grupo 1/1 | 1526383678 nodos | revisado 1.0%, faltan ~38.3 h [interior primero 1.0%, interior primero + pieza menos restrictiva 0.368%, reinicios, interior primero 261.8%] (Knuth: ~8.1 h) | máximo colocado 73 de 100 | hilos 8 de 12
    ... 1450.8 s | grupo 1/1 | 1528546194 nodos | revisado 1.0%, faltan ~38.3 h [interior primero 1.0%, interior primero + pieza menos restrictiva 0.369%, reinicios, interior primero 263.9%] (Knuth: ~8.1 h) | máximo colocado 73 de 100 | hilos 8 de 12
    ... 1452.8 s | grupo 1/1 | 1530691046 nodos | revisado 1.0%, faltan ~38.3 h [interior primero 1.0%, interior primero + pieza menos restrictiva 0.369%, reinicios, interior primero 263.9%] (Knuth: ~8.1 h) | máximo colocado 73 de 100 | hilos 8 de 12
    ... 1454.9 s | grupo 1/1 | 1532831264 nodos | revisado 1.0%, faltan ~38.4 h [interior primero 1.0%, interior primero + pieza menos restrictiva 0.370%, reinicios, interior primero 265.4%] (Knuth: ~8.1 h) | máximo colocado 73 de 100 | hilos 8 de 12
    ... 1456.9 s | grupo 1/1 | 1534955929 nodos | revisado 1.0%, faltan ~38.4 h [interior primero 1.0%, interior primero + pieza menos restrictiva 0.370%, reinicios, interior primero 267.0%] (Knuth: ~8.1 h) | máximo colocado 73 de 100 | hilos 8 de 12
    ... 1458.9 s | grupo 1/1 | 1537105625 nodos | revisado 1.0%, faltan ~38.5 h [interior primero 1.0%, interior primero + pieza menos restrictiva 0.370%, reinicios, interior primero 267.1%] (Knuth: ~8.1 h) | máximo colocado 73 de 100 | hilos 8 de 12
    ... 1460.9 s | grupo 1/1 | 1539217311 nodos | revisado 1.0%, faltan ~38.5 h [interior primero 1.0%, interior primero + pieza menos restrictiva 0.370%, reinicios, interior primero 267.6%] (Knuth: ~8.1 h) | máximo colocado 73 de 100 | hilos 8 de 12
    ... 1462.9 s | grupo 1/1 | 1541333815 nodos | revisado 1.0%, faltan ~38.5 h [interior primero 1.0%, interior primero + pieza menos restrictiva 0.371%, reinicios, interior primero 268.6%] (Knuth: ~8.1 h) | máximo colocado 73 de 100 | hilos 8 de 12
    ... 1464.9 s | grupo 1/1 | 1543451497 nodos | revisado 1.0%, faltan ~38.5 h [interior primero 1.0%, interior primero + pieza menos restrictiva 0.371%, reinicios, interior primero 269.7%] (Knuth: ~8.1 h) | máximo colocado 73 de 100 | hilos 8 de 12
    ... 1466.9 s | grupo 1/1 | 1545576522 nodos | revisado 1.0%, faltan ~38.6 h [interior primero 1.0%, interior primero + pieza menos restrictiva 0.371%, reinicios, interior primero 269.7%] (Knuth: ~8.1 h) | máximo colocado 73 de 100 | hilos 8 de 12
    ... 1468.9 s | grupo 1/1 | 1547697454 nodos | revisado 1.0%, faltan ~38.6 h [interior primero 1.0%, interior primero + pieza menos restrictiva 0.371%, reinicios, interior primero 269.7%] (Knuth: ~8.1 h) | máximo colocado 73 de 100 | hilos 8 de 12
    ... 1470.9 s | grupo 1/1 | 1549823159 nodos | revisado 1.0%, faltan ~38.6 h [interior primero 1.0%, interior primero + pieza menos restrictiva 0.371%, reinicios, interior primero 269.7%] (Knuth: ~8.1 h) | máximo colocado 73 de 100 | hilos 8 de 12
    ... 1472.9 s | grupo 1/1 | 1551959193 nodos | revisado 1.0%, faltan ~38.6 h [interior primero 1.0%, interior primero + pieza menos restrictiva 0.371%, reinicios, interior primero 269.7%] (Knuth: ~8.1 h) | máximo colocado 73 de 100 | hilos 8 de 12
    ... 1475.0 s | grupo 1/1 | 1554036571 nodos | revisado 1.0%, faltan ~38.6 h [interior primero 1.0%, interior primero + pieza menos restrictiva 0.372%, reinicios, interior primero 269.8%] (Knuth: ~8.1 h) | máximo colocado 73 de 100 | hilos 8 de 12
    ... 1477.0 s | grupo 1/1 | 1556163255 nodos | revisado 1.0%, faltan ~38.6 h [interior primero 1.0%, interior primero + pieza menos restrictiva 0.372%, reinicios, interior primero 270.8%] (Knuth: ~8.1 h) | máximo colocado 73 de 100 | hilos 8 de 12
    ... 1479.0 s | grupo 1/1 | 1558286477 nodos | revisado 1.0%, faltan ~38.7 h [interior primero 1.0%, interior primero + pieza menos restrictiva 0.372%, reinicios, interior primero 270.8%] (Knuth: ~8.1 h) | máximo colocado 73 de 100 | hilos 8 de 12
    ... 1481.0 s | grupo 1/1 | 1560382289 nodos | revisado 1.0%, faltan ~38.7 h [interior primero 1.0%, interior primero + pieza menos restrictiva 0.372%, reinicios, interior primero 270.8%] (Knuth: ~8.1 h) | máximo colocado 73 de 100 | hilos 8 de 12
    ... 1483.0 s | grupo 1/1 | 1562497090 nodos | revisado 1.1%, faltan ~38.7 h [interior primero 1.1%, interior primero + pieza menos restrictiva 0.373%, reinicios, interior primero 270.9%] (Knuth: ~8.1 h) | máximo colocado 73 de 100 | hilos 8 de 12
    ... 1485.0 s | grupo 1/1 | 1564603650 nodos | revisado 1.1%, faltan ~38.8 h [interior primero 1.1%, interior primero + pieza menos restrictiva 0.373%, reinicios, interior primero 271.9%] (Knuth: ~8.1 h) | máximo colocado 73 de 100 | hilos 8 de 12
    ... 1487.0 s | grupo 1/1 | 1566690810 nodos | revisado 1.1%, faltan ~38.8 h [interior primero 1.1%, interior primero + pieza menos restrictiva 0.373%, reinicios, interior primero 273.0%] (Knuth: ~8.1 h) | máximo colocado 73 de 100 | hilos 8 de 12
    ... 1489.0 s | grupo 1/1 | 1568785434 nodos | revisado 1.1%, faltan ~38.8 h [interior primero 1.1%, interior primero + pieza menos restrictiva 0.373%, reinicios, interior primero 273.0%] (Knuth: ~8.1 h) | máximo colocado 73 de 100 | hilos 8 de 12
    ... 1491.0 s | grupo 1/1 | 1570890960 nodos | revisado 1.1%, faltan ~38.9 h [interior primero 1.1%, interior primero + pieza menos restrictiva 0.373%, reinicios, interior primero 273.0%] (Knuth: ~8.1 h) | máximo colocado 73 de 100 | hilos 8 de 12
    ... 1493.0 s | grupo 1/1 | 1573011023 nodos | revisado 1.1%, faltan ~38.9 h [interior primero 1.1%, interior primero + pieza menos restrictiva 0.373%, reinicios, interior primero 273.0%] (Knuth: ~8.1 h) | máximo colocado 73 de 100 | hilos 8 de 12
    ... 1495.0 s | grupo 1/1 | 1575113202 nodos | revisado 1.1%, faltan ~39.0 h [interior primero 1.1%, interior primero + pieza menos restrictiva 0.373%, reinicios, interior primero 274.1%] (Knuth: ~8.1 h) | máximo colocado 73 de 100 | hilos 8 de 12
    ... 1497.0 s | grupo 1/1 | 1577216741 nodos | revisado 1.1%, faltan ~38.9 h [interior primero 1.1%, interior primero + pieza menos restrictiva 0.373%, reinicios, interior primero 274.1%] (Knuth: ~8.1 h) | máximo colocado 73 de 100 | hilos 8 de 12
    ... 1499.0 s | grupo 1/1 | 1579305260 nodos | revisado 1.1%, faltan ~38.9 h [interior primero 1.1%, interior primero + pieza menos restrictiva 0.374%, reinicios, interior primero 274.2%] (Knuth: ~8.1 h) | máximo colocado 73 de 100 | hilos 8 de 12
    ... 1501.0 s | grupo 1/1 | 1581391990 nodos | revisado 1.1%, faltan ~39.0 h [interior primero 1.1%, interior primero + pieza menos restrictiva 0.374%, reinicios, interior primero 274.2%] (Knuth: ~8.1 h) | máximo colocado 73 de 100 | hilos 8 de 12
    ... 1503.1 s | grupo 1/1 | 1583449725 nodos | revisado 1.1%, faltan ~39.0 h [interior primero 1.1%, interior primero + pieza menos restrictiva 0.374%, reinicios, interior primero 274.2%] (Knuth: ~8.1 h) | máximo colocado 73 de 100 | hilos 8 de 12
    ... 1505.1 s | grupo 1/1 | 1585496578 nodos | revisado 1.1%, faltan ~39.0 h [interior primero 1.1%, interior primero + pieza menos restrictiva 0.374%, reinicios, interior primero 274.7%] (Knuth: ~8.1 h) | máximo colocado 73 de 100 | hilos 8 de 12
    ... 1507.1 s | grupo 1/1 | 1587559572 nodos | revisado 1.1%, faltan ~39.1 h [interior primero 1.1%, interior primero + pieza menos restrictiva 0.375%, reinicios, interior primero 274.7%] (Knuth: ~8.1 h) | máximo colocado 73 de 100 | hilos 8 de 12
    ... 1509.1 s | grupo 1/1 | 1589620302 nodos | revisado 1.1%, faltan ~39.1 h [interior primero 1.1%, interior primero + pieza menos restrictiva 0.375%, reinicios, interior primero 274.8%] (Knuth: ~8.1 h) | máximo colocado 73 de 100 | hilos 8 de 12
    ... 1511.1 s | grupo 1/1 | 1591735471 nodos | revisado 1.1%, faltan ~39.1 h [interior primero 1.1%, interior primero + pieza menos restrictiva 0.376%, reinicios, interior primero 274.8%] (Knuth: ~8.1 h) | máximo colocado 73 de 100 | hilos 8 de 12
    ... 1513.1 s | grupo 1/1 | 1593846899 nodos | revisado 1.1%, faltan ~39.2 h [interior primero 1.1%, interior primero + pieza menos restrictiva 0.376%, reinicios, interior primero 274.8%] (Knuth: ~8.1 h) | máximo colocado 73 de 100 | hilos 8 de 12
    ... 1515.1 s | grupo 1/1 | 1595957682 nodos | revisado 1.1%, faltan ~39.2 h [interior primero 1.1%, interior primero + pieza menos restrictiva 0.377%, reinicios, interior primero 274.8%] (Knuth: ~8.1 h) | máximo colocado 73 de 100 | hilos 8 de 12
    ... 1517.1 s | grupo 1/1 | 1598068613 nodos | revisado 1.1%, faltan ~39.3 h [interior primero 1.1%, interior primero + pieza menos restrictiva 0.378%, reinicios, interior primero 274.8%] (Knuth: ~8.1 h) | máximo colocado 73 de 100 | hilos 8 de 12
    ... 1519.1 s | grupo 1/1 | 1600211998 nodos | revisado 1.1%, faltan ~39.3 h [interior primero 1.1%, interior primero + pieza menos restrictiva 0.378%, reinicios, interior primero 274.8%] (Knuth: ~8.1 h) | máximo colocado 73 de 100 | hilos 8 de 12
    ... 1521.1 s | grupo 1/1 | 1602329331 nodos | revisado 1.1%, faltan ~39.4 h [interior primero 1.1%, interior primero + pieza menos restrictiva 0.378%, reinicios, interior primero 274.9%] (Knuth: ~8.1 h) | máximo colocado 73 de 100 | hilos 8 de 12
    ... 1523.1 s | grupo 1/1 | 1604429703 nodos | revisado 1.1%, faltan ~39.4 h [interior primero 1.1%, interior primero + pieza menos restrictiva 0.378%, reinicios, interior primero 274.9%] (Knuth: ~8.1 h) | máximo colocado 73 de 100 | hilos 8 de 12
    ... 1525.1 s | grupo 1/1 | 1606564527 nodos | revisado 1.1%, faltan ~39.4 h [interior primero 1.1%, interior primero + pieza menos restrictiva 0.379%, reinicios, interior primero 275.3%] (Knuth: ~8.1 h) | máximo colocado 73 de 100 | hilos 8 de 12
    ... 1527.1 s | grupo 1/1 | 1608681527 nodos | revisado 1.1%, faltan ~39.4 h [interior primero 1.1%, interior primero + pieza menos restrictiva 0.379%, reinicios, interior primero 276.4%] (Knuth: ~8.1 h) | máximo colocado 73 de 100 | hilos 8 de 12
    ... 1529.1 s | grupo 1/1 | 1610792461 nodos | revisado 1.1%, faltan ~39.4 h [interior primero 1.1%, interior primero + pieza menos restrictiva 0.379%, reinicios, interior primero 276.7%] (Knuth: ~8.1 h) | máximo colocado 73 de 100 | hilos 8 de 12
    ... 1531.2 s | grupo 1/1 | 1612902606 nodos | revisado 1.1%, faltan ~39.5 h [interior primero 1.1%, interior primero + pieza menos restrictiva 0.379%, reinicios, interior primero 278.8%] (Knuth: ~8.1 h) | máximo colocado 73 de 100 | hilos 8 de 12
    ... 1533.2 s | grupo 1/1 | 1615057723 nodos | revisado 1.1%, faltan ~39.5 h [interior primero 1.1%, interior primero + pieza menos restrictiva 0.379%, reinicios, interior primero 278.8%] (Knuth: ~8.1 h) | máximo colocado 73 de 100 | hilos 8 de 12
    ... 1535.2 s | grupo 1/1 | 1617198607 nodos | revisado 1.1%, faltan ~39.5 h [interior primero 1.1%, interior primero + pieza menos restrictiva 0.380%, reinicios, interior primero 278.8%] (Knuth: ~8.1 h) | máximo colocado 73 de 100 | hilos 8 de 12
    ... 1537.2 s | grupo 1/1 | 1619324169 nodos | revisado 1.1%, faltan ~39.5 h [interior primero 1.1%, interior primero + pieza menos restrictiva 0.380%, reinicios, interior primero 278.8%] (Knuth: ~8.1 h) | máximo colocado 73 de 100 | hilos 8 de 12
    ... 1539.2 s | grupo 1/1 | 1621456135 nodos | revisado 1.1%, faltan ~39.6 h [interior primero 1.1%, interior primero + pieza menos restrictiva 0.380%, reinicios, interior primero 278.8%] (Knuth: ~8.1 h) | máximo colocado 73 de 100 | hilos 8 de 12
    ... 1541.2 s | grupo 1/1 | 1623594270 nodos | revisado 1.1%, faltan ~39.6 h [interior primero 1.1%, interior primero + pieza menos restrictiva 0.380%, reinicios, interior primero 278.8%] (Knuth: ~8.1 h) | máximo colocado 73 de 100 | hilos 8 de 12
    ... 1543.2 s | grupo 1/1 | 1625772022 nodos | revisado 1.1%, faltan ~39.7 h [interior primero 1.1%, interior primero + pieza menos restrictiva 0.381%, reinicios, interior primero 279.0%] (Knuth: ~8.1 h) | máximo colocado 73 de 100 | hilos 8 de 12
    ... 1545.2 s | grupo 1/1 | 1627918461 nodos | revisado 1.1%, faltan ~39.7 h [interior primero 1.1%, interior primero + pieza menos restrictiva 0.381%, reinicios, interior primero 279.5%] (Knuth: ~8.1 h) | máximo colocado 73 de 100 | hilos 8 de 12
    ... 1547.2 s | grupo 1/1 | 1630078147 nodos | revisado 1.1%, faltan ~39.7 h [interior primero 1.1%, interior primero + pieza menos restrictiva 0.381%, reinicios, interior primero 279.6%] (Knuth: ~8.1 h) | máximo colocado 73 de 100 | hilos 8 de 12
    ... 1549.2 s | grupo 1/1 | 1632247786 nodos | revisado 1.1%, faltan ~39.8 h [interior primero 1.1%, interior primero + pieza menos restrictiva 0.382%, reinicios, interior primero 279.6%] (Knuth: ~8.1 h) | máximo colocado 73 de 100 | hilos 8 de 12
    ... 1551.3 s | grupo 1/1 | 1634394543 nodos | revisado 1.1%, faltan ~39.8 h [interior primero 1.1%, interior primero + pieza menos restrictiva 0.382%, reinicios, interior primero 279.6%] (Knuth: ~8.1 h) | máximo colocado 73 de 100 | hilos 8 de 12
    ... 1553.3 s | grupo 1/1 | 1636547594 nodos | revisado 1.1%, faltan ~39.9 h [interior primero 1.1%, interior primero + pieza menos restrictiva 0.382%, reinicios, interior primero 279.6%] (Knuth: ~8.1 h) | máximo colocado 73 de 100 | hilos 8 de 12
    ... 1555.3 s | grupo 1/1 | 1638662101 nodos | revisado 1.1%, faltan ~39.9 h [interior primero 1.1%, interior primero + pieza menos restrictiva 0.382%, reinicios, interior primero 279.6%] (Knuth: ~8.1 h) | máximo colocado 73 de 100 | hilos 8 de 12
    ... 1557.3 s | grupo 1/1 | 1640798241 nodos | revisado 1.1%, faltan ~40.0 h [interior primero 1.1%, interior primero + pieza menos restrictiva 0.383%, reinicios, interior primero 279.6%] (Knuth: ~8.1 h) | máximo colocado 73 de 100 | hilos 8 de 12
    ... 1559.3 s | grupo 1/1 | 1642930679 nodos | revisado 1.1%, faltan ~39.9 h [interior primero 1.1%, interior primero + pieza menos restrictiva 0.383%, reinicios, interior primero 279.8%] (Knuth: ~8.1 h) | máximo colocado 73 de 100 | hilos 8 de 12
    ... 1561.3 s | grupo 1/1 | 1645066882 nodos | revisado 1.1%, faltan ~39.9 h [interior primero 1.1%, interior primero + pieza menos restrictiva 0.383%, reinicios, interior primero 279.8%] (Knuth: ~8.1 h) | máximo colocado 73 de 100 | hilos 8 de 12
    ... 1563.3 s | grupo 1/1 | 1647205622 nodos | revisado 1.1%, faltan ~39.9 h [interior primero 1.1%, interior primero + pieza menos restrictiva 0.383%, reinicios, interior primero 279.9%] (Knuth: ~8.1 h) | máximo colocado 73 de 100 | hilos 8 de 12
    ... 1565.3 s | grupo 1/1 | 1649316928 nodos | revisado 1.1%, faltan ~39.8 h [interior primero 1.1%, interior primero + pieza menos restrictiva 0.383%, reinicios, interior primero 279.9%] (Knuth: ~8.1 h) | máximo colocado 73 de 100 | hilos 8 de 12
    ... 1567.4 s | grupo 1/1 | 1651456186 nodos | revisado 1.1%, faltan ~39.7 h [interior primero 1.1%, interior primero + pieza menos restrictiva 0.384%, reinicios, interior primero 280.0%] (Knuth: ~8.1 h) | máximo colocado 73 de 100 | hilos 8 de 12
    ... 1569.4 s | grupo 1/1 | 1653586259 nodos | revisado 1.1%, faltan ~39.6 h [interior primero 1.1%, interior primero + pieza menos restrictiva 0.384%, reinicios, interior primero 280.0%] (Knuth: ~8.1 h) | máximo colocado 73 de 100 | hilos 8 de 12
    ... 1571.4 s | grupo 1/1 | 1655756907 nodos | revisado 1.1%, faltan ~39.6 h [interior primero 1.1%, interior primero + pieza menos restrictiva 0.384%, reinicios, interior primero 280.0%] (Knuth: ~8.1 h) | máximo colocado 73 de 100 | hilos 8 de 12
    ... 1573.4 s | grupo 1/1 | 1657911610 nodos | revisado 1.1%, faltan ~39.6 h [interior primero 1.1%, interior primero + pieza menos restrictiva 0.384%, reinicios, interior primero 280.1%] (Knuth: ~8.1 h) | máximo colocado 73 de 100 | hilos 8 de 12
    ... 1575.4 s | grupo 1/1 | 1660061299 nodos | revisado 1.1%, faltan ~39.6 h [interior primero 1.1%, interior primero + pieza menos restrictiva 0.384%, reinicios, interior primero 280.1%] (Knuth: ~8.1 h) | máximo colocado 73 de 100 | hilos 8 de 12
    ... 1577.4 s | grupo 1/1 | 1662182672 nodos | revisado 1.1%, faltan ~39.6 h [interior primero 1.1%, interior primero + pieza menos restrictiva 0.385%, reinicios, interior primero 280.1%] (Knuth: ~8.1 h) | máximo colocado 73 de 100 | hilos 8 de 12
    ... 1579.4 s | grupo 1/1 | 1664314984 nodos | revisado 1.1%, faltan ~39.5 h [interior primero 1.1%, interior primero + pieza menos restrictiva 0.385%, reinicios, interior primero 280.1%] (Knuth: ~8.1 h) | máximo colocado 73 de 100 | hilos 8 de 12
    ... 1581.4 s | grupo 1/1 | 1666454636 nodos | revisado 1.1%, faltan ~39.5 h [interior primero 1.1%, interior primero + pieza menos restrictiva 0.386%, reinicios, interior primero 280.1%] (Knuth: ~8.1 h) | máximo colocado 73 de 100 | hilos 8 de 12
    ... 1583.4 s | grupo 1/1 | 1668592643 nodos | revisado 1.1%, faltan ~39.5 h [interior primero 1.1%, interior primero + pieza menos restrictiva 0.386%, reinicios, interior primero 280.1%] (Knuth: ~8.1 h) | máximo colocado 73 de 100 | hilos 8 de 12
    ... 1585.4 s | grupo 1/1 | 1670751491 nodos | revisado 1.1%, faltan ~39.5 h [interior primero 1.1%, interior primero + pieza menos restrictiva 0.386%, reinicios, interior primero 280.2%] (Knuth: ~8.1 h) | máximo colocado 73 de 100 | hilos 8 de 12
    ... 1587.4 s | grupo 1/1 | 1672869289 nodos | revisado 1.1%, faltan ~39.5 h [interior primero 1.1%, interior primero + pieza menos restrictiva 0.386%, reinicios, interior primero 281.2%] (Knuth: ~8.1 h) | máximo colocado 73 de 100 | hilos 8 de 12
    ... 1589.4 s | grupo 1/1 | 1674991941 nodos | revisado 1.1%, faltan ~39.4 h [interior primero 1.1%, interior primero + pieza menos restrictiva 0.386%, reinicios, interior primero 281.2%] (Knuth: ~8.1 h) | máximo colocado 73 de 100 | hilos 8 de 12
    ... 1591.4 s | grupo 1/1 | 1677144313 nodos | revisado 1.1%, faltan ~39.4 h [interior primero 1.1%, interior primero + pieza menos restrictiva 0.387%, reinicios, interior primero 282.3%] (Knuth: ~8.1 h) | máximo colocado 73 de 100 | hilos 8 de 12
    ... 1593.4 s | grupo 1/1 | 1679272714 nodos | revisado 1.1%, faltan ~39.4 h [interior primero 1.1%, interior primero + pieza menos restrictiva 0.387%, reinicios, interior primero 283.4%] (Knuth: ~8.1 h) | máximo colocado 73 de 100 | hilos 8 de 12
    ... 1595.4 s | grupo 1/1 | 1681393353 nodos | revisado 1.1%, faltan ~39.3 h [interior primero 1.1%, interior primero + pieza menos restrictiva 0.387%, reinicios, interior primero 283.4%] (Knuth: ~8.1 h) | máximo colocado 73 de 100 | hilos 8 de 12
    ... 1597.4 s | grupo 1/1 | 1683508326 nodos | revisado 1.1%, faltan ~39.3 h [interior primero 1.1%, interior primero + pieza menos restrictiva 0.387%, reinicios, interior primero 286.5%] (Knuth: ~8.1 h) | máximo colocado 73 de 100 | hilos 8 de 12
    ... 1599.4 s | grupo 1/1 | 1685576958 nodos | revisado 1.1%, faltan ~39.3 h [interior primero 1.1%, interior primero + pieza menos restrictiva 0.388%, reinicios, interior primero 287.5%] (Knuth: ~8.1 h) | máximo colocado 73 de 100 | hilos 8 de 12
    ... 1601.5 s | grupo 1/1 | 1687655725 nodos | revisado 1.1%, faltan ~39.2 h [interior primero 1.1%, interior primero + pieza menos restrictiva 0.388%, reinicios, interior primero 287.5%] (Knuth: ~8.1 h) | máximo colocado 73 de 100 | hilos 8 de 12
    ... 1603.5 s | grupo 1/1 | 1689760529 nodos | revisado 1.1%, faltan ~39.2 h [interior primero 1.1%, interior primero + pieza menos restrictiva 0.389%, reinicios, interior primero 287.6%] (Knuth: ~8.1 h) | máximo colocado 73 de 100 | hilos 8 de 12
    ... 1605.5 s | grupo 1/1 | 1691832586 nodos | revisado 1.1%, faltan ~39.2 h [interior primero 1.1%, interior primero + pieza menos restrictiva 0.390%, reinicios, interior primero 288.6%] (Knuth: ~8.1 h) | máximo colocado 73 de 100 | hilos 8 de 12
    ... 1607.5 s | grupo 1/1 | 1693869547 nodos | revisado 1.1%, faltan ~39.2 h [interior primero 1.1%, interior primero + pieza menos restrictiva 0.391%, reinicios, interior primero 288.7%] (Knuth: ~8.1 h) | máximo colocado 73 de 100 | hilos 8 de 12
    ... 1609.5 s | grupo 1/1 | 1695866840 nodos | revisado 1.1%, faltan ~39.2 h [interior primero 1.1%, interior primero + pieza menos restrictiva 0.391%, reinicios, interior primero 289.2%] (Knuth: ~8.1 h) | máximo colocado 73 de 100 | hilos 8 de 12
    ... 1611.5 s | grupo 1/1 | 1697880628 nodos | revisado 1.1%, faltan ~39.3 h [interior primero 1.1%, interior primero + pieza menos restrictiva 0.391%, reinicios, interior primero 289.2%] (Knuth: ~8.1 h) | máximo colocado 73 de 100 | hilos 8 de 12
    ... 1613.5 s | grupo 1/1 | 1699876509 nodos | revisado 1.1%, faltan ~39.2 h [interior primero 1.1%, interior primero + pieza menos restrictiva 0.392%, reinicios, interior primero 290.0%] (Knuth: ~8.1 h) | máximo colocado 73 de 100 | hilos 8 de 12
    ... 1615.5 s | grupo 1/1 | 1701953846 nodos | revisado 1.1%, faltan ~39.2 h [interior primero 1.1%, interior primero + pieza menos restrictiva 0.392%, reinicios, interior primero 291.0%] (Knuth: ~8.1 h) | máximo colocado 73 de 100 | hilos 8 de 12
    ... 1617.5 s | grupo 1/1 | 1704080961 nodos | revisado 1.1%, faltan ~39.2 h [interior primero 1.1%, interior primero + pieza menos restrictiva 0.393%, reinicios, interior primero 292.1%] (Knuth: ~8.1 h) | máximo colocado 73 de 100 | hilos 8 de 12
    ... 1619.5 s | grupo 1/1 | 1706193151 nodos | revisado 1.1%, faltan ~39.2 h [interior primero 1.1%, interior primero + pieza menos restrictiva 0.393%, reinicios, interior primero 292.2%] (Knuth: ~8.1 h) | máximo colocado 73 de 100 | hilos 8 de 12
    ... 1621.5 s | grupo 1/1 | 1708325050 nodos | revisado 1.1%, faltan ~39.2 h [interior primero 1.1%, interior primero + pieza menos restrictiva 0.393%, reinicios, interior primero 292.2%] (Knuth: ~8.1 h) | máximo colocado 73 de 100 | hilos 8 de 12
    ... 1623.5 s | grupo 1/1 | 1710459468 nodos | revisado 1.1%, faltan ~39.2 h [interior primero 1.1%, interior primero + pieza menos restrictiva 0.393%, reinicios, interior primero 292.2%] (Knuth: ~8.1 h) | máximo colocado 73 de 100 | hilos 8 de 12
    ... 1625.5 s | grupo 1/1 | 1712570329 nodos | revisado 1.1%, faltan ~39.3 h [interior primero 1.1%, interior primero + pieza menos restrictiva 0.394%, reinicios, interior primero 293.8%] (Knuth: ~8.1 h) | máximo colocado 73 de 100 | hilos 8 de 12
    ... 1627.6 s | grupo 1/1 | 1714637309 nodos | revisado 1.1%, faltan ~39.3 h [interior primero 1.1%, interior primero + pieza menos restrictiva 0.394%, reinicios, interior primero 293.9%] (Knuth: ~8.1 h) | máximo colocado 73 de 100 | hilos 8 de 12
    ... 1629.6 s | grupo 1/1 | 1716645368 nodos | revisado 1.1%, faltan ~39.3 h [interior primero 1.1%, interior primero + pieza menos restrictiva 0.395%, reinicios, interior primero 294.0%] (Knuth: ~8.1 h) | máximo colocado 73 de 100 | hilos 8 de 12
    ... 1631.6 s | grupo 1/1 | 1718649117 nodos | revisado 1.1%, faltan ~39.4 h [interior primero 1.1%, interior primero + pieza menos restrictiva 0.396%, reinicios, interior primero 294.5%] (Knuth: ~8.1 h) | máximo colocado 73 de 100 | hilos 8 de 12
    ... 1633.6 s | grupo 1/1 | 1720724666 nodos | revisado 1.1%, faltan ~39.4 h [interior primero 1.1%, interior primero + pieza menos restrictiva 0.397%, reinicios, interior primero 295.6%] (Knuth: ~8.1 h) | máximo colocado 73 de 100 | hilos 8 de 12
    ... 1635.6 s | grupo 1/1 | 1722828528 nodos | revisado 1.1%, faltan ~39.3 h [interior primero 1.1%, interior primero + pieza menos restrictiva 0.397%, reinicios, interior primero 295.6%] (Knuth: ~8.1 h) | máximo colocado 73 de 100 | hilos 8 de 12
    ... 1637.6 s | grupo 1/1 | 1724923239 nodos | revisado 1.1%, faltan ~39.3 h [interior primero 1.1%, interior primero + pieza menos restrictiva 0.397%, reinicios, interior primero 295.6%] (Knuth: ~8.1 h) | máximo colocado 73 de 100 | hilos 8 de 12
    ... 1639.6 s | grupo 1/1 | 1727022129 nodos | revisado 1.1%, faltan ~39.3 h [interior primero 1.1%, interior primero + pieza menos restrictiva 0.398%, reinicios, interior primero 295.7%] (Knuth: ~8.1 h) | máximo colocado 73 de 100 | hilos 8 de 12
    ... 1641.6 s | grupo 1/1 | 1729115298 nodos | revisado 1.1%, faltan ~39.3 h [interior primero 1.1%, interior primero + pieza menos restrictiva 0.399%, reinicios, interior primero 297.7%] (Knuth: ~8.1 h) | máximo colocado 73 de 100 | hilos 8 de 12
    ... 1643.6 s | grupo 1/1 | 1731235104 nodos | revisado 1.1%, faltan ~39.3 h [interior primero 1.1%, interior primero + pieza menos restrictiva 0.400%, reinicios, interior primero 299.8%] (Knuth: ~8.1 h) | máximo colocado 73 de 100 | hilos 8 de 12
    ... 1645.6 s | grupo 1/1 | 1733333506 nodos | revisado 1.1%, faltan ~39.2 h [interior primero 1.1%, interior primero + pieza menos restrictiva 0.401%, reinicios, interior primero 302.3%] (Knuth: ~8.1 h) | máximo colocado 73 de 100 | hilos 8 de 12
    ... 1647.6 s | grupo 1/1 | 1735425203 nodos | revisado 1.1%, faltan ~39.3 h [interior primero 1.1%, interior primero + pieza menos restrictiva 0.402%, reinicios, interior primero 303.4%] (Knuth: ~8.1 h) | máximo colocado 73 de 100 | hilos 8 de 12
    ... 1649.6 s | grupo 1/1 | 1737499429 nodos | revisado 1.2%, faltan ~39.3 h [interior primero 1.2%, interior primero + pieza menos restrictiva 0.402%, reinicios, interior primero 305.5%] (Knuth: ~8.1 h) | máximo colocado 73 de 100 | hilos 8 de 12
    ... 1651.6 s | grupo 1/1 | 1739589891 nodos | revisado 1.2%, faltan ~39.3 h [interior primero 1.2%, interior primero + pieza menos restrictiva 0.403%, reinicios, interior primero 305.6%] (Knuth: ~8.1 h) | máximo colocado 73 de 100 | hilos 8 de 12
    ... 1653.6 s | grupo 1/1 | 1741675729 nodos | revisado 1.2%, faltan ~39.3 h [interior primero 1.2%, interior primero + pieza menos restrictiva 0.404%, reinicios, interior primero 306.9%] (Knuth: ~8.1 h) | máximo colocado 73 de 100 | hilos 8 de 12
    ... 1655.7 s | grupo 1/1 | 1743797245 nodos | revisado 1.2%, faltan ~39.4 h [interior primero 1.2%, interior primero + pieza menos restrictiva 0.405%, reinicios, interior primero 306.9%] (Knuth: ~8.1 h) | máximo colocado 73 de 100 | hilos 8 de 12
    ... 1657.7 s | grupo 1/1 | 1745936573 nodos | revisado 1.2%, faltan ~39.4 h [interior primero 1.2%, interior primero + pieza menos restrictiva 0.406%, reinicios, interior primero 306.9%] (Knuth: ~8.1 h) | máximo colocado 73 de 100 | hilos 8 de 12
    ... 1659.7 s | grupo 1/1 | 1748056369 nodos | revisado 1.2%, faltan ~39.4 h [interior primero 1.2%, interior primero + pieza menos restrictiva 0.406%, reinicios, interior primero 307.0%] (Knuth: ~8.1 h) | máximo colocado 73 de 100 | hilos 8 de 12
    ... 1661.7 s | grupo 1/1 | 1750164400 nodos | revisado 1.2%, faltan ~39.4 h [interior primero 1.2%, interior primero + pieza menos restrictiva 0.407%, reinicios, interior primero 307.0%] (Knuth: ~8.1 h) | máximo colocado 73 de 100 | hilos 8 de 12
    ... 1663.7 s | grupo 1/1 | 1752283022 nodos | revisado 1.2%, faltan ~39.5 h [interior primero 1.2%, interior primero + pieza menos restrictiva 0.408%, reinicios, interior primero 307.0%] (Knuth: ~8.1 h) | máximo colocado 73 de 100 | hilos 8 de 12
    ... 1665.7 s | grupo 1/1 | 1754405271 nodos | revisado 1.2%, faltan ~39.5 h [interior primero 1.2%, interior primero + pieza menos restrictiva 0.409%, reinicios, interior primero 307.0%] (Knuth: ~8.1 h) | máximo colocado 73 de 100 | hilos 8 de 12
    ... 1667.7 s | grupo 1/1 | 1756534909 nodos | revisado 1.2%, faltan ~39.5 h [interior primero 1.2%, interior primero + pieza menos restrictiva 0.410%, reinicios, interior primero 307.0%] (Knuth: ~8.1 h) | máximo colocado 73 de 100 | hilos 8 de 12
    ... 1669.7 s | grupo 1/1 | 1758672359 nodos | revisado 1.2%, faltan ~39.5 h [interior primero 1.2%, interior primero + pieza menos restrictiva 0.410%, reinicios, interior primero 307.0%] (Knuth: ~8.1 h) | máximo colocado 73 de 100 | hilos 8 de 12
    ... 1671.7 s | grupo 1/1 | 1760766150 nodos | revisado 1.2%, faltan ~39.5 h [interior primero 1.2%, interior primero + pieza menos restrictiva 0.411%, reinicios, interior primero 307.0%] (Knuth: ~8.1 h) | máximo colocado 73 de 100 | hilos 8 de 12
    ... 1673.7 s | grupo 1/1 | 1762889099 nodos | revisado 1.2%, faltan ~39.5 h [interior primero 1.2%, interior primero + pieza menos restrictiva 0.412%, reinicios, interior primero 307.0%] (Knuth: ~8.1 h) | máximo colocado 73 de 100 | hilos 8 de 12
    ... 1675.7 s | grupo 1/1 | 1765010309 nodos | revisado 1.2%, faltan ~39.6 h [interior primero 1.2%, interior primero + pieza menos restrictiva 0.413%, reinicios, interior primero 307.3%] (Knuth: ~8.1 h) | máximo colocado 73 de 100 | hilos 8 de 12
    ... 1677.7 s | grupo 1/1 | 1767075249 nodos | revisado 1.2%, faltan ~39.6 h [interior primero 1.2%, interior primero + pieza menos restrictiva 0.413%, reinicios, interior primero 307.4%] (Knuth: ~8.1 h) | máximo colocado 73 de 100 | hilos 8 de 12
    ... 1679.7 s | grupo 1/1 | 1769155865 nodos | revisado 1.2%, faltan ~39.6 h [interior primero 1.2%, interior primero + pieza menos restrictiva 0.415%, reinicios, interior primero 308.4%] (Knuth: ~8.1 h) | máximo colocado 73 de 100 | hilos 8 de 12
    ... 1681.7 s | grupo 1/1 | 1771268368 nodos | revisado 1.2%, faltan ~39.6 h [interior primero 1.2%, interior primero + pieza menos restrictiva 0.417%, reinicios, interior primero 308.4%] (Knuth: ~8.0 h) | máximo colocado 73 de 100 | hilos 8 de 12
    ... 1683.8 s | grupo 1/1 | 1773359360 nodos | revisado 1.2%, faltan ~39.6 h [interior primero 1.2%, interior primero + pieza menos restrictiva 0.417%, reinicios, interior primero 308.4%] (Knuth: ~8.0 h) | máximo colocado 73 de 100 | hilos 8 de 12
    ... 1685.8 s | grupo 1/1 | 1775445933 nodos | revisado 1.2%, faltan ~39.6 h [interior primero 1.2%, interior primero + pieza menos restrictiva 0.417%, reinicios, interior primero 308.5%] (Knuth: ~8.0 h) | máximo colocado 73 de 100 | hilos 8 de 12
    ... 1687.8 s | grupo 1/1 | 1777556320 nodos | revisado 1.2%, faltan ~39.6 h [interior primero 1.2%, interior primero + pieza menos restrictiva 0.418%, reinicios, interior primero 309.6%] (Knuth: ~8.0 h) | máximo colocado 73 de 100 | hilos 8 de 12
    ... 1689.8 s | grupo 1/1 | 1779654657 nodos | revisado 1.2%, faltan ~39.5 h [interior primero 1.2%, interior primero + pieza menos restrictiva 0.418%, reinicios, interior primero 309.6%] (Knuth: ~8.0 h) | máximo colocado 73 de 100 | hilos 8 de 12
    ... 1691.8 s | grupo 1/1 | 1781750471 nodos | revisado 1.2%, faltan ~39.4 h [interior primero 1.2%, interior primero + pieza menos restrictiva 0.418%, reinicios, interior primero 311.7%] (Knuth: ~8.0 h) | máximo colocado 73 de 100 | hilos 8 de 12
    ... 1693.8 s | grupo 1/1 | 1783851985 nodos | revisado 1.2%, faltan ~39.5 h [interior primero 1.2%, interior primero + pieza menos restrictiva 0.420%, reinicios, interior primero 312.2%] (Knuth: ~8.0 h) | máximo colocado 73 de 100 | hilos 8 de 12
    ... 1695.8 s | grupo 1/1 | 1785913748 nodos | revisado 1.2%, faltan ~39.4 h [interior primero 1.2%, interior primero + pieza menos restrictiva 0.420%, reinicios, interior primero 314.3%] (Knuth: ~8.0 h) | máximo colocado 73 de 100 | hilos 8 de 12
    ... 1697.8 s | grupo 1/1 | 1788011022 nodos | revisado 1.2%, faltan ~39.3 h [interior primero 1.2%, interior primero + pieza menos restrictiva 0.420%, reinicios, interior primero 314.3%] (Knuth: ~8.0 h) | máximo colocado 73 de 100 | hilos 8 de 12
    ... 1699.8 s | grupo 1/1 | 1790133054 nodos | revisado 1.2%, faltan ~39.3 h [interior primero 1.2%, interior primero + pieza menos restrictiva 0.421%, reinicios, interior primero 314.4%] (Knuth: ~8.0 h) | máximo colocado 73 de 100 | hilos 8 de 12
    ... 1701.8 s | grupo 1/1 | 1792210261 nodos | revisado 1.2%, faltan ~39.3 h [interior primero 1.2%, interior primero + pieza menos restrictiva 0.421%, reinicios, interior primero 315.9%] (Knuth: ~8.0 h) | máximo colocado 73 de 100 | hilos 8 de 12
    ... 1703.9 s | grupo 1/1 | 1794322904 nodos | revisado 1.2%, faltan ~39.3 h [interior primero 1.2%, interior primero + pieza menos restrictiva 0.422%, reinicios, interior primero 315.9%] (Knuth: ~8.0 h) | máximo colocado 73 de 100 | hilos 8 de 12
    ... 1705.9 s | grupo 1/1 | 1796430922 nodos | revisado 1.2%, faltan ~39.3 h [interior primero 1.2%, interior primero + pieza menos restrictiva 0.422%, reinicios, interior primero 316.0%] (Knuth: ~8.0 h) | máximo colocado 73 de 100 | hilos 8 de 12
    ... 1707.9 s | grupo 1/1 | 1798501063 nodos | revisado 1.2%, faltan ~39.4 h [interior primero 1.2%, interior primero + pieza menos restrictiva 0.422%, reinicios, interior primero 316.0%] (Knuth: ~8.0 h) | máximo colocado 73 de 100 | hilos 8 de 12
    ... 1709.9 s | grupo 1/1 | 1800540335 nodos | revisado 1.2%, faltan ~39.4 h [interior primero 1.2%, interior primero + pieza menos restrictiva 0.423%, reinicios, interior primero 316.5%] (Knuth: ~8.0 h) | máximo colocado 73 de 100 | hilos 8 de 12
    ... 1711.9 s | grupo 1/1 | 1802518559 nodos | revisado 1.2%, faltan ~39.4 h [interior primero 1.2%, interior primero + pieza menos restrictiva 0.423%, reinicios, interior primero 316.5%] (Knuth: ~8.0 h) | máximo colocado 73 de 100 | hilos 8 de 12
    ... 1713.9 s | grupo 1/1 | 1804559980 nodos | revisado 1.2%, faltan ~39.4 h [interior primero 1.2%, interior primero + pieza menos restrictiva 0.424%, reinicios, interior primero 316.5%] (Knuth: ~8.0 h) | máximo colocado 73 de 100 | hilos 8 de 12
    ... 1715.9 s | grupo 1/1 | 1806610954 nodos | revisado 1.2%, faltan ~39.4 h [interior primero 1.2%, interior primero + pieza menos restrictiva 0.425%, reinicios, interior primero 316.6%] (Knuth: ~8.0 h) | máximo colocado 73 de 100 | hilos 8 de 12
    ... 1717.9 s | grupo 1/1 | 1808674414 nodos | revisado 1.2%, faltan ~39.4 h [interior primero 1.2%, interior primero + pieza menos restrictiva 0.425%, reinicios, interior primero 316.6%] (Knuth: ~8.0 h) | máximo colocado 73 de 100 | hilos 8 de 12
    ... 1719.9 s | grupo 1/1 | 1810768258 nodos | revisado 1.2%, faltan ~39.2 h [interior primero 1.2%, interior primero + pieza menos restrictiva 0.426%, reinicios, interior primero 317.1%] (Knuth: ~8.0 h) | máximo colocado 73 de 100 | hilos 8 de 12
    ... 1721.9 s | grupo 1/1 | 1812870258 nodos | revisado 1.2%, faltan ~39.2 h [interior primero 1.2%, interior primero + pieza menos restrictiva 0.426%, reinicios, interior primero 318.1%] (Knuth: ~8.0 h) | máximo colocado 73 de 100 | hilos 8 de 12
    ... 1723.9 s | grupo 1/1 | 1814992751 nodos | revisado 1.2%, faltan ~39.0 h [interior primero 1.2%, interior primero + pieza menos restrictiva 0.427%, reinicios, interior primero 318.2%] (Knuth: ~8.0 h) | máximo colocado 73 de 100 | hilos 8 de 12
    ... 1725.9 s | grupo 1/1 | 1817102793 nodos | revisado 1.2%, faltan ~39.1 h [interior primero 1.2%, interior primero + pieza menos restrictiva 0.428%, reinicios, interior primero 318.3%] (Knuth: ~8.0 h) | máximo colocado 73 de 100 | hilos 8 de 12
    ... 1728.0 s | grupo 1/1 | 1819200859 nodos | revisado 1.2%, faltan ~39.1 h [interior primero 1.2%, interior primero + pieza menos restrictiva 0.428%, reinicios, interior primero 318.4%] (Knuth: ~8.0 h) | máximo colocado 73 de 100 | hilos 8 de 12
    ... 1730.0 s | grupo 1/1 | 1821340444 nodos | revisado 1.2%, faltan ~39.1 h [interior primero 1.2%, interior primero + pieza menos restrictiva 0.429%, reinicios, interior primero 318.4%] (Knuth: ~8.0 h) | máximo colocado 73 de 100 | hilos 8 de 12
    ... 1732.0 s | grupo 1/1 | 1823475500 nodos | revisado 1.2%, faltan ~39.1 h [interior primero 1.2%, interior primero + pieza menos restrictiva 0.429%, reinicios, interior primero 318.4%] (Knuth: ~8.0 h) | máximo colocado 73 de 100 | hilos 8 de 12
    ... 1734.0 s | grupo 1/1 | 1825582693 nodos | revisado 1.2%, faltan ~39.1 h [interior primero 1.2%, interior primero + pieza menos restrictiva 0.430%, reinicios, interior primero 318.5%] (Knuth: ~8.0 h) | máximo colocado 73 de 100 | hilos 8 de 12
    ... 1736.0 s | grupo 1/1 | 1827700017 nodos | revisado 1.2%, faltan ~39.1 h [interior primero 1.2%, interior primero + pieza menos restrictiva 0.430%, reinicios, interior primero 319.0%] (Knuth: ~8.0 h) | máximo colocado 73 de 100 | hilos 8 de 12
    ... 1738.0 s | grupo 1/1 | 1829787860 nodos | revisado 1.2%, faltan ~39.1 h [interior primero 1.2%, interior primero + pieza menos restrictiva 0.431%, reinicios, interior primero 320.5%] (Knuth: ~8.0 h) | máximo colocado 73 de 100 | hilos 8 de 12
    ... 1740.0 s | grupo 1/1 | 1831906187 nodos | revisado 1.2%, faltan ~39.1 h [interior primero 1.2%, interior primero + pieza menos restrictiva 0.432%, reinicios, interior primero 320.5%] (Knuth: ~8.0 h) | máximo colocado 73 de 100 | hilos 8 de 12
    ... 1742.0 s | grupo 1/1 | 1834027212 nodos | revisado 1.2%, faltan ~39.1 h [interior primero 1.2%, interior primero + pieza menos restrictiva 0.432%, reinicios, interior primero 320.6%] (Knuth: ~8.0 h) | máximo colocado 73 de 100 | hilos 8 de 12
    ... 1744.0 s | grupo 1/1 | 1836126695 nodos | revisado 1.2%, faltan ~39.1 h [interior primero 1.2%, interior primero + pieza menos restrictiva 0.433%, reinicios, interior primero 320.6%] (Knuth: ~8.0 h) | máximo colocado 73 de 100 | hilos 8 de 12
    ... 1746.0 s | grupo 1/1 | 1838208009 nodos | revisado 1.2%, faltan ~39.1 h [interior primero 1.2%, interior primero + pieza menos restrictiva 0.434%, reinicios, interior primero 320.6%] (Knuth: ~8.0 h) | máximo colocado 73 de 100 | hilos 8 de 12
    ... 1748.0 s | grupo 1/1 | 1840338821 nodos | revisado 1.2%, faltan ~39.1 h [interior primero 1.2%, interior primero + pieza menos restrictiva 0.435%, reinicios, interior primero 320.6%] (Knuth: ~8.0 h) | máximo colocado 73 de 100 | hilos 8 de 12
    ... 1750.1 s | grupo 1/1 | 1842460213 nodos | revisado 1.2%, faltan ~39.1 h [interior primero 1.2%, interior primero + pieza menos restrictiva 0.435%, reinicios, interior primero 320.6%] (Knuth: ~8.0 h) | máximo colocado 73 de 100 | hilos 8 de 12
    ... 1752.1 s | grupo 1/1 | 1844571630 nodos | revisado 1.2%, faltan ~39.1 h [interior primero 1.2%, interior primero + pieza menos restrictiva 0.436%, reinicios, interior primero 321.6%] (Knuth: ~8.0 h) | máximo colocado 73 de 100 | hilos 8 de 12
    ... 1754.1 s | grupo 1/1 | 1846665560 nodos | revisado 1.2%, faltan ~39.1 h [interior primero 1.2%, interior primero + pieza menos restrictiva 0.436%, reinicios, interior primero 321.6%] (Knuth: ~8.0 h) | máximo colocado 73 de 100 | hilos 8 de 12
    ... 1756.1 s | grupo 1/1 | 1848748447 nodos | revisado 1.2%, faltan ~39.0 h [interior primero 1.2%, interior primero + pieza menos restrictiva 0.437%, reinicios, interior primero 322.6%] (Knuth: ~8.0 h) | máximo colocado 73 de 100 | hilos 8 de 12
    ... 1758.1 s | grupo 1/1 | 1850827438 nodos | revisado 1.2%, faltan ~38.9 h [interior primero 1.2%, interior primero + pieza menos restrictiva 0.437%, reinicios, interior primero 322.7%] (Knuth: ~8.0 h) | máximo colocado 73 de 100 | hilos 8 de 12
    ... 1760.1 s | grupo 1/1 | 1852930124 nodos | revisado 1.2%, faltan ~38.8 h [interior primero 1.2%, interior primero + pieza menos restrictiva 0.438%, reinicios, interior primero 322.7%] (Knuth: ~8.0 h) | máximo colocado 73 de 100 | hilos 8 de 12
    ... 1762.1 s | grupo 1/1 | 1855033197 nodos | revisado 1.2%, faltan ~38.8 h [interior primero 1.2%, interior primero + pieza menos restrictiva 0.438%, reinicios, interior primero 322.7%] (Knuth: ~8.0 h) | máximo colocado 73 de 100 | hilos 8 de 12
    ... 1764.1 s | grupo 1/1 | 1857131706 nodos | revisado 1.2%, faltan ~38.7 h [interior primero 1.2%, interior primero + pieza menos restrictiva 0.438%, reinicios, interior primero 322.7%] (Knuth: ~8.0 h) | máximo colocado 73 de 100 | hilos 8 de 12
    ... 1766.1 s | grupo 1/1 | 1859227516 nodos | revisado 1.2%, faltan ~38.8 h [interior primero 1.2%, interior primero + pieza menos restrictiva 0.439%, reinicios, interior primero 322.7%] (Knuth: ~8.0 h) | máximo colocado 73 de 100 | hilos 8 de 12
    ... 1768.1 s | grupo 1/1 | 1861305467 nodos | revisado 1.2%, faltan ~38.8 h [interior primero 1.2%, interior primero + pieza menos restrictiva 0.439%, reinicios, interior primero 322.7%] (Knuth: ~8.0 h) | máximo colocado 73 de 100 | hilos 8 de 12
    ... 1770.1 s | grupo 1/1 | 1863406004 nodos | revisado 1.2%, faltan ~38.8 h [interior primero 1.2%, interior primero + pieza menos restrictiva 0.439%, reinicios, interior primero 322.7%] (Knuth: ~8.0 h) | máximo colocado 73 de 100 | hilos 8 de 12
    ... 1772.1 s | grupo 1/1 | 1865483300 nodos | revisado 1.3%, faltan ~38.8 h [interior primero 1.3%, interior primero + pieza menos restrictiva 0.439%, reinicios, interior primero 322.8%] (Knuth: ~8.0 h) | máximo colocado 73 de 100 | hilos 8 de 12
    ... 1774.1 s | grupo 1/1 | 1867544552 nodos | revisado 1.3%, faltan ~38.8 h [interior primero 1.3%, interior primero + pieza menos restrictiva 0.439%, reinicios, interior primero 322.8%] (Knuth: ~8.0 h) | máximo colocado 73 de 100 | hilos 8 de 12
    ... 1776.2 s | grupo 1/1 | 1869620144 nodos | revisado 1.3%, faltan ~38.8 h [interior primero 1.3%, interior primero + pieza menos restrictiva 0.440%, reinicios, interior primero 322.8%] (Knuth: ~8.0 h) | máximo colocado 73 de 100 | hilos 8 de 12
    ... 1778.2 s | grupo 1/1 | 1871696451 nodos | revisado 1.3%, faltan ~38.8 h [interior primero 1.3%, interior primero + pieza menos restrictiva 0.440%, reinicios, interior primero 322.8%] (Knuth: ~8.0 h) | máximo colocado 73 de 100 | hilos 8 de 12
    ... 1780.2 s | grupo 1/1 | 1873792016 nodos | revisado 1.3%, faltan ~38.8 h [interior primero 1.3%, interior primero + pieza menos restrictiva 0.440%, reinicios, interior primero 322.9%] (Knuth: ~8.0 h) | máximo colocado 73 de 100 | hilos 8 de 12
    ... 1782.2 s | grupo 1/1 | 1875897323 nodos | revisado 1.3%, faltan ~38.9 h [interior primero 1.3%, interior primero + pieza menos restrictiva 0.440%, reinicios, interior primero 322.9%] (Knuth: ~8.0 h) | máximo colocado 73 de 100 | hilos 8 de 12
    ... 1784.2 s | grupo 1/1 | 1877997291 nodos | revisado 1.3%, faltan ~38.9 h [interior primero 1.3%, interior primero + pieza menos restrictiva 0.441%, reinicios, interior primero 322.9%] (Knuth: ~8.0 h) | máximo colocado 73 de 100 | hilos 8 de 12
    ... 1786.2 s | grupo 1/1 | 1880077486 nodos | revisado 1.3%, faltan ~38.9 h [interior primero 1.3%, interior primero + pieza menos restrictiva 0.441%, reinicios, interior primero 322.9%] (Knuth: ~8.0 h) | máximo colocado 73 de 100 | hilos 8 de 12
    ... 1788.2 s | grupo 1/1 | 1882162719 nodos | revisado 1.3%, faltan ~38.9 h [interior primero 1.3%, interior primero + pieza menos restrictiva 0.441%, reinicios, interior primero 323.0%] (Knuth: ~8.0 h) | máximo colocado 73 de 100 | hilos 8 de 12
    ... 1790.2 s | grupo 1/1 | 1884261201 nodos | revisado 1.3%, faltan ~39.0 h [interior primero 1.3%, interior primero + pieza menos restrictiva 0.442%, reinicios, interior primero 323.0%] (Knuth: ~8.0 h) | máximo colocado 73 de 100 | hilos 8 de 12
    ... 1792.2 s | grupo 1/1 | 1886336984 nodos | revisado 1.3%, faltan ~39.0 h [interior primero 1.3%, interior primero + pieza menos restrictiva 0.443%, reinicios, interior primero 323.0%] (Knuth: ~8.0 h) | máximo colocado 73 de 100 | hilos 8 de 12
    ... 1794.2 s | grupo 1/1 | 1888352789 nodos | revisado 1.3%, faltan ~39.0 h [interior primero 1.3%, interior primero + pieza menos restrictiva 0.443%, reinicios, interior primero 323.0%] (Knuth: ~8.0 h) | máximo colocado 73 de 100 | hilos 8 de 12
    ... 1796.2 s | grupo 1/1 | 1890484888 nodos | revisado 1.3%, faltan ~39.1 h [interior primero 1.3%, interior primero + pieza menos restrictiva 0.443%, reinicios, interior primero 323.0%] (Knuth: ~8.0 h) | máximo colocado 73 de 100 | hilos 8 de 12
    ... 1798.2 s | grupo 1/1 | 1892575975 nodos | revisado 1.3%, faltan ~39.1 h [interior primero 1.3%, interior primero + pieza menos restrictiva 0.444%, reinicios, interior primero 323.0%] (Knuth: ~8.0 h) | máximo colocado 73 de 100 | hilos 8 de 12
    ... 1800.2 s | grupo 1/1 | 1894677619 nodos | revisado 1.3%, faltan ~39.1 h [interior primero 1.3%, interior primero + pieza menos restrictiva 0.444%, reinicios, interior primero 323.0%] (Knuth: ~8.0 h) | máximo colocado 73 de 100 | hilos 8 de 12
    ... 1802.3 s | grupo 1/1 | 1896794216 nodos | revisado 1.3%, faltan ~39.1 h [interior primero 1.3%, interior primero + pieza menos restrictiva 0.445%, reinicios, interior primero 323.0%] (Knuth: ~8.0 h) | máximo colocado 73 de 100 | hilos 8 de 12
    ... 1804.3 s | grupo 1/1 | 1898886340 nodos | revisado 1.3%, faltan ~39.2 h [interior primero 1.3%, interior primero + pieza menos restrictiva 0.445%, reinicios, interior primero 323.0%] (Knuth: ~8.0 h) | máximo colocado 73 de 100 | hilos 8 de 12
    ... 1806.3 s | grupo 1/1 | 1901001173 nodos | revisado 1.3%, faltan ~39.2 h [interior primero 1.3%, interior primero + pieza menos restrictiva 0.446%, reinicios, interior primero 323.0%] (Knuth: ~8.0 h) | máximo colocado 73 de 100 | hilos 8 de 12
    ... 1808.3 s | grupo 1/1 | 1903114427 nodos | revisado 1.3%, faltan ~39.2 h [interior primero 1.3%, interior primero + pieza menos restrictiva 0.447%, reinicios, interior primero 323.0%] (Knuth: ~8.0 h) | máximo colocado 73 de 100 | hilos 8 de 12
    ... 1810.3 s | grupo 1/1 | 1905225724 nodos | revisado 1.3%, faltan ~39.3 h [interior primero 1.3%, interior primero + pieza menos restrictiva 0.448%, reinicios, interior primero 323.0%] (Knuth: ~8.0 h) | máximo colocado 73 de 100 | hilos 8 de 12
    ... 1812.3 s | grupo 1/1 | 1907353632 nodos | revisado 1.3%, faltan ~39.3 h [interior primero 1.3%, interior primero + pieza menos restrictiva 0.448%, reinicios, interior primero 323.0%] (Knuth: ~8.0 h) | máximo colocado 73 de 100 | hilos 8 de 12
    ... 1814.3 s | grupo 1/1 | 1909495085 nodos | revisado 1.3%, faltan ~39.3 h [interior primero 1.3%, interior primero + pieza menos restrictiva 0.448%, reinicios, interior primero 323.0%] (Knuth: ~8.0 h) | máximo colocado 73 de 100 | hilos 8 de 12
    ... 1816.3 s | grupo 1/1 | 1911635770 nodos | revisado 1.3%, faltan ~39.2 h [interior primero 1.3%, interior primero + pieza menos restrictiva 0.449%, reinicios, interior primero 323.0%] (Knuth: ~8.0 h) | máximo colocado 73 de 100 | hilos 8 de 12
    ... 1818.3 s | grupo 1/1 | 1913792199 nodos | revisado 1.3%, faltan ~39.2 h [interior primero 1.3%, interior primero + pieza menos restrictiva 0.449%, reinicios, interior primero 323.0%] (Knuth: ~8.0 h) | máximo colocado 73 de 100 | hilos 8 de 12
    ... 1820.3 s | grupo 1/1 | 1915864691 nodos | revisado 1.3%, faltan ~39.2 h [interior primero 1.3%, interior primero + pieza menos restrictiva 0.449%, reinicios, interior primero 323.0%] (Knuth: ~8.0 h) | máximo colocado 73 de 100 | hilos 8 de 12
    ... 1822.3 s | grupo 1/1 | 1918010446 nodos | revisado 1.3%, faltan ~39.3 h [interior primero 1.3%, interior primero + pieza menos restrictiva 0.449%, reinicios, interior primero 323.1%] (Knuth: ~8.0 h) | máximo colocado 73 de 100 | hilos 8 de 12
    ... 1824.3 s | grupo 1/1 | 1920120435 nodos | revisado 1.3%, faltan ~39.3 h [interior primero 1.3%, interior primero + pieza menos restrictiva 0.450%, reinicios, interior primero 323.1%] (Knuth: ~8.0 h) | máximo colocado 73 de 100 | hilos 8 de 12
    ... 1826.3 s | grupo 1/1 | 1922241851 nodos | revisado 1.3%, faltan ~39.3 h [interior primero 1.3%, interior primero + pieza menos restrictiva 0.450%, reinicios, interior primero 323.1%] (Knuth: ~8.0 h) | máximo colocado 73 de 100 | hilos 8 de 12
    ... 1828.4 s | grupo 1/1 | 1924366438 nodos | revisado 1.3%, faltan ~39.3 h [interior primero 1.3%, interior primero + pieza menos restrictiva 0.450%, reinicios, interior primero 323.1%] (Knuth: ~8.0 h) | máximo colocado 73 de 100 | hilos 8 de 12
    ... 1830.4 s | grupo 1/1 | 1926482015 nodos | revisado 1.3%, faltan ~39.3 h [interior primero 1.3%, interior primero + pieza menos restrictiva 0.450%, reinicios, interior primero 323.1%] (Knuth: ~8.0 h) | máximo colocado 73 de 100 | hilos 8 de 12
    ... 1832.4 s | grupo 1/1 | 1928613287 nodos | revisado 1.3%, faltan ~39.3 h [interior primero 1.3%, interior primero + pieza menos restrictiva 0.450%, reinicios, interior primero 323.1%] (Knuth: ~8.0 h) | máximo colocado 73 de 100 | hilos 8 de 12
    ... 1834.4 s | grupo 1/1 | 1930726611 nodos | revisado 1.3%, faltan ~39.4 h [interior primero 1.3%, interior primero + pieza menos restrictiva 0.450%, reinicios, interior primero 323.2%] (Knuth: ~8.0 h) | máximo colocado 73 de 100 | hilos 8 de 12
    ... 1836.4 s | grupo 1/1 | 1932838168 nodos | revisado 1.3%, faltan ~39.4 h [interior primero 1.3%, interior primero + pieza menos restrictiva 0.450%, reinicios, interior primero 323.2%] (Knuth: ~8.0 h) | máximo colocado 73 de 100 | hilos 8 de 12
    ... 1838.4 s | grupo 1/1 | 1934973997 nodos | revisado 1.3%, faltan ~39.4 h [interior primero 1.3%, interior primero + pieza menos restrictiva 0.450%, reinicios, interior primero 323.2%] (Knuth: ~8.0 h) | máximo colocado 73 de 100 | hilos 8 de 12
    ... 1840.4 s | grupo 1/1 | 1937078672 nodos | revisado 1.3%, faltan ~39.4 h [interior primero 1.3%, interior primero + pieza menos restrictiva 0.450%, reinicios, interior primero 323.2%] (Knuth: ~8.0 h) | máximo colocado 73 de 100 | hilos 8 de 12
    ... 1842.4 s | grupo 1/1 | 1939190707 nodos | revisado 1.3%, faltan ~39.4 h [interior primero 1.3%, interior primero + pieza menos restrictiva 0.451%, reinicios, interior primero 323.2%] (Knuth: ~8.0 h) | máximo colocado 73 de 100 | hilos 8 de 12
    ... 1844.4 s | grupo 1/1 | 1941317346 nodos | revisado 1.3%, faltan ~39.4 h [interior primero 1.3%, interior primero + pieza menos restrictiva 0.451%, reinicios, interior primero 323.3%] (Knuth: ~8.0 h) | máximo colocado 73 de 100 | hilos 8 de 12
    ... 1846.4 s | grupo 1/1 | 1943442519 nodos | revisado 1.3%, faltan ~39.4 h [interior primero 1.3%, interior primero + pieza menos restrictiva 0.451%, reinicios, interior primero 323.3%] (Knuth: ~8.0 h) | máximo colocado 73 de 100 | hilos 8 de 12
    ... 1848.4 s | grupo 1/1 | 1945565107 nodos | revisado 1.3%, faltan ~39.4 h [interior primero 1.3%, interior primero + pieza menos restrictiva 0.451%, reinicios, interior primero 323.3%] (Knuth: ~8.0 h) | máximo colocado 73 de 100 | hilos 8 de 12
    ... 1850.4 s | grupo 1/1 | 1947687146 nodos | revisado 1.3%, faltan ~39.4 h [interior primero 1.3%, interior primero + pieza menos restrictiva 0.452%, reinicios, interior primero 323.3%] (Knuth: ~8.0 h) | máximo colocado 73 de 100 | hilos 8 de 12
    ... 1852.4 s | grupo 1/1 | 1949833565 nodos | revisado 1.3%, faltan ~39.4 h [interior primero 1.3%, interior primero + pieza menos restrictiva 0.452%, reinicios, interior primero 323.4%] (Knuth: ~8.0 h) | máximo colocado 73 de 100 | hilos 8 de 12
    ... 1854.5 s | grupo 1/1 | 1951960255 nodos | revisado 1.3%, faltan ~39.4 h [interior primero 1.3%, interior primero + pieza menos restrictiva 0.452%, reinicios, interior primero 323.4%] (Knuth: ~8.0 h) | máximo colocado 73 de 100 | hilos 8 de 12
    ... 1856.5 s | grupo 1/1 | 1954084410 nodos | revisado 1.3%, faltan ~39.4 h [interior primero 1.3%, interior primero + pieza menos restrictiva 0.452%, reinicios, interior primero 323.4%] (Knuth: ~8.0 h) | máximo colocado 73 de 100 | hilos 8 de 12
    ... 1858.5 s | grupo 1/1 | 1956232078 nodos | revisado 1.3%, faltan ~39.4 h [interior primero 1.3%, interior primero + pieza menos restrictiva 0.452%, reinicios, interior primero 323.4%] (Knuth: ~8.0 h) | máximo colocado 73 de 100 | hilos 8 de 12
    ... 1860.5 s | grupo 1/1 | 1958351872 nodos | revisado 1.3%, faltan ~39.4 h [interior primero 1.3%, interior primero + pieza menos restrictiva 0.453%, reinicios, interior primero 323.5%] (Knuth: ~8.0 h) | máximo colocado 73 de 100 | hilos 8 de 12
    ... 1862.5 s | grupo 1/1 | 1960475374 nodos | revisado 1.3%, faltan ~39.5 h [interior primero 1.3%, interior primero + pieza menos restrictiva 0.453%, reinicios, interior primero 323.5%] (Knuth: ~8.0 h) | máximo colocado 73 de 100 | hilos 8 de 12
    ... 1864.5 s | grupo 1/1 | 1962583716 nodos | revisado 1.3%, faltan ~39.5 h [interior primero 1.3%, interior primero + pieza menos restrictiva 0.454%, reinicios, interior primero 323.6%] (Knuth: ~8.0 h) | máximo colocado 73 de 100 | hilos 8 de 12
    ... 1866.5 s | grupo 1/1 | 1964689805 nodos | revisado 1.3%, faltan ~39.5 h [interior primero 1.3%, interior primero + pieza menos restrictiva 0.454%, reinicios, interior primero 323.6%] (Knuth: ~8.0 h) | máximo colocado 73 de 100 | hilos 8 de 12
    ... 1868.5 s | grupo 1/1 | 1966831814 nodos | revisado 1.3%, faltan ~39.5 h [interior primero 1.3%, interior primero + pieza menos restrictiva 0.455%, reinicios, interior primero 323.6%] (Knuth: ~8.0 h) | máximo colocado 73 de 100 | hilos 8 de 12
    ... 1870.5 s | grupo 1/1 | 1968965961 nodos | revisado 1.3%, faltan ~39.6 h [interior primero 1.3%, interior primero + pieza menos restrictiva 0.455%, reinicios, interior primero 323.6%] (Knuth: ~8.0 h) | máximo colocado 73 de 100 | hilos 8 de 12
    ... 1872.5 s | grupo 1/1 | 1971101927 nodos | revisado 1.3%, faltan ~39.6 h [interior primero 1.3%, interior primero + pieza menos restrictiva 0.455%, reinicios, interior primero 323.6%] (Knuth: ~8.0 h) | máximo colocado 73 de 100 | hilos 8 de 12
    ... 1874.5 s | grupo 1/1 | 1973238619 nodos | revisado 1.3%, faltan ~39.6 h [interior primero 1.3%, interior primero + pieza menos restrictiva 0.456%, reinicios, interior primero 323.7%] (Knuth: ~8.0 h) | máximo colocado 73 de 100 | hilos 8 de 12
    ... 1876.5 s | grupo 1/1 | 1975364232 nodos | revisado 1.3%, faltan ~39.6 h [interior primero 1.3%, interior primero + pieza menos restrictiva 0.456%, reinicios, interior primero 323.7%] (Knuth: ~8.0 h) | máximo colocado 73 de 100 | hilos 8 de 12
    ... 1878.6 s | grupo 1/1 | 1977482910 nodos | revisado 1.3%, faltan ~39.7 h [interior primero 1.3%, interior primero + pieza menos restrictiva 0.457%, reinicios, interior primero 323.7%] (Knuth: ~8.0 h) | máximo colocado 73 de 100 | hilos 8 de 12
    ... 1880.6 s | grupo 1/1 | 1979617548 nodos | revisado 1.3%, faltan ~39.7 h [interior primero 1.3%, interior primero + pieza menos restrictiva 0.458%, reinicios, interior primero 323.7%] (Knuth: ~8.0 h) | máximo colocado 73 de 100 | hilos 8 de 12
    ... 1882.6 s | grupo 1/1 | 1981748049 nodos | revisado 1.3%, faltan ~39.7 h [interior primero 1.3%, interior primero + pieza menos restrictiva 0.458%, reinicios, interior primero 323.7%] (Knuth: ~8.0 h) | máximo colocado 73 de 100 | hilos 8 de 12
    ... 1884.6 s | grupo 1/1 | 1983889357 nodos | revisado 1.3%, faltan ~39.8 h [interior primero 1.3%, interior primero + pieza menos restrictiva 0.458%, reinicios, interior primero 323.7%] (Knuth: ~8.0 h) | máximo colocado 73 de 100 | hilos 8 de 12
    ... 1886.6 s | grupo 1/1 | 1986004471 nodos | revisado 1.3%, faltan ~39.8 h [interior primero 1.3%, interior primero + pieza menos restrictiva 0.458%, reinicios, interior primero 323.7%] (Knuth: ~8.0 h) | máximo colocado 73 de 100 | hilos 8 de 12
    ... 1888.6 s | grupo 1/1 | 1988110035 nodos | revisado 1.3%, faltan ~39.8 h [interior primero 1.3%, interior primero + pieza menos restrictiva 0.459%, reinicios, interior primero 323.7%] (Knuth: ~8.0 h) | máximo colocado 73 de 100 | hilos 8 de 12
    ... 1890.6 s | grupo 1/1 | 1990237106 nodos | revisado 1.3%, faltan ~39.9 h [interior primero 1.3%, interior primero + pieza menos restrictiva 0.459%, reinicios, interior primero 323.7%] (Knuth: ~8.0 h) | máximo colocado 73 de 100 | hilos 8 de 12
    ... 1892.6 s | grupo 1/1 | 1992375841 nodos | revisado 1.3%, faltan ~39.9 h [interior primero 1.3%, interior primero + pieza menos restrictiva 0.459%, reinicios, interior primero 323.7%] (Knuth: ~8.0 h) | máximo colocado 73 de 100 | hilos 8 de 12
    ... 1894.6 s | grupo 1/1 | 1994467654 nodos | revisado 1.3%, faltan ~39.9 h [interior primero 1.3%, interior primero + pieza menos restrictiva 0.460%, reinicios, interior primero 324.2%] (Knuth: ~8.0 h) | máximo colocado 73 de 100 | hilos 8 de 12
    ... 1896.6 s | grupo 1/1 | 1996592544 nodos | revisado 1.3%, faltan ~40.0 h [interior primero 1.3%, interior primero + pieza menos restrictiva 0.460%, reinicios, interior primero 324.3%] (Knuth: ~8.0 h) | máximo colocado 73 de 100 | hilos 8 de 12
    ... 1898.6 s | grupo 1/1 | 1998711500 nodos | revisado 1.3%, faltan ~40.0 h [interior primero 1.3%, interior primero + pieza menos restrictiva 0.460%, reinicios, interior primero 324.8%] (Knuth: ~8.0 h) | máximo colocado 73 de 100 | hilos 8 de 12
    ... 1900.6 s | grupo 1/1 | 2000791390 nodos | revisado 1.3%, faltan ~40.0 h [interior primero 1.3%, interior primero + pieza menos restrictiva 0.461%, reinicios, interior primero 325.8%] (Knuth: ~8.0 h) | máximo colocado 73 de 100 | hilos 8 de 12
    ... 1902.6 s | grupo 1/1 | 2002881447 nodos | revisado 1.3%, faltan ~40.1 h [interior primero 1.3%, interior primero + pieza menos restrictiva 0.461%, reinicios, interior primero 325.8%] (Knuth: ~8.0 h) | máximo colocado 73 de 100 | hilos 8 de 12
    ... 1904.6 s | grupo 1/1 | 2004979567 nodos | revisado 1.3%, faltan ~40.1 h [interior primero 1.3%, interior primero + pieza menos restrictiva 0.461%, reinicios, interior primero 326.8%] (Knuth: ~8.0 h) | máximo colocado 73 de 100 | hilos 8 de 12
    ... 1906.7 s | grupo 1/1 | 2007090032 nodos | revisado 1.3%, faltan ~40.1 h [interior primero 1.3%, interior primero + pieza menos restrictiva 0.462%, reinicios, interior primero 326.8%] (Knuth: ~8.0 h) | máximo colocado 73 de 100 | hilos 8 de 12
    ... 1908.7 s | grupo 1/1 | 2009227009 nodos | revisado 1.3%, faltan ~40.1 h [interior primero 1.3%, interior primero + pieza menos restrictiva 0.463%, reinicios, interior primero 326.8%] (Knuth: ~8.0 h) | máximo colocado 73 de 100 | hilos 8 de 12
    ... 1910.7 s | grupo 1/1 | 2011345701 nodos | revisado 1.3%, faltan ~40.1 h [interior primero 1.3%, interior primero + pieza menos restrictiva 0.463%, reinicios, interior primero 326.8%] (Knuth: ~8.0 h) | máximo colocado 73 de 100 | hilos 8 de 12
    ... 1912.7 s | grupo 1/1 | 2013462842 nodos | revisado 1.3%, faltan ~40.0 h [interior primero 1.3%, interior primero + pieza menos restrictiva 0.463%, reinicios, interior primero 326.8%] (Knuth: ~8.0 h) | máximo colocado 73 de 100 | hilos 8 de 12
    ... 1914.7 s | grupo 1/1 | 2015580115 nodos | revisado 1.3%, faltan ~40.0 h [interior primero 1.3%, interior primero + pieza menos restrictiva 0.464%, reinicios, interior primero 326.8%] (Knuth: ~8.0 h) | máximo colocado 73 de 100 | hilos 8 de 12
    ... 1916.7 s | grupo 1/1 | 2017698915 nodos | revisado 1.3%, faltan ~40.0 h [interior primero 1.3%, interior primero + pieza menos restrictiva 0.464%, reinicios, interior primero 326.9%] (Knuth: ~8.0 h) | máximo colocado 73 de 100 | hilos 8 de 12
    ... 1918.7 s | grupo 1/1 | 2019812769 nodos | revisado 1.3%, faltan ~40.0 h [interior primero 1.3%, interior primero + pieza menos restrictiva 0.465%, reinicios, interior primero 326.9%] (Knuth: ~8.0 h) | máximo colocado 73 de 100 | hilos 8 de 12
    ... 1920.7 s | grupo 1/1 | 2021930533 nodos | revisado 1.3%, faltan ~40.1 h [interior primero 1.3%, interior primero + pieza menos restrictiva 0.465%, reinicios, interior primero 326.9%] (Knuth: ~8.0 h) | máximo colocado 73 de 100 | hilos 8 de 12
    ... 1922.7 s | grupo 1/1 | 2024019775 nodos | revisado 1.3%, faltan ~40.1 h [interior primero 1.3%, interior primero + pieza menos restrictiva 0.466%, reinicios, interior primero 326.9%] (Knuth: ~8.0 h) | máximo colocado 73 de 100 | hilos 8 de 12
    ... 1924.7 s | grupo 1/1 | 2026104864 nodos | revisado 1.3%, faltan ~40.0 h [interior primero 1.3%, interior primero + pieza menos restrictiva 0.466%, reinicios, interior primero 327.9%] (Knuth: ~8.0 h) | máximo colocado 73 de 100 | hilos 8 de 12
    ... 1926.7 s | grupo 1/1 | 2028121841 nodos | revisado 1.3%, faltan ~40.0 h [interior primero 1.3%, interior primero + pieza menos restrictiva 0.466%, reinicios, interior primero 327.9%] (Knuth: ~8.0 h) | máximo colocado 73 de 100 | hilos 8 de 12
    ... 1928.8 s | grupo 1/1 | 2030221815 nodos | revisado 1.3%, faltan ~40.0 h [interior primero 1.3%, interior primero + pieza menos restrictiva 0.467%, reinicios, interior primero 327.9%] (Knuth: ~8.0 h) | máximo colocado 73 de 100 | hilos 8 de 12
    ... 1930.8 s | grupo 1/1 | 2032308926 nodos | revisado 1.3%, faltan ~40.0 h [interior primero 1.3%, interior primero + pieza menos restrictiva 0.467%, reinicios, interior primero 327.9%] (Knuth: ~8.0 h) | máximo colocado 73 de 100 | hilos 8 de 12
    ... 1932.8 s | grupo 1/1 | 2034419682 nodos | revisado 1.3%, faltan ~40.1 h [interior primero 1.3%, interior primero + pieza menos restrictiva 0.467%, reinicios, interior primero 327.9%] (Knuth: ~8.0 h) | máximo colocado 73 de 100 | hilos 8 de 12
    ... 1934.8 s | grupo 1/1 | 2036532445 nodos | revisado 1.3%, faltan ~40.1 h [interior primero 1.3%, interior primero + pieza menos restrictiva 0.468%, reinicios, interior primero 327.9%] (Knuth: ~8.0 h) | máximo colocado 73 de 100 | hilos 8 de 12
    ... 1936.8 s | grupo 1/1 | 2038627348 nodos | revisado 1.3%, faltan ~40.1 h [interior primero 1.3%, interior primero + pieza menos restrictiva 0.468%, reinicios, interior primero 327.9%] (Knuth: ~8.0 h) | máximo colocado 73 de 100 | hilos 8 de 12
    ... 1938.8 s | grupo 1/1 | 2040734676 nodos | revisado 1.3%, faltan ~40.1 h [interior primero 1.3%, interior primero + pieza menos restrictiva 0.469%, reinicios, interior primero 327.9%] (Knuth: ~8.0 h) | máximo colocado 73 de 100 | hilos 8 de 12
    ... 1940.8 s | grupo 1/1 | 2042839849 nodos | revisado 1.3%, faltan ~40.1 h [interior primero 1.3%, interior primero + pieza menos restrictiva 0.470%, reinicios, interior primero 327.9%] (Knuth: ~8.0 h) | máximo colocado 73 de 100 | hilos 8 de 12
    ... 1942.8 s | grupo 1/1 | 2044953564 nodos | revisado 1.3%, faltan ~40.1 h [interior primero 1.3%, interior primero + pieza menos restrictiva 0.470%, reinicios, interior primero 327.9%] (Knuth: ~8.0 h) | máximo colocado 73 de 100 | hilos 8 de 12
    ... 1944.8 s | grupo 1/1 | 2047062039 nodos | revisado 1.3%, faltan ~40.2 h [interior primero 1.3%, interior primero + pieza menos restrictiva 0.471%, reinicios, interior primero 328.2%] (Knuth: ~8.0 h) | máximo colocado 73 de 100 | hilos 8 de 12
    ... 1946.8 s | grupo 1/1 | 2049198275 nodos | revisado 1.3%, faltan ~40.2 h [interior primero 1.3%, interior primero + pieza menos restrictiva 0.472%, reinicios, interior primero 328.6%] (Knuth: ~8.0 h) | máximo colocado 73 de 100 | hilos 8 de 12
    ... 1948.8 s | grupo 1/1 | 2051302350 nodos | revisado 1.3%, faltan ~40.2 h [interior primero 1.3%, interior primero + pieza menos restrictiva 0.472%, reinicios, interior primero 328.6%] (Knuth: ~8.0 h) | máximo colocado 73 de 100 | hilos 8 de 12
    ... 1950.9 s | grupo 1/1 | 2053381909 nodos | revisado 1.3%, faltan ~40.2 h [interior primero 1.3%, interior primero + pieza menos restrictiva 0.473%, reinicios, interior primero 328.6%] (Knuth: ~8.0 h) | máximo colocado 73 de 100 | hilos 8 de 12
    ... 1952.9 s | grupo 1/1 | 2055478393 nodos | revisado 1.3%, faltan ~40.3 h [interior primero 1.3%, interior primero + pieza menos restrictiva 0.473%, reinicios, interior primero 328.6%] (Knuth: ~8.0 h) | máximo colocado 73 de 100 | hilos 8 de 12
    ... 1954.9 s | grupo 1/1 | 2057585263 nodos | revisado 1.3%, faltan ~40.3 h [interior primero 1.3%, interior primero + pieza menos restrictiva 0.474%, reinicios, interior primero 328.6%] (Knuth: ~8.0 h) | máximo colocado 73 de 100 | hilos 8 de 12
    ... 1956.9 s | grupo 1/1 | 2059707102 nodos | revisado 1.3%, faltan ~40.3 h [interior primero 1.3%, interior primero + pieza menos restrictiva 0.475%, reinicios, interior primero 328.6%] (Knuth: ~8.0 h) | máximo colocado 73 de 100 | hilos 8 de 12
    ... 1958.9 s | grupo 1/1 | 2061807560 nodos | revisado 1.3%, faltan ~40.3 h [interior primero 1.3%, interior primero + pieza menos restrictiva 0.475%, reinicios, interior primero 328.7%] (Knuth: ~8.0 h) | máximo colocado 73 de 100 | hilos 8 de 12
    ... 1960.9 s | grupo 1/1 | 2063893077 nodos | revisado 1.3%, faltan ~40.4 h [interior primero 1.3%, interior primero + pieza menos restrictiva 0.477%, reinicios, interior primero 329.1%] (Knuth: ~8.0 h) | máximo colocado 73 de 100 | hilos 8 de 12
    ... 1962.9 s | grupo 1/1 | 2066000410 nodos | revisado 1.3%, faltan ~40.4 h [interior primero 1.3%, interior primero + pieza menos restrictiva 0.477%, reinicios, interior primero 330.2%] (Knuth: ~8.0 h) | máximo colocado 73 de 100 | hilos 8 de 12
    ... 1964.9 s | grupo 1/1 | 2068117448 nodos | revisado 1.3%, faltan ~40.4 h [interior primero 1.3%, interior primero + pieza menos restrictiva 0.479%, reinicios, interior primero 331.2%] (Knuth: ~8.0 h) | máximo colocado 73 de 100 | hilos 8 de 12
    ... 1966.9 s | grupo 1/1 | 2070203108 nodos | revisado 1.3%, faltan ~40.4 h [interior primero 1.3%, interior primero + pieza menos restrictiva 0.479%, reinicios, interior primero 332.2%] (Knuth: ~8.0 h) | máximo colocado 73 de 100 | hilos 8 de 12
    ... 1968.9 s | grupo 1/1 | 2072261569 nodos | revisado 1.3%, faltan ~40.4 h [interior primero 1.3%, interior primero + pieza menos restrictiva 0.481%, reinicios, interior primero 332.2%] (Knuth: ~8.0 h) | máximo colocado 73 de 100 | hilos 8 de 12
    ... 1970.9 s | grupo 1/1 | 2074358475 nodos | revisado 1.3%, faltan ~40.4 h [interior primero 1.3%, interior primero + pieza menos restrictiva 0.482%, reinicios, interior primero 332.3%] (Knuth: ~8.0 h) | máximo colocado 73 de 100 | hilos 8 de 12
    ... 1972.9 s | grupo 1/1 | 2076431483 nodos | revisado 1.3%, faltan ~40.4 h [interior primero 1.3%, interior primero + pieza menos restrictiva 0.483%, reinicios, interior primero 332.6%] (Knuth: ~8.0 h) | máximo colocado 73 de 100 | hilos 8 de 12
    ... 1974.9 s | grupo 1/1 | 2078503136 nodos | revisado 1.3%, faltan ~40.4 h [interior primero 1.3%, interior primero + pieza menos restrictiva 0.484%, reinicios, interior primero 333.6%] (Knuth: ~8.0 h) | máximo colocado 73 de 100 | hilos 8 de 12
    ... 1976.9 s | grupo 1/1 | 2080569815 nodos | revisado 1.3%, faltan ~40.4 h [interior primero 1.3%, interior primero + pieza menos restrictiva 0.487%, reinicios, interior primero 333.6%] (Knuth: ~8.0 h) | máximo colocado 73 de 100 | hilos 8 de 12
    ... 1978.9 s | grupo 1/1 | 2082634895 nodos | revisado 1.3%, faltan ~40.5 h [interior primero 1.3%, interior primero + pieza menos restrictiva 0.489%, reinicios, interior primero 333.6%] (Knuth: ~8.0 h) | máximo colocado 73 de 100 | hilos 8 de 12
    ... 1981.0 s | grupo 1/1 | 2084713520 nodos | revisado 1.3%, faltan ~40.5 h [interior primero 1.3%, interior primero + pieza menos restrictiva 0.489%, reinicios, interior primero 333.6%] (Knuth: ~8.0 h) | máximo colocado 73 de 100 | hilos 8 de 12
    ... 1983.0 s | grupo 1/1 | 2086811254 nodos | revisado 1.3%, faltan ~40.5 h [interior primero 1.3%, interior primero + pieza menos restrictiva 0.490%, reinicios, interior primero 333.6%] (Knuth: ~8.0 h) | máximo colocado 73 de 100 | hilos 8 de 12
    ... 1985.0 s | grupo 1/1 | 2088916122 nodos | revisado 1.3%, faltan ~40.5 h [interior primero 1.3%, interior primero + pieza menos restrictiva 0.490%, reinicios, interior primero 333.6%] (Knuth: ~8.0 h) | máximo colocado 73 de 100 | hilos 8 de 12
    ... 1987.0 s | grupo 1/1 | 2091024435 nodos | revisado 1.3%, faltan ~40.4 h [interior primero 1.3%, interior primero + pieza menos restrictiva 0.491%, reinicios, interior primero 333.7%] (Knuth: ~8.0 h) | máximo colocado 73 de 100 | hilos 8 de 12
    ... 1989.0 s | grupo 1/1 | 2093162874 nodos | revisado 1.3%, faltan ~40.5 h [interior primero 1.3%, interior primero + pieza menos restrictiva 0.492%, reinicios, interior primero 333.7%] (Knuth: ~8.0 h) | máximo colocado 73 de 100 | hilos 8 de 12
    ... 1991.0 s | grupo 1/1 | 2095316880 nodos | revisado 1.3%, faltan ~40.5 h [interior primero 1.3%, interior primero + pieza menos restrictiva 0.492%, reinicios, interior primero 333.7%] (Knuth: ~8.0 h) | máximo colocado 73 de 100 | hilos 8 de 12
    ... 1993.0 s | grupo 1/1 | 2097445049 nodos | revisado 1.3%, faltan ~40.5 h [interior primero 1.3%, interior primero + pieza menos restrictiva 0.493%, reinicios, interior primero 333.7%] (Knuth: ~8.0 h) | máximo colocado 73 de 100 | hilos 8 de 12
    ... 1995.0 s | grupo 1/1 | 2099558425 nodos | revisado 1.3%, faltan ~40.5 h [interior primero 1.3%, interior primero + pieza menos restrictiva 0.493%, reinicios, interior primero 333.7%] (Knuth: ~8.0 h) | máximo colocado 73 de 100 | hilos 8 de 12
    ... 1997.0 s | grupo 1/1 | 2101656150 nodos | revisado 1.3%, faltan ~40.5 h [interior primero 1.3%, interior primero + pieza menos restrictiva 0.494%, reinicios, interior primero 333.7%] (Knuth: ~8.0 h) | máximo colocado 73 de 100 | hilos 8 de 12
    ... 1999.0 s | grupo 1/1 | 2103749745 nodos | revisado 1.3%, faltan ~40.6 h [interior primero 1.3%, interior primero + pieza menos restrictiva 0.495%, reinicios, interior primero 333.7%] (Knuth: ~8.0 h) | máximo colocado 73 de 100 | hilos 8 de 12
    ... 2001.1 s | grupo 1/1 | 2105848231 nodos | revisado 1.3%, faltan ~40.6 h [interior primero 1.3%, interior primero + pieza menos restrictiva 0.495%, reinicios, interior primero 333.7%] (Knuth: ~8.0 h) | máximo colocado 73 de 100 | hilos 8 de 12
    ... 2003.1 s | grupo 1/1 | 2107940924 nodos | revisado 1.3%, faltan ~40.6 h [interior primero 1.3%, interior primero + pieza menos restrictiva 0.496%, reinicios, interior primero 333.7%] (Knuth: ~8.0 h) | máximo colocado 73 de 100 | hilos 8 de 12
    ... 2005.1 s | grupo 1/1 | 2110043976 nodos | revisado 1.4%, faltan ~40.6 h [interior primero 1.4%, interior primero + pieza menos restrictiva 0.498%, reinicios, interior primero 333.7%] (Knuth: ~8.0 h) | máximo colocado 73 de 100 | hilos 8 de 12
    ... 2007.1 s | grupo 1/1 | 2112150145 nodos | revisado 1.4%, faltan ~40.6 h [interior primero 1.4%, interior primero + pieza menos restrictiva 0.500%, reinicios, interior primero 333.7%] (Knuth: ~8.0 h) | máximo colocado 73 de 100 | hilos 8 de 12
    ... 2009.1 s | grupo 1/1 | 2114254714 nodos | revisado 1.4%, faltan ~40.6 h [interior primero 1.4%, interior primero + pieza menos restrictiva 0.501%, reinicios, interior primero 333.7%] (Knuth: ~8.0 h) | máximo colocado 73 de 100 | hilos 8 de 12
    ... 2011.1 s | grupo 1/1 | 2116373912 nodos | revisado 1.4%, faltan ~40.6 h [interior primero 1.4%, interior primero + pieza menos restrictiva 0.503%, reinicios, interior primero 334.2%] (Knuth: ~8.0 h) | máximo colocado 73 de 100 | hilos 8 de 12
    ... 2013.1 s | grupo 1/1 | 2118497660 nodos | revisado 1.4%, faltan ~40.6 h [interior primero 1.4%, interior primero + pieza menos restrictiva 0.506%, reinicios, interior primero 334.2%] (Knuth: ~8.0 h) | máximo colocado 73 de 100 | hilos 8 de 12
    ... 2015.1 s | grupo 1/1 | 2120613274 nodos | revisado 1.4%, faltan ~40.7 h [interior primero 1.4%, interior primero + pieza menos restrictiva 0.506%, reinicios, interior primero 334.2%] (Knuth: ~8.0 h) | máximo colocado 73 de 100 | hilos 8 de 12
    ... 2017.1 s | grupo 1/1 | 2122733657 nodos | revisado 1.4%, faltan ~40.7 h [interior primero 1.4%, interior primero + pieza menos restrictiva 0.508%, reinicios, interior primero 334.2%] (Knuth: ~8.0 h) | máximo colocado 73 de 100 | hilos 8 de 12
    ... 2019.1 s | grupo 1/1 | 2124849969 nodos | revisado 1.4%, faltan ~40.7 h [interior primero 1.4%, interior primero + pieza menos restrictiva 0.509%, reinicios, interior primero 335.3%] (Knuth: ~8.0 h) | máximo colocado 73 de 100 | hilos 8 de 12
    ... 2021.1 s | grupo 1/1 | 2126978081 nodos | revisado 1.4%, faltan ~40.7 h [interior primero 1.4%, interior primero + pieza menos restrictiva 0.509%, reinicios, interior primero 335.3%] (Knuth: ~8.0 h) | máximo colocado 73 de 100 | hilos 8 de 12
    ... 2023.2 s | grupo 1/1 | 2129099636 nodos | revisado 1.4%, faltan ~40.7 h [interior primero 1.4%, interior primero + pieza menos restrictiva 0.510%, reinicios, interior primero 335.3%] (Knuth: ~8.0 h) | máximo colocado 73 de 100 | hilos 8 de 12
    ... 2025.2 s | grupo 1/1 | 2131255385 nodos | revisado 1.4%, faltan ~40.7 h [interior primero 1.4%, interior primero + pieza menos restrictiva 0.511%, reinicios, interior primero 335.4%] (Knuth: ~8.0 h) | máximo colocado 73 de 100 | hilos 8 de 12
    ... 2027.2 s | grupo 1/1 | 2133386159 nodos | revisado 1.4%, faltan ~40.8 h [interior primero 1.4%, interior primero + pieza menos restrictiva 0.511%, reinicios, interior primero 335.4%] (Knuth: ~8.0 h) | máximo colocado 73 de 100 | hilos 8 de 12
    ... 2029.2 s | grupo 1/1 | 2135531839 nodos | revisado 1.4%, faltan ~40.8 h [interior primero 1.4%, interior primero + pieza menos restrictiva 0.511%, reinicios, interior primero 335.9%] (Knuth: ~8.0 h) | máximo colocado 73 de 100 | hilos 8 de 12
    ... 2031.2 s | grupo 1/1 | 2137645206 nodos | revisado 1.4%, faltan ~40.8 h [interior primero 1.4%, interior primero + pieza menos restrictiva 0.512%, reinicios, interior primero 335.9%] (Knuth: ~8.0 h) | máximo colocado 73 de 100 | hilos 8 de 12
    ... 2033.2 s | grupo 1/1 | 2139800507 nodos | revisado 1.4%, faltan ~40.9 h [interior primero 1.4%, interior primero + pieza menos restrictiva 0.513%, reinicios, interior primero 335.9%] (Knuth: ~8.0 h) | máximo colocado 73 de 100 | hilos 8 de 12
    ... 2035.2 s | grupo 1/1 | 2141929903 nodos | revisado 1.4%, faltan ~40.9 h [interior primero 1.4%, interior primero + pieza menos restrictiva 0.514%, reinicios, interior primero 335.9%] (Knuth: ~8.0 h) | máximo colocado 73 de 100 | hilos 8 de 12
    ... 2037.2 s | grupo 1/1 | 2144041672 nodos | revisado 1.4%, faltan ~40.9 h [interior primero 1.4%, interior primero + pieza menos restrictiva 0.515%, reinicios, interior primero 335.9%] (Knuth: ~8.0 h) | máximo colocado 73 de 100 | hilos 8 de 12
    ... 2039.2 s | grupo 1/1 | 2146127155 nodos | revisado 1.4%, faltan ~40.9 h [interior primero 1.4%, interior primero + pieza menos restrictiva 0.520%, reinicios, interior primero 336.9%] (Knuth: ~8.0 h) | máximo colocado 73 de 100 | hilos 8 de 12
    ... 2041.2 s | grupo 1/1 | 2148229360 nodos | revisado 1.4%, faltan ~40.9 h [interior primero 1.4%, interior primero + pieza menos restrictiva 0.521%, reinicios, interior primero 337.0%] (Knuth: ~8.0 h) | máximo colocado 73 de 100 | hilos 8 de 12
    ... 2043.2 s | grupo 1/1 | 2150313419 nodos | revisado 1.4%, faltan ~40.9 h [interior primero 1.4%, interior primero + pieza menos restrictiva 0.522%, reinicios, interior primero 337.0%] (Knuth: ~8.0 h) | máximo colocado 73 de 100 | hilos 8 de 12
    ... 2045.2 s | grupo 1/1 | 2152404074 nodos | revisado 1.4%, faltan ~41.0 h [interior primero 1.4%, interior primero + pieza menos restrictiva 0.526%, reinicios, interior primero 337.0%] (Knuth: ~8.0 h) | máximo colocado 73 de 100 | hilos 8 de 12
    ... 2047.2 s | grupo 1/1 | 2154512215 nodos | revisado 1.4%, faltan ~41.0 h [interior primero 1.4%, interior primero + pieza menos restrictiva 0.531%, reinicios, interior primero 337.0%] (Knuth: ~8.0 h) | máximo colocado 73 de 100 | hilos 8 de 12
    ... 2049.3 s | grupo 1/1 | 2156620090 nodos | revisado 1.4%, faltan ~41.0 h [interior primero 1.4%, interior primero + pieza menos restrictiva 0.535%, reinicios, interior primero 338.1%] (Knuth: ~8.0 h) | máximo colocado 73 de 100 | hilos 8 de 12
    ... 2051.3 s | grupo 1/1 | 2158696791 nodos | revisado 1.4%, faltan ~41.1 h [interior primero 1.4%, interior primero + pieza menos restrictiva 0.536%, reinicios, interior primero 338.1%] (Knuth: ~8.0 h) | máximo colocado 73 de 100 | hilos 8 de 12
    ... 2053.3 s | grupo 1/1 | 2160784545 nodos | revisado 1.4%, faltan ~41.1 h [interior primero 1.4%, interior primero + pieza menos restrictiva 0.536%, reinicios, interior primero 338.1%] (Knuth: ~8.0 h) | máximo colocado 73 de 100 | hilos 8 de 12
    ... 2055.3 s | grupo 1/1 | 2162851456 nodos | revisado 1.4%, faltan ~41.1 h [interior primero 1.4%, interior primero + pieza menos restrictiva 0.537%, reinicios, interior primero 338.1%] (Knuth: ~8.0 h) | máximo colocado 73 de 100 | hilos 8 de 12
    ... 2057.3 s | grupo 1/1 | 2164922556 nodos | revisado 1.4%, faltan ~41.1 h [interior primero 1.4%, interior primero + pieza menos restrictiva 0.537%, reinicios, interior primero 338.1%] (Knuth: ~8.0 h) | máximo colocado 73 de 100 | hilos 8 de 12
    ... 2059.3 s | grupo 1/1 | 2167002559 nodos | revisado 1.4%, faltan ~41.1 h [interior primero 1.4%, interior primero + pieza menos restrictiva 0.538%, reinicios, interior primero 338.1%] (Knuth: ~8.0 h) | máximo colocado 73 de 100 | hilos 8 de 12
    ... 2061.3 s | grupo 1/1 | 2169112089 nodos | revisado 1.4%, faltan ~41.1 h [interior primero 1.4%, interior primero + pieza menos restrictiva 0.539%, reinicios, interior primero 338.1%] (Knuth: ~8.0 h) | máximo colocado 73 de 100 | hilos 8 de 12
    ... 2063.3 s | grupo 1/1 | 2171199496 nodos | revisado 1.4%, faltan ~41.1 h [interior primero 1.4%, interior primero + pieza menos restrictiva 0.540%, reinicios, interior primero 338.1%] (Knuth: ~8.0 h) | máximo colocado 73 de 100 | hilos 8 de 12
    ... 2065.3 s | grupo 1/1 | 2173258916 nodos | revisado 1.4%, faltan ~41.1 h [interior primero 1.4%, interior primero + pieza menos restrictiva 0.542%, reinicios, interior primero 338.6%] (Knuth: ~8.0 h) | máximo colocado 73 de 100 | hilos 8 de 12
    ... 2067.3 s | grupo 1/1 | 2175348182 nodos | revisado 1.4%, faltan ~41.1 h [interior primero 1.4%, interior primero + pieza menos restrictiva 0.543%, reinicios, interior primero 339.1%] (Knuth: ~8.0 h) | máximo colocado 73 de 100 | hilos 8 de 12
    ... 2069.3 s | grupo 1/1 | 2177440534 nodos | revisado 1.4%, faltan ~41.1 h [interior primero 1.4%, interior primero + pieza menos restrictiva 0.544%, reinicios, interior primero 340.2%] (Knuth: ~8.0 h) | máximo colocado 73 de 100 | hilos 8 de 12
    ... 2071.4 s | grupo 1/1 | 2179541660 nodos | revisado 1.4%, faltan ~41.1 h [interior primero 1.4%, interior primero + pieza menos restrictiva 0.545%, reinicios, interior primero 340.2%] (Knuth: ~8.0 h) | máximo colocado 73 de 100 | hilos 8 de 12
    ... 2073.4 s | grupo 1/1 | 2181631492 nodos | revisado 1.4%, faltan ~41.2 h [interior primero 1.4%, interior primero + pieza menos restrictiva 0.548%, reinicios, interior primero 341.7%] (Knuth: ~8.0 h) | máximo colocado 73 de 100 | hilos 8 de 12
    ... 2075.4 s | grupo 1/1 | 2183739076 nodos | revisado 1.4%, faltan ~41.2 h [interior primero 1.4%, interior primero + pieza menos restrictiva 0.548%, reinicios, interior primero 341.7%] (Knuth: ~8.0 h) | máximo colocado 73 de 100 | hilos 8 de 12
    ... 2077.4 s | grupo 1/1 | 2185821595 nodos | revisado 1.4%, faltan ~41.2 h [interior primero 1.4%, interior primero + pieza menos restrictiva 0.549%, reinicios, interior primero 341.7%] (Knuth: ~8.0 h) | máximo colocado 73 de 100 | hilos 8 de 12
    ... 2079.4 s | grupo 1/1 | 2187912613 nodos | revisado 1.4%, faltan ~41.2 h [interior primero 1.4%, interior primero + pieza menos restrictiva 0.549%, reinicios, interior primero 341.8%] (Knuth: ~8.0 h) | máximo colocado 73 de 100 | hilos 8 de 12
    ... 2081.4 s | grupo 1/1 | 2190015201 nodos | revisado 1.4%, faltan ~41.3 h [interior primero 1.4%, interior primero + pieza menos restrictiva 0.549%, reinicios, interior primero 341.8%] (Knuth: ~8.0 h) | máximo colocado 73 de 100 | hilos 8 de 12
    ... 2083.4 s | grupo 1/1 | 2192113886 nodos | revisado 1.4%, faltan ~41.3 h [interior primero 1.4%, interior primero + pieza menos restrictiva 0.549%, reinicios, interior primero 341.8%] (Knuth: ~7.9 h) | máximo colocado 73 de 100 | hilos 8 de 12
    ... 2085.4 s | grupo 1/1 | 2194275751 nodos | revisado 1.4%, faltan ~41.3 h [interior primero 1.4%, interior primero + pieza menos restrictiva 0.550%, reinicios, interior primero 343.8%] (Knuth: ~7.9 h) | máximo colocado 73 de 100 | hilos 8 de 12
    ... 2087.4 s | grupo 1/1 | 2196392328 nodos | revisado 1.4%, faltan ~41.3 h [interior primero 1.4%, interior primero + pieza menos restrictiva 0.550%, reinicios, interior primero 343.9%] (Knuth: ~7.9 h) | máximo colocado 73 de 100 | hilos 8 de 12
    ... 2089.4 s | grupo 1/1 | 2198511613 nodos | revisado 1.4%, faltan ~41.4 h [interior primero 1.4%, interior primero + pieza menos restrictiva 0.550%, reinicios, interior primero 343.9%] (Knuth: ~7.9 h) | máximo colocado 73 de 100 | hilos 8 de 12
    ... 2091.5 s | grupo 1/1 | 2200649335 nodos | revisado 1.4%, faltan ~41.4 h [interior primero 1.4%, interior primero + pieza menos restrictiva 0.551%, reinicios, interior primero 343.9%] (Knuth: ~7.9 h) | máximo colocado 73 de 100 | hilos 8 de 12
    ... 2093.5 s | grupo 1/1 | 2202764827 nodos | revisado 1.4%, faltan ~41.4 h [interior primero 1.4%, interior primero + pieza menos restrictiva 0.551%, reinicios, interior primero 343.9%] (Knuth: ~7.9 h) | máximo colocado 73 de 100 | hilos 8 de 12
    ... 2095.5 s | grupo 1/1 | 2204863891 nodos | revisado 1.4%, faltan ~41.4 h [interior primero 1.4%, interior primero + pieza menos restrictiva 0.551%, reinicios, interior primero 343.9%] (Knuth: ~7.9 h) | máximo colocado 73 de 100 | hilos 8 de 12
    ... 2097.5 s | grupo 1/1 | 2206974573 nodos | revisado 1.4%, faltan ~41.5 h [interior primero 1.4%, interior primero + pieza menos restrictiva 0.553%, reinicios, interior primero 343.9%] (Knuth: ~7.9 h) | máximo colocado 73 de 100 | hilos 8 de 12
    ... 2099.5 s | grupo 1/1 | 2209074847 nodos | revisado 1.4%, faltan ~41.5 h [interior primero 1.4%, interior primero + pieza menos restrictiva 0.553%, reinicios, interior primero 344.0%] (Knuth: ~7.9 h) | máximo colocado 73 de 100 | hilos 8 de 12
    ... 2101.5 s | grupo 1/1 | 2211195409 nodos | revisado 1.4%, faltan ~41.5 h [interior primero 1.4%, interior primero + pieza menos restrictiva 0.553%, reinicios, interior primero 344.0%] (Knuth: ~7.9 h) | máximo colocado 73 de 100 | hilos 8 de 12
    ... 2103.5 s | grupo 1/1 | 2213304515 nodos | revisado 1.4%, faltan ~41.5 h [interior primero 1.4%, interior primero + pieza menos restrictiva 0.554%, reinicios, interior primero 344.0%] (Knuth: ~7.9 h) | máximo colocado 73 de 100 | hilos 8 de 12
    ... 2105.5 s | grupo 1/1 | 2215412597 nodos | revisado 1.4%, faltan ~41.6 h [interior primero 1.4%, interior primero + pieza menos restrictiva 0.554%, reinicios, interior primero 345.0%] (Knuth: ~7.9 h) | máximo colocado 73 de 100 | hilos 8 de 12
    ... 2107.5 s | grupo 1/1 | 2217533231 nodos | revisado 1.4%, faltan ~41.6 h [interior primero 1.4%, interior primero + pieza menos restrictiva 0.554%, reinicios, interior primero 345.0%] (Knuth: ~7.9 h) | máximo colocado 73 de 100 | hilos 8 de 12
    ... 2109.5 s | grupo 1/1 | 2219658655 nodos | revisado 1.4%, faltan ~41.6 h [interior primero 1.4%, interior primero + pieza menos restrictiva 0.555%, reinicios, interior primero 345.0%] (Knuth: ~7.9 h) | máximo colocado 73 de 100 | hilos 8 de 12
    ... 2111.5 s | grupo 1/1 | 2221793364 nodos | revisado 1.4%, faltan ~41.7 h [interior primero 1.4%, interior primero + pieza menos restrictiva 0.555%, reinicios, interior primero 346.1%] (Knuth: ~7.9 h) | máximo colocado 73 de 100 | hilos 8 de 12
    ... 2113.5 s | grupo 1/1 | 2223916654 nodos | revisado 1.4%, faltan ~41.7 h [interior primero 1.4%, interior primero + pieza menos restrictiva 0.555%, reinicios, interior primero 346.1%] (Knuth: ~7.9 h) | máximo colocado 73 de 100 | hilos 8 de 12
    ... 2115.5 s | grupo 1/1 | 2226039848 nodos | revisado 1.4%, faltan ~41.7 h [interior primero 1.4%, interior primero + pieza menos restrictiva 0.556%, reinicios, interior primero 346.1%] (Knuth: ~7.9 h) | máximo colocado 73 de 100 | hilos 8 de 12
    ... 2117.5 s | grupo 1/1 | 2228169895 nodos | revisado 1.4%, faltan ~41.8 h [interior primero 1.4%, interior primero + pieza menos restrictiva 0.556%, reinicios, interior primero 346.1%] (Knuth: ~7.9 h) | máximo colocado 73 de 100 | hilos 8 de 12
    ... 2119.5 s | grupo 1/1 | 2230277048 nodos | revisado 1.4%, faltan ~41.8 h [interior primero 1.4%, interior primero + pieza menos restrictiva 0.556%, reinicios, interior primero 347.1%] (Knuth: ~7.9 h) | máximo colocado 73 de 100 | hilos 8 de 12
    ... 2121.5 s | grupo 1/1 | 2232365968 nodos | revisado 1.4%, faltan ~41.8 h [interior primero 1.4%, interior primero + pieza menos restrictiva 0.557%, reinicios, interior primero 347.1%] (Knuth: ~7.9 h) | máximo colocado 73 de 100 | hilos 8 de 12
    ... 2123.6 s | grupo 1/1 | 2234488237 nodos | revisado 1.4%, faltan ~41.8 h [interior primero 1.4%, interior primero + pieza menos restrictiva 0.557%, reinicios, interior primero 347.1%] (Knuth: ~7.9 h) | máximo colocado 73 de 100 | hilos 8 de 12
    ... 2125.6 s | grupo 1/1 | 2236655639 nodos | revisado 1.4%, faltan ~41.9 h [interior primero 1.4%, interior primero + pieza menos restrictiva 0.557%, reinicios, interior primero 347.1%] (Knuth: ~7.9 h) | máximo colocado 73 de 100 | hilos 8 de 12
    ... 2127.6 s | grupo 1/1 | 2238779206 nodos | revisado 1.4%, faltan ~41.9 h [interior primero 1.4%, interior primero + pieza menos restrictiva 0.559%, reinicios, interior primero 347.2%] (Knuth: ~7.9 h) | máximo colocado 73 de 100 | hilos 8 de 12
    ... 2129.6 s | grupo 1/1 | 2240870295 nodos | revisado 1.4%, faltan ~41.9 h [interior primero 1.4%, interior primero + pieza menos restrictiva 0.559%, reinicios, interior primero 347.2%] (Knuth: ~7.9 h) | máximo colocado 73 de 100 | hilos 8 de 12
    ... 2131.6 s | grupo 1/1 | 2242959469 nodos | revisado 1.4%, faltan ~42.0 h [interior primero 1.4%, interior primero + pieza menos restrictiva 0.560%, reinicios, interior primero 347.2%] (Knuth: ~7.9 h) | máximo colocado 73 de 100 | hilos 8 de 12
    ... 2133.6 s | grupo 1/1 | 2245075414 nodos | revisado 1.4%, faltan ~42.0 h [interior primero 1.4%, interior primero + pieza menos restrictiva 0.560%, reinicios, interior primero 347.2%] (Knuth: ~7.9 h) | máximo colocado 73 de 100 | hilos 8 de 12
    ... 2135.6 s | grupo 1/1 | 2247172816 nodos | revisado 1.4%, faltan ~42.0 h [interior primero 1.4%, interior primero + pieza menos restrictiva 0.560%, reinicios, interior primero 347.3%] (Knuth: ~7.9 h) | máximo colocado 73 de 100 | hilos 8 de 12
    ... 2137.6 s | grupo 1/1 | 2249267376 nodos | revisado 1.4%, faltan ~42.1 h [interior primero 1.4%, interior primero + pieza menos restrictiva 0.560%, reinicios, interior primero 347.3%] (Knuth: ~7.9 h) | máximo colocado 73 de 100 | hilos 8 de 12
    ... 2139.6 s | grupo 1/1 | 2251392239 nodos | revisado 1.4%, faltan ~42.1 h [interior primero 1.4%, interior primero + pieza menos restrictiva 0.561%, reinicios, interior primero 347.4%] (Knuth: ~7.9 h) | máximo colocado 73 de 100 | hilos 8 de 12
    ... 2141.6 s | grupo 1/1 | 2253498597 nodos | revisado 1.4%, faltan ~42.1 h [interior primero 1.4%, interior primero + pieza menos restrictiva 0.561%, reinicios, interior primero 347.4%] (Knuth: ~7.9 h) | máximo colocado 73 de 100 | hilos 8 de 12
    ... 2143.6 s | grupo 1/1 | 2255627122 nodos | revisado 1.4%, faltan ~42.2 h [interior primero 1.4%, interior primero + pieza menos restrictiva 0.561%, reinicios, interior primero 348.5%] (Knuth: ~7.9 h) | máximo colocado 73 de 100 | hilos 8 de 12
    ... 2145.7 s | grupo 1/1 | 2257753653 nodos | revisado 1.4%, faltan ~42.2 h [interior primero 1.4%, interior primero + pieza menos restrictiva 0.562%, reinicios, interior primero 348.5%] (Knuth: ~7.9 h) | máximo colocado 73 de 100 | hilos 8 de 12
    ... 2147.7 s | grupo 1/1 | 2259847836 nodos | revisado 1.4%, faltan ~42.2 h [interior primero 1.4%, interior primero + pieza menos restrictiva 0.562%, reinicios, interior primero 348.5%] (Knuth: ~7.9 h) | máximo colocado 73 de 100 | hilos 8 de 12
    ... 2149.7 s | grupo 1/1 | 2261945977 nodos | revisado 1.4%, faltan ~42.2 h [interior primero 1.4%, interior primero + pieza menos restrictiva 0.562%, reinicios, interior primero 349.6%] (Knuth: ~7.9 h) | máximo colocado 73 de 100 | hilos 8 de 12
    ... 2151.7 s | grupo 1/1 | 2264047010 nodos | revisado 1.4%, faltan ~42.2 h [interior primero 1.4%, interior primero + pieza menos restrictiva 0.562%, reinicios, interior primero 349.6%] (Knuth: ~7.9 h) | máximo colocado 73 de 100 | hilos 8 de 12
    ... 2153.7 s | grupo 1/1 | 2266135514 nodos | revisado 1.4%, faltan ~42.3 h [interior primero 1.4%, interior primero + pieza menos restrictiva 0.562%, reinicios, interior primero 350.6%] (Knuth: ~7.9 h) | máximo colocado 73 de 100 | hilos 8 de 12
    ... 2155.7 s | grupo 1/1 | 2268221978 nodos | revisado 1.4%, faltan ~42.3 h [interior primero 1.4%, interior primero + pieza menos restrictiva 0.563%, reinicios, interior primero 350.7%] (Knuth: ~7.9 h) | máximo colocado 73 de 100 | hilos 8 de 12
    ... 2157.7 s | grupo 1/1 | 2270345089 nodos | revisado 1.4%, faltan ~42.3 h [interior primero 1.4%, interior primero + pieza menos restrictiva 0.563%, reinicios, interior primero 352.2%] (Knuth: ~7.9 h) | máximo colocado 73 de 100 | hilos 8 de 12
    ... 2159.7 s | grupo 1/1 | 2272469638 nodos | revisado 1.4%, faltan ~42.3 h [interior primero 1.4%, interior primero + pieza menos restrictiva 0.563%, reinicios, interior primero 352.2%] (Knuth: ~7.9 h) | máximo colocado 73 de 100 | hilos 8 de 12
    ... 2161.7 s | grupo 1/1 | 2274621396 nodos | revisado 1.4%, faltan ~42.4 h [interior primero 1.4%, interior primero + pieza menos restrictiva 0.564%, reinicios, interior primero 352.3%] (Knuth: ~7.9 h) | máximo colocado 73 de 100 | hilos 8 de 12
    ... 2163.7 s | grupo 1/1 | 2276718464 nodos | revisado 1.4%, faltan ~42.4 h [interior primero 1.4%, interior primero + pieza menos restrictiva 0.564%, reinicios, interior primero 352.3%] (Knuth: ~7.9 h) | máximo colocado 73 de 100 | hilos 8 de 12
    ... 2165.7 s | grupo 1/1 | 2278785271 nodos | revisado 1.4%, faltan ~42.4 h [interior primero 1.4%, interior primero + pieza menos restrictiva 0.564%, reinicios, interior primero 352.8%] (Knuth: ~7.9 h) | máximo colocado 73 de 100 | hilos 8 de 12
    ... 2167.7 s | grupo 1/1 | 2280898562 nodos | revisado 1.4%, faltan ~42.4 h [interior primero 1.4%, interior primero + pieza menos restrictiva 0.565%, reinicios, interior primero 352.8%] (Knuth: ~7.9 h) | máximo colocado 73 de 100 | hilos 8 de 12
    ... 2169.7 s | grupo 1/1 | 2282997596 nodos | revisado 1.4%, faltan ~42.4 h [interior primero 1.4%, interior primero + pieza menos restrictiva 0.565%, reinicios, interior primero 353.9%] (Knuth: ~7.9 h) | máximo colocado 73 de 100 | hilos 8 de 12
    ... 2171.8 s | grupo 1/1 | 2285112622 nodos | revisado 1.4%, faltan ~42.4 h [interior primero 1.4%, interior primero + pieza menos restrictiva 0.565%, reinicios, interior primero 353.9%] (Knuth: ~7.9 h) | máximo colocado 73 de 100 | hilos 8 de 12
    ... 2173.8 s | grupo 1/1 | 2287246966 nodos | revisado 1.4%, faltan ~42.3 h [interior primero 1.4%, interior primero + pieza menos restrictiva 0.567%, reinicios, interior primero 354.0%] (Knuth: ~7.9 h) | máximo colocado 73 de 100 | hilos 8 de 12
    ... 2175.8 s | grupo 1/1 | 2289388168 nodos | revisado 1.4%, faltan ~42.1 h [interior primero 1.4%, interior primero + pieza menos restrictiva 0.567%, reinicios, interior primero 354.0%] (Knuth: ~7.9 h) | máximo colocado 73 de 100 | hilos 8 de 12
    ... 2177.8 s | grupo 1/1 | 2291502290 nodos | revisado 1.4%, faltan ~42.0 h [interior primero 1.4%, interior primero + pieza menos restrictiva 0.567%, reinicios, interior primero 354.0%] (Knuth: ~7.9 h) | máximo colocado 73 de 100 | hilos 8 de 12
    ... 2179.8 s | grupo 1/1 | 2293638939 nodos | revisado 1.4%, faltan ~42.0 h [interior primero 1.4%, interior primero + pieza menos restrictiva 0.567%, reinicios, interior primero 354.1%] (Knuth: ~7.9 h) | máximo colocado 73 de 100 | hilos 8 de 12
    ... 2181.8 s | grupo 1/1 | 2295730739 nodos | revisado 1.4%, faltan ~42.1 h [interior primero 1.4%, interior primero + pieza menos restrictiva 0.567%, reinicios, interior primero 354.1%] (Knuth: ~7.9 h) | máximo colocado 73 de 100 | hilos 8 de 12
    ... 2183.8 s | grupo 1/1 | 2297870611 nodos | revisado 1.4%, faltan ~42.1 h [interior primero 1.4%, interior primero + pieza menos restrictiva 0.568%, reinicios, interior primero 354.2%] (Knuth: ~7.9 h) | máximo colocado 73 de 100 | hilos 8 de 12
    ... 2185.8 s | grupo 1/1 | 2300001332 nodos | revisado 1.4%, faltan ~42.0 h [interior primero 1.4%, interior primero + pieza menos restrictiva 0.568%, reinicios, interior primero 354.2%] (Knuth: ~7.9 h) | máximo colocado 73 de 100 | hilos 8 de 12
    ... 2187.8 s | grupo 1/1 | 2302156493 nodos | revisado 1.4%, faltan ~42.0 h [interior primero 1.4%, interior primero + pieza menos restrictiva 0.568%, reinicios, interior primero 355.2%] (Knuth: ~7.9 h) | máximo colocado 73 de 100 | hilos 8 de 12
    ... 2189.8 s | grupo 1/1 | 2304246467 nodos | revisado 1.4%, faltan ~42.0 h [interior primero 1.4%, interior primero + pieza menos restrictiva 0.568%, reinicios, interior primero 357.3%] (Knuth: ~7.9 h) | máximo colocado 73 de 100 | hilos 8 de 12
    ... 2191.8 s | grupo 1/1 | 2306342882 nodos | revisado 1.4%, faltan ~42.0 h [interior primero 1.4%, interior primero + pieza menos restrictiva 0.568%, reinicios, interior primero 357.3%] (Knuth: ~7.9 h) | máximo colocado 73 de 100 | hilos 8 de 12
    ... 2193.9 s | grupo 1/1 | 2308472300 nodos | revisado 1.4%, faltan ~42.0 h [interior primero 1.4%, interior primero + pieza menos restrictiva 0.568%, reinicios, interior primero 357.8%] (Knuth: ~7.9 h) | máximo colocado 73 de 100 | hilos 8 de 12
    ... 2195.9 s | grupo 1/1 | 2310582892 nodos | revisado 1.4%, faltan ~42.1 h [interior primero 1.4%, interior primero + pieza menos restrictiva 0.568%, reinicios, interior primero 357.8%] (Knuth: ~7.9 h) | máximo colocado 73 de 100 | hilos 8 de 12
    ... 2197.9 s | grupo 1/1 | 2312685736 nodos | revisado 1.4%, faltan ~42.1 h [interior primero 1.4%, interior primero + pieza menos restrictiva 0.568%, reinicios, interior primero 357.9%] (Knuth: ~7.9 h) | máximo colocado 73 de 100 | hilos 8 de 12
    ... 2199.9 s | grupo 1/1 | 2314817739 nodos | revisado 1.4%, faltan ~42.1 h [interior primero 1.4%, interior primero + pieza menos restrictiva 0.568%, reinicios, interior primero 357.9%] (Knuth: ~7.9 h) | máximo colocado 73 de 100 | hilos 8 de 12
    ... 2201.9 s | grupo 1/1 | 2316955791 nodos | revisado 1.4%, faltan ~42.1 h [interior primero 1.4%, interior primero + pieza menos restrictiva 0.569%, reinicios, interior primero 357.9%] (Knuth: ~7.9 h) | máximo colocado 73 de 100 | hilos 8 de 12
    ... 2203.9 s | grupo 1/1 | 2319085714 nodos | revisado 1.4%, faltan ~42.1 h [interior primero 1.4%, interior primero + pieza menos restrictiva 0.569%, reinicios, interior primero 357.9%] (Knuth: ~7.9 h) | máximo colocado 73 de 100 | hilos 8 de 12
    ... 2205.9 s | grupo 1/1 | 2321232864 nodos | revisado 1.4%, faltan ~42.2 h [interior primero 1.4%, interior primero + pieza menos restrictiva 0.570%, reinicios, interior primero 357.9%] (Knuth: ~7.9 h) | máximo colocado 73 de 100 | hilos 8 de 12
    ... 2207.9 s | grupo 1/1 | 2323340811 nodos | revisado 1.4%, faltan ~42.2 h [interior primero 1.4%, interior primero + pieza menos restrictiva 0.571%, reinicios, interior primero 359.0%] (Knuth: ~7.9 h) | máximo colocado 73 de 100 | hilos 8 de 12
    ... 2209.9 s | grupo 1/1 | 2325413071 nodos | revisado 1.4%, faltan ~42.2 h [interior primero 1.4%, interior primero + pieza menos restrictiva 0.573%, reinicios, interior primero 359.0%] (Knuth: ~7.9 h) | máximo colocado 73 de 100 | hilos 8 de 12
    ... 2211.9 s | grupo 1/1 | 2327504886 nodos | revisado 1.4%, faltan ~42.2 h [interior primero 1.4%, interior primero + pieza menos restrictiva 0.573%, reinicios, interior primero 359.5%] (Knuth: ~7.9 h) | máximo colocado 73 de 100 | hilos 8 de 12
    ... 2213.9 s | grupo 1/1 | 2329608253 nodos | revisado 1.4%, faltan ~42.2 h [interior primero 1.4%, interior primero + pieza menos restrictiva 0.573%, reinicios, interior primero 360.5%] (Knuth: ~7.9 h) | máximo colocado 73 de 100 | hilos 8 de 12
    ... 2215.9 s | grupo 1/1 | 2331690904 nodos | revisado 1.4%, faltan ~42.2 h [interior primero 1.4%, interior primero + pieza menos restrictiva 0.573%, reinicios, interior primero 360.5%] (Knuth: ~7.9 h) | máximo colocado 73 de 100 | hilos 8 de 12
    ... 2217.9 s | grupo 1/1 | 2333803703 nodos | revisado 1.4%, faltan ~42.3 h [interior primero 1.4%, interior primero + pieza menos restrictiva 0.573%, reinicios, interior primero 360.6%] (Knuth: ~7.9 h) | máximo colocado 73 de 100 | hilos 8 de 12
    ... 2220.0 s | grupo 1/1 | 2335944118 nodos | revisado 1.4%, faltan ~42.3 h [interior primero 1.4%, interior primero + pieza menos restrictiva 0.573%, reinicios, interior primero 362.6%] (Knuth: ~7.9 h) | máximo colocado 73 de 100 | hilos 8 de 12
    ... 2222.0 s | grupo 1/1 | 2338053670 nodos | revisado 1.4%, faltan ~42.2 h [interior primero 1.4%, interior primero + pieza menos restrictiva 0.573%, reinicios, interior primero 364.1%] (Knuth: ~7.9 h) | máximo colocado 73 de 100 | hilos 8 de 12
    ... 2224.0 s | grupo 1/1 | 2340138483 nodos | revisado 1.4%, faltan ~42.2 h [interior primero 1.4%, interior primero + pieza menos restrictiva 0.574%, reinicios, interior primero 365.2%] (Knuth: ~7.9 h) | máximo colocado 73 de 100 | hilos 8 de 12
    ... 2226.0 s | grupo 1/1 | 2342232878 nodos | revisado 1.4%, faltan ~42.3 h [interior primero 1.4%, interior primero + pieza menos restrictiva 0.574%, reinicios, interior primero 365.3%] (Knuth: ~7.9 h) | máximo colocado 73 de 100 | hilos 8 de 12
    ... 2228.0 s | grupo 1/1 | 2344347605 nodos | revisado 1.4%, faltan ~42.3 h [interior primero 1.4%, interior primero + pieza menos restrictiva 0.574%, reinicios, interior primero 367.4%] (Knuth: ~7.9 h) | máximo colocado 73 de 100 | hilos 8 de 12
    ... 2230.0 s | grupo 1/1 | 2346465712 nodos | revisado 1.4%, faltan ~42.3 h [interior primero 1.4%, interior primero + pieza menos restrictiva 0.574%, reinicios, interior primero 367.9%] (Knuth: ~7.9 h) | máximo colocado 73 de 100 | hilos 8 de 12
    ... 2232.0 s | grupo 1/1 | 2348564038 nodos | revisado 1.4%, faltan ~42.3 h [interior primero 1.4%, interior primero + pieza menos restrictiva 0.574%, reinicios, interior primero 367.9%] (Knuth: ~7.9 h) | máximo colocado 73 de 100 | hilos 8 de 12
    ... 2234.0 s | grupo 1/1 | 2350636277 nodos | revisado 1.4%, faltan ~42.3 h [interior primero 1.4%, interior primero + pieza menos restrictiva 0.575%, reinicios, interior primero 369.0%] (Knuth: ~7.9 h) | máximo colocado 73 de 100 | hilos 8 de 12
    ... 2236.0 s | grupo 1/1 | 2352751623 nodos | revisado 1.4%, faltan ~42.3 h [interior primero 1.4%, interior primero + pieza menos restrictiva 0.575%, reinicios, interior primero 369.5%] (Knuth: ~7.9 h) | máximo colocado 73 de 100 | hilos 8 de 12
    ... 2238.1 s | grupo 1/1 | 2354883126 nodos | revisado 1.4%, faltan ~42.3 h [interior primero 1.4%, interior primero + pieza menos restrictiva 0.575%, reinicios, interior primero 369.6%] (Knuth: ~7.9 h) | máximo colocado 73 de 100 | hilos 8 de 12
    ... 2240.1 s | grupo 1/1 | 2357024104 nodos | revisado 1.4%, faltan ~42.4 h [interior primero 1.4%, interior primero + pieza menos restrictiva 0.576%, reinicios, interior primero 369.6%] (Knuth: ~7.9 h) | máximo colocado 73 de 100 | hilos 8 de 12
    ... 2242.1 s | grupo 1/1 | 2359139706 nodos | revisado 1.4%, faltan ~42.4 h [interior primero 1.4%, interior primero + pieza menos restrictiva 0.576%, reinicios, interior primero 369.7%] (Knuth: ~7.9 h) | máximo colocado 73 de 100 | hilos 8 de 12
    ... 2244.1 s | grupo 1/1 | 2361244100 nodos | revisado 1.4%, faltan ~42.4 h [interior primero 1.4%, interior primero + pieza menos restrictiva 0.578%, reinicios, interior primero 369.7%] (Knuth: ~7.9 h) | máximo colocado 73 de 100 | hilos 8 de 12
    ... 2246.1 s | grupo 1/1 | 2363325121 nodos | revisado 1.4%, faltan ~42.4 h [interior primero 1.4%, interior primero + pieza menos restrictiva 0.578%, reinicios, interior primero 369.7%] (Knuth: ~7.9 h) | máximo colocado 73 de 100 | hilos 8 de 12
    ... 2248.1 s | grupo 1/1 | 2365397530 nodos | revisado 1.5%, faltan ~42.4 h [interior primero 1.5%, interior primero + pieza menos restrictiva 0.578%, reinicios, interior primero 370.1%] (Knuth: ~7.9 h) | máximo colocado 73 de 100 | hilos 8 de 12
    ... 2250.1 s | grupo 1/1 | 2367487321 nodos | revisado 1.5%, faltan ~42.4 h [interior primero 1.5%, interior primero + pieza menos restrictiva 0.578%, reinicios, interior primero 370.1%] (Knuth: ~7.9 h) | máximo colocado 73 de 100 | hilos 8 de 12
    ... 2252.1 s | grupo 1/1 | 2369588375 nodos | revisado 1.5%, faltan ~42.4 h [interior primero 1.5%, interior primero + pieza menos restrictiva 0.578%, reinicios, interior primero 370.1%] (Knuth: ~7.9 h) | máximo colocado 73 de 100 | hilos 8 de 12
    ... 2254.1 s | grupo 1/1 | 2371705435 nodos | revisado 1.5%, faltan ~42.3 h [interior primero 1.5%, interior primero + pieza menos restrictiva 0.578%, reinicios, interior primero 370.1%] (Knuth: ~7.9 h) | máximo colocado 73 de 100 | hilos 8 de 12
    ... 2256.1 s | grupo 1/1 | 2373839473 nodos | revisado 1.5%, faltan ~42.2 h [interior primero 1.5%, interior primero + pieza menos restrictiva 0.578%, reinicios, interior primero 370.1%] (Knuth: ~7.9 h) | máximo colocado 73 de 100 | hilos 8 de 12
    ... 2258.2 s | grupo 1/1 | 2375955233 nodos | revisado 1.5%, faltan ~42.2 h [interior primero 1.5%, interior primero + pieza menos restrictiva 0.579%, reinicios, interior primero 370.1%] (Knuth: ~7.9 h) | máximo colocado 73 de 100 | hilos 8 de 12
    ... 2260.2 s | grupo 1/1 | 2378056911 nodos | revisado 1.5%, faltan ~42.1 h [interior primero 1.5%, interior primero + pieza menos restrictiva 0.579%, reinicios, interior primero 370.1%] (Knuth: ~7.9 h) | máximo colocado 73 de 100 | hilos 8 de 12
    ... 2262.2 s | grupo 1/1 | 2380166392 nodos | revisado 1.5%, faltan ~42.1 h [interior primero 1.5%, interior primero + pieza menos restrictiva 0.579%, reinicios, interior primero 371.2%] (Knuth: ~7.9 h) | máximo colocado 73 de 100 | hilos 8 de 12
    ... 2264.2 s | grupo 1/1 | 2382244425 nodos | revisado 1.5%, faltan ~42.1 h [interior primero 1.5%, interior primero + pieza menos restrictiva 0.579%, reinicios, interior primero 371.2%] (Knuth: ~7.9 h) | máximo colocado 73 de 100 | hilos 8 de 12
    ... 2266.2 s | grupo 1/1 | 2384337788 nodos | revisado 1.5%, faltan ~42.1 h [interior primero 1.5%, interior primero + pieza menos restrictiva 0.579%, reinicios, interior primero 371.2%] (Knuth: ~7.9 h) | máximo colocado 73 de 100 | hilos 8 de 12
    ... 2268.2 s | grupo 1/1 | 2386455897 nodos | revisado 1.5%, faltan ~42.2 h [interior primero 1.5%, interior primero + pieza menos restrictiva 0.580%, reinicios, interior primero 371.2%] (Knuth: ~7.9 h) | máximo colocado 73 de 100 | hilos 8 de 12
    ... 2270.2 s | grupo 1/1 | 2388571416 nodos | revisado 1.5%, faltan ~42.2 h [interior primero 1.5%, interior primero + pieza menos restrictiva 0.580%, reinicios, interior primero 371.2%] (Knuth: ~7.9 h) | máximo colocado 73 de 100 | hilos 8 de 12
    ... 2272.2 s | grupo 1/1 | 2390643818 nodos | revisado 1.5%, faltan ~42.2 h [interior primero 1.5%, interior primero + pieza menos restrictiva 0.580%, reinicios, interior primero 371.2%] (Knuth: ~7.9 h) | máximo colocado 73 de 100 | hilos 8 de 12
    ... 2274.2 s | grupo 1/1 | 2392719574 nodos | revisado 1.5%, faltan ~42.2 h [interior primero 1.5%, interior primero + pieza menos restrictiva 0.580%, reinicios, interior primero 371.3%] (Knuth: ~7.9 h) | máximo colocado 73 de 100 | hilos 8 de 12
    ... 2276.2 s | grupo 1/1 | 2394834286 nodos | revisado 1.5%, faltan ~42.3 h [interior primero 1.5%, interior primero + pieza menos restrictiva 0.580%, reinicios, interior primero 371.3%] (Knuth: ~7.9 h) | máximo colocado 73 de 100 | hilos 8 de 12
    ... 2278.2 s | grupo 1/1 | 2396921592 nodos | revisado 1.5%, faltan ~42.3 h [interior primero 1.5%, interior primero + pieza menos restrictiva 0.581%, reinicios, interior primero 372.3%] (Knuth: ~7.9 h) | máximo colocado 73 de 100 | hilos 8 de 12
    ... 2280.3 s | grupo 1/1 | 2399037922 nodos | revisado 1.5%, faltan ~42.2 h [interior primero 1.5%, interior primero + pieza menos restrictiva 0.581%, reinicios, interior primero 373.4%] (Knuth: ~7.9 h) | máximo colocado 73 de 100 | hilos 8 de 12
    ... 2282.3 s | grupo 1/1 | 2401151326 nodos | revisado 1.5%, faltan ~42.2 h [interior primero 1.5%, interior primero + pieza menos restrictiva 0.581%, reinicios, interior primero 374.4%] (Knuth: ~7.9 h) | máximo colocado 73 de 100 | hilos 8 de 12
    ... 2284.3 s | grupo 1/1 | 2403270237 nodos | revisado 1.5%, faltan ~42.2 h [interior primero 1.5%, interior primero + pieza menos restrictiva 0.582%, reinicios, interior primero 374.4%] (Knuth: ~7.9 h) | máximo colocado 73 de 100 | hilos 8 de 12
    ... 2286.3 s | grupo 1/1 | 2405393818 nodos | revisado 1.5%, faltan ~42.2 h [interior primero 1.5%, interior primero + pieza menos restrictiva 0.582%, reinicios, interior primero 374.4%] (Knuth: ~7.9 h) | máximo colocado 73 de 100 | hilos 8 de 12
    ... 2288.3 s | grupo 1/1 | 2407500375 nodos | revisado 1.5%, faltan ~42.3 h [interior primero 1.5%, interior primero + pieza menos restrictiva 0.582%, reinicios, interior primero 374.4%] (Knuth: ~7.9 h) | máximo colocado 73 de 100 | hilos 8 de 12
    ... 2290.3 s | grupo 1/1 | 2409611502 nodos | revisado 1.5%, faltan ~42.3 h [interior primero 1.5%, interior primero + pieza menos restrictiva 0.582%, reinicios, interior primero 374.5%] (Knuth: ~7.9 h) | máximo colocado 73 de 100 | hilos 8 de 12
    ... 2292.3 s | grupo 1/1 | 2411707338 nodos | revisado 1.5%, faltan ~42.3 h [interior primero 1.5%, interior primero + pieza menos restrictiva 0.582%, reinicios, interior primero 374.5%] (Knuth: ~7.9 h) | máximo colocado 73 de 100 | hilos 8 de 12
    ... 2294.3 s | grupo 1/1 | 2413813235 nodos | revisado 1.5%, faltan ~42.3 h [interior primero 1.5%, interior primero + pieza menos restrictiva 0.582%, reinicios, interior primero 374.5%] (Knuth: ~7.9 h) | máximo colocado 73 de 100 | hilos 8 de 12
    ... 2296.3 s | grupo 1/1 | 2415930143 nodos | revisado 1.5%, faltan ~42.4 h [interior primero 1.5%, interior primero + pieza menos restrictiva 0.582%, reinicios, interior primero 374.5%] (Knuth: ~7.9 h) | máximo colocado 73 de 100 | hilos 8 de 12
    ... 2298.4 s | grupo 1/1 | 2418042551 nodos | revisado 1.5%, faltan ~42.4 h [interior primero 1.5%, interior primero + pieza menos restrictiva 0.582%, reinicios, interior primero 374.5%] (Knuth: ~7.9 h) | máximo colocado 73 de 100 | hilos 8 de 12
    ... 2300.4 s | grupo 1/1 | 2420150602 nodos | revisado 1.5%, faltan ~42.4 h [interior primero 1.5%, interior primero + pieza menos restrictiva 0.584%, reinicios, interior primero 374.5%] (Knuth: ~7.9 h) | máximo colocado 73 de 100 | hilos 8 de 12
    ... 2302.4 s | grupo 1/1 | 2422221795 nodos | revisado 1.5%, faltan ~42.4 h [interior primero 1.5%, interior primero + pieza menos restrictiva 0.584%, reinicios, interior primero 375.0%] (Knuth: ~7.9 h) | máximo colocado 73 de 100 | hilos 8 de 12
    ... 2304.4 s | grupo 1/1 | 2424312192 nodos | revisado 1.5%, faltan ~42.4 h [interior primero 1.5%, interior primero + pieza menos restrictiva 0.584%, reinicios, interior primero 375.0%] (Knuth: ~7.9 h) | máximo colocado 73 de 100 | hilos 8 de 12
    ... 2306.4 s | grupo 1/1 | 2426429333 nodos | revisado 1.5%, faltan ~42.4 h [interior primero 1.5%, interior primero + pieza menos restrictiva 0.585%, reinicios, interior primero 375.2%] (Knuth: ~7.9 h) | máximo colocado 73 de 100 | hilos 8 de 12
    ... 2308.4 s | grupo 1/1 | 2428507098 nodos | revisado 1.5%, faltan ~42.5 h [interior primero 1.5%, interior primero + pieza menos restrictiva 0.585%, reinicios, interior primero 376.2%] (Knuth: ~7.9 h) | máximo colocado 73 de 100 | hilos 8 de 12
    ... 2310.4 s | grupo 1/1 | 2430599931 nodos | revisado 1.5%, faltan ~42.5 h [interior primero 1.5%, interior primero + pieza menos restrictiva 0.585%, reinicios, interior primero 376.2%] (Knuth: ~7.9 h) | máximo colocado 73 de 100 | hilos 8 de 12
    ... 2312.4 s | grupo 1/1 | 2432665933 nodos | revisado 1.5%, faltan ~42.5 h [interior primero 1.5%, interior primero + pieza menos restrictiva 0.585%, reinicios, interior primero 376.2%] (Knuth: ~7.9 h) | máximo colocado 73 de 100 | hilos 8 de 12
    ... 2314.4 s | grupo 1/1 | 2434724565 nodos | revisado 1.5%, faltan ~42.5 h [interior primero 1.5%, interior primero + pieza menos restrictiva 0.585%, reinicios, interior primero 376.2%] (Knuth: ~7.9 h) | máximo colocado 73 de 100 | hilos 8 de 12
    ... 2316.4 s | grupo 1/1 | 2436804581 nodos | revisado 1.5%, faltan ~42.5 h [interior primero 1.5%, interior primero + pieza menos restrictiva 0.586%, reinicios, interior primero 376.3%] (Knuth: ~7.9 h) | máximo colocado 73 de 100 | hilos 8 de 12
    ... 2318.4 s | grupo 1/1 | 2438897369 nodos | revisado 1.5%, faltan ~42.5 h [interior primero 1.5%, interior primero + pieza menos restrictiva 0.586%, reinicios, interior primero 376.3%] (Knuth: ~7.9 h) | máximo colocado 73 de 100 | hilos 8 de 12
    ... 2320.4 s | grupo 1/1 | 2440976994 nodos | revisado 1.5%, faltan ~42.5 h [interior primero 1.5%, interior primero + pieza menos restrictiva 0.586%, reinicios, interior primero 376.3%] (Knuth: ~7.9 h) | máximo colocado 73 de 100 | hilos 8 de 12
    ... 2322.5 s | grupo 1/1 | 2443076418 nodos | revisado 1.5%, faltan ~42.5 h [interior primero 1.5%, interior primero + pieza menos restrictiva 0.586%, reinicios, interior primero 376.4%] (Knuth: ~7.9 h) | máximo colocado 73 de 100 | hilos 8 de 12
    ... 2324.5 s | grupo 1/1 | 2445205975 nodos | revisado 1.5%, faltan ~42.5 h [interior primero 1.5%, interior primero + pieza menos restrictiva 0.587%, reinicios, interior primero 376.4%] (Knuth: ~7.9 h) | máximo colocado 73 de 100 | hilos 8 de 12
    ... 2326.5 s | grupo 1/1 | 2447351040 nodos | revisado 1.5%, faltan ~42.6 h [interior primero 1.5%, interior primero + pieza menos restrictiva 0.587%, reinicios, interior primero 376.4%] (Knuth: ~7.9 h) | máximo colocado 73 de 100 | hilos 8 de 12
    ... 2328.5 s | grupo 1/1 | 2449440493 nodos | revisado 1.5%, faltan ~42.6 h [interior primero 1.5%, interior primero + pieza menos restrictiva 0.587%, reinicios, interior primero 376.8%] (Knuth: ~7.9 h) | máximo colocado 73 de 100 | hilos 8 de 12
    ... 2330.5 s | grupo 1/1 | 2451514068 nodos | revisado 1.5%, faltan ~42.6 h [interior primero 1.5%, interior primero + pieza menos restrictiva 0.587%, reinicios, interior primero 376.8%] (Knuth: ~7.9 h) | máximo colocado 73 de 100 | hilos 8 de 12
    ... 2332.5 s | grupo 1/1 | 2453579642 nodos | revisado 1.5%, faltan ~42.5 h [interior primero 1.5%, interior primero + pieza menos restrictiva 0.587%, reinicios, interior primero 377.9%] (Knuth: ~7.9 h) | máximo colocado 73 de 100 | hilos 8 de 12
    ... 2334.5 s | grupo 1/1 | 2455633113 nodos | revisado 1.5%, faltan ~42.5 h [interior primero 1.5%, interior primero + pieza menos restrictiva 0.588%, reinicios, interior primero 377.9%] (Knuth: ~7.9 h) | máximo colocado 73 de 100 | hilos 8 de 12
    ... 2336.5 s | grupo 1/1 | 2457685116 nodos | revisado 1.5%, faltan ~42.5 h [interior primero 1.5%, interior primero + pieza menos restrictiva 0.588%, reinicios, interior primero 377.9%] (Knuth: ~7.9 h) | máximo colocado 73 de 100 | hilos 8 de 12
    ... 2338.5 s | grupo 1/1 | 2459791165 nodos | revisado 1.5%, faltan ~42.3 h [interior primero 1.5%, interior primero + pieza menos restrictiva 0.588%, reinicios, interior primero 378.0%] (Knuth: ~7.9 h) | máximo colocado 73 de 100 | hilos 8 de 12
    ... 2340.5 s | grupo 1/1 | 2461883836 nodos | revisado 1.5%, faltan ~42.3 h [interior primero 1.5%, interior primero + pieza menos restrictiva 0.588%, reinicios, interior primero 378.4%] (Knuth: ~7.9 h) | máximo colocado 73 de 100 | hilos 8 de 12
    ... 2342.5 s | grupo 1/1 | 2463965769 nodos | revisado 1.5%, faltan ~42.3 h [interior primero 1.5%, interior primero + pieza menos restrictiva 0.589%, reinicios, interior primero 378.5%] (Knuth: ~7.9 h) | máximo colocado 73 de 100 | hilos 8 de 12
    ... 2344.5 s | grupo 1/1 | 2466038527 nodos | revisado 1.5%, faltan ~42.3 h [interior primero 1.5%, interior primero + pieza menos restrictiva 0.589%, reinicios, interior primero 379.5%] (Knuth: ~7.9 h) | máximo colocado 73 de 100 | hilos 8 de 12
    ... 2346.5 s | grupo 1/1 | 2468130689 nodos | revisado 1.5%, faltan ~42.2 h [interior primero 1.5%, interior primero + pieza menos restrictiva 0.590%, reinicios, interior primero 379.5%] (Knuth: ~7.9 h) | máximo colocado 73 de 100 | hilos 8 de 12
    ... 2348.5 s | grupo 1/1 | 2470244835 nodos | revisado 1.5%, faltan ~41.9 h [interior primero 1.5%, interior primero + pieza menos restrictiva 0.590%, reinicios, interior primero 379.9%] (Knuth: ~7.9 h) | máximo colocado 73 de 100 | hilos 8 de 12
    ... 2350.5 s | grupo 1/1 | 2472357714 nodos | revisado 1.5%, faltan ~41.8 h [interior primero 1.5%, interior primero + pieza menos restrictiva 0.590%, reinicios, interior primero 379.9%] (Knuth: ~7.9 h) | máximo colocado 73 de 100 | hilos 8 de 12
    ... 2352.6 s | grupo 1/1 | 2474497298 nodos | revisado 1.5%, faltan ~41.8 h [interior primero 1.5%, interior primero + pieza menos restrictiva 0.591%, reinicios, interior primero 382.4%] (Knuth: ~7.9 h) | máximo colocado 73 de 100 | hilos 8 de 12
    ... 2354.6 s | grupo 1/1 | 2476565361 nodos | revisado 1.5%, faltan ~41.8 h [interior primero 1.5%, interior primero + pieza menos restrictiva 0.591%, reinicios, interior primero 384.5%] (Knuth: ~7.9 h) | máximo colocado 73 de 100 | hilos 8 de 12
    ... 2356.6 s | grupo 1/1 | 2478660466 nodos | revisado 1.5%, faltan ~41.7 h [interior primero 1.5%, interior primero + pieza menos restrictiva 0.591%, reinicios, interior primero 385.0%] (Knuth: ~7.9 h) | máximo colocado 73 de 100 | hilos 8 de 12
    ... 2358.6 s | grupo 1/1 | 2480771458 nodos | revisado 1.5%, faltan ~41.7 h [interior primero 1.5%, interior primero + pieza menos restrictiva 0.591%, reinicios, interior primero 385.3%] (Knuth: ~7.9 h) | máximo colocado 73 de 100 | hilos 8 de 12
    ... 2360.6 s | grupo 1/1 | 2482891684 nodos | revisado 1.5%, faltan ~41.7 h [interior primero 1.5%, interior primero + pieza menos restrictiva 0.591%, reinicios, interior primero 385.3%] (Knuth: ~7.9 h) | máximo colocado 73 de 100 | hilos 8 de 12
    ... 2362.6 s | grupo 1/1 | 2484999009 nodos | revisado 1.5%, faltan ~41.7 h [interior primero 1.5%, interior primero + pieza menos restrictiva 0.591%, reinicios, interior primero 385.3%] (Knuth: ~7.9 h) | máximo colocado 73 de 100 | hilos 8 de 12
    ... 2364.6 s | grupo 1/1 | 2487121690 nodos | revisado 1.5%, faltan ~41.8 h [interior primero 1.5%, interior primero + pieza menos restrictiva 0.591%, reinicios, interior primero 385.8%] (Knuth: ~7.9 h) | máximo colocado 73 de 100 | hilos 8 de 12
    ... 2366.6 s | grupo 1/1 | 2489232113 nodos | revisado 1.6%, faltan ~41.6 h [interior primero 1.6%, interior primero + pieza menos restrictiva 0.591%, reinicios, interior primero 385.8%] (Knuth: ~7.9 h) | máximo colocado 73 de 100 | hilos 8 de 12
    ... 2368.6 s | grupo 1/1 | 2491350859 nodos | revisado 1.6%, faltan ~41.7 h [interior primero 1.6%, interior primero + pieza menos restrictiva 0.591%, reinicios, interior primero 386.9%] (Knuth: ~7.9 h) | máximo colocado 73 de 100 | hilos 8 de 12
    ... 2370.6 s | grupo 1/1 | 2493469055 nodos | revisado 1.6%, faltan ~41.7 h [interior primero 1.6%, interior primero + pieza menos restrictiva 0.592%, reinicios, interior primero 386.9%] (Knuth: ~7.9 h) | máximo colocado 73 de 100 | hilos 8 de 12
    ... 2372.6 s | grupo 1/1 | 2495579470 nodos | revisado 1.6%, faltan ~41.7 h [interior primero 1.6%, interior primero + pieza menos restrictiva 0.592%, reinicios, interior primero 386.9%] (Knuth: ~7.9 h) | máximo colocado 73 de 100 | hilos 8 de 12
    ... 2374.6 s | grupo 1/1 | 2497672419 nodos | revisado 1.6%, faltan ~41.7 h [interior primero 1.6%, interior primero + pieza menos restrictiva 0.592%, reinicios, interior primero 387.0%] (Knuth: ~7.9 h) | máximo colocado 73 de 100 | hilos 8 de 12
    ... 2376.6 s | grupo 1/1 | 2499732251 nodos | revisado 1.6%, faltan ~41.7 h [interior primero 1.6%, interior primero + pieza menos restrictiva 0.592%, reinicios, interior primero 387.5%] (Knuth: ~7.9 h) | máximo colocado 73 de 100 | hilos 8 de 12
    ... 2378.6 s | grupo 1/1 | 2501838905 nodos | revisado 1.6%, faltan ~41.7 h [interior primero 1.6%, interior primero + pieza menos restrictiva 0.592%, reinicios, interior primero 387.5%] (Knuth: ~7.9 h) | máximo colocado 73 de 100 | hilos 8 de 12
    ... 2380.6 s | grupo 1/1 | 2503977405 nodos | revisado 1.6%, faltan ~41.6 h [interior primero 1.6%, interior primero + pieza menos restrictiva 0.592%, reinicios, interior primero 387.5%] (Knuth: ~7.9 h) | máximo colocado 73 de 100 | hilos 8 de 12
    ... 2382.7 s | grupo 1/1 | 2506096216 nodos | revisado 1.6%, faltan ~41.7 h [interior primero 1.6%, interior primero + pieza menos restrictiva 0.593%, reinicios, interior primero 388.5%] (Knuth: ~7.9 h) | máximo colocado 73 de 100 | hilos 8 de 12
    ... 2384.7 s | grupo 1/1 | 2508245584 nodos | revisado 1.6%, faltan ~41.7 h [interior primero 1.6%, interior primero + pieza menos restrictiva 0.593%, reinicios, interior primero 388.5%] (Knuth: ~7.9 h) | máximo colocado 73 de 100 | hilos 8 de 12
    ... 2386.7 s | grupo 1/1 | 2510357717 nodos | revisado 1.6%, faltan ~41.7 h [interior primero 1.6%, interior primero + pieza menos restrictiva 0.593%, reinicios, interior primero 388.5%] (Knuth: ~7.9 h) | máximo colocado 73 de 100 | hilos 8 de 12
    ... 2388.7 s | grupo 1/1 | 2512414362 nodos | revisado 1.6%, faltan ~41.6 h [interior primero 1.6%, interior primero + pieza menos restrictiva 0.594%, reinicios, interior primero 388.6%] (Knuth: ~7.9 h) | máximo colocado 73 de 100 | hilos 8 de 12
    ... 2390.7 s | grupo 1/1 | 2514481020 nodos | revisado 1.6%, faltan ~41.6 h [interior primero 1.6%, interior primero + pieza menos restrictiva 0.594%, reinicios, interior primero 388.6%] (Knuth: ~7.9 h) | máximo colocado 73 de 100 | hilos 8 de 12
    ... 2392.7 s | grupo 1/1 | 2516560346 nodos | revisado 1.6%, faltan ~41.3 h [interior primero 1.6%, interior primero + pieza menos restrictiva 0.594%, reinicios, interior primero 388.6%] (Knuth: ~7.9 h) | máximo colocado 73 de 100 | hilos 8 de 12
    ... 2394.7 s | grupo 1/1 | 2518676362 nodos | revisado 1.6%, faltan ~41.2 h [interior primero 1.6%, interior primero + pieza menos restrictiva 0.595%, reinicios, interior primero 388.6%] (Knuth: ~7.9 h) | máximo colocado 73 de 100 | hilos 8 de 12
    ... 2396.7 s | grupo 1/1 | 2520808314 nodos | revisado 1.6%, faltan ~41.2 h [interior primero 1.6%, interior primero + pieza menos restrictiva 0.595%, reinicios, interior primero 388.6%] (Knuth: ~7.9 h) | máximo colocado 73 de 100 | hilos 8 de 12
    ... 2398.7 s | grupo 1/1 | 2522934352 nodos | revisado 1.6%, faltan ~41.2 h [interior primero 1.6%, interior primero + pieza menos restrictiva 0.595%, reinicios, interior primero 388.6%] (Knuth: ~7.9 h) | máximo colocado 73 de 100 | hilos 8 de 12
    ... 2400.7 s | grupo 1/1 | 2525039655 nodos | revisado 1.6%, faltan ~41.0 h [interior primero 1.6%, interior primero + pieza menos restrictiva 0.595%, reinicios, interior primero 389.7%] (Knuth: ~7.9 h) | máximo colocado 73 de 100 | hilos 8 de 12
    ... 2402.7 s | grupo 1/1 | 2527155560 nodos | revisado 1.6%, faltan ~41.1 h [interior primero 1.6%, interior primero + pieza menos restrictiva 0.595%, reinicios, interior primero 389.7%] (Knuth: ~7.9 h) | máximo colocado 73 de 100 | hilos 8 de 12
    ... 2404.7 s | grupo 1/1 | 2529287071 nodos | revisado 1.6%, faltan ~41.1 h [interior primero 1.6%, interior primero + pieza menos restrictiva 0.595%, reinicios, interior primero 391.8%] (Knuth: ~7.9 h) | máximo colocado 73 de 100 | hilos 8 de 12
    ... 2406.7 s | grupo 1/1 | 2531395371 nodos | revisado 1.6%, faltan ~41.0 h [interior primero 1.6%, interior primero + pieza menos restrictiva 0.595%, reinicios, interior primero 391.8%] (Knuth: ~7.9 h) | máximo colocado 73 de 100 | hilos 8 de 12
    ... 2408.8 s | grupo 1/1 | 2533507616 nodos | revisado 1.6%, faltan ~41.0 h [interior primero 1.6%, interior primero + pieza menos restrictiva 0.596%, reinicios, interior primero 391.8%] (Knuth: ~7.9 h) | máximo colocado 73 de 100 | hilos 8 de 12
    ... 2410.8 s | grupo 1/1 | 2535609014 nodos | revisado 1.6%, faltan ~41.0 h [interior primero 1.6%, interior primero + pieza menos restrictiva 0.596%, reinicios, interior primero 391.8%] (Knuth: ~7.9 h) | máximo colocado 73 de 100 | hilos 8 de 12
    ... 2412.8 s | grupo 1/1 | 2537714772 nodos | revisado 1.6%, faltan ~41.0 h [interior primero 1.6%, interior primero + pieza menos restrictiva 0.598%, reinicios, interior primero 392.9%] (Knuth: ~7.9 h) | máximo colocado 73 de 100 | hilos 8 de 12
    ... 2414.8 s | grupo 1/1 | 2539802245 nodos | revisado 1.6%, faltan ~41.0 h [interior primero 1.6%, interior primero + pieza menos restrictiva 0.598%, reinicios, interior primero 393.0%] (Knuth: ~7.9 h) | máximo colocado 73 de 100 | hilos 8 de 12
    ... 2416.8 s | grupo 1/1 | 2541893294 nodos | revisado 1.6%, faltan ~41.0 h [interior primero 1.6%, interior primero + pieza menos restrictiva 0.598%, reinicios, interior primero 393.2%] (Knuth: ~7.9 h) | máximo colocado 73 de 100 | hilos 8 de 12
    ... 2418.8 s | grupo 1/1 | 2543986036 nodos | revisado 1.6%, faltan ~41.0 h [interior primero 1.6%, interior primero + pieza menos restrictiva 0.599%, reinicios, interior primero 393.2%] (Knuth: ~7.9 h) | máximo colocado 73 de 100 | hilos 8 de 12
    ... 2420.8 s | grupo 1/1 | 2546081731 nodos | revisado 1.6%, faltan ~40.9 h [interior primero 1.6%, interior primero + pieza menos restrictiva 0.599%, reinicios, interior primero 393.2%] (Knuth: ~7.9 h) | máximo colocado 73 de 100 | hilos 8 de 12
    ... 2422.8 s | grupo 1/1 | 2548216436 nodos | revisado 1.6%, faltan ~40.9 h [interior primero 1.6%, interior primero + pieza menos restrictiva 0.599%, reinicios, interior primero 394.2%] (Knuth: ~7.9 h) | máximo colocado 73 de 100 | hilos 8 de 12
    ... 2424.8 s | grupo 1/1 | 2550325397 nodos | revisado 1.6%, faltan ~41.0 h [interior primero 1.6%, interior primero + pieza menos restrictiva 0.599%, reinicios, interior primero 394.7%] (Knuth: ~7.9 h) | máximo colocado 73 de 100 | hilos 8 de 12
    ... 2426.8 s | grupo 1/1 | 2552449528 nodos | revisado 1.6%, faltan ~40.9 h [interior primero 1.6%, interior primero + pieza menos restrictiva 0.599%, reinicios, interior primero 394.8%] (Knuth: ~7.9 h) | máximo colocado 73 de 100 | hilos 8 de 12
    ... 2428.8 s | grupo 1/1 | 2554601848 nodos | revisado 1.6%, faltan ~40.9 h [interior primero 1.6%, interior primero + pieza menos restrictiva 0.600%, reinicios, interior primero 394.8%] (Knuth: ~7.9 h) | máximo colocado 73 de 100 | hilos 8 de 12
    ... 2430.8 s | grupo 1/1 | 2556750216 nodos | revisado 1.6%, faltan ~40.9 h [interior primero 1.6%, interior primero + pieza menos restrictiva 0.600%, reinicios, interior primero 394.8%] (Knuth: ~7.9 h) | máximo colocado 73 de 100 | hilos 8 de 12
    ... 2432.8 s | grupo 1/1 | 2558915440 nodos | revisado 1.6%, faltan ~40.9 h [interior primero 1.6%, interior primero + pieza menos restrictiva 0.600%, reinicios, interior primero 394.8%] (Knuth: ~7.9 h) | máximo colocado 73 de 100 | hilos 8 de 12
    ... 2434.8 s | grupo 1/1 | 2561061812 nodos | revisado 1.6%, faltan ~40.9 h [interior primero 1.6%, interior primero + pieza menos restrictiva 0.601%, reinicios, interior primero 394.8%] (Knuth: ~7.9 h) | máximo colocado 73 de 100 | hilos 8 de 12
    ... 2436.9 s | grupo 1/1 | 2563170676 nodos | revisado 1.6%, faltan ~41.0 h [interior primero 1.6%, interior primero + pieza menos restrictiva 0.601%, reinicios, interior primero 394.8%] (Knuth: ~7.9 h) | máximo colocado 73 de 100 | hilos 8 de 12
    ... 2438.9 s | grupo 1/1 | 2565273091 nodos | revisado 1.6%, faltan ~41.0 h [interior primero 1.6%, interior primero + pieza menos restrictiva 0.601%, reinicios, interior primero 395.8%] (Knuth: ~7.9 h) | máximo colocado 73 de 100 | hilos 8 de 12
    ... 2440.9 s | grupo 1/1 | 2567364156 nodos | revisado 1.6%, faltan ~41.0 h [interior primero 1.6%, interior primero + pieza menos restrictiva 0.601%, reinicios, interior primero 395.9%] (Knuth: ~7.9 h) | máximo colocado 73 de 100 | hilos 8 de 12
    ... 2442.9 s | grupo 1/1 | 2569455102 nodos | revisado 1.6%, faltan ~41.0 h [interior primero 1.6%, interior primero + pieza menos restrictiva 0.602%, reinicios, interior primero 395.9%] (Knuth: ~7.9 h) | máximo colocado 73 de 100 | hilos 8 de 12
    ... 2444.9 s | grupo 1/1 | 2571570028 nodos | revisado 1.6%, faltan ~41.0 h [interior primero 1.6%, interior primero + pieza menos restrictiva 0.602%, reinicios, interior primero 395.9%] (Knuth: ~7.9 h) | máximo colocado 73 de 100 | hilos 8 de 12
    ... 2446.9 s | grupo 1/1 | 2573663573 nodos | revisado 1.6%, faltan ~41.0 h [interior primero 1.6%, interior primero + pieza menos restrictiva 0.602%, reinicios, interior primero 395.9%] (Knuth: ~7.9 h) | máximo colocado 73 de 100 | hilos 8 de 12
    ... 2448.9 s | grupo 1/1 | 2575757553 nodos | revisado 1.6%, faltan ~41.0 h [interior primero 1.6%, interior primero + pieza menos restrictiva 0.602%, reinicios, interior primero 395.9%] (Knuth: ~7.9 h) | máximo colocado 73 de 100 | hilos 8 de 12
    ... 2450.9 s | grupo 1/1 | 2577849782 nodos | revisado 1.6%, faltan ~41.1 h [interior primero 1.6%, interior primero + pieza menos restrictiva 0.604%, reinicios, interior primero 396.0%] (Knuth: ~7.9 h) | máximo colocado 73 de 100 | hilos 8 de 12
    ... 2452.9 s | grupo 1/1 | 2579936197 nodos | revisado 1.6%, faltan ~41.1 h [interior primero 1.6%, interior primero + pieza menos restrictiva 0.604%, reinicios, interior primero 396.0%] (Knuth: ~7.9 h) | máximo colocado 73 de 100 | hilos 8 de 12
    ... 2454.9 s | grupo 1/1 | 2582023401 nodos | revisado 1.6%, faltan ~41.1 h [interior primero 1.6%, interior primero + pieza menos restrictiva 0.604%, reinicios, interior primero 396.1%] (Knuth: ~7.9 h) | máximo colocado 73 de 100 | hilos 8 de 12
    ... 2456.9 s | grupo 1/1 | 2584128317 nodos | revisado 1.6%, faltan ~41.1 h [interior primero 1.6%, interior primero + pieza menos restrictiva 0.605%, reinicios, interior primero 397.1%] (Knuth: ~7.9 h) | máximo colocado 73 de 100 | hilos 8 de 12
    ... 2458.9 s | grupo 1/1 | 2586250923 nodos | revisado 1.6%, faltan ~41.1 h [interior primero 1.6%, interior primero + pieza menos restrictiva 0.605%, reinicios, interior primero 397.1%] (Knuth: ~7.9 h) | máximo colocado 73 de 100 | hilos 8 de 12
    ... 2460.9 s | grupo 1/1 | 2588385518 nodos | revisado 1.6%, faltan ~41.2 h [interior primero 1.6%, interior primero + pieza menos restrictiva 0.605%, reinicios, interior primero 398.1%] (Knuth: ~7.9 h) | máximo colocado 73 de 100 | hilos 8 de 12
    ... 2463.0 s | grupo 1/1 | 2590523967 nodos | revisado 1.6%, faltan ~41.2 h [interior primero 1.6%, interior primero + pieza menos restrictiva 0.605%, reinicios, interior primero 398.1%] (Knuth: ~7.8 h) | máximo colocado 73 de 100 | hilos 8 de 12
    ... 2465.0 s | grupo 1/1 | 2592653868 nodos | revisado 1.6%, faltan ~41.2 h [interior primero 1.6%, interior primero + pieza menos restrictiva 0.606%, reinicios, interior primero 398.2%] (Knuth: ~7.8 h) | máximo colocado 73 de 100 | hilos 8 de 12
    ... 2467.0 s | grupo 1/1 | 2594810838 nodos | revisado 1.6%, faltan ~40.8 h [interior primero 1.6%, interior primero + pieza menos restrictiva 0.606%, reinicios, interior primero 398.2%] (Knuth: ~7.8 h) | máximo colocado 73 de 100 | hilos 8 de 12
    ... 2469.0 s | grupo 1/1 | 2596929335 nodos | revisado 1.7%, faltan ~40.7 h [interior primero 1.7%, interior primero + pieza menos restrictiva 0.606%, reinicios, interior primero 398.2%] (Knuth: ~7.8 h) | máximo colocado 73 de 100 | hilos 8 de 12
    ... 2471.0 s | grupo 1/1 | 2599050383 nodos | revisado 1.7%, faltan ~40.6 h [interior primero 1.7%, interior primero + pieza menos restrictiva 0.607%, reinicios, interior primero 399.2%] (Knuth: ~7.8 h) | máximo colocado 73 de 100 | hilos 8 de 12
    ... 2473.0 s | grupo 1/1 | 2601136521 nodos | revisado 1.7%, faltan ~40.6 h [interior primero 1.7%, interior primero + pieza menos restrictiva 0.607%, reinicios, interior primero 399.2%] (Knuth: ~7.8 h) | máximo colocado 73 de 100 | hilos 8 de 12
    ... 2475.0 s | grupo 1/1 | 2603263295 nodos | revisado 1.7%, faltan ~40.5 h [interior primero 1.7%, interior primero + pieza menos restrictiva 0.607%, reinicios, interior primero 399.2%] (Knuth: ~7.8 h) | máximo colocado 73 de 100 | hilos 8 de 12
    ... 2477.0 s | grupo 1/1 | 2605419408 nodos | revisado 1.7%, faltan ~40.4 h [interior primero 1.7%, interior primero + pieza menos restrictiva 0.607%, reinicios, interior primero 399.2%] (Knuth: ~7.8 h) | máximo colocado 73 de 100 | hilos 8 de 12
    ... 2479.0 s | grupo 1/1 | 2607534450 nodos | revisado 1.7%, faltan ~40.1 h [interior primero 1.7%, interior primero + pieza menos restrictiva 0.607%, reinicios, interior primero 399.2%] (Knuth: ~7.8 h) | máximo colocado 73 de 100 | hilos 8 de 12
    ... 2481.0 s | grupo 1/1 | 2609142724 nodos | revisado 1.7%, faltan ~40.1 h [interior primero 1.7%, interior primero + pieza menos restrictiva 0.608%, reinicios, interior primero 399.2%] (Knuth: ~7.8 h) | máximo colocado 73 de 100 | hilos 8 de 12
    ... 2483.1 s | grupo 1/1 | 2610766420 nodos | revisado 1.7%, faltan ~40.0 h [interior primero 1.7%, interior primero + pieza menos restrictiva 0.609%, reinicios, interior primero 399.2%] (Knuth: ~7.8 h) | máximo colocado 73 de 100 | hilos 8 de 12
    ... 2485.1 s | grupo 1/1 | 2612807506 nodos | revisado 1.7%, faltan ~40.0 h [interior primero 1.7%, interior primero + pieza menos restrictiva 0.609%, reinicios, interior primero 399.2%] (Knuth: ~7.8 h) | máximo colocado 73 de 100 | hilos 8 de 12
    ... 2487.1 s | grupo 1/1 | 2614826424 nodos | revisado 1.7%, faltan ~40.0 h [interior primero 1.7%, interior primero + pieza menos restrictiva 0.610%, reinicios, interior primero 399.3%] (Knuth: ~7.8 h) | máximo colocado 73 de 100 | hilos 8 de 12
    ... 2489.1 s | grupo 1/1 | 2616772457 nodos | revisado 1.7%, faltan ~39.9 h [interior primero 1.7%, interior primero + pieza menos restrictiva 0.611%, reinicios, interior primero 399.3%] (Knuth: ~7.8 h) | máximo colocado 73 de 100 | hilos 8 de 12
    ... 2491.1 s | grupo 1/1 | 2618786559 nodos | revisado 1.7%, faltan ~39.9 h [interior primero 1.7%, interior primero + pieza menos restrictiva 0.612%, reinicios, interior primero 399.3%] (Knuth: ~7.8 h) | máximo colocado 73 de 100 | hilos 8 de 12
    ... 2493.1 s | grupo 1/1 | 2620862924 nodos | revisado 1.7%, faltan ~39.7 h [interior primero 1.7%, interior primero + pieza menos restrictiva 0.612%, reinicios, interior primero 399.3%] (Knuth: ~7.8 h) | máximo colocado 73 de 100 | hilos 8 de 12
    ... 2495.1 s | grupo 1/1 | 2622946194 nodos | revisado 1.7%, faltan ~39.7 h [interior primero 1.7%, interior primero + pieza menos restrictiva 0.613%, reinicios, interior primero 399.3%] (Knuth: ~7.8 h) | máximo colocado 73 de 100 | hilos 8 de 12
    ... 2497.1 s | grupo 1/1 | 2625050930 nodos | revisado 1.7%, faltan ~39.7 h [interior primero 1.7%, interior primero + pieza menos restrictiva 0.615%, reinicios, interior primero 399.3%] (Knuth: ~7.8 h) | máximo colocado 73 de 100 | hilos 8 de 12
    ... 2499.2 s | grupo 1/1 | 2627132737 nodos | revisado 1.7%, faltan ~39.8 h [interior primero 1.7%, interior primero + pieza menos restrictiva 0.615%, reinicios, interior primero 399.3%] (Knuth: ~7.8 h) | máximo colocado 73 de 100 | hilos 8 de 12
    ... 2501.2 s | grupo 1/1 | 2629224587 nodos | revisado 1.7%, faltan ~39.8 h [interior primero 1.7%, interior primero + pieza menos restrictiva 0.616%, reinicios, interior primero 399.3%] (Knuth: ~7.8 h) | máximo colocado 73 de 100 | hilos 8 de 12
    ... 2503.2 s | grupo 1/1 | 2631277170 nodos | revisado 1.7%, faltan ~39.8 h [interior primero 1.7%, interior primero + pieza menos restrictiva 0.616%, reinicios, interior primero 399.3%] (Knuth: ~7.8 h) | máximo colocado 73 de 100 | hilos 8 de 12
    ... 2505.2 s | grupo 1/1 | 2633376919 nodos | revisado 1.7%, faltan ~39.8 h [interior primero 1.7%, interior primero + pieza menos restrictiva 0.616%, reinicios, interior primero 399.3%] (Knuth: ~7.8 h) | máximo colocado 73 de 100 | hilos 8 de 12
    ... 2507.2 s | grupo 1/1 | 2635489950 nodos | revisado 1.7%, faltan ~39.8 h [interior primero 1.7%, interior primero + pieza menos restrictiva 0.616%, reinicios, interior primero 399.3%] (Knuth: ~7.8 h) | máximo colocado 73 de 100 | hilos 8 de 12
    ... 2509.2 s | grupo 1/1 | 2637590647 nodos | revisado 1.7%, faltan ~39.8 h [interior primero 1.7%, interior primero + pieza menos restrictiva 0.617%, reinicios, interior primero 399.4%] (Knuth: ~7.8 h) | máximo colocado 73 de 100 | hilos 8 de 12
    ... 2511.2 s | grupo 1/1 | 2639699423 nodos | revisado 1.7%, faltan ~39.9 h [interior primero 1.7%, interior primero + pieza menos restrictiva 0.617%, reinicios, interior primero 399.4%] (Knuth: ~7.8 h) | máximo colocado 73 de 100 | hilos 8 de 12
    ... 2513.2 s | grupo 1/1 | 2641805500 nodos | revisado 1.7%, faltan ~39.9 h [interior primero 1.7%, interior primero + pieza menos restrictiva 0.617%, reinicios, interior primero 399.4%] (Knuth: ~7.8 h) | máximo colocado 73 de 100 | hilos 8 de 12
    ... 2515.2 s | grupo 1/1 | 2643923010 nodos | revisado 1.7%, faltan ~39.9 h [interior primero 1.7%, interior primero + pieza menos restrictiva 0.617%, reinicios, interior primero 399.4%] (Knuth: ~7.8 h) | máximo colocado 73 de 100 | hilos 8 de 12
    ... 2517.2 s | grupo 1/1 | 2646003940 nodos | revisado 1.7%, faltan ~39.9 h [interior primero 1.7%, interior primero + pieza menos restrictiva 0.618%, reinicios, interior primero 399.4%] (Knuth: ~7.8 h) | máximo colocado 73 de 100 | hilos 8 de 12
    ... 2519.2 s | grupo 1/1 | 2648147326 nodos | revisado 1.7%, faltan ~39.9 h [interior primero 1.7%, interior primero + pieza menos restrictiva 0.618%, reinicios, interior primero 399.4%] (Knuth: ~7.8 h) | máximo colocado 73 de 100 | hilos 8 de 12
    ... 2521.2 s | grupo 1/1 | 2650247467 nodos | revisado 1.7%, faltan ~39.9 h [interior primero 1.7%, interior primero + pieza menos restrictiva 0.618%, reinicios, interior primero 399.4%] (Knuth: ~7.8 h) | máximo colocado 73 de 100 | hilos 8 de 12
    ... 2523.2 s | grupo 1/1 | 2652176144 nodos | revisado 1.7%, faltan ~39.9 h [interior primero 1.7%, interior primero + pieza menos restrictiva 0.618%, reinicios, interior primero 399.4%] (Knuth: ~7.8 h) | máximo colocado 73 de 100 | hilos 8 de 12
    ... 2525.3 s | grupo 1/1 | 2654176637 nodos | revisado 1.7%, faltan ~39.9 h [interior primero 1.7%, interior primero + pieza menos restrictiva 0.618%, reinicios, interior primero 399.4%] (Knuth: ~7.8 h) | máximo colocado 73 de 100 | hilos 8 de 12
    ... 2527.3 s | grupo 1/1 | 2656212483 nodos | revisado 1.7%, faltan ~40.0 h [interior primero 1.7%, interior primero + pieza menos restrictiva 0.619%, reinicios, interior primero 399.4%] (Knuth: ~7.8 h) | máximo colocado 73 de 100 | hilos 8 de 12
    ... 2529.3 s | grupo 1/1 | 2658265675 nodos | revisado 1.7%, faltan ~39.9 h [interior primero 1.7%, interior primero + pieza menos restrictiva 0.620%, reinicios, interior primero 399.4%] (Knuth: ~7.8 h) | máximo colocado 73 de 100 | hilos 8 de 12
    ... 2531.3 s | grupo 1/1 | 2660348392 nodos | revisado 1.7%, faltan ~40.0 h [interior primero 1.7%, interior primero + pieza menos restrictiva 0.621%, reinicios, interior primero 399.4%] (Knuth: ~7.8 h) | máximo colocado 73 de 100 | hilos 8 de 12
    ... 2533.3 s | grupo 1/1 | 2662403410 nodos | revisado 1.7%, faltan ~40.0 h [interior primero 1.7%, interior primero + pieza menos restrictiva 0.623%, reinicios, interior primero 399.4%] (Knuth: ~7.8 h) | máximo colocado 73 de 100 | hilos 8 de 12
    ... 2535.3 s | grupo 1/1 | 2664465415 nodos | revisado 1.7%, faltan ~40.0 h [interior primero 1.7%, interior primero + pieza menos restrictiva 0.624%, reinicios, interior primero 399.4%] (Knuth: ~7.8 h) | máximo colocado 73 de 100 | hilos 8 de 12
    ... 2537.3 s | grupo 1/1 | 2666501770 nodos | revisado 1.7%, faltan ~40.0 h [interior primero 1.7%, interior primero + pieza menos restrictiva 0.626%, reinicios, interior primero 399.4%] (Knuth: ~7.8 h) | máximo colocado 73 de 100 | hilos 8 de 12
    ... 2539.3 s | grupo 1/1 | 2668501776 nodos | revisado 1.7%, faltan ~40.1 h [interior primero 1.7%, interior primero + pieza menos restrictiva 0.628%, reinicios, interior primero 399.4%] (Knuth: ~7.8 h) | máximo colocado 73 de 100 | hilos 8 de 12
    ... 2541.3 s | grupo 1/1 | 2670516852 nodos | revisado 1.7%, faltan ~40.1 h [interior primero 1.7%, interior primero + pieza menos restrictiva 0.628%, reinicios, interior primero 399.4%] (Knuth: ~7.8 h) | máximo colocado 73 de 100 | hilos 8 de 12
    ... 2543.4 s | grupo 1/1 | 2672577076 nodos | revisado 1.7%, faltan ~40.1 h [interior primero 1.7%, interior primero + pieza menos restrictiva 0.629%, reinicios, interior primero 399.4%] (Knuth: ~7.8 h) | máximo colocado 73 de 100 | hilos 8 de 12
    ... 2545.4 s | grupo 1/1 | 2674627749 nodos | revisado 1.7%, faltan ~40.2 h [interior primero 1.7%, interior primero + pieza menos restrictiva 0.631%, reinicios, interior primero 399.4%] (Knuth: ~7.8 h) | máximo colocado 73 de 100 | hilos 8 de 12
    ... 2547.4 s | grupo 1/1 | 2676706583 nodos | revisado 1.7%, faltan ~40.2 h [interior primero 1.7%, interior primero + pieza menos restrictiva 0.632%, reinicios, interior primero 399.4%] (Knuth: ~7.8 h) | máximo colocado 73 de 100 | hilos 8 de 12
    ... 2549.4 s | grupo 1/1 | 2678765111 nodos | revisado 1.7%, faltan ~40.2 h [interior primero 1.7%, interior primero + pieza menos restrictiva 0.634%, reinicios, interior primero 399.4%] (Knuth: ~7.8 h) | máximo colocado 73 de 100 | hilos 8 de 12
    ... 2551.4 s | grupo 1/1 | 2680824589 nodos | revisado 1.7%, faltan ~40.2 h [interior primero 1.7%, interior primero + pieza menos restrictiva 0.635%, reinicios, interior primero 399.4%] (Knuth: ~7.8 h) | máximo colocado 73 de 100 | hilos 8 de 12
    ... 2553.4 s | grupo 1/1 | 2682871313 nodos | revisado 1.7%, faltan ~40.2 h [interior primero 1.7%, interior primero + pieza menos restrictiva 0.640%, reinicios, interior primero 399.4%] (Knuth: ~7.8 h) | máximo colocado 73 de 100 | hilos 8 de 12
    ... 2555.4 s | grupo 1/1 | 2684910620 nodos | revisado 1.7%, faltan ~40.2 h [interior primero 1.7%, interior primero + pieza menos restrictiva 0.640%, reinicios, interior primero 399.4%] (Knuth: ~7.8 h) | máximo colocado 73 de 100 | hilos 8 de 12
    ... 2557.4 s | grupo 1/1 | 2686992323 nodos | revisado 1.7%, faltan ~40.3 h [interior primero 1.7%, interior primero + pieza menos restrictiva 0.641%, reinicios, interior primero 399.4%] (Knuth: ~7.8 h) | máximo colocado 73 de 100 | hilos 8 de 12
    ... 2559.4 s | grupo 1/1 | 2689041200 nodos | revisado 1.7%, faltan ~40.3 h [interior primero 1.7%, interior primero + pieza menos restrictiva 0.642%, reinicios, interior primero 399.4%] (Knuth: ~7.8 h) | máximo colocado 73 de 100 | hilos 8 de 12
    ... 2561.4 s | grupo 1/1 | 2691113170 nodos | revisado 1.7%, faltan ~40.3 h [interior primero 1.7%, interior primero + pieza menos restrictiva 0.642%, reinicios, interior primero 399.9%] (Knuth: ~7.8 h) | máximo colocado 73 de 100 | hilos 8 de 12
    ... 2563.4 s | grupo 1/1 | 2693189363 nodos | revisado 1.7%, faltan ~40.3 h [interior primero 1.7%, interior primero + pieza menos restrictiva 0.643%, reinicios, interior primero 400.0%] (Knuth: ~7.8 h) | máximo colocado 73 de 100 | hilos 8 de 12
    ... 2565.4 s | grupo 1/1 | 2695232547 nodos | revisado 1.7%, faltan ~40.4 h [interior primero 1.7%, interior primero + pieza menos restrictiva 0.643%, reinicios, interior primero 400.0%] (Knuth: ~7.8 h) | máximo colocado 73 de 100 | hilos 8 de 12
    ... 2567.5 s | grupo 1/1 | 2697295302 nodos | revisado 1.7%, faltan ~40.4 h [interior primero 1.7%, interior primero + pieza menos restrictiva 0.644%, reinicios, interior primero 400.0%] (Knuth: ~7.8 h) | máximo colocado 73 de 100 | hilos 8 de 12
    ... 2569.5 s | grupo 1/1 | 2699362057 nodos | revisado 1.7%, faltan ~40.4 h [interior primero 1.7%, interior primero + pieza menos restrictiva 0.646%, reinicios, interior primero 400.0%] (Knuth: ~7.8 h) | máximo colocado 73 de 100 | hilos 8 de 12
    ... 2571.5 s | grupo 1/1 | 2701409383 nodos | revisado 1.7%, faltan ~40.4 h [interior primero 1.7%, interior primero + pieza menos restrictiva 0.648%, reinicios, interior primero 400.1%] (Knuth: ~7.8 h) | máximo colocado 73 de 100 | hilos 8 de 12
    ... 2573.5 s | grupo 1/1 | 2703468164 nodos | revisado 1.7%, faltan ~40.4 h [interior primero 1.7%, interior primero + pieza menos restrictiva 0.648%, reinicios, interior primero 400.1%] (Knuth: ~7.8 h) | máximo colocado 73 de 100 | hilos 8 de 12
    ... 2575.5 s | grupo 1/1 | 2705522100 nodos | revisado 1.7%, faltan ~40.4 h [interior primero 1.7%, interior primero + pieza menos restrictiva 0.650%, reinicios, interior primero 402.1%] (Knuth: ~7.8 h) | máximo colocado 73 de 100 | hilos 8 de 12
    ... 2577.5 s | grupo 1/1 | 2707552697 nodos | revisado 1.7%, faltan ~40.4 h [interior primero 1.7%, interior primero + pieza menos restrictiva 0.651%, reinicios, interior primero 402.4%] (Knuth: ~7.8 h) | máximo colocado 73 de 100 | hilos 8 de 12
    ... 2579.5 s | grupo 1/1 | 2709621278 nodos | revisado 1.7%, faltan ~40.5 h [interior primero 1.7%, interior primero + pieza menos restrictiva 0.651%, reinicios, interior primero 402.5%] (Knuth: ~7.8 h) | máximo colocado 73 de 100 | hilos 8 de 12
    ... 2581.5 s | grupo 1/1 | 2711670067 nodos | revisado 1.7%, faltan ~40.5 h [interior primero 1.7%, interior primero + pieza menos restrictiva 0.653%, reinicios, interior primero 402.5%] (Knuth: ~7.8 h) | máximo colocado 73 de 100 | hilos 8 de 12
    ... 2583.5 s | grupo 1/1 | 2713750422 nodos | revisado 1.7%, faltan ~40.5 h [interior primero 1.7%, interior primero + pieza menos restrictiva 0.655%, reinicios, interior primero 402.5%] (Knuth: ~7.8 h) | máximo colocado 73 de 100 | hilos 8 de 12
    ... 2585.6 s | grupo 1/1 | 2715855210 nodos | revisado 1.7%, faltan ~40.5 h [interior primero 1.7%, interior primero + pieza menos restrictiva 0.655%, reinicios, interior primero 404.6%] (Knuth: ~7.8 h) | máximo colocado 73 de 100 | hilos 8 de 12
    ... 2587.6 s | grupo 1/1 | 2717964224 nodos | revisado 1.7%, faltan ~40.6 h [interior primero 1.7%, interior primero + pieza menos restrictiva 0.655%, reinicios, interior primero 404.6%] (Knuth: ~7.8 h) | máximo colocado 73 de 100 | hilos 8 de 12
    ... 2589.6 s | grupo 1/1 | 2720043910 nodos | revisado 1.7%, faltan ~40.6 h [interior primero 1.7%, interior primero + pieza menos restrictiva 0.655%, reinicios, interior primero 404.6%] (Knuth: ~7.8 h) | máximo colocado 73 de 100 | hilos 8 de 12
    ... 2591.6 s | grupo 1/1 | 2722071357 nodos | revisado 1.7%, faltan ~40.6 h [interior primero 1.7%, interior primero + pieza menos restrictiva 0.657%, reinicios, interior primero 405.1%] (Knuth: ~7.8 h) | máximo colocado 73 de 100 | hilos 8 de 12
    ... 2593.6 s | grupo 1/1 | 2724156200 nodos | revisado 1.7%, faltan ~40.6 h [interior primero 1.7%, interior primero + pieza menos restrictiva 0.658%, reinicios, interior primero 405.1%] (Knuth: ~7.8 h) | máximo colocado 73 de 100 | hilos 8 de 12
    ... 2595.6 s | grupo 1/1 | 2726197796 nodos | revisado 1.7%, faltan ~40.6 h [interior primero 1.7%, interior primero + pieza menos restrictiva 0.658%, reinicios, interior primero 405.1%] (Knuth: ~7.8 h) | máximo colocado 73 de 100 | hilos 8 de 12
    ... 2597.6 s | grupo 1/1 | 2728296814 nodos | revisado 1.7%, faltan ~40.6 h [interior primero 1.7%, interior primero + pieza menos restrictiva 0.658%, reinicios, interior primero 406.1%] (Knuth: ~7.8 h) | máximo colocado 73 de 100 | hilos 8 de 12
    ... 2599.6 s | grupo 1/1 | 2730379794 nodos | revisado 1.7%, faltan ~40.6 h [interior primero 1.7%, interior primero + pieza menos restrictiva 0.659%, reinicios, interior primero 406.2%] (Knuth: ~7.8 h) | máximo colocado 73 de 100 | hilos 8 de 12
    ... 2601.6 s | grupo 1/1 | 2732467454 nodos | revisado 1.7%, faltan ~40.7 h [interior primero 1.7%, interior primero + pieza menos restrictiva 0.659%, reinicios, interior primero 406.2%] (Knuth: ~7.8 h) | máximo colocado 73 de 100 | hilos 8 de 12
    ... 2603.7 s | grupo 1/1 | 2734535654 nodos | revisado 1.7%, faltan ~40.7 h [interior primero 1.7%, interior primero + pieza menos restrictiva 0.659%, reinicios, interior primero 406.7%] (Knuth: ~7.8 h) | máximo colocado 73 de 100 | hilos 8 de 12
    ... 2605.7 s | grupo 1/1 | 2736594000 nodos | revisado 1.7%, faltan ~40.7 h [interior primero 1.7%, interior primero + pieza menos restrictiva 0.659%, reinicios, interior primero 406.7%] (Knuth: ~7.8 h) | máximo colocado 73 de 100 | hilos 8 de 12
    ... 2607.7 s | grupo 1/1 | 2738656193 nodos | revisado 1.7%, faltan ~40.7 h [interior primero 1.7%, interior primero + pieza menos restrictiva 0.659%, reinicios, interior primero 406.7%] (Knuth: ~7.8 h) | máximo colocado 73 de 100 | hilos 8 de 12
    ... 2609.7 s | grupo 1/1 | 2740688313 nodos | revisado 1.7%, faltan ~40.7 h [interior primero 1.7%, interior primero + pieza menos restrictiva 0.660%, reinicios, interior primero 406.7%] (Knuth: ~7.8 h) | máximo colocado 73 de 100 | hilos 8 de 12
    ... 2611.7 s | grupo 1/1 | 2742715192 nodos | revisado 1.7%, faltan ~40.7 h [interior primero 1.7%, interior primero + pieza menos restrictiva 0.660%, reinicios, interior primero 408.1%] (Knuth: ~7.8 h) | máximo colocado 73 de 100 | hilos 8 de 12
    ... 2613.7 s | grupo 1/1 | 2744749573 nodos | revisado 1.7%, faltan ~40.8 h [interior primero 1.7%, interior primero + pieza menos restrictiva 0.660%, reinicios, interior primero 409.1%] (Knuth: ~7.8 h) | máximo colocado 73 de 100 | hilos 8 de 12
    ... 2615.7 s | grupo 1/1 | 2746829426 nodos | revisado 1.7%, faltan ~40.8 h [interior primero 1.7%, interior primero + pieza menos restrictiva 0.660%, reinicios, interior primero 409.1%] (Knuth: ~7.8 h) | máximo colocado 73 de 100 | hilos 8 de 12
    ... 2617.7 s | grupo 1/1 | 2748934171 nodos | revisado 1.7%, faltan ~40.8 h [interior primero 1.7%, interior primero + pieza menos restrictiva 0.660%, reinicios, interior primero 410.2%] (Knuth: ~7.8 h) | máximo colocado 73 de 100 | hilos 8 de 12
    ... 2619.7 s | grupo 1/1 | 2751028449 nodos | revisado 1.8%, faltan ~40.8 h [interior primero 1.8%, interior primero + pieza menos restrictiva 0.660%, reinicios, interior primero 410.2%] (Knuth: ~7.8 h) | máximo colocado 73 de 100 | hilos 8 de 12
    ... 2621.8 s | grupo 1/1 | 2753153153 nodos | revisado 1.8%, faltan ~40.8 h [interior primero 1.8%, interior primero + pieza menos restrictiva 0.660%, reinicios, interior primero 410.2%] (Knuth: ~7.8 h) | máximo colocado 73 de 100 | hilos 8 de 12
    ... 2623.8 s | grupo 1/1 | 2755271484 nodos | revisado 1.8%, faltan ~40.8 h [interior primero 1.8%, interior primero + pieza menos restrictiva 0.660%, reinicios, interior primero 410.2%] (Knuth: ~7.8 h) | máximo colocado 73 de 100 | hilos 8 de 12
    ... 2625.8 s | grupo 1/1 | 2757360574 nodos | revisado 1.8%, faltan ~40.8 h [interior primero 1.8%, interior primero + pieza menos restrictiva 0.661%, reinicios, interior primero 411.3%] (Knuth: ~7.8 h) | máximo colocado 73 de 100 | hilos 8 de 12
    ... 2627.8 s | grupo 1/1 | 2759485394 nodos | revisado 1.8%, faltan ~40.8 h [interior primero 1.8%, interior primero + pieza menos restrictiva 0.661%, reinicios, interior primero 412.3%] (Knuth: ~7.8 h) | máximo colocado 73 de 100 | hilos 8 de 12
    ... 2629.8 s | grupo 1/1 | 2761549472 nodos | revisado 1.8%, faltan ~40.8 h [interior primero 1.8%, interior primero + pieza menos restrictiva 0.661%, reinicios, interior primero 413.8%] (Knuth: ~7.8 h) | máximo colocado 73 de 100 | hilos 8 de 12
    ... 2631.8 s | grupo 1/1 | 2763624200 nodos | revisado 1.8%, faltan ~40.8 h [interior primero 1.8%, interior primero + pieza menos restrictiva 0.661%, reinicios, interior primero 413.8%] (Knuth: ~7.8 h) | máximo colocado 73 de 100 | hilos 8 de 12
    ... 2633.8 s | grupo 1/1 | 2765675881 nodos | revisado 1.8%, faltan ~40.8 h [interior primero 1.8%, interior primero + pieza menos restrictiva 0.662%, reinicios, interior primero 414.9%] (Knuth: ~7.8 h) | máximo colocado 73 de 100 | hilos 8 de 12
    ... 2635.8 s | grupo 1/1 | 2767607681 nodos | revisado 1.8%, faltan ~40.8 h [interior primero 1.8%, interior primero + pieza menos restrictiva 0.662%, reinicios, interior primero 414.9%] (Knuth: ~7.8 h) | máximo colocado 73 de 100 | hilos 8 de 12
    ... 2637.8 s | grupo 1/1 | 2769676768 nodos | revisado 1.8%, faltan ~40.8 h [interior primero 1.8%, interior primero + pieza menos restrictiva 0.662%, reinicios, interior primero 414.9%] (Knuth: ~7.8 h) | máximo colocado 73 de 100 | hilos 8 de 12
    ... 2639.9 s | grupo 1/1 | 2771752674 nodos | revisado 1.8%, faltan ~40.8 h [interior primero 1.8%, interior primero + pieza menos restrictiva 0.662%, reinicios, interior primero 414.9%] (Knuth: ~7.8 h) | máximo colocado 73 de 100 | hilos 8 de 12
    ... 2641.9 s | grupo 1/1 | 2773769404 nodos | revisado 1.8%, faltan ~40.8 h [interior primero 1.8%, interior primero + pieza menos restrictiva 0.662%, reinicios, interior primero 414.9%] (Knuth: ~7.8 h) | máximo colocado 73 de 100 | hilos 8 de 12
    ... 2643.9 s | grupo 1/1 | 2775807632 nodos | revisado 1.8%, faltan ~40.8 h [interior primero 1.8%, interior primero + pieza menos restrictiva 0.662%, reinicios, interior primero 414.9%] (Knuth: ~7.8 h) | máximo colocado 73 de 100 | hilos 8 de 12
    ... 2645.9 s | grupo 1/1 | 2777768255 nodos | revisado 1.8%, faltan ~40.9 h [interior primero 1.8%, interior primero + pieza menos restrictiva 0.662%, reinicios, interior primero 414.9%] (Knuth: ~7.8 h) | máximo colocado 73 de 100 | hilos 8 de 12
    ... 2647.9 s | grupo 1/1 | 2779806964 nodos | revisado 1.8%, faltan ~40.9 h [interior primero 1.8%, interior primero + pieza menos restrictiva 0.663%, reinicios, interior primero 414.9%] (Knuth: ~7.8 h) | máximo colocado 73 de 100 | hilos 8 de 12
    ... 2649.9 s | grupo 1/1 | 2781828151 nodos | revisado 1.8%, faltan ~40.9 h [interior primero 1.8%, interior primero + pieza menos restrictiva 0.663%, reinicios, interior primero 415.0%] (Knuth: ~7.8 h) | máximo colocado 73 de 100 | hilos 8 de 12
    ... 2651.9 s | grupo 1/1 | 2783867843 nodos | revisado 1.8%, faltan ~40.9 h [interior primero 1.8%, interior primero + pieza menos restrictiva 0.663%, reinicios, interior primero 415.0%] (Knuth: ~7.8 h) | máximo colocado 73 de 100 | hilos 8 de 12
    ... 2653.9 s | grupo 1/1 | 2785736308 nodos | revisado 1.8%, faltan ~40.9 h [interior primero 1.8%, interior primero + pieza menos restrictiva 0.663%, reinicios, interior primero 415.0%] (Knuth: ~7.8 h) | máximo colocado 73 de 100 | hilos 8 de 12
    ... 2655.9 s | grupo 1/1 | 2787754176 nodos | revisado 1.8%, faltan ~40.9 h [interior primero 1.8%, interior primero + pieza menos restrictiva 0.664%, reinicios, interior primero 415.0%] (Knuth: ~7.8 h) | máximo colocado 73 de 100 | hilos 8 de 12
    ... 2658.0 s | grupo 1/1 | 2789851102 nodos | revisado 1.8%, faltan ~40.9 h [interior primero 1.8%, interior primero + pieza menos restrictiva 0.664%, reinicios, interior primero 415.0%] (Knuth: ~7.8 h) | máximo colocado 73 de 100 | hilos 8 de 12
    ... 2660.0 s | grupo 1/1 | 2791908195 nodos | revisado 1.8%, faltan ~41.0 h [interior primero 1.8%, interior primero + pieza menos restrictiva 0.664%, reinicios, interior primero 415.5%] (Knuth: ~7.8 h) | máximo colocado 73 de 100 | hilos 8 de 12
    ... 2662.0 s | grupo 1/1 | 2794025231 nodos | revisado 1.8%, faltan ~41.0 h [interior primero 1.8%, interior primero + pieza menos restrictiva 0.664%, reinicios, interior primero 415.6%] (Knuth: ~7.8 h) | máximo colocado 73 de 100 | hilos 8 de 12
    ... 2664.0 s | grupo 1/1 | 2796123008 nodos | revisado 1.8%, faltan ~41.0 h [interior primero 1.8%, interior primero + pieza menos restrictiva 0.664%, reinicios, interior primero 415.6%] (Knuth: ~7.8 h) | máximo colocado 73 de 100 | hilos 8 de 12
    ... 2666.0 s | grupo 1/1 | 2798195293 nodos | revisado 1.8%, faltan ~41.0 h [interior primero 1.8%, interior primero + pieza menos restrictiva 0.665%, reinicios, interior primero 415.6%] (Knuth: ~7.8 h) | máximo colocado 73 de 100 | hilos 8 de 12
    ... 2668.0 s | grupo 1/1 | 2800276118 nodos | revisado 1.8%, faltan ~41.1 h [interior primero 1.8%, interior primero + pieza menos restrictiva 0.665%, reinicios, interior primero 416.7%] (Knuth: ~7.8 h) | máximo colocado 73 de 100 | hilos 8 de 12
    ... 2670.0 s | grupo 1/1 | 2802335056 nodos | revisado 1.8%, faltan ~41.1 h [interior primero 1.8%, interior primero + pieza menos restrictiva 0.665%, reinicios, interior primero 416.7%] (Knuth: ~7.8 h) | máximo colocado 73 de 100 | hilos 8 de 12
    ... 2672.0 s | grupo 1/1 | 2804411732 nodos | revisado 1.8%, faltan ~41.1 h [interior primero 1.8%, interior primero + pieza menos restrictiva 0.665%, reinicios, interior primero 417.7%] (Knuth: ~7.8 h) | máximo colocado 73 de 100 | hilos 8 de 12
    ... 2674.0 s | grupo 1/1 | 2806498447 nodos | revisado 1.8%, faltan ~41.1 h [interior primero 1.8%, interior primero + pieza menos restrictiva 0.665%, reinicios, interior primero 417.7%] (Knuth: ~7.8 h) | máximo colocado 73 de 100 | hilos 8 de 12
    ... 2676.0 s | grupo 1/1 | 2808557812 nodos | revisado 1.8%, faltan ~41.1 h [interior primero 1.8%, interior primero + pieza menos restrictiva 0.666%, reinicios, interior primero 417.7%] (Knuth: ~7.8 h) | máximo colocado 73 de 100 | hilos 8 de 12
    ... 2678.0 s | grupo 1/1 | 2810676650 nodos | revisado 1.8%, faltan ~41.2 h [interior primero 1.8%, interior primero + pieza menos restrictiva 0.666%, reinicios, interior primero 417.7%] (Knuth: ~7.8 h) | máximo colocado 73 de 100 | hilos 8 de 12
    ... 2680.1 s | grupo 1/1 | 2812754017 nodos | revisado 1.8%, faltan ~41.2 h [interior primero 1.8%, interior primero + pieza menos restrictiva 0.666%, reinicios, interior primero 417.8%] (Knuth: ~7.8 h) | máximo colocado 73 de 100 | hilos 8 de 12
    ... 2682.1 s | grupo 1/1 | 2814846999 nodos | revisado 1.8%, faltan ~41.2 h [interior primero 1.8%, interior primero + pieza menos restrictiva 0.666%, reinicios, interior primero 418.2%] (Knuth: ~7.8 h) | máximo colocado 73 de 100 | hilos 8 de 12
    ... 2684.1 s | grupo 1/1 | 2816954278 nodos | revisado 1.8%, faltan ~41.2 h [interior primero 1.8%, interior primero + pieza menos restrictiva 0.666%, reinicios, interior primero 418.2%] (Knuth: ~7.8 h) | máximo colocado 73 de 100 | hilos 8 de 12
    ... 2686.1 s | grupo 1/1 | 2819034727 nodos | revisado 1.8%, faltan ~41.3 h [interior primero 1.8%, interior primero + pieza menos restrictiva 0.666%, reinicios, interior primero 418.3%] (Knuth: ~7.8 h) | máximo colocado 73 de 100 | hilos 8 de 12
    ... 2688.1 s | grupo 1/1 | 2821098632 nodos | revisado 1.8%, faltan ~41.3 h [interior primero 1.8%, interior primero + pieza menos restrictiva 0.666%, reinicios, interior primero 418.3%] (Knuth: ~7.8 h) | máximo colocado 73 de 100 | hilos 8 de 12
    ... 2690.1 s | grupo 1/1 | 2823148104 nodos | revisado 1.8%, faltan ~41.3 h [interior primero 1.8%, interior primero + pieza menos restrictiva 0.667%, reinicios, interior primero 418.4%] (Knuth: ~7.8 h) | máximo colocado 73 de 100 | hilos 8 de 12
    ... 2692.1 s | grupo 1/1 | 2825216536 nodos | revisado 1.8%, faltan ~41.3 h [interior primero 1.8%, interior primero + pieza menos restrictiva 0.667%, reinicios, interior primero 418.4%] (Knuth: ~7.8 h) | máximo colocado 73 de 100 | hilos 8 de 12
    ... 2694.2 s | grupo 1/1 | 2827323331 nodos | revisado 1.8%, faltan ~41.3 h [interior primero 1.8%, interior primero + pieza menos restrictiva 0.667%, reinicios, interior primero 418.4%] (Knuth: ~7.8 h) | máximo colocado 73 de 100 | hilos 8 de 12
    ... 2696.2 s | grupo 1/1 | 2829395885 nodos | revisado 1.8%, faltan ~41.3 h [interior primero 1.8%, interior primero + pieza menos restrictiva 0.668%, reinicios, interior primero 418.4%] (Knuth: ~7.8 h) | máximo colocado 73 de 100 | hilos 8 de 12
    ... 2698.2 s | grupo 1/1 | 2831416608 nodos | revisado 1.8%, faltan ~41.3 h [interior primero 1.8%, interior primero + pieza menos restrictiva 0.668%, reinicios, interior primero 418.5%] (Knuth: ~7.8 h) | máximo colocado 73 de 100 | hilos 8 de 12
    ... 2700.2 s | grupo 1/1 | 2833535930 nodos | revisado 1.8%, faltan ~41.3 h [interior primero 1.8%, interior primero + pieza menos restrictiva 0.668%, reinicios, interior primero 418.5%] (Knuth: ~7.8 h) | máximo colocado 73 de 100 | hilos 8 de 12
