0 0 1 2 0 0.263869
0 0 1 3 0 0.22222
0 0 2 3 0 0.244362
0 0 3 2 0 0.269549
1 0 1 4 1 0.0583648
1 0 1 4 2 0.0213071
1 0 1 5 2 0.0226383
1 0 1 6 3 0.0163327
1 0 1 7 2 0.0202787
1 0 1 10 3 0.0365803
1 0 1 11 2 0.0446287
1 0 1 12 2 0.0238422
1 0 2 4 1 0.0420328
1 0 2 4 3 0.0243731
1 0 2 7 2 0.0222178
1 0 2 9 1 0.0615661
1 0 2 10 2 0.0325815
1 0 2 11 1 0.0816991
1 0 2 11 2 0.0163584
1 0 2 11 3 0.0456595
1 0 2 12 1 0.0497571
1 0 2 12 2 0.0245235
1 0 3 4 1 0.0358003
1 0 3 4 3 0.0240541
1 0 3 5 3 0.0188058
1 0 3 6 1 0.0253732
1 0 3 8 1 0.0444964
1 0 3 8 3 0.0378561
1 0 3 9 3 0.0352306
1 0 3 10 1 0.0494347
1 0 3 12 1 0.0375639
1 0 3 12 2 0.0159861
1 0 3 13 3 0.0306572
10 2 4 1 0 0.0363408
10 2 4 3 0 0.0374319
10 2 7 2 0 0.0549446
10 2 9 1 0 0.0331208
10 2 10 2 0 0.0319964
10 2 11 1 0 0.0979332
10 2 11 2 0 0.0746443
10 2 11 3 0 0.0874087
10 2 12 1 0 0.0302912
10 2 12 2 0 0.049306
10 3 4 1 0 0.0409592
10 3 4 3 0 0.0441411
10 3 5 3 0 0.03448
10 3 6 1 0 0.0453527
10 3 8 1 0 0.0377616
10 3 8 3 0 0.037504
10 3 9 3 0 0.0555037
10 3 10 1 0 0.0303525
10 3 12 1 0 0.044563
10 3 12 2 0 0.0612472
10 3 13 3 0 0.0347171
11 4 4 4 13 0.000861735
11 4 4 8 10 0.00590153
11 4 4 10 11 0.0208724
11 4 4 13 4 0.0108495
11 4 5 11 9 0.00723774
11 4 7 9 8 0.0105027
11 4 7 12 8 0.00687964
11 4 7 12 11 0.0251953
11 4 8 6 13 0.0094544
11 4 8 10 4 0.0306331
11 4 9 11 7 0.00112545
11 4 10 4 12 0.00237171
11 4 10 6 10 0.00321231
11 4 10 10 12 0.0136824
11 4 10 11 4 0.00403186
11 4 10 12 9 0.0099486
11 4 11 10 7 0.00572041
11 4 12 4 10 0.00177218
11 4 12 10 12 0.0114438
11 4 13 4 4 0.00275972
11 4 13 5 10 0.00537387
11 4 13 12 10 0.00548261
11 4 13 13 12 0.0106194
11 5 5 8 9 0.00269251
11 5 5 9 12 0.0124839
11 5 6 6 11 0.00132519
11 5 7 11 10 0.000429804
11 5 8 9 5 0.00101783
11 5 9 6 12 0.000400355
11 5 9 7 6 0.00122806
11 5 9 11 8 0.000432774
11 5 9 12 5 0.000521081
11 5 10 4 13 0.000416581
11 5 11 8 13 0.000372518
11 5 11 9 4 0.00431317
11 5 11 9 12 0.00996919
11 5 12 6 7 0.000186059
11 5 12 8 10 0.00105142
11 5 12 11 13 0.000184924
11 5 12 12 12 0.00162211
11 5 12 13 9 0.00156612
11 5 13 6 13 0.00123049
11 6 5 9 7 0.0154252
11 6 6 10 8 0.00125317
11 6 6 11 5 9.79205e-05
11 6 6 12 11 0.00379239
11 6 6 13 8 0.000899663
11 6 7 5 12 0.00257071
11 6 7 7 10 0.00288613
11 6 7 9 8 0.00201516
11 6 7 12 10 0.00237374
11 6 7 13 13 0.00111264
11 6 10 4 10 0.000573959
11 6 10 12 12 0.00309069
11 6 11 8 9 0.00254804
11 6 12 5 9 0.00210837
11 6 13 4 8 0.000257581
11 6 13 5 13 0.000700512
11 7 4 11 10 0.00031286
11 7 5 12 6 0.00584301
11 7 6 5 9 0.00265798
11 7 7 9 13 0.00251099
11 7 7 10 6 0.00341007
11 7 9 8 4 0.00132355
11 7 9 8 6 0.00106008
11 7 9 12 10 0.00118665
11 7 10 8 10 0.00229704
11 7 11 10 5 0.00191887
11 7 11 12 12 0.00163096
11 7 12 8 4 0.00233008
11 7 12 10 6 0.00281835
11 7 12 10 12 0.00317975
11 7 12 11 4 0.00123957
11 7 12 12 12 0.00302933
11 7 13 9 12 0.00440796
11 7 13 13 6 0.00133936
11 8 4 7 9 0.00391491
11 8 4 7 12 0.00264178
11 8 5 9 11 0.0425139
11 8 6 6 10 0.000357918
11 8 6 6 13 0.000522572
11 8 6 7 9 0.00242154
11 8 6 13 4 0.00308754
11 8 9 5 5 0.000687955
11 8 9 6 11 0.00351064
11 8 9 13 12 0.00322767
11 8 10 4 4 0.000873078
11 8 10 5 12 0.00167562
11 8 10 7 10 0.00216716
11 8 10 8 12 0.00198126
11 8 10 11 12 0.000526029
11 8 11 8 13 0.000432351
11 8 12 8 10 0.00186352
11 8 12 11 11 0.0017227
11 8 13 5 11 0.00514084
11 8 13 8 11 0.00275141
11 8 13 11 9 0.000332124
11 9 4 5 11 0.00896293
11 9 4 10 12 0.00294356
11 9 5 5 8 0.00818334
11 9 5 12 13 0.00281597
11 9 6 11 8 0.000960766
11 9 6 12 5 0.00106257
11 9 7 6 5 0.00173195
11 9 8 4 7 0.000691917
11 9 8 6 7 0.00114677
11 9 8 13 11 0.0183428
11 9 11 7 4 0.00874393
11 9 11 8 5 0.000206182
11 9 12 5 5 0.00282944
11 9 12 5 11 0.0284516
11 9 12 7 13 0.00357125
11 9 12 10 7 0.00326197
11 9 13 7 7 0.00134337
11 9 13 12 8 0.00154633
11 10 4 4 8 0.000661791
11 10 4 10 6 0.001752
11 10 4 12 4 0.00381147
11 10 4 13 5 0.00143441
11 10 4 13 12 0.00372437
11 10 5 7 11 0.0317318
11 10 5 12 8 0.00766848
11 10 6 7 7 0.000711268
11 10 6 7 12 0.00271446
11 10 6 10 4 0.00665622
11 10 7 4 11 0.00227913
11 10 7 9 12 0.00961756
11 10 7 10 8 0.00595889
11 10 8 6 6 0.000581554
11 10 8 10 7 0.00441051
11 10 8 12 8 0.00377569
11 10 10 12 4 0.0064456
11 10 11 4 4 0.00176388
11 10 11 12 8 0.00249506
11 10 12 4 10 0.000577723
11 10 12 4 12 0.000783808
11 10 12 7 12 0.00474118
11 10 12 9 4 0.00689284
11 10 12 12 6 0.00207718
11 10 12 13 12 0.00532966
11 11 4 4 10 0.00114934
11 11 4 7 12 0.00810724
11 11 5 6 6 0.00496246
11 11 6 6 12 0.0042491
11 11 7 4 9 0.00415372
11 11 7 11 11 0.00814358
11 11 8 5 9 0.0118048
11 11 8 9 6 0.00856912
11 11 8 12 11 0.00995887
11 11 8 13 5 0.00724876
11 11 8 13 8 0.0113112
11 11 9 4 5 0.00066955
11 11 9 8 13 0.000857855
11 11 9 12 5 0.00329997
11 11 10 5 7 0.00771077
11 11 10 7 4 0.0404864
11 11 11 7 11 0.0155632
11 11 11 8 12 0.00716108
11 11 11 11 7 0.00112111
11 11 12 8 10 0.0110694
11 11 12 12 7 0.00736519
11 11 13 5 12 0.0066345
11 11 13 12 12 0.00674849
11 12 4 10 4 0.00636873
11 12 4 10 10 0.00275709
11 12 4 12 10 0.00233974
11 12 4 13 13 0.00265027
11 12 5 5 9 0.0158839
11 12 5 9 6 0.0109371
11 12 5 11 9 0.00551582
11 12 5 12 12 0.0101587
11 12 6 7 5 0.00230971
11 12 6 10 12 0.00311279
11 12 7 11 12 0.00099502
11 12 7 12 10 0.00396981
11 12 7 12 12 0.00403716
11 12 7 13 9 0.00633339
11 12 8 4 7 0.000247286
11 12 8 9 13 0.00337098
11 12 8 10 5 0.0039026
11 12 8 10 8 0.0092118
11 12 8 10 11 0.00659289
11 12 9 4 10 0.000332348
11 12 10 4 13 0.000855328
11 12 10 6 7 0.000348467
11 12 10 7 9 0.00708579
11 12 10 12 4 0.0067276
11 12 10 12 7 0.00137432
11 12 10 12 13 0.0021771
11 12 11 4 7 0.000219093
11 12 11 6 6 0.00077437
11 12 11 11 8 0.00125166
11 12 11 13 5 0.00276839
11 12 11 13 12 0.00407748
11 12 12 5 12 0.0037953
11 12 12 6 10 0.00105243
11 12 12 7 11 0.00685008
11 12 12 7 12 0.00452772
11 12 12 11 13 0.000618665
11 12 12 12 5 0.00182463
11 12 12 12 7 0.00151083
11 12 13 9 5 0.000948166
11 12 13 12 10 0.00185825
11 13 4 4 4 0.000393255
11 13 5 10 4 0.00690967
11 13 5 12 11 0.013303
11 13 7 7 9 0.00172169
11 13 9 5 12 0.000583724
11 13 9 12 7 0.000870134
11 13 12 8 9 0.000697429
11 13 12 10 4 0.00153426
11 13 12 10 12 0.000809939
11 13 12 12 11 0.00298158
11 13 13 6 7 0.000154474
11 13 13 12 4 0.000698027
2 0 1 4 1 0.0174016
2 0 1 4 2 0.0326786
2 0 1 5 2 0.0124465
2 0 1 6 3 0.0212058
2 0 1 7 2 0.0326303
2 0 1 10 3 0.0669404
2 0 1 11 2 0.0716814
2 0 1 12 2 0.0533638
2 0 2 4 1 0.0177534
2 0 2 4 3 0.0248844
2 0 2 7 2 0.0278748
2 0 2 9 1 0.0355083
2 0 2 10 2 0.0519892
2 0 2 11 1 0.0540792
2 0 2 11 2 0.030279
2 0 2 11 3 0.113555
2 0 2 12 1 0.0319229
2 0 2 12 2 0.0469201
2 0 3 4 1 0.0150153
2 0 3 4 3 0.0206309
2 0 3 5 3 0.0194104
2 0 3 6 1 0.0114326
2 0 3 8 1 9.81345e-15
2 0 3 8 3 1.75957e-14
2 0 3 9 3 0.0532544
2 0 3 10 1 0.0336463
2 0 3 12 1 0.0272134
2 0 3 12 2 0.0409057
2 0 3 13 3 0.0353764
3 0 1 4 1 0.0315846
3 0 1 4 2 0.0407871
3 0 1 5 2 0.0520495
3 0 1 6 3 0.0298779
3 0 1 7 2 0.0281338
3 0 1 10 3 0.0178464
3 0 1 11 2 0.10577
3 0 1 12 2 0.0429067
3 0 2 4 1 0.0257321
3 0 2 4 3 0.0227418
3 0 2 7 2 0.0280577
3 0 2 9 1 0.0336552
3 0 2 10 2 0.0176901
3 0 2 11 1 0.0767485
3 0 2 11 2 0.0486009
3 0 2 11 3 0.0724727
3 0 2 12 1 0.028406
3 0 2 12 2 0.039133
3 0 3 4 1 0.0240333
3 0 3 4 3 0.0210079
3 0 3 5 3 0.0213379
3 0 3 6 1 0.0230003
3 0 3 8 1 0.0247255
3 0 3 8 3 0.0239199
3 0 3 9 3 0.0236145
3 0 3 10 1 0.0176853
3 0 3 12 1 0.0227777
3 0 3 12 2 0.0316371
3 0 3 13 3 0.0240662
12 4 4 4 13 4.05713e-15
12 4 4 8 10 3.02119e-15
12 4 4 10 11 1.81864e-15
12 4 4 13 4 4.09633e-15
12 4 5 11 9 2.28974e-15
12 4 7 9 8 5.71474e-15
12 4 7 12 8 0.0413509
12 4 7 12 11 0.0239884
12 4 8 6 13 7.946e-15
12 4 8 10 4 4.15506e-15
12 4 9 11 7 4.10148e-15
12 4 10 4 12 2.99397e-15
12 4 10 6 10 4.95225e-15
12 4 10 10 12 3.38474e-15
12 4 10 11 4 4.35414e-15
12 4 10 12 9 0.0213179
12 4 11 10 7 3.9714e-15
12 4 12 4 10 4.22079e-15
12 4 12 10 12 3.9813e-15
12 4 13 4 4 5.52083e-15
12 4 13 5 10 5.92342e-15
12 4 13 12 10 0.041707
12 4 13 13 12 5.0396e-15
12 5 5 8 9 7.89317e-16
12 5 5 9 12 1.93266e-15
12 5 6 6 11 1.34564e-15
12 5 7 11 10 1.14616e-15
12 5 8 9 5 1.96703e-15
12 5 9 6 12 1.5228e-15
12 5 9 7 6 1.30637e-15
12 5 9 11 8 2.20253e-15
12 5 9 12 5 0.0173569
12 5 10 4 13 2.20853e-15
12 5 11 8 13 3.00951e-15
12 5 11 9 4 1.99469e-15
12 5 11 9 12 2.89047e-15
12 5 12 6 7 2.09939e-15
12 5 12 8 10 1.7184e-15
12 5 12 11 13 2.4932e-15
12 5 12 12 12 0.0144999
12 5 12 13 9 7.92196e-16
12 5 13 6 13 3.354e-15
12 6 5 9 7 1.92163e-15
12 6 6 10 8 1.42798e-15
12 6 6 11 5 1.74192e-15
12 6 6 12 11 0.0081539
12 6 6 13 8 1.71716e-15
12 6 7 5 12 1.41006e-15
12 6 7 7 10 1.22218e-15
12 6 7 9 8 1.6116e-15
12 6 7 12 10 0.00808307
12 6 7 13 13 2.47394e-15
12 6 10 4 10 1.24921e-15
12 6 10 8 6 2.31786e-15
12 6 10 12 12 0.0164014
12 6 11 5 6 2.8378e-15
12 6 11 8 9 7.86933e-16
12 6 12 5 9 1.08104e-15
12 6 12 11 6 2.37847e-15
12 6 13 4 8 1.82836e-15
12 6 13 5 13 3.42804e-15
12 6 13 8 6 2.22076e-15
12 7 4 9 11 1.91037e-15
12 7 4 11 10 1.21254e-15
12 7 5 12 6 0.0130451
12 7 6 5 9 7.28266e-16
12 7 7 9 13 2.93404e-15
12 7 7 10 6 8.26661e-16
12 7 9 8 4 2.52389e-15
12 7 9 8 6 1.08668e-15
12 7 9 12 10 0.0210899
12 7 9 13 7 2.52293e-15
12 7 10 6 7 2.43097e-15
12 7 10 8 10 2.59444e-15
12 7 11 10 5 7.6489e-16
12 7 11 11 11 1.60543e-15
12 7 11 12 12 0.00944447
12 7 12 8 4 2.65548e-15
12 7 12 10 6 9.76589e-16
12 7 12 10 12 1.95001e-15
12 7 12 11 4 2.57827e-15
12 7 12 12 12 0.0169255
12 7 13 9 12 2.12659e-15
12 7 13 13 6 1.20761e-15
12 8 4 7 9 5.99303e-16
12 8 4 7 12 8.77305e-16
12 8 5 9 11 9.38106e-16
12 8 6 6 10 1.62925e-15
12 8 6 6 13 2.70747e-15
12 8 6 7 9 9.84636e-16
12 8 6 13 4 2.87762e-15
12 8 9 5 5 2.14116e-15
12 8 9 6 11 7.23816e-16
12 8 9 13 12 1.24171e-15
12 8 10 4 4 1.31051e-15
12 8 10 5 12 1.16932e-15
12 8 10 7 10 1.23513e-15
12 8 10 8 12 1.11477e-15
12 8 10 11 12 7.58744e-16
12 8 11 8 13 2.08873e-15
12 8 12 8 10 1.43313e-15
12 8 12 11 11 7.55808e-16
12 8 13 5 11 1.26582e-15
12 8 13 8 11 8.81358e-16
12 8 13 11 9 6.75473e-16
12 9 4 5 11 8.57203e-16
12 9 4 10 12 1.02404e-15
12 9 5 5 8 2.49771e-15
12 9 5 12 13 0.0294283
12 9 6 11 8 2.57765e-15
12 9 6 12 5 0.0360407
12 9 7 6 5 2.5005e-15
12 9 8 4 7 1.19498e-15
12 9 8 6 7 1.8607e-15
12 9 8 13 11 7.28156e-16
12 9 11 7 4 1.72063e-15
12 9 11 8 5 2.49461e-15
12 9 12 5 5 4.68256e-15
12 9 12 5 11 2.80907e-15
12 9 12 7 13 3.7513e-15
12 9 12 10 7 2.37781e-15
12 9 13 7 7 2.33181e-15
12 9 13 12 8 0.0232937
12 10 4 4 8 1.90822e-15
12 10 4 10 6 1.89604e-15
12 10 4 12 4 0.0136146
12 10 4 13 5 2.78522e-15
12 10 4 13 12 1.5776e-15
12 10 5 7 11 2.0968e-15
12 10 5 12 8 0.0417044
12 10 6 7 7 2.94253e-15
12 10 6 7 12 2.08355e-15
12 10 6 10 4 3.46339e-15
12 10 7 4 11 1.51976e-15
12 10 7 9 12 2.02438e-15
12 10 7 10 8 3.1864e-15
12 10 8 6 6 2.58796e-15
12 10 8 10 7 2.01278e-15
12 10 8 12 8 0.0169272
12 10 10 12 4 0.0361862
12 10 11 4 4 1.93636e-15
12 10 11 12 8 0.0189959
12 10 12 4 10 2.38688e-15
12 10 12 4 12 2.03938e-15
12 10 12 7 12 2.39144e-15
12 10 12 9 4 3.23574e-15
12 10 12 12 6 0.0251477
12 10 12 13 12 2.69154e-15
12 11 4 4 10 3.43956e-15
12 11 4 7 12 3.42935e-15
12 11 5 6 6 1.12295e-14
12 11 6 6 12 9.77517e-15
12 11 7 4 9 2.31484e-15
12 11 7 11 11 5.26309e-15
12 11 8 5 9 1.87672e-15
12 11 8 9 6 3.53563e-15
12 11 8 12 11 0.0310696
12 11 8 13 5 5.90919e-15
12 11 8 13 8 6.398e-15
12 11 9 4 5 6.38801e-15
12 11 9 8 13 9.57793e-15
12 11 9 12 5 0.135309
12 11 10 5 7 7.29061e-15
12 11 10 7 4 7.56501e-15
12 11 11 7 11 3.53734e-15
12 11 11 8 12 3.8118e-15
12 11 11 11 7 3.42423e-15
12 11 12 8 10 6.7337e-15
12 11 12 12 7 0.0570486
12 11 13 5 12 7.22195e-15
12 11 13 12 12 0.0461673
12 12 4 10 4 1.55515e-15
12 12 4 10 10 1.54281e-15
12 12 4 12 10 0.0110308
12 12 4 13 13 2.7809e-15
12 12 5 5 9 1.10874e-15
12 12 5 9 6 1.6039e-15
12 12 5 11 9 1.50116e-15
12 12 5 12 12 0.0228424
12 12 6 7 5 1.92754e-15
12 12 6 10 12 1.92038e-15
12 12 7 11 12 1.10355e-15
12 12 7 12 10 0.0172363
12 12 7 12 12 0.0129919
12 12 7 13 9 8.89954e-16
12 12 8 4 7 1.19008e-15
12 12 8 9 13 2.76338e-15
12 12 8 10 5 1.02976e-15
12 12 8 10 8 2.68354e-15
12 12 8 10 11 1.40661e-15
12 12 9 4 10 1.60562e-15
12 12 10 4 13 2.3161e-15
12 12 10 6 7 2.15325e-15
12 12 10 7 9 7.11969e-16
12 12 10 12 4 0.0263642
12 12 10 12 7 0.0230041
12 12 10 12 13 0.0308991
12 12 11 4 7 1.45462e-15
12 12 11 6 6 1.52673e-15
12 12 11 11 8 2.83626e-15
12 12 11 13 5 1.63577e-15
12 12 11 13 12 1.49661e-15
12 12 12 5 12 2.41862e-15
12 12 12 6 10 3.06525e-15
12 12 12 7 11 2.22633e-15
12 12 12 7 12 1.90592e-15
12 12 12 11 13 2.82461e-15
12 12 12 12 5 0.0155596
12 12 12 12 7 0.0194846
12 12 13 9 5 1.68348e-15
12 12 13 12 10 0.0209127
12 13 4 4 4 6.98676e-16
12 13 4 8 6 1.3264e-15
12 13 5 10 4 1.32231e-15
12 13 5 11 8 9.90098e-16
12 13 5 12 11 0.00641698
12 13 5 13 6 2.29118e-15
12 13 6 7 13 1.4964e-15
12 13 6 13 5 2.30849e-15
12 13 7 7 9 4.78179e-16
12 13 8 6 6 1.54956e-15
12 13 8 11 8 6.67979e-16
12 13 9 5 12 8.02386e-16
12 13 9 12 7 0.00929152
12 13 11 9 8 7.72441e-16
12 13 12 4 13 1.633e-15
12 13 12 8 9 7.00612e-16
12 13 12 10 4 1.21308e-15
12 13 12 10 12 9.63065e-16
12 13 12 12 11 0.00342217
12 13 13 6 7 1.31792e-15
12 13 13 12 4 0.0162458
13 4 4 4 13 0.00850793
13 4 4 8 10 0.0123765
13 4 4 10 11 3.24587e-15
13 4 4 13 4 0.00365717
13 4 5 11 9 0.0127731
13 4 7 9 8 6.60206e-15
13 4 7 12 8 0.00975275
13 4 7 12 11 0.0042939
13 4 8 6 13 0.0178672
13 4 8 10 4 3.24011e-15
13 4 9 11 7 0.00681664
13 4 10 4 12 0.00503095
13 4 10 6 10 0.0128422
13 4 10 10 12 3.92545e-15
13 4 10 11 4 0.00208431
13 4 10 12 9 0.0201045
13 4 11 10 7 3.45757e-15
13 4 12 4 10 0.00783241
13 4 12 10 12 4.58151e-15
13 4 13 4 4 0.00259459
13 4 13 5 10 0.0136423
13 4 13 12 10 0.0146679
13 4 13 13 12 0.0110425
13 5 5 8 9 0.0125101
13 5 5 9 12 1.74075e-15
13 5 6 6 11 0.00127389
13 5 7 11 10 0.00168215
13 5 8 9 5 1.44765e-15
13 5 9 6 12 0.00235724
13 5 9 7 6 0.000832644
13 5 9 11 8 0.00154202
13 5 9 12 5 0.00585297
13 5 10 4 13 0.00417949
13 5 11 8 13 0.0105512
13 5 11 9 4 1.36393e-15
13 5 11 9 12 2.37998e-15
13 5 12 6 7 0.00379948
13 5 12 8 10 0.00465343
13 5 12 11 13 0.00464628
13 5 12 12 12 0.00351963
13 5 12 13 9 0.00806781
13 5 13 6 13 0.00791903
13 6 5 9 7 1.69608e-15
13 6 6 10 8 1.72e-15
13 6 6 11 5 0.00266151
13 6 6 12 11 0.00146638
13 6 6 13 8 0.00224574
13 6 7 5 12 0.00258789
13 6 7 7 10 0.0019834
13 6 7 9 8 1.90677e-15
13 6 7 12 10 0.00428037
13 6 7 13 13 0.00543719
13 6 10 4 10 0.00240116
13 6 10 8 6 0.00309811
13 6 10 12 12 0.00256697
13 6 11 5 6 0.00272136
13 6 11 8 9 0.00481307
13 6 12 5 9 0.00451783
13 6 12 11 6 0.00125299
13 6 13 4 8 0.0014486
13 6 13 5 13 0.00660199
13 6 13 8 6 0.0027937
13 7 4 9 11 1.47356e-15
13 7 4 11 10 0.00186409
13 7 5 12 6 0.00228243
13 7 6 5 9 0.0165169
13 7 7 9 13 2.5587e-15
13 7 7 10 6 1.35863e-15
13 7 9 8 4 0.00179284
13 7 9 8 6 0.00162528
13 7 9 12 10 0.00543226
13 7 9 13 7 0.0041978
13 7 10 6 7 0.00413289
13 7 10 8 10 0.006242
13 7 11 10 5 1.16155e-15
13 7 11 11 11 0.0008179
13 7 11 12 12 0.00138194
13 7 12 8 4 0.00206134
13 7 12 10 6 1.35771e-15
13 7 12 10 12 1.55221e-15
13 7 12 11 4 0.0010262
13 7 12 12 12 0.00542897
13 7 13 9 12 1.63208e-15
13 7 13 13 6 0.00138867
13 8 4 7 9 0.00160361
13 8 4 7 12 0.00101414
13 8 5 9 11 1.88714e-15
13 8 6 6 10 0.00444767
13 8 6 6 13 0.00586019
13 8 6 7 9 0.00230485
13 8 6 13 4 0.00177054
13 8 9 5 5 0.00314822
13 8 9 6 11 0.000712323
13 8 9 13 12 0.00250169
13 8 10 4 4 0.000588558
13 8 10 5 12 0.00208993
13 8 10 7 10 0.00179357
13 8 10 8 12 0.00270751
13 8 10 11 12 0.00101667
13 8 11 8 13 0.00691843
13 8 12 8 10 0.00554104
13 8 12 11 11 0.000565858
13 8 13 5 11 0.0011237
13 8 13 8 11 0.00105424
13 8 13 11 9 0.00188263
13 9 4 5 11 0.000945887
13 9 4 10 12 1.05959e-15
13 9 5 5 8 0.00413304
13 9 5 12 13 0.00969395
13 9 6 11 8 0.00222723
13 9 6 12 5 0.00537093
13 9 7 6 5 0.00323176
13 9 8 4 7 0.00237513
13 9 8 6 7 0.00460542
13 9 8 13 11 0.000717328
13 9 11 7 4 0.000649406
13 9 11 8 5 0.00360273
13 9 12 5 5 0.00469406
13 9 12 5 11 0.00301724
13 9 12 7 13 0.00417654
13 9 12 10 7 1.96564e-15
13 9 13 7 7 0.00350195
13 9 13 12 8 0.00432707
13 10 4 4 8 0.00163118
13 10 4 10 6 1.9921e-15
13 10 4 12 4 0.000807482
13 10 4 13 5 0.00469597
13 10 4 13 12 0.00334757
13 10 5 7 11 0.00070265
13 10 5 12 8 0.00550015
13 10 6 7 7 0.00379386
13 10 6 7 12 0.0023965
13 10 6 10 4 2.47432e-15
13 10 7 4 11 0.000640504
13 10 7 9 12 2.09417e-15
13 10 7 10 8 3.65136e-15
13 10 8 6 6 0.00269558
13 10 8 10 7 1.67637e-15
13 10 8 12 8 0.00235764
13 10 10 12 4 0.00192993
13 10 11 4 4 0.000739422
13 10 11 12 8 0.00306869
13 10 12 4 10 0.00321492
13 10 12 4 12 0.00297925
13 10 12 7 12 0.00275418
13 10 12 9 4 2.41239e-15
13 10 12 12 6 0.00467786
13 10 12 13 12 0.00528837
13 11 4 4 10 0.00634696
13 11 4 7 12 0.00471404
13 11 5 6 6 0.0121907
13 11 6 6 12 0.0191998
13 11 7 4 9 0.0192183
13 11 7 11 11 0.0034487
13 11 8 5 9 0.0234376
13 11 8 9 6 3.74328e-15
13 11 8 12 11 0.00403548
13 11 8 13 5 0.0135993
13 11 8 13 8 0.00827653
13 11 9 4 5 0.00885559
13 11 9 8 13 0.0287882
13 11 9 12 5 0.0402065
13 11 10 5 7 0.0152273
13 11 10 7 4 0.00256946
13 11 11 7 11 0.00207077
13 11 11 8 12 0.0112301
13 11 11 11 7 0.00715767
13 11 12 8 10 0.0205043
13 11 12 12 7 0.0228936
13 11 13 5 12 0.0143904
13 11 13 12 12 0.0152312
13 12 4 10 4 1.42047e-15
13 12 4 10 10 1.52933e-15
13 12 4 12 10 0.00421313
13 12 4 13 13 0.00829975
13 12 5 5 9 0.0203718
13 12 5 9 6 2.45793e-15
13 12 5 11 9 0.0113416
13 12 5 12 12 0.00810085
13 12 6 7 5 0.00251763
13 12 6 10 12 1.92564e-15
13 12 7 11 12 0.00126552
13 12 7 12 10 0.00571867
13 12 7 12 12 0.00513854
13 12 7 13 9 0.0156452
13 12 8 4 7 0.00124031
13 12 8 9 13 2.51233e-15
13 12 8 10 5 1.11128e-15
13 12 8 10 8 2.65469e-15
13 12 8 10 11 1.30125e-15
13 12 9 4 10 0.00190063
13 12 10 4 13 0.00343851
13 12 10 6 7 0.00417721
13 12 10 7 9 0.00566964
13 12 10 12 4 0.00133673
13 12 10 12 7 0.00554438
13 12 10 12 13 0.00952656
13 12 11 4 7 0.00186336
13 12 11 6 6 0.000917374
13 12 11 11 8 0.000840563
13 12 11 13 5 0.00465788
13 12 11 13 12 0.00388119
13 12 12 5 12 0.0058353
13 12 12 6 10 0.00555823
13 12 12 7 11 0.000648632
13 12 12 7 12 0.00238371
13 12 12 11 13 0.00287893
13 12 12 12 5 0.00711463
13 12 12 12 7 0.00780042
13 12 13 9 5 1.68229e-15
13 12 13 12 10 0.00503371
13 13 4 4 4 0.000294264
13 13 4 8 6 0.00270621
13 13 5 10 4 7.59229e-16
13 13 5 11 8 0.000385921
13 13 5 12 11 0.000499295
13 13 5 13 6 0.00294667
13 13 6 7 13 0.00135319
13 13 6 13 5 0.0032276
13 13 7 7 9 0.000538681
13 13 8 6 6 0.00206499
13 13 8 11 8 0.000259606
13 13 9 5 12 0.000705676
13 13 9 12 7 0.0024217
13 13 11 9 8 8.00698e-16
13 13 12 4 13 0.00168196
13 13 12 8 9 0.00173046
13 13 12 10 4 6.269e-16
13 13 12 10 12 7.19916e-16
13 13 12 12 11 0.000405655
13 13 13 6 7 0.00210126
13 13 13 12 4 0.000743097
4 0 1 4 1 0.0328133
4 0 1 4 2 0.0362128
4 0 1 5 2 0.0381257
4 0 1 6 3 0.0278765
4 0 1 7 2 0.0377137
4 0 1 10 3 0.0284243
4 0 1 11 2 0.0750056
4 0 1 12 2 0.0435606
4 0 2 4 1 0.0312265
4 0 2 4 3 0.0270809
4 0 2 7 2 0.0320093
4 0 2 9 1 0.0374533
4 0 2 10 2 0.0266995
4 0 2 11 1 0.0643746
4 0 2 11 2 0.0333137
4 0 2 11 3 0.0552187
4 0 2 12 1 0.0359306
4 0 2 12 2 0.0366522
4 0 3 4 1 0.028854
4 0 3 4 3 0.0228543
4 0 3 5 3 0.0218353
4 0 3 6 1 0.0310186
4 0 3 8 1 0.0288654
4 0 3 8 3 0.024164
4 0 3 9 3 0.026371
4 0 3 10 1 0.0253747
4 0 3 12 1 0.0330453
4 0 3 12 2 0.0339451
4 0 3 13 3 0.0239806
5 0 1 4 1 0.0362832
5 0 1 4 2 0.0430059
5 0 1 5 2 0.033334
5 0 1 6 3 0.0382348
5 0 1 7 2 0.0390177
5 0 1 10 3 0.0354711
5 0 1 11 2 0.0765711
5 0 1 12 2 0.0406276
5 0 2 4 1 0.026266
5 0 2 4 3 0.0277242
5 0 2 7 2 0.0277535
5 0 2 9 1 0.0365048
5 0 2 10 2 0.0298557
5 0 2 11 1 0.0519353
5 0 2 11 2 0.0286692
5 0 2 11 3 0.0535487
5 0 2 12 1 0.0271357
5 0 2 12 2 0.0284333
5 0 3 4 1 0.0309535
5 0 3 4 3 0.0330127
5 0 3 5 3 0.0241142
5 0 3 6 1 0.0294934
5 0 3 8 1 0.0267636
5 0 3 8 3 0.028336
5 0 3 9 3 0.0326909
5 0 3 10 1 0.0243343
5 0 3 12 1 0.0300628
5 0 3 12 2 0.0326911
5 0 3 13 3 0.0271756
14 4 4 4 13 0.00471597
14 4 4 8 10 0.00497906
14 4 4 10 11 0.00330215
14 4 4 13 4 0.00455421
14 4 5 11 9 0.0111204
14 4 7 9 8 0.0112938
14 4 7 12 8 0.00855571
14 4 7 12 11 0.00596462
14 4 8 6 13 0.014155
14 4 8 10 4 0.00319344
14 4 9 11 7 0.00642931
14 4 10 4 12 0.00452444
14 4 10 6 10 0.0133046
14 4 10 10 12 0.00658941
14 4 10 11 4 0.0068662
14 4 10 12 9 0.0156612
14 4 11 10 7 0.00547521
14 4 12 4 10 0.00577949
14 4 12 10 12 0.00676022
14 4 13 4 4 0.00346316
14 4 13 5 10 0.0135559
14 4 13 12 10 0.0109364
14 4 13 13 12 0.00786215
14 5 5 8 9 0.00248062
14 5 5 9 12 0.00234522
14 5 6 6 11 0.00179211
14 5 7 11 10 0.00172312
14 5 8 9 5 0.00321714
14 5 9 6 12 0.00258165
14 5 9 7 6 0.00256647
14 5 9 11 8 0.00367664
14 5 9 12 5 0.00359271
14 5 10 4 13 0.00279169
14 5 11 8 13 0.00313375
14 5 11 9 4 0.00246149
14 5 11 9 12 0.00555892
14 5 12 6 7 0.00283631
14 5 12 8 10 0.00207599
14 5 12 11 13 0.00462757
14 5 12 12 12 0.00307396
14 5 12 13 9 0.00509425
14 5 13 6 13 0.00433136
14 6 5 9 7 0.00213874
14 6 6 10 8 0.00172722
14 6 6 11 5 0.00274956
14 6 6 12 11 0.00222041
14 6 6 13 8 0.00255938
14 6 7 5 12 0.00199866
14 6 7 7 10 0.0023084
14 6 7 9 8 0.00277535
14 6 7 12 10 0.00241072
14 6 7 13 13 0.00385466
14 6 10 4 10 0.00231433
14 6 10 8 6 0.00329318
14 6 10 12 12 0.00350653
14 6 11 5 6 0.00475526
14 6 11 8 9 0.00223487
14 6 12 5 9 0.00466817
14 6 12 11 6 0.00402654
14 6 13 4 8 0.00188595
14 6 13 5 13 0.00521391
14 6 13 8 6 0.00225328
14 7 4 9 11 0.00246518
14 7 4 11 10 0.00223608
14 7 5 12 6 0.00295484
14 7 6 5 9 0.00688483
14 7 7 9 13 0.00654789
14 7 7 10 6 0.00211126
14 7 9 8 4 0.00181003
14 7 9 8 6 0.00237429
14 7 9 12 10 0.00397231
14 7 9 13 7 0.00313744
14 7 10 6 7 0.00394422
14 7 10 8 10 0.00410889
14 7 11 10 5 0.00233455
14 7 11 11 11 0.001625
14 7 11 12 12 0.00222914
14 7 12 8 4 0.00172562
14 7 12 10 6 0.00270636
14 7 12 10 12 0.00303355
14 7 12 11 4 0.00288475
14 7 12 12 12 0.00379704
14 7 13 9 12 0.00382491
14 7 13 13 6 0.00301484
14 8 4 7 9 0.00229072
14 8 4 7 12 0.00143369
14 8 5 9 11 0.00180458
14 8 6 6 10 0.00333877
14 8 6 6 13 0.00436317
14 8 6 7 9 0.00344994
14 8 6 13 4 0.00259095
14 8 9 5 5 0.0030463
14 8 9 6 11 0.00206781
14 8 9 13 12 0.0021074
14 8 10 4 4 0.00117374
14 8 10 5 12 0.00255556
14 8 10 7 10 0.0043032
14 8 10 8 12 0.00203474
14 8 10 11 12 0.00189936
14 8 11 8 13 0.00268224
14 8 12 8 10 0.00226265
14 8 12 11 11 0.00217933
14 8 13 5 11 0.00281036
14 8 13 8 11 0.0016619
14 8 13 11 9 0.00297303
14 9 4 5 11 0.00236005
14 9 4 10 12 0.00177933
14 9 5 5 8 0.00330807
14 9 5 12 13 0.00356671
14 9 6 11 8 0.00429467
14 9 6 12 5 0.00457381
14 9 7 6 5 0.00414444
14 9 8 4 7 0.000758132
14 9 8 6 7 0.00227062
14 9 8 13 11 0.00146287
14 9 11 7 4 0.00169224
14 9 11 8 5 0.00199304
14 9 12 5 5 0.00621481
14 9 12 5 11 0.00715639
14 9 12 7 13 0.00645983
14 9 12 10 7 0.00318149
14 9 13 7 7 0.00357081
14 9 13 12 8 0.00503696
14 10 4 4 8 0.00197334
14 10 4 10 6 0.00307142
14 10 4 12 4 0.00227105
14 10 4 13 5 0.00404632
14 10 4 13 12 0.00264949
14 10 5 7 11 0.00244089
14 10 5 12 8 0.00453507
14 10 6 7 7 0.00309054
14 10 6 7 12 0.00264671
14 10 6 10 4 0.00252379
14 10 7 4 11 0.00143598
14 10 7 9 12 0.00406423
14 10 7 10 8 0.00423353
14 10 8 6 6 0.00370302
14 10 8 10 7 0.00187723
14 10 8 12 8 0.00317977
14 10 10 12 4 0.00453071
14 10 11 4 4 0.00126736
14 10 11 12 8 0.00404716
14 10 12 4 10 0.00301532
14 10 12 4 12 0.00207794
14 10 12 7 12 0.00375918
14 10 12 9 4 0.00406922
14 10 12 12 6 0.00551817
14 10 12 13 12 0.00447093
14 11 4 4 10 0.00435475
14 11 4 7 12 0.00618045
14 11 5 6 6 0.0160778
14 11 6 6 12 0.0132735
14 11 7 4 9 0.00972802
14 11 7 11 11 0.0107244
14 11 8 5 9 0.0120709
14 11 8 9 6 0.00714701
14 11 8 12 11 0.00424934
14 11 8 13 5 0.00945341
14 11 8 13 8 0.00894049
14 11 9 4 5 0.00690661
14 11 9 8 13 0.0116933
14 11 9 12 5 0.0273397
14 11 10 5 7 0.0137073
14 11 10 7 4 0.0110037
14 11 11 7 11 0.00404296
14 11 11 8 12 0.0041734
14 11 11 11 7 0.00454914
14 11 12 8 10 0.00839037
14 11 12 12 7 0.0102031
14 11 13 5 12 0.0132459
14 11 13 12 12 0.010457
14 12 4 10 4 0.00174348
14 12 4 10 10 0.00303506
14 12 4 12 10 0.00373451
14 12 4 13 13 0.00557456
14 12 5 5 9 0.00789789
14 12 5 9 6 0.00353705
14 12 5 11 9 0.0120693
14 12 5 12 12 0.0034176
14 12 6 7 5 0.00377712
14 12 6 10 12 0.00294681
14 12 7 11 12 0.00270103
14 12 7 12 10 0.00449877
14 12 7 12 12 0.00356315
14 12 7 13 9 0.00944234
14 12 8 4 7 0.000838144
14 12 8 9 13 0.00603897
14 12 8 10 5 0.00208341
14 12 8 10 8 0.00323925
14 12 8 10 11 0.00124968
14 12 9 4 10 0.00192826
14 12 10 4 13 0.00381202
14 12 10 6 7 0.00409194
14 12 10 7 9 0.00991916
14 12 10 12 4 0.00396853
14 12 10 12 7 0.00474289
14 12 10 12 13 0.00833335
14 12 11 4 7 0.00131011
14 12 11 6 6 0.00469029
14 12 11 11 8 0.00566195
14 12 11 13 5 0.00498743
14 12 11 13 12 0.00334869
14 12 12 5 12 0.00505338
14 12 12 6 10 0.00671423
14 12 12 7 11 0.00259241
14 12 12 7 12 0.00357556
14 12 12 11 13 0.00648251
14 12 12 12 5 0.00609844
14 12 12 12 7 0.00426904
14 12 13 9 5 0.0051478
14 12 13 12 10 0.00501753
14 13 4 4 4 0.00033896
14 13 4 8 6 0.00111919
14 13 5 10 4 0.000583555
14 13 5 11 8 0.000918873
14 13 5 12 11 0.00103741
14 13 5 13 6 0.00191942
14 13 6 7 13 0.00172864
14 13 6 13 5 0.00172583
14 13 7 7 9 0.000685481
14 13 8 6 6 0.00179462
14 13 8 11 8 0.000663962
14 13 9 5 12 0.000967238
14 13 9 12 7 0.00119005
14 13 11 9 8 0.00102449
14 13 12 4 13 0.00138136
14 13 12 8 9 0.00101907
14 13 12 10 4 0.000966352
14 13 12 10 12 0.00108391
14 13 12 12 11 0.00123725
14 13 13 6 7 0.00125162
14 13 13 12 4 0.00134333
15 4 4 4 13 0.00878272
15 4 4 8 10 0.0104365
15 4 4 10 11 0.0045473
15 4 4 13 4 0.00585357
15 4 5 11 9 0.00720368
15 4 7 9 8 0.01474
15 4 7 12 8 0.0150527
15 4 7 12 11 0.00891481
15 4 8 6 13 0.00668781
15 4 8 10 4 0.00167991
15 4 9 11 7 0.00640357
15 4 10 4 12 0.00914868
15 4 10 6 10 0.0152186
15 4 10 10 12 0.00818843
15 4 10 11 4 0.00936277
15 4 10 12 9 0.012352
15 4 11 10 7 0.00441712
15 4 12 4 10 0.00901182
15 4 12 10 12 0.00606572
15 4 13 4 4 0.00498599
15 4 13 5 10 0.0125036
15 4 13 12 10 0.00763905
15 4 13 13 12 0.00804913
15 5 5 8 9 0.00251471
15 5 5 9 12 0.00168295
15 5 6 6 11 0.000820038
15 5 7 11 10 0.00252281
15 5 8 9 5 0.00180336
15 5 9 6 12 0.00186206
15 5 9 7 6 0.00174748
15 5 9 11 8 0.00362457
15 5 9 12 5 0.00275158
15 5 10 4 13 0.00544136
15 5 11 8 13 0.00404184
15 5 11 9 4 0.00100536
15 5 11 9 12 0.00234108
15 5 12 6 7 0.00458404
15 5 12 8 10 0.00397856
15 5 12 11 13 0.00536924
15 5 12 12 12 0.00297093
15 5 12 13 9 0.00286382
15 5 13 6 13 0.00552251
15 6 5 9 7 0.00262231
15 6 6 10 8 0.000681016
15 6 6 11 5 0.00116072
15 6 6 12 11 0.000564093
15 6 6 13 8 0.000869177
15 6 7 5 12 0.00375715
15 6 7 7 10 0.00295482
15 6 7 9 8 0.00339322
15 6 7 12 10 0.00284942
15 6 7 13 13 0.00466398
15 6 10 4 10 0.00504268
15 6 10 8 6 0.00719222
15 6 10 12 12 0.0046785
15 6 11 5 6 0.0034149
15 6 11 8 9 0.00222883
15 6 12 5 9 0.00452722
15 6 12 11 6 0.00550748
15 6 13 4 8 0.00238584
15 6 13 5 13 0.00590912
15 6 13 8 6 0.00332548
15 7 4 9 11 0.00201885
15 7 4 11 10 0.00290197
15 7 5 12 6 0.00228876
15 7 6 5 9 0.00286594
15 7 7 9 13 0.0074189
15 7 7 10 6 0.00322821
15 7 9 8 4 0.00205544
15 7 9 8 6 0.0022208
15 7 9 12 10 0.00202793
15 7 9 13 7 0.00243552
15 7 10 6 7 0.0073448
15 7 10 8 10 0.0069402
15 7 11 10 5 0.00147352
15 7 11 11 11 0.000998043
15 7 11 12 12 0.000904643
15 7 12 8 4 0.00373599
15 7 12 10 6 0.00233437
15 7 12 10 12 0.00226467
15 7 12 11 4 0.00324081
15 7 12 12 12 0.00336341
15 7 13 9 12 0.00197489
15 7 13 13 6 0.00273355
15 8 4 7 9 0.00197102
15 8 4 7 12 0.00193146
15 8 5 9 11 0.00165473
15 8 6 6 10 0.000755992
15 8 6 6 13 0.00110487
15 8 6 7 9 0.000472574
15 8 6 13 4 0.000599809
15 8 9 5 5 0.00277079
15 8 9 6 11 0.00153713
15 8 9 13 12 0.00154162
15 8 10 4 4 0.00255082
15 8 10 5 12 0.00539734
15 8 10 7 10 0.00452989
15 8 10 8 12 0.00476509
15 8 10 11 12 0.00362222
15 8 11 8 13 0.00425709
15 8 12 8 10 0.00411522
15 8 12 11 11 0.0026076
15 8 13 5 11 0.003993
15 8 13 8 11 0.00253769
15 8 13 11 9 0.00238361
15 9 4 5 11 0.00310531
15 9 4 10 12 0.00158078
15 9 5 5 8 0.00455981
15 9 5 12 13 0.00407396
15 9 6 11 8 0.00320075
15 9 6 12 5 0.00223156
15 9 7 6 5 0.00820475
15 9 8 4 7 0.000706976
15 9 8 6 7 0.00145865
15 9 8 13 11 0.000705989
15 9 11 7 4 0.00157974
15 9 11 8 5 0.0036142
15 9 12 5 5 0.00800005
15 9 12 5 11 0.00874155
15 9 12 7 13 0.00582673
15 9 12 10 7 0.00364808
15 9 13 7 7 0.00352362
15 9 13 12 8 0.00443318
15 10 4 4 8 0.00380416
15 10 4 10 6 0.00362551
15 10 4 12 4 0.00293005
15 10 4 13 5 0.00660123
15 10 4 13 12 0.00333046
15 10 5 7 11 0.00229613
15 10 5 12 8 0.00519072
15 10 6 7 7 0.00169259
15 10 6 7 12 0.00112907
15 10 6 10 4 0.00108433
15 10 7 4 11 0.00402636
15 10 7 9 12 0.00372214
15 10 7 10 8 0.00879909
15 10 8 6 6 0.00207796
15 10 8 10 7 0.00134866
15 10 8 12 8 0.00192117
15 10 10 12 4 0.00533333
15 10 11 4 4 0.00138029
15 10 11 12 8 0.00328683
15 10 12 4 10 0.00480495
15 10 12 4 12 0.00372438
15 10 12 7 12 0.00391246
15 10 12 9 4 0.00260535
15 10 12 12 6 0.00658817
15 10 12 13 12 0.00444577
15 11 4 4 10 0.00766454
15 11 4 7 12 0.00674897
15 11 5 6 6 0.0133759
15 11 6 6 12 0.0098247
15 11 7 4 9 0.0168802
15 11 7 11 11 0.0153557
15 11 8 5 9 0.00387042
15 11 8 9 6 0.00165706
15 11 8 12 11 0.00157522
15 11 8 13 5 0.00443416
15 11 8 13 8 0.00432314
15 11 9 4 5 0.00559395
15 11 9 8 13 0.0102007
15 11 9 12 5 0.016609
15 11 10 5 7 0.0198684
15 11 10 7 4 0.00956993
15 11 11 7 11 0.00340698
15 11 11 8 12 0.0052123
15 11 11 11 7 0.00646002
15 11 12 8 10 0.0149836
15 11 12 12 7 0.0133144
15 11 13 5 12 0.0124476
15 11 13 12 12 0.00734744
15 12 4 10 4 0.00198041
15 12 4 10 10 0.00204707
15 12 4 12 10 0.00362921
15 12 4 13 13 0.00584837
15 12 5 5 9 0.00645124
15 12 5 9 6 0.00229311
15 12 5 11 9 0.00612845
15 12 5 12 12 0.00271716
15 12 6 7 5 0.00211825
15 12 6 10 12 0.00100641
15 12 7 11 12 0.0035589
15 12 7 12 10 0.00554576
15 12 7 12 12 0.00420816
15 12 7 13 9 0.00663574
15 12 8 4 7 0.000853071
15 12 8 9 13 0.0018876
15 12 8 10 5 0.00109566
15 12 8 10 8 0.00205259
15 12 8 10 11 0.000629224
15 12 9 4 10 0.00151387
15 12 10 4 13 0.00468825
15 12 10 6 7 0.00736815
15 12 10 7 9 0.00576833
15 12 10 12 4 0.00456149
15 12 10 12 7 0.00622652
15 12 10 12 13 0.00769855
15 12 11 4 7 0.00184574
15 12 11 6 6 0.00206879
15 12 11 11 8 0.00553189
15 12 11 13 5 0.00377509
15 12 11 13 12 0.00176756
15 12 12 5 12 0.0059341
15 12 12 6 10 0.00586496
15 12 12 7 11 0.00302637
15 12 12 7 12 0.00338527
15 12 12 11 13 0.00672508
15 12 12 12 5 0.00724335
15 12 12 12 7 0.00569716
15 12 13 9 5 0.00407577
15 12 13 12 10 0.00349779
15 13 4 4 4 0.000989716
15 13 4 8 6 0.00307457
15 13 5 10 4 0.000828678
15 13 5 11 8 0.00188789
15 13 5 12 11 0.00100585
15 13 5 13 6 0.00241845
15 13 6 7 13 0.000442586
15 13 6 13 5 0.000596989
15 13 7 7 9 0.000857892
15 13 8 6 6 0.00108501
15 13 8 11 8 0.000833981
15 13 9 5 12 0.000961792
15 13 9 12 7 0.00083151
15 13 11 9 8 0.00101466
15 13 12 4 13 0.00226687
15 13 12 8 9 0.00141185
15 13 12 10 4 0.000983725
15 13 12 10 12 0.0010467
15 13 12 12 11 0.00121077
15 13 13 6 7 0.00211465
15 13 13 12 4 0.0013115
6 0 1 4 1 0.0304014
6 0 1 4 2 0.0348264
6 0 1 5 2 0.0377637
6 0 1 6 3 0.0216169
6 0 1 7 2 0.0276524
6 0 1 10 3 0.0237433
6 0 1 11 2 0.0535852
6 0 1 12 2 0.0377809
6 0 2 4 1 0.0419751
6 0 2 4 3 0.048515
6 0 2 7 2 0.0263995
6 0 2 9 1 0.019134
6 0 2 10 2 0.0205709
6 0 2 11 1 0.0428177
6 0 2 11 2 0.0244087
6 0 2 11 3 0.0451842
6 0 2 12 1 0.0343169
6 0 2 12 2 0.0375182
6 0 3 4 1 0.0352568
6 0 3 4 3 0.0338347
6 0 3 5 3 0.043484
6 0 3 6 1 0.030675
6 0 3 8 1 0.0489483
6 0 3 8 3 0.0500708
6 0 3 9 3 0.0244515
6 0 3 10 1 0.0234731
6 0 3 12 1 0.0355469
6 0 3 12 2 0.0373209
6 0 3 13 3 0.0287277
7 0 1 4 1 0.0185081
7 0 1 4 2 0.021413
7 0 1 5 2 0.0661579
7 0 1 6 3 0.0846034
7 0 1 7 2 0.0941465
7 0 1 10 3 4.57817e-14
7 0 1 11 2 0.0983316
7 0 1 12 2 4.31347e-14
7 0 2 4 1 0.00811475
7 0 2 4 3 0.00898341
7 0 2 7 2 0.0329792
7 0 2 9 1 0.0152897
7 0 2 10 2 2.13334e-14
7 0 2 11 1 0.0548575
7 0 2 11 2 0.0278118
7 0 2 11 3 0.0574208
7 0 2 12 1 1.96704e-14
7 0 2 12 2 2.12512e-14
7 0 3 4 1 0.025939
7 0 3 4 3 0.0225292
7 0 3 5 3 0.0441528
7 0 3 6 1 0.0691315
7 0 3 8 1 0.0755296
7 0 3 8 3 0.081309
7 0 3 9 3 0.0128293
7 0 3 10 1 3.22881e-14
7 0 3 12 1 3.1739e-14
7 0 3 12 2 3.46421e-14
7 0 3 13 3 0.0799619
16 4 4 4 13 0.00529952
16 4 4 8 10 6.06642e-15
16 4 4 10 11 0.00284067
16 4 4 13 4 0.00166559
16 4 5 11 9 0.00311144
16 4 7 9 8 1.01531e-14
16 4 7 12 8 6.6676e-15
16 4 7 12 11 4.905e-15
16 4 8 6 13 1.31699e-14
16 4 8 10 4 4.99467e-15
16 4 9 11 7 0.00595135
16 4 10 4 12 0.018765
16 4 10 6 10 0.0810162
16 4 10 10 12 0.0205735
16 4 10 11 4 0.0100265
16 4 10 12 9 0.0245706
16 4 11 10 7 0.00538637
16 4 12 4 10 0.0066567
16 4 12 10 12 0.00601026
16 4 13 4 4 0.00950813
16 4 13 5 10 0.00555629
16 4 13 12 10 0.011221
16 4 13 13 12 0.00665015
16 5 5 8 9 2.73573e-15
16 5 5 9 12 0.00135263
16 5 6 6 11 0.0262159
16 5 7 11 10 1.77395e-15
16 5 8 9 5 3.29133e-15
16 5 9 6 12 0.00714888
16 5 9 7 6 0.00315202
16 5 9 11 8 0.0020273
16 5 9 12 5 0.0034956
16 5 10 4 13 0.00946465
16 5 11 8 13 4.54856e-15
16 5 11 9 4 0.00131774
16 5 11 9 12 0.00293091
16 5 12 6 7 0.00648794
16 5 12 8 10 2.73564e-15
16 5 12 11 13 0.00209503
16 5 12 12 12 0.00226281
16 5 12 13 9 0.00148591
16 5 13 6 13 0.0118105
16 6 5 9 7 0.00134465
16 6 6 10 8 0.00676702
16 6 6 11 5 0.00605309
16 6 6 12 11 0.00825172
16 6 6 13 8 0.00314836
16 6 7 5 12 2.39465e-15
16 6 7 7 10 2.38638e-15
16 6 7 9 8 3.08576e-15
16 6 7 12 10 1.6545e-15
16 6 7 13 13 3.61755e-15
16 6 10 4 10 0.00814049
16 6 10 8 6 3.9799e-15
16 6 10 12 12 0.00677834
16 6 11 5 6 0.00155398
16 6 11 8 9 3.27437e-15
16 6 12 5 9 0.00110295
16 6 12 11 6 0.00209277
16 6 13 4 8 0.00488966
16 6 13 5 13 0.0021689
16 6 13 8 6 3.63922e-15
16 7 4 9 11 0.00113476
16 7 4 11 10 0.000910392
16 7 5 12 6 0.000997897
16 7 6 5 9 0.00285153
16 7 7 9 13 4.09547e-15
16 7 7 10 6 2.06123e-15
16 7 9 8 4 2.81625e-15
16 7 9 8 6 3.06585e-15
16 7 9 12 10 0.00200244
16 7 9 13 7 0.0011774
16 7 10 6 7 0.028569
16 7 10 8 10 4.24318e-15
16 7 11 10 5 0.00166404
16 7 11 11 11 0.00106247
16 7 11 12 12 0.00103651
16 7 12 8 4 2.95934e-15
16 7 12 10 6 0.00191837
16 7 12 10 12 0.00217126
16 7 12 11 4 0.00129357
16 7 12 12 12 0.00224166
16 7 13 9 12 0.00286611
16 7 13 13 6 0.00215449
16 8 4 7 9 2.47766e-15
16 8 4 7 12 1.83453e-15
16 8 5 9 11 2.35902e-15
16 8 6 6 10 0.0230687
16 8 6 6 13 0.0271839
16 8 6 7 9 0.0115025
16 8 6 13 4 0.00325688
16 8 9 5 5 0.00205952
16 8 9 6 11 0.012848
16 8 9 13 12 0.00164278
16 8 10 4 4 0.0030583
16 8 10 5 12 0.0018083
16 8 10 7 10 0.00772458
16 8 10 8 12 2.24727e-15
16 8 10 11 12 0.002252
16 8 11 8 13 3.87223e-15
16 8 12 8 10 3.01327e-15
16 8 12 11 11 0.000289925
16 8 13 5 11 0.000845425
16 8 13 8 11 2.97221e-15
16 8 13 11 9 0.00147817
16 9 4 5 11 0.000846026
16 9 4 10 12 0.00165007
16 9 5 5 8 4.27757e-15
16 9 5 12 13 2.85151e-15
16 9 6 11 8 0.00507005
16 9 6 12 5 0.00906461
16 9 7 6 5 3.05888e-15
16 9 8 4 7 1.85748e-15
16 9 8 6 7 2.8628e-15
16 9 8 13 11 2.18984e-15
16 9 11 7 4 0.00134426
16 9 11 8 5 3.2443e-15
16 9 12 5 5 0.00146258
16 9 12 5 11 0.00201933
16 9 12 7 13 0.00445651
16 9 12 10 7 0.00276708
16 9 13 7 7 0.00676285
16 9 13 12 8 0.00814212
16 10 4 4 8 0.0038168
16 10 4 10 6 0.00160203
16 10 4 12 4 0.00142208
16 10 4 13 5 0.00136848
16 10 4 13 12 0.000788261
16 10 5 7 11 0.00163909
16 10 5 12 8 0.0021907
16 10 6 7 7 0.00980087
16 10 6 7 12 0.00723041
16 10 6 10 4 0.00737247
16 10 7 4 11 2.79783e-15
16 10 7 9 12 3.2125e-15
16 10 7 10 8 5.51659e-15
16 10 8 6 6 4.41741e-15
16 10 8 10 7 3.32753e-15
16 10 8 12 8 3.1803e-15
16 10 10 12 4 0.00975735
16 10 11 4 4 0.00170696
16 10 11 12 8 0.00244861
16 10 12 4 10 0.00346019
16 10 12 4 12 0.00286611
16 10 12 7 12 0.00310881
16 10 12 9 4 0.00166258
16 10 12 12 6 0.00388141
16 10 12 13 12 0.00166409
16 11 4 4 10 0.0094721
16 11 4 7 12 0.00881294
16 11 5 6 6 0.00705443
16 11 6 6 12 0.0441023
16 11 7 4 9 1.02698e-14
16 11 7 11 11 8.55684e-15
16 11 8 5 9 1.05447e-14
16 11 8 9 6 7.04852e-15
16 11 8 12 11 4.65338e-15
16 11 8 13 5 1.15046e-14
16 11 8 13 8 1.1167e-14
16 11 9 4 5 0.00797822
16 11 9 8 13 1.50418e-14
16 11 9 12 5 0.0164539
16 11 10 5 7 0.013271
16 11 10 7 4 0.0275229
16 11 11 7 11 0.00327874
16 11 11 8 12 6.55528e-15
16 11 11 11 7 0.0017115
16 11 12 8 10 1.16913e-14
16 11 12 12 7 0.00636518
16 11 13 5 12 0.00657327
16 11 13 12 12 0.0133994
16 12 4 10 4 0.00152631
16 12 4 10 10 0.00208673
16 12 4 12 10 0.00202999
16 12 4 13 13 0.00173424
16 12 5 5 9 0.00113608
16 12 5 9 6 0.00099866
16 12 5 11 9 0.00280528
16 12 5 12 12 0.00152867
16 12 6 7 5 0.00941026
16 12 6 10 12 0.00700526
16 12 7 11 12 2.1085e-15
16 12 7 12 10 2.68859e-15
16 12 7 12 12 2.2589e-15
16 12 7 13 9 6.14119e-15
16 12 8 4 7 2.29736e-15
16 12 8 9 13 4.87202e-15
16 12 8 10 5 2.93753e-15
16 12 8 10 8 5.16585e-15
16 12 8 10 11 2.39967e-15
16 12 9 4 10 0.00405255
16 12 10 4 13 0.0139242
16 12 10 6 7 0.0326442
16 12 10 7 9 0.0166448
16 12 10 12 4 0.00917364
16 12 10 12 7 0.0119285
16 12 10 12 13 0.0148303
16 12 11 4 7 0.00195596
16 12 11 6 6 0.00667008
16 12 11 11 8 0.00242321
16 12 11 13 5 0.00145194
16 12 11 13 12 0.000925294
16 12 12 5 12 0.00121459
16 12 12 6 10 0.00992884
16 12 12 7 11 0.00267406
16 12 12 7 12 0.00273793
16 12 12 11 13 0.0023041
16 12 12 12 5 0.00382607
16 12 12 12 7 0.0032401
16 12 13 9 5 0.00414067
16 12 13 12 10 0.00553132
16 13 4 4 4 5.87145e-16
16 13 4 8 6 1.90046e-15
16 13 5 10 4 0.0009342
16 13 5 11 8 0.000855696
16 13 5 12 11 0.00102425
16 13 5 13 6 0.00114536
16 13 6 7 13 0.00521165
16 13 6 13 5 0.00276551
16 13 7 7 9 1.05753e-15
16 13 8 6 6 2.39181e-15
16 13 8 11 8 1.26004e-15
16 13 9 5 12 0.00057948
16 13 9 12 7 0.00150717
16 13 11 9 8 0.000907811
16 13 12 4 13 0.00221139
16 13 12 8 9 1.66141e-15
16 13 12 10 4 0.000954394
16 13 12 10 12 0.00125485
16 13 12 12 11 0.00105621
16 13 13 6 7 0.00641991
16 13 13 12 4 0.0018998
17 4 4 4 13 9.50973e-15
17 4 4 8 10 0.105488
17 4 4 10 11 6.50905e-15
17 4 4 13 4 7.1602e-15
17 4 5 11 9 8.51062e-15
17 4 7 9 8 1.3834e-14
17 4 7 12 8 9.05019e-15
17 4 7 12 11 6.26636e-15
17 4 8 6 13 1.34677e-14
17 4 8 10 4 5.47677e-15
17 4 9 11 7 5.02201e-15
17 4 10 4 12 6.34081e-15
17 4 10 6 10 9.76004e-15
17 4 10 10 12 7.27666e-15
17 4 10 11 4 5.73802e-15
17 4 10 12 9 6.22992e-15
17 4 11 10 7 5.98728e-15
17 4 12 4 10 8.13183e-15
17 4 12 10 12 7.93738e-15
17 4 13 4 4 8.63457e-15
17 4 13 5 10 1.4416e-14
17 4 13 12 10 8.22022e-15
17 4 13 13 12 1.3543e-14
17 5 5 8 9 0.0316188
17 5 5 9 12 3.21295e-15
17 5 6 6 11 3.40258e-15
17 5 7 11 10 2.36948e-15
17 5 8 9 5 3.67105e-15
17 5 9 6 12 2.16596e-15
17 5 9 7 6 2.21338e-15
17 5 9 11 8 3.33562e-15
17 5 9 12 5 2.27064e-15
17 5 10 4 13 3.83448e-15
17 5 11 8 13 0.0296616
17 5 11 9 4 1.84893e-15
17 5 11 9 12 3.3389e-15
17 5 12 6 7 4.36256e-15
17 5 12 8 10 0.0490303
17 5 12 11 13 4.46232e-15
17 5 12 12 12 2.67916e-15
17 5 12 13 9 3.89274e-15
17 5 13 6 13 8.51598e-15
17 6 5 9 7 3.38663e-15
17 6 6 10 8 3.05428e-15
17 6 6 11 5 3.44032e-15
17 6 6 12 11 2.18074e-15
17 6 6 13 8 3.59204e-15
17 6 7 5 12 3.5256e-15
17 6 7 7 10 3.51969e-15
17 6 7 9 8 4.46157e-15
17 6 7 12 10 2.34906e-15
17 6 7 13 13 5.28229e-15
17 6 10 4 10 3.09797e-15
17 6 10 8 6 0.058036
17 6 10 12 12 2.41314e-15
17 6 11 5 6 3.19418e-15
17 6 11 8 9 0.0182022
17 6 12 5 9 4.22738e-15
17 6 12 11 6 5.00766e-15
17 6 13 4 8 6.24598e-15
17 6 13 5 13 8.31059e-15
17 6 13 8 6 0.0774967
17 7 4 9 11 2.69733e-15
17 7 4 11 10 1.82704e-15
17 7 5 12 6 2.39677e-15
17 7 6 5 9 3.88574e-15
17 7 7 9 13 4.7757e-15
17 7 7 10 6 2.66138e-15
17 7 9 8 4 0.0178211
17 7 9 8 6 0.0320941
17 7 9 12 10 1.30026e-15
17 7 9 13 7 2.34631e-15
17 7 10 6 7 3.97098e-15
17 7 10 8 10 0.0460247
17 7 11 10 5 2.5313e-15
17 7 11 11 11 1.56297e-15
17 7 11 12 12 1.06041e-15
17 7 12 8 4 0.0311859
17 7 12 10 6 2.36789e-15
17 7 12 10 12 2.64642e-15
17 7 12 11 4 2.72416e-15
17 7 12 12 12 2.16338e-15
17 7 13 9 12 3.48511e-15
17 7 13 13 6 3.70857e-15
17 8 4 7 9 2.8597e-15
17 8 4 7 12 2.82159e-15
17 8 5 9 11 2.75906e-15
17 8 6 6 10 2.71083e-15
17 8 6 6 13 3.58604e-15
17 8 6 7 9 2.11136e-15
17 8 6 13 4 2.96649e-15
17 8 9 5 5 2.87176e-15
17 8 9 6 11 2.34678e-15
17 8 9 13 12 2.75112e-15
17 8 10 4 4 2.30646e-15
17 8 10 5 12 3.21704e-15
17 8 10 7 10 3.30404e-15
17 8 10 8 12 0.0314891
17 8 10 11 12 2.2623e-15
17 8 11 8 13 0.0290164
17 8 12 8 10 0.0565566
17 8 12 11 11 3.00023e-15
17 8 13 5 11 6.89118e-15
17 8 13 8 11 0.0397764
17 8 13 11 9 3.67089e-15
17 9 4 5 11 2.8224e-15
17 9 4 10 12 2.11462e-15
17 9 5 5 8 5.11826e-15
17 9 5 12 13 3.52164e-15
17 9 6 11 8 2.99576e-15
17 9 6 12 5 2.28934e-15
17 9 7 6 5 3.5415e-15
17 9 8 4 7 1.97143e-15
17 9 8 6 7 3.05688e-15
17 9 8 13 11 2.31655e-15
17 9 11 7 4 2.12726e-15
17 9 11 8 5 0.028119
17 9 12 5 5 4.96222e-15
17 9 12 5 11 7.08312e-15
17 9 12 7 13 5.68548e-15
17 9 12 10 7 3.37048e-15
17 9 13 7 7 4.45586e-15
17 9 13 12 8 3.96872e-15
17 10 4 4 8 4.76788e-15
17 10 4 10 6 4.42658e-15
17 10 4 12 4 2.38173e-15
17 10 4 13 5 5.43692e-15
17 10 4 13 12 3.61899e-15
17 10 5 7 11 4.08238e-15
17 10 5 12 8 5.22654e-15
17 10 6 7 7 3.6726e-15
17 10 6 7 12 2.86328e-15
17 10 6 10 4 3.27067e-15
17 10 7 4 11 3.35347e-15
17 10 7 9 12 4.11464e-15
17 10 7 10 8 6.37901e-15
17 10 8 6 6 4.57374e-15
17 10 8 10 7 3.75137e-15
17 10 8 12 8 3.62807e-15
17 10 10 12 4 2.94025e-15
17 10 11 4 4 1.90616e-15
17 10 11 12 8 2.94673e-15
17 10 12 4 10 4.43232e-15
17 10 12 4 12 3.72272e-15
17 10 12 7 12 4.35623e-15
17 10 12 9 4 4.16543e-15
17 10 12 12 6 4.55283e-15
17 10 12 13 12 4.83274e-15
17 11 4 4 10 5.24122e-15
17 11 4 7 12 5.24736e-15
17 11 5 6 6 1.79956e-14
17 11 6 6 12 1.06144e-14
17 11 7 4 9 9.33301e-15
17 11 7 11 11 7.58289e-15
17 11 8 5 9 9.37377e-15
17 11 8 9 6 6.80993e-15
17 11 8 12 11 4.35205e-15
17 11 8 13 5 1.23299e-14
17 11 8 13 8 1.24191e-14
17 11 9 4 5 4.60079e-15
17 11 9 8 13 0.0533401
17 11 9 12 5 8.31814e-15
17 11 10 5 7 9.87586e-15
17 11 10 7 4 7.87081e-15
17 11 11 7 11 6.37429e-15
17 11 11 8 12 0.0697364
17 11 11 11 7 7.86608e-15
17 11 12 8 10 0.115345
17 11 12 12 7 6.82193e-15
17 11 13 5 12 1.07291e-14
17 11 13 12 12 6.00709e-15
17 12 4 10 4 2.78288e-15
17 12 4 10 10 2.95198e-15
17 12 4 12 10 2.51865e-15
17 12 4 13 13 5.02706e-15
17 12 5 5 9 6.98182e-15
17 12 5 9 6 3.79206e-15
17 12 5 11 9 8.32781e-15
17 12 5 12 12 2.86483e-15
17 12 6 7 5 3.51177e-15
17 12 6 10 12 2.42292e-15
17 12 7 11 12 2.15073e-15
17 12 7 12 10 2.82196e-15
17 12 7 12 12 2.3089e-15
17 12 7 13 9 5.84306e-15
17 12 8 4 7 2.5834e-15
17 12 8 9 13 4.76699e-15
17 12 8 10 5 2.99981e-15
17 12 8 10 8 5.61773e-15
17 12 8 10 11 2.44203e-15
17 12 9 4 10 1.70825e-15
17 12 10 4 13 3.71364e-15
17 12 10 6 7 4.36882e-15
17 12 10 7 9 4.31083e-15
17 12 10 12 4 2.66002e-15
17 12 10 12 7 3.22973e-15
17 12 10 12 13 3.46476e-15
17 12 11 4 7 2.57317e-15
17 12 11 6 6 2.12852e-15
17 12 11 11 8 4.78269e-15
17 12 11 13 5 3.82758e-15
17 12 11 13 12 2.32965e-15
17 12 12 5 12 4.42374e-15
17 12 12 6 10 5.1579e-15
17 12 12 7 11 3.67519e-15
17 12 12 7 12 3.44076e-15
17 12 12 11 13 4.28127e-15
17 12 12 12 5 4.22956e-15
17 12 12 12 7 3.92391e-15
17 12 13 9 5 5.7787e-15
17 12 13 12 10 3.71236e-15
17 13 4 4 4 1.31311e-15
17 13 4 8 6 0.0577062
17 13 5 10 4 1.25822e-15
17 13 5 11 8 1.72138e-15
17 13 5 12 11 1.01831e-15
17 13 5 13 6 2.90817e-15
17 13 6 7 13 1.98847e-15
17 13 6 13 5 1.99911e-15
17 13 7 7 9 1.17023e-15
17 13 8 6 6 2.09006e-15
17 13 8 11 8 1.43267e-15
17 13 9 5 12 1.23683e-15
17 13 9 12 7 8.86229e-16
17 13 11 9 8 9.55434e-16
17 13 12 4 13 2.94289e-15
17 13 12 8 9 0.0222556
17 13 12 10 4 1.57305e-15
17 13 12 10 12 1.79412e-15
17 13 12 12 11 1.30093e-15
17 13 13 6 7 2.97885e-15
17 13 13 12 4 1.99832e-15
8 0 2 4 1 0.0330984
8 0 2 4 3 0.0431357
8 0 2 7 2 0.0665025
8 0 2 9 1 0.0195444
8 0 2 10 2 0.026758
8 0 2 11 1 0.085928
8 0 2 11 2 0.0502019
8 0 2 11 3 0.091256
8 0 2 12 1 0.0310373
8 0 2 12 2 0.0251566
8 0 3 4 1 0.0325807
8 0 3 4 3 0.0508378
8 0 3 5 3 0.0926741
8 0 3 6 1 0.0300922
8 0 3 8 1 0.0658328
8 0 3 8 3 0.0639018
8 0 3 9 3 0.0447867
8 0 3 10 1 0.046074
8 0 3 12 1 0.0389726
8 0 3 12 2 0.036838
8 0 3 13 3 0.0247904
9 0 0 1 2 0.248609
9 0 0 1 3 0.255306
9 0 0 2 3 0.272075
9 0 0 3 2 0.22401
18 4 4 4 13 0.0199551
18 4 4 8 10 0.0273351
18 4 4 10 11 0.00913385
18 4 4 13 4 0.0267743
18 4 5 11 9 0.00525866
18 4 7 9 8 5.4737e-13
18 4 7 12 8 5.36226e-14
18 4 7 12 11 0.0027359
18 4 8 6 13 0.0114302
18 4 8 10 4 0.00220268
18 4 9 11 7 4.37511e-13
18 4 10 4 12 0.00758813
18 4 10 6 10 0.00920115
18 4 10 10 12 0.00334867
18 4 10 11 4 0.0136597
18 4 10 12 9 0.00213178
18 4 11 10 7 5.56908e-13
18 4 12 4 10 0.00891529
18 4 12 10 12 0.00483889
18 4 13 4 4 0.0019392
18 4 13 5 10 0.000855724
18 4 13 12 10 0.000409785
18 4 13 13 12 0.00193843
18 5 5 8 9 2.86236e-14
18 5 5 9 12 0.00412962
18 5 6 6 11 0.00342672
18 5 7 11 10 0.00291675
18 5 8 9 5 0.000537087
18 5 9 6 12 9.69094e-14
18 5 9 7 6 7.68072e-14
18 5 9 11 8 7.59524e-14
18 5 9 12 5 0.000119531
18 5 10 4 13 0.00246784
18 5 11 8 13 0.0101321
18 5 11 9 4 0.0258117
18 5 11 9 12 0.0335025
18 5 12 6 7 5.22767e-14
18 5 12 8 10 0.00347752
18 5 12 11 13 0.00532037
18 5 12 12 12 0.000832351
18 5 12 13 9 8.06122e-14
18 6 5 9 7 1.34686e-13
18 6 7 5 12 0.000829925
18 6 7 7 10 0.00429118
18 6 7 9 8 3.42633e-13
18 6 7 12 10 0.000861747
18 6 7 13 13 0.00286736
18 6 10 4 10 0.00265325
18 6 10 8 6 8.75536e-14
18 6 10 12 12 0.000509251
18 6 11 5 6 5.14395e-14
18 6 11 8 9 0.0163382
18 6 12 5 9 0.00174134
18 6 12 11 6 1.51714e-13
18 7 4 9 11 0.0271751
18 7 4 11 10 0.00366483
18 7 5 12 6 4.48867e-15
18 7 6 5 9 0.00370322
18 7 9 8 4 0.00299317
18 7 9 8 6 1.16038e-13
18 7 9 12 10 0.000289821
18 7 9 13 7 1.39978e-13
18 7 10 6 7 8.53935e-14
18 7 10 8 10 0.00167439
18 7 11 10 5 1.69993e-13
18 7 11 11 11 0.0175572
18 7 11 12 12 0.00174542
18 7 12 8 4 0.00108364
18 7 12 10 6 1.77852e-14
18 7 12 10 12 0.00111807
18 7 12 11 4 0.00127089
18 7 12 12 12 0.0004161
18 7 13 9 12 0.00381073
18 7 13 13 6 2.47838e-14
18 8 4 7 9 0.0154295
18 8 4 7 12 0.0133314
18 8 5 9 11 0.0143371
18 8 6 6 10 0.00360921
18 8 6 6 13 0.00332781
18 8 6 7 9 0.00380245
18 8 6 13 4 0.00285945
18 8 9 5 5 8.29992e-14
18 8 9 6 11 3.66287e-13
18 8 9 13 12 0.00833532
18 8 10 4 4 0.00536119
18 8 10 5 12 0.000708557
18 8 10 7 10 0.00667563
18 8 10 8 12 0.00654552
18 8 10 11 12 0.0055418
18 8 11 8 13 0.0153322
18 8 12 8 10 0.00945773
18 8 12 11 11 0.0150796
18 9 4 5 11 0.00742684
18 9 4 10 12 0.00485548
18 9 5 5 8 4.28654e-14
18 9 5 12 13 0.000797229
18 9 6 11 8 2.07561e-13
18 9 6 12 5 0.000503418
18 9 7 6 5 0.000422138
18 9 8 4 7 8.47936e-14
18 9 8 6 7 1.91713e-13
18 9 8 13 11 0.00437879
18 9 11 7 4 0.0253669
18 9 11 8 5 0.00626628
18 9 12 5 5 0.000445457
18 9 12 5 11 0.00452059
18 9 12 7 13 0.00934803
18 9 12 10 7 9.08918e-14
18 9 13 7 7 7.57585e-14
18 9 13 12 8 1.28017e-14
18 10 4 4 8 5.43907e-13
18 10 4 10 6 1.10339e-13
18 10 4 12 4 0.00195356
18 10 4 13 5 0.00304359
18 10 4 13 12 0.013135
18 10 5 7 11 0.00350405
18 10 5 12 8 2.41688e-14
18 10 6 7 7 1.45547e-13
18 10 6 7 12 0.00493751
18 10 6 10 4 0.000443797
18 10 7 4 11 0.00308518
18 10 7 9 12 0.00700444
18 10 7 10 8 4.94202e-14
18 10 8 6 6 1.06297e-13
18 10 8 10 7 2.8631e-14
18 10 8 12 8 3.18893e-14
18 10 10 12 4 0.000643783
18 10 11 4 4 0.00918701
18 10 11 12 8 1.3619e-13
18 10 12 4 10 0.00381399
18 10 12 4 12 0.00429322
18 10 12 7 12 0.00583058
18 10 12 9 4 0.00627045
18 10 12 12 6 2.76289e-14
18 10 12 13 12 0.00568587
18 11 4 4 10 0.0262483
18 11 4 7 12 0.0442433
18 11 5 6 6 2.75114e-13
18 11 6 6 12 0.0179825
18 11 8 5 9 0.00668993
18 11 8 9 6 7.7143e-13
18 11 8 12 11 0.00339214
18 11 8 13 5 0.00371223
18 11 8 13 8 3.71001e-13
18 11 9 4 5 0.00479556
18 11 9 8 13 0.016193
18 11 9 12 5 0.00224234
18 11 10 5 7 1.74256e-13
18 11 10 7 4 0.0187682
18 11 11 7 11 0.0490138
18 11 11 8 12 0.0236529
18 11 11 11 7 1.26655e-12
18 11 12 8 10 0.00676659
18 11 12 12 7 3.82541e-14
18 11 13 5 12 0.00248424
18 11 13 12 12 0.0012008
18 12 4 10 4 0.00316454
18 12 4 10 10 0.00360612
18 12 4 12 10 0.00249937
18 12 4 13 13 0.00589572
18 12 5 5 9 0.00335806
18 12 5 9 6 1.58715e-13
18 12 5 11 9 0.0152558
18 12 5 12 12 0.000813299
18 12 6 7 5 0.00143097
18 12 6 10 12 0.000783761
18 12 7 11 12 0.00386275
18 12 7 12 10 0.000689581
18 12 7 12 12 0.00107445
18 12 7 13 9 0.0113782
18 12 8 4 7 6.54415e-14
18 12 8 9 13 0.00313919
18 12 8 10 5 0.000248996
18 12 8 10 8 5.15339e-14
18 12 8 10 11 0.00117228
18 12 9 4 10 0.00370188
18 12 10 4 13 0.00152338
18 12 10 6 7 1.24426e-13
18 12 10 7 9 0.0181675
18 12 10 12 4 0.000887602
18 12 10 12 7 4.06423e-14
18 12 10 12 13 0.000467106
18 12 11 4 7 4.87068e-13
18 12 11 6 6 7.79287e-14
18 12 11 11 8 1.0589e-12
18 12 11 13 5 0.00661689
18 12 11 13 12 0.0244814
18 12 12 5 12 0.0010793
18 12 12 6 10 0.00175826
18 12 12 7 11 0.00607717
18 12 12 7 12 0.00605681
18 12 12 11 13 0.00172236
18 12 12 12 5 0.000268674
18 12 12 12 7 3.21621e-14
18 12 13 9 5 0.00064651
18 12 13 12 10 0.000176663
18 13 4 4 4 0.00979914
18 13 4 8 6 4.41277e-13
18 13 5 10 4 1.18177e-13
18 13 5 11 8 6.02307e-14
18 13 5 12 11 0.000993013
18 13 5 13 6 5.11471e-14
18 13 6 7 13 0.00235905
18 13 6 13 5 0.000319358
18 13 7 7 9 1.07087e-13
18 13 8 6 6 7.99584e-14
18 13 8 11 8 5.2284e-14
18 13 9 5 12 1.06173e-13
18 13 9 12 7 1.61976e-14
18 13 11 9 8 5.86863e-13
18 13 12 4 13 0.00499548
18 13 12 8 9 1.3674e-13
18 13 12 10 4 0.00275267
18 13 12 10 12 0.00184515
18 13 12 12 11 0.00172656
19 1 0 1 4 0.0678522
19 1 0 2 4 0.0701567
19 1 0 2 9 0.0228088
19 1 0 2 11 0.121937
19 1 0 2 12 0.0390667
19 1 0 3 4 0.0435695
19 1 0 3 6 0.0358317
19 1 0 3 8 0.0225348
19 1 0 3 10 0.0488306
19 1 0 3 12 0.0313268
19 2 0 1 4 0.0213122
19 2 0 1 5 0.0356701
19 2 0 1 7 0.0196716
19 2 0 1 11 0.0578034
19 2 0 1 12 0.0222887
19 2 0 2 7 0.022348
19 2 0 2 10 0.0300833
19 2 0 2 11 0.026771
19 2 0 2 12 0.0216319
19 2 0 3 12 0.0144949
19 3 0 1 6 0.0136575
19 3 0 1 10 0.0296106
19 3 0 2 4 0.0352895
19 3 0 2 11 0.0584932
19 3 0 3 4 0.0304902
19 3 0 3 5 0.0127767
19 3 0 3 8 0.0143687
19 3 0 3 9 0.0158618
19 3 0 3 13 0.0134621
20 1 4 1 0 0.0409601
20 1 4 2 0 0.0508842
20 1 5 2 0 0.0215723
20 1 6 3 0 0.0314765
20 1 7 2 0 0.0320069
20 1 10 3 0 0.056839
20 1 11 2 0 0.100591
20 1 12 2 0 0.0623445
20 2 4 1 0 0.0171348
20 2 4 3 0 0.01367
20 2 7 2 0 0.0116719
20 2 9 1 0 0.0226912
20 2 10 2 0 0.0351188
20 2 11 1 0 0.0442671
20 2 11 2 0 0.0224283
20 2 11 3 0 0.0483163
20 2 12 1 0 0.0299356
20 2 12 2 0 0.0269043
20 3 4 1 0 0.0359394
20 3 4 3 0 0.0274922
20 3 5 3 0 0.0219552
20 3 6 1 0 0.0195013
20 3 8 1 0 1.99166e-14
20 3 8 3 0 2.06578e-14
20 3 9 3 0 0.0414453
20 3 10 1 0 0.0528277
20 3 12 1 0 0.0505686
20 3 12 2 0 0.0467366
20 3 13 3 0 0.0347204
21 4 4 4 13 5.9425e-16
21 4 4 8 10 2.68475e-15
21 4 4 10 11 3.68768e-15
21 4 4 13 4 5.29024e-15
21 4 5 11 9 1.50458e-15
21 4 7 9 8 1.26532e-15
21 4 7 12 8 1.26549e-15
21 4 7 12 11 3.68165e-15
21 4 8 6 13 1.48905e-15
21 4 8 10 4 4.52179e-15
21 4 9 11 7 1.70517e-15
21 4 10 4 12 1.56075e-15
21 4 10 6 10 2.48732e-15
21 4 10 10 12 1.64325e-15
21 4 10 11 4 3.53664e-15
21 4 10 12 9 1.11511e-15
21 4 11 10 7 1.19594e-15
21 4 12 4 10 0.0142806
21 4 12 10 12 0.0103841
21 4 13 4 4 3.93234e-15
21 4 13 5 10 2.90426e-15
21 4 13 12 10 2.03551e-15
21 4 13 13 12 2.79263e-15
21 5 5 8 9 3.99671e-15
21 5 5 9 12 5.69089e-15
21 5 6 6 11 1.09972e-14
21 5 7 11 10 3.16631e-15
21 5 8 9 5 2.72799e-15
21 5 9 6 12 3.03219e-15
21 5 9 7 6 3.15776e-15
21 5 9 11 8 3.16423e-15
21 5 9 12 5 2.94767e-15
21 5 10 4 13 1.51688e-15
21 5 11 8 13 2.07953e-15
21 5 11 9 4 6.79816e-15
21 5 11 9 12 6.84928e-15
21 5 12 6 7 0.0111219
21 5 12 8 10 0.0419958
21 5 12 11 13 0.00960355
21 5 12 12 12 0.02523
21 5 12 13 9 0.0278046
21 5 13 6 13 3.44058e-15
21 6 5 9 7 3.78347e-15
21 6 6 10 8 1.24036e-15
21 6 6 11 5 2.9927e-15
21 6 6 12 11 9.19729e-15
21 6 6 13 8 1.6268e-15
21 6 7 5 12 2.35774e-15
21 6 7 7 10 2.77914e-15
21 6 7 9 8 9.30695e-16
21 6 7 12 10 2.42027e-15
21 6 7 13 13 8.9664e-16
21 6 10 4 10 2.72577e-15
21 6 10 8 6 2.27399e-15
21 6 10 12 12 1.76821e-15
21 6 11 5 6 2.87066e-15
21 6 11 8 9 1.78939e-15
21 6 12 5 9 0.0182022
21 6 12 11 6 0.0169993
21 6 13 4 8 1.35062e-15
21 6 13 5 13 8.46382e-16
21 6 13 8 6 2.61457e-15
21 7 4 9 11 5.34232e-15
21 7 4 11 10 2.13117e-15
21 7 5 12 6 2.43667e-15
21 7 6 5 9 2.29814e-15
21 7 7 9 13 9.30765e-16
21 7 7 10 6 2.49069e-15
21 7 9 8 4 8.76182e-15
21 7 9 8 6 3.20017e-15
21 7 9 12 10 2.69827e-15
21 7 9 13 7 2.85744e-15
21 7 10 6 7 1.56577e-15
21 7 10 8 10 4.01508e-15
21 7 11 10 5 1.72084e-15
21 7 11 11 11 4.16854e-15
21 7 11 12 12 1.44297e-15
21 7 12 8 4 0.0637456
21 7 12 10 6 0.0155906
21 7 12 10 12 0.0139108
21 7 12 11 4 0.0458005
21 7 12 12 12 0.0164209
21 7 13 9 12 3.86441e-15
21 7 13 13 6 3.70347e-15
21 8 4 7 9 8.09238e-16
21 8 4 7 12 1.08112e-15
21 8 5 9 11 5.27194e-15
21 8 6 6 10 2.17e-15
21 8 6 6 13 6.5396e-16
21 8 6 7 9 1.26333e-15
21 8 6 13 4 6.14452e-15
21 8 9 5 5 1.46495e-15
21 8 9 6 11 3.85906e-15
21 8 9 13 12 2.11488e-15
21 8 10 4 4 2.52843e-15
21 8 10 5 12 1.20916e-15
21 8 10 7 10 1.63643e-15
21 8 10 8 12 2.41731e-15
21 8 10 11 12 1.05113e-15
21 8 11 8 13 4.66008e-16
21 8 12 8 10 0.0169172
21 8 12 11 11 0.0296802
21 8 13 5 11 6.40311e-15
21 8 13 8 11 6.77488e-15
21 8 13 11 9 9.3381e-16
21 9 4 5 11 4.90957e-15
21 9 4 10 12 1.6982e-15
21 9 5 5 8 2.19989e-15
21 9 5 12 13 1.02016e-15
21 9 6 11 8 1.88637e-15
21 9 6 12 5 2.06299e-15
21 9 7 6 5 1.99924e-15
21 9 8 4 7 2.03704e-15
21 9 8 6 7 1.79822e-15
21 9 8 13 11 6.72624e-15
21 9 11 7 4 4.82649e-15
21 9 11 8 5 3.20656e-15
21 9 12 5 5 0.027048
21 9 12 5 11 0.0978007
21 9 12 7 13 0.00950465
21 9 12 10 7 0.0111425
21 9 13 7 7 2.41294e-15
21 9 13 12 8 2.24252e-15
21 10 4 4 8 1.33312e-15
21 10 4 10 6 2.00747e-15
21 10 4 12 4 4.21895e-15
21 10 4 13 5 2.44535e-15
21 10 4 13 12 2.49441e-15
21 10 5 7 11 7.1724e-15
21 10 5 12 8 1.82102e-15
21 10 6 7 7 2.73055e-15
21 10 6 7 12 2.7746e-15
21 10 6 10 4 6.62177e-15
21 10 7 4 11 6.03322e-15
21 10 7 9 12 2.89187e-15
21 10 7 10 8 1.91318e-15
21 10 8 6 6 2.5654e-15
21 10 8 10 7 2.45792e-15
21 10 8 12 8 1.71009e-15
21 10 10 12 4 4.83983e-15
21 10 11 4 4 3.88195e-15
21 10 11 12 8 1.28243e-15
21 10 12 4 10 0.0209
21 10 12 4 12 0.0203725
21 10 12 7 12 0.0331846
21 10 12 9 4 0.0459228
21 10 12 12 6 0.0183879
21 10 12 13 12 0.0223477
21 11 4 4 10 2.08923e-15
21 11 4 7 12 2.45996e-15
21 11 5 6 6 4.20061e-15
21 11 6 6 12 2.02933e-15
21 11 7 4 9 2.10759e-15
21 11 7 11 11 3.68656e-15
21 11 8 5 9 2.70191e-15
21 11 8 9 6 2.61194e-15
21 11 8 12 11 4.24264e-15
21 11 8 13 5 4.46234e-15
21 11 8 13 8 4.26916e-15
21 11 9 4 5 2.55567e-15
21 11 9 8 13 1.51592e-15
21 11 9 12 5 4.64787e-15
21 11 10 5 7 1.89238e-15
21 11 10 7 4 6.10847e-15
21 11 11 7 11 4.46141e-15
21 11 11 8 12 4.68432e-15
21 11 11 11 7 1.28165e-15
21 11 12 8 10 0.0280516
21 11 12 12 7 0.00822849
21 11 13 5 12 3.58793e-15
21 11 13 12 12 2.35319e-15
21 12 4 10 4 5.04045e-15
21 12 4 10 10 2.77617e-15
21 12 4 12 10 2.3049e-15
21 12 4 13 13 1.68072e-15
21 12 5 5 9 2.70807e-15
21 12 5 9 6 2.49995e-15
21 12 5 11 9 4.10141e-15
21 12 5 12 12 2.71125e-15
21 12 6 7 5 2.5864e-15
21 12 6 10 12 3.16647e-15
21 12 7 11 12 2.17837e-15
21 12 7 12 10 2.7027e-15
21 12 7 12 12 2.10413e-15
21 12 7 13 9 3.35399e-15
21 12 8 4 7 2.08656e-15
21 12 8 9 13 8.56937e-16
21 12 8 10 5 2.24176e-15
21 12 8 10 8 2.26664e-15
21 12 8 10 11 5.48073e-15
21 12 9 4 10 2.60071e-15
21 12 10 4 13 9.12904e-16
21 12 10 6 7 1.50573e-15
21 12 10 7 9 1.95413e-15
21 12 10 12 4 4.83187e-15
21 12 10 12 7 1.74205e-15
21 12 10 12 13 1.02357e-15
21 12 11 4 7 1.79188e-15
21 12 11 6 6 3.09543e-15
21 12 11 11 8 1.6666e-15
21 12 11 13 5 2.70191e-15
21 12 11 13 12 2.60893e-15
21 12 12 5 12 0.0255028
21 12 12 6 10 0.0226404
21 12 12 7 11 0.0631135
21 12 12 7 12 0.0365922
21 12 12 11 13 0.0059833
21 12 12 12 5 0.0164795
21 12 12 12 7 0.013186
21 12 13 9 5 2.46608e-15
21 12 13 12 10 2.9945e-15
21 13 4 4 4 3.86309e-15
21 13 4 8 6 2.76699e-15
21 13 5 10 4 6.63467e-15
21 13 5 11 8 3.18681e-15
21 13 5 12 11 4.72972e-15
21 13 5 13 6 3.73497e-15
21 13 6 7 13 1.38936e-15
21 13 6 13 5 3.88638e-15
21 13 7 7 9 2.03976e-15
21 13 8 6 6 2.31165e-15
21 13 8 11 8 2.2522e-15
21 13 9 5 12 2.39927e-15
21 13 9 12 7 1.54121e-15
21 13 11 9 8 1.70078e-15
21 13 12 4 13 0.00962887
21 13 12 8 9 0.0181297
21 13 12 10 4 0.0306118
21 13 12 10 12 0.0125441
21 13 12 12 11 0.0250085
21 13 13 6 7 1.60511e-15
21 13 13 12 4 6.16101e-15
30 1 4 1 0 0.0367535
30 1 4 2 0 0.0420566
30 1 5 2 0 0.0319958
30 1 6 3 0 0.0241849
30 1 7 2 0 0.0309565
30 1 10 3 0 0.0275257
30 1 11 2 0 0.0800957
30 1 12 2 0 0.040257
30 2 4 1 0 0.0423395
30 2 4 3 0 0.0410878
30 2 7 2 0 0.0379733
30 2 9 1 0 0.0375294
30 2 10 2 0 0.0399753
30 2 11 1 0 0.0521146
30 2 11 2 0 0.0288591
30 2 11 3 0 0.0455008
30 2 12 1 0 0.0403769
30 2 12 2 0 0.0445024
30 3 4 1 0 0.0316201
30 3 4 3 0 0.0277363
30 3 5 3 0 0.0210226
30 3 6 1 0 0.0218836
30 3 8 1 0 0.0129673
30 3 8 3 0 0.0132864
30 3 9 3 0 0.0187024
30 3 10 1 0 0.0269339
30 3 12 1 0 0.0312686
30 3 12 2 0 0.0365301
30 3 13 3 0 0.0339639
31 4 4 4 13 0.000591111
31 4 4 8 10 0.00275508
31 4 4 10 11 0.00475301
31 4 4 13 4 0.00845309
31 4 5 11 9 0.00132563
31 4 7 9 8 1.47934e-15
31 4 7 12 8 1.30973e-15
31 4 7 12 11 3.79228e-15
31 4 8 6 13 1.2156e-15
31 4 8 10 4 4.12846e-15
31 4 9 11 7 0.00209919
31 4 10 4 12 0.00215177
31 4 10 6 10 0.00347818
31 4 10 10 12 0.00231806
31 4 10 11 4 0.00643451
31 4 10 12 9 0.00290742
31 4 11 10 7 0.00444655
31 4 12 4 10 0.00135647
31 4 12 10 12 0.00176773
31 4 13 4 4 0.00767104
31 4 13 5 10 0.00415081
31 4 13 12 10 0.00310746
31 4 13 13 12 0.00541483
31 5 5 8 9 0.00600364
31 5 5 9 12 0.0062312
31 5 6 6 11 1.17429e-14
31 5 7 11 10 2.31924e-15
31 5 8 9 5 1.67979e-15
31 5 9 6 12 0.00770921
31 5 9 7 6 0.00501447
31 5 9 11 8 0.00476939
31 5 9 12 5 0.00443263
31 5 10 4 13 0.00248746
31 5 11 8 13 0.00671508
31 5 11 9 4 0.0454259
31 5 11 9 12 0.0367635
31 5 12 6 7 0.00584187
31 5 12 8 10 0.0122487
31 5 12 11 13 0.00187228
31 5 12 12 12 0.00654315
31 5 12 13 9 0.0112261
31 5 13 6 13 0.00526912
31 6 5 9 7 0.00150851
31 6 6 10 8 2.3549e-15
31 6 6 11 5 1.55357e-15
31 6 6 12 11 1.07383e-14
31 6 6 13 8 3.52906e-15
31 6 7 5 12 3.09312e-15
31 6 7 7 10 3.1648e-15
31 6 7 9 8 2.09159e-15
31 6 7 12 10 2.4355e-15
31 6 7 13 13 1.41444e-15
31 6 10 4 10 0.00326197
31 6 10 8 6 0.00221054
31 6 10 12 12 0.00177092
31 6 11 5 6 0.00442471
31 6 11 8 9 0.00948083
31 6 12 5 9 0.0027995
31 6 12 11 6 0.00137766
31 6 13 4 8 0.00251393
31 6 13 5 13 0.00203027
31 6 13 8 6 0.0023834
31 7 4 9 11 0.0134385
31 7 4 11 10 0.00310977
31 7 5 12 6 0.00110714
31 7 6 5 9 2.1553e-15
31 7 7 9 13 6.09841e-16
31 7 7 10 6 1.57787e-15
31 7 9 8 4 0.013307
31 7 9 8 6 0.00289227
31 7 9 12 10 0.00463215
31 7 9 13 7 0.00836229
31 7 10 6 7 0.00428568
31 7 10 8 10 0.00983332
31 7 11 10 5 0.00465915
31 7 11 11 11 0.0375753
31 7 11 12 12 0.00380857
31 7 12 8 4 0.00892582
31 7 12 10 6 0.00178375
31 7 12 10 12 0.00297672
31 7 12 11 4 0.00687504
31 7 12 12 12 0.00258934
31 7 13 9 12 0.00728434
31 7 13 13 6 0.00494883
31 8 4 7 9 0.00303714
31 8 4 7 12 0.00288638
31 8 5 9 11 0.00829769
31 8 6 6 10 2.61481e-15
31 8 6 6 13 1.44714e-15
31 8 6 7 9 2.01479e-15
31 8 6 13 4 1.0654e-14
31 8 9 5 5 0.00774528
31 8 9 6 11 0.0120658
31 8 9 13 12 0.0105705
31 8 10 4 4 0.013773
31 8 10 5 12 0.00563951
31 8 10 7 10 0.0088439
31 8 10 8 12 0.0120512
31 8 10 11 12 0.00482427
31 8 11 8 13 0.00765367
31 8 12 8 10 0.00579504
31 8 12 11 11 0.00902269
31 8 13 5 11 0.0236089
31 8 13 8 11 0.0282317
31 8 13 11 9 0.00479316
31 9 4 5 11 0.00477131
31 9 4 10 12 1.94455e-15
31 9 5 5 8 0.000913894
31 9 5 12 13 0.000421272
31 9 6 11 8 1.49156e-15
31 9 6 12 5 1.4962e-15
31 9 7 6 5 1.43955e-15
31 9 8 4 7 2.06331e-15
31 9 8 6 7 1.98921e-15
31 9 8 13 11 1.2164e-14
31 9 11 7 4 0.0104349
31 9 11 8 5 0.0084276
31 9 12 5 5 0.00227164
31 9 12 5 11 0.0107203
31 9 12 7 13 0.000696555
31 9 12 10 7 0.00182559
31 9 13 7 7 0.00311634
31 9 13 12 8 0.0023235
31 10 4 4 8 0.00132605
31 10 4 10 6 0.00305126
31 10 4 12 4 0.00712136
31 10 4 13 5 0.0041704
31 10 4 13 12 0.00387089
31 10 5 7 11 0.00946608
31 10 5 12 8 0.00102979
31 10 6 7 7 2.55582e-15
31 10 6 7 12 2.65922e-15
31 10 6 10 4 6.12801e-15
31 10 7 4 11 5.92345e-15
31 10 7 9 12 2.99121e-15
31 10 7 10 8 1.66985e-15
31 10 8 6 6 2.03987e-15
31 10 8 10 7 2.43043e-15
31 10 8 12 8 1.35399e-15
31 10 10 12 4 0.0123911
31 10 11 4 4 0.0191976
31 10 11 12 8 0.00387235
31 10 12 4 10 0.00421909
31 10 12 4 12 0.00327308
31 10 12 7 12 0.00388861
31 10 12 9 4 0.00887302
31 10 12 12 6 0.00272112
31 10 12 13 12 0.00571221
31 11 4 4 10 0.00309327
31 11 4 7 12 0.00264183
31 11 5 6 6 0.0029507
31 11 6 6 12 2.38765e-15
31 11 7 4 9 1.36633e-15
31 11 7 11 11 3.61487e-15
31 11 8 5 9 2.0011e-15
31 11 8 9 6 1.66922e-15
31 11 8 12 11 4.49491e-15
31 11 8 13 5 3.08639e-15
31 11 8 13 8 2.66812e-15
31 11 9 4 5 0.00372355
31 11 9 8 13 0.00178644
31 11 9 12 5 0.00830278
31 11 10 5 7 0.0042239
31 11 10 7 4 0.0133179
31 11 11 7 11 0.025016
31 11 11 8 12 0.0159845
31 11 11 11 7 0.00784688
31 11 12 8 10 0.00514557
31 11 12 12 7 0.00195931
31 11 13 5 12 0.00683797
31 11 13 12 12 0.00523637
31 12 4 10 4 0.00716622
31 12 4 10 10 0.00369976
31 12 4 12 10 0.00304281
31 12 4 13 13 0.00122112
31 12 5 5 9 0.00266965
31 12 5 9 6 0.000937245
31 12 5 11 9 0.00439736
31 12 5 12 12 0.00160753
31 12 6 7 5 1.73113e-15
31 12 6 10 12 3.43235e-15
31 12 7 11 12 2.20928e-15
31 12 7 12 10 2.65414e-15
31 12 7 12 12 2.48221e-15
31 12 7 13 9 4.79056e-15
31 12 8 4 7 1.98009e-15
31 12 8 9 13 9.70057e-16
31 12 8 10 5 1.66762e-15
31 12 8 10 8 2.03919e-15
31 12 8 10 11 7.73763e-15
31 12 9 4 10 0.00400371
31 12 10 4 13 0.000797252
31 12 10 6 7 0.00359867
31 12 10 7 9 0.00628253
31 12 10 12 4 0.0104243
31 12 10 12 7 0.00440464
31 12 10 12 13 0.00103017
31 12 11 4 7 0.0084307
31 12 11 6 6 0.00566811
31 12 11 11 8 0.00334924
31 12 11 13 5 0.00593828
31 12 11 13 12 0.0120523
31 12 12 5 12 0.00296412
31 12 12 6 10 0.00319248
31 12 12 7 11 0.0113959
31 12 12 7 12 0.00313087
31 12 12 11 13 0.000462791
31 12 12 12 5 0.000962855
31 12 12 12 7 0.00226118
31 12 13 9 5 0.00238425
31 12 13 12 10 0.00546538
31 13 4 4 4 0.00415168
31 13 4 8 6 0.00235502
31 13 5 10 4 0.00384799
31 13 5 11 8 0.00145914
31 13 5 12 11 0.00350501
31 13 5 13 6 0.00224233
31 13 6 7 13 1.05178e-15
31 13 6 13 5 3.15731e-15
31 13 7 7 9 2.60978e-15
31 13 8 6 6 1.98786e-15
31 13 8 11 8 1.80017e-15
31 13 9 5 12 0.00118927
31 13 9 12 7 0.00231413
31 13 11 9 8 0.00469633
31 13 12 4 13 0.000929288
31 13 12 8 9 0.00130887
31 13 12 10 4 0.00511444
31 13 12 10 12 0.00124421
31 13 12 12 11 0.00470227
31 13 13 6 7 0.00240437
31 13 13 12 4 0.00868797
22 12 9 8 12 1
23 4 5 11 9 0.0439905
23 4 10 12 9 0.0450135
23 5 5 8 9 0.057349
23 5 12 13 9 0.088359
23 6 11 8 9 0.0418405
23 6 12 5 9 0.076114
23 7 6 5 9 0.0499731
23 8 4 7 9 0.0379459
23 8 6 7 9 0.0692265
23 8 13 11 9 0.0401284
23 11 7 4 9 0.0247502
23 11 8 5 9 0.0456877
23 12 5 5 9 0.0722427
23 12 5 11 9 0.0863478
23 12 7 13 9 0.0538437
23 12 10 7 9 0.0522948
23 13 7 7 9 0.0672799
23 13 12 8 9 0.0476128
32 8 4 7 9 0.0231808
32 8 4 7 12 0.0253086
32 8 5 9 11 0.0712031
32 8 6 6 10 0.0809136
32 8 6 6 13 0.0917425
32 8 6 7 9 0.0364817
32 8 6 13 4 0.0733325
32 8 9 5 5 0.0599215
32 8 9 6 11 0.0629217
32 8 9 13 12 0.0544497
32 8 10 4 4 0.0173748
32 8 10 5 12 0.0372321
32 8 10 7 10 0.0203623
32 8 10 8 12 0.0325347
32 8 10 11 12 0.0224522
32 8 11 8 13 0.046121
32 8 12 8 10 0.0414663
32 8 12 11 11 0.0464684
32 8 13 5 11 0.0634098
32 8 13 8 11 0.0478649
32 8 13 11 9 0.0452577
33 4 4 4 13 0.000565043
33 4 4 8 10 0.000749626
33 4 4 10 11 0.000165539
33 4 4 13 4 0.000410716
33 4 5 11 9 0.00272605
33 4 7 12 11 0.000465931
33 4 8 6 13 0.00251062
33 4 8 10 4 0.000587259
33 4 10 4 12 0.000291251
33 4 10 6 10 0.00166917
33 4 10 10 12 0.000456412
33 4 10 11 4 0.000380641
33 4 10 12 9 0.00275887
33 4 12 4 10 0.00137468
33 4 12 10 12 0.000549951
33 4 13 4 4 0.000700705
33 4 13 5 10 0.00399101
33 4 13 12 10 0.00323533
33 4 13 13 12 0.00116135
33 5 5 8 9 0.0151439
33 5 5 9 12 0.00599466
33 5 6 6 11 0.00565171
33 5 7 11 10 0.0154189
33 5 8 9 5 0.00837756
33 5 9 6 12 0.00516771
33 5 9 7 6 0.0283523
33 5 9 12 5 0.00527278
33 5 10 4 13 0.0103319
33 5 11 8 13 0.0196383
33 5 11 9 4 0.00843652
33 5 11 9 12 0.0128432
33 5 12 8 10 0.0148304
33 5 12 11 13 0.021119
33 5 12 12 12 0.00711713
33 5 12 13 9 0.0328919
33 5 13 6 13 0.0274296
33 7 4 9 11 0.000994794
33 7 4 11 10 0.00460931
33 7 5 12 6 0.0329317
33 7 6 5 9 0.024606
33 7 7 9 13 0.00878717
33 7 7 10 6 0.0190956
33 7 9 8 4 0.00207749
33 7 9 8 6 0.0133406
33 7 9 12 10 0.0157165
33 7 10 8 10 0.0123076
33 7 11 10 5 0.00763264
33 7 11 11 11 0.00373678
33 7 11 12 12 0.0039751
33 7 12 8 4 0.00136967
33 7 12 10 6 0.0229926
33 7 12 10 12 0.0038692
33 7 12 11 4 0.00309199
33 7 12 12 12 0.00452002
33 7 13 9 12 0.00442819
33 7 13 13 6 0.0366641
33 8 4 7 9 0.0055636
33 8 4 7 12 0.000787194
33 8 5 9 11 0.00387047
33 8 6 6 10 0.014905
33 8 6 6 13 0.0165366
33 8 6 7 9 0.0133374
33 8 6 13 4 0.0100196
33 8 9 5 5 0.00596284
33 8 9 6 11 0.00267727
33 8 9 13 12 0.00551154
33 8 10 4 4 0.00282047
33 8 10 5 12 0.00313347
33 8 10 7 10 0.00544718
33 8 10 8 12 0.00127141
33 8 10 11 12 0.00196772
33 8 11 8 13 0.0151183
33 8 12 8 10 0.0133835
33 8 12 11 11 0.00350025
33 8 13 5 11 0.0064446
33 8 13 11 9 0.014544
33 11 4 4 10 0.0042927
33 11 4 7 12 0.000794819
33 11 5 6 6 0.0347474
33 11 6 6 12 0.00576603
33 11 7 4 9 0.0102606
33 11 7 11 11 0.00335667
33 11 8 5 9 0.0183892
33 11 8 9 6 0.0274811
33 11 8 12 11 0.00378452
33 11 8 13 5 0.012177
33 11 9 4 5 0.0029668
33 11 9 8 13 0.00951281
33 11 9 12 5 0.00897899
33 11 10 7 4 0.00317199
33 11 11 7 11 0.00301036
33 11 11 8 12 0.00269043
33 11 12 8 10 0.010987
33 11 13 5 12 0.0041708
33 11 13 12 12 0.00392742
33 12 4 10 4 0.000173444
33 12 4 10 10 0.000640315
33 12 4 12 10 0.000743452
33 12 4 13 13 0.000992736
33 12 5 5 9 0.00351685
33 12 5 9 6 0.00482749
33 12 5 11 9 0.00522946
33 12 5 12 12 0.000708611
33 12 6 7 5 0.000765725
33 12 6 10 12 0.000540323
33 12 7 11 12 0.000166236
33 12 7 12 10 0.00125632
33 12 7 12 12 0.000314911
33 12 7 13 9 0.001837
33 12 8 9 13 0.000848322
33 12 8 10 5 0.000347153
33 12 8 10 11 0.000133929
33 12 10 4 13 0.00132642
33 12 10 7 9 0.00242244
33 12 10 12 4 0.00077047
33 12 10 12 13 0.00282114
33 12 11 6 6 0.0033617
33 12 11 13 5 0.00157393
33 12 11 13 12 0.000631744
33 12 12 5 12 0.00061009
33 12 12 6 10 0.00182591
33 12 12 7 11 0.0002717
33 12 12 7 12 0.000253178
33 12 12 11 13 0.00170471
33 12 12 12 5 0.000876083
33 12 13 9 5 0.000949637
33 12 13 12 10 0.00257206
33 13 4 4 4 0.00123608
33 13 4 8 6 0.006126
33 13 5 10 4 0.0045429
33 13 5 12 11 0.00486603
33 13 5 13 6 0.0401648
33 13 6 7 13 0.0093809
33 13 6 13 5 0.0153219
33 13 7 7 9 0.0129009
33 13 8 6 6 0.012385
33 13 9 5 12 0.00160439
33 13 12 4 13 0.00790893
33 13 12 8 9 0.0111647
33 13 12 10 4 0.00295092
33 13 12 10 12 0.00271027
33 13 12 12 11 0.00319046
33 13 13 12 4 0.00574855
24 4 4 4 13 0.000730973
24 4 4 8 10 0.0033135
24 4 4 10 11 0.00110094
24 4 4 13 4 0.00183845
24 4 5 11 9 4.95969e-15
24 4 7 9 8 0.00275979
24 4 7 12 8 0.00281212
24 4 7 12 11 0.00151822
24 4 8 6 13 0.00177128
24 4 8 10 4 0.000709794
24 4 9 11 7 0.00662351
24 4 10 4 12 0.00222433
24 4 10 6 10 0.00516426
24 4 10 10 12 0.00309387
24 4 10 11 4 0.00239843
24 4 10 12 9 3.75595e-15
24 4 11 10 7 0.0030102
24 4 12 4 10 0.00261471
24 4 12 10 12 0.00400783
24 4 13 4 4 0.00176599
24 4 13 5 10 0.00618993
24 4 13 12 10 0.00538991
24 4 13 13 12 0.00873706
24 5 5 8 9 5.59965e-15
24 5 5 9 12 0.0088838
24 5 6 6 11 0.00393051
24 5 7 11 10 0.00641639
24 5 8 9 5 0.0197143
24 5 9 6 12 0.00845417
24 5 9 7 6 0.00350997
24 5 9 11 8 0.00278187
24 5 9 12 5 0.0136479
24 5 10 4 13 0.000912548
24 5 11 8 13 0.00170964
24 5 11 9 4 0.00282696
24 5 11 9 12 0.0131651
24 5 12 6 7 0.0141387
24 5 12 8 10 0.0052242
24 5 12 11 13 0.00219155
24 5 12 12 12 0.0062255
24 5 12 13 9 5.86146e-15
24 5 13 6 13 0.00373766
24 6 5 9 7 0.0136924
24 6 6 10 8 0.000901767
24 6 6 11 5 0.0200321
24 6 6 12 11 0.00166635
24 6 6 13 8 0.00279442
24 6 7 5 12 0.00775167
24 6 7 7 10 0.00348817
24 6 7 9 8 0.00373213
24 6 7 12 10 0.00462713
24 6 7 13 13 0.00375223
24 6 10 4 10 0.00220753
24 6 10 8 6 0.0080601
24 6 10 12 12 0.00587876
24 6 11 5 6 0.00729313
24 6 11 8 9 4.26403e-15
24 6 12 5 9 4.53198e-15
24 6 12 11 6 0.00932433
24 6 13 4 8 0.0026765
24 6 13 5 13 0.00252679
24 6 13 8 6 0.0103216
24 7 4 9 11 0.000816837
24 7 4 11 10 0.00298547
24 7 5 12 6 0.00516799
24 7 6 5 9 3.0986e-15
24 7 7 9 13 0.00469944
24 7 7 10 6 0.00199985
24 7 9 8 4 0.00145522
24 7 9 8 6 0.0045081
24 7 9 12 10 0.00255096
24 7 9 13 7 0.00545297
24 7 10 6 7 0.0101598
24 7 10 8 10 0.00398455
24 7 11 10 5 0.00742398
24 7 11 11 11 0.00112072
24 7 11 12 12 0.0028006
24 7 12 8 4 0.00171845
24 7 12 10 6 0.00222143
24 7 12 10 12 0.00326804
24 7 12 11 4 0.00209224
24 7 12 12 12 0.00473934
24 7 13 9 12 0.00847313
24 7 13 13 6 0.00587914
24 8 4 7 9 2.54863e-15
24 8 4 7 12 0.00327305
24 8 5 9 11 0.00143961
24 8 6 6 10 0.00520805
24 8 6 6 13 0.00176768
24 8 6 7 9 3.53257e-15
24 8 6 13 4 0.0032468
24 8 9 5 5 0.0107076
24 8 9 6 11 0.00356515
24 8 9 13 12 0.00490795
24 8 10 4 4 0.00114671
24 8 10 5 12 0.0049057
24 8 10 7 10 0.00287187
24 8 10 8 12 0.00610358
24 8 10 11 12 0.00533871
24 8 11 8 13 0.000916626
24 8 12 8 10 0.00469092
24 8 12 11 11 0.00191201
24 8 13 5 11 0.00290696
24 8 13 8 11 0.0025904
24 8 13 11 9 5.77497e-15
24 9 4 5 11 0.000803817
24 9 4 10 12 0.00155639
24 9 5 5 8 0.00209475
24 9 5 12 13 0.00125704
24 9 6 11 8 0.00239404
24 9 6 12 5 0.0103503
24 9 7 6 5 0.0174061
24 9 8 4 7 0.00182104
24 9 8 6 7 0.00581147
24 9 8 13 11 0.00111156
24 9 11 7 4 0.000821875
24 9 11 8 5 0.00742891
24 9 12 5 5 0.00762271
24 9 12 5 11 0.00212383
24 9 12 7 13 0.000686554
24 9 12 10 7 0.00296904
24 9 13 7 7 0.00613108
24 9 13 12 8 0.00307148
24 10 4 4 8 0.000790939
24 10 4 10 6 0.001782
24 10 4 12 4 0.00133274
24 10 4 13 5 0.0104271
24 10 4 13 12 0.00329591
24 10 5 7 11 0.00226943
24 10 5 12 8 0.0026902
24 10 6 7 7 0.00457216
24 10 6 7 12 0.00357833
24 10 6 10 4 0.000874823
24 10 7 4 11 0.00122314
24 10 7 9 12 0.00678661
24 10 7 10 8 0.0008685
24 10 8 6 6 0.00421918
24 10 8 10 7 0.00279985
24 10 8 12 8 0.00152602
24 10 10 12 4 0.00144874
24 10 11 4 4 0.000615655
24 10 11 12 8 0.00123776
24 10 12 4 10 0.00205575
24 10 12 4 12 0.00195763
24 10 12 7 12 0.00367301
24 10 12 9 4 0.00203182
24 10 12 12 6 0.00419815
24 10 12 13 12 0.00457628
24 11 4 4 10 0.00126187
24 11 4 7 12 0.00275523
24 11 5 6 6 0.00889324
24 11 6 6 12 0.00903643
24 11 7 4 9 3.0657e-15
24 11 7 11 11 0.00181303
24 11 8 5 9 2.18712e-15
24 11 8 9 6 0.00564514
24 11 8 12 11 0.00104929
24 11 8 13 5 0.0109226
24 11 8 13 8 0.00135243
24 11 9 4 5 0.00463377
24 11 9 8 13 0.000731439
24 11 9 12 5 0.0170713
24 11 10 5 7 0.00569081
24 11 10 7 4 0.00129294
24 11 11 7 11 0.00136495
24 11 11 8 12 0.00292994
24 11 11 11 7 0.00469217
24 11 12 8 10 0.00331177
24 11 12 12 7 0.00526891
24 11 13 5 12 0.00697266
24 11 13 12 12 0.00639278
24 12 4 10 4 0.000812384
24 12 4 10 10 0.00189072
24 12 4 12 10 0.00332039
24 12 4 13 13 0.00192848
24 12 5 5 9 4.31284e-15
24 12 5 9 6 0.00864087
24 12 5 11 9 1.05632e-14
24 12 5 12 12 0.00619795
24 12 6 7 5 0.0119673
24 12 6 10 12 0.00387886
24 12 7 11 12 0.00748582
24 12 7 12 10 0.00464605
24 12 7 12 12 0.00607299
24 12 7 13 9 7.43122e-15
24 12 8 4 7 0.00217192
24 12 8 9 13 0.00452226
24 12 8 10 5 0.00804281
24 12 8 10 8 0.000669461
24 12 8 10 11 0.00108413
24 12 9 4 10 0.00165086
24 12 10 4 13 0.000706817
24 12 10 6 7 0.0114058
24 12 10 7 9 3.82933e-15
24 12 10 12 4 0.00248661
24 12 10 12 7 0.00847696
24 12 10 12 13 0.00170193
24 12 11 4 7 0.00307842
24 12 11 6 6 0.00555121
24 12 11 11 8 0.00205158
24 12 11 13 5 0.0129697
24 12 11 13 12 0.00408333
24 12 12 5 12 0.00540196
24 12 12 6 10 0.0060845
24 12 12 7 11 0.0024202
24 12 12 7 12 0.00540879
24 12 12 11 13 0.00171433
24 12 12 12 5 0.0149465
24 12 12 12 7 0.0081722
24 12 13 9 5 0.0330332
24 12 13 12 10 0.00615876
24 13 4 4 4 0.000992862
24 13 4 8 6 0.00685809
24 13 5 10 4 0.00144566
24 13 5 11 8 0.00515542
24 13 5 12 11 0.00250464
24 13 5 13 6 0.00953459
24 13 6 7 13 0.00103331
24 13 6 13 5 0.0215816
24 13 7 7 9 5.02653e-15
24 13 8 6 6 0.00559121
24 13 8 11 8 0.00159256
24 13 9 5 12 0.0038977
24 13 9 12 7 0.00669176
24 13 11 9 8 0.00173406
24 13 12 4 13 0.00112981
24 13 12 8 9 5.64552e-15
24 13 12 10 4 0.0010419
24 13 12 10 12 0.00391536
24 13 12 12 11 0.00150493
24 13 13 6 7 0.0130427
24 13 13 12 4 0.00354886
25 4 4 4 13 3.64917e-15
25 4 4 8 10 4.00692e-15
25 4 4 10 11 3.41484e-15
25 4 4 13 4 2.7566e-15
25 4 5 11 9 0.00133342
25 4 7 9 8 4.70638e-15
25 4 7 12 8 4.18528e-15
25 4 7 12 11 4.89998e-15
25 4 8 6 13 0.0171289
25 4 8 10 4 0.00304165
25 4 9 11 7 0.00440349
25 4 10 4 12 0.0071119
25 4 10 6 10 0.0113195
25 4 10 10 12 0.00590334
25 4 10 11 4 0.00374199
25 4 10 12 9 0.0157714
25 4 11 10 7 0.00228966
25 4 12 4 10 0.0046564
25 4 12 10 12 0.00307129
25 4 13 4 4 0.00175025
25 4 13 5 10 0.00926225
25 4 13 12 10 0.00749953
25 4 13 13 12 0.00980825
25 5 5 8 9 0.00236341
25 5 5 9 12 0.000828899
25 5 6 6 11 0.00486808
25 5 7 11 10 3.22284e-15
25 5 8 9 5 0.00725116
25 5 9 6 12 0.0084375
25 5 9 7 6 0.00655955
25 5 9 11 8 0.00738429
25 5 9 12 5 0.00603425
25 5 10 4 13 0.0106242
25 5 11 8 13 0.00664788
25 5 11 9 4 0.00252145
25 5 11 9 12 0.00693211
25 5 12 6 7 0.00456569
25 5 12 8 10 0.00536143
25 5 12 11 13 0.00798208
25 5 12 12 12 0.00549087
25 5 12 13 9 0.0114409
25 5 13 6 13 0.0137854
25 6 5 9 7 0.000606513
25 6 6 10 8 0.00491149
25 6 6 11 5 0.00347405
25 6 6 12 11 0.00475313
25 6 6 13 8 0.00541396
25 6 7 5 12 4.34209e-15
25 6 7 7 10 3.06662e-15
25 6 7 9 8 4.9624e-15
25 6 7 12 10 3.35936e-15
25 6 7 13 13 5.69648e-15
25 6 10 4 10 0.00709106
25 6 10 8 6 0.0120182
25 6 10 12 12 0.00941671
25 6 11 5 6 0.00511837
25 6 11 8 9 0.00611128
25 6 12 5 9 0.0105327
25 6 12 11 6 0.0069302
25 6 13 4 8 0.00471314
25 6 13 5 13 0.0123914
25 6 13 8 6 0.00539915
25 7 4 9 11 2.8337e-15
25 7 4 11 10 2.41096e-15
25 7 5 12 6 0.000426691
25 7 6 5 9 0.00417438
25 7 7 9 13 3.84737e-15
25 7 7 10 6 2.99814e-15
25 7 9 8 4 0.00276892
25 7 9 8 6 0.00571602
25 7 9 12 10 0.004865
25 7 9 13 7 0.00357038
25 7 10 6 7 0.0059626
25 7 10 8 10 0.00780037
25 7 11 10 5 0.00195947
25 7 11 11 11 0.00236222
25 7 11 12 12 0.00236855
25 7 12 8 4 0.00174587
25 7 12 10 6 0.00310705
25 7 12 10 12 0.00216561
25 7 12 11 4 0.0022222
25 7 12 12 12 0.00384723
25 7 13 9 12 0.00550469
25 7 13 13 6 0.00832485
25 8 4 7 9 4.36906e-15
25 8 4 7 12 2.42146e-15
25 8 5 9 11 0.00108399
25 8 6 6 10 0.00240662
25 8 6 6 13 0.00364112
25 8 6 7 9 0.00308089
25 8 6 13 4 0.00269312
25 8 9 5 5 0.00511455
25 8 9 6 11 0.0100262
25 8 9 13 12 0.00636675
25 8 10 4 4 0.00311996
25 8 10 5 12 0.00810836
25 8 10 7 10 0.00844964
25 8 10 8 12 0.00809115
25 8 10 11 12 0.00502512
25 8 11 8 13 0.00421258
25 8 12 8 10 0.00484305
25 8 12 11 11 0.00504626
25 8 13 5 11 0.00943362
25 8 13 8 11 0.00427492
25 8 13 11 9 0.007825
25 9 4 5 11 3.40871e-15
25 9 4 10 12 1.61454e-15
25 9 5 5 8 0.000572391
25 9 5 12 13 0.000368145
25 9 6 11 8 0.00217129
25 9 6 12 5 0.00219495
25 9 7 6 5 2.54596e-15
25 9 8 4 7 0.00267952
25 9 8 6 7 0.00560433
25 9 8 13 11 0.00710935
25 9 11 7 4 0.00159101
25 9 11 8 5 0.00279074
25 9 12 5 5 0.0037799
25 9 12 5 11 0.0108735
25 9 12 7 13 0.00532171
25 9 12 10 7 0.00187859
25 9 13 7 7 0.00362
25 9 13 12 8 0.00735592
25 10 4 4 8 2.47604e-15
25 10 4 10 6 3.5809e-15
25 10 4 12 4 1.91214e-15
25 10 4 13 5 3.91498e-15
25 10 4 13 12 3.15221e-15
25 10 5 7 11 0.000588373
25 10 5 12 8 0.000483032
25 10 6 7 7 0.00131583
25 10 6 7 12 0.00128977
25 10 6 10 4 0.00159985
25 10 7 4 11 2.38705e-15
25 10 7 9 12 2.74066e-15
25 10 7 10 8 3.43354e-15
25 10 8 6 6 0.012083
25 10 8 10 7 0.00371862
25 10 8 12 8 0.00855308
25 10 10 12 4 0.00571595
25 10 11 4 4 0.0014618
25 10 11 12 8 0.00341243
25 10 12 4 10 0.00349485
25 10 12 4 12 0.00333992
25 10 12 7 12 0.0038623
25 10 12 9 4 0.0025779
25 10 12 12 6 0.007845
25 10 12 13 12 0.00529562
25 11 4 4 10 1.89411e-15
25 11 4 7 12 2.42137e-15
25 11 5 6 6 0.00149842
25 11 6 6 12 0.00248672
25 11 7 4 9 3.56418e-15
25 11 7 11 11 2.96289e-15
25 11 8 5 9 0.0119424
25 11 8 9 6 0.0109602
25 11 8 12 11 0.00744584
25 11 8 13 5 0.00769076
25 11 8 13 8 0.0101986
25 11 9 4 5 0.00285519
25 11 9 8 13 0.00670515
25 11 9 12 5 0.00956255
25 11 10 5 7 0.00557965
25 11 10 7 4 0.00431341
25 11 11 7 11 0.00332629
25 11 11 8 12 0.00265078
25 11 11 11 7 0.0022198
25 11 12 8 10 0.00320931
25 11 12 12 7 0.00268575
25 11 13 5 12 0.00630971
25 11 13 12 12 0.00495107
25 12 4 10 4 1.53167e-15
25 12 4 10 10 2.0396e-15
25 12 4 12 10 3.91052e-15
25 12 4 13 13 6.43285e-15
25 12 5 5 9 0.00172764
25 12 5 9 6 0.00115253
25 12 5 11 9 0.00243463
25 12 5 12 12 0.000435256
25 12 6 7 5 0.00183092
25 12 6 10 12 0.00311785
25 12 7 11 12 3.23227e-15
25 12 7 12 10 4.17633e-15
25 12 7 12 12 4.1219e-15
25 12 7 13 9 7.60697e-15
25 12 8 4 7 0.00361494
25 12 8 9 13 0.0119201
25 12 8 10 5 0.00593284
25 12 8 10 8 0.00858969
25 12 8 10 11 0.00550235
25 12 9 4 10 0.00354789
25 12 10 4 13 0.00966526
25 12 10 6 7 0.00907398
25 12 10 7 9 0.0140385
25 12 10 12 4 0.00695194
25 12 10 12 7 0.00900032
25 12 10 12 13 0.0151557
25 12 11 4 7 0.00288587
25 12 11 6 6 0.00979343
25 12 11 11 8 0.00477636
25 12 11 13 5 0.00515551
25 12 11 13 12 0.00452456
25 12 12 5 12 0.00678843
25 12 12 6 10 0.00615261
25 12 12 7 11 0.00572363
25 12 12 7 12 0.00540362
25 12 12 11 13 0.00698837
25 12 12 12 5 0.00542662
25 12 12 12 7 0.00530606
25 12 13 9 5 0.0062585
25 12 13 12 10 0.00770186
25 13 4 4 4 1.17723e-15
25 13 4 8 6 5.29532e-15
25 13 5 10 4 0.000184479
25 13 5 11 8 0.00119313
25 13 5 12 11 0.000504163
25 13 5 13 6 0.000871482
25 13 6 7 13 0.00257306
25 13 6 13 5 0.00255566
25 13 7 7 9 5.15792e-15
25 13 8 6 6 0.0110108
25 13 8 11 8 0.00799378
25 13 9 5 12 0.00524859
25 13 9 12 7 0.00435963
25 13 11 9 8 0.00440569
25 13 12 4 13 0.00443557
25 13 12 8 9 0.0100656
25 13 12 10 4 0.00153406
25 13 12 10 12 0.00240256
25 13 12 12 11 0.00590457
25 13 13 6 7 0.00491816
25 13 13 12 4 0.00433236
34 4 4 4 13 0.000565882
34 4 4 8 10 0.000348437
34 4 4 10 11 0.000428505
34 4 4 13 4 0.000418315
34 4 5 11 9 0.00234427
34 4 7 9 8 1.72878e-15
34 4 7 12 8 0.00285173
34 4 7 12 11 0.00170728
34 4 8 6 13 0.00618276
34 4 8 10 4 0.000755326
34 4 9 11 7 0.00154001
34 4 10 4 12 0.000419347
34 4 10 6 10 0.00162806
34 4 10 10 12 0.00104385
34 4 10 11 4 0.000824855
34 4 10 12 9 0.00295582
34 4 11 10 7 0.00153817
34 4 12 4 10 0.000453154
34 4 12 10 12 0.00135747
34 4 13 4 4 0.000587254
34 4 13 5 10 0.00621054
34 4 13 12 10 0.00250227
34 4 13 13 12 0.00170647
34 5 5 8 9 0.00201355
34 5 5 9 12 4.34237e-15
34 5 6 6 11 0.00509801
34 5 7 11 10 0.00283786
34 5 8 9 5 6.17507e-15
34 5 9 6 12 0.00824751
34 5 9 7 6 0.00721334
34 5 9 11 8 0.00300052
34 5 9 12 5 0.0136612
34 5 10 4 13 0.00134981
34 5 11 8 13 0.00286207
34 5 11 9 4 2.08784e-15
34 5 11 9 12 8.16049e-15
34 5 12 6 7 0.00514685
34 5 12 8 10 0.0012122
34 5 12 11 13 0.00603331
34 5 12 12 12 0.00715048
34 5 12 13 9 0.00210981
34 5 13 6 13 0.00895359
34 6 5 9 7 5.1328e-15
34 6 6 10 8 0.00366034
34 6 6 11 5 0.0170289
34 6 6 12 11 0.00533965
34 6 6 13 8 0.0031537
34 6 7 5 12 0.0114214
34 6 7 7 10 0.00246641
34 6 7 9 8 3.49116e-15
34 6 7 12 10 0.00355937
34 6 7 13 13 0.00217722
34 6 10 4 10 0.000878614
34 6 10 8 6 0.00274325
34 6 10 12 12 0.00756601
34 6 11 5 6 0.0207444
34 6 11 8 9 0.00251149
34 6 12 5 9 0.0150958
34 6 12 11 6 0.00734936
34 6 13 4 8 0.00227679
34 6 13 5 13 0.0333796
34 6 13 8 6 0.00358677
34 7 4 9 11 1.1335e-15
34 7 4 11 10 0.00131284
34 7 5 12 6 0.00821903
34 7 6 5 9 0.0128071
34 7 7 9 13 2.60742e-15
34 7 7 10 6 0.0018757
34 7 9 8 4 0.00103144
34 7 9 8 6 0.00274905
34 7 9 12 10 0.00324552
34 7 9 13 7 0.002023
34 7 10 6 7 0.00271995
34 7 10 8 10 0.000747087
34 7 11 10 5 0.00308055
34 7 11 11 11 0.00170493
34 7 11 12 12 0.00448666
34 7 12 8 4 0.000844463
34 7 12 10 6 0.00252963
34 7 12 10 12 0.00186683
34 7 12 11 4 0.00171014
34 7 12 12 12 0.004761
34 7 13 9 12 4.71233e-15
34 7 13 13 6 0.00340329
34 8 4 7 9 0.00151212
34 8 4 7 12 0.00163935
34 8 5 9 11 2.06515e-15
34 8 6 6 10 0.00333993
34 8 6 6 13 0.00675844
34 8 6 7 9 0.00351339
34 8 6 13 4 0.00133216
34 8 9 5 5 0.0174641
34 8 9 6 11 0.00407238
34 8 9 13 12 0.00252388
34 8 10 4 4 0.000388579
34 8 10 5 12 0.0078297
34 8 10 7 10 0.00165098
34 8 10 8 12 0.00115522
34 8 10 11 12 0.00203596
34 8 11 8 13 0.00204945
34 8 12 8 10 0.000876031
34 8 12 11 11 0.00233276
34 8 13 5 11 0.0102911
34 8 13 8 11 0.00107028
34 8 13 11 9 0.00402121
34 9 4 5 11 0.00527115
34 9 4 10 12 0.00210203
34 9 5 5 8 0.0138901
34 9 5 12 13 0.00956313
34 9 6 11 8 0.0102482
34 9 6 12 5 0.0161001
34 9 7 6 5 0.00666722
34 9 8 4 7 0.00104043
34 9 8 6 7 0.00624848
34 9 8 13 11 0.00113612
34 9 11 7 4 0.00229995
34 9 11 8 5 0.00395432
34 9 12 5 5 0.0233003
34 9 12 5 11 0.017356
34 9 12 7 13 0.00698294
34 9 12 10 7 0.00214534
34 9 13 7 7 0.00473641
34 9 13 12 8 0.00955517
34 10 4 4 8 0.000540345
34 10 4 10 6 0.00210324
34 10 4 12 4 0.00131917
34 10 4 13 5 0.00195518
34 10 4 13 12 0.00112096
34 10 5 7 11 0.00267846
34 10 5 12 8 0.00340172
34 10 6 7 7 0.00405685
34 10 6 7 12 0.0045532
34 10 6 10 4 0.00131005
34 10 7 4 11 0.000620583
34 10 7 9 12 2.94273e-15
34 10 7 10 8 0.00121017
34 10 8 6 6 0.00927156
34 10 8 10 7 0.00186331
34 10 8 12 8 0.00379824
34 10 10 12 4 0.00181802
34 10 11 4 4 0.00049723
34 10 11 12 8 0.00332593
34 10 12 4 10 0.000669071
34 10 12 4 12 0.00129391
34 10 12 7 12 0.00433107
34 10 12 9 4 1.62292e-15
34 10 12 12 6 0.00798261
34 10 12 13 12 0.00164869
34 11 4 4 10 0.000314682
34 11 4 7 12 0.00195933
34 11 5 6 6 0.00601074
34 11 6 6 12 0.00443028
34 11 7 4 9 0.0010407
34 11 7 11 11 0.00242139
34 11 8 5 9 0.0107963
34 11 8 9 6 3.92562e-15
34 11 8 12 11 0.00279332
34 11 8 13 5 0.00238163
34 11 8 13 8 0.00130646
34 11 9 4 5 0.00134668
34 11 9 8 13 0.00196731
34 11 9 12 5 0.0159611
34 11 10 5 7 0.00503397
34 11 10 7 4 0.00122441
34 11 11 7 11 0.00191488
34 11 11 8 12 0.00133915
34 11 11 11 7 0.00211436
34 11 12 8 10 0.000767631
34 11 12 12 7 0.0033669
34 11 13 5 12 0.0149625
34 11 13 12 12 0.00666263
34 12 4 10 4 0.000981623
34 12 4 10 10 0.00122015
34 12 4 12 10 0.00246443
34 12 4 13 13 0.00226526
34 12 5 5 9 0.0183929
34 12 5 9 6 6.86025e-15
34 12 5 11 9 0.0115919
34 12 5 12 12 0.00813837
34 12 6 7 5 0.00990795
34 12 6 10 12 0.00333457
34 12 7 11 12 0.00512164
34 12 7 12 10 0.00350303
34 12 7 12 12 0.00569529
34 12 7 13 9 0.00186261
34 12 8 4 7 0.00105669
34 12 8 9 13 6.43815e-15
34 12 8 10 5 0.00414629
34 12 8 10 8 0.00228423
34 12 8 10 11 0.00132996
34 12 9 4 10 0.000720332
34 12 10 4 13 0.00138065
34 12 10 6 7 0.00399658
34 12 10 7 9 0.00423232
34 12 10 12 4 0.00338887
34 12 10 12 7 0.00474541
34 12 10 12 13 0.00750261
34 12 11 4 7 0.0012004
34 12 11 6 6 0.0131566
34 12 11 11 8 0.00543773
34 12 11 13 5 0.00430663
34 12 11 13 12 0.00208443
34 12 12 5 12 0.0132675
34 12 12 6 10 0.00473253
34 12 12 7 11 0.00263157
34 12 12 7 12 0.00452477
34 12 12 11 13 0.00603039
34 12 12 12 5 0.0121727
34 12 12 12 7 0.00585347
34 12 13 9 5 1.02366e-14
34 12 13 12 10 0.00568751
34 13 4 4 4 0.000537887
34 13 4 8 6 0.00212779
34 13 5 10 4 0.00172701
34 13 5 11 8 0.00892338
34 13 5 12 11 0.00697619
34 13 5 13 6 0.00339654
34 13 6 7 13 0.00736184
34 13 6 13 5 0.00583533
34 13 7 7 9 0.00591462
34 13 8 6 6 0.0123684
34 13 8 11 8 0.00815656
34 13 9 5 12 0.0195691
34 13 9 12 7 0.0076659
34 13 11 9 8 6.38643e-15
34 13 12 4 13 0.00260121
34 13 12 8 9 0.00442597
34 13 12 10 4 0.00158507
34 13 12 10 12 0.00371387
34 13 12 12 11 0.00547449
34 13 13 6 7 0.00576791
34 13 13 12 4 0.0042636
35 4 4 4 13 0.00219771
35 4 4 8 10 0.0012389
35 4 4 10 11 0.00127802
35 4 4 13 4 0.00190987
35 4 5 11 9 0.00785829
35 4 7 9 8 0.00305516
35 4 7 12 8 0.00283937
35 4 7 12 11 0.00316276
35 4 8 6 13 0.00564352
35 4 8 10 4 0.000668748
35 4 9 11 7 0.0019307
35 4 10 4 12 0.00204503
35 4 10 6 10 0.00445199
35 4 10 10 12 0.00340915
35 4 10 11 4 0.00123291
35 4 10 12 9 0.00553662
35 4 11 10 7 0.00163523
35 4 12 4 10 0.000965523
35 4 12 10 12 0.00299016
35 4 13 4 4 0.00135368
35 4 13 5 10 0.00583214
35 4 13 12 10 0.00479849
35 4 13 13 12 0.0110138
35 5 5 8 9 0.0059229
35 5 5 9 12 0.00921886
35 5 6 6 11 0.00804624
35 5 7 11 10 0.00491673
35 5 8 9 5 0.0053114
35 5 9 6 12 0.00648292
35 5 9 7 6 0.00254079
35 5 9 11 8 0.00315988
35 5 9 12 5 0.00454774
35 5 10 4 13 0.00234042
35 5 11 8 13 0.00700121
35 5 11 9 4 0.00221933
35 5 11 9 12 0.013401
35 5 12 6 7 0.00600656
35 5 12 8 10 0.00149615
35 5 12 11 13 0.00782724
35 5 12 12 12 0.00584177
35 5 12 13 9 0.00860853
35 5 13 6 13 0.0120682
35 6 5 9 7 0.00645073
35 6 6 10 8 0.00415758
35 6 6 11 5 0.0120305
35 6 6 12 11 0.00628161
35 6 6 13 8 0.00806085
35 6 7 5 12 0.0107895
35 6 7 7 10 0.00280738
35 6 7 9 8 0.00740816
35 6 7 12 10 0.00584332
35 6 7 13 13 0.0160604
35 6 10 4 10 0.00128058
35 6 10 8 6 0.00393778
35 6 10 12 12 0.00582522
35 6 11 5 6 0.0128489
35 6 11 8 9 0.00607282
35 6 12 5 9 0.0103637
35 6 12 11 6 0.00762982
35 6 13 4 8 0.00361675
35 6 13 5 13 0.00900804
35 6 13 8 6 0.00428936
35 7 4 9 11 0.00321842
35 7 4 11 10 0.00267251
35 7 5 12 6 0.00660056
35 7 6 5 9 0.00602853
35 7 7 9 13 0.00553793
35 7 7 10 6 0.00297391
35 7 9 8 4 0.00083127
35 7 9 8 6 0.00177552
35 7 9 12 10 0.00170226
35 7 9 13 7 0.002546
35 7 10 6 7 0.0043083
35 7 10 8 10 0.00133618
35 7 11 10 5 0.00181259
35 7 11 11 11 0.00192381
35 7 11 12 12 0.00184922
35 7 12 8 4 0.00136797
35 7 12 10 6 0.00299436
35 7 12 10 12 0.00299381
35 7 12 11 4 0.00146712
35 7 12 12 12 0.00427182
35 7 13 9 12 0.00469387
35 7 13 13 6 0.00998257
35 8 4 7 9 0.00247033
35 8 4 7 12 0.00216576
35 8 5 9 11 0.00705666
35 8 6 6 10 0.00560282
35 8 6 6 13 0.0105938
35 8 6 7 9 0.00312307
35 8 6 13 4 0.00359834
35 8 9 5 5 0.00462132
35 8 9 6 11 0.00453125
35 8 9 13 12 0.0072956
35 8 10 4 4 0.00126453
35 8 10 5 12 0.00657121
35 8 10 7 10 0.00226633
35 8 10 8 12 0.00371265
35 8 10 11 12 0.00467235
35 8 11 8 13 0.00485857
35 8 12 8 10 0.00170331
35 8 12 11 11 0.00375303
35 8 13 5 11 0.00847479
35 8 13 8 11 0.00516046
35 8 13 11 9 0.00927952
35 9 4 5 11 0.00188281
35 9 4 10 12 0.00181541
35 9 5 5 8 0.00500942
35 9 5 12 13 0.00720359
35 9 6 11 8 0.0025788
35 9 6 12 5 0.00363748
35 9 7 6 5 0.0106756
35 9 8 4 7 0.00106519
35 9 8 6 7 0.0034179
35 9 8 13 11 0.00227531
35 9 11 7 4 0.00125138
35 9 11 8 5 0.00411669
35 9 12 5 5 0.00378165
35 9 12 5 11 0.00395032
35 9 12 7 13 0.00202468
35 9 12 10 7 0.00138627
35 9 13 7 7 0.00163821
35 9 13 12 8 0.00429303
35 10 4 4 8 0.00106217
35 10 4 10 6 0.00264238
35 10 4 12 4 0.00105383
35 10 4 13 5 0.00583475
35 10 4 13 12 0.00441267
35 10 5 7 11 0.00203856
35 10 5 12 8 0.00516087
35 10 6 7 7 0.00124177
35 10 6 7 12 0.001517
35 10 6 10 4 0.000873107
35 10 7 4 11 0.00101097
35 10 7 9 12 0.00440458
35 10 7 10 8 0.00220091
35 10 8 6 6 0.00504758
35 10 8 10 7 0.00122362
35 10 8 12 8 0.00200303
35 10 10 12 4 0.000841744
35 10 11 4 4 0.000807968
35 10 11 12 8 0.00223364
35 10 12 4 10 0.000736436
35 10 12 4 12 0.00166456
35 10 12 7 12 0.00170742
35 10 12 9 4 0.0013069
35 10 12 12 6 0.00461896
35 10 12 13 12 0.00526502
35 11 4 4 10 0.000705715
35 11 4 7 12 0.0020504
35 11 5 6 6 0.0124991
35 11 6 6 12 0.011086
35 11 7 4 9 0.00155323
35 11 7 11 11 0.00272199
35 11 8 5 9 0.00346613
35 11 8 9 6 0.00324328
35 11 8 12 11 0.00183574
35 11 8 13 5 0.00658535
35 11 8 13 8 0.00269909
35 11 9 4 5 0.00160511
35 11 9 8 13 0.00293603
35 11 9 12 5 0.00633915
35 11 10 5 7 0.00301274
35 11 10 7 4 0.0012412
35 11 11 7 11 0.00104945
35 11 11 8 12 0.00237607
35 11 11 11 7 0.00220045
35 11 12 8 10 0.000897581
35 11 12 12 7 0.00295171
35 11 13 5 12 0.00694571
35 11 13 12 12 0.00550648
35 12 4 10 4 0.00104971
35 12 4 10 10 0.00152403
35 12 4 12 10 0.00333404
35 12 4 13 13 0.00969907
35 12 5 5 9 0.00993844
35 12 5 9 6 0.00856647
35 12 5 11 9 0.0156911
35 12 5 12 12 0.00633003
35 12 6 7 5 0.002766
35 12 6 10 12 0.0045195
35 12 7 11 12 0.00433604
35 12 7 12 10 0.00416393
35 12 7 12 12 0.0054497
35 12 7 13 9 0.00993271
35 12 8 4 7 0.00114694
35 12 8 9 13 0.00551983
35 12 8 10 5 0.00263833
35 12 8 10 8 0.00154215
35 12 8 10 11 0.0010914
35 12 9 4 10 0.000751026
35 12 10 4 13 0.00230908
35 12 10 6 7 0.00428163
35 12 10 7 9 0.00241146
35 12 10 12 4 0.00152718
35 12 10 12 7 0.00306786
35 12 10 12 13 0.00549785
35 12 11 4 7 0.00155411
35 12 11 6 6 0.0102938
35 12 11 11 8 0.00305613
35 12 11 13 5 0.00753429
35 12 11 13 12 0.0057965
35 12 12 5 12 0.00506276
35 12 12 6 10 0.0039429
35 12 12 7 11 0.00133539
35 12 12 7 12 0.0024866
35 12 12 11 13 0.00604203
35 12 12 12 5 0.00547143
35 12 12 12 7 0.00345104
35 12 13 9 5 0.00672335
35 12 13 12 10 0.00428968
35 13 4 4 4 0.00112775
35 13 4 8 6 0.00340589
35 13 5 10 4 0.00206064
35 13 5 11 8 0.00649906
35 13 5 12 11 0.00534258
35 13 5 13 6 0.0163215
35 13 6 7 13 0.00298188
35 13 6 13 5 0.0112346
35 13 7 7 9 0.00270591
35 13 8 6 6 0.00695747
35 13 8 11 8 0.00298983
35 13 9 5 12 0.00243893
35 13 9 12 7 0.00225209
35 13 11 9 8 0.00329019
35 13 12 4 13 0.00227375
35 13 12 8 9 0.003039
35 13 12 10 4 0.00120792
35 13 12 10 12 0.00327224
35 13 12 12 11 0.00318773
35 13 13 6 7 0.00618522
35 13 13 12 4 0.00224559
26 4 7 9 8 0.0365962
26 4 7 12 8 0.0412746
26 4 7 12 11 0.0393558
26 5 7 11 10 0.0450492
26 6 7 5 12 0.0848967
26 6 7 7 10 0.0552297
26 6 7 9 8 0.061336
26 6 7 12 10 0.0567494
26 6 7 13 13 0.0729575
26 7 7 9 13 0.0724624
26 7 7 10 6 0.0605529
26 9 7 6 5 0.0186565
26 10 7 4 11 0.0199729
26 10 7 9 12 0.0237466
26 10 7 10 8 0.0307652
26 11 7 4 9 0.0236246
26 11 7 11 11 0.0301891
26 12 7 11 12 0.0393338
26 12 7 12 10 0.0520218
26 12 7 12 12 0.0553277
26 12 7 13 9 0.0468764
26 13 7 7 9 0.0330248
27 8 11 4 7 1
36 4 4 4 13 0.00107263
36 4 4 8 10 0.00152931
36 4 4 10 11 0.00204364
36 4 4 13 4 0.0011353
36 4 7 9 8 0.000813802
36 4 7 12 8 0.000542631
36 4 7 12 11 0.00063784
36 4 8 6 13 0.00659002
36 4 8 10 4 0.00103561
36 4 9 11 7 0.000812189
36 4 10 4 12 0.00144442
36 4 10 6 10 0.00542886
36 4 10 10 12 0.00285249
36 4 10 11 4 0.00202826
36 4 10 12 9 0.0045493
36 4 11 10 7 0.000671105
36 4 12 4 10 0.00111751
36 4 12 10 12 0.00150701
36 4 13 4 4 0.000491619
36 4 13 5 10 0.0023107
36 4 13 12 10 0.00202471
36 4 13 13 12 0.0029585
36 5 7 11 10 0.00177474
36 5 8 9 5 0.00701636
36 5 9 6 12 0.00718882
36 5 9 7 6 0.00553888
36 5 9 11 8 0.00579501
36 5 9 12 5 0.00740516
36 5 10 4 13 0.00494407
36 5 11 8 13 0.00376765
36 5 11 9 4 0.00194849
36 5 11 9 12 0.0052938
36 5 12 8 10 0.00238249
36 5 12 11 13 0.00663776
36 5 12 12 12 0.00408766
36 5 12 13 9 0.00819341
36 5 13 6 13 0.0129224
36 6 7 5 12 0.000708501
36 6 7 7 10 0.000324668
36 6 7 9 8 0.0013856
36 6 7 12 10 0.000381346
36 6 7 13 13 0.00161973
36 6 10 4 10 0.000682069
36 6 10 8 6 0.00268477
36 6 10 12 12 0.00208186
36 6 11 5 6 0.00138965
36 6 11 8 9 0.000555548
36 6 12 5 9 0.00115477
36 6 12 11 6 0.00196455
36 6 13 4 8 0.000408667
36 6 13 5 13 0.00187416
36 6 13 8 6 0.00144066
36 7 4 9 11 0.00679364
36 7 4 11 10 0.00478012
36 7 7 9 13 0.00370429
36 7 7 10 6 0.00169133
36 7 9 8 4 0.00210492
36 7 9 8 6 0.00499469
36 7 9 12 10 0.00479598
36 7 9 13 7 0.00627116
36 7 10 6 7 0.00526364
36 7 10 8 10 0.00857638
36 7 11 10 5 0.00301637
36 7 11 11 11 0.00356547
36 7 11 12 12 0.00159687
36 7 12 8 4 0.00174248
36 7 12 10 6 0.00613883
36 7 12 10 12 0.0043267
36 7 12 11 4 0.0026799
36 7 12 12 12 0.00351888
36 7 13 9 12 0.00420431
36 7 13 13 6 0.00848852
36 9 4 5 11 0.0146943
36 9 4 10 12 0.0155616
36 9 7 6 5 0.0169977
36 9 8 4 7 0.00283325
36 9 8 6 7 0.0119668
36 9 8 13 11 0.0163203
36 9 11 7 4 0.00421692
36 9 11 8 5 0.00995664
36 9 12 5 5 0.0225316
36 9 12 5 11 0.0262421
36 9 12 7 13 0.0114299
36 9 12 10 7 0.0158274
36 9 13 7 7 0.00980921
36 9 13 12 8 0.0157536
36 10 4 4 8 0.00214131
36 10 4 10 6 0.00883137
36 10 4 12 4 0.00304451
36 10 4 13 5 0.0109901
36 10 4 13 12 0.00810396
36 10 7 4 11 0.000538052
36 10 7 9 12 0.00392422
36 10 7 10 8 0.00175989
36 10 8 6 6 0.0105913
36 10 8 10 7 0.00395412
36 10 8 12 8 0.00364984
36 10 10 12 4 0.00524874
36 10 11 4 4 0.000678815
36 10 11 12 8 0.00182482
36 10 12 4 10 0.00152959
36 10 12 4 12 0.00241507
36 10 12 7 12 0.00379695
36 10 12 9 4 0.0034173
36 10 12 12 6 0.00662792
36 10 12 13 12 0.00825027
36 11 4 4 10 0.0026447
36 11 4 7 12 0.00380283
36 11 7 4 9 0.0014115
36 11 7 11 11 0.00285171
36 11 8 5 9 0.00715816
36 11 8 9 6 0.00902798
36 11 8 12 11 0.00492529
36 11 8 13 5 0.015331
36 11 8 13 8 0.00898201
36 11 9 4 5 0.00178985
36 11 9 8 13 0.00627585
36 11 9 12 5 0.0158972
36 11 10 5 7 0.00542675
36 11 10 7 4 0.00598855
36 11 11 7 11 0.00254897
36 11 11 8 12 0.0022396
36 11 11 11 7 0.00287273
36 11 12 8 10 0.00323823
36 11 12 12 7 0.00306268
36 11 13 5 12 0.00482714
36 11 13 12 12 0.00426939
36 12 4 10 4 0.00503568
36 12 4 10 10 0.00732855
36 12 4 12 10 0.00624209
36 12 4 13 13 0.0177312
36 12 7 11 12 0.00293381
36 12 7 12 10 0.00256639
36 12 7 12 12 0.00269793
36 12 7 13 9 0.00746134
36 12 8 4 7 0.00168924
36 12 8 9 13 0.0116596
36 12 8 10 5 0.00682111
36 12 8 10 8 0.00548748
36 12 8 10 11 0.00442816
36 12 9 4 10 0.00193506
36 12 10 4 13 0.00716013
36 12 10 6 7 0.0151847
36 12 10 7 9 0.011881
36 12 10 12 4 0.00739448
36 12 10 12 7 0.00956529
36 12 10 12 13 0.0157184
36 12 11 4 7 0.000788269
36 12 11 6 6 0.00968744
36 12 11 11 8 0.00391203
36 12 11 13 5 0.00854832
36 12 11 13 12 0.00483695
36 12 12 5 12 0.00703552
36 12 12 6 10 0.0109594
36 12 12 7 11 0.00406845
36 12 12 7 12 0.00344874
36 12 12 11 13 0.0093818
36 12 12 12 5 0.0100012
36 12 12 12 7 0.00584381
36 12 13 9 5 0.00946683
36 12 13 12 10 0.0058291
36 13 4 4 4 0.001312
36 13 4 8 6 0.0128246
36 13 7 7 9 0.00537291
36 13 8 6 6 0.0180369
36 13 8 11 8 0.00853997
36 13 9 5 12 0.0110861
36 13 9 12 7 0.00628517
36 13 11 9 8 0.00537508
36 13 12 4 13 0.00490945
36 13 12 8 9 0.0105496
36 13 12 10 4 0.00463607
36 13 12 10 12 0.0103455
36 13 12 12 11 0.00952527
36 13 13 6 7 0.00642282
36 13 13 12 4 0.00461249
37 4 4 4 13 0.0256861
37 4 4 8 10 0.0157917
37 4 4 10 11 0.0289845
37 4 4 13 4 0.0403169
37 4 5 11 9 0.0557709
37 4 7 9 8 0.0928642
37 4 7 12 8 0.0731803
37 4 7 12 11 0.0503071
37 4 8 6 13 0.0724287
37 4 8 10 4 0.0369519
37 4 9 11 7 0.0237142
37 4 10 4 12 0.0345162
37 4 10 6 10 0.0304318
37 4 10 10 12 0.0495439
37 4 10 11 4 0.0289413
37 4 10 12 9 0.0324052
37 4 11 10 7 0.0383857
37 4 12 4 10 0.0213242
37 4 12 10 12 0.0662774
37 4 13 4 4 0.0314334
37 4 13 5 10 0.0308314
37 4 13 12 10 0.025725
37 4 13 13 12 0.0941881
28 4 4 4 13 7.45877e-15
28 4 4 8 10 6.92474e-15
28 4 4 10 11 0.0728328
28 4 4 13 4 9.62484e-15
28 4 5 11 9 3.12848e-15
28 4 7 9 8 4.00946e-15
28 4 7 12 8 4.35675e-15
28 4 7 12 11 0.0474909
28 4 8 6 13 4.71662e-15
28 4 8 10 4 2.38835e-15
28 4 9 11 7 2.88178e-15
28 4 10 4 12 2.56522e-15
28 4 10 6 10 5.52908e-15
28 4 10 10 12 4.1204e-15
28 4 10 11 4 3.17274e-15
28 4 10 12 9 5.521e-15
28 4 11 10 7 1.30887e-14
28 4 12 4 10 2.81558e-15
28 4 12 10 12 3.27024e-15
28 4 13 4 4 1.17042e-15
28 4 13 5 10 2.08768e-15
28 4 13 12 10 1.98575e-15
28 4 13 13 12 1.88277e-15
28 5 5 8 9 5.227e-15
28 5 5 9 12 3.95338e-15
28 5 6 6 11 0.033843
28 5 7 11 10 2.53021e-15
28 5 8 9 5 5.10965e-15
28 5 9 6 12 7.01143e-15
28 5 9 7 6 6.34777e-15
28 5 9 11 8 6.07301e-15
28 5 9 12 5 1.17566e-14
28 5 10 4 13 7.59216e-15
28 5 11 8 13 1.51826e-14
28 5 11 9 4 1.65892e-14
28 5 11 9 12 2.88427e-14
28 5 12 6 7 5.33989e-15
28 5 12 8 10 2.91904e-15
28 5 12 11 13 4.65049e-15
28 5 12 12 12 4.60603e-15
28 5 12 13 9 4.92334e-15
28 5 13 6 13 5.55853e-15
28 6 5 9 7 1.98179e-15
28 6 6 10 8 3.58278e-15
28 6 6 11 5 4.10435e-15
28 6 6 12 11 0.0511581
28 6 6 13 8 3.19844e-15
28 6 7 5 12 1.47533e-15
28 6 7 7 10 1.39584e-15
28 6 7 9 8 1.77694e-15
28 6 7 12 10 1.65465e-15
28 6 7 13 13 1.99491e-15
28 6 10 4 10 3.00193e-15
28 6 10 8 6 3.67666e-15
28 6 10 12 12 3.57902e-15
28 6 11 5 6 1.65581e-14
28 6 11 8 9 5.00062e-15
28 6 12 5 9 2.51368e-15
28 6 12 11 6 2.35133e-15
28 6 13 4 8 2.04941e-15
28 6 13 5 13 3.33723e-15
28 6 13 8 6 2.26725e-15
28 7 4 9 11 0.115473
28 7 4 11 10 1.18166e-14
28 7 5 12 6 7.80275e-15
28 7 6 5 9 4.98614e-15
28 7 7 9 13 1.16011e-14
28 7 7 10 6 1.17864e-14
28 7 9 8 4 2.89072e-15
28 7 9 8 6 4.50708e-15
28 7 9 12 10 6.4801e-15
28 7 9 13 7 6.20964e-15
28 7 10 6 7 9.55854e-15
28 7 10 8 10 5.56019e-15
28 7 11 10 5 2.69429e-14
28 7 11 11 11 0.123161
28 7 11 12 12 1.84544e-14
28 7 12 8 4 4.72766e-15
28 7 12 10 6 9.27676e-15
28 7 12 10 12 6.91334e-15
28 7 12 11 4 5.80924e-15
28 7 12 12 12 7.9883e-15
28 7 13 9 12 1.75448e-15
28 7 13 13 6 3.15872e-15
28 8 4 7 9 9.93682e-15
28 8 4 7 12 6.52489e-15
28 8 5 9 11 0.0419545
28 8 6 6 10 2.09615e-15
28 8 6 6 13 2.5165e-15
28 8 6 7 9 2.55557e-15
28 8 6 13 4 2.91028e-15
28 8 9 5 5 3.88162e-15
28 8 9 6 11 0.0346221
28 8 9 13 12 3.02745e-15
28 8 10 4 4 3.59526e-15
28 8 10 5 12 5.14839e-15
28 8 10 7 10 5.99452e-15
28 8 10 8 12 2.5362e-15
28 8 10 11 12 2.78371e-15
28 8 11 8 13 1.16579e-14
28 8 12 8 10 5.01958e-15
28 8 12 11 11 0.0500857
28 8 13 5 11 0.0116236
28 8 13 8 11 0.0089622
28 8 13 11 9 1.17898e-15
28 9 4 5 11 0.0514313
28 9 4 10 12 3.59145e-15
28 9 5 5 8 1.78112e-15
28 9 5 12 13 1.87375e-15
28 9 6 11 8 1.46151e-15
28 9 6 12 5 2.03049e-15
28 9 7 6 5 2.69046e-15
28 9 8 4 7 1.1873e-15
28 9 8 6 7 1.72327e-15
28 9 8 13 11 0.0132338
28 9 11 7 4 5.97771e-15
28 9 11 8 5 4.90027e-15
28 9 12 5 5 3.95821e-15
28 9 12 5 11 0.0616994
28 9 12 7 13 3.30828e-15
28 9 12 10 7 2.69403e-15
28 9 13 7 7 5.12956e-16
28 9 13 12 8 8.02363e-16
28 10 4 4 8 7.65181e-15
28 10 4 10 6 1.16139e-14
28 10 4 12 4 1.02077e-14
28 10 4 13 5 1.39314e-14
28 10 4 13 12 7.87879e-15
28 10 5 7 11 0.0210358
28 10 5 12 8 3.08854e-15
28 10 6 7 7 3.39489e-15
28 10 6 7 12 2.33045e-15
28 10 6 10 4 3.52681e-15
28 10 7 4 11 0.0184791
28 10 7 9 12 1.89668e-15
28 10 7 10 8 3.01516e-15
28 10 8 6 6 4.25571e-15
28 10 8 10 7 3.55359e-15
28 10 8 12 8 4.0607e-15
28 10 10 12 4 5.09453e-15
28 10 11 4 4 6.85106e-15
28 10 11 12 8 1.32964e-14
28 10 12 4 10 2.49371e-15
28 10 12 4 12 2.00608e-15
28 10 12 7 12 2.54628e-15
28 10 12 9 4 2.43871e-15
28 10 12 12 6 4.87311e-15
28 10 12 13 12 2.72382e-15
28 11 4 4 10 3.1375e-15
28 11 4 7 12 3.72085e-15
28 11 5 6 6 1.62952e-15
28 11 6 6 12 1.37771e-15
28 11 7 4 9 1.71189e-15
28 11 7 11 11 0.0129236
28 11 8 5 9 1.99924e-15
28 11 8 9 6 1.51007e-15
28 11 8 12 11 0.0192076
28 11 8 13 5 2.72109e-15
28 11 8 13 8 1.89299e-15
28 11 9 4 5 1.92506e-15
28 11 9 8 13 1.47889e-15
28 11 9 12 5 6.09985e-15
28 11 10 5 7 2.90221e-15
28 11 10 7 4 2.1399e-15
28 11 11 7 11 0.0589798
28 11 11 8 12 2.94062e-15
28 11 11 11 7 3.8177e-15
28 11 12 8 10 1.4028e-15
28 11 12 12 7 2.40747e-15
28 11 13 5 12 9.07301e-16
28 11 13 12 12 8.01878e-16
28 12 4 10 4 5.71632e-15
28 12 4 10 10 6.44126e-15
28 12 4 12 10 7.57307e-15
28 12 4 13 13 9.46707e-15
28 12 5 5 9 3.01534e-15
28 12 5 9 6 2.33168e-15
28 12 5 11 9 4.54076e-15
28 12 5 12 12 2.28289e-15
28 12 6 7 5 2.79336e-15
28 12 6 10 12 2.36459e-15
28 12 7 11 12 1.05063e-15
28 12 7 12 10 2.54852e-15
28 12 7 12 12 2.08055e-15
28 12 7 13 9 2.71109e-15
28 12 8 4 7 1.81997e-15
28 12 8 9 13 2.42511e-15
28 12 8 10 5 2.43394e-15
28 12 8 10 8 2.30952e-15
28 12 8 10 11 0.0152299
28 12 9 4 10 2.13568e-15
28 12 10 4 13 2.96219e-15
28 12 10 6 7 3.35379e-15
28 12 10 7 9 3.54767e-15
28 12 10 12 4 3.61376e-15
28 12 10 12 7 4.26235e-15
28 12 10 12 13 4.76404e-15
28 12 11 4 7 5.89207e-15
28 12 11 6 6 1.62373e-14
28 12 11 11 8 5.90524e-15
28 12 11 13 5 1.18726e-14
28 12 11 13 12 6.57436e-15
28 12 12 5 12 2.47659e-15
28 12 12 6 10 2.82533e-15
28 12 12 7 11 0.0151513
28 12 12 7 12 1.90038e-15
28 12 12 11 13 2.18273e-15
28 12 12 12 5 3.76004e-15
28 12 12 12 7 2.96222e-15
28 12 13 9 5 1.50835e-15
28 12 13 12 10 1.87469e-15
28 13 4 4 4 7.7175e-15
28 13 4 8 6 1.37284e-14
28 13 5 10 4 3.86452e-15
28 13 5 11 8 4.81458e-15
28 13 5 12 11 0.0586363
28 13 5 13 6 5.38386e-15
28 13 6 7 13 4.30156e-15
28 13 6 13 5 5.74809e-15
28 13 7 7 9 5.37192e-15
28 13 8 6 6 4.50791e-15
28 13 8 11 8 3.56192e-15
28 13 9 5 12 3.70131e-15
28 13 9 12 7 6.81885e-15
28 13 11 9 8 1.66281e-14
28 13 12 4 13 5.52829e-15
28 13 12 8 9 4.9922e-15
28 13 12 10 4 4.55449e-15
28 13 12 10 12 4.2428e-15
28 13 12 12 11 0.0627858
28 13 13 6 7 2.23309e-15
28 13 13 12 4 2.58684e-15
29 1 0 1 4 0.036904
29 1 0 2 4 0.0349246
29 1 0 2 9 0.0225275
29 1 0 2 11 0.0336519
29 1 0 2 12 0.0330481
29 1 0 3 4 0.0310216
29 1 0 3 6 0.026911
29 1 0 3 8 0.022146
29 1 0 3 10 2.36092e-14
29 1 0 3 12 0.0267318
29 2 0 1 4 0.0551205
29 2 0 1 5 0.0759404
29 2 0 1 7 0.0479377
29 2 0 1 11 0.0797048
29 2 0 1 12 0.0494017
29 2 0 2 7 0.0309558
29 2 0 2 10 3.48037e-14
29 2 0 2 11 0.0289843
29 2 0 2 12 0.0427304
29 2 0 3 12 0.0378101
29 3 0 1 6 0.0580901
29 3 0 1 10 4.81626e-14
29 3 0 2 4 0.043302
29 3 0 2 11 0.0397994
29 3 0 3 4 0.0384641
29 3 0 3 5 0.0456863
29 3 0 3 8 0.0255254
29 3 0 3 9 0.0120946
29 3 0 3 13 0.0205858
38 4 4 4 13 0.00306881
38 4 4 8 10 0.00229485
38 4 4 10 11 0.000697821
38 4 4 13 4 0.00298362
38 4 5 11 9 0.000142917
38 4 7 9 8 0.000599638
38 4 7 12 8 0.000610456
38 4 7 12 11 0.000174314
38 4 8 6 13 0.00135324
38 4 8 10 4 0.000602756
38 4 9 11 7 0.000616441
38 4 10 4 12 0.0002264
38 4 10 6 10 0.00183539
38 4 10 10 12 0.000351752
38 4 10 11 4 0.000703374
38 4 10 12 9 0.000322641
38 4 11 10 7 1.24478e-14
38 4 12 4 10 0.00136879
38 4 12 10 12 0.000525857
38 4 13 4 4 7.04831e-16
38 4 13 5 10 1.42203e-15
38 4 13 12 10 1.14749e-15
38 4 13 13 12 1.23744e-15
38 5 5 8 9 0.00162921
38 5 5 9 12 0.00209652
38 5 6 6 11 0.0022385
38 5 7 11 10 0.00535912
38 5 8 9 5 0.00205402
38 5 9 6 12 0.00337201
38 5 9 7 6 2.59125e-15
38 5 9 11 8 0.00749782
38 5 9 12 5 0.0035837
38 5 10 4 13 0.0123108
38 5 11 8 13 0.0222269
38 5 11 9 4 0.0134549
38 5 11 9 12 0.0115139
38 5 12 6 7 0.011288
38 5 12 8 10 0.00536343
38 5 12 11 13 0.00913583
38 5 12 12 12 0.00264117
38 5 12 13 9 0.00226485
38 5 13 6 13 0.00672369
38 6 5 9 7 0.00467205
38 6 6 10 8 0.00847007
38 6 6 11 5 0.000478149
38 6 6 12 11 0.00240138
38 6 6 13 8 0.00835294
38 6 7 5 12 0.00122928
38 6 7 7 10 0.00412391
38 6 7 9 8 0.00316112
38 6 7 12 10 0.00409335
38 6 7 13 13 0.00555125
38 6 10 4 10 0.00875345
38 6 10 8 6 4.07006e-15
38 6 10 12 12 0.00298797
38 6 11 5 6 2.24293e-14
38 6 11 8 9 0.00163324
38 6 12 5 9 0.00258957
38 6 12 11 6 2.59907e-15
38 6 13 4 8 0.00300582
38 6 13 5 13 0.00696154
38 6 13 8 6 1.75041e-15
38 7 4 9 11 0.0033526
38 7 4 11 10 0.0139547
38 7 5 12 6 2.68394e-15
38 7 6 5 9 0.00129618
38 7 7 9 13 0.0136802
38 7 7 10 6 3.8349e-15
38 7 9 8 4 0.00243431
38 7 9 8 6 2.03788e-15
38 7 9 12 10 0.00693139
38 7 9 13 7 0.00820568
38 7 10 6 7 0.0120002
38 7 10 8 10 0.00593061
38 7 11 10 5 0.00545748
38 7 11 11 11 0.00114171
38 7 11 12 12 0.00484823
38 7 12 8 4 0.00420158
38 7 12 10 6 4.12142e-15
38 7 12 10 12 0.0027959
38 7 12 11 4 0.00560706
38 7 12 12 12 0.00282997
38 7 13 9 12 0.000499166
38 7 13 13 6 1.72019e-15
38 8 4 7 9 0.000529692
38 8 4 7 12 0.000479107
38 8 5 9 11 0.000173495
38 8 6 6 10 0.00106292
38 8 6 6 13 0.00125182
38 8 6 7 9 0.000255087
38 8 6 13 4 0.00124906
38 8 9 5 5 0.000404214
38 8 9 6 11 0.000320802
38 8 9 13 12 0.000470864
38 8 10 4 4 0.000675314
38 8 10 5 12 0.000378681
38 8 10 7 10 0.00124424
38 8 10 8 12 0.000242328
38 8 10 11 12 0.000224575
38 8 11 8 13 1.11257e-14
38 8 12 8 10 4.56689e-15
38 8 12 11 11 5.52883e-15
38 8 13 5 11 2.47074e-15
38 8 13 8 11 1.36669e-15
38 8 13 11 9 1.6064e-15
38 9 4 5 11 0.00889532
38 9 4 10 12 0.00916809
38 9 5 5 8 0.006933
38 9 5 12 13 0.00900726
38 9 6 11 8 0.010004
38 9 6 12 5 0.00365803
38 9 7 6 5 0.0021928
38 9 8 4 7 0.010858
38 9 8 6 7 0.0183199
38 9 8 13 11 0.00304955
38 9 11 7 4 0.0082644
38 9 11 8 5 0.00431329
38 9 12 5 5 0.00532176
38 9 12 5 11 0.00732503
38 9 12 7 13 0.0205811
38 9 12 10 7 0.0185873
38 9 13 7 7 0.00571311
38 9 13 12 8 0.0052353
38 10 4 4 8 0.00765732
38 10 4 10 6 1.49869e-14
38 10 4 12 4 0.010609
38 10 4 13 5 0.00403111
38 10 4 13 12 0.00336516
38 10 5 7 11 0.000750298
38 10 5 12 8 0.00371688
38 10 6 7 7 0.00565114
38 10 6 7 12 0.00106258
38 10 6 10 4 0.00569666
38 10 7 4 11 0.000582594
38 10 7 9 12 0.000993727
38 10 7 10 8 0.0043074
38 10 8 6 6 4.28297e-15
38 10 8 10 7 0.00566514
38 10 8 12 8 0.00360842
38 10 10 12 4 0.00656327
38 10 11 4 4 0.00170615
38 10 11 12 8 0.0115388
38 10 12 4 10 0.0038341
38 10 12 4 12 0.000886726
38 10 12 7 12 0.00121182
38 10 12 9 4 0.00327161
38 10 12 12 6 7.09919e-15
38 10 12 13 12 0.00135273
38 11 4 4 10 0.0281197
38 11 4 7 12 0.00907799
38 11 5 6 6 4.14648e-15
38 11 6 6 12 0.0031338
38 11 7 4 9 0.00479498
38 11 7 11 11 0.000624161
38 11 8 5 9 0.00286522
38 11 8 9 6 3.16089e-15
38 11 8 12 11 0.0013658
38 11 8 13 5 0.00378098
38 11 8 13 8 0.00900873
38 11 9 4 5 0.00229704
38 11 9 8 13 0.00667814
38 11 9 12 5 0.00736225
38 11 10 5 7 0.0259237
38 11 10 7 4 0.0154583
38 11 11 7 11 0.00292827
38 11 11 8 12 0.00672917
38 11 11 11 7 0.0099707
38 11 12 8 10 0.0153388
38 11 12 12 7 0.0297595
38 11 13 5 12 0.00053249
38 11 13 12 12 0.000420048
38 12 4 10 4 0.0161792
38 12 4 10 10 0.0234436
38 12 4 12 10 0.0220716
38 12 4 13 13 0.0314895
38 12 5 5 9 0.00116204
38 12 5 9 6 2.81487e-15
38 12 5 11 9 0.00149147
38 12 5 12 12 0.000995893
38 12 6 7 5 0.00145434
38 12 6 10 12 0.00197897
38 12 7 11 12 0.000464279
38 12 7 12 10 0.00345756
38 12 7 12 12 0.000848641
38 12 7 13 9 0.0008925
38 12 8 4 7 0.00449361
38 12 8 9 13 0.00816578
38 12 8 10 5 0.0015045
38 12 8 10 8 0.00494995
38 12 8 10 11 0.00106612
38 12 9 4 10 0.00584942
38 12 10 4 13 0.00705172
38 12 10 6 7 0.00904916
38 12 10 7 9 0.0018447
38 12 10 12 4 0.00688279
38 12 10 12 7 0.0104229
38 12 10 12 13 0.0112454
38 12 11 4 7 0.0126044
38 12 11 6 6 1.90769e-14
38 12 11 11 8 0.00894979
38 12 11 13 5 0.00467214
38 12 11 13 12 0.00352574
38 12 12 5 12 0.00211301
38 12 12 6 10 0.00795443
38 12 12 7 11 0.00103476
38 12 12 7 12 0.00155445
38 12 12 11 13 0.0040305
38 12 12 12 5 0.00198809
38 12 12 12 7 0.00823144
38 12 13 9 5 0.000711489
38 12 13 12 10 0.00345272
38 13 4 4 4 0.00187567
38 13 4 8 6 1.0519e-14
38 13 5 10 4 0.00100136
38 13 5 11 8 0.00112935
38 13 5 12 11 0.000263222
38 13 5 13 6 6.12722e-15
38 13 6 7 13 0.00166377
38 13 6 13 5 0.000505792
38 13 7 7 9 4.80338e-15
38 13 8 6 6 4.82743e-15
38 13 8 11 8 0.000643843
38 13 9 5 12 0.0004727
38 13 9 12 7 0.00231268
38 13 11 9 8 1.45515e-14
38 13 12 4 13 4.24417e-15
38 13 12 8 9 3.83847e-15
38 13 12 10 4 4.38985e-15
38 13 12 10 12 4.15889e-15
38 13 12 12 11 4.34407e-15
38 13 13 6 7 0.00200679
38 13 13 12 4 0.00135866
39 1 0 1 4 0.0441264
39 1 0 2 4 0.0353694
39 1 0 2 9 0.0316448
39 1 0 2 11 0.0417305
39 1 0 2 12 0.045441
39 1 0 3 4 0.0354059
39 1 0 3 6 0.0290471
39 1 0 3 8 0.0520446
39 1 0 3 10 0.0476121
39 1 0 3 12 0.0406774
39 2 0 1 4 0.0320816
39 2 0 1 5 0.0156239
39 2 0 1 7 0.0319821
39 2 0 1 11 0.0398624
39 2 0 1 12 0.0387102
39 2 0 2 7 0.0257592
39 2 0 2 10 0.0505958
39 2 0 2 11 0.0151482
39 2 0 2 12 0.0294968
39 2 0 3 12 0.0306638
39 3 0 1 6 0.0328181
39 3 0 1 10 0.0444219
39 3 0 2 4 0.0297914
39 3 0 2 11 0.0387382
39 3 0 3 4 0.0265697
39 3 0 3 5 0.019541
39 3 0 3 8 0.0313109
39 3 0 3 9 0.0271647
39 3 0 3 13 0.0366208
40 1 4 1 0 0.0311622
40 1 4 2 0 0.0370768
40 1 5 2 0 0.0413776
40 1 6 3 0 0.030852
40 1 7 2 0 0.0411302
40 1 10 3 0 0.0283684
40 1 11 2 0 0.0887683
40 1 12 2 0 0.035052
40 2 4 1 0 0.0272525
40 2 4 3 0 0.0300966
40 2 7 2 0 0.0334702
40 2 9 1 0 0.0350114
40 2 10 2 0 0.0277046
40 2 11 1 0 0.0727737
40 2 11 2 0 0.0416826
40 2 11 3 0 0.0834626
40 2 12 1 0 0.0292587
40 2 12 2 0 0.0324887
40 3 4 1 0 0.0250032
40 3 4 3 0 0.0234457
40 3 5 3 0 0.0237134
40 3 6 1 0 0.021022
40 3 8 1 0 0.020469
40 3 8 3 0 0.0209168
40 3 9 3 0 0.023249
40 3 10 1 0 0.0209113
40 3 12 1 0 0.0241292
40 3 12 2 0 0.0269787
40 3 13 3 0 0.0231724
41 4 4 4 13 0.000838167
41 4 4 8 10 0.00227968
41 4 4 10 11 0.00677734
41 4 4 13 4 0.00783
41 4 5 11 9 0.00269727
41 4 7 9 8 0.000826463
41 4 7 12 8 0.00105205
41 4 7 12 11 0.00441414
41 4 8 6 13 0.00148157
41 4 8 10 4 0.0107794
41 4 9 11 7 0.00187573
41 4 10 4 12 0.00216296
41 4 10 6 10 0.00181548
41 4 10 10 12 0.00207152
41 4 10 11 4 0.00317148
41 4 10 12 9 0.00170473
41 4 11 10 7 0.00302071
41 4 12 4 10 0.0036476
41 4 12 10 12 0.00291085
41 4 13 4 4 0.00897415
41 4 13 5 10 0.00410275
41 4 13 12 10 0.00468177
41 4 13 13 12 0.00783634
41 5 5 8 9 0.00508136
41 5 5 9 12 0.00763362
41 5 6 6 11 0.0189856
41 5 7 11 10 0.00154709
41 5 8 9 5 0.00268749
41 5 9 6 12 0.00346389
41 5 9 7 6 0.00258205
41 5 9 11 8 0.00144755
41 5 9 12 5 0.0026728
41 5 10 4 13 0.000763221
41 5 11 8 13 0.000970993
41 5 11 9 4 0.00970545
41 5 11 9 12 0.00909991
41 5 12 6 7 0.00192772
41 5 12 8 10 0.00470973
41 5 12 11 13 0.000832679
41 5 12 12 12 0.00429543
41 5 12 13 9 0.00679531
41 5 13 6 13 0.0017591
41 6 5 9 7 0.00465175
41 6 6 10 8 0.0021781
41 6 6 11 5 0.00149647
41 6 6 12 11 0.019524
41 6 6 13 8 0.00323991
41 6 7 5 12 0.000974924
41 6 7 7 10 0.00116265
41 6 7 9 8 0.000574657
41 6 7 12 10 0.00155705
41 6 7 13 13 0.000841766
41 6 10 4 10 0.00266182
41 6 10 8 6 0.000806603
41 6 10 12 12 0.00240483
41 6 11 5 6 0.00196693
41 6 11 8 9 0.00375779
41 6 12 5 9 0.00216466
41 6 12 11 6 0.00138568
41 6 13 4 8 0.00248152
41 6 13 5 13 0.000996858
41 6 13 8 6 0.00163614
41 7 4 9 11 0.00873081
41 7 4 11 10 0.00224948
41 7 5 12 6 0.00499174
41 7 6 5 9 0.0030754
41 7 7 9 13 0.000493198
41 7 7 10 6 0.00169932
41 7 9 8 4 0.0106521
41 7 9 8 6 0.00314873
41 7 9 12 10 0.00475799
41 7 9 13 7 0.0114036
41 7 10 6 7 0.00145266
41 7 10 8 10 0.0028793
41 7 11 10 5 0.00293017
41 7 11 11 11 0.0091534
41 7 11 12 12 0.00356998
41 7 12 8 4 0.00734224
41 7 12 10 6 0.0027546
41 7 12 10 12 0.00359151
41 7 12 11 4 0.00691202
41 7 12 12 12 0.00366086
41 7 13 9 12 0.00728683
41 7 13 13 6 0.00643323
41 8 4 7 9 0.00274152
41 8 4 7 12 0.00263038
41 8 5 9 11 0.0194441
41 8 6 6 10 0.00530522
41 8 6 6 13 0.00249922
41 8 6 7 9 0.00540893
41 8 6 13 4 0.0284055
41 8 9 5 5 0.00425223
41 8 9 6 11 0.0112886
41 8 9 13 12 0.015303
41 8 10 4 4 0.00634696
41 8 10 5 12 0.00202221
41 8 10 7 10 0.00345281
41 8 10 8 12 0.00372913
41 8 10 11 12 0.00203576
41 8 11 8 13 0.00149178
41 8 12 8 10 0.00483476
41 8 12 11 11 0.00805301
41 8 13 5 11 0.0166016
41 8 13 8 11 0.0161341
41 8 13 11 9 0.00351483
41 9 4 5 11 0.00773607
41 9 4 10 12 0.00344893
41 9 5 5 8 0.00348837
41 9 5 12 13 0.00260623
41 9 6 11 8 0.00249237
41 9 6 12 5 0.00477399
41 9 7 6 5 0.00122153
41 9 8 4 7 0.00738376
41 9 8 6 7 0.00364493
41 9 8 13 11 0.0394784
41 9 11 7 4 0.0133151
41 9 11 8 5 0.00564248
41 9 12 5 5 0.00275794
41 9 12 5 11 0.0209425
41 9 12 7 13 0.00121837
41 9 12 10 7 0.00444367
41 9 13 7 7 0.0064971
41 9 13 12 8 0.0047486
41 10 4 4 8 0.000667616
41 10 4 10 6 0.000936982
41 10 4 12 4 0.00237105
41 10 4 13 5 0.00107513
41 10 4 13 12 0.00155718
41 10 5 7 11 0.00596751
41 10 5 12 8 0.00144466
41 10 6 7 7 0.00159784
41 10 6 7 12 0.00168509
41 10 6 10 4 0.00462388
41 10 7 4 11 0.00270285
41 10 7 9 12 0.000854957
41 10 7 10 8 0.000471814
41 10 8 6 6 0.000901606
41 10 8 10 7 0.00210724
41 10 8 12 8 0.00118653
41 10 10 12 4 0.00243281
41 10 11 4 4 0.00353412
41 10 11 12 8 0.000958725
41 10 12 4 10 0.0018798
41 10 12 4 12 0.00182062
41 10 12 7 12 0.00115682
41 10 12 9 4 0.00283928
41 10 12 12 6 0.00103574
41 10 12 13 12 0.0028445
41 11 4 4 10 0.0026282
41 11 4 7 12 0.00222868
41 11 5 6 6 0.00465294
41 11 6 6 12 0.00245705
41 11 7 4 9 0.00168046
41 11 7 11 11 0.00380944
41 11 8 5 9 0.00276993
41 11 8 9 6 0.00287183
41 11 8 12 11 0.0130718
41 11 8 13 5 0.00881098
41 11 8 13 8 0.00690926
41 11 9 4 5 0.00267193
41 11 9 8 13 0.0009989
41 11 9 12 5 0.00556738
41 11 10 5 7 0.0015403
41 11 10 7 4 0.00513896
41 11 11 7 11 0.0109732
41 11 11 8 12 0.00611639
41 11 11 11 7 0.00231408
41 11 12 8 10 0.00332029
41 11 12 12 7 0.00236849
41 11 13 5 12 0.00390728
41 11 13 12 12 0.00478623
41 12 4 10 4 0.00552741
41 12 4 10 10 0.00292637
41 12 4 12 10 0.00245148
41 12 4 13 13 0.0012675
41 12 5 5 9 0.00286977
41 12 5 9 6 0.00305187
41 12 5 11 9 0.00568056
41 12 5 12 12 0.00497221
41 12 6 7 5 0.00211559
41 12 6 10 12 0.00443752
41 12 7 11 12 0.00104573
41 12 7 12 10 0.00175154
41 12 7 12 12 0.00158866
41 12 7 13 9 0.00328796
41 12 8 4 7 0.0036976
41 12 8 9 13 0.000862259
41 12 8 10 5 0.00263766
41 12 8 10 8 0.0028077
41 12 8 10 11 0.0117105
41 12 9 4 10 0.00300806
41 12 10 4 13 0.000649732
41 12 10 6 7 0.000967459
41 12 10 7 9 0.00190532
41 12 10 12 4 0.004568
41 12 10 12 7 0.00198563
41 12 10 12 13 0.000760313
41 12 11 4 7 0.00329813
41 12 11 6 6 0.0029684
41 12 11 11 8 0.0016115
41 12 11 13 5 0.00476762
41 12 11 13 12 0.00730425
41 12 12 5 12 0.0020421
41 12 12 6 10 0.00277726
41 12 12 7 11 0.00618968
41 12 12 7 12 0.00241993
41 12 12 11 13 0.000693234
41 12 12 12 5 0.0021334
41 12 12 12 7 0.00270037
41 12 13 9 5 0.00264943
41 12 13 12 10 0.00459618
41 13 4 4 4 0.00424127
41 13 4 8 6 0.000882566
41 13 5 10 4 0.0110281
41 13 5 11 8 0.0012462
41 13 5 12 11 0.0164144
41 13 5 13 6 0.00576275
41 13 6 7 13 0.000574732
41 13 6 13 5 0.00422678
41 13 7 7 9 0.00109047
41 13 8 6 6 0.00140427
41 13 8 11 8 0.000726163
41 13 9 5 12 0.00227294
41 13 9 12 7 0.0031982
41 13 11 9 8 0.00082608
41 13 12 4 13 0.000572562
41 13 12 8 9 0.00203416
41 13 12 10 4 0.00519741
41 13 12 10 12 0.00227629
41 13 12 12 11 0.00858432
41 13 13 6 7 0.00252339
41 13 13 12 4 0.00910027
50 1 4 1 0 0.0324804
50 1 4 2 0 0.0383776
50 1 5 2 0 0.0262109
50 1 6 3 0 0.0346316
50 1 7 2 0 0.035667
50 1 10 3 0 0.026852
50 1 11 2 0 0.076316
50 1 12 2 0 0.0364577
50 2 4 1 0 0.0316623
50 2 4 3 0 0.0364062
50 2 7 2 0 0.0333055
50 2 9 1 0 0.0370561
50 2 10 2 0 0.0287102
50 2 11 1 0 0.0685274
50 2 11 2 0 0.0358659
50 2 11 3 0 0.0675268
50 2 12 1 0 0.0317908
50 2 12 2 0 0.0348784
50 3 4 1 0 0.0280059
50 3 4 3 0 0.0290179
50 3 5 3 0 0.0171669
50 3 6 1 0 0.0291123
50 3 8 1 0 0.0248262
50 3 8 3 0 0.0271135
50 3 9 3 0 0.0277302
50 3 10 1 0 0.0220402
50 3 12 1 0 0.0268727
50 3 12 2 0 0.0293707
50 3 13 3 0 0.0260204
51 4 4 4 13 0.000429907
51 4 4 8 10 0.00134564
51 4 4 10 11 0.0103553
51 4 4 13 4 0.00541626
51 4 5 11 9 0.00254207
51 4 7 9 8 0.000489645
51 4 7 12 8 0.000959045
51 4 7 12 11 0.00443764
51 4 8 6 13 0.000826636
51 4 8 10 4 0.00701307
51 4 9 11 7 0.000661697
51 4 10 4 12 0.00215221
51 4 10 6 10 0.00202652
51 4 10 10 12 0.00365064
51 4 10 11 4 0.00298545
51 4 10 12 9 0.00185031
51 4 11 10 7 0.00213109
51 4 12 4 10 0.00219814
51 4 12 10 12 0.00438012
51 4 13 4 4 0.00392793
51 4 13 5 10 0.00210611
51 4 13 12 10 0.00258143
51 4 13 13 12 0.00384625
51 5 5 8 9 0.00462509
51 5 5 9 12 0.0104251
51 5 6 6 11 0.0102342
51 5 7 11 10 0.00360973
51 5 8 9 5 0.00295767
51 5 9 6 12 0.00179269
51 5 9 7 6 0.00132152
51 5 9 11 8 0.00136663
51 5 9 12 5 0.00206795
51 5 10 4 13 0.00131991
51 5 11 8 13 0.000722171
51 5 11 9 4 0.00719428
51 5 11 9 12 0.00922741
51 5 12 6 7 0.00406065
51 5 12 8 10 0.00429458
51 5 12 11 13 0.00186701
51 5 12 12 12 0.00798492
51 5 12 13 9 0.00738139
51 5 13 6 13 0.00403182
51 6 5 9 7 0.00838556
51 6 6 10 8 0.00464444
51 6 6 11 5 0.00142538
51 6 6 12 11 0.0144
51 6 6 13 8 0.00320094
51 6 7 5 12 0.0021297
51 6 7 7 10 0.00284378
51 6 7 9 8 0.00128093
51 6 7 12 10 0.00328503
51 6 7 13 13 0.00160278
51 6 10 4 10 0.00463689
51 6 10 8 6 0.00131325
51 6 10 12 12 0.00477271
51 6 11 5 6 0.00183883
51 6 11 8 9 0.00242917
51 6 12 5 9 0.00475229
51 6 12 11 6 0.00288839
51 6 13 4 8 0.00364611
51 6 13 5 13 0.00208351
51 6 13 8 6 0.00193816
51 7 4 9 11 0.00696512
51 7 4 11 10 0.00252224
51 7 5 12 6 0.00542808
51 7 6 5 9 0.00128538
51 7 7 9 13 0.000336439
51 7 7 10 6 0.0041574
51 7 9 8 4 0.0024908
51 7 9 8 6 0.00065403
51 7 9 12 10 0.00224029
51 7 9 13 7 0.00235024
51 7 10 6 7 0.00182002
51 7 10 8 10 0.00228772
51 7 11 10 5 0.00315597
51 7 11 11 11 0.00722256
51 7 11 12 12 0.00272524
51 7 12 8 4 0.0044976
51 7 12 10 6 0.00450919
51 7 12 10 12 0.00638389
51 7 12 11 4 0.00590654
51 7 12 12 12 0.00420758
51 7 13 9 12 0.00548823
51 7 13 13 6 0.00541829
51 8 4 7 9 0.00192288
51 8 4 7 12 0.00242003
51 8 5 9 11 0.0137761
51 8 6 6 10 0.00202312
51 8 6 6 13 0.000846995
51 8 6 7 9 0.00152368
51 8 6 13 4 0.00873118
51 8 9 5 5 0.000995297
51 8 9 6 11 0.00326257
51 8 9 13 12 0.00282094
51 8 10 4 4 0.0061772
51 8 10 5 12 0.0020188
51 8 10 7 10 0.00301403
51 8 10 8 12 0.00253978
51 8 10 11 12 0.00213779
51 8 11 8 13 0.000351713
51 8 12 8 10 0.00248647
51 8 12 11 11 0.00750595
51 8 13 5 11 0.0123002
51 8 13 8 11 0.00867097
51 8 13 11 9 0.00292344
51 9 4 5 11 0.00896391
51 9 4 10 12 0.00559442
51 9 5 5 8 0.00391465
51 9 5 12 13 0.00268961
51 9 6 11 8 0.000844786
51 9 6 12 5 0.00139213
51 9 7 6 5 0.00161221
51 9 8 4 7 0.00377124
51 9 8 6 7 0.00211359
51 9 8 13 11 0.013444
51 9 11 7 4 0.0061899
51 9 11 8 5 0.00119464
51 9 12 5 5 0.00183049
51 9 12 5 11 0.0170741
51 9 12 7 13 0.000742287
51 9 12 10 7 0.00556786
51 9 13 7 7 0.00442603
51 9 13 12 8 0.00372408
51 10 4 4 8 0.00128348
51 10 4 10 6 0.00482513
51 10 4 12 4 0.00728982
51 10 4 13 5 0.0031831
51 10 4 13 12 0.00435851
51 10 5 7 11 0.0146788
51 10 5 12 8 0.00358426
51 10 6 7 7 0.00130129
51 10 6 7 12 0.00138953
51 10 6 10 4 0.00695197
51 10 7 4 11 0.00901352
51 10 7 9 12 0.00270849
51 10 7 10 8 0.0034514
51 10 8 6 6 0.00182377
51 10 8 10 7 0.00494298
51 10 8 12 8 0.00179903
51 10 10 12 4 0.00502456
51 10 11 4 4 0.00425871
51 10 11 12 8 0.00121159
51 10 12 4 10 0.00326465
51 10 12 4 12 0.0034015
51 10 12 7 12 0.00285402
51 10 12 9 4 0.00395966
51 10 12 12 6 0.00248938
51 10 12 13 12 0.00424586
51 11 4 4 10 0.00234712
51 11 4 7 12 0.00231705
51 11 5 6 6 0.00552372
51 11 6 6 12 0.00150855
51 11 7 4 9 0.00157377
51 11 7 11 11 0.00380477
51 11 8 5 9 0.00220056
51 11 8 9 6 0.00121037
51 11 8 12 11 0.00697201
51 11 8 13 5 0.00422808
51 11 8 13 8 0.00328385
51 11 9 4 5 0.00108558
51 11 9 8 13 0.000183874
51 11 9 12 5 0.00235292
51 11 10 5 7 0.00117202
51 11 10 7 4 0.00492925
51 11 11 7 11 0.00419621
51 11 11 8 12 0.00206789
51 11 11 11 7 0.00153221
51 11 12 8 10 0.00183658
51 11 12 12 7 0.00249618
51 11 13 5 12 0.00383525
51 11 13 12 12 0.0053339
51 12 4 10 4 0.0152554
51 12 4 10 10 0.0076912
51 12 4 12 10 0.00445372
51 12 4 13 13 0.00234065
51 12 5 5 9 0.00691704
51 12 5 9 6 0.00257696
51 12 5 11 9 0.0106997
51 12 5 12 12 0.0087776
51 12 6 7 5 0.00096215
51 12 6 10 12 0.00432041
51 12 7 11 12 0.001734
51 12 7 12 10 0.00326286
51 12 7 12 12 0.00285206
51 12 7 13 9 0.00396282
51 12 8 4 7 0.00342302
51 12 8 9 13 0.000379088
51 12 8 10 5 0.00331574
51 12 8 10 8 0.00373214
51 12 8 10 11 0.0151388
51 12 9 4 10 0.00171647
51 12 10 4 13 0.000794967
51 12 10 6 7 0.00176239
51 12 10 7 9 0.00269025
51 12 10 12 4 0.00759335
51 12 10 12 7 0.00325941
51 12 10 12 13 0.00134204
51 12 11 4 7 0.00378965
51 12 11 6 6 0.00197081
51 12 11 11 8 0.00158217
51 12 11 13 5 0.00290944
51 12 11 13 12 0.00410637
51 12 12 5 12 0.00317789
51 12 12 6 10 0.00367358
51 12 12 7 11 0.00870506
51 12 12 7 12 0.00401956
51 12 12 11 13 0.00108822
51 12 12 12 5 0.00328867
51 12 12 12 7 0.0041623
51 12 13 9 5 0.00216203
51 12 13 12 10 0.00585455
51 13 4 4 4 0.00929161
51 13 4 8 6 0.00193111
51 13 5 10 4 0.038991
51 13 5 11 8 0.00504873
51 13 5 12 11 0.03149
51 13 5 13 6 0.0096941
51 13 6 7 13 0.000590501
51 13 6 13 5 0.00325835
51 13 7 7 9 0.0027018
51 13 8 6 6 0.00223144
51 13 8 11 8 0.00183756
51 13 9 5 12 0.00147315
51 13 9 12 7 0.00268644
51 13 11 9 8 0.00105426
51 13 12 4 13 0.00145025
51 13 12 8 9 0.00280463
51 13 12 10 4 0.0188652
51 13 12 10 12 0.00819027
51 13 12 12 11 0.0156242
51 13 13 6 7 0.00315668
51 13 13 12 4 0.0130097
42 4 4 4 13 4.86217e-05
42 4 4 8 10 0.000582171
42 4 4 10 11 0.000117896
42 4 4 13 4 0.000333536
42 4 5 11 9 0.000803269
42 4 7 9 8 0.000124262
42 4 7 12 8 0.000201156
42 4 7 12 11 0.000192184
42 4 8 6 13 1.11458e-05
42 4 8 10 4 0.000657955
42 4 9 11 7 0.000342695
42 4 10 4 12 0.00153732
42 4 10 6 10 0.000575871
42 4 10 10 12 0.000637897
42 4 10 11 4 0.00136138
42 4 10 12 9 0.00157463
42 4 11 10 7 0.00113627
42 4 12 4 10 0.000578837
42 4 12 10 12 0.000745914
42 4 13 4 4 0.00209063
42 4 13 5 10 0.00117531
42 4 13 12 10 0.0019632
42 4 13 13 12 0.000582613
42 5 5 8 9 0.00459464
42 5 5 9 12 0.00469214
42 5 6 6 11 0.00223006
42 5 7 11 10 0.004717
42 5 8 9 5 0.00770498
42 5 9 6 12 0.0106125
42 5 9 7 6 0.00711464
42 5 9 11 8 0.00960707
42 5 9 12 5 0.0105186
42 5 10 4 13 0.010764
42 5 11 8 13 0.0122112
42 5 11 9 4 0.0065914
42 5 11 9 12 0.0154437
42 5 12 6 7 0.00446196
42 5 12 8 10 0.00497385
42 5 12 11 13 0.0130353
42 5 12 12 12 0.00899476
42 5 12 13 9 0.00900177
42 5 13 6 13 0.0132934
42 6 5 9 7 0.00248166
42 6 6 10 8 0.0148239
42 6 6 11 5 0.0285174
42 6 6 12 11 0.019433
42 6 6 13 8 0.0122725
42 6 7 5 12 0.00525898
42 6 7 7 10 0.00177406
42 6 7 9 8 0.00385764
42 6 7 12 10 0.00625699
42 6 7 13 13 0.00293118
42 6 10 4 10 0.00696033
42 6 10 8 6 0.00221732
42 6 10 12 12 0.00854622
42 6 11 5 6 0.0303031
42 6 11 8 9 0.00780226
42 6 12 5 9 0.00954293
42 6 12 11 6 0.0177015
42 6 13 4 8 0.0235568
42 6 13 5 13 0.0194526
42 6 13 8 6 0.0118876
42 7 4 9 11 0.00349826
42 7 4 11 10 0.00541029
42 7 5 12 6 0.0082235
42 7 6 5 9 0.0118066
42 7 7 9 13 0.00363676
42 7 7 10 6 0.00429568
42 7 9 8 4 0.00324195
42 7 9 8 6 0.00387941
42 7 9 12 10 0.00419279
42 7 9 13 7 0.00230787
42 7 10 6 7 0.00161042
42 7 10 8 10 0.00114448
42 7 11 10 5 0.00647312
42 7 11 11 11 0.00410291
42 7 11 12 12 0.00474466
42 7 12 8 4 0.0030585
42 7 12 10 6 0.00498672
42 7 12 10 12 0.0040106
42 7 12 11 4 0.00561653
42 7 12 12 12 0.00556419
42 7 13 9 12 0.00770489
42 7 13 13 6 0.00582329
42 8 4 7 9 0.00324174
42 8 4 7 12 0.00309661
42 8 5 9 11 0.00596694
42 8 6 6 10 0.00591985
42 8 6 6 13 0.00888961
42 8 6 7 9 0.0109602
42 8 6 13 4 0.0128862
42 8 9 5 5 0.00910818
42 8 9 6 11 0.00977922
42 8 9 13 12 0.00684078
42 8 10 4 4 0.00681248
42 8 10 5 12 0.00778436
42 8 10 7 10 0.00389906
42 8 10 8 12 0.0033019
42 8 10 11 12 0.00744968
42 8 11 8 13 0.0115718
42 8 12 8 10 0.00595199
42 8 12 11 11 0.00558487
42 8 13 5 11 0.0166065
42 8 13 8 11 0.00979177
42 8 13 11 9 0.012543
42 9 4 5 11 0.00307549
42 9 4 10 12 0.00410233
42 9 5 5 8 0.00992651
42 9 5 12 13 0.00344324
42 9 6 11 8 0.00778011
42 9 6 12 5 0.00537495
42 9 7 6 5 0.00346019
42 9 8 4 7 0.000785676
42 9 8 6 7 0.000438013
42 9 8 13 11 0.00132837
42 9 11 7 4 0.00206588
42 9 11 8 5 0.00385281
42 9 12 5 5 0.00389916
42 9 12 5 11 0.00570507
42 9 12 7 13 0.00354906
42 9 12 10 7 0.00226413
42 9 13 7 7 0.00145254
42 9 13 12 8 0.00869982
42 10 4 4 8 9.97363e-16
42 10 4 10 6 4.46407e-15
42 10 4 12 4 3.02287e-15
42 10 4 13 5 3.52968e-15
42 10 4 13 12 3.19356e-15
42 10 5 7 11 2.43823e-15
42 10 5 12 8 3.72417e-15
42 10 6 7 7 2.84763e-15
42 10 6 7 12 4.02722e-15
42 10 6 10 4 5.49818e-15
42 10 7 4 11 3.31284e-15
42 10 7 9 12 2.51038e-15
42 10 7 10 8 2.11634e-15
42 10 8 6 6 9.55679e-16
42 10 8 10 7 3.33402e-15
42 10 8 12 8 4.85639e-15
42 10 10 12 4 3.12991e-15
42 10 11 4 4 3.344e-15
42 10 11 12 8 4.94302e-15
42 10 12 4 10 2.42023e-15
42 10 12 4 12 2.53723e-15
42 10 12 7 12 4.28606e-15
42 10 12 9 4 3.23989e-15
42 10 12 12 6 6.93243e-15
42 10 12 13 12 5.50522e-15
42 11 4 4 10 0.000720828
42 11 4 7 12 0.00189978
42 11 5 6 6 0.00502713
42 11 6 6 12 0.00362782
42 11 7 4 9 0.003243
42 11 7 11 11 0.00370058
42 11 8 5 9 0.010716
42 11 8 9 6 0.00615942
42 11 8 12 11 0.00501039
42 11 8 13 5 0.00880511
42 11 8 13 8 0.00592631
42 11 9 4 5 0.00387985
42 11 9 8 13 0.00541093
42 11 9 12 5 0.0097229
42 11 10 5 7 0.00261943
42 11 10 7 4 0.00210297
42 11 11 7 11 0.00354401
42 11 11 8 12 0.00442343
42 11 11 11 7 0.00359148
42 11 12 8 10 0.00263324
42 11 12 12 7 0.0026123
42 11 13 5 12 0.00898911
42 11 13 12 12 0.00981218
42 12 4 10 4 2.5576e-15
42 12 4 10 10 2.4859e-15
42 12 4 12 10 2.35816e-15
42 12 4 13 13 3.93048e-15
42 12 5 5 9 4.9438e-15
42 12 5 9 6 2.38873e-15
42 12 5 11 9 6.67936e-15
42 12 5 12 12 2.97818e-15
42 12 6 7 5 2.65868e-15
42 12 6 10 12 4.3531e-15
42 12 7 11 12 3.03389e-15
42 12 7 12 10 3.17128e-15
42 12 7 12 12 3.9087e-15
42 12 7 13 9 1.85372e-15
42 12 8 4 7 7.92107e-16
42 12 8 9 13 3.18751e-15
42 12 8 10 5 3.41814e-15
42 12 8 10 8 2.98554e-15
42 12 8 10 11 2.11856e-15
42 12 9 4 10 9.01131e-16
42 12 10 4 13 2.82364e-15
42 12 10 6 7 8.1423e-16
42 12 10 7 9 1.11875e-15
42 12 10 12 4 2.77459e-15
42 12 10 12 7 2.30131e-15
42 12 10 12 13 3.55294e-15
42 12 11 4 7 2.09777e-15
42 12 11 6 6 4.03202e-15
42 12 11 11 8 4.79742e-15
42 12 11 13 5 3.70495e-15
42 12 11 13 12 3.45988e-15
42 12 12 5 12 4.47729e-15
42 12 12 6 10 2.05349e-15
42 12 12 7 11 1.71604e-15
42 12 12 7 12 3.58008e-15
42 12 12 11 13 4.55828e-15
42 12 12 12 5 3.5393e-15
42 12 12 12 7 2.5964e-15
42 12 13 9 5 4.99225e-15
42 12 13 12 10 4.89324e-15
42 13 4 4 4 0.00249957
42 13 4 8 6 0.00223658
42 13 5 10 4 0.00497693
42 13 5 11 8 0.0135627
42 13 5 12 11 0.00425402
42 13 5 13 6 0.00839252
42 13 6 7 13 0.00818779
42 13 6 13 5 0.0123681
42 13 7 7 9 0.00152029
42 13 8 6 6 0.000854728
42 13 8 11 8 0.0118416
42 13 9 5 12 0.00434179
42 13 9 12 7 0.00442756
42 13 11 9 8 0.00574973
42 13 12 4 13 0.00481125
42 13 12 8 9 0.00321565
42 13 12 10 4 0.00641301
42 13 12 10 12 0.00532134
42 13 12 12 11 0.00537581
42 13 13 6 7 0.00411661
42 13 13 12 4 0.0133149
43 4 4 4 13 0.00190257
43 4 4 8 10 1.4294e-15
43 4 4 10 11 0.00240655
43 4 4 13 4 0.000540691
43 4 5 11 9 0.00463632
43 4 7 9 8 0.00195889
43 4 7 12 8 0.0011099
43 4 7 12 11 0.00218684
43 4 8 6 13 0.0101728
43 4 8 10 4 0.00150184
43 4 9 11 7 1.31312e-15
43 4 10 4 12 1.75508e-15
43 4 10 6 10 1.5438e-15
43 4 10 10 12 2.71141e-15
43 4 10 11 4 5.88771e-16
43 4 10 12 9 4.26066e-15
43 4 11 10 7 0.00217997
43 4 12 4 10 0.00196154
43 4 12 10 12 0.00649059
43 4 13 4 4 0.000671217
43 4 13 5 10 0.000912739
43 4 13 12 10 0.00234577
43 4 13 13 12 0.00309732
43 5 5 8 9 5.29434e-15
43 5 5 9 12 0.00400226
43 5 6 6 11 0.0133
43 5 7 11 10 0.00120409
43 5 8 9 5 0.00718774
43 5 9 6 12 4.53693e-15
43 5 9 7 6 7.58479e-15
43 5 9 11 8 2.56983e-15
43 5 9 12 5 5.7956e-15
43 5 10 4 13 3.85676e-15
43 5 11 8 13 4.99109e-15
43 5 11 9 4 0.00169596
43 5 11 9 12 0.0041172
43 5 12 6 7 0.00733223
43 5 12 8 10 1.69024e-15
43 5 12 11 13 0.00551739
43 5 12 12 12 0.00764346
43 5 12 13 9 0.00621686
43 5 13 6 13 0.014212
43 6 5 9 7 5.73502e-15
43 6 6 10 8 0.0147416
43 6 6 11 5 0.00948967
43 6 6 12 11 0.0200602
43 6 6 13 8 0.00628298
43 6 7 5 12 0.00340993
43 6 7 7 10 0.00366779
43 6 7 9 8 0.00623133
43 6 7 12 10 0.00683086
43 6 7 13 13 0.0149501
43 6 10 4 10 5.40632e-15
43 6 10 8 6 8.06993e-15
43 6 10 12 12 7.28169e-15
43 6 11 5 6 0.00818378
43 6 11 8 9 1.00028e-14
43 6 12 5 9 0.0131183
43 6 12 11 6 0.0115059
43 6 13 4 8 0.00719771
43 6 13 5 13 0.00896345
43 6 13 8 6 9.34138e-15
43 7 4 9 11 0.00243798
43 7 4 11 10 0.00130615
43 7 5 12 6 0.0111433
43 7 6 5 9 0.00666872
43 7 7 9 13 0.00240136
43 7 7 10 6 0.00838986
43 7 9 8 4 1.07407e-15
43 7 9 8 6 6.33249e-15
43 7 9 12 10 3.85907e-15
43 7 9 13 7 4.75506e-15
43 7 10 6 7 3.6988e-15
43 7 10 8 10 2.97926e-15
43 7 11 10 5 0.00753232
43 7 11 11 11 0.00176787
43 7 11 12 12 0.00326736
43 7 12 8 4 7.36289e-16
43 7 12 10 6 0.0146351
43 7 12 10 12 0.0116405
43 7 12 11 4 0.0013293
43 7 12 12 12 0.00730712
43 7 13 9 12 0.00303455
43 7 13 13 6 0.00359806
43 8 4 7 9 0.0116723
43 8 4 7 12 0.00585914
43 8 5 9 11 0.00869395
43 8 6 6 10 0.0315029
43 8 6 6 13 0.04354
43 8 6 7 9 0.0280238
43 8 6 13 4 0.00232878
43 8 9 5 5 9.92708e-15
43 8 9 6 11 6.83518e-15
43 8 9 13 12 1.06206e-14
43 8 10 4 4 1.94038e-15
43 8 10 5 12 6.8483e-15
43 8 10 7 10 5.23737e-15
43 8 10 8 12 4.90019e-15
43 8 10 11 12 4.22603e-15
43 8 11 8 13 8.36077e-15
43 8 12 8 10 4.274e-15
43 8 12 11 11 0.0070762
43 8 13 5 11 0.00325117
43 8 13 8 11 5.74724e-15
43 8 13 11 9 0.00776376
43 9 4 5 11 0.00110294
43 9 4 10 12 0.00342568
43 9 5 5 8 0.00186153
43 9 5 12 13 0.0112335
43 9 6 11 8 0.00244638
43 9 6 12 5 0.00593502
43 9 7 6 5 0.00774881
43 9 8 4 7 0.00211675
43 9 8 6 7 0.00528421
43 9 8 13 11 0.00560094
43 9 11 7 4 0.00213129
43 9 11 8 5 2.93337e-15
43 9 12 5 5 0.00490807
43 9 12 5 11 0.00521246
43 9 12 7 13 0.0159699
43 9 12 10 7 0.00589045
43 9 13 7 7 0.00321647
43 9 13 12 8 0.00375499
43 10 4 4 8 0.000654845
43 10 4 10 6 0.00583289
43 10 4 12 4 0.000767714
43 10 4 13 5 0.00160131
43 10 4 13 12 0.00168282
43 10 5 7 11 0.00332246
43 10 5 12 8 0.00169927
43 10 6 7 7 0.000815382
43 10 6 7 12 0.00268821
43 10 6 10 4 0.00244507
43 10 7 4 11 0.00150758
43 10 7 9 12 0.00112376
43 10 7 10 8 0.000516749
43 10 8 6 6 0.0113523
43 10 8 10 7 0.00395022
43 10 8 12 8 0.00137576
43 10 10 12 4 9.4419e-16
43 10 11 4 4 0.00066513
43 10 11 12 8 0.00089244
43 10 12 4 10 0.00212432
43 10 12 4 12 0.0051448
43 10 12 7 12 0.00349626
43 10 12 9 4 0.00148456
43 10 12 12 6 0.00813737
43 10 12 13 12 0.00410721
43 11 4 4 10 0.00161128
43 11 4 7 12 0.00408677
43 11 5 6 6 0.0159613
43 11 6 6 12 0.0172033
43 11 7 4 9 0.00495377
43 11 7 11 11 0.000702367
43 11 8 5 9 0.00545052
43 11 8 9 6 0.00797012
43 11 8 12 11 0.00430247
43 11 8 13 5 0.0022179
43 11 8 13 8 0.00109512
43 11 9 4 5 2.87693e-15
43 11 9 8 13 3.63479e-15
43 11 9 12 5 7.6692e-15
43 11 10 5 7 2.09072e-15
43 11 10 7 4 1.07875e-15
43 11 11 7 11 0.00713846
43 11 11 8 12 2.35002e-15
43 11 11 11 7 0.000590393
43 11 12 8 10 1.87387e-15
43 11 12 12 7 0.00223835
43 11 13 5 12 0.00246581
43 11 13 12 12 0.0035636
43 12 4 10 4 0.00125607
43 12 4 10 10 0.00179064
43 12 4 12 10 0.00195866
43 12 4 13 13 0.00437775
43 12 5 5 9 0.00367075
43 12 5 9 6 0.00776359
43 12 5 11 9 0.00541134
43 12 5 12 12 0.00471364
43 12 6 7 5 0.00516827
43 12 6 10 12 0.0061502
43 12 7 11 12 0.00108308
43 12 7 12 10 0.00177589
43 12 7 12 12 0.00188572
43 12 7 13 9 0.00276006
43 12 8 4 7 0.00109251
43 12 8 9 13 0.00325983
43 12 8 10 5 0.00443108
43 12 8 10 8 0.00291727
43 12 8 10 11 0.00255183
43 12 9 4 10 1.49509e-15
43 12 10 4 13 2.44357e-15
43 12 10 6 7 1.62695e-15
43 12 10 7 9 2.93527e-15
43 12 10 12 4 1.37164e-15
43 12 10 12 7 2.05889e-15
43 12 10 12 13 3.84126e-15
43 12 11 4 7 0.00112527
43 12 11 6 6 0.00951483
43 12 11 11 8 0.000670063
43 12 11 13 5 0.00208221
43 12 11 13 12 0.00225509
43 12 12 5 12 0.00235241
43 12 12 6 10 0.00875176
43 12 12 7 11 0.00490824
43 12 12 7 12 0.004688
43 12 12 11 13 0.00451481
43 12 12 12 5 0.00468719
43 12 12 12 7 0.0024659
43 12 13 9 5 0.00136308
43 12 13 12 10 0.00315538
43 13 4 4 4 0.0010509
43 13 4 8 6 1.00224e-14
43 13 5 10 4 0.0047931
43 13 5 11 8 0.00310685
43 13 5 12 11 0.0134724
43 13 5 13 6 0.0120831
43 13 6 7 13 0.0208304
43 13 6 13 5 0.0119926
43 13 7 7 9 0.00498225
43 13 8 6 6 0.0290066
43 13 8 11 8 0.000507258
43 13 9 5 12 7.37851e-15
43 13 9 12 7 9.56297e-15
43 13 11 9 8 0.00121879
43 13 12 4 13 0.011011
43 13 12 8 9 3.87087e-15
43 13 12 10 4 0.00444276
43 13 12 10 12 0.0176244
43 13 12 12 11 0.0126049
43 13 13 6 7 0.00687186
43 13 13 12 4 0.00375932
52 4 4 4 13 2.01922e-15
52 4 4 8 10 9.6439e-28
52 4 4 10 11 1.53567e-15
52 4 4 13 4 2.56287e-15
52 4 5 11 9 6.68316e-16
52 4 7 9 8 1.43727e-15
52 4 7 12 8 3.76753e-15
52 4 7 12 11 2.99965e-15
52 4 8 6 13 0.00169811
52 4 8 10 4 0.00867039
52 4 9 11 7 1.68602e-15
52 4 10 4 12 0.00690491
52 4 10 6 10 0.0043157
52 4 10 10 12 0.00891651
52 4 10 11 4 3.73899e-15
52 4 10 12 9 0.00390963
52 4 11 10 7 0.00188857
52 4 12 4 10 0.00203539
52 4 12 10 12 0.00255163
52 4 13 4 4 0.00778322
52 4 13 5 10 3.87808e-15
52 4 13 12 10 0.00497716
52 4 13 13 12 0.014638
52 5 5 8 9 3.10284e-15
52 5 5 9 12 0.000618877
52 5 6 6 11 0.00800133
52 5 7 11 10 3.40956e-27
52 5 8 9 5 0.0120761
52 5 9 6 12 0.0245375
52 5 9 7 6 0.0202232
52 5 9 11 8 1.15607e-14
52 5 9 12 5 0.0344405
52 5 10 4 13 0.0231044
52 5 11 8 13 6.65139e-15
52 5 11 9 4 0.00372406
52 5 11 9 12 0.0104048
52 5 12 6 7 0.000320458
52 5 12 8 10 5.04574e-15
52 5 12 11 13 6.43716e-15
52 5 12 12 12 0.00610107
52 5 12 13 9 0.00847527
52 5 13 6 13 0.00828355
52 6 5 9 7 5.0049e-15
52 6 6 10 8 0.004804
52 6 6 11 5 3.01091e-15
52 6 6 12 11 0.00862251
52 6 6 13 8 0.00658741
52 6 7 5 12 4.74563e-27
52 6 7 7 10 6.15125e-15
52 6 7 9 8 4.15933e-15
52 6 7 12 10 7.30384e-15
52 6 7 13 13 8.25564e-15
52 6 10 4 10 0.0166742
52 6 10 8 6 1.64061e-14
52 6 10 12 12 0.0215082
52 6 11 5 6 1.33931e-14
52 6 11 8 9 5.24193e-15
52 6 12 5 9 5.80927e-15
52 6 12 11 6 9.33581e-15
52 6 13 4 8 0.0167123
52 6 13 5 13 9.86712e-15
52 6 13 8 6 9.69592e-15
52 7 4 9 11 2.13704e-15
52 7 4 11 10 1.55198e-27
52 7 5 12 6 0.0106258
52 7 6 5 9 6.64352e-16
52 7 7 9 13 1.69487e-15
52 7 7 10 6 6.07862e-15
52 7 9 8 4 4.06064e-15
52 7 9 8 6 8.61977e-15
52 7 9 12 10 0.00772174
52 7 9 13 7 0.00438042
52 7 10 6 7 0.000409958
52 7 10 8 10 5.44346e-15
52 7 11 10 5 0.00589451
52 7 11 11 11 1.12891e-15
52 7 11 12 12 0.00437132
52 7 12 8 4 2.602e-15
52 7 12 10 6 0.00419661
52 7 12 10 12 0.0036272
52 7 12 11 4 2.61602e-15
52 7 12 12 12 0.001818
52 7 13 9 12 0.00534415
52 7 13 13 6 0.00601891
52 8 4 7 9 6.21326e-15
52 8 4 7 12 7.7332e-15
52 8 5 9 11 0.000321676
52 8 6 6 10 0.00570669
52 8 6 6 13 0.00519872
52 8 6 7 9 0.0107854
52 8 6 13 4 0.011242
52 8 9 5 5 1.74473e-14
52 8 9 6 11 0.0127795
52 8 9 13 12 0.0273217
52 8 10 4 4 0.0165494
52 8 10 5 12 1.32608e-14
52 8 10 7 10 0.0180786
52 8 10 8 12 1.14508e-14
52 8 10 11 12 9.53427e-15
52 8 11 8 13 4.76604e-15
52 8 12 8 10 5.01969e-15
52 8 12 11 11 4.32637e-15
52 8 13 5 11 1.01571e-14
52 8 13 8 11 6.21092e-15
52 8 13 11 9 6.5302e-15
52 9 4 5 11 2.30199e-27
52 9 4 10 12 5.15114e-15
52 9 5 5 8 3.19727e-15
52 9 5 12 13 0.0142082
52 9 6 11 8 1.40086e-15
52 9 6 12 5 0.00729186
52 9 7 6 5 3.57294e-15
52 9 8 4 7 0.00689297
52 9 8 6 7 0.00251337
52 9 8 13 11 0.0105779
52 9 11 7 4 0.00692229
52 9 11 8 5 5.92391e-15
52 9 12 5 5 9.7246e-15
52 9 12 5 11 7.79318e-15
52 9 12 7 13 0.010804
52 9 12 10 7 0.00343452
52 9 13 7 7 0.00286363
52 9 13 12 8 0.0081031
52 10 4 4 8 2.62899e-15
52 10 4 10 6 4.77108e-15
52 10 4 12 4 2.45682e-15
52 10 4 13 5 5.50386e-15
52 10 4 13 12 3.68582e-15
52 10 5 7 11 0.000549987
52 10 5 12 8 0.00786322
52 10 6 7 7 2.88275e-15
52 10 6 7 12 0.00215956
52 10 6 10 4 0.00154635
52 10 7 4 11 2.49624e-15
52 10 7 9 12 1.80295e-15
52 10 7 10 8 4.13072e-15
52 10 8 6 6 0.00355533
52 10 8 10 7 0.00426673
52 10 8 12 8 0.00690483
52 10 10 12 4 0.0045442
52 10 11 4 4 0.00353919
52 10 11 12 8 0.0029249
52 10 12 4 10 0.00263486
52 10 12 4 12 0.00435809
52 10 12 7 12 0.00589296
52 10 12 9 4 0.0010731
52 10 12 12 6 0.00330595
52 10 12 13 12 0.00584443
52 11 4 4 10 3.54709e-15
52 11 4 7 12 7.92874e-15
52 11 5 6 6 0.002353
52 11 6 6 12 0.00406084
52 11 7 4 9 4.58431e-15
52 11 7 11 11 2.34785e-27
52 11 8 5 9 5.85261e-15
52 11 8 9 6 0.0110423
52 11 8 12 11 0.00824684
52 11 8 13 5 0.0274839
52 11 8 13 8 0.0169842
52 11 9 4 5 0.0148948
52 11 9 8 13 7.44377e-15
52 11 9 12 5 0.0449038
52 11 10 5 7 4.17948e-15
52 11 10 7 4 0.0126195
52 11 11 7 11 0.00296665
52 11 11 8 12 4.15371e-15
52 11 11 11 7 1.64183e-15
52 11 12 8 10 2.9231e-15
52 11 12 12 7 0.00115521
52 11 13 5 12 8.97238e-15
52 11 13 12 12 0.0105582
52 12 4 10 4 3.46299e-15
52 12 4 10 10 3.20791e-15
52 12 4 12 10 3.39862e-15
52 12 4 13 13 5.17667e-15
52 12 5 5 9 1.7224e-15
52 12 5 9 6 0.000324349
52 12 5 11 9 2.54686e-15
52 12 5 12 12 0.00643942
52 12 6 7 5 0.0106544
52 12 6 10 12 0.00540519
52 12 7 11 12 2.06368e-27
52 12 7 12 10 5.01477e-15
52 12 7 12 12 7.10761e-15
52 12 7 13 9 3.61976e-15
52 12 8 4 7 0.00459019
52 12 8 9 13 0.00512537
52 12 8 10 5 0.0100506
52 12 8 10 8 0.0101737
52 12 8 10 11 0.00582334
52 12 9 4 10 0.00516149
52 12 10 4 13 0.0094617
52 12 10 6 7 0.0045042
52 12 10 7 9 0.00835278
52 12 10 12 4 0.0103245
52 12 10 12 7 0.00803959
52 12 10 12 13 0.0108714
52 12 11 4 7 0.00305298
52 12 11 6 6 0.000429245
52 12 11 11 8 2.52941e-15
52 12 11 13 5 0.00660468
52 12 11 13 12 0.00582025
52 12 12 5 12 3.62562e-15
52 12 12 6 10 6.77855e-05
52 12 12 7 11 0.00238703
52 12 12 7 12 0.0034743
52 12 12 11 13 2.38989e-15
52 12 12 12 5 0.00183326
52 12 12 12 7 0.000872837
52 12 13 9 5 0.00671152
52 12 13 12 10 0.00589791
52 13 4 4 4 5.94186e-15
52 13 4 8 6 5.90283e-27
52 13 5 10 4 0.00840768
52 13 5 11 8 3.48933e-15
52 13 5 12 11 0.0104854
52 13 5 13 6 0.00374738
52 13 6 7 13 0.00457798
52 13 6 13 5 0.00692804
52 13 7 7 9 4.55985e-15
52 13 8 6 6 0.00501286
52 13 8 11 8 8.76407e-15
52 13 9 5 12 1.35878e-14
52 13 9 12 7 0.0126241
52 13 11 9 8 0.00558684
52 13 12 4 13 0.0071315
52 13 12 8 9 3.83064e-15
52 13 12 10 4 0.00585667
52 13 12 10 12 0.00744036
52 13 12 12 11 0.00230043
52 13 13 6 7 2.49598e-15
52 13 13 12 4 0.00970089
53 4 4 4 13 2.09702e-15
53 4 4 8 10 1.16598e-15
53 4 4 10 11 2.41842e-15
53 4 4 13 4 1.59346e-15
53 4 5 11 9 3.84826e-15
53 4 7 9 8 0.0148051
53 4 7 12 8 0.0163766
53 4 7 12 11 0.0136095
53 4 8 6 13 3.99524e-15
53 4 8 10 4 2.80934e-15
53 4 9 11 7 1.9849e-15
53 4 10 4 12 1.59166e-15
53 4 10 6 10 3.54799e-15
53 4 10 10 12 3.35942e-15
53 4 10 11 4 1.46827e-15
53 4 10 12 9 2.41593e-15
53 4 11 10 7 3.60892e-15
53 4 12 4 10 1.34447e-15
53 4 12 10 12 2.53498e-15
53 4 13 4 4 1.66558e-15
53 4 13 5 10 4.73376e-16
53 4 13 12 10 1.84977e-15
53 4 13 13 12 3.17971e-15
53 5 5 8 9 4.68222e-15
53 5 5 9 12 7.71927e-15
53 5 6 6 11 4.94545e-15
53 5 7 11 10 0.0715326
53 5 8 9 5 5.1785e-15
53 5 9 6 12 1.05192e-14
53 5 9 7 6 1.47257e-14
53 5 9 11 8 6.63919e-15
53 5 9 12 5 6.82361e-15
53 5 10 4 13 5.64088e-15
53 5 11 8 13 4.78949e-15
53 5 11 9 4 7.12963e-15
53 5 11 9 12 1.14328e-14
53 5 12 6 7 5.85078e-15
53 5 12 8 10 2.73506e-15
53 5 12 11 13 5.9335e-15
53 5 12 12 12 4.08724e-15
53 5 12 13 9 7.32418e-15
53 5 13 6 13 1.40257e-14
53 6 5 9 7 5.73932e-15
53 6 6 10 8 8.82089e-15
53 6 6 11 5 7.96538e-15
53 6 6 12 11 5.15064e-15
53 6 6 13 8 7.27236e-15
53 6 7 5 12 0.00825554
53 6 7 7 10 0.0472713
53 6 7 9 8 0.0566849
53 6 7 12 10 0.0410435
53 6 7 13 13 0.0784996
53 6 10 4 10 4.05336e-15
53 6 10 8 6 2.53363e-15
53 6 10 12 12 4.45308e-15
53 6 11 5 6 1.56241e-15
53 6 11 8 9 2.92334e-15
53 6 12 5 9 8.75499e-16
53 6 12 11 6 6.22395e-15
53 6 13 4 8 6.95472e-15
53 6 13 5 13 1.78679e-15
53 6 13 8 6 2.79327e-15
53 7 4 9 11 2.25868e-15
53 7 4 11 10 3.73218e-15
53 7 5 12 6 7.02538e-15
53 7 6 5 9 8.1614e-16
53 7 7 9 13 0.029093
53 7 7 10 6 0.103572
53 7 9 8 4 1.77422e-15
53 7 9 8 6 2.03359e-15
53 7 9 12 10 3.10364e-15
53 7 9 13 7 4.84942e-15
53 7 10 6 7 4.05674e-15
53 7 10 8 10 2.43351e-15
53 7 11 10 5 6.95215e-15
53 7 11 11 11 2.50947e-15
53 7 11 12 12 2.18173e-15
53 7 12 8 4 1.15162e-15
53 7 12 10 6 6.77202e-15
53 7 12 10 12 4.26564e-15
53 7 12 11 4 2.40033e-15
53 7 12 12 12 2.06097e-15
53 7 13 9 12 4.11121e-15
53 7 13 13 6 8.80862e-15
53 8 4 7 9 6.27908e-15
53 8 4 7 12 4.01312e-15
53 8 5 9 11 4.41105e-15
53 8 6 6 10 1.08141e-14
53 8 6 6 13 1.01071e-14
53 8 6 7 9 8.59642e-15
53 8 6 13 4 6.37565e-15
53 8 9 5 5 1.26622e-15
53 8 9 6 11 3.66427e-15
53 8 9 13 12 7.80436e-15
53 8 10 4 4 3.83493e-15
53 8 10 5 12 6.28815e-16
53 8 10 7 10 4.65662e-15
53 8 10 8 12 2.8288e-15
53 8 10 11 12 4.20589e-15
53 8 11 8 13 3.53031e-15
53 8 12 8 10 2.5311e-15
53 8 12 11 11 2.49359e-15
53 8 13 5 11 1.37255e-15
53 8 13 8 11 2.89196e-15
53 8 13 11 9 7.60286e-15
53 9 4 5 11 5.14658e-16
53 9 4 10 12 4.5249e-15
53 9 5 5 8 1.02568e-15
53 9 5 12 13 3.79217e-15
53 9 6 11 8 4.5574e-15
53 9 6 12 5 4.00625e-15
53 9 7 6 5 0.0659449
53 9 8 4 7 3.05349e-15
53 9 8 6 7 4.54467e-15
53 9 8 13 11 3.00367e-15
53 9 11 7 4 2.22925e-15
53 9 11 8 5 2.72406e-15
53 9 12 5 5 5.50466e-16
53 9 12 5 11 8.27449e-16
53 9 12 7 13 4.37462e-15
53 9 12 10 7 4.5546e-15
53 9 13 7 7 4.22909e-15
53 9 13 12 8 5.64039e-15
53 10 4 4 8 2.30252e-15
53 10 4 10 6 6.88131e-15
53 10 4 12 4 2.45927e-15
53 10 4 13 5 4.63228e-15
53 10 4 13 12 2.63159e-15
53 10 5 7 11 1.71459e-15
53 10 5 12 8 3.34117e-15
53 10 6 7 7 2.58186e-15
53 10 6 7 12 2.28693e-15
53 10 6 10 4 4.26516e-15
53 10 7 4 11 0.0252584
53 10 7 9 12 0.0384558
53 10 7 10 8 0.0738225
53 10 8 6 6 3.76779e-15
53 10 8 10 7 4.24977e-15
53 10 8 12 8 3.03623e-15
53 10 10 12 4 2.69117e-15
53 10 11 4 4 1.85168e-15
53 10 11 12 8 2.37614e-15
53 10 12 4 10 1.29284e-15
53 10 12 4 12 1.73729e-15
53 10 12 7 12 1.81122e-15
53 10 12 9 4 2.08629e-15
53 10 12 12 6 3.79059e-15
53 10 12 13 12 2.08973e-15
53 11 4 4 10 2.41325e-15
53 11 4 7 12 2.63613e-15
53 11 5 6 6 9.00081e-15
53 11 6 6 12 6.82099e-15
53 11 7 4 9 0.0453668
53 11 7 11 11 0.0252623
53 11 8 5 9 8.02041e-16
53 11 8 9 6 7.29786e-15
53 11 8 12 11 2.1806e-15
53 11 8 13 5 8.54678e-15
53 11 8 13 8 5.17177e-15
53 11 9 4 5 4.12999e-15
53 11 9 8 13 2.48805e-15
53 11 9 12 5 7.70965e-15
53 11 10 5 7 6.34578e-16
53 11 10 7 4 1.96212e-15
53 11 11 7 11 2.26459e-15
53 11 11 8 12 1.73813e-15
53 11 11 11 7 3.52084e-15
53 11 12 8 10 1.28915e-15
53 11 12 12 7 2.30393e-15
53 11 13 5 12 5.7205e-16
53 11 13 12 12 2.865e-15
53 12 4 10 4 4.21323e-15
53 12 4 10 10 4.82676e-15
53 12 4 12 10 2.4125e-15
53 12 4 13 13 4.93056e-15
53 12 5 5 9 1.20734e-15
53 12 5 9 6 8.16256e-15
53 12 5 11 9 1.14176e-14
53 12 5 12 12 3.42241e-15
53 12 6 7 5 5.77113e-15
53 12 6 10 12 5.53864e-15
53 12 7 11 12 0.0260942
53 12 7 12 10 0.0292417
53 12 7 12 12 0.0261874
53 12 7 13 9 0.074751
53 12 8 4 7 2.42705e-15
53 12 8 9 13 3.67208e-15
53 12 8 10 5 7.0533e-15
53 12 8 10 8 6.09121e-15
53 12 8 10 11 3.59556e-15
53 12 9 4 10 2.73199e-15
53 12 10 4 13 2.87883e-15
53 12 10 6 7 2.87786e-15
53 12 10 7 9 5.12378e-15
53 12 10 12 4 3.72524e-15
53 12 10 12 7 2.65395e-15
53 12 10 12 13 3.03777e-15
53 12 11 4 7 2.45607e-15
53 12 11 6 6 5.80558e-15
53 12 11 11 8 3.21114e-15
53 12 11 13 5 5.95527e-15
53 12 11 13 12 3.31928e-15
53 12 12 5 12 4.21569e-16
53 12 12 6 10 3.58456e-15
53 12 12 7 11 1.59724e-15
53 12 12 7 12 2.28642e-15
53 12 12 11 13 2.87664e-15
53 12 12 12 5 2.7331e-15
53 12 12 12 7 2.18115e-15
53 12 13 9 5 2.43989e-15
53 12 13 12 10 2.93065e-15
53 13 4 4 4 3.94012e-15
53 13 4 8 6 3.73463e-15
53 13 5 10 4 8.3564e-15
53 13 5 11 8 7.07345e-15
53 13 5 12 11 4.17495e-15
53 13 5 13 6 1.04297e-14
53 13 6 7 13 5.267e-15
53 13 6 13 5 8.8781e-15
53 13 7 7 9 0.0888709
53 13 8 6 6 8.116e-15
53 13 8 11 8 5.39101e-15
53 13 9 5 12 7.21341e-16
53 13 9 12 7 4.25591e-15
53 13 11 9 8 4.59404e-15
53 13 12 4 13 3.41182e-15
53 13 12 8 9 3.08499e-15
53 13 12 10 4 4.97436e-15
53 13 12 10 12 6.20286e-15
53 13 12 12 11 2.57633e-15
53 13 13 6 7 6.12226e-15
53 13 13 12 4 6.10552e-15
44 4 7 9 8 0.0217802
44 5 5 9 12 0.0854946
44 5 8 9 5 0.0707207
44 5 11 9 4 0.0331844
44 5 11 9 12 0.0876837
44 6 5 9 7 0.081381
44 6 7 9 8 0.0434171
44 7 4 9 11 0.0166454
44 7 7 9 13 0.0303516
44 7 13 9 12 0.0403092
44 8 5 9 11 0.0403829
44 10 7 9 12 0.025052
44 10 12 9 4 0.0241413
44 11 8 9 6 0.114122
44 12 5 9 6 0.137491
44 12 8 9 13 0.0528467
44 12 13 9 5 0.0468479
44 13 11 9 8 0.0481477
45 4 4 4 13 0.00125951
45 4 4 10 11 0.00337946
45 4 4 13 4 0.000365754
45 4 7 9 8 0.00919511
45 4 7 12 8 0.0033027
45 4 7 12 11 0.0042696
45 4 8 6 13 0.00288075
45 4 8 10 4 0.000328511
45 4 9 11 7 0.00404081
45 4 10 4 12 0.000223636
45 4 10 10 12 0.000233558
45 4 10 11 4 0.000311496
45 4 11 10 7 0.00326385
45 4 12 10 12 0.000338568
45 4 13 4 4 0.000219018
45 4 13 13 12 0.000825872
45 5 5 9 12 0.00230117
45 5 6 6 11 0.0116595
45 5 8 9 5 0.0433557
45 5 9 6 12 0.000458436
45 5 9 11 8 0.0149526
45 5 9 12 5 0.0154693
45 5 10 4 13 0.00488374
45 5 11 9 4 0.00207895
45 5 11 9 12 0.00281496
45 5 12 6 7 0.00765798
45 5 12 11 13 0.00553374
45 5 12 12 12 0.000675513
45 5 13 6 13 0.00818532
45 6 5 9 7 0.0173059
45 6 6 10 8 0.0168183
45 6 6 11 5 0.0247138
45 6 6 12 11 0.0155405
45 6 6 13 8 0.0255424
45 6 7 9 8 0.0166645
45 6 7 13 13 0.00132993
45 6 10 12 12 0.000544099
45 6 13 4 8 0.0143753
45 6 13 5 13 0.00928828
45 7 4 9 11 0.011518
45 7 7 9 13 0.00831081
45 7 9 13 7 0.00751815
45 7 10 6 7 0.00305857
45 7 11 10 5 0.00960961
45 7 11 11 11 0.0034243
45 7 11 12 12 0.000250947
45 7 12 10 12 0.000331055
45 7 12 11 4 0.000493882
45 7 12 12 12 0.000238323
45 7 13 9 12 0.00106728
45 8 4 7 12 0.000240386
45 8 5 9 11 0.0217576
45 8 6 6 13 0.00501132
45 8 6 13 4 0.00280777
45 8 9 5 5 0.0159584
45 8 9 6 11 0.00471894
45 8 9 13 12 0.000888335
45 8 10 4 4 0.000309444
45 8 10 5 12 0.000309951
45 8 10 11 12 0.000280833
45 8 12 11 11 0.00533796
45 8 13 5 11 0.00985546
45 9 4 5 11 0.00454299
45 9 5 5 8 0.00887284
45 9 5 12 13 0.00241198
45 9 6 11 8 0.00667854
45 9 6 12 5 0.0125221
45 9 8 4 7 0.00413115
45 9 8 6 7 0.00492909
45 9 8 13 11 0.00685472
45 9 12 5 5 0.00965165
45 9 12 5 11 0.0109103
45 9 12 7 13 0.00234776
45 9 12 10 7 0.00595122
45 9 13 7 7 0.00552031
45 9 13 12 8 0.0153014
45 10 4 4 8 0.00313808
45 10 4 12 4 0.00044635
45 10 4 13 5 0.00777339
45 10 4 13 12 0.00048117
45 10 5 7 11 0.00545277
45 10 5 12 8 0.00655553
45 10 6 7 7 0.00356519
45 10 6 7 12 0.000894394
45 10 6 10 4 0.00106028
45 10 7 4 11 0.00157819
45 10 7 9 12 0.00115242
45 10 7 10 8 0.00401352
45 10 8 10 7 0.00218194
45 10 8 12 8 0.00631819
45 10 10 12 4 0.000658421
45 10 11 4 4 0.000166418
45 10 11 12 8 0.00508744
45 10 12 4 12 0.000379199
45 10 12 7 12 0.000576858
45 10 12 9 4 0.00149579
45 10 12 13 12 0.000985615
45 11 4 7 12 0.000372264
45 11 6 6 12 0.000600221
45 11 7 11 11 0.00379499
45 11 8 12 11 0.00707312
45 11 8 13 5 0.025557
45 11 8 13 8 0.0129243
45 11 9 4 5 0.012262
45 11 9 12 5 0.0281208
45 11 10 5 7 0.0053246
45 11 10 7 4 0.000798843
45 11 11 7 11 0.00922258
45 11 11 11 7 0.00366781
45 11 12 12 7 0.0053445
45 11 13 5 12 0.000672241
45 11 13 12 12 0.000734533
45 12 4 10 4 0.000418718
45 12 4 13 13 0.00292612
45 12 5 12 12 0.000631995
45 12 6 7 5 0.0192976
45 12 6 10 12 0.000806351
45 12 7 11 12 0.000232992
45 12 7 12 12 0.000435864
45 12 8 4 7 0.00345238
45 12 8 9 13 0.00967891
45 12 8 10 5 0.00891363
45 12 8 10 8 0.00678481
45 12 8 10 11 0.00434654
45 12 10 4 13 0.00241206
45 12 10 6 7 0.00321991
45 12 10 12 4 0.00061273
45 12 10 12 7 0.00493714
45 12 10 12 13 0.00351167
45 12 11 4 7 0.00364355
45 12 11 11 8 0.00651767
45 12 11 13 5 0.0202382
45 12 11 13 12 0.000797798
45 12 12 5 12 0.000511063
45 12 12 7 11 0.00508065
45 12 12 7 12 0.000518875
45 12 12 11 13 0.00275873
45 12 12 12 5 0.0119209
45 12 12 12 7 0.00459949
45 12 13 9 5 0.0331844
45 13 4 4 4 0.000277613
45 13 5 10 4 0.00128201
45 13 5 11 8 0.0172667
45 13 5 12 11 0.0107238
45 13 6 7 13 0.0101576
45 13 6 13 5 0.0462012
45 13 8 11 8 0.0112228
45 13 9 5 12 0.000671161
45 13 9 12 7 0.00865651
45 13 11 9 8 0.026157
45 13 12 4 13 0.00426884
45 13 12 10 4 0.000938052
45 13 12 10 12 0.00066341
45 13 12 12 11 0.00797377
45 13 13 6 7 0.00863088
45 13 13 12 4 0.00157538
54 9 7 10 7 1
55 4 9 11 7 0.0290161
55 4 11 10 7 0.0279639
55 5 12 6 7 0.076569
55 6 5 9 7 0.0610109
55 7 9 13 7 0.0320774
55 7 10 6 7 0.0319687
55 9 8 4 7 0.0326712
55 9 8 6 7 0.072676
55 9 12 10 7 0.0486783
55 9 13 7 7 0.0540132
55 10 6 7 7 0.0358623
55 10 8 10 7 0.035801
55 11 10 5 7 0.0303527
55 11 11 11 7 0.048051
55 11 12 12 7 0.0328258
55 12 8 4 7 0.0279237
55 12 10 6 7 0.0553244
55 12 10 12 7 0.0304393
55 12 11 4 7 0.033269
55 12 12 12 7 0.0394884
55 13 9 12 7 0.0513057
55 13 13 6 7 0.112712
46 4 4 4 13 0.00191237
46 4 4 8 10 0.000895193
46 4 4 10 11 0.00193071
46 4 4 13 4 0.00166076
46 4 5 11 9 0.00356577
46 4 7 9 8 0.00481214
46 4 7 12 8 0.00421213
46 4 7 12 11 0.00221034
46 4 8 6 13 0.00598527
46 4 8 10 4 0.00110576
46 4 9 11 7 0.000757428
46 4 10 4 12 0.00110891
46 4 10 6 10 0.00069102
46 4 10 10 12 0.00109102
46 4 10 11 4 0.000725586
46 4 10 12 9 0.00294187
46 4 11 10 7 0.00129603
46 4 12 4 10 0.000602839
46 4 12 10 12 0.00171401
46 4 13 4 4 0.000788259
46 4 13 5 10 0.00135372
46 4 13 12 10 0.00102782
46 4 13 13 12 0.00154828
46 5 5 8 9 0.0098453
46 5 5 9 12 0.00343176
46 5 6 6 11 0.0149626
46 5 7 11 10 0.00170815
46 5 8 9 5 0.00834086
46 5 9 6 12 0.00298997
46 5 9 7 6 0.00444751
46 5 9 11 8 0.00410318
46 5 9 12 5 0.00513988
46 5 10 4 13 0.00307332
46 5 11 8 13 0.00749751
46 5 11 9 4 0.00245418
46 5 11 9 12 0.004611
46 5 12 6 7 0.00607848
46 5 12 8 10 0.00214806
46 5 12 11 13 0.00695471
46 5 12 12 12 0.00443164
46 5 12 13 9 0.00530472
46 5 13 6 13 0.00891671
46 6 5 9 7 0.00330147
46 6 6 10 8 0.00686771
46 6 6 11 5 0.00498083
46 6 6 12 11 0.00481339
46 6 6 13 8 0.011414
46 6 7 5 12 0.00400105
46 6 7 7 10 0.00107378
46 6 7 9 8 0.010657
46 6 7 12 10 0.0016326
46 6 7 13 13 0.00618585
46 6 10 4 10 0.000938261
46 6 10 8 6 0.00875504
46 6 10 12 12 0.00245539
46 6 11 5 6 0.0171417
46 6 11 8 9 0.00726624
46 6 12 5 9 0.0075044
46 6 12 11 6 0.00973727
46 6 13 4 8 0.00805675
46 6 13 5 13 0.00924635
46 6 13 8 6 0.0112116
46 7 4 9 11 0.00367805
46 7 4 11 10 0.00164189
46 7 5 12 6 0.00933769
46 7 6 5 9 0.00764493
46 7 7 9 13 0.00472025
46 7 7 10 6 0.00303018
46 7 9 8 4 0.0011716
46 7 9 8 6 0.00652062
46 7 9 12 10 0.00118823
46 7 9 13 7 0.00232313
46 7 10 6 7 0.00289699
46 7 10 8 10 0.00139905
46 7 11 10 5 0.00293993
46 7 11 11 11 0.00186522
46 7 11 12 12 0.00172135
46 7 12 8 4 0.00159789
46 7 12 10 6 0.00393754
46 7 12 10 12 0.002619
46 7 12 11 4 0.00143724
46 7 12 12 12 0.00294475
46 7 13 9 12 0.00205888
46 7 13 13 6 0.00555356
46 8 4 7 9 0.00448648
46 8 4 7 12 0.0022352
46 8 5 9 11 0.00473439
46 8 6 6 10 0.00148375
46 8 6 6 13 0.00674279
46 8 6 7 9 0.00625117
46 8 6 13 4 0.0041293
46 8 9 5 5 0.00592588
46 8 9 6 11 0.00588204
46 8 9 13 12 0.00248411
46 8 10 4 4 0.00118248
46 8 10 5 12 0.00251375
46 8 10 7 10 0.000913836
46 8 10 8 12 0.00252945
46 8 10 11 12 0.00163777
46 8 11 8 13 0.00373963
46 8 12 8 10 0.00179774
46 8 12 11 11 0.00337813
46 8 13 5 11 0.00600876
46 8 13 8 11 0.00265785
46 8 13 11 9 0.00414895
46 9 4 5 11 0.00285008
46 9 4 10 12 0.00121492
46 9 5 5 8 0.0121494
46 9 5 12 13 0.00497002
46 9 6 11 8 0.00489883
46 9 6 12 5 0.00373128
46 9 7 6 5 0.00565168
46 9 8 4 7 0.00193026
46 9 8 6 7 0.00416458
46 9 8 13 11 0.00484136
46 9 11 7 4 0.000751875
46 9 11 8 5 0.00324331
46 9 12 5 5 0.00422706
46 9 12 5 11 0.00701374
46 9 12 7 13 0.00203337
46 9 12 10 7 0.00180395
46 9 13 7 7 0.00139879
46 9 13 12 8 0.00715684
46 10 4 4 8 0.00731875
46 10 4 10 6 0.00471657
46 10 4 12 4 0.00253175
46 10 4 13 5 0.0058505
46 10 4 13 12 0.00250882
46 10 5 7 11 0.00304517
46 10 5 12 8 0.00905706
46 10 6 7 7 0.0020266
46 10 6 7 12 0.00260004
46 10 6 10 4 0.00156933
46 10 7 4 11 0.00291732
46 10 7 9 12 0.00211289
46 10 7 10 8 0.005543
46 10 8 6 6 0.0201987
46 10 8 10 7 0.00320926
46 10 8 12 8 0.0102236
46 10 10 12 4 0.00130137
46 10 11 4 4 0.00111362
46 10 11 12 8 0.00633928
46 10 12 4 10 0.00093076
46 10 12 4 12 0.00217104
46 10 12 7 12 0.00210531
46 10 12 9 4 0.00159783
46 10 12 12 6 0.0106472
46 10 12 13 12 0.00166436
46 11 4 4 10 0.000442667
46 11 4 7 12 0.00132535
46 11 5 6 6 0.0110684
46 11 6 6 12 0.00260965
46 11 7 4 9 0.00300423
46 11 7 11 11 0.00152485
46 11 8 5 9 0.00528688
46 11 8 9 6 0.00596247
46 11 8 12 11 0.00295246
46 11 8 13 5 0.00341379
46 11 8 13 8 0.00713694
46 11 9 4 5 0.00147779
46 11 9 8 13 0.00148377
46 11 9 12 5 0.00335235
46 11 10 5 7 0.00115851
46 11 10 7 4 0.000399118
46 11 11 7 11 0.00111664
46 11 11 8 12 0.0013509
46 11 11 11 7 0.000642632
46 11 12 8 10 0.000819147
46 11 12 12 7 0.00130226
46 11 13 5 12 0.00164811
46 11 13 12 12 0.00105109
46 12 4 10 4 0.00135952
46 12 4 10 10 0.00103885
46 12 4 12 10 0.00154105
46 12 4 13 13 0.00508847
46 12 5 5 9 0.00876229
46 12 5 9 6 0.0100211
46 12 5 11 9 0.0138265
46 12 5 12 12 0.00399425
46 12 6 7 5 0.00547888
46 12 6 10 12 0.00363386
46 12 7 11 12 0.00212792
46 12 7 12 10 0.00162806
46 12 7 12 12 0.00285495
46 12 7 13 9 0.00500645
46 12 8 4 7 0.00248979
46 12 8 9 13 0.00916613
46 12 8 10 5 0.00737177
46 12 8 10 8 0.0101655
46 12 8 10 11 0.00458705
46 12 9 4 10 0.000840165
46 12 10 4 13 0.00306955
46 12 10 6 7 0.00341041
46 12 10 7 9 0.00451516
46 12 10 12 4 0.00247477
46 12 10 12 7 0.0026243
46 12 10 12 13 0.00520071
46 12 11 4 7 0.00194941
46 12 11 6 6 0.0136903
46 12 11 11 8 0.00439994
46 12 11 13 5 0.00485392
46 12 11 13 12 0.00208726
46 12 12 5 12 0.00406974
46 12 12 6 10 0.0018636
46 12 12 7 11 0.00285864
46 12 12 7 12 0.00288224
46 12 12 11 13 0.0050471
46 12 12 12 5 0.00592142
46 12 12 12 7 0.00315817
46 12 13 9 5 0.00511788
46 12 13 12 10 0.00203046
46 13 4 4 4 0.00142027
46 13 4 8 6 0.0133735
46 13 5 10 4 0.00240697
46 13 5 11 8 0.0109806
46 13 5 12 11 0.00696819
46 13 5 13 6 0.0141892
46 13 6 7 13 0.00427733
46 13 6 13 5 0.00754328
46 13 7 7 9 0.00521949
46 13 8 6 6 0.020337
46 13 8 11 8 0.00656122
46 13 9 5 12 0.00276774
46 13 9 12 7 0.00216199
46 13 11 9 8 0.00887932
46 13 12 4 13 0.00412466
46 13 12 8 9 0.00913466
46 13 12 10 4 0.00155294
46 13 12 10 12 0.00257604
46 13 12 12 11 0.00414406
46 13 13 6 7 0.00419626
46 13 13 12 4 0.00240741
47 4 4 4 13 0.00429131
47 4 4 8 10 0.00206991
47 4 4 10 11 0.00600011
47 4 4 13 4 0.00433368
47 4 5 11 9 0.00539159
47 4 7 9 8 0.00620353
47 4 7 12 8 0.00681692
47 4 7 12 11 0.00774027
47 4 8 6 13 0.00785251
47 4 8 10 4 0.00354876
47 4 9 11 7 0.00300249
47 4 10 4 12 0.00337608
47 4 10 6 10 0.00411336
47 4 10 10 12 0.00489559
47 4 10 11 4 0.00273194
47 4 10 12 9 0.00559001
47 4 11 10 7 0.00509798
47 4 12 4 10 0.0029559
47 4 12 10 12 0.00646296
47 4 13 4 4 0.0027671
47 4 13 5 10 0.00525195
47 4 13 12 10 0.00489035
47 4 13 13 12 0.00757569
47 5 5 8 9 0.000784105
47 5 5 9 12 0.00185576
47 5 6 6 11 0.00257895
47 5 7 11 10 0.00120384
47 5 8 9 5 0.00222926
47 5 9 6 12 0.000874446
47 5 9 7 6 0.00157555
47 5 9 11 8 0.00100702
47 5 9 12 5 0.00200705
47 5 10 4 13 0.00166539
47 5 11 8 13 0.00145018
47 5 11 9 4 0.00076885
47 5 11 9 12 0.00227091
47 5 12 6 7 0.00208878
47 5 12 8 10 0.00109438
47 5 12 11 13 0.00219372
47 5 12 12 12 0.00134764
47 5 12 13 9 0.00157508
47 5 13 6 13 0.00226043
47 6 5 9 7 0.00462823
47 6 6 10 8 0.00707535
47 6 6 11 5 0.0113132
47 6 6 12 11 0.00981007
47 6 6 13 8 0.0067032
47 6 7 5 12 0.00356543
47 6 7 7 10 0.00273429
47 6 7 9 8 0.00411034
47 6 7 12 10 0.00388443
47 6 7 13 13 0.00477836
47 6 10 4 10 0.00264696
47 6 10 8 6 0.00347107
47 6 10 12 12 0.00422033
47 6 11 5 6 0.00679806
47 6 11 8 9 0.00178131
47 6 12 5 9 0.00310813
47 6 12 11 6 0.00642524
47 6 13 4 8 0.00391633
47 6 13 5 13 0.00837891
47 6 13 8 6 0.00351132
47 7 4 9 11 3.19164e-15
47 7 4 11 10 1.65718e-15
47 7 5 12 6 7.62288e-15
47 7 6 5 9 3.84156e-15
47 7 7 9 13 4.23729e-15
47 7 7 10 6 6.22871e-15
47 7 9 8 4 8.54341e-16
47 7 9 8 6 2.09472e-15
47 7 9 12 10 2.01202e-15
47 7 9 13 7 3.58566e-15
47 7 10 6 7 3.36689e-15
47 7 10 8 10 1.41235e-15
47 7 11 10 5 5.70702e-15
47 7 11 11 11 2.17053e-15
47 7 11 12 12 2.81461e-15
47 7 12 8 4 1.2022e-15
47 7 12 10 6 6.11872e-15
47 7 12 10 12 3.88204e-15
47 7 12 11 4 1.91486e-15
47 7 12 12 12 3.94908e-15
47 7 13 9 12 3.20051e-15
47 7 13 13 6 7.10858e-15
47 8 4 7 9 0.000494743
47 8 4 7 12 0.000395265
47 8 5 9 11 0.00149111
47 8 6 6 10 0.000884064
47 8 6 6 13 0.00113528
47 8 6 7 9 0.000543288
47 8 6 13 4 0.000992328
47 8 9 5 5 0.00102824
47 8 9 6 11 0.000677903
47 8 9 13 12 0.00077092
47 8 10 4 4 0.000246179
47 8 10 5 12 0.000577839
47 8 10 7 10 0.000890353
47 8 10 8 12 0.000369749
47 8 10 11 12 0.000349009
47 8 11 8 13 0.000589443
47 8 12 8 10 0.000573349
47 8 12 11 11 0.000792033
47 8 13 5 11 0.00185006
47 8 13 8 11 0.000694924
47 8 13 11 9 0.000445556
47 9 4 5 11 0.00399479
47 9 4 10 12 0.00351068
47 9 5 5 8 0.00564472
47 9 5 12 13 0.00750461
47 9 6 11 8 0.00456727
47 9 6 12 5 0.0101607
47 9 7 6 5 0.00596837
47 9 8 4 7 0.00225234
47 9 8 6 7 0.00268559
47 9 8 13 11 0.00292015
47 9 11 7 4 0.00227591
47 9 11 8 5 0.00300573
47 9 12 5 5 0.00681169
47 9 12 5 11 0.00894433
47 9 12 7 13 0.00564756
47 9 12 10 7 0.00484727
47 9 13 7 7 0.00437289
47 9 13 12 8 0.00774976
47 10 4 4 8 0.00696009
47 10 4 10 6 0.0125933
47 10 4 12 4 0.00596547
47 10 4 13 5 0.0183855
47 10 4 13 12 0.00835828
47 10 5 7 11 0.00836539
47 10 5 12 8 0.0149
47 10 6 7 7 0.00749949
47 10 6 7 12 0.00703742
47 10 6 10 4 0.0076215
47 10 7 4 11 0.00610245
47 10 7 9 12 0.00680652
47 10 7 10 8 0.0122299
47 10 8 6 6 0.0103472
47 10 8 10 7 0.00760227
47 10 8 12 8 0.0114218
47 10 10 12 4 0.0065464
47 10 11 4 4 0.0028649
47 10 11 12 8 0.0102287
47 10 12 4 10 0.0042317
47 10 12 4 12 0.00605888
47 10 12 7 12 0.00683455
47 10 12 9 4 0.00479441
47 10 12 12 6 0.0160468
47 10 12 13 12 0.0103403
47 11 4 4 10 0.0021047
47 11 4 7 12 0.00297878
47 11 5 6 6 0.00662698
47 11 6 6 12 0.00489513
47 11 7 4 9 0.00317075
47 11 7 11 11 0.00367816
47 11 8 5 9 0.00403552
47 11 8 9 6 0.00571212
47 11 8 12 11 0.00593956
47 11 8 13 5 0.0112605
47 11 8 13 8 0.00608345
47 11 9 4 5 0.00405661
47 11 9 8 13 0.00196986
47 11 9 12 5 0.0137128
47 11 10 5 7 0.00444549
47 11 10 7 4 0.00257273
47 11 11 7 11 0.00467009
47 11 11 8 12 0.00203595
47 11 11 11 7 0.00270994
47 11 12 8 10 0.00193368
47 11 12 12 7 0.00428645
47 11 13 5 12 0.00523287
47 11 13 12 12 0.00431386
47 12 4 10 4 0.00240245
47 12 4 10 10 0.00270137
47 12 4 12 10 0.00332204
47 12 4 13 13 0.00584055
47 12 5 5 9 0.00383185
47 12 5 9 6 0.00826583
47 12 5 11 9 0.00597433
47 12 5 12 12 0.00556441
47 12 6 7 5 0.00768721
47 12 6 10 12 0.00509894
47 12 7 11 12 0.00214458
47 12 7 12 10 0.00349236
47 12 7 12 12 0.00414114
47 12 7 13 9 0.00378226
47 12 8 4 7 0.00216427
47 12 8 9 13 0.00503534
47 12 8 10 5 0.00695959
47 12 8 10 8 0.00457464
47 12 8 10 11 0.00346573
47 12 9 4 10 0.0012552
47 12 10 4 13 0.00379428
47 12 10 6 7 0.00339951
47 12 10 7 9 0.00310551
47 12 10 12 4 0.00285937
47 12 10 12 7 0.00477454
47 12 10 12 13 0.00678552
47 12 11 4 7 0.00216157
47 12 11 6 6 0.00663833
47 12 11 11 8 0.00342868
47 12 11 13 5 0.00812149
47 12 11 13 12 0.00388087
47 12 12 5 12 0.0040733
47 12 12 6 10 0.00310311
47 12 12 7 11 0.00403622
47 12 12 7 12 0.00334591
47 12 12 11 13 0.00474315
47 12 12 12 5 0.0100584
47 12 12 12 7 0.00564108
47 12 13 9 5 0.00629237
47 12 13 12 10 0.00367037
47 13 4 4 4 0.00236097
47 13 4 8 6 0.00378526
47 13 5 10 4 0.00523969
47 13 5 11 8 0.0100424
47 13 5 12 11 0.00960616
47 13 5 13 6 0.0102938
47 13 6 7 13 0.00708633
47 13 6 13 5 0.0165969
47 13 7 7 9 0.00523991
47 13 8 6 6 0.00556865
47 13 8 11 8 0.00520176
47 13 9 5 12 0.0038621
47 13 9 12 7 0.00365822
47 13 11 9 8 0.00656471
47 13 12 4 13 0.00458165
47 13 12 8 9 0.00616342
47 13 12 10 4 0.00436002
47 13 12 10 12 0.00641559
47 13 12 12 11 0.00759269
47 13 13 6 7 0.00451595
47 13 13 12 4 0.00576905
56 4 4 4 13 0.00428285
56 4 4 8 10 0.00190746
56 4 4 10 11 0.00174878
56 4 4 13 4 2.71659e-15
56 4 5 11 9 0.00321233
56 4 7 9 8 0.00485994
56 4 7 12 8 0.00427133
56 4 7 12 11 0.00187585
56 4 8 6 13 0.00428004
56 4 8 10 4 2.49875e-15
56 4 9 11 7 1.44301e-15
56 4 10 4 12 0.00256431
56 4 10 6 10 0.00218921
56 4 10 10 12 0.00206876
56 4 10 11 4 1.2946e-15
56 4 10 12 9 0.00233355
56 4 11 10 7 2.32621e-15
56 4 12 4 10 0.00330482
56 4 12 10 12 0.00381371
56 4 13 4 4 2.35729e-15
56 4 13 5 10 0.00372967
56 4 13 12 10 0.00270755
56 4 13 13 12 0.00371332
56 5 5 8 9 0.00424526
56 5 5 9 12 0.00765637
56 5 6 6 11 0.00615268
56 5 7 11 10 0.00750619
56 5 8 9 5 0.00352315
56 5 9 6 12 0.00451539
56 5 9 7 6 0.000898364
56 5 9 11 8 0.00401889
56 5 9 12 5 0.00278364
56 5 10 4 13 0.00663488
56 5 11 8 13 0.00610077
56 5 11 9 4 3.82134e-15
56 5 11 9 12 0.0144084
56 5 12 6 7 3.94552e-15
56 5 12 8 10 0.0101336
56 5 12 11 13 0.00892522
56 5 12 12 12 0.00760477
56 5 12 13 9 0.00934902
56 5 13 6 13 0.00681754
56 6 5 9 7 5.90109e-15
56 6 6 10 8 0.00809882
56 6 6 11 5 0.00572925
56 6 6 12 11 0.00435072
56 6 6 13 8 0.00902129
56 6 7 5 12 0.00741384
56 6 7 7 10 0.00850189
56 6 7 9 8 0.00891138
56 6 7 12 10 0.00903097
56 6 7 13 13 0.013883
56 6 10 4 10 0.00975083
56 6 10 8 6 0.00134207
56 6 10 12 12 0.00547822
56 6 11 5 6 0.00245862
56 6 11 8 9 0.00694927
56 6 12 5 9 0.013006
56 6 12 11 6 0.00265225
56 6 13 4 8 0.00964673
56 6 13 5 13 0.0160484
56 6 13 8 6 0.00154669
56 7 4 9 11 0.00417499
56 7 4 11 10 0.00645908
56 7 5 12 6 0.00122479
56 7 6 5 9 0.00346748
56 7 7 9 13 0.00354894
56 7 7 10 6 0.000752425
56 7 9 8 4 1.48461e-15
56 7 9 8 6 0.000589807
56 7 9 12 10 0.0051688
56 7 9 13 7 2.53045e-15
56 7 10 6 7 2.27907e-15
56 7 10 8 10 0.00580943
56 7 11 10 5 0.00220634
56 7 11 11 11 0.0037004
56 7 11 12 12 0.0044163
56 7 12 8 4 2.46743e-15
56 7 12 10 6 0.00101458
56 7 12 10 12 0.00612597
56 7 12 11 4 3.19511e-15
56 7 12 12 12 0.00588243
56 7 13 9 12 0.00580115
56 7 13 13 6 0.00109905
56 8 4 7 9 0.00368884
56 8 4 7 12 0.00258242
56 8 5 9 11 0.00648932
56 8 6 6 10 0.00830083
56 8 6 6 13 0.00549571
56 8 6 7 9 0.0064293
56 8 6 13 4 5.87118e-15
56 8 9 5 5 0.00411251
56 8 9 6 11 0.00313011
56 8 9 13 12 0.00399698
56 8 10 4 4 3.06949e-15
56 8 10 5 12 0.00428743
56 8 10 7 10 0.00671362
56 8 10 8 12 0.00273011
56 8 10 11 12 0.00256266
56 8 11 8 13 0.00516406
56 8 12 8 10 0.00893234
56 8 12 11 11 0.00563541
56 8 13 5 11 0.00860636
56 8 13 8 11 0.0038855
56 8 13 11 9 0.0056946
56 9 4 5 11 0.00468454
56 9 4 10 12 0.00622771
56 9 5 5 8 0.0114244
56 9 5 12 13 0.0132627
56 9 6 11 8 0.00985607
56 9 6 12 5 0.00293846
56 9 7 6 5 0.00290021
56 9 8 4 7 4.04525e-15
56 9 8 6 7 3.41956e-15
56 9 8 13 11 0.00459255
56 9 11 7 4 2.78165e-15
56 9 11 8 5 0.00284978
56 9 12 5 5 0.00493089
56 9 12 5 11 0.0115986
56 9 12 7 13 0.00920558
56 9 12 10 7 5.3232e-15
56 9 13 7 7 4.102e-15
56 9 13 12 8 0.0111862
56 10 4 4 8 0.00715138
56 10 4 10 6 0.00202689
56 10 4 12 4 2.10843e-15
56 10 4 13 5 0.00255073
56 10 4 13 12 0.00416063
56 10 5 7 11 0.0032339
56 10 5 12 8 0.00886084
56 10 6 7 7 3.37515e-15
56 10 6 7 12 0.00334044
56 10 6 10 4 2.93634e-15
56 10 7 4 11 0.00354254
56 10 7 9 12 0.00391724
56 10 7 10 8 0.00675556
56 10 8 6 6 0.00173011
56 10 8 10 7 3.88728e-15
56 10 8 12 8 0.00642625
56 10 10 12 4 2.12389e-15
56 10 11 4 4 2.22078e-15
56 10 11 12 8 0.00496391
56 10 12 4 10 0.0058303
56 10 12 4 12 0.00396132
56 10 12 7 12 0.00313808
56 10 12 9 4 3.29811e-15
56 10 12 12 6 0.00242821
56 10 12 13 12 0.00526306
56 11 4 4 10 0.00740317
56 11 4 7 12 0.00294794
56 11 5 6 6 0.00341272
56 11 6 6 12 0.0052616
56 11 7 4 9 0.00686895
56 11 7 11 11 0.00411409
56 11 8 5 9 0.00720457
56 11 8 9 6 0.00232146
56 11 8 12 11 0.00459172
56 11 8 13 5 0.00544576
56 11 8 13 8 0.010598
56 11 9 4 5 0.000939555
56 11 9 8 13 0.00617156
56 11 9 12 5 0.00403985
56 11 10 5 7 2.8181e-15
56 11 10 7 4 2.06463e-15
56 11 11 7 11 0.00380539
56 11 11 8 12 0.00344532
56 11 11 11 7 2.62215e-15
56 11 12 8 10 0.0057203
56 11 12 12 7 3.31074e-15
56 11 13 5 12 0.00702906
56 11 13 12 12 0.00533072
56 12 4 10 4 2.87494e-15
56 12 4 10 10 0.00640889
56 12 4 12 10 0.00474537
56 12 4 13 13 0.00973216
56 12 5 5 9 0.00683864
56 12 5 9 6 0.00244465
56 12 5 11 9 0.0101267
56 12 5 12 12 0.00564542
56 12 6 7 5 0.00187671
56 12 6 10 12 0.00533641
56 12 7 11 12 0.00284713
56 12 7 12 10 0.0055476
56 12 7 12 12 0.00404591
56 12 7 13 9 0.00527072
56 12 8 4 7 3.32772e-15
56 12 8 9 13 0.0093043
56 12 8 10 5 0.00223589
56 12 8 10 8 0.00634905
56 12 8 10 11 0.00295771
56 12 9 4 10 0.00153301
56 12 10 4 13 0.00561711
56 12 10 6 7 2.12636e-15
56 12 10 7 9 0.00298798
56 12 10 12 4 2.36316e-15
56 12 10 12 7 2.72826e-15
56 12 10 12 13 0.00534787
56 12 11 4 7 3.11344e-15
56 12 11 6 6 0.00191914
56 12 11 11 8 0.0053136
56 12 11 13 5 0.00274583
56 12 11 13 12 0.00490875
56 12 12 5 12 0.00595317
56 12 12 6 10 0.00468144
56 12 12 7 11 0.00224917
56 12 12 7 12 0.00335023
56 12 12 11 13 0.00718032
56 12 12 12 5 0.00238844
56 12 12 12 7 3.68864e-15
56 12 13 9 5 0.00182537
56 12 13 12 10 0.00606875
56 13 4 4 4 4.12362e-15
56 13 4 8 6 0.00191139
56 13 5 10 4 5.47449e-15
56 13 5 11 8 0.0126759
56 13 5 12 11 0.00807299
56 13 5 13 6 0.00286271
56 13 6 7 13 0.00750262
56 13 6 13 5 0.00498868
56 13 7 7 9 0.00656237
56 13 8 6 6 0.00122633
56 13 8 11 8 0.0108328
56 13 9 5 12 0.00513251
56 13 9 12 7 3.55027e-15
56 13 11 9 8 0.00784935
56 13 12 4 13 0.0122197
56 13 12 8 9 0.00816378
56 13 12 10 4 4.90244e-15
56 13 12 10 12 0.00869638
56 13 12 12 11 0.00609051
56 13 13 6 7 3.35885e-15
56 13 13 12 4 4.47966e-15
57 4 4 4 13 0.00410133
57 4 4 8 10 2.76763e-15
57 4 4 10 11 0.00520589
57 4 4 13 4 0.00203332
57 4 5 11 9 0.00203064
57 4 7 9 8 0.00406718
57 4 7 12 8 0.00317922
57 4 7 12 11 0.00337672
57 4 8 6 13 0.00448124
57 4 8 10 4 0.00376208
57 4 9 11 7 0.00279116
57 4 10 4 12 0.00225097
57 4 10 6 10 0.00227393
57 4 10 10 12 0.0052582
57 4 10 11 4 0.00119936
57 4 10 12 9 0.00348955
57 4 11 10 7 0.00673351
57 4 12 4 10 0.002386
57 4 12 10 12 0.00653219
57 4 13 4 4 0.00192348
57 4 13 5 10 0.00150787
57 4 13 12 10 0.00410374
57 4 13 13 12 0.00329803
57 5 5 8 9 3.97569e-15
57 5 5 9 12 0.00792104
57 5 6 6 11 0.00261729
57 5 7 11 10 0.00155959
57 5 8 9 5 0.00657727
57 5 9 6 12 0.00328287
57 5 9 7 6 0.00501956
57 5 9 11 8 0.00222142
57 5 9 12 5 0.00618157
57 5 10 4 13 0.0035109
57 5 11 8 13 6.35159e-15
57 5 11 9 4 0.00501335
57 5 11 9 12 0.0130021
57 5 12 6 7 0.00445395
57 5 12 8 10 3.63971e-15
57 5 12 11 13 0.00417954
57 5 12 12 12 0.00826026
57 5 12 13 9 0.00347844
57 5 13 6 13 0.00415614
57 6 5 9 7 0.0111559
57 6 6 10 8 0.00653246
57 6 6 11 5 0.0044551
57 6 6 12 11 0.00529151
57 6 6 13 8 0.00275159
57 6 7 5 12 0.00253418
57 6 7 7 10 0.00362941
57 6 7 9 8 0.00624965
57 6 7 12 10 0.0042591
57 6 7 13 13 0.00388669
57 6 10 4 10 0.00199782
57 6 10 8 6 3.3809e-15
57 6 10 12 12 0.00673381
57 6 11 5 6 0.0037964
57 6 11 8 9 3.14899e-15
57 6 12 5 9 0.00235078
57 6 12 11 6 0.0041181
57 6 13 4 8 0.003006
57 6 13 5 13 0.00346596
57 6 13 8 6 3.602e-15
57 7 4 9 11 0.00523606
57 7 4 11 10 0.00215099
57 7 5 12 6 0.00801126
57 7 6 5 9 0.00252621
57 7 7 9 13 0.00652846
57 7 7 10 6 0.00512165
57 7 9 8 4 2.35814e-15
57 7 9 8 6 4.82959e-15
57 7 9 12 10 0.0050737
57 7 9 13 7 0.00364349
57 7 10 6 7 0.00279891
57 7 10 8 10 2.70562e-15
57 7 11 10 5 0.00593608
57 7 11 11 11 0.00149472
57 7 11 12 12 0.00427602
57 7 12 8 4 3.01735e-15
57 7 12 10 6 0.00805132
57 7 12 10 12 0.0082316
57 7 12 11 4 0.00215503
57 7 12 12 12 0.00801518
57 7 13 9 12 0.0062656
57 7 13 13 6 0.0038731
57 8 4 7 9 0.00331686
57 8 4 7 12 0.00302058
57 8 5 9 11 0.00446148
57 8 6 6 10 0.00216907
57 8 6 6 13 0.00274306
57 8 6 7 9 0.00356681
57 8 6 13 4 0.00203989
57 8 9 5 5 0.00148138
57 8 9 6 11 0.00115624
57 8 9 13 12 0.00193935
57 8 10 4 4 0.00117153
57 8 10 5 12 0.00118194
57 8 10 7 10 0.00136502
57 8 10 8 12 2.06034e-15
57 8 10 11 12 0.00106617
57 8 11 8 13 2.87764e-15
57 8 12 8 10 2.25201e-15
57 8 12 11 11 0.00145663
57 8 13 5 11 0.00194123
57 8 13 8 11 2.14418e-15
57 8 13 11 9 0.0012064
57 9 4 5 11 0.00198003
57 9 4 10 12 0.00599943
57 9 5 5 8 0.00226496
57 9 5 12 13 0.00641666
57 9 6 11 8 0.00221848
57 9 6 12 5 0.00650391
57 9 7 6 5 0.0025955
57 9 8 4 7 0.00286651
57 9 8 6 7 0.00354327
57 9 8 13 11 0.00175523
57 9 11 7 4 0.00227666
57 9 11 8 5 3.72065e-15
57 9 12 5 5 0.00327053
57 9 12 5 11 0.00337589
57 9 12 7 13 0.0062792
57 9 12 10 7 0.00696317
57 9 13 7 7 0.00422839
57 9 13 12 8 0.00449148
57 10 4 4 8 0.00263623
57 10 4 10 6 0.00737045
57 10 4 12 4 0.00523879
57 10 4 13 5 0.00675197
57 10 4 13 12 0.00386109
57 10 5 7 11 0.00548288
57 10 5 12 8 0.00529099
57 10 6 7 7 0.00514018
57 10 6 7 12 0.00536083
57 10 6 10 4 0.00541354
57 10 7 4 11 0.00195716
57 10 7 9 12 0.00598801
57 10 7 10 8 0.00496197
57 10 8 6 6 0.00424845
57 10 8 10 7 0.00721693
57 10 8 12 8 0.00453605
57 10 10 12 4 0.0037613
57 10 11 4 4 0.00187351
57 10 11 12 8 0.00392372
57 10 12 4 10 0.00247913
57 10 12 4 12 0.00365814
57 10 12 7 12 0.00632759
57 10 12 9 4 0.00538136
57 10 12 12 6 0.0100591
57 10 12 13 12 0.00378436
57 11 4 4 10 0.00241689
57 11 4 7 12 0.00574445
57 11 5 6 6 0.00411987
57 11 6 6 12 0.00443057
57 11 7 4 9 0.00151416
57 11 7 11 11 0.00116271
57 11 8 5 9 0.00147285
57 11 8 9 6 0.00526382
57 11 8 12 11 0.00389367
57 11 8 13 5 0.00458295
57 11 8 13 8 0.00183359
57 11 9 4 5 0.00262355
57 11 9 8 13 3.23584e-15
57 11 9 12 5 0.0111006
57 11 10 5 7 0.00260271
57 11 10 7 4 0.00211812
57 11 11 7 11 0.00400158
57 11 11 8 12 2.89506e-15
57 11 11 11 7 0.00306289
57 11 12 8 10 2.229e-15
57 11 12 12 7 0.00786109
57 11 13 5 12 0.002287
57 11 13 12 12 0.00525283
57 12 4 10 4 0.00643532
57 12 4 10 10 0.00651084
57 12 4 12 10 0.00680315
57 12 4 13 13 0.00644298
57 12 5 5 9 0.002561
57 12 5 9 6 0.0103268
57 12 5 11 9 0.0045799
57 12 5 12 12 0.00862379
57 12 6 7 5 0.00821118
57 12 6 10 12 0.00872757
57 12 7 11 12 0.00190569
57 12 7 12 10 0.005205
57 12 7 12 12 0.00609078
57 12 7 13 9 0.00280309
57 12 8 4 7 0.00361443
57 12 8 9 13 0.0111926
57 12 8 10 5 0.00779028
57 12 8 10 8 0.00577942
57 12 8 10 11 0.0060869
57 12 9 4 10 0.00260323
57 12 10 4 13 0.0039114
57 12 10 6 7 0.00348424
57 12 10 7 9 0.00498064
57 12 10 12 4 0.00475737
57 12 10 12 7 0.0084965
57 12 10 12 13 0.00814455
57 12 11 4 7 0.00415867
57 12 11 6 6 0.00567234
57 12 11 11 8 0.00238439
57 12 11 13 5 0.00551898
57 12 11 13 12 0.00312159
57 12 12 5 12 0.00341966
57 12 12 6 10 0.00438385
57 12 12 7 11 0.00651534
57 12 12 7 12 0.008137
57 12 12 11 13 0.00409801
57 12 12 12 5 0.0119842
57 12 12 12 7 0.0120437
57 12 13 9 5 0.00897327
57 12 13 12 10 0.00553968
57 13 4 4 4 0.00438458
57 13 4 8 6 1.1241e-14
57 13 5 10 4 0.00856509
57 13 5 11 8 0.00424248
57 13 5 12 11 0.00761197
57 13 5 13 6 0.0069023
57 13 6 7 13 0.0104907
57 13 6 13 5 0.00715127
57 13 7 7 9 0.00715365
57 13 8 6 6 0.0061926
57 13 8 11 8 0.00333731
57 13 9 5 12 0.00248131
57 13 9 12 7 0.0101726
57 13 11 9 8 0.00771109
57 13 12 4 13 0.00670715
57 13 12 8 9 6.30528e-15
57 13 12 10 4 0.00842487
57 13 12 10 12 0.0111578
57 13 12 12 11 0.0071441
57 13 13 6 7 0.0058958
57 13 13 12 4 0.00686669
48 4 4 4 13 0.00720242
48 4 4 8 10 0.00586462
48 4 4 10 11 0.00930487
48 4 4 13 4 0.0117491
48 4 5 11 9 0.00227563
48 4 7 9 8 0.00523027
48 4 7 12 8 0.00584775
48 4 7 12 11 0.00351994
48 4 8 6 13 0.00532424
48 4 8 10 4 0.00346461
48 4 9 11 7 0.00385956
48 4 10 4 12 0.0033932
48 4 10 6 10 0.00470535
48 4 10 10 12 0.00691082
48 4 10 11 4 0.00449365
48 4 10 12 9 0.00387294
48 4 11 10 7 0.0201223
48 4 12 4 10 0.00233045
48 4 12 10 12 0.00553327
48 4 13 4 4 0.00102744
48 4 13 5 10 0.0016041
48 4 13 12 10 0.00172511
48 4 13 13 12 0.00265896
48 5 5 8 9 0.001566
48 5 5 9 12 0.00275297
48 5 6 6 11 0.00146771
48 5 7 11 10 0.00143638
48 5 8 9 5 0.002774
48 5 9 6 12 0.00369665
48 5 9 7 6 0.00260176
48 5 9 11 8 0.0034912
48 5 9 12 5 0.00531759
48 5 10 4 13 0.00254648
48 5 11 8 13 0.00658367
48 5 11 9 4 0.00843364
48 5 11 9 12 0.0182736
48 5 12 6 7 0.00300966
48 5 12 8 10 0.00114386
48 5 12 11 13 0.00256569
48 5 12 12 12 0.00303223
48 5 12 13 9 0.00163868
48 5 13 6 13 0.00207215
48 6 5 9 7 0.00271967
48 6 6 10 8 0.00705393
48 6 6 11 5 0.00633874
48 6 6 12 11 0.00363644
48 6 6 13 8 0.00496989
48 6 7 5 12 0.00187463
48 6 7 7 10 0.00116093
48 6 7 9 8 0.00279225
48 6 7 12 10 0.00155598
48 6 7 13 13 0.0018264
48 6 10 4 10 0.00253232
48 6 10 8 6 0.00511135
48 6 10 12 12 0.00526073
48 6 11 5 6 0.0195956
48 6 11 8 9 0.00354268
48 6 12 5 9 0.00141263
48 6 12 11 6 0.00349496
48 6 13 4 8 0.00253252
48 6 13 5 13 0.00332429
48 6 13 8 6 0.00336764
48 7 4 9 11 0.00473977
48 7 4 11 10 0.00463042
48 7 5 12 6 0.00325649
48 7 6 5 9 0.00117874
48 7 7 9 13 0.00350548
48 7 7 10 6 0.00496104
48 7 9 8 4 0.00138174
48 7 9 8 6 0.00248051
48 7 9 12 10 0.00254979
48 7 9 13 7 0.00313944
48 7 10 6 7 0.00405368
48 7 10 8 10 0.00174919
48 7 11 10 5 0.0148794
48 7 11 11 11 0.00441667
48 7 11 12 12 0.00944489
48 7 12 8 4 0.0015766
48 7 12 10 6 0.00420294
48 7 12 10 12 0.00377396
48 7 12 11 4 0.00235447
48 7 12 12 12 0.00357163
48 7 13 9 12 0.00126288
48 7 13 13 6 0.00177329
48 8 4 7 9 0.00529473
48 8 4 7 12 0.00726669
48 8 5 9 11 0.00358916
48 8 6 6 10 0.00175862
48 8 6 6 13 0.00245296
48 8 6 7 9 0.00134491
48 8 6 13 4 0.00308873
48 8 9 5 5 0.00412705
48 8 9 6 11 0.00380262
48 8 9 13 12 0.00397649
48 8 10 4 4 0.0033265
48 8 10 5 12 0.00538438
48 8 10 7 10 0.00421633
48 8 10 8 12 0.00325014
48 8 10 11 12 0.0039959
48 8 11 8 13 0.0106423
48 8 12 8 10 0.00364641
48 8 12 11 11 0.00506338
48 8 13 5 11 0.00123264
48 8 13 8 11 0.00085813
48 8 13 11 9 0.000697416
48 9 4 5 11 0.00515225
48 9 4 10 12 0.00679055
48 9 5 5 8 0.00332043
48 9 5 12 13 0.00220253
48 9 6 11 8 0.00304872
48 9 6 12 5 0.00305266
48 9 7 6 5 0.00373837
48 9 8 4 7 0.00148716
48 9 8 6 7 0.00269117
48 9 8 13 11 0.00146519
48 9 11 7 4 0.00849853
48 9 11 8 5 0.00733584
48 9 12 5 5 0.0047191
48 9 12 5 11 0.00482702
48 9 12 7 13 0.0032125
48 9 12 10 7 0.00426425
48 9 13 7 7 0.000780216
48 9 13 12 8 0.00181367
48 10 4 4 8 0.00635752
48 10 4 10 6 0.0111996
48 10 4 12 4 0.00797145
48 10 4 13 5 0.0115092
48 10 4 13 12 0.00750169
48 10 5 7 11 0.00108623
48 10 5 12 8 0.00321484
48 10 6 7 7 0.00215963
48 10 6 7 12 0.0017702
48 10 6 10 4 0.003174
48 10 7 4 11 0.000941827
48 10 7 9 12 0.00226825
48 10 7 10 8 0.00451404
48 10 8 6 6 0.00376742
48 10 8 10 7 0.00327506
48 10 8 12 8 0.00385061
48 10 10 12 4 0.00406713
48 10 11 4 4 0.00506035
48 10 11 12 8 0.0140413
48 10 12 4 10 0.00147354
48 10 12 4 12 0.00187778
48 10 12 7 12 0.00225061
48 10 12 9 4 0.00203119
48 10 12 12 6 0.00433913
48 10 12 13 12 0.00274747
48 11 4 4 10 0.00330217
48 11 4 7 12 0.00583868
48 11 5 6 6 0.00256297
48 11 6 6 12 0.00234218
48 11 7 4 9 0.00167651
48 11 7 11 11 0.00203953
48 11 8 5 9 0.00133359
48 11 8 9 6 0.00277939
48 11 8 12 11 0.001904
48 11 8 13 5 0.00409024
48 11 8 13 8 0.00357217
48 11 9 4 5 0.00275447
48 11 9 8 13 0.00171174
48 11 9 12 5 0.00937254
48 11 10 5 7 0.00411349
48 11 10 7 4 0.00318497
48 11 11 7 11 0.008984
48 11 11 8 12 0.00567823
48 11 11 11 7 0.00676459
48 11 12 8 10 0.00162309
48 11 12 12 7 0.00407686
48 11 13 5 12 0.00127689
48 11 13 12 12 0.00118739
48 12 4 10 4 0.00909134
48 12 4 10 10 0.00771464
48 12 4 12 10 0.00741872
48 12 4 13 13 0.00954757
48 12 5 5 9 0.00167938
48 12 5 9 6 0.00334038
48 12 5 11 9 0.00367216
48 12 5 12 12 0.00329073
48 12 6 7 5 0.00308467
48 12 6 10 12 0.00399877
48 12 7 11 12 0.00198003
48 12 7 12 10 0.00268666
48 12 7 12 12 0.00333836
48 12 7 13 9 0.00219455
48 12 8 4 7 0.00213003
48 12 8 9 13 0.00283994
48 12 8 10 5 0.00365874
48 12 8 10 8 0.00437095
48 12 8 10 11 0.00179295
48 12 9 4 10 0.00198108
48 12 10 4 13 0.00272682
48 12 10 6 7 0.00435664
48 12 10 7 9 0.00220784
48 12 10 12 4 0.00453016
48 12 10 12 7 0.00551124
48 12 10 12 13 0.004875
48 12 11 4 7 0.00738047
48 12 11 6 6 0.0206937
48 12 11 11 8 0.0103318
48 12 11 13 5 0.016816
48 12 11 13 12 0.010607
48 12 12 5 12 0.00362867
48 12 12 6 10 0.0030742
48 12 12 7 11 0.00182771
48 12 12 7 12 0.00295762
48 12 12 11 13 0.00307418
48 12 12 12 5 0.00574691
48 12 12 12 7 0.00425412
48 12 13 9 5 0.0018464
48 12 13 12 10 0.00154321
48 13 4 4 4 0.00494395
48 13 4 8 6 0.0110686
48 13 5 10 4 0.00344434
48 13 5 11 8 0.00592555
48 13 5 12 11 0.00267473
48 13 5 13 6 0.00443582
48 13 6 7 13 0.00245851
48 13 6 13 5 0.00484931
48 13 7 7 9 0.0018739
48 13 8 6 6 0.00425386
48 13 8 11 8 0.00484514
48 13 9 5 12 0.00275396
48 13 9 12 7 0.0055551
48 13 11 9 8 0.0157363
48 13 12 4 13 0.00276494
48 13 12 8 9 0.001996
48 13 12 10 4 0.00364696
48 13 12 10 12 0.00411032
48 13 12 12 11 0.00301699
48 13 13 6 7 0.00208949
48 13 13 12 4 0.00230836
49 1 0 1 4 0.0253205
49 1 0 2 4 0.0240552
49 1 0 2 9 0.0290697
49 1 0 2 11 0.0568252
49 1 0 2 12 0.0225797
49 1 0 3 4 0.0236906
49 1 0 3 6 0.0234984
49 1 0 3 8 0.0278966
49 1 0 3 10 0.0256261
49 1 0 3 12 0.0210646
49 2 0 1 4 0.0299293
49 2 0 1 5 0.0291638
49 2 0 1 7 0.0321461
49 2 0 1 11 0.0750408
49 2 0 1 12 0.0303235
49 2 0 2 7 0.028817
49 2 0 2 10 0.0321301
49 2 0 2 11 0.0342409
49 2 0 2 12 0.0263963
49 2 0 3 12 0.0255278
49 3 0 1 6 0.039731
49 3 0 1 10 0.0426201
49 3 0 2 4 0.035944
49 3 0 2 11 0.087756
49 3 0 3 4 0.032521
49 3 0 3 5 0.0278462
49 3 0 3 8 0.0377739
49 3 0 3 9 0.0354835
49 3 0 3 13 0.0369822
58 4 4 4 13 0.00721956
58 4 4 8 10 0.00222525
58 4 4 10 11 0.00516008
58 4 4 13 4 0.00358626
58 4 5 11 9 0.0012985
58 4 7 9 8 0.00292565
58 4 7 12 8 0.00482288
58 4 7 12 11 0.00324451
58 4 8 6 13 0.00142302
58 4 8 10 4 0.00165494
58 4 9 11 7 0.00146628
58 4 10 4 12 0.00390944
58 4 10 6 10 0.00176257
58 4 10 10 12 0.00446912
58 4 10 11 4 0.00129986
58 4 10 12 9 0.00409186
58 4 11 10 7 0.0092057
58 4 12 4 10 0.00277119
58 4 12 10 12 0.00371419
58 4 13 4 4 0.00101349
58 4 13 5 10 0.00177962
58 4 13 12 10 0.0016459
58 4 13 13 12 0.00106007
58 5 5 8 9 0.00148381
58 5 5 9 12 0.00280247
58 5 6 6 11 0.00104497
58 5 7 11 10 0.00122697
58 5 8 9 5 0.00205561
58 5 9 6 12 0.00177182
58 5 9 7 6 0.00491374
58 5 9 11 8 0.00157295
58 5 9 12 5 0.00596833
58 5 10 4 13 0.00494839
58 5 11 8 13 0.00341691
58 5 11 9 4 0.00649693
58 5 11 9 12 0.0193976
58 5 12 6 7 0.00219558
58 5 12 8 10 0.000845748
58 5 12 11 13 0.00232427
58 5 12 12 12 0.00699037
58 5 12 13 9 0.00229002
58 5 13 6 13 0.00079238
58 6 5 9 7 0.0024378
58 6 6 10 8 0.00402981
58 6 6 11 5 0.00353043
58 6 6 12 11 0.00515732
58 6 6 13 8 0.00241284
58 6 7 5 12 0.00393485
58 6 7 7 10 0.00298683
58 6 7 9 8 0.00259215
58 6 7 12 10 0.00265933
58 6 7 13 13 0.00246108
58 6 10 4 10 0.00395957
58 6 10 8 6 0.00224546
58 6 10 12 12 0.00829024
58 6 11 5 6 0.0204231
58 6 11 8 9 0.00155307
58 6 12 5 9 0.00392956
58 6 12 11 6 0.00136518
58 6 13 4 8 0.00275971
58 6 13 5 13 0.00405263
58 6 13 8 6 0.00113266
58 7 4 9 11 0.00505149
58 7 4 11 10 0.00357231
58 7 5 12 6 0.00431109
58 7 6 5 9 0.00303807
58 7 7 9 13 0.00262164
58 7 7 10 6 0.00381913
58 7 9 8 4 0.000528987
58 7 9 8 6 0.000954741
58 7 9 12 10 0.00406709
58 7 9 13 7 0.00201204
58 7 10 6 7 0.00173019
58 7 10 8 10 0.0013628
58 7 11 10 5 0.00975616
58 7 11 11 11 0.00298069
58 7 11 12 12 0.0118585
58 7 12 8 4 0.000705646
58 7 12 10 6 0.003796
58 7 12 10 12 0.00337596
58 7 12 11 4 0.00114537
58 7 12 12 12 0.00559162
58 7 13 9 12 0.000836837
58 7 13 13 6 0.000944877
58 8 4 7 9 0.0132443
58 8 4 7 12 0.0137937
58 8 5 9 11 0.00285226
58 8 6 6 10 0.0011065
58 8 6 6 13 0.00132437
58 8 6 7 9 0.00395191
58 8 6 13 4 0.00181888
58 8 9 5 5 0.00633414
58 8 9 6 11 0.00209796
58 8 9 13 12 0.00276391
58 8 10 4 4 0.00371317
58 8 10 5 12 0.00694633
58 8 10 7 10 0.0074341
58 8 10 8 12 0.00173001
58 8 10 11 12 0.00227622
58 8 11 8 13 0.00316399
58 8 12 8 10 0.00180651
58 8 12 11 11 0.00257233
58 8 13 5 11 0.00208422
58 8 13 8 11 0.000597813
58 8 13 11 9 0.000565696
58 9 4 5 11 0.00823283
58 9 4 10 12 0.00865107
58 9 5 5 8 0.00345553
58 9 5 12 13 0.00385395
58 9 6 11 8 0.00173242
58 9 6 12 5 0.00561842
58 9 7 6 5 0.00279543
58 9 8 4 7 0.00257104
58 9 8 6 7 0.00114883
58 9 8 13 11 0.00112524
58 9 11 7 4 0.0123414
58 9 11 8 5 0.00372656
58 9 12 5 5 0.00966524
58 9 12 5 11 0.00720131
58 9 12 7 13 0.00696756
58 9 12 10 7 0.0043247
58 9 13 7 7 0.00170143
58 9 13 12 8 0.0018025
58 10 4 4 8 0.011041
58 10 4 10 6 0.0134648
58 10 4 12 4 0.0108416
58 10 4 13 5 0.0104623
58 10 4 13 12 0.00711017
58 10 5 7 11 0.00294757
58 10 5 12 8 0.00511163
58 10 6 7 7 0.00527647
58 10 6 7 12 0.00478375
58 10 6 10 4 0.00315705
58 10 7 4 11 0.00223892
58 10 7 9 12 0.00342047
58 10 7 10 8 0.00450673
58 10 8 6 6 0.00185244
58 10 8 10 7 0.00353764
58 10 8 12 8 0.00515815
58 10 10 12 4 0.00577587
58 10 11 4 4 0.00811894
58 10 11 12 8 0.0168964
58 10 12 4 10 0.0031707
58 10 12 4 12 0.00489115
58 10 12 7 12 0.00703955
58 10 12 9 4 0.00225822
58 10 12 12 6 0.00898434
58 10 12 13 12 0.00320783
58 11 4 4 10 0.0064634
58 11 4 7 12 0.0125079
58 11 5 6 6 0.00184571
58 11 6 6 12 0.00141673
58 11 7 4 9 0.00252256
58 11 7 11 11 0.000937698
58 11 8 5 9 0.00300708
58 11 8 9 6 0.00231547
58 11 8 12 11 0.00268725
58 11 8 13 5 0.00290819
58 11 8 13 8 0.00185792
58 11 9 4 5 0.00397532
58 11 9 8 13 0.000711498
58 11 9 12 5 0.0119962
58 11 10 5 7 0.00493326
58 11 10 7 4 0.00413312
58 11 11 7 11 0.010458
58 11 11 8 12 0.00167568
58 11 11 11 7 0.00379225
58 11 12 8 10 0.000876021
58 11 12 12 7 0.00527028
58 11 13 5 12 0.00232103
58 11 13 12 12 0.00218313
58 12 4 10 4 0.00567305
58 12 4 10 10 0.00668923
58 12 4 12 10 0.00947339
58 12 4 13 13 0.00660857
58 12 5 5 9 0.00274342
58 12 5 9 6 0.00245061
58 12 5 11 9 0.00231104
58 12 5 12 12 0.00441977
58 12 6 7 5 0.0052896
58 12 6 10 12 0.00351593
58 12 7 11 12 0.00104505
58 12 7 12 10 0.00321219
58 12 7 12 12 0.00422713
58 12 7 13 9 0.00158193
58 12 8 4 7 0.0028191
58 12 8 9 13 0.00221818
58 12 8 10 5 0.00346052
58 12 8 10 8 0.00293077
58 12 8 10 11 0.00176642
58 12 9 4 10 0.00222744
58 12 10 4 13 0.00394081
58 12 10 6 7 0.00173352
58 12 10 7 9 0.00442234
58 12 10 12 4 0.00422965
58 12 10 12 7 0.00607589
58 12 10 12 13 0.00601442
58 12 11 4 7 0.00874789
58 12 11 6 6 0.0100788
58 12 11 11 8 0.00392517
58 12 11 13 5 0.00964689
58 12 11 13 12 0.00642338
58 12 12 5 12 0.00483981
58 12 12 6 10 0.0014403
58 12 12 7 11 0.00262678
58 12 12 7 12 0.00482356
58 12 12 11 13 0.00150373
58 12 12 12 5 0.00731566
58 12 12 12 7 0.00493496
58 12 13 9 5 0.00125923
58 12 13 12 10 0.00178981
58 13 4 4 4 0.0092257
58 13 4 8 6 0.00673634
58 13 5 10 4 0.00358996
58 13 5 11 8 0.00385699
58 13 5 12 11 0.0052363
58 13 5 13 6 0.00452038
58 13 6 7 13 0.00634147
58 13 6 13 5 0.00480488
58 13 7 7 9 0.00771422
58 13 8 6 6 0.00218626
58 13 8 11 8 0.00270586
58 13 9 5 12 0.00743944
58 13 9 12 7 0.0086597
58 13 11 9 8 0.0139305
58 13 12 4 13 0.00637418
58 13 12 8 9 0.00202257
58 13 12 10 4 0.0034304
58 13 12 10 12 0.00566846
58 13 12 12 11 0.00565576
58 13 13 6 7 0.00115503
58 13 13 12 4 0.00290274
59 1 0 1 4 0.0357779
59 1 0 2 4 0.0223651
59 1 0 2 9 0.0318583
59 1 0 2 11 0.0446445
59 1 0 2 12 0.0249883
59 1 0 3 4 0.0298515
59 1 0 3 6 0.029494
59 1 0 3 8 0.0249864
59 1 0 3 10 0.0299144
59 1 0 3 12 0.0303944
59 2 0 1 4 0.0410061
59 2 0 1 5 0.0364281
59 2 0 1 7 0.0400983
59 2 0 1 11 0.074998
59 2 0 1 12 0.0425236
59 2 0 2 7 0.0273991
59 2 0 2 10 0.027544
59 2 0 2 11 0.0258106
59 2 0 2 12 0.0279604
59 2 0 3 12 0.0340458
59 3 0 1 6 0.0398578
59 3 0 1 10 0.0439698
59 3 0 2 4 0.025824
59 3 0 2 11 0.0525614
59 3 0 3 4 0.0322096
59 3 0 3 5 0.0251007
59 3 0 3 8 0.0264035
59 3 0 3 9 0.0376032
59 3 0 3 13 0.0343808
60 1 4 1 0 0.0298957
60 1 4 2 0 0.029268
60 1 5 2 0 0.032602
60 1 6 3 0 0.031045
60 1 7 2 0 0.039074
60 1 10 3 0 0.0456033
60 1 11 2 0 0.0828021
60 1 12 2 0 0.0420843
60 2 4 1 0 0.0218345
60 2 4 3 0 0.0312732
60 2 7 2 0 0.0399093
60 2 9 1 0 0.0231717
60 2 10 2 0 0.022381
60 2 11 1 0 0.0671535
60 2 11 2 0 0.0382429
60 2 11 3 0 0.0680493
60 2 12 1 0 0.0301584
60 2 12 2 0 0.0329859
60 3 4 1 0 0.0248246
60 3 4 3 0 0.0288472
60 3 5 3 0 0.0261402
60 3 6 1 0 0.0194869
60 3 8 1 0 0.0317559
60 3 8 3 0 0.0348572
60 3 9 3 0 0.0222896
60 3 10 1 0 0.0233052
60 3 12 1 0 0.0254153
60 3 12 2 0 0.029503
60 3 13 3 0 0.0260406
61 4 4 4 13 0.000689657
61 4 4 8 10 0.00325122
61 4 4 10 11 0.0181423
61 4 4 13 4 0.006307
61 4 5 11 9 0.00140062
61 4 7 9 8 0.0012898
61 4 7 12 8 0.00211973
61 4 7 12 11 0.00653566
61 4 8 6 13 1.30901e-15
61 4 8 10 4 0.0153919
61 4 9 11 7 1.81741e-15
61 4 10 4 12 0.00297843
61 4 10 6 10 2.56128e-15
61 4 10 10 12 0.00145152
61 4 10 11 4 0.000634373
61 4 10 12 9 0.00113405
61 4 11 10 7 0.00121654
61 4 12 4 10 0.00814815
61 4 12 10 12 0.00426313
61 4 13 4 4 4.66477e-15
61 4 13 5 10 2.36494e-15
61 4 13 12 10 2.14863e-15
61 4 13 13 12 3.14662e-15
61 5 5 8 9 0.00132729
61 5 5 9 12 0.0127817
61 5 6 6 11 1.91105e-14
61 5 7 11 10 0.00312297
61 5 8 9 5 0.0121794
61 5 9 6 12 4.02876e-15
61 5 9 7 6 2.99587e-15
61 5 9 11 8 3.3461e-15
61 5 9 12 5 3.04426e-15
61 5 10 4 13 0.00153733
61 5 11 8 13 0.00172197
61 5 11 9 4 0.00275273
61 5 11 9 12 0.01495
61 5 12 6 7 2.33894e-15
61 5 12 8 10 0.00560134
61 5 12 11 13 0.00173861
61 5 12 12 12 0.00785404
61 5 12 13 9 0.0145015
61 5 13 6 13 3.08761e-15
61 6 5 9 7 0.00833522
61 6 6 10 8 0.00540928
61 6 6 11 5 0.0015828
61 6 6 12 11 0.0141957
61 6 6 13 8 0.00547384
61 6 7 5 12 2.54202e-15
61 6 7 7 10 0.00241303
61 6 7 9 8 0.00191706
61 6 7 12 10 0.00304695
61 6 7 13 13 0.00355939
61 6 10 4 10 0.0045892
61 6 10 8 6 0.000616599
61 6 10 12 12 0.00171611
61 6 11 5 6 1.65987e-15
61 6 11 8 9 0.000693992
61 6 12 5 9 1.7141e-15
61 6 12 11 6 0.00275287
61 6 13 4 8 3.06128e-15
61 6 13 5 13 1.22422e-15
61 6 13 8 6 2.66628e-15
61 7 4 9 11 0.0290696
61 7 4 11 10 0.0032914
61 7 5 12 6 0.00251632
61 7 6 5 9 1.8157e-15
61 7 7 9 13 0.000537391
61 7 7 10 6 0.00591193
61 7 9 8 4 8.74114e-15
61 7 9 8 6 2.61762e-15
61 7 9 12 10 2.75154e-15
61 7 9 13 7 3.36711e-15
61 7 10 6 7 1.76596e-15
61 7 10 8 10 0.00127893
61 7 11 10 5 0.00186902
61 7 11 11 11 0.0050712
61 7 11 12 12 0.00162344
61 7 12 8 4 0.00269655
61 7 12 10 6 0.00696475
61 7 12 10 12 0.00586478
61 7 12 11 4 0.00458748
61 7 12 12 12 0.00445705
61 7 13 9 12 4.4533e-15
61 7 13 13 6 3.10572e-15
61 8 4 7 9 0.00122639
61 8 4 7 12 0.00498005
61 8 5 9 11 0.0141644
61 8 6 6 10 3.88696e-15
61 8 6 6 13 1.50515e-15
61 8 6 7 9 0.000744341
61 8 6 13 4 0.00977135
61 8 9 5 5 2.26734e-15
61 8 9 6 11 6.39296e-15
61 8 9 13 12 4.05066e-15
61 8 10 4 4 0.00595765
61 8 10 5 12 1.77569e-15
61 8 10 7 10 0.000763018
61 8 10 8 12 0.000707133
61 8 10 11 12 0.000849937
61 8 11 8 13 0.00098967
61 8 12 8 10 0.00335475
61 8 12 11 11 0.00715725
61 8 13 5 11 8.55739e-15
61 8 13 8 11 1.03484e-14
61 8 13 11 9 2.11031e-15
61 9 4 5 11 9.12338e-15
61 9 4 10 12 0.00811123
61 9 5 5 8 1.77022e-15
61 9 5 12 13 0.000764147
61 9 6 11 8 0.00154255
61 9 6 12 5 0.00239985
61 9 7 6 5 2.16102e-15
61 9 8 4 7 0.0194964
61 9 8 6 7 2.86732e-15
61 9 8 13 11 0.0395618
61 9 11 7 4 0.00153139
61 9 11 8 5 0.00143616
61 9 12 5 5 1.96349e-15
61 9 12 5 11 1.64919e-14
61 9 12 7 13 0.000286799
61 9 12 10 7 0.00544687
61 9 13 7 7 3.26257e-15
61 9 13 12 8 2.45722e-15
61 10 4 4 8 0.00778868
61 10 4 10 6 0.011517
61 10 4 12 4 0.00917861
61 10 4 13 5 0.00835069
61 10 4 13 12 0.00931773
61 10 5 7 11 0.00756541
61 10 5 12 8 0.00247974
61 10 6 7 7 0.00470129
61 10 6 7 12 0.00331173
61 10 6 10 4 0.0143276
61 10 7 4 11 0.027869
61 10 7 9 12 0.00823159
61 10 7 10 8 0.00561052
61 10 8 6 6 3.03621e-15
61 10 8 10 7 0.00577358
61 10 8 12 8 0.00457203
61 10 10 12 4 0.0030995
61 10 11 4 4 0.00739607
61 10 11 12 8 0.0014932
61 10 12 4 10 0.0133433
61 10 12 4 12 0.0139056
61 10 12 7 12 0.00558206
61 10 12 9 4 0.00898157
61 10 12 12 6 0.00490001
61 10 12 13 12 0.00791879
61 11 4 4 10 0.00932482
61 11 4 7 12 0.00548304
61 11 5 6 6 3.82805e-15
61 11 6 6 12 1.94008e-15
61 11 7 4 9 0.0061961
61 11 7 11 11 0.00581378
61 11 8 5 9 1.89277e-15
61 11 8 9 6 0.00299553
61 11 8 12 11 0.0114059
61 11 8 13 5 0.00949198
61 11 8 13 8 0.0100186
61 11 9 4 5 2.22759e-15
61 11 9 8 13 1.23999e-15
61 11 9 12 5 3.75157e-15
61 11 10 5 7 1.77402e-15
61 11 10 7 4 0.0010437
61 11 11 7 11 0.00459772
61 11 11 8 12 0.000961869
61 11 11 11 7 0.00124584
61 11 12 8 10 0.00276685
61 11 12 12 7 0.00239111
61 11 13 5 12 2.70255e-15
61 11 13 12 12 2.25266e-15
61 12 4 10 4 0.0242946
61 12 4 10 10 0.016292
61 12 4 12 10 0.00625453
61 12 4 13 13 0.00668525
61 12 5 5 9 2.73043e-15
61 12 5 9 6 0.00176377
61 12 5 11 9 0.00510773
61 12 5 12 12 0.00411553
61 12 6 7 5 0.00232042
61 12 6 10 12 0.00520371
61 12 7 11 12 0.00263288
61 12 7 12 10 0.0044471
61 12 7 12 12 0.00422365
61 12 7 13 9 0.00993951
61 12 8 4 7 0.0169428
61 12 8 9 13 0.00115673
61 12 8 10 5 0.00638306
61 12 8 10 8 0.00924082
61 12 8 10 11 0.0319267
61 12 9 4 10 3.57461e-15
61 12 10 4 13 0.000979423
61 12 10 6 7 2.0186e-15
61 12 10 7 9 0.000633216
61 12 10 12 4 0.00359435
61 12 10 12 7 0.00148107
61 12 10 12 13 0.000461836
61 12 11 4 7 0.00733614
61 12 11 6 6 3.46479e-15
61 12 11 11 8 0.00118518
61 12 11 13 5 0.00324557
61 12 11 13 12 0.00412023
61 12 12 5 12 2.53428e-15
61 12 12 6 10 3.38351e-15
61 12 12 7 11 0.0121478
61 12 12 7 12 0.00671086
61 12 12 11 13 0.00111804
61 12 12 12 5 0.00439527
61 12 12 12 7 0.00461644
61 12 13 9 5 2.74135e-15
61 12 13 12 10 3.75216e-15
61 13 4 4 4 0.0165896
61 13 4 8 6 0.00382709
61 13 5 10 4 0.0114939
61 13 5 11 8 0.00231292
61 13 5 12 11 0.00910658
61 13 5 13 6 0.00676613
61 13 6 7 13 0.000212707
61 13 6 13 5 0.005088
61 13 7 7 9 0.0010656
61 13 8 6 6 2.64491e-15
61 13 8 11 8 0.00308826
61 13 9 5 12 2.36219e-15
61 13 9 12 7 2.12808e-15
61 13 11 9 8 0.00107097
61 13 12 4 13 0.00360161
61 13 12 8 9 0.00149097
61 13 12 10 4 0.0163132
61 13 12 10 12 0.00583915
61 13 12 12 11 0.0119169
61 13 13 6 7 2.21653e-15
61 13 13 12 4 7.79989e-15
70 1 4 1 0 0.0355887
70 1 4 2 0 0.0604073
70 1 5 2 0 0.0309124
70 1 6 3 0 0.0389401
70 1 7 2 0 3.01198e-14
70 1 10 3 0 0.0598974
70 1 11 2 0 0.0395173
70 1 12 2 0 0.0317387
70 2 4 1 0 0.0365956
70 2 4 3 0 0.0786585
70 2 7 2 0 2.63288e-14
70 2 9 1 0 0.00404577
70 2 10 2 0 0.0704966
70 2 11 1 0 0.0451064
70 2 11 2 0 0.0245855
70 2 11 3 0 0.085379
70 2 12 1 0 0.0181618
70 2 12 2 0 0.0258232
70 3 4 1 0 0.0335753
70 3 4 3 0 0.068739
70 3 5 3 0 0.0243749
70 3 6 1 0 0.0323505
70 3 8 1 0 0.0120352
70 3 8 3 0 0.0217809
70 3 9 3 0 0.013572
70 3 10 1 0 0.0295114
70 3 12 1 0 0.0181437
70 3 12 2 0 0.0258788
70 3 13 3 0 0.034184
71 4 4 4 13 0.0110878
71 4 4 8 10 0.0346228
71 4 4 10 11 0.0598376
71 4 4 13 4 0.0691219
71 4 5 11 9 1.18003e-15
71 4 7 9 8 8.55464e-16
71 4 7 12 8 1.30385e-15
71 4 7 12 11 5.16006e-15
71 4 8 6 13 2.06037e-15
71 4 8 10 4 4.43595e-15
71 4 9 11 7 2.90841e-15
71 4 10 4 12 2.5099e-15
71 4 10 6 10 2.87674e-15
71 4 10 10 12 2.29703e-15
71 4 10 11 4 2.54724e-15
71 4 10 12 9 1.52788e-15
71 4 11 10 7 1.77211e-15
71 4 12 4 10 2.31545e-15
71 4 12 10 12 1.84537e-15
71 4 13 4 4 6.7171e-15
71 4 13 5 10 3.59357e-15
71 4 13 12 10 2.35486e-15
71 4 13 13 12 4.18075e-15
71 5 5 8 9 4.27273e-15
71 5 5 9 12 1.7555e-15
71 5 6 6 11 1.86566e-14
71 5 7 11 10 3.4327e-15
71 5 8 9 5 1.25966e-15
71 5 9 6 12 2.58139e-15
71 5 9 7 6 3.02984e-15
71 5 9 11 8 1.45656e-15
71 5 9 12 5 3.23943e-15
71 5 10 4 13 2.4243e-15
71 5 11 8 13 1.71619e-15
71 5 11 9 4 3.51472e-15
71 5 11 9 12 2.29653e-15
71 5 12 6 7 1.44542e-15
71 5 12 8 10 4.97505e-15
71 5 12 11 13 6.76352e-16
71 5 12 12 12 2.76195e-15
71 5 12 13 9 3.64418e-15
71 5 13 6 13 4.12738e-15
71 6 5 9 7 1.091e-15
71 6 6 10 8 2.55254e-15
71 6 6 11 5 2.1069e-15
71 6 6 12 11 1.55392e-14
71 6 6 13 8 4.38162e-15
71 6 7 5 12 2.89394e-15
71 6 7 7 10 4.45609e-15
71 6 7 9 8 1.49065e-15
71 6 7 12 10 3.2874e-15
71 6 7 13 13 2.41075e-15
71 6 10 4 10 5.85757e-15
71 6 10 8 6 2.23775e-15
71 6 10 12 12 3.04114e-15
71 6 11 5 6 2.3573e-15
71 6 11 8 9 4.07812e-15
71 6 12 5 9 4.10076e-15
71 6 12 11 6 9.83492e-16
71 6 13 4 8 4.92678e-15
71 6 13 5 13 3.05421e-15
71 6 13 8 6 2.70093e-15
71 7 4 9 11 0.0400008
71 7 4 11 10 0.0273198
71 7 5 12 6 2.1705e-15
71 7 6 5 9 3.38745e-15
71 7 7 9 13 7.04912e-16
71 7 7 10 6 1.89208e-15
71 7 9 8 4 9.00354e-15
71 7 9 8 6 2.49278e-15
71 7 9 12 10 3.15969e-15
71 7 9 13 7 4.56521e-15
71 7 10 6 7 1.22946e-15
71 7 10 8 10 5.16637e-15
71 7 11 10 5 1.76697e-15
71 7 11 11 11 8.24323e-15
71 7 11 12 12 1.73306e-15
71 7 12 8 4 5.91858e-15
71 7 12 10 6 1.29463e-15
71 7 12 10 12 2.48503e-15
71 7 12 11 4 3.2511e-15
71 7 12 12 12 1.90182e-15
71 7 13 9 12 1.31489e-15
71 7 13 13 6 3.88154e-15
71 8 4 7 9 0.0176178
71 8 4 7 12 0.0151046
71 8 5 9 11 2.62978e-15
71 8 6 6 10 3.88546e-15
71 8 6 6 13 2.45364e-15
71 8 6 7 9 2.61813e-15
71 8 6 13 4 1.19875e-14
71 8 9 5 5 2.51811e-15
71 8 9 6 11 5.33028e-15
71 8 9 13 12 4.14074e-15
71 8 10 4 4 6.688e-15
71 8 10 5 12 1.4567e-15
71 8 10 7 10 2.81017e-15
71 8 10 8 12 4.10959e-15
71 8 10 11 12 2.09371e-15
71 8 11 8 13 9.96769e-16
71 8 12 8 10 2.39495e-15
71 8 12 11 11 4.13522e-15
71 8 13 5 11 7.96575e-15
71 8 13 8 11 9.51161e-15
71 8 13 11 9 1.00453e-15
71 9 4 5 11 0.0947499
71 9 4 10 12 0.0274276
71 9 5 5 8 2.76316e-15
71 9 5 12 13 1.23082e-15
71 9 6 11 8 9.98832e-16
71 9 6 12 5 2.30582e-15
71 9 7 6 5 2.01814e-15
71 9 8 4 7 4.12359e-15
71 9 8 6 7 1.61168e-15
71 9 8 13 11 1.49416e-14
71 9 11 7 4 6.04135e-15
71 9 11 8 5 3.46967e-15
71 9 12 5 5 1.90714e-15
71 9 12 5 11 1.50047e-14
71 9 12 7 13 1.07741e-15
71 9 12 10 7 2.66116e-15
71 9 13 7 7 3.82396e-15
71 9 13 12 8 1.90003e-15
71 10 4 4 8 0.0338161
71 10 4 10 6 0.0296868
71 10 4 12 4 0.0700225
71 10 4 13 5 0.0552873
71 10 4 13 12 0.0554464
71 10 5 7 11 1.02847e-14
71 10 5 12 8 1.65487e-15
71 10 6 7 7 3.45804e-15
71 10 6 7 12 3.00462e-15
71 10 6 10 4 7.01882e-15
71 10 7 4 11 1.19385e-14
71 10 7 9 12 9.6785e-16
71 10 7 10 8 1.73878e-15
71 10 8 6 6 3.43641e-15
71 10 8 10 7 3.7267e-15
71 10 8 12 8 1.57659e-15
71 10 10 12 4 4.88252e-15
71 10 11 4 4 6.8276e-15
71 10 11 12 8 1.069e-15
71 10 12 4 10 3.67778e-15
71 10 12 4 12 2.84888e-15
71 10 12 7 12 2.23955e-15
71 10 12 9 4 1.98249e-15
71 10 12 12 6 1.62961e-15
71 10 12 13 12 3.1428e-15
71 11 4 4 10 0.034469
71 11 4 7 12 0.0217677
71 11 5 6 6 4.25801e-15
71 11 6 6 12 2.13184e-15
71 11 7 4 9 2.71374e-15
71 11 7 11 11 5.19371e-15
71 11 8 5 9 3.10117e-15
71 11 8 9 6 1.09386e-15
71 11 8 12 11 5.40665e-15
71 11 8 13 5 4.39333e-15
71 11 8 13 8 3.03471e-15
71 11 9 4 5 3.09033e-15
71 11 9 8 13 1.13777e-15
71 11 9 12 5 4.19246e-15
71 11 10 5 7 1.09003e-15
71 11 10 7 4 5.45636e-15
71 11 11 7 11 4.76488e-15
71 11 11 8 12 4.21667e-15
71 11 11 11 7 2.44034e-15
71 11 12 8 10 2.45068e-15
71 11 12 12 7 1.22755e-15
71 11 13 5 12 2.25005e-15
71 11 13 12 12 2.16325e-15
71 12 4 10 4 0.0559064
71 12 4 10 10 0.0344927
71 12 4 12 10 0.0290012
71 12 4 13 13 0.0230962
71 12 5 5 9 5.73421e-15
71 12 5 9 6 1.45716e-15
71 12 5 11 9 3.66615e-15
71 12 5 12 12 3.41426e-15
71 12 6 7 5 2.82491e-15
71 12 6 10 12 4.34315e-15
71 12 7 11 12 3.17235e-15
71 12 7 12 10 3.37043e-15
71 12 7 12 12 2.70238e-15
71 12 7 13 9 5.48996e-15
71 12 8 4 7 3.96498e-15
71 12 8 9 13 9.57605e-16
71 12 8 10 5 2.37482e-15
71 12 8 10 8 2.01301e-15
71 12 8 10 11 9.57703e-15
71 12 9 4 10 4.8994e-15
71 12 10 4 13 1.8184e-15
71 12 10 6 7 1.32428e-15
71 12 10 7 9 3.18657e-15
71 12 10 12 4 5.60934e-15
71 12 10 12 7 2.73986e-15
71 12 10 12 13 1.35138e-15
71 12 11 4 7 3.87222e-15
71 12 11 6 6 3.46614e-15
71 12 11 11 8 9.79756e-16
71 12 11 13 5 3.57083e-15
71 12 11 13 12 4.06198e-15
71 12 12 5 12 2.07863e-15
71 12 12 6 10 3.33547e-15
71 12 12 7 11 7.20408e-15
71 12 12 7 12 2.58924e-15
71 12 12 11 13 4.80324e-16
71 12 12 12 5 1.93221e-15
71 12 12 12 7 2.23492e-15
71 12 13 9 5 1.05739e-15
71 12 13 12 10 3.79706e-15
71 13 4 4 4 0.118514
71 13 4 8 6 0.0416037
71 13 5 10 4 9.22825e-15
71 13 5 11 8 1.82071e-15
71 13 5 12 11 1.11599e-14
71 13 5 13 6 5.44319e-15
71 13 6 7 13 1.99623e-15
71 13 6 13 5 5.26466e-15
71 13 7 7 9 3.44559e-15
71 13 8 6 6 3.59853e-15
71 13 8 11 8 1.26932e-15
71 13 9 5 12 2.49665e-15
71 13 9 12 7 3.32134e-15
71 13 11 9 8 9.67144e-16
71 13 12 4 13 1.98733e-15
71 13 12 8 9 2.98149e-15
71 13 12 10 4 5.19616e-15
71 13 12 10 12 2.74193e-15
71 13 12 12 11 6.17265e-15
71 13 13 6 7 1.81635e-15
71 13 13 12 4 7.97701e-15
62 4 4 10 11 0.0286109
62 4 8 10 4 0.0373219
62 4 10 10 12 0.018709
62 4 11 10 7 0.0320147
62 4 12 10 12 0.0348248
62 6 6 10 8 0.0937485
62 7 7 10 6 0.0260272
62 7 11 10 5 0.0278987
62 7 12 10 6 0.0382106
62 7 12 10 12 0.0311757
62 9 4 10 12 0.0219303
62 9 12 10 7 0.0404229
62 10 4 10 6 0.0120474
62 10 6 10 4 0.00647242
62 10 7 10 8 0.0503886
62 10 8 10 7 0.0340459
62 12 4 10 4 0.0453923
62 12 4 10 10 0.0355075
62 12 6 10 12 0.065108
62 12 8 10 5 0.0641023
62 12 8 10 8 0.0554878
62 12 8 10 11 0.0378978
62 13 5 10 4 0.0713903
62 13 12 10 4 0.049396
62 13 12 10 12 0.0418684
63 4 4 8 10 0.000671116
63 4 4 10 11 0.00444342
63 4 4 13 4 0.0176968
63 4 7 9 8 0.0030272
63 4 7 12 8 0.00456347
63 4 7 12 11 0.00125966
63 4 8 10 4 0.0133891
63 4 9 11 7 1.74194e-14
63 4 10 4 12 0.00362862
63 4 10 10 12 0.00197141
63 4 10 11 4 0.000827891
63 4 11 10 7 0.00286069
63 4 12 4 10 0.00144022
63 4 12 10 12 0.0148457
63 4 13 4 4 1.5203e-13
63 4 13 5 10 1.96047e-14
63 4 13 12 10 1.42831e-14
63 4 13 13 12 4.04275e-13
63 5 5 9 12 0.00077489
63 5 7 11 10 0.000177073
63 5 8 9 5 0.000600804
63 5 9 7 6 3.40782e-13
63 5 9 11 8 1.16541e-13
63 5 9 12 5 3.2123e-14
63 5 11 9 4 0.000967663
63 5 11 9 12 0.00107574
63 5 12 8 10 0.00220719
63 5 12 12 12 0.00245217
63 6 5 9 7 0.000260559
63 6 6 10 8 0.0230987
63 6 6 11 5 0.0023239
63 6 6 12 11 0.000263303
63 6 6 13 8 0.0287014
63 6 7 5 12 0.0016869
63 6 7 7 10 8.96553e-14
63 6 7 9 8 0.00279251
63 6 7 12 10 3.1391e-14
63 6 10 4 10 4.85562e-14
63 6 10 8 6 0.00110855
63 6 10 12 12 0.00123411
63 6 11 5 6 0.00181161
63 6 12 11 6 0.00266322
63 6 13 4 8 6.17717e-13
63 6 13 8 6 4.69025e-13
63 7 5 12 6 0.00166046
63 7 7 10 6 0.0427056
63 7 9 8 4 4.50093e-13
63 7 9 8 6 6.19495e-13
63 7 9 12 10 5.4594e-14
63 7 9 13 7 3.91542e-13
63 7 10 8 10 0.00117077
63 7 11 10 5 0.0023338
63 7 11 11 11 0.000764698
63 7 11 12 12 0.00167816
63 7 12 8 4 0.0254339
63 7 12 10 6 0.0365849
63 7 12 10 12 0.0169296
63 7 12 11 4 0.00288218
63 7 12 12 12 0.00399795
63 7 13 9 12 1.50048e-13
63 7 13 13 6 1.49463e-12
63 8 4 7 12 2.9761e-13
63 8 5 9 11 3.2753e-14
63 8 6 13 4 1.41202e-12
63 8 9 5 5 3.50951e-24
63 8 9 13 12 3.00552e-23
63 8 10 4 4 1.60217e-13
63 8 10 5 12 3.51527e-14
63 8 10 7 10 2.37767e-14
63 8 10 8 12 8.41343e-14
63 8 10 11 12 5.05135e-14
63 8 12 8 10 1.72476e-13
63 8 12 11 11 2.71761e-14
63 8 13 5 11 5.12428e-24
63 8 13 8 11 1.00464e-23
63 9 4 10 12 0.023936
63 9 5 5 8 0.00448206
63 9 6 11 8 0.0137481
63 9 6 12 5 0.00721564
63 9 8 4 7 0.0173293
63 9 8 13 11 0.0147628
63 9 11 7 4 0.00945714
63 9 11 8 5 0.0150928
63 9 12 5 5 0.00728809
63 9 12 5 11 0.00413448
63 9 12 10 7 0.0215922
63 9 13 7 7 3.77414e-13
63 9 13 12 8 4.53687e-13
63 10 4 4 8 0.00921846
63 10 4 10 6 0.0300395
63 10 4 12 4 0.00156596
63 10 4 13 12 0.0172062
63 10 5 7 11 0.000103317
63 10 5 12 8 0.000587145
63 10 6 7 7 0.00566375
63 10 6 7 12 0.0137956
63 10 6 10 4 0.00447408
63 10 7 4 11 0.00248903
63 10 7 9 12 0.00267788
63 10 7 10 8 0.0139136
63 10 8 10 7 0.00685769
63 10 8 12 8 0.00515854
63 10 10 12 4 0.00126341
63 10 11 4 4 0.00260981
63 10 11 12 8 0.00165494
63 10 12 4 12 0.0176836
63 10 12 7 12 0.0093361
63 10 12 9 4 0.00172836
63 10 12 12 6 0.0103863
63 10 12 13 12 0.0189817
63 11 4 4 10 0.00480089
63 11 4 7 12 0.00744972
63 11 7 11 11 0.000710674
63 11 8 9 6 0.00296934
63 11 8 12 11 0.00583923
63 11 8 13 5 0.00742362
63 11 8 13 8 0.0653234
63 11 9 4 5 6.85067e-14
63 11 9 12 5 4.71828e-14
63 11 10 5 7 0.000591978
63 11 10 7 4 0.00285859
63 11 11 7 11 0.00399812
63 11 11 8 12 0.0107274
63 11 11 11 7 0.00124417
63 11 12 8 10 0.00624126
63 11 12 12 7 0.00271081
63 11 13 5 12 1.94855e-13
63 11 13 12 12 1.22035e-13
63 12 4 10 4 0.00805634
63 12 4 12 10 0.000639252
63 12 5 9 6 0.00153244
63 12 5 12 12 0.000804773
63 12 6 7 5 0.00257492
63 12 6 10 12 0.0177124
63 12 7 11 12 0.00109634
63 12 7 12 10 0.00136121
63 12 7 12 12 0.00314628
63 12 8 4 7 0.00971957
63 12 8 10 5 0.00423082
63 12 8 10 8 0.0284713
63 12 8 10 11 0.0127058
63 12 9 4 10 9.14615e-14
63 12 10 12 4 0.000627518
63 12 10 12 7 0.00130805
63 12 11 4 7 0.00340697
63 12 11 11 8 0.00241534
63 12 11 13 5 0.0016193
63 12 11 13 12 0.00585799
63 12 12 5 12 0.00418674
63 12 12 7 11 0.00434599
63 12 12 7 12 0.00680337
63 12 12 12 5 0.000966002
63 12 12 12 7 0.00287006
63 12 13 9 5 2.48994e-14
63 12 13 12 10 4.61935e-14
63 13 4 4 4 0.014217
63 13 4 8 6 0.0125834
63 13 5 10 4 0.00904658
63 13 5 11 8 3.29896e-13
63 13 5 12 11 0.000748661
63 13 5 13 6 0.0212836
63 13 6 13 5 0.0197206
63 13 8 11 8 0.0186075
63 13 9 5 12 1.98508e-13
63 13 9 12 7 4.51561e-14
63 13 11 9 8 0.00309197
63 13 12 10 4 0.0263861
63 13 12 10 12 0.0242212
63 13 12 12 11 0.00334418
63 13 13 12 4 2.0777e-13
72 10 4 12 4 1
73 4 4 13 4 0.0228522
73 4 8 10 4 0.0228925
73 4 10 11 4 0.0215216
73 4 13 4 4 0.0192771
73 5 11 9 4 0.0241819
73 7 9 8 4 0.0210444
73 7 12 8 4 0.022332
73 7 12 11 4 0.0230103
73 8 6 13 4 0.0499587
73 8 10 4 4 0.0252777
73 9 11 7 4 0.0214994
73 10 4 12 4 0.0649242
73 10 6 10 4 0.137671
73 10 10 12 4 0.0807111
73 10 11 4 4 0.0457378
73 10 12 9 4 0.0617622
73 11 10 7 4 0.0474611
73 12 4 10 4 0.0364426
73 12 10 12 4 0.0328646
73 13 4 4 4 0.0337565
73 13 5 10 4 0.0580845
73 13 12 10 4 0.0502746
73 13 13 12 4 0.0764619
64 4 4 4 13 2.60478e-15
64 4 4 8 10 9.83356e-16
64 4 4 10 11 1.98462e-15
64 4 4 13 4 2.38958e-15
64 4 5 11 9 2.96324e-15
64 4 7 9 8 2.77512e-15
64 4 7 12 8 2.78423e-15
64 4 7 12 11 2.28494e-15
64 4 8 6 13 7.84151e-15
64 4 8 10 4 2.72318e-15
64 4 9 11 7 1.48472e-15
64 4 10 4 12 2.71712e-15
64 4 10 6 10 1.63039e-15
64 4 10 10 12 2.45524e-15
64 4 10 11 4 1.59041e-15
64 4 10 12 9 2.24263e-15
64 4 11 10 7 1.67697e-15
64 4 12 4 10 1.2266e-15
64 4 12 10 12 3.51642e-15
64 4 13 4 4 3.35107e-15
64 4 13 5 10 1.92583e-15
64 4 13 12 10 1.68929e-15
64 4 13 13 12 5.63844e-15
64 5 5 8 9 3.94408e-15
64 5 5 9 12 3.86216e-15
64 5 6 6 11 5.64556e-15
64 5 7 11 10 9.72099e-16
64 5 8 9 5 7.04338e-15
64 5 9 6 12 7.03751e-15
64 5 9 7 6 4.79869e-15
64 5 9 11 8 3.74435e-15
64 5 9 12 5 8.07898e-15
64 5 10 4 13 4.56582e-15
64 5 11 8 13 9.09427e-15
64 5 11 9 4 2.70163e-15
64 5 11 9 12 4.21648e-15
64 5 12 6 7 3.08346e-15
64 5 12 8 10 1.68387e-15
64 5 12 11 13 5.20113e-15
64 5 12 12 12 4.7651e-15
64 5 12 13 9 4.70574e-15
64 5 13 6 13 9.14511e-15
64 6 5 9 7 2.27839e-15
64 6 6 10 8 4.88502e-15
64 6 6 11 5 6.58763e-15
64 6 6 12 11 4.79925e-15
64 6 6 13 8 6.8519e-15
64 6 7 5 12 3.66287e-15
64 6 7 7 10 1.49549e-15
64 6 7 9 8 3.92765e-15
64 6 7 12 10 1.12809e-15
64 6 7 13 13 6.39218e-15
64 6 10 4 10 1.373e-15
64 6 10 8 6 4.46448e-15
64 6 10 12 12 3.81899e-15
64 6 11 5 6 7.86499e-15
64 6 11 8 9 3.34175e-15
64 6 12 5 9 3.26884e-15
64 6 12 11 6 4.67402e-15
64 6 13 4 8 6.82763e-15
64 6 13 5 13 9.05505e-15
64 6 13 8 6 6.79057e-15
64 7 4 9 11 1.98092e-15
64 7 4 11 10 8.95933e-16
64 7 5 12 6 6.37774e-15
64 7 6 5 9 2.66912e-15
64 7 7 9 13 3.94267e-15
64 7 7 10 6 2.90522e-15
64 7 9 8 4 3.55601e-15
64 7 9 8 6 4.83078e-15
64 7 9 12 10 1.64698e-15
64 7 9 13 7 3.78348e-15
64 7 10 6 7 1.93652e-15
64 7 10 8 10 1.43858e-15
64 7 11 10 5 3.74705e-15
64 7 11 11 11 2.89853e-15
64 7 11 12 12 3.40446e-15
64 7 12 8 4 3.09864e-15
64 7 12 10 6 3.11568e-15
64 7 12 10 12 3.97926e-15
64 7 12 11 4 2.3908e-15
64 7 12 12 12 3.84055e-15
64 7 13 9 12 3.36174e-15
64 7 13 13 6 5.88678e-15
64 8 4 7 9 3.17261e-15
64 8 4 7 12 3.2722e-15
64 8 5 9 11 3.3714e-15
64 8 6 6 10 2.06877e-15
64 8 6 6 13 5.45864e-15
64 8 6 7 9 4.63279e-15
64 8 6 13 4 5.75287e-15
64 8 9 5 5 6.80433e-15
64 8 9 6 11 5.46872e-15
64 8 9 13 12 7.22712e-15
64 8 10 4 4 2.71535e-15
64 8 10 5 12 3.17641e-15
64 8 10 7 10 1.96713e-15
64 8 10 8 12 4.3579e-15
64 8 10 11 12 2.26488e-15
64 8 11 8 13 6.2463e-15
64 8 12 8 10 1.51895e-15
64 8 12 11 11 3.17965e-15
64 8 13 5 11 6.65339e-15
64 8 13 8 11 5.98761e-15
64 8 13 11 9 2.98448e-15
64 9 4 5 11 3.17685e-15
64 9 4 10 12 3.03231e-15
64 9 5 5 8 7.06418e-15
64 9 5 12 13 7.10177e-15
64 9 6 11 8 4.16326e-15
64 9 6 12 5 6.82018e-15
64 9 7 6 5 5.23412e-15
64 9 8 4 7 2.30766e-15
64 9 8 6 7 2.99611e-15
64 9 8 13 11 5.04477e-15
64 9 11 7 4 3.68876e-15
64 9 11 8 5 8.55314e-15
64 9 12 5 5 7.61747e-15
64 9 12 5 11 8.31899e-15
64 9 12 7 13 4.97814e-15
64 9 12 10 7 2.23812e-15
64 9 13 7 7 3.95377e-15
64 9 13 12 8 7.80286e-15
64 10 4 4 8 0.0222069
64 10 4 10 6 0.0216257
64 10 4 12 4 0.0185908
64 10 4 13 5 0.0412846
64 10 4 13 12 0.0306342
64 10 5 7 11 0.0495114
64 10 5 12 8 0.0605238
64 10 6 7 7 0.0462274
64 10 6 7 12 0.08046
64 10 6 10 4 0.0478945
64 10 7 4 11 0.0231568
64 10 7 9 12 0.0176147
64 10 7 10 8 0.0335291
64 10 8 6 6 0.0765349
64 10 8 10 7 0.0353799
64 10 8 12 8 0.0670522
64 10 10 12 4 0.0348
64 10 11 4 4 0.0290108
64 10 11 12 8 0.0300771
64 10 12 4 10 0.016591
64 10 12 4 12 0.0435317
64 10 12 7 12 0.0520415
64 10 12 9 4 0.0222281
64 10 12 12 6 0.0411315
64 10 12 13 12 0.0583611
64 11 4 4 10 8.37314e-16
64 11 4 7 12 3.25732e-15
64 11 5 6 6 7.49019e-15
64 11 6 6 12 4.89818e-15
64 11 7 4 9 1.83767e-15
64 11 7 11 11 2.27979e-15
64 11 8 5 9 2.85385e-15
64 11 8 9 6 2.4782e-15
64 11 8 12 11 3.63931e-15
64 11 8 13 5 7.73625e-15
64 11 8 13 8 5.42413e-15
64 11 9 4 5 4.79481e-15
64 11 9 8 13 4.85479e-15
64 11 9 12 5 1.13296e-14
64 11 10 5 7 1.2039e-15
64 11 10 7 4 2.49727e-15
64 11 11 7 11 4.32361e-15
64 11 11 8 12 4.8004e-15
64 11 11 11 7 1.20715e-15
64 11 12 8 10 1.22706e-15
64 11 12 12 7 1.29626e-15
64 11 13 5 12 5.36467e-15
64 11 13 12 12 4.63779e-15
64 12 4 10 4 1.46263e-15
64 12 4 10 10 8.56494e-16
64 12 4 12 10 8.23728e-16
64 12 4 13 13 3.33258e-15
64 12 5 5 9 2.98539e-15
64 12 5 9 6 2.28803e-15
64 12 5 11 9 5.02244e-15
64 12 5 12 12 4.58986e-15
64 12 6 7 5 4.09393e-15
64 12 6 10 12 3.36445e-15
64 12 7 11 12 1.71363e-15
64 12 7 12 10 7.69809e-16
64 12 7 12 12 2.21995e-15
64 12 7 13 9 2.70921e-15
64 12 8 4 7 1.47278e-15
64 12 8 9 13 4.41825e-15
64 12 8 10 5 3.47737e-15
64 12 8 10 8 3.20127e-15
64 12 8 10 11 2.27707e-15
64 12 9 4 10 1.05158e-15
64 12 10 4 13 2.6308e-15
64 12 10 6 7 1.30994e-15
64 12 10 7 9 3.07589e-15
64 12 10 12 4 2.07255e-15
64 12 10 12 7 1.10695e-15
64 12 10 12 13 3.344e-15
64 12 11 4 7 1.56989e-15
64 12 11 6 6 4.18052e-15
64 12 11 11 8 2.52668e-15
64 12 11 13 5 5.94715e-15
64 12 11 13 12 4.37724e-15
64 12 12 5 12 3.24557e-15
64 12 12 6 10 1.74217e-15
64 12 12 7 11 2.55412e-15
64 12 12 7 12 3.86469e-15
64 12 12 11 13 2.96597e-15
64 12 12 12 5 4.16142e-15
64 12 12 12 7 1.33119e-15
64 12 13 9 5 5.26146e-15
64 12 13 12 10 1.41328e-15
64 13 4 4 4 2.27839e-15
64 13 4 8 6 4.33618e-15
64 13 5 10 4 4.57926e-15
64 13 5 11 8 6.0075e-15
64 13 5 12 11 5.84124e-15
64 13 5 13 6 7.27831e-15
64 13 6 7 13 5.94136e-15
64 13 6 13 5 8.19039e-15
64 13 7 7 9 3.78372e-15
64 13 8 6 6 6.26671e-15
64 13 8 11 8 3.71405e-15
64 13 9 5 12 4.35667e-15
64 13 9 12 7 2.47154e-15
64 13 11 9 8 4.14004e-15
64 13 12 4 13 6.48072e-15
64 13 12 8 9 3.48529e-15
64 13 12 10 4 2.90229e-15
64 13 12 10 12 4.27519e-15
64 13 12 12 11 3.60716e-15
64 13 13 6 7 3.72197e-15
64 13 13 12 4 5.48642e-15
65 4 4 4 13 2.0443e-15
65 4 4 8 10 0.00115964
65 4 4 10 11 0.000893428
65 4 4 13 4 0.00905817
65 4 5 11 9 2.97834e-15
65 4 7 9 8 0.00794309
65 4 7 12 8 0.00704918
65 4 7 12 11 0.00370059
65 4 8 6 13 3.45211e-15
65 4 8 10 4 0.00493078
65 4 9 11 7 0.00350717
65 4 10 4 12 0.00632296
65 4 10 6 10 0.00140275
65 4 10 10 12 0.00274175
65 4 10 11 4 0.00990024
65 4 10 12 9 3.27737e-15
65 4 11 10 7 0.0030543
65 4 12 4 10 0.00095091
65 4 12 10 12 0.00267172
65 4 13 4 4 0.0136384
65 4 13 5 10 0.00354624
65 4 13 12 10 0.00217044
65 4 13 13 12 0.00922229
65 5 5 8 9 3.75219e-15
65 5 5 9 12 0.00206929
65 5 6 6 11 0.00348545
65 5 7 11 10 0.00079432
65 5 8 9 5 0.00171869
65 5 9 6 12 0.00263208
65 5 9 7 6 0.00131046
65 5 9 11 8 0.00251349
65 5 9 12 5 0.00171917
65 5 10 4 13 4.78201e-15
65 5 11 8 13 9.15989e-15
65 5 11 9 4 0.00321933
65 5 11 9 12 0.0051978
65 5 12 6 7 0.00185229
65 5 12 8 10 0.000691548
65 5 12 11 13 5.43392e-15
65 5 12 12 12 0.00314879
65 5 12 13 9 4.96188e-15
65 5 13 6 13 7.64571e-15
65 6 5 9 7 0.00733889
65 6 6 10 8 0.01235
65 6 6 11 5 0.0355532
65 6 6 12 11 0.0231017
65 6 6 13 8 0.0348219
65 6 7 5 12 0.034478
65 6 7 7 10 0.00375126
65 6 7 9 8 0.0209797
65 6 7 12 10 0.00397125
65 6 7 13 13 4.71867e-15
65 6 10 4 10 0.00448329
65 6 10 8 6 0.022084
65 6 10 12 12 0.0177091
65 6 11 5 6 0.0368202
65 6 11 8 9 6.22525e-15
65 6 12 5 9 5.42441e-15
65 6 12 11 6 0.0196275
65 6 13 4 8 0.0362582
65 6 13 5 13 9.60929e-15
65 6 13 8 6 0.0359216
65 7 4 9 11 0.00198397
65 7 4 11 10 0.00124611
65 7 5 12 6 0.00467896
65 7 6 5 9 8.16902e-15
65 7 7 9 13 4.99573e-15
65 7 7 10 6 0.00266687
65 7 9 8 4 0.00936494
65 7 9 8 6 0.00774808
65 7 9 12 10 0.000697491
65 7 9 13 7 0.00325301
65 7 10 6 7 0.00432961
65 7 10 8 10 0.00152609
65 7 11 10 5 0.00164894
65 7 11 11 11 0.00241581
65 7 11 12 12 0.00539148
65 7 12 8 4 0.00736808
65 7 12 10 6 0.00153112
65 7 12 10 12 0.00254405
65 7 12 11 4 0.0083337
65 7 12 12 12 0.00617884
65 7 13 9 12 0.00967612
65 7 13 13 6 0.00729223
65 8 4 7 9 2.62239e-15
65 8 4 7 12 2.02537e-15
65 8 5 9 11 1.8169e-15
65 8 6 6 10 5.27301e-15
65 8 6 6 13 8.23723e-15
65 8 6 7 9 7.26469e-15
65 8 6 13 4 5.84149e-15
65 8 9 5 5 3.81446e-15
65 8 9 6 11 3.62283e-15
65 8 9 13 12 2.72935e-15
65 8 10 4 4 2.33687e-15
65 8 10 5 12 4.01347e-15
65 8 10 7 10 2.09189e-15
65 8 10 8 12 3.30926e-15
65 8 10 11 12 3.43384e-15
65 8 11 8 13 6.63594e-15
65 8 12 8 10 2.44668e-15
65 8 12 11 11 3.10281e-15
65 8 13 5 11 7.93746e-15
65 8 13 8 11 5.09501e-15
65 8 13 11 9 6.92645e-15
65 9 4 5 11 0.00193543
65 9 4 10 12 0.00137778
65 9 5 5 8 0.00448005
65 9 5 12 13 4.00761e-15
65 9 6 11 8 0.00746109
65 9 6 12 5 0.00634598
65 9 7 6 5 0.00340167
65 9 8 4 7 0.00118483
65 9 8 6 7 0.00128125
65 9 8 13 11 0.00134187
65 9 11 7 4 0.00505523
65 9 11 8 5 0.00525515
65 9 12 5 5 0.00433079
65 9 12 5 11 0.00459225
65 9 12 7 13 4.99096e-15
65 9 12 10 7 0.00154533
65 9 13 7 7 0.00425766
65 9 13 12 8 0.0071643
65 10 4 4 8 0.00319774
65 10 4 10 6 0.00137382
65 10 4 12 4 0.00555748
65 10 4 13 5 0.00445271
65 10 4 13 12 0.00446193
65 10 5 7 11 0.0021484
65 10 5 12 8 0.00455736
65 10 6 7 7 0.00738325
65 10 6 7 12 0.00687266
65 10 6 10 4 0.0100461
65 10 7 4 11 0.00392568
65 10 7 9 12 0.00589729
65 10 7 10 8 0.00220793
65 10 8 6 6 0.00313394
65 10 8 10 7 0.00155358
65 10 8 12 8 0.00342641
65 10 10 12 4 0.00838597
65 10 11 4 4 0.00520749
65 10 11 12 8 0.00513708
65 10 12 4 10 1.81667e-15
65 10 12 4 12 0.00334756
65 10 12 7 12 0.00312991
65 10 12 9 4 0.00610284
65 10 12 12 6 0.00633876
65 10 12 13 12 0.00459767
65 11 4 4 10 0.000503926
65 11 4 7 12 0.00215154
65 11 5 6 6 0.00318298
65 11 6 6 12 0.00968487
65 11 7 4 9 5.05941e-15
65 11 7 11 11 0.00214678
65 11 8 5 9 5.5577e-15
65 11 8 9 6 0.00259837
65 11 8 12 11 0.00138136
65 11 8 13 5 0.00412059
65 11 8 13 8 0.00455311
65 11 9 4 5 0.00232109
65 11 9 8 13 4.33763e-15
65 11 9 12 5 0.00399364
65 11 10 5 7 0.00323609
65 11 10 7 4 0.00435172
65 11 11 7 11 0.00204177
65 11 11 8 12 0.00609333
65 11 11 11 7 0.00316641
65 11 12 8 10 0.000857391
65 11 12 12 7 0.00230009
65 11 13 5 12 0.0115189
65 11 13 12 12 0.00686322
65 12 4 10 4 0.0053619
65 12 4 10 10 1.02755e-15
65 12 4 12 10 0.00122051
65 12 4 13 13 3.18939e-15
65 12 5 5 9 3.9424e-15
65 12 5 9 6 0.00409134
65 12 5 11 9 4.91139e-15
65 12 5 12 12 0.00621405
65 12 6 7 5 0.00909666
65 12 6 10 12 0.00584294
65 12 7 11 12 0.00841187
65 12 7 12 10 0.00161854
65 12 7 12 12 0.00996348
65 12 7 13 9 3.90663e-15
65 12 8 4 7 0.00209227
65 12 8 9 13 2.7156e-15
65 12 8 10 5 0.000904728
65 12 8 10 8 0.00176317
65 12 8 10 11 0.000427082
65 12 9 4 10 0.000868557
65 12 10 4 13 2.79002e-15
65 12 10 6 7 0.00428866
65 12 10 7 9 2.48534e-15
65 12 10 12 4 0.00957801
65 12 10 12 7 0.0048904
65 12 10 12 13 3.17651e-15
65 12 11 4 7 0.00547451
65 12 11 6 6 0.00894269
65 12 11 11 8 0.00723487
65 12 11 13 5 0.00740282
65 12 11 13 12 0.00737611
65 12 12 5 12 0.0121595
65 12 12 6 10 0.00121763
65 12 12 7 11 0.00203597
65 12 12 7 12 0.00483902
65 12 12 11 13 3.21572e-15
65 12 12 12 5 0.00592458
65 12 12 12 7 0.0048106
65 12 13 9 5 0.0078846
65 12 13 12 10 0.00212213
65 13 4 4 4 0.00137685
65 13 4 8 6 0.00182867
65 13 5 10 4 0.00114381
65 13 5 11 8 0.00232302
65 13 5 12 11 0.000804639
65 13 5 13 6 0.00231311
65 13 6 7 13 7.93104e-15
65 13 6 13 5 0.00396022
65 13 7 7 9 4.96266e-15
65 13 8 6 6 0.00109728
65 13 8 11 8 0.00192781
65 13 9 5 12 0.00235814
65 13 9 12 7 0.00102262
65 13 11 9 8 0.00161756
65 13 12 4 13 3.86992e-15
65 13 12 8 9 4.89319e-15
65 13 12 10 4 0.001403
65 13 12 10 12 0.0007389
65 13 12 12 11 0.000725712
65 13 13 6 7 0.00247786
65 13 13 12 4 0.00495817
74 4 4 4 13 0.00285496
74 4 4 8 10 0.00369651
74 4 4 10 11 0.00237551
74 4 4 13 4 0.00633444
74 4 5 11 9 0.00262205
74 4 7 9 8 0.00235902
74 4 7 12 8 0.00247835
74 4 7 12 11 0.00912018
74 4 8 6 13 0.00696129
74 4 8 10 4 0.00544889
74 4 9 11 7 2.77423e-15
74 4 10 4 12 0.00330198
74 4 10 6 10 0.00902357
74 4 10 10 12 0.00286554
74 4 10 11 4 0.00345406
74 4 10 12 9 0.00147456
74 4 11 10 7 2.29741e-15
74 4 12 4 10 0.00746527
74 4 12 10 12 0.00284329
74 4 13 4 4 0.0117128
74 4 13 5 10 0.0200721
74 4 13 12 10 0.0163008
74 4 13 13 12 0.011732
74 5 5 8 9 1.52777e-15
74 5 5 9 12 4.78213e-15
74 5 6 6 11 1.22295e-14
74 5 7 11 10 9.17144e-15
74 5 8 9 5 2.08696e-15
74 5 9 6 12 4.57277e-15
74 5 9 7 6 5.18155e-15
74 5 9 11 8 7.15835e-16
74 5 9 12 5 3.10395e-15
74 5 10 4 13 4.41032e-15
74 5 11 8 13 3.65448e-15
74 5 11 9 4 5.16378e-15
74 5 11 9 12 6.04339e-15
74 5 12 6 7 6.1756e-27
74 5 12 8 10 6.86818e-15
74 5 12 11 13 5.36697e-15
74 5 12 12 12 6.3685e-15
74 5 12 13 9 2.63887e-15
74 5 13 6 13 7.38193e-15
74 6 5 9 7 3.24972e-15
74 6 6 10 8 1.10033e-15
74 6 6 11 5 0.00140747
74 6 6 12 11 0.00122985
74 6 6 13 8 2.96963e-15
74 6 7 5 12 0.0109551
74 6 7 7 10 0.00915709
74 6 7 9 8 6.20324e-15
74 6 7 12 10 0.0114412
74 6 7 13 13 0.0113484
74 6 10 4 10 0.00474592
74 6 10 8 6 3.66916e-15
74 6 10 12 12 0.00520121
74 6 11 5 6 0.00444687
74 6 11 8 9 0.00148379
74 6 12 5 9 0.00200106
74 6 12 11 6 0.00346986
74 6 13 4 8 4.52925e-15
74 6 13 5 13 0.00754686
74 6 13 8 6 0.00210024
74 7 4 9 11 0.0081115
74 7 4 11 10 0.00986318
74 7 5 12 6 0.0260789
74 7 6 5 9 0.00378591
74 7 7 9 13 0.00569924
74 7 7 10 6 0.014723
74 7 9 8 4 0.0091167
74 7 9 8 6 0.0129965
74 7 9 12 10 0.016992
74 7 9 13 7 1.0109e-14
74 7 10 6 7 3.88555e-15
74 7 10 8 10 0.00798524
74 7 11 10 5 0.00115431
74 7 11 11 11 0.0125635
74 7 11 12 12 0.00721404
74 7 12 8 4 0.00970547
74 7 12 10 6 0.00938762
74 7 12 10 12 0.00663767
74 7 12 11 4 0.0113512
74 7 12 12 12 0.0101317
74 7 13 9 12 0.00948151
74 7 13 13 6 0.0352611
74 8 4 7 9 9.1463e-16
74 8 4 7 12 1.88901e-15
74 8 5 9 11 3.51885e-15
74 8 6 6 10 1.05682e-14
74 8 6 6 13 5.82699e-15
74 8 6 7 9 1.61963e-15
74 8 6 13 4 1.27619e-14
74 8 9 5 5 3.02766e-15
74 8 9 6 11 3.75741e-15
74 8 9 13 12 4.69671e-15
74 8 10 4 4 4.98923e-15
74 8 10 5 12 3.60424e-15
74 8 10 7 10 4.4817e-15
74 8 10 8 12 2.69118e-15
74 8 10 11 12 2.11042e-15
74 8 11 8 13 2.1987e-15
74 8 12 8 10 5.60632e-15
74 8 12 11 11 2.9629e-15
74 8 13 5 11 6.17321e-15
74 8 13 8 11 3.53031e-15
74 8 13 11 9 1.66488e-15
74 9 4 5 11 0.00331841
74 9 4 10 12 0.000865547
74 9 5 5 8 0.00166656
74 9 5 12 13 0.00402129
74 9 6 11 8 0.00147119
74 9 6 12 5 0.0032588
74 9 7 6 5 0.00321174
74 9 8 4 7 1.97903e-15
74 9 8 6 7 3.24549e-15
74 9 8 13 11 0.00423852
74 9 11 7 4 0.00210763
74 9 11 8 5 0.00107036
74 9 12 5 5 0.0022808
74 9 12 5 11 0.00786581
74 9 12 7 13 0.00208012
74 9 12 10 7 1.282e-15
74 9 13 7 7 3.46918e-15
74 9 13 12 8 0.002386
74 10 4 4 8 0.000984095
74 10 4 10 6 0.00433184
74 10 4 12 4 0.00889987
74 10 4 13 5 0.00462008
74 10 4 13 12 0.0048829
74 10 5 7 11 0.00639695
74 10 5 12 8 0.00274051
74 10 6 7 7 4.96342e-15
74 10 6 7 12 0.00404848
74 10 6 10 4 0.00722268
74 10 7 4 11 0.00862037
74 10 7 9 12 0.00591651
74 10 7 10 8 0.00100067
74 10 8 6 6 0.00822398
74 10 8 10 7 3.01586e-15
74 10 8 12 8 0.00161652
74 10 10 12 4 0.00816751
74 10 11 4 4 0.00822761
74 10 11 12 8 0.00191562
74 10 12 4 10 0.0140001
74 10 12 4 12 0.00497619
74 10 12 7 12 0.00435089
74 10 12 9 4 0.0100706
74 10 12 12 6 0.00958338
74 10 12 13 12 0.00763198
74 11 4 4 10 4.00776e-15
74 11 4 7 12 1.7735e-15
74 11 5 6 6 9.75871e-15
74 11 6 6 12 5.2218e-15
74 11 7 4 9 1.21011e-15
74 11 7 11 11 3.62863e-15
74 11 8 5 9 1.3678e-15
74 11 8 9 6 3.93477e-15
74 11 8 12 11 3.26899e-15
74 11 8 13 5 4.8102e-15
74 11 8 13 8 1.05124e-15
74 11 9 4 5 2.30477e-15
74 11 9 8 13 2.8152e-15
74 11 9 12 5 5.48639e-15
74 11 10 5 7 2.70522e-27
74 11 10 7 4 3.37504e-15
74 11 11 7 11 2.02118e-15
74 11 11 8 12 1.71053e-15
74 11 11 11 7 1.91366e-27
74 11 12 8 10 4.32719e-15
74 11 12 12 7 3.26285e-27
74 11 13 5 12 4.97325e-15
74 11 13 12 12 4.38529e-15
74 12 4 10 4 0.00885618
74 12 4 10 10 0.00815617
74 12 4 12 10 0.0103538
74 12 4 13 13 0.0135365
74 12 5 5 9 0.00151079
74 12 5 9 6 0.00858065
74 12 5 11 9 0.00258196
74 12 5 12 12 0.00959094
74 12 6 7 5 0.00483743
74 12 6 10 12 0.0043286
74 12 7 11 12 0.00637877
74 12 7 12 10 0.0216008
74 12 7 12 12 0.0117038
74 12 7 13 9 0.00194666
74 12 8 4 7 3.1452e-15
74 12 8 9 13 0.00814824
74 12 8 10 5 0.00396282
74 12 8 10 8 0.000994939
74 12 8 10 11 0.00343352
74 12 9 4 10 0.00696821
74 12 10 4 13 0.00749899
74 12 10 6 7 4.70644e-15
74 12 10 7 9 0.000637499
74 12 10 12 4 0.00974473
74 12 10 12 7 4.76479e-15
74 12 10 12 13 0.00844423
74 12 11 4 7 3.2977e-15
74 12 11 6 6 0.00841756
74 12 11 11 8 0.00107606
74 12 11 13 5 0.00704106
74 12 11 13 12 0.00492998
74 12 12 5 12 0.00644318
74 12 12 6 10 0.0141732
74 12 12 7 11 0.00321703
74 12 12 7 12 0.00403856
74 12 12 11 13 0.00797353
74 12 12 12 5 0.00839261
74 12 12 12 7 6.0001e-15
74 12 13 9 5 0.00683565
74 12 13 12 10 0.0158409
74 13 4 4 4 0.006409
74 13 4 8 6 0.0071253
74 13 5 10 4 0.00904331
74 13 5 11 8 0.00117685
74 13 5 12 11 0.0124625
74 13 5 13 6 0.0201995
74 13 6 7 13 0.00440505
74 13 6 13 5 0.0100114
74 13 7 7 9 0.00170118
74 13 8 6 6 0.0127038
74 13 8 11 8 0.000614797
74 13 9 5 12 0.00401162
74 13 9 12 7 3.21875e-15
74 13 11 9 8 0.000411345
74 13 12 4 13 0.00522034
74 13 12 8 9 0.00129896
74 13 12 10 4 0.00659084
74 13 12 10 12 0.00291703
74 13 12 12 11 0.00846521
74 13 13 6 7 6.06134e-15
74 13 13 12 4 0.0155119
75 4 4 4 13 2.46816e-15
75 4 4 8 10 1.86135e-15
75 4 4 10 11 1.22189e-15
75 4 4 13 4 3.40459e-15
75 4 5 11 9 0.000593978
75 4 7 9 8 1.69701e-15
75 4 7 12 8 2.18847e-15
75 4 7 12 11 2.30446e-15
75 4 8 6 13 0.0112484
75 4 8 10 4 0.0063983
75 4 9 11 7 0.00588814
75 4 10 4 12 0.00552783
75 4 10 6 10 0.00808626
75 4 10 10 12 0.00655404
75 4 10 11 4 0.00684291
75 4 10 12 9 0.00143437
75 4 11 10 7 0.00496289
75 4 12 4 10 0.00216106
75 4 12 10 12 0.00321921
75 4 13 4 4 0.00386638
75 4 13 5 10 0.00990298
75 4 13 12 10 0.00566613
75 4 13 13 12 0.00880138
75 5 5 8 9 0.00227668
75 5 5 9 12 0.00257646
75 5 6 6 11 0.00152152
75 5 7 11 10 3.07266e-15
75 5 8 9 5 0.00967536
75 5 9 6 12 0.00993552
75 5 9 7 6 0.00126227
75 5 9 11 8 0.00400351
75 5 9 12 5 0.00899138
75 5 10 4 13 0.0110784
75 5 11 8 13 0.00610827
75 5 11 9 4 0.00379655
75 5 11 9 12 0.00609047
75 5 12 6 7 0.00464548
75 5 12 8 10 0.00314745
75 5 12 11 13 0.00918624
75 5 12 12 12 0.00653976
75 5 12 13 9 0.00430682
75 5 13 6 13 0.0243134
75 6 5 9 7 0.00130718
75 6 6 10 8 0.000641401
75 6 6 11 5 0.00195455
75 6 6 12 11 0.000646012
75 6 6 13 8 0.00096592
75 6 7 5 12 5.45682e-15
75 6 7 7 10 2.12203e-15
75 6 7 9 8 1.5764e-15
75 6 7 12 10 2.20573e-15
75 6 7 13 13 3.42197e-15
75 6 10 4 10 0.00458117
75 6 10 8 6 0.00268612
75 6 10 12 12 0.0100416
75 6 11 5 6 0.00226579
75 6 11 8 9 0.00239544
75 6 12 5 9 0.00534832
75 6 12 11 6 0.00171551
75 6 13 4 8 0.00285573
75 6 13 5 13 0.0131348
75 6 13 8 6 0.00187145
75 7 4 9 11 9.95981e-16
75 7 4 11 10 1.70403e-15
75 7 5 12 6 0.000945576
75 7 6 5 9 0.000635341
75 7 7 9 13 3.71322e-15
75 7 7 10 6 1.05673e-15
75 7 9 8 4 0.00383329
75 7 9 8 6 0.00184755
75 7 9 12 10 0.00394944
75 7 9 13 7 0.00338474
75 7 10 6 7 0.00582595
75 7 10 8 10 0.00478396
75 7 11 10 5 0.00252847
75 7 11 11 11 0.00136646
75 7 11 12 12 0.00263898
75 7 12 8 4 0.00340325
75 7 12 10 6 0.00138966
75 7 12 10 12 0.00320803
75 7 12 11 4 0.00514921
75 7 12 12 12 0.00449173
75 7 13 9 12 0.00562178
75 7 13 13 6 0.0034221
75 8 4 7 9 2.31629e-15
75 8 4 7 12 2.08767e-15
75 8 5 9 11 0.000943742
75 8 6 6 10 0.00245856
75 8 6 6 13 0.00423831
75 8 6 7 9 0.00158402
75 8 6 13 4 0.00520351
75 8 9 5 5 0.00822605
75 8 9 6 11 0.00426818
75 8 9 13 12 0.00834861
75 8 10 4 4 0.00673304
75 8 10 5 12 0.0124931
75 8 10 7 10 0.00223684
75 8 10 8 12 0.00747853
75 8 10 11 12 0.00799507
75 8 11 8 13 0.00393214
75 8 12 8 10 0.00175177
75 8 12 11 11 0.00226414
75 8 13 5 11 0.00814781
75 8 13 8 11 0.00388668
75 8 13 11 9 0.00770842
75 9 4 5 11 4.15457e-15
75 9 4 10 12 3.4185e-15
75 9 5 5 8 0.0033873
75 9 5 12 13 0.0043175
75 9 6 11 8 0.00139578
75 9 6 12 5 0.00251519
75 9 7 6 5 6.8038e-15
75 9 8 4 7 0.00720776
75 9 8 6 7 0.00989054
75 9 8 13 11 0.00680143
75 9 11 7 4 0.00392123
75 9 11 8 5 0.00409874
75 9 12 5 5 0.00913581
75 9 12 5 11 0.011053
75 9 12 7 13 0.00533049
75 9 12 10 7 0.00558297
75 9 13 7 7 0.00796737
75 9 13 12 8 0.00571376
75 10 4 4 8 1.29383e-15
75 10 4 10 6 1.78353e-15
75 10 4 12 4 3.98125e-15
75 10 4 13 5 4.65624e-15
75 10 4 13 12 4.08809e-15
75 10 5 7 11 0.00123363
75 10 5 12 8 0.00273787
75 10 6 7 7 0.000572582
75 10 6 7 12 0.000971467
75 10 6 10 4 0.00146623
75 10 7 4 11 1.64265e-15
75 10 7 9 12 3.55717e-15
75 10 7 10 8 2.54034e-15
75 10 8 6 6 0.00542743
75 10 8 10 7 0.00450001
75 10 8 12 8 0.00483209
75 10 10 12 4 0.0140523
75 10 11 4 4 0.00390183
75 10 11 12 8 0.00279843
75 10 12 4 10 0.00272098
75 10 12 4 12 0.00478761
75 10 12 7 12 0.00454196
75 10 12 9 4 0.00533291
75 10 12 12 6 0.00416742
75 10 12 13 12 0.0066783
75 11 4 4 10 2.00419e-15
75 11 4 7 12 2.63172e-15
75 11 5 6 6 0.00203345
75 11 6 6 12 0.00261682
75 11 7 4 9 2.16436e-15
75 11 7 11 11 2.20065e-15
75 11 8 5 9 0.00920507
75 11 8 9 6 0.00302857
75 11 8 12 11 0.00536176
75 11 8 13 5 0.01181
75 11 8 13 8 0.00542473
75 11 9 4 5 0.00345721
75 11 9 8 13 0.00517644
75 11 9 12 5 0.0107584
75 11 10 5 7 0.011617
75 11 10 7 4 0.00883192
75 11 11 7 11 0.0014242
75 11 11 8 12 0.00308987
75 11 11 11 7 0.00367328
75 11 12 8 10 0.00288261
75 11 12 12 7 0.00430728
75 11 13 5 12 0.0130875
75 11 13 12 12 0.00877737
75 12 4 10 4 3.65429e-15
75 12 4 10 10 2.38825e-15
75 12 4 12 10 3.15788e-15
75 12 4 13 13 6.71447e-15
75 12 5 5 9 0.00330804
75 12 5 9 6 0.00125049
75 12 5 11 9 0.00343181
75 12 5 12 12 0.0031025
75 12 6 7 5 0.00149932
75 12 6 10 12 0.00174163
75 12 7 11 12 4.0826e-15
75 12 7 12 10 4.50259e-15
75 12 7 12 12 5.08624e-15
75 12 7 13 9 2.74785e-15
75 12 8 4 7 0.00431429
75 12 8 9 13 0.0134217
75 12 8 10 5 0.00923997
75 12 8 10 8 0.00612698
75 12 8 10 11 0.00315933
75 12 9 4 10 0.00424623
75 12 10 4 13 0.0103235
75 12 10 6 7 0.011688
75 12 10 7 9 0.00392549
75 12 10 12 4 0.0129375
75 12 10 12 7 0.00819037
75 12 10 12 13 0.016797
75 12 11 4 7 0.00296305
75 12 11 6 6 0.004694
75 12 11 11 8 0.00347033
75 12 11 13 5 0.00637632
75 12 11 13 12 0.00501666
75 12 12 5 12 0.00711617
75 12 12 6 10 0.00632965
75 12 12 7 11 0.0017422
75 12 12 7 12 0.00386665
75 12 12 11 13 0.0084578
75 12 12 12 5 0.00571672
75 12 12 12 7 0.00473386
75 12 13 9 5 0.0079946
75 12 13 12 10 0.0076399
75 13 4 4 4 3.78968e-15
75 13 4 8 6 3.37716e-15
75 13 5 10 4 0.00446758
75 13 5 11 8 0.00321985
75 13 5 12 11 0.00319827
75 13 5 13 6 0.00341991
75 13 6 7 13 0.00213333
75 13 6 13 5 0.00469465
75 13 7 7 9 3.27714e-15
75 13 8 6 6 0.00457961
75 13 8 11 8 0.00612573
75 13 9 5 12 0.0117377
75 13 9 12 7 0.0116128
75 13 11 9 8 0.00264792
75 13 12 4 13 0.00558402
75 13 12 8 9 0.00393124
75 13 12 10 4 0.00610963
75 13 12 10 12 0.00586922
75 13 12 12 11 0.00504138
75 13 13 6 7 0.0145266
75 13 13 12 4 0.00932828
66 4 4 4 13 0.00281812
66 4 4 10 11 0.00231769
66 4 4 13 4 0.000529147
66 4 5 11 9 0.00190391
66 4 7 9 8 0.000790821
66 4 7 12 8 0.0014024
66 4 7 12 11 0.00312109
66 4 8 6 13 0.0264308
66 4 8 10 4 0.00227982
66 4 9 11 7 0.000306775
66 4 10 4 12 0.00492446
66 4 10 6 10 0.0166852
66 4 10 10 12 0.00406266
66 4 10 11 4 0.00137287
66 4 10 12 9 0.00343079
66 4 11 10 7 0.00446527
66 4 12 4 10 0.0042903
66 4 12 10 12 0.00377454
66 4 13 4 4 0.00125744
66 4 13 5 10 0.00168935
66 4 13 12 10 0.00249444
66 4 13 13 12 0.000903453
66 5 5 9 12 0.0033197
66 5 6 6 11 0.0244
66 5 7 11 10 0.00361748
66 5 8 9 5 0.00509193
66 5 9 6 12 0.00272368
66 5 9 7 6 0.00127956
66 5 9 11 8 0.00027441
66 5 9 12 5 0.00127153
66 5 10 4 13 0.00985899
66 5 11 9 4 0.00377398
66 5 11 9 12 0.00892321
66 5 12 6 7 0.0202553
66 5 12 11 13 0.00842044
66 5 12 12 12 0.00521584
66 5 12 13 9 0.00259625
66 5 13 6 13 0.0269045
66 6 6 10 8 0.00280582
66 6 6 11 5 0.00284864
66 6 6 12 11 0.00868627
66 6 6 13 8 0.000497519
66 6 7 5 12 0.00190605
66 6 7 7 10 0.00231768
66 6 7 9 8 0.00123199
66 6 7 12 10 0.00347687
66 6 7 13 13 0.00255238
66 6 10 4 10 0.00639939
66 6 10 12 12 0.00624151
66 6 11 5 6 0.00701649
66 6 12 5 9 0.00288851
66 6 12 11 6 0.00658161
66 6 13 4 8 0.00269642
66 6 13 5 13 0.00386583
66 7 4 9 11 0.0021213
66 7 4 11 10 0.00232745
66 7 5 12 6 0.0110365
66 7 6 5 9 0.00206916
66 7 7 9 13 0.00220951
66 7 7 10 6 0.00470058
66 7 9 12 10 0.000682708
66 7 10 6 7 0.0198732
66 7 11 10 5 0.00627387
66 7 11 11 11 0.00289713
66 7 11 12 12 0.00579274
66 7 12 10 6 0.0062067
66 7 12 10 12 0.0046553
66 7 12 11 4 0.00160443
66 7 12 12 12 0.00315997
66 7 13 9 12 0.00126104
66 7 13 13 6 0.00214324
66 8 4 7 9 0.00252972
66 8 4 7 12 0.00225937
66 8 5 9 11 0.00460112
66 8 6 6 10 0.0173754
66 8 6 6 13 0.0230699
66 8 6 7 9 0.00456433
66 8 6 13 4 0.00146337
66 8 9 5 5 0.000251426
66 8 9 6 11 0.00207335
66 8 9 13 12 0.000264708
66 8 10 4 4 0.0037846
66 8 10 5 12 0.00300043
66 8 10 7 10 0.0083083
66 8 10 11 12 0.00378957
66 8 12 11 11 0.00624161
66 8 13 5 11 0.00243609
66 8 13 11 9 0.00158524
66 9 4 5 11 0.00155549
66 9 4 10 12 0.00240235
66 9 5 5 8 0.00230324
66 9 5 12 13 0.0120412
66 9 6 11 8 0.000915829
66 9 6 12 5 0.00389795
66 9 7 6 5 0.0104351
66 9 8 4 7 0.00482554
66 9 8 6 7 0.0151976
66 9 8 13 11 0.00235917
66 9 11 7 4 0.0043842
66 9 12 5 5 0.00265936
66 9 12 5 11 0.00550207
66 9 12 7 13 0.00967963
66 9 12 10 7 0.00415942
66 9 13 7 7 0.00131567
66 9 13 12 8 0.0034022
66 10 4 4 8 0.00150014
66 10 4 10 6 0.00330935
66 10 4 12 4 0.00105662
66 10 4 13 5 0.000349299
66 10 4 13 12 0.000852726
66 10 5 7 11 0.00414438
66 10 5 12 8 0.00312188
66 10 6 7 7 0.00163137
66 10 6 7 12 0.0019096
66 10 6 10 4 0.00155272
66 10 7 4 11 0.00264876
66 10 7 9 12 0.000851299
66 10 7 10 8 0.000965982
66 10 8 6 6 0.0183627
66 10 8 10 7 0.00372913
66 10 8 12 8 0.00296187
66 10 10 12 4 0.00239986
66 10 11 4 4 0.00226429
66 10 11 12 8 0.00310192
66 10 12 4 10 0.00328686
66 10 12 4 12 0.00344591
66 10 12 7 12 0.00245534
66 10 12 9 4 0.000861998
66 10 12 12 6 0.00484955
66 10 12 13 12 0.00121016
66 11 4 4 10 0.00404615
66 11 4 7 12 0.00313564
66 11 5 6 6 0.0388122
66 11 6 6 12 0.0145095
66 11 7 4 9 0.00268515
66 11 7 11 11 0.00177386
66 11 8 5 9 0.00392401
66 11 8 9 6 0.00490145
66 11 8 12 11 0.0111471
66 11 8 13 5 0.00126631
66 11 8 13 8 0.000799371
66 11 9 4 5 0.000508746
66 11 9 12 5 0.00112811
66 11 10 7 4 0.004206
66 11 11 7 11 0.011781
66 11 11 11 7 0.00288641
66 11 12 12 7 0.00487921
66 11 13 5 12 0.00222569
66 11 13 12 12 0.00442697
66 12 4 10 4 0.00118467
66 12 4 10 10 0.00230279
66 12 4 12 10 0.00332871
66 12 4 13 13 0.00126313
66 12 5 5 9 0.00300372
66 12 5 9 6 0.00262293
66 12 5 11 9 0.00490677
66 12 5 12 12 0.00442301
66 12 6 7 5 0.00104042
66 12 6 10 12 0.00224384
66 12 7 11 12 0.00164063
66 12 7 12 10 0.00177845
66 12 7 12 12 0.00137466
66 12 7 13 9 0.00114631
66 12 8 4 7 0.00281476
66 12 8 9 13 0.00259344
66 12 8 10 5 0.00306895
66 12 8 10 8 0.0025331
66 12 8 10 11 0.00388777
66 12 10 4 13 0.00529747
66 12 10 6 7 0.0111908
66 12 10 7 9 0.00425634
66 12 10 12 4 0.00319562
66 12 10 12 7 0.00575105
66 12 10 12 13 0.00851405
66 12 11 4 7 0.00606319
66 12 11 6 6 0.0297525
66 12 11 11 8 0.001906
66 12 11 13 5 0.000855438
66 12 11 13 12 0.0024024
66 12 12 5 12 0.00182773
66 12 12 6 10 0.0184202
66 12 12 7 11 0.00510053
66 12 12 7 12 0.00318398
66 12 12 11 13 0.00453021
66 12 12 12 5 0.00308672
66 12 12 12 7 0.00366964
66 12 13 9 5 0.000545825
66 12 13 12 10 0.00240283
66 13 4 4 4 0.00223365
66 13 5 10 4 0.00391
66 13 5 11 8 0.00233414
66 13 5 12 11 0.0121829
66 13 5 13 6 0.00550846
66 13 6 7 13 0.00763887
66 13 6 13 5 0.000766265
66 13 7 7 9 0.00181977
66 13 8 6 6 0.0289223
66 13 8 11 8 0.00184191
66 13 9 5 12 0.000292995
66 13 9 12 7 0.000817149
66 13 11 9 8 0.00205023
66 13 12 4 13 0.00728395
66 13 12 10 4 0.00277894
66 13 12 10 12 0.00490318
66 13 12 12 11 0.00677408
66 13 13 6 7 0.009076
66 13 13 12 4 0.00304742
67 4 7 12 8 0.0258744
67 4 7 12 11 0.013225
67 4 10 12 9 0.0118751
67 4 13 12 10 0.0167781
67 5 9 12 5 0.0118044
67 5 12 12 12 0.0346974
67 6 6 12 11 0.0246605
67 6 7 12 10 0.0314566
67 6 10 12 12 0.0185821
67 7 5 12 6 0.0659816
67 7 9 12 10 0.00786796
67 7 11 12 12 0.0129476
67 7 12 12 12 0.0255696
67 9 5 12 13 0.0519947
67 9 6 12 5 0.0468342
67 9 13 12 8 0.032486
67 10 4 12 4 0.0121555
67 10 5 12 8 0.046086
67 10 8 12 8 0.0250135
67 10 10 12 4 0.00812905
67 10 11 12 8 0.0194792
67 10 12 12 6 0.0579053
67 11 8 12 11 0.00997791
67 11 9 12 5 0.0164462
67 11 12 12 7 0.0148995
67 11 13 12 12 0.0177529
67 12 4 12 10 0.0273541
67 12 5 12 12 0.0416226
67 12 7 12 10 0.0310806
67 12 7 12 12 0.0292672
67 12 10 12 4 0.00809408
67 12 10 12 7 0.0107089
67 12 10 12 13 0.0216849
67 12 12 12 5 0.0450912
67 12 12 12 7 0.0211571
67 12 13 12 10 0.0220057
67 13 5 12 11 0.035085
67 13 9 12 7 0.00768137
67 13 12 12 11 0.0236419
67 13 13 12 4 0.0150449
76 4 7 9 8 0.0214395
76 4 7 12 8 0.0330369
76 4 7 12 11 0.0304579
76 5 7 11 10 0.0484176
76 6 7 5 12 0.0758309
76 6 7 7 10 0.0382912
76 6 7 9 8 0.0604446
76 6 7 12 10 0.0751553
76 6 7 13 13 0.124748
76 7 7 9 13 0.0494856
76 7 7 10 6 0.0394561
76 9 7 6 5 0.0477518
76 10 7 4 11 0.0205379
76 10 7 9 12 0.0310785
76 10 7 10 8 0.0328581
76 11 7 4 9 0.0333416
76 11 7 11 11 0.0331657
76 12 7 11 12 0.0352529
76 12 7 12 10 0.0408784
76 12 7 12 12 0.0507857
76 12 7 13 9 0.0478564
76 13 7 7 9 0.0297291
77 12 8 9 7 1
68 4 4 4 13 0.00535692
68 4 4 8 10 6.42538e-15
68 4 4 10 11 0.0062752
68 4 4 13 4 0.00416877
68 4 5 11 9 0.00299433
68 4 7 9 8 0.00129073
68 4 7 12 8 0.000718904
68 4 7 12 11 0.000664772
68 4 8 6 13 0.0111674
68 4 8 10 4 0.000940718
68 4 9 11 7 0.0013466
68 4 10 4 12 0.00190244
68 4 10 6 10 0.00924232
68 4 10 10 12 0.0106416
68 4 10 11 4 0.000541974
68 4 10 12 9 0.00303115
68 4 11 10 7 0.0305169
68 4 12 4 10 0.00209997
68 4 12 10 12 0.0102092
68 4 13 4 4 8.06095e-16
68 4 13 5 10 0.00161057
68 4 13 12 10 0.000852947
68 4 13 13 12 0.0030492
68 5 5 8 9 3.72468e-15
68 5 5 9 12 0.00365669
68 5 6 6 11 0.00368178
68 5 7 11 10 0.00172659
68 5 8 9 5 0.00810531
68 5 9 6 12 0.00954478
68 5 9 7 6 3.50882e-15
68 5 9 11 8 0.000964939
68 5 9 12 5 0.00556582
68 5 10 4 13 0.00402175
68 5 11 8 13 1.13555e-14
68 5 11 9 4 0.00401825
68 5 11 9 12 0.0287486
68 5 12 6 7 0.00930553
68 5 12 8 10 3.2288e-15
68 5 12 11 13 0.00354508
68 5 12 12 12 0.00307837
68 5 12 13 9 0.0114998
68 5 13 6 13 0.00889815
68 6 5 9 7 0.00283564
68 6 6 10 8 0.0032616
68 6 6 11 5 0.00742017
68 6 6 12 11 0.000957894
68 6 6 13 8 0.00216515
68 6 7 5 12 0.000310174
68 6 7 7 10 2.45862e-15
68 6 7 9 8 0.00128546
68 6 7 12 10 0.0016438
68 6 7 13 13 0.00719673
68 6 10 4 10 0.00203705
68 6 10 8 6 5.02746e-15
68 6 10 12 12 0.0031745
68 6 11 5 6 0.000445238
68 6 11 8 9 6.94988e-15
68 6 12 5 9 0.00237103
68 6 12 11 6 0.00141669
68 6 13 4 8 2.26202e-15
68 6 13 5 13 0.00438125
68 6 13 8 6 2.92764e-15
68 7 4 9 11 0.00489802
68 7 4 11 10 0.00562019
68 7 5 12 6 0.00101625
68 7 6 5 9 0.00283423
68 7 7 9 13 0.00470277
68 7 7 10 6 0.00558338
68 7 9 8 4 2.16543e-15
68 7 9 8 6 3.32379e-15
68 7 9 12 10 0.0024213
68 7 9 13 7 0.00859607
68 7 10 6 7 0.00991727
68 7 10 8 10 3.88578e-15
68 7 11 10 5 0.0673433
68 7 11 11 11 0.000939618
68 7 11 12 12 0.00544747
68 7 12 8 4 2.6298e-15
68 7 12 10 6 0.0065549
68 7 12 10 12 0.011796
68 7 12 11 4 0.000555816
68 7 12 12 12 0.00260161
68 7 13 9 12 0.00289656
68 7 13 13 6 0.00197488
68 8 4 7 9 1.0867e-14
68 8 4 7 12 7.14473e-15
68 8 5 9 11 0.00127241
68 8 6 6 10 0.005696
68 8 6 6 13 0.00755316
68 8 6 7 9 3.12542e-15
68 8 6 13 4 0.00198323
68 8 9 5 5 4.52071e-15
68 8 9 6 11 0.00296997
68 8 9 13 12 0.0104812
68 8 10 4 4 0.00126388
68 8 10 5 12 0.00209087
68 8 10 7 10 6.00621e-15
68 8 10 8 12 3.52683e-15
68 8 10 11 12 0.00235621
68 8 11 8 13 1.08632e-14
68 8 12 8 10 5.85892e-15
68 8 12 11 11 0.00133169
68 8 13 5 11 0.000718107
68 8 13 8 11 1.51017e-15
68 8 13 11 9 0.00178521
68 9 4 5 11 0.00137228
68 9 4 10 12 0.0223058
68 9 5 5 8 0.000628745
68 9 5 12 13 0.00256
68 9 6 11 8 0.00107118
68 9 6 12 5 0.00368778
68 9 7 6 5 0.0142561
68 9 8 4 7 2.61456e-15
68 9 8 6 7 0.00963962
68 9 8 13 11 0.00120636
68 9 11 7 4 1.13642e-14
68 9 11 8 5 9.38861e-15
68 9 12 5 5 0.00517598
68 9 12 5 11 0.00158228
68 9 12 7 13 6.24281e-15
68 9 12 10 7 0.014019
68 9 13 7 7 9.05102e-16
68 9 13 12 8 0.000418053
68 10 4 4 8 0.00205894
68 10 4 10 6 0.0179717
68 10 4 12 4 0.00168242
68 10 4 13 5 0.0386271
68 10 4 13 12 0.0169415
68 10 5 7 11 1.94682e-15
68 10 5 12 8 0.000779272
68 10 6 7 7 2.64218e-15
68 10 6 7 12 1.86147e-15
68 10 6 10 4 0.00219376
68 10 7 4 11 0.000634892
68 10 7 9 12 0.0036335
68 10 7 10 8 0.003855
68 10 8 6 6 0.00410502
68 10 8 10 7 0.00667765
68 10 8 12 8 0.000192091
68 10 10 12 4 0.000872713
68 10 11 4 4 0.00356742
68 10 11 12 8 0.00252285
68 10 12 4 10 0.00276471
68 10 12 4 12 0.00260951
68 10 12 7 12 3.16822e-15
68 10 12 9 4 0.00178578
68 10 12 12 6 0.00175904
68 10 12 13 12 0.00811272
68 11 4 4 10 0.00328944
68 11 4 7 12 5.04596e-15
68 11 5 6 6 0.0052103
68 11 6 6 12 0.00815883
68 11 7 4 9 0.00238469
68 11 7 11 11 0.000543261
68 11 8 5 9 2.23678e-15
68 11 8 9 6 0.00313595
68 11 8 12 11 0.000220488
68 11 8 13 5 0.00512051
68 11 8 13 8 0.0012671
68 11 9 4 5 0.00440137
68 11 9 8 13 2.30357e-15
68 11 9 12 5 0.00722486
68 11 10 5 7 0.00126111
68 11 10 7 4 2.86323e-15
68 11 11 7 11 9.92782e-15
68 11 11 8 12 4.17995e-15
68 11 11 11 7 0.00270545
68 11 12 8 10 2.51149e-15
68 11 12 12 7 0.00182062
68 11 13 5 12 0.00147486
68 11 13 12 12 0.000788401
68 12 4 10 4 0.00557971
68 12 4 10 10 0.0218728
68 12 4 12 10 0.00512669
68 12 4 13 13 0.0231069
68 12 5 5 9 0.00263698
68 12 5 9 6 0.0015055
68 12 5 11 9 0.00622408
68 12 5 12 12 0.00182318
68 12 6 7 5 2.58798e-15
68 12 6 10 12 0.0059333
68 12 7 11 12 0.00107494
68 12 7 12 10 0.00186433
68 12 7 12 12 0.0018675
68 12 7 13 9 0.00803838
68 12 8 4 7 2.15375e-15
68 12 8 9 13 0.00776643
68 12 8 10 5 0.00767808
68 12 8 10 8 0.00190821
68 12 8 10 11 0.000922677
68 12 9 4 10 0.0020921
68 12 10 4 13 0.00238641
68 12 10 6 7 0.00754283
68 12 10 7 9 3.66909e-15
68 12 10 12 4 0.000681175
68 12 10 12 7 0.00235794
68 12 10 12 13 0.00335991
68 12 11 4 7 0.00998748
68 12 11 6 6 0.0114393
68 12 11 11 8 0.000963503
68 12 11 13 5 0.0403044
68 12 11 13 12 0.017843
68 12 12 5 12 0.00172309
68 12 12 6 10 0.00804949
68 12 12 7 11 2.39699e-15
68 12 12 7 12 2.59644e-15
68 12 12 11 13 0.00234626
68 12 12 12 5 0.00469058
68 12 12 12 7 0.00211245
68 12 13 9 5 0.00515315
68 12 13 12 10 0.00106374
68 13 4 4 4 0.00199623
68 13 4 8 6 1.67829e-14
68 13 5 10 4 0.00261377
68 13 5 11 8 0.00199928
68 13 5 12 11 0.00103124
68 13 5 13 6 0.00380883
68 13 6 7 13 4.12091e-15
68 13 6 13 5 0.0160156
68 13 7 7 9 5.47411e-15
68 13 8 6 6 0.00556779
68 13 8 11 8 4.11781e-15
68 13 9 5 12 3.36567e-15
68 13 9 12 7 0.0036875
68 13 11 9 8 0.00764046
68 13 12 4 13 0.00571827
68 13 12 8 9 6.33449e-15
68 13 12 10 4 0.00451615
68 13 12 10 12 0.0166865
68 13 12 12 11 0.00120397
68 13 13 6 7 0.00657415
68 13 13 12 4 0.000547787
69 1 0 1 4 0.0223042
69 1 0 2 4 0.0385489
69 1 0 2 9 0.0286762
69 1 0 2 11 0.074569
69 1 0 2 12 0.0316311
69 1 0 3 4 0.0282734
69 1 0 3 6 0.0420687
69 1 0 3 8 0.0383602
69 1 0 3 10 0.022494
69 1 0 3 12 0.0277339
69 2 0 1 4 0.0230187
69 2 0 1 5 0.020004
69 2 0 1 7 0.0314194
69 2 0 1 11 0.0472515
69 2 0 1 12 0.0265363
69 2 0 2 7 0.0318565
69 2 0 2 10 0.0249495
69 2 0 2 11 0.0387791
69 2 0 2 12 0.0362943
69 2 0 3 12 0.0308465
69 3 0 1 6 0.0305449
69 3 0 1 10 0.0212395
69 3 0 2 4 0.0443927
69 3 0 2 11 0.0738336
69 3 0 3 4 0.0317127
69 3 0 3 5 0.0225925
69 3 0 3 8 0.0372612
69 3 0 3 9 0.0306203
69 3 0 3 13 0.042187
78 4 4 4 13 5.2569e-15
78 4 4 8 10 3.55597e-15
78 4 4 10 11 8.82831e-15
78 4 4 13 4 9.29042e-15
78 4 5 11 9 2.55782e-15
78 4 7 9 8 0.024194
78 4 7 12 8 0.0363795
78 4 7 12 11 3.20331e-15
78 4 8 6 13 2.72007e-15
78 4 8 10 4 3.37518e-15
78 4 9 11 7 2.09176e-15
78 4 10 4 12 1.78868e-15
78 4 10 6 10 5.95362e-15
78 4 10 10 12 4.50813e-15
78 4 10 11 4 2.06751e-15
78 4 10 12 9 4.22611e-15
78 4 11 10 7 1.26539e-14
78 4 12 4 10 2.0533e-15
78 4 12 10 12 4.0933e-15
78 4 13 4 4 6.97463e-16
78 4 13 5 10 3.2143e-15
78 4 13 12 10 1.17359e-15
78 4 13 13 12 2.05241e-15
78 5 5 8 9 1.79193e-15
78 5 5 9 12 2.79827e-15
78 5 6 6 11 5.69922e-15
78 5 7 11 10 1.89616e-15
78 5 8 9 5 3.29735e-15
78 5 9 6 12 2.90321e-15
78 5 9 7 6 3.58556e-15
78 5 9 11 8 0.0306168
78 5 9 12 5 4.21028e-15
78 5 10 4 13 3.92494e-15
78 5 11 8 13 1.19093e-14
78 5 11 9 4 5.89017e-15
78 5 11 9 12 1.06236e-14
78 5 12 6 7 5.58468e-15
78 5 12 8 10 1.77518e-15
78 5 12 11 13 3.67944e-15
78 5 12 12 12 3.96442e-15
78 5 12 13 9 5.84634e-15
78 5 13 6 13 1.68995e-15
78 6 5 9 7 2.77072e-15
78 6 6 10 8 0.0624858
78 6 6 11 5 4.15122e-15
78 6 6 12 11 4.75791e-15
78 6 6 13 8 0.059263
78 6 7 5 12 3.97822e-15
78 6 7 7 10 2.64531e-15
78 6 7 9 8 0.0202012
78 6 7 12 10 2.65224e-15
78 6 7 13 13 4.04136e-15
78 6 10 4 10 3.23861e-15
78 6 10 8 6 2.94632e-15
78 6 10 12 12 4.5061e-15
78 6 11 5 6 2.7988e-14
78 6 11 8 9 7.25734e-15
78 6 12 5 9 7.08256e-15
78 6 12 11 6 1.99387e-15
78 6 13 4 8 0.0165699
78 6 13 5 13 7.26453e-15
78 6 13 8 6 5.2276e-16
78 7 4 9 11 6.22814e-15
78 7 4 11 10 5.95089e-15
78 7 5 12 6 3.84175e-15
78 7 6 5 9 7.09936e-15
78 7 7 9 13 2.897e-15
78 7 7 10 6 5.72795e-15
78 7 9 8 4 1.21711e-15
78 7 9 8 6 1.92766e-15
78 7 9 12 10 3.21206e-15
78 7 9 13 7 4.45821e-15
78 7 10 6 7 5.96106e-15
78 7 10 8 10 2.19142e-15
78 7 11 10 5 1.48302e-14
78 7 11 11 11 4.06526e-15
78 7 11 12 12 7.9397e-15
78 7 12 8 4 1.50876e-15
78 7 12 10 6 6.23637e-15
78 7 12 10 12 4.60614e-15
78 7 12 11 4 2.39719e-15
78 7 12 12 12 3.62782e-15
78 7 13 9 12 1.05358e-15
78 7 13 13 6 2.94651e-15
78 8 4 7 9 1.31926e-14
78 8 4 7 12 8.63639e-15
78 8 5 9 11 4.26511e-15
78 8 6 6 10 4.44951e-15
78 8 6 6 13 5.12486e-15
78 8 6 7 9 4.0663e-15
78 8 6 13 4 6.41046e-15
78 8 9 5 5 9.33262e-15
78 8 9 6 11 4.6318e-15
78 8 9 13 12 4.07121e-15
78 8 10 4 4 3.57075e-15
78 8 10 5 12 9.48249e-15
78 8 10 7 10 6.56998e-15
78 8 10 8 12 2.46843e-15
78 8 10 11 12 2.61574e-15
78 8 11 8 13 1.17454e-14
78 8 12 8 10 3.41381e-15
78 8 12 11 11 4.61006e-15
78 8 13 5 11 4.3613e-15
78 8 13 8 11 3.66363e-16
78 8 13 11 9 1.51909e-15
78 9 4 5 11 1.62579e-14
78 9 4 10 12 9.36045e-15
78 9 5 5 8 0.0576082
78 9 5 12 13 3.8037e-15
78 9 6 11 8 0.0257939
78 9 6 12 5 3.64923e-15
78 9 7 6 5 8.35306e-15
78 9 8 4 7 1.50826e-15
78 9 8 6 7 1.88704e-15
78 9 8 13 11 3.68998e-15
78 9 11 7 4 1.01881e-14
78 9 11 8 5 9.22745e-15
78 9 12 5 5 1.34448e-14
78 9 12 5 11 1.61228e-14
78 9 12 7 13 6.09559e-15
78 9 12 10 7 6.5462e-15
78 9 13 7 7 1.10229e-15
78 9 13 12 8 0.0109291
78 10 4 4 8 0.0578393
78 10 4 10 6 1.48726e-14
78 10 4 12 4 8.18387e-15
78 10 4 13 5 1.56269e-14
78 10 4 13 12 8.90449e-15
78 10 5 7 11 2.22219e-15
78 10 5 12 8 0.0341562
78 10 6 7 7 3.27241e-15
78 10 6 7 12 2.18758e-15
78 10 6 10 4 4.62382e-15
78 10 7 4 11 1.63752e-15
78 10 7 9 12 1.77315e-15
78 10 7 10 8 0.0612457
78 10 8 6 6 2.47985e-15
78 10 8 10 7 4.82205e-15
78 10 8 12 8 0.0265913
78 10 10 12 4 4.52443e-15
78 10 11 4 4 5.31183e-15
78 10 11 12 8 0.108024
78 10 12 4 10 2.15691e-15
78 10 12 4 12 1.84169e-15
78 10 12 7 12 2.97284e-15
78 10 12 9 4 2.21065e-15
78 10 12 12 6 5.11124e-15
78 10 12 13 12 3.97254e-15
78 11 4 4 10 4.64402e-15
78 11 4 7 12 6.10877e-15
78 11 5 6 6 5.84766e-15
78 11 6 6 12 3.34286e-15
78 11 7 4 9 2.3248e-15
78 11 7 11 11 1.21989e-15
78 11 8 5 9 6.82994e-15
78 11 8 9 6 2.8028e-15
78 11 8 12 11 2.18242e-15
78 11 8 13 5 6.8787e-15
78 11 8 13 8 0.0494731
78 11 9 4 5 1.99401e-15
78 11 9 8 13 1.40012e-15
78 11 9 12 5 6.74218e-15
78 11 10 5 7 7.57291e-15
78 11 10 7 4 3.3264e-15
78 11 11 7 11 8.56789e-15
78 11 11 8 12 4.35445e-15
78 11 11 11 7 3.39068e-15
78 11 12 8 10 1.46224e-15
78 11 12 12 7 3.48298e-15
78 11 13 5 12 2.58435e-15
78 11 13 12 12 9.64206e-16
78 12 4 10 4 9.58525e-15
78 12 4 10 10 1.10061e-14
78 12 4 12 10 7.84619e-15
78 12 4 13 13 1.45429e-14
78 12 5 5 9 6.78898e-15
78 12 5 9 6 2.79785e-15
78 12 5 11 9 4.63156e-15
78 12 5 12 12 2.44977e-15
78 12 6 7 5 3.21956e-15
78 12 6 10 12 3.57467e-15
78 12 7 11 12 8.66541e-16
78 12 7 12 10 3.07478e-15
78 12 7 12 12 2.51617e-15
78 12 7 13 9 3.92018e-15
78 12 8 4 7 1.50419e-15
78 12 8 9 13 3.3391e-15
78 12 8 10 5 4.63156e-15
78 12 8 10 8 0.0452309
78 12 8 10 11 3.25913e-15
78 12 9 4 10 1.46357e-15
78 12 10 4 13 2.67766e-15
78 12 10 6 7 5.18878e-15
78 12 10 7 9 4.04193e-15
78 12 10 12 4 3.74917e-15
78 12 10 12 7 4.39017e-15
78 12 10 12 13 4.86279e-15
78 12 11 4 7 5.31421e-15
78 12 11 6 6 2.27168e-14
78 12 11 11 8 0.0418905
78 12 11 13 5 1.18812e-14
78 12 11 13 12 6.63919e-15
78 12 12 5 12 5.58217e-15
78 12 12 6 10 4.03363e-15
78 12 12 7 11 2.2732e-15
78 12 12 7 12 2.42705e-15
78 12 12 11 13 2.3206e-15
78 12 12 12 5 4.39097e-15
78 12 12 12 7 3.41238e-15
78 12 13 9 5 1.50335e-15
78 12 13 12 10 1.32674e-15
78 13 4 4 4 6.99849e-15
78 13 4 8 6 8.70411e-15
78 13 5 10 4 5.63812e-15
78 13 5 11 8 0.0607945
78 13 5 12 11 3.94241e-15
78 13 5 13 6 9.15201e-15
78 13 6 7 13 4.85962e-15
78 13 6 13 5 8.96393e-15
78 13 7 7 9 4.90441e-15
78 13 8 6 6 3.28755e-15
78 13 8 11 8 0.0571915
78 13 9 5 12 7.15238e-15
78 13 9 12 7 5.27677e-15
78 13 11 9 8 0.113521
78 13 12 4 13 3.7177e-15
78 13 12 8 9 3.01789e-15
78 13 12 10 4 5.69437e-15
78 13 12 10 12 5.32566e-15
78 13 12 12 11 4.27498e-15
78 13 13 6 7 1.78306e-15
78 13 13 12 4 2.16048e-15
79 1 0 1 4 0.0105707
79 1 0 2 4 0.00651305
79 1 0 2 9 0.00360628
79 1 0 2 11 0.0475407
79 1 0 2 12 2.47885e-14
79 1 0 3 4 0.00921563
79 1 0 3 6 0.0580241
79 1 0 3 8 0.086848
79 1 0 3 10 2.70841e-14
79 1 0 3 12 3.3757e-14
79 2 0 1 4 0.0143591
79 2 0 1 5 0.099843
79 2 0 1 7 0.101294
79 2 0 1 11 0.139009
79 2 0 1 12 5.21775e-14
79 2 0 2 7 0.0407267
79 2 0 2 10 2.80579e-14
79 2 0 2 11 0.0282999
79 2 0 2 12 2.68541e-14
79 2 0 3 12 3.67872e-14
79 3 0 1 6 0.0895185
79 3 0 1 10 5.12121e-14
79 3 0 2 4 0.00767192
79 3 0 2 11 0.048587
79 3 0 3 4 0.00950898
79 3 0 3 5 0.0527158
79 3 0 3 8 0.0916388
79 3 0 3 9 0.0270105
79 3 0 3 13 0.027499
80 1 4 1 0 0.0878786
80 1 4 2 0 0.0291407
80 1 5 2 0 0.0139137
80 1 6 3 0 0.00930086
80 1 7 2 0 0.0203411
80 1 10 3 0 0.0303057
80 1 11 2 0 0.0499337
80 1 12 2 0 0.0243002
80 2 4 1 0 0.0430858
80 2 4 3 0 0.024758
80 2 7 2 0 0.0174925
80 2 9 1 0 0.0344555
80 2 10 2 0 0.0141829
80 2 11 1 0 0.0754252
80 2 11 2 0 0.0172446
80 2 11 3 0 0.0368589
80 2 12 1 0 0.0305668
80 2 12 2 0 0.0152895
80 3 4 1 0 0.0624673
80 3 4 3 0 0.0439783
80 3 5 3 0 0.00740709
80 3 6 1 0 0.0200247
80 3 8 1 0 0.0677386
80 3 8 3 0 0.0516402
80 3 9 3 0 0.0414469
80 3 10 1 0 0.0466843
80 3 12 1 0 0.040714
80 3 12 2 0 0.0174609
80 3 13 3 0 0.0259637
81 4 4 4 13 0.00117887
81 4 4 8 10 0.00140272
81 4 4 10 11 0.00189796
81 4 4 13 4 0.00263749
81 4 5 11 9 0.0153663
81 4 7 9 8 0.00954725
81 4 7 12 8 0.00650349
81 4 7 12 11 0.0106556
81 4 8 10 4 0.0125001
81 4 10 4 12 0.0114113
81 4 10 6 10 0.00311678
81 4 10 10 12 0.00518416
81 4 10 11 4 0.0403958
81 4 10 12 9 0.00394303
81 4 11 10 7 0.000851749
81 4 12 4 10 0.00825114
81 4 12 10 12 0.00415136
81 4 13 4 4 0.0376497
81 4 13 5 10 0.00342999
81 4 13 12 10 0.0105684
81 4 13 13 12 0.00724352
81 5 5 8 9 0.00465763
81 5 5 9 12 0.0084655
81 5 6 6 11 0.00307228
81 5 7 11 10 0.0167598
81 5 8 9 5 0.00127941
81 5 9 6 12 0.00410735
81 5 9 7 6 0.00540012
81 5 9 11 8 0.015872
81 5 9 12 5 0.00442145
81 5 10 4 13 0.00346967
81 5 11 9 4 0.00438547
81 5 11 9 12 0.00318306
81 5 12 6 7 0.00295283
81 5 12 8 10 0.00382387
81 5 12 11 13 0.00650465
81 5 12 12 12 0.00504937
81 5 12 13 9 0.0013453
81 6 5 9 7 1.44428e-13
81 6 6 10 8 2.5735e-14
81 6 6 11 5 9.83826e-14
81 6 6 12 11 1.562e-13
81 6 6 13 8 3.55568e-14
81 6 7 5 12 1.4997e-13
81 6 7 7 10 8.79944e-14
81 6 7 9 8 2.35711e-13
81 6 7 12 10 1.96784e-13
81 6 10 4 10 4.44326e-13
81 6 10 8 6 1.16175e-13
81 6 10 12 12 1.65e-13
81 6 11 5 6 9.52955e-15
81 6 11 8 9 4.50574e-14
81 6 12 5 9 3.81187e-14
81 6 12 11 6 3.85487e-13
81 6 13 4 8 4.19609e-13
81 6 13 8 6 1.22288e-13
81 7 4 9 11 0.00267717
81 7 4 11 10 0.00160599
81 7 5 12 6 0.00139322
81 7 6 5 9 0.000612907
81 7 7 9 13 0.000781073
81 7 7 10 6 0.0015961
81 7 9 8 4 0.00429818
81 7 9 8 6 0.000705005
81 7 9 12 10 0.00354592
81 7 9 13 7 0.00107623
81 7 10 6 7 0.00196476
81 7 10 8 10 0.00281757
81 7 11 10 5 0.000268335
81 7 11 11 11 0.00437814
81 7 11 12 12 0.00053596
81 7 12 8 4 0.00358774
81 7 12 10 6 0.00119122
81 7 12 10 12 0.00194205
81 7 12 11 4 0.0122445
81 7 12 12 12 0.00196274
81 7 13 9 12 0.00456425
81 7 13 13 6 0.000741192
81 8 4 7 9 0.000432391
81 8 4 7 12 0.000153617
81 8 5 9 11 0.00608772
81 8 6 6 10 0.000350628
81 8 6 7 9 0.000333161
81 8 6 13 4 0.00377432
81 8 9 5 5 0.000476414
81 8 9 6 11 0.00324049
81 8 9 13 12 0.00139116
81 8 10 4 4 0.016331
81 8 10 5 12 0.0018632
81 8 10 7 10 0.00227022
81 8 10 8 12 0.00471387
81 8 10 11 12 0.00318347
81 8 12 8 10 0.00181145
81 8 12 11 11 0.00385491
81 8 13 5 11 0.00537358
81 8 13 8 11 0.00843697
81 8 13 11 9 0.0121484
81 9 4 5 11 0.00181871
81 9 4 10 12 0.00099186
81 9 5 5 8 0.00130264
81 9 5 12 13 0.00114571
81 9 6 11 8 0.00523632
81 9 6 12 5 0.000504315
81 9 7 6 5 0.00150526
81 9 8 4 7 0.00236498
81 9 8 6 7 0.00188257
81 9 8 13 11 0.00184296
81 9 11 7 4 0.00219252
81 9 11 8 5 0.000642921
81 9 12 5 5 0.000592153
81 9 12 5 11 0.0066873
81 9 12 7 13 0.00155458
81 9 12 10 7 0.00223652
81 9 13 12 8 0.00749934
81 10 4 4 8 0.00396979
81 10 4 10 6 0.00190827
81 10 4 12 4 0.00551271
81 10 4 13 5 0.000879028
81 10 4 13 12 0.00181868
81 10 5 7 11 0.00789825
81 10 5 12 8 0.00623265
81 10 6 7 12 0.000359866
81 10 6 10 4 0.00481754
81 10 7 4 11 0.0524583
81 10 7 9 12 0.0137126
81 10 7 10 8 0.00827637
81 10 8 10 7 0.00305689
81 10 8 12 8 0.00698273
81 10 10 12 4 0.0243179
81 10 11 4 4 0.00858084
81 10 11 12 8 0.00204987
81 10 12 4 10 0.0125476
81 10 12 4 12 0.011326
81 10 12 7 12 0.00229831
81 10 12 9 4 0.0171255
81 10 12 12 6 0.00776727
81 10 12 13 12 0.0034535
81 11 4 4 10 0.000655099
81 11 4 7 12 9.51342e-05
81 11 6 6 12 0.000303041
81 11 7 4 9 0.00359139
81 11 7 11 11 0.00852723
81 11 8 5 9 0.000101233
81 11 8 9 6 0.000617912
81 11 8 12 11 0.00302629
81 11 8 13 5 8.55677e-05
81 11 8 13 8 0.000110619
81 11 9 4 5 0.000823108
81 11 9 12 5 0.00180787
81 11 10 5 7 0.000590306
81 11 10 7 4 0.00165953
81 11 11 7 11 0.000537089
81 11 11 8 12 0.000480734
81 11 12 8 10 0.000804829
81 11 12 12 7 0.000529293
81 11 13 5 12 0.00128819
81 11 13 12 12 0.00168538
81 12 4 10 4 0.00178513
81 12 4 10 10 0.000590582
81 12 4 12 10 0.000900289
81 12 5 5 9 0.000889755
81 12 5 9 6 0.003036
81 12 5 11 9 0.0178484
81 12 5 12 12 0.00237898
81 12 6 7 5 0.000142699
81 12 6 10 12 0.00067694
81 12 7 11 12 0.00420233
81 12 7 12 10 0.00436574
81 12 7 12 12 0.00298233
81 12 7 13 9 0.00129247
81 12 8 4 7 0.00139138
81 12 8 9 13 0.000862623
81 12 8 10 5 0.00130616
81 12 8 10 8 0.0024322
81 12 8 10 11 0.00421303
81 12 9 4 10 0.00447842
81 12 10 4 13 0.00198428
81 12 10 6 7 0.00189816
81 12 10 7 9 0.00179291
81 12 10 12 4 0.00883256
81 12 10 12 7 0.00199637
81 12 10 12 13 0.00105707
81 12 11 4 7 0.000922786
81 12 11 11 8 0.00252505
81 12 11 13 5 0.000232379
81 12 11 13 12 0.000427389
81 12 12 5 12 0.00110475
81 12 12 6 10 0.00127387
81 12 12 7 11 0.00218533
81 12 12 7 12 0.000820184
81 12 12 11 13 0.00375487
81 12 12 12 5 0.00197424
81 12 12 12 7 0.00185227
81 12 13 9 5 0.0028115
81 12 13 12 10 0.00580201
81 13 4 4 4 0.00943642
81 13 4 8 6 0.00158233
81 13 5 10 4 0.016527
81 13 5 11 8 0.0259647
81 13 5 12 11 0.0208519
81 13 5 13 6 0.00338693
81 13 6 7 13 0.00043518
81 13 6 13 5 0.00156793
81 13 7 7 9 0.00628854
81 13 8 11 8 0.0129176
81 13 9 5 12 0.00246784
81 13 9 12 7 0.00757023
81 13 11 9 8 0.00195612
81 13 12 4 13 0.00323516
81 13 12 8 9 0.00525851
81 13 12 10 4 0.0153157
81 13 12 10 12 0.00635142
81 13 12 12 11 0.0197411
81 13 13 6 7 0.00469619
81 13 13 12 4 0.037401
90 1 2 0 0 0.269124
90 1 3 0 0 0.239917
90 2 3 0 0 0.2193
90 3 2 0 0 0.27166
91 4 1 0 2 0.0438594
91 4 1 0 3 0.0503592
91 4 3 0 2 0.0444074
91 4 3 0 3 0.0574313
91 5 3 0 3 0.028599
91 6 1 0 3 0.0303642
91 7 2 0 2 0.0368496
91 8 1 0 3 0.0231673
91 8 3 0 3 0.021857
91 9 1 0 2 0.035491
91 9 3 0 3 0.0456022
91 10 1 0 3 0.0507662
91 10 2 0 2 0.0493025
91 11 1 0 2 0.0803376
91 11 2 0 2 0.0550443
91 11 3 0 2 0.0779086
91 12 1 0 2 0.0479923
91 12 1 0 3 0.0512815
91 12 2 0 2 0.0695912
91 12 2 0 3 0.0664817
91 13 3 0 3 0.0333067
82 4 4 4 13 4.32744e-15
82 4 4 8 10 1.04151e-15
82 4 4 10 11 1.676e-15
82 4 4 13 4 9.18651e-16
82 4 5 11 9 2.97009e-15
82 4 7 9 8 1.02675e-15
82 4 7 12 8 1.42484e-15
82 4 7 12 11 2.10908e-15
82 4 8 6 13 3.06637e-15
82 4 8 10 4 3.7449e-15
82 4 9 11 7 4.97479e-15
82 4 10 4 12 5.65574e-15
82 4 10 6 10 1.88232e-15
82 4 10 10 12 3.08042e-15
82 4 10 11 4 4.66592e-15
82 4 10 12 9 1.06995e-15
82 4 11 10 7 2.0153e-15
82 4 12 4 10 3.8306e-15
82 4 12 10 12 2.4607e-15
82 4 13 4 4 7.17022e-15
82 4 13 5 10 2.18605e-15
82 4 13 12 10 2.20111e-15
82 4 13 13 12 1.78046e-15
82 5 5 8 9 1.56137e-15
82 5 5 9 12 3.09755e-15
82 5 6 6 11 3.52116e-15
82 5 7 11 10 7.33283e-15
82 5 8 9 5 5.03367e-15
82 5 9 6 12 2.71353e-15
82 5 9 7 6 2.57287e-15
82 5 9 11 8 6.36395e-15
82 5 9 12 5 6.55838e-15
82 5 10 4 13 7.90724e-15
82 5 11 8 13 3.02149e-15
82 5 11 9 4 2.12592e-15
82 5 11 9 12 4.41764e-15
82 5 12 6 7 2.16622e-15
82 5 12 8 10 1.44245e-15
82 5 12 11 13 6.46333e-15
82 5 12 12 12 2.83421e-15
82 5 12 13 9 6.55884e-16
82 5 13 6 13 4.0998e-15
82 6 5 9 7 2.2854e-15
82 6 6 10 8 2.77783e-15
82 6 6 11 5 1.75624e-14
82 6 6 12 11 1.77113e-15
82 6 6 13 8 8.34532e-16
82 6 7 5 12 2.9736e-15
82 6 7 7 10 2.86103e-15
82 6 7 9 8 1.61891e-15
82 6 7 12 10 2.64717e-15
82 6 7 13 13 1.32267e-15
82 6 10 4 10 6.42663e-15
82 6 10 8 6 1.00447e-15
82 6 10 12 12 3.5929e-15
82 6 11 5 6 2.07539e-15
82 6 11 8 9 1.25695e-15
82 6 12 5 9 1.182e-15
82 6 12 11 6 7.08595e-15
82 6 13 4 8 7.51316e-15
82 6 13 5 13 4.19491e-15
82 6 13 8 6 1.25735e-15
82 7 4 9 11 1.63471e-15
82 7 4 11 10 5.66256e-15
82 7 5 12 6 1.9737e-15
82 7 6 5 9 1.21991e-15
82 7 7 9 13 2.2696e-15
82 7 7 10 6 2.1255e-15
82 7 9 8 4 1.98031e-15
82 7 9 8 6 7.30912e-16
82 7 9 12 10 2.51438e-15
82 7 9 13 7 8.00994e-16
82 7 10 6 7 2.2852e-15
82 7 10 8 10 1.57312e-15
82 7 11 10 5 4.02917e-15
82 7 11 11 11 3.36575e-15
82 7 11 12 12 2.40127e-15
82 7 12 8 4 1.98867e-15
82 7 12 10 6 1.70334e-15
82 7 12 10 12 2.88105e-15
82 7 12 11 4 4.32959e-15
82 7 12 12 12 2.18552e-15
82 7 13 9 12 3.45452e-15
82 7 13 13 6 6.88615e-16
82 8 4 7 9 1.08463e-15
82 8 4 7 12 2.12786e-15
82 8 5 9 11 2.36172e-15
82 8 6 6 10 2.41881e-15
82 8 6 6 13 2.68752e-15
82 8 6 7 9 1.02544e-15
82 8 6 13 4 2.33531e-15
82 8 9 5 5 3.16543e-15
82 8 9 6 11 2.04203e-15
82 8 9 13 12 9.38919e-16
82 8 10 4 4 6.553e-15
82 8 10 5 12 2.55742e-15
82 8 10 7 10 2.57207e-15
82 8 10 8 12 2.53064e-15
82 8 10 11 12 6.01286e-15
82 8 11 8 13 2.13696e-15
82 8 12 8 10 1.35273e-15
82 8 12 11 11 3.68874e-15
82 8 13 5 11 3.52867e-15
82 8 13 8 11 3.17694e-15
82 8 13 11 9 3.68671e-15
82 9 4 5 11 1.98306e-15
82 9 4 10 12 2.72576e-15
82 9 5 5 8 1.99779e-15
82 9 5 12 13 2.96491e-15
82 9 6 11 8 4.9369e-15
82 9 6 12 5 3.7879e-15
82 9 7 6 5 3.37335e-15
82 9 8 4 7 8.41323e-15
82 9 8 6 7 2.90765e-15
82 9 8 13 11 1.16753e-15
82 9 11 7 4 2.27639e-15
82 9 11 8 5 2.78867e-15
82 9 12 5 5 3.12886e-15
82 9 12 5 11 3.6186e-15
82 9 12 7 13 2.0104e-15
82 9 12 10 7 2.44823e-15
82 9 13 7 7 2.6581e-15
82 9 13 12 8 2.55634e-15
82 10 4 4 8 3.08879e-15
82 10 4 10 6 1.92165e-15
82 10 4 12 4 2.07472e-15
82 10 4 13 5 1.26563e-15
82 10 4 13 12 9.61332e-16
82 10 5 7 11 1.79728e-15
82 10 5 12 8 1.65041e-15
82 10 6 7 7 1.52081e-15
82 10 6 7 12 1.64662e-15
82 10 6 10 4 3.5385e-15
82 10 7 4 11 5.20704e-15
82 10 7 9 12 2.10461e-15
82 10 7 10 8 2.11727e-15
82 10 8 6 6 1.61227e-15
82 10 8 10 7 3.85783e-15
82 10 8 12 8 3.12317e-15
82 10 10 12 4 2.45108e-15
82 10 11 4 4 5.07442e-15
82 10 11 12 8 1.35411e-15
82 10 12 4 10 4.39178e-15
82 10 12 4 12 5.1485e-15
82 10 12 7 12 1.79493e-15
82 10 12 9 4 1.53985e-15
82 10 12 12 6 1.33041e-15
82 10 12 13 12 1.09575e-15
82 11 4 4 10 3.49349e-15
82 11 4 7 12 1.82344e-15
82 11 5 6 6 2.0992e-15
82 11 6 6 12 3.48412e-15
82 11 7 4 9 2.90568e-15
82 11 7 11 11 4.25264e-15
82 11 8 5 9 1.8741e-15
82 11 8 9 6 1.60459e-15
82 11 8 12 11 3.95697e-15
82 11 8 13 5 1.80417e-15
82 11 8 13 8 5.90162e-16
82 11 9 4 5 8.09753e-15
82 11 9 8 13 1.54004e-15
82 11 9 12 5 7.89136e-15
82 11 10 5 7 1.57616e-15
82 11 10 7 4 1.64418e-15
82 11 11 7 11 1.1353e-15
82 11 11 8 12 1.84925e-15
82 11 11 11 7 4.23479e-15
82 11 12 8 10 1.01548e-15
82 11 12 12 7 1.28194e-15
82 11 13 5 12 2.91387e-15
82 11 13 12 12 2.7041e-15
82 12 4 10 4 0.0244289
82 12 4 10 10 0.0242298
82 12 4 12 10 0.0216262
82 12 4 13 13 0.0131736
82 12 5 5 9 0.010399
82 12 5 9 6 0.00914278
82 12 5 11 9 0.0371489
82 12 5 12 12 0.0150997
82 12 6 7 5 0.0167947
82 12 6 10 12 0.0260325
82 12 7 11 12 0.0638135
82 12 7 12 10 0.0268894
82 12 7 12 12 0.0350015
82 12 7 13 9 0.0062754
82 12 8 4 7 0.0623873
82 12 8 9 13 0.0274239
82 12 8 10 5 0.0559049
82 12 8 10 8 0.0212182
82 12 8 10 11 0.0254514
82 12 9 4 10 0.0380077
82 12 10 4 13 0.0466139
82 12 10 6 7 0.0178363
82 12 10 7 9 0.00785877
82 12 10 12 4 0.0195014
82 12 10 12 7 0.0171973
82 12 10 12 13 0.0188362
82 12 11 4 7 0.0383395
82 12 11 6 6 0.0130443
82 12 11 11 8 0.0357561
82 12 11 13 5 0.0109168
82 12 11 13 12 0.00842322
82 12 12 5 12 0.0219373
82 12 12 6 10 0.0157668
82 12 12 7 11 0.00869881
82 12 12 7 12 0.0181557
82 12 12 11 13 0.0452927
82 12 12 12 5 0.0358584
82 12 12 12 7 0.017285
82 12 13 9 5 0.0239578
82 12 13 12 10 0.0182744
82 13 4 4 4 5.3758e-15
82 13 4 8 6 1.03962e-15
82 13 5 10 4 4.35331e-15
82 13 5 11 8 8.78225e-15
82 13 5 12 11 3.17404e-15
82 13 5 13 6 7.2407e-16
82 13 6 7 13 2.18914e-15
82 13 6 13 5 2.94998e-15
82 13 7 7 9 1.45058e-15
82 13 8 6 6 1.86087e-15
82 13 8 11 8 8.68688e-15
82 13 9 5 12 2.61375e-15
82 13 9 12 7 3.42894e-15
82 13 11 9 8 1.19684e-15
82 13 12 4 13 6.92473e-15
82 13 12 8 9 1.45165e-15
82 13 12 10 4 2.80588e-15
82 13 12 10 12 3.19309e-15
82 13 12 12 11 1.86684e-15
82 13 13 6 7 3.26226e-15
82 13 13 12 4 3.78541e-15
83 4 4 4 13 0.00625069
83 4 4 8 10 0.00190822
83 4 4 10 11 0.0043056
83 4 4 13 4 0.000956134
83 4 5 11 9 0.00539828
83 4 7 9 8 0.00528906
83 4 7 12 8 0.00460246
83 4 7 12 11 0.00377168
83 4 8 6 13 0.00334312
83 4 8 10 4 0.00401635
83 4 9 11 7 0.0224207
83 4 10 4 12 0.00943225
83 4 10 6 10 0.00378998
83 4 10 10 12 0.00486084
83 4 10 11 4 0.00553529
83 4 10 12 9 1.90407e-15
83 4 11 10 7 0.00388601
83 4 12 4 10 0.00911083
83 4 12 10 12 0.00431989
83 4 13 4 4 0.00957066
83 4 13 5 10 0.00539186
83 4 13 12 10 0.0042373
83 4 13 13 12 0.00165212
83 5 5 8 9 1.74254e-15
83 5 5 9 12 3.48393e-15
83 5 6 6 11 2.73033e-15
83 5 7 11 10 9.75449e-15
83 5 8 9 5 2.8821e-15
83 5 9 6 12 2.54912e-15
83 5 9 7 6 5.3725e-15
83 5 9 11 8 7.80488e-15
83 5 9 12 5 5.00668e-15
83 5 10 4 13 7.15067e-15
83 5 11 8 13 2.38657e-15
83 5 11 9 4 1.58984e-15
83 5 11 9 12 5.11806e-15
83 5 12 6 7 1.41051e-15
83 5 12 8 10 1.38636e-15
83 5 12 11 13 8.29804e-15
83 5 12 12 12 3.06336e-15
83 5 12 13 9 7.33794e-16
83 5 13 6 13 3.32097e-15
83 6 5 9 7 1.81444e-15
83 6 6 10 8 2.63147e-15
83 6 6 11 5 9.91798e-15
83 6 6 12 11 2.18685e-15
83 6 6 13 8 1.47141e-15
83 6 7 5 12 2.08146e-15
83 6 7 7 10 3.12428e-15
83 6 7 9 8 2.3473e-15
83 6 7 12 10 3.13417e-15
83 6 7 13 13 1.28774e-15
83 6 10 4 10 5.965e-15
83 6 10 8 6 2.56759e-15
83 6 10 12 12 3.17379e-15
83 6 11 5 6 1.68952e-15
83 6 11 8 9 1.44081e-15
83 6 12 5 9 1.56262e-15
83 6 12 11 6 1.22051e-14
83 6 13 4 8 8.88047e-15
83 6 13 5 13 3.0877e-15
83 6 13 8 6 3.51443e-15
83 7 4 9 11 0.00308022
83 7 4 11 10 0.012522
83 7 5 12 6 0.00119219
83 7 6 5 9 0.00105898
83 7 7 9 13 0.000966238
83 7 7 10 6 0.00313187
83 7 9 8 4 0.00230306
83 7 9 8 6 0.00175756
83 7 9 12 10 0.00579829
83 7 9 13 7 0.000300176
83 7 10 6 7 0.00147399
83 7 10 8 10 0.00168084
83 7 11 10 5 0.00385771
83 7 11 11 11 0.0074622
83 7 11 12 12 0.00256142
83 7 12 8 4 0.00162902
83 7 12 10 6 0.0020547
83 7 12 10 12 0.00327162
83 7 12 11 4 0.00385589
83 7 12 12 12 0.00246598
83 7 13 9 12 0.00533531
83 7 13 13 6 0.00120136
83 8 4 7 9 0.000892045
83 8 4 7 12 0.00184657
83 8 5 9 11 0.00277504
83 8 6 6 10 0.00204812
83 8 6 6 13 0.00122212
83 8 6 7 9 0.000645981
83 8 6 13 4 0.000866309
83 8 9 5 5 0.00192671
83 8 9 6 11 0.00240417
83 8 9 13 12 0.00041842
83 8 10 4 4 0.00302219
83 8 10 5 12 0.000715198
83 8 10 7 10 0.00267911
83 8 10 8 12 0.000863547
83 8 10 11 12 0.0073751
83 8 11 8 13 0.0007683
83 8 12 8 10 0.000892298
83 8 12 11 11 0.00190541
83 8 13 5 11 0.00336561
83 8 13 8 11 0.00330409
83 8 13 11 9 0.00344029
83 9 4 5 11 0.00330201
83 9 4 10 12 0.00427164
83 9 5 5 8 0.00671053
83 9 5 12 13 0.000827324
83 9 6 11 8 0.0107381
83 9 6 12 5 0.00401344
83 9 7 6 5 0.00359188
83 9 8 4 7 0.012711
83 9 8 6 7 0.00241149
83 9 8 13 11 0.00130948
83 9 11 7 4 0.00191274
83 9 11 8 5 0.00248093
83 9 12 5 5 0.00277228
83 9 12 5 11 0.00660014
83 9 12 7 13 0.00238915
83 9 12 10 7 0.00393659
83 9 13 7 7 0.0071906
83 9 13 12 8 0.00877453
83 10 4 4 8 0.0313286
83 10 4 10 6 0.00904172
83 10 4 12 4 0.00431551
83 10 4 13 5 0.00343006
83 10 4 13 12 0.0019878
83 10 5 7 11 0.00773247
83 10 5 12 8 0.00953191
83 10 6 7 7 0.00701694
83 10 6 7 12 0.00645239
83 10 6 10 4 0.00721574
83 10 7 4 11 0.0294094
83 10 7 9 12 0.0156427
83 10 7 10 8 0.0202536
83 10 8 6 6 0.00527891
83 10 8 10 7 0.0220713
83 10 8 12 8 0.0283752
83 10 10 12 4 0.00448566
83 10 11 4 4 0.0123776
83 10 11 12 8 0.0102854
83 10 12 4 10 0.0243347
83 10 12 4 12 0.0220593
83 10 12 7 12 0.00990047
83 10 12 9 4 0.00558309
83 10 12 12 6 0.00501997
83 10 12 13 12 0.00223478
83 11 4 4 10 0.00328626
83 11 4 7 12 0.00151382
83 11 5 6 6 0.000696074
83 11 6 6 12 0.000983682
83 11 7 4 9 0.00162598
83 11 7 11 11 0.00465883
83 11 8 5 9 0.00131491
83 11 8 9 6 0.00205665
83 11 8 12 11 0.00245059
83 11 8 13 5 0.000616708
83 11 8 13 8 0.00115002
83 11 9 4 5 0.00589791
83 11 9 8 13 0.000722565
83 11 9 12 5 0.00533171
83 11 10 5 7 0.000580442
83 11 10 7 4 0.000616553
83 11 11 7 11 0.00125268
83 11 11 8 12 0.000536205
83 11 11 11 7 0.00559915
83 11 12 8 10 0.000551752
83 11 12 12 7 0.000517213
83 11 13 5 12 0.0009384
83 11 13 12 12 0.00163377
83 12 4 10 4 0.00209194
83 12 4 10 10 0.00731028
83 12 4 12 10 0.00531133
83 12 4 13 13 0.00134135
83 12 5 5 9 0.0029955
83 12 5 9 6 0.00504269
83 12 5 11 9 0.0144329
83 12 5 12 12 0.00436324
83 12 6 7 5 0.00507414
83 12 6 10 12 0.00515835
83 12 7 11 12 0.0230128
83 12 7 12 10 0.0068791
83 12 7 12 12 0.00614664
83 12 7 13 9 0.00116633
83 12 8 4 7 0.0148773
83 12 8 9 13 0.00214867
83 12 8 10 5 0.0143962
83 12 8 10 8 0.00938723
83 12 8 10 11 0.00876806
83 12 9 4 10 0.018072
83 12 10 4 13 0.00745277
83 12 10 6 7 0.00228655
83 12 10 7 9 0.00241492
83 12 10 12 4 0.00264404
83 12 10 12 7 0.00421142
83 12 10 12 13 0.001836
83 12 11 4 7 0.00974714
83 12 11 6 6 0.00216108
83 12 11 11 8 0.0147136
83 12 11 13 5 0.00171298
83 12 11 13 12 0.00068678
83 12 12 5 12 0.00162049
83 12 12 6 10 0.00420939
83 12 12 7 11 0.00317392
83 12 12 7 12 0.00410345
83 12 12 11 13 0.00749548
83 12 12 12 5 0.00590647
83 12 12 12 7 0.00375095
83 12 13 9 5 0.00902738
83 12 13 12 10 0.0078303
83 13 4 4 4 0.00438089
83 13 4 8 6 0.0015506
83 13 5 10 4 0.00202322
83 13 5 11 8 0.0116922
83 13 5 12 11 0.00296522
83 13 5 13 6 0.00120537
83 13 6 7 13 0.00112487
83 13 6 13 5 0.00175389
83 13 7 7 9 0.00166381
83 13 8 6 6 0.00143644
83 13 8 11 8 0.0170358
83 13 9 5 12 0.00162366
83 13 9 12 7 0.00505274
83 13 11 9 8 0.00251744
83 13 12 4 13 0.00434357
83 13 12 8 9 0.000957734
83 13 12 10 4 0.00153629
83 13 12 10 12 0.00300597
83 13 12 12 11 0.00248311
83 13 13 6 7 0.00193808
83 13 13 12 4 0.00252021
92 4 1 0 1 0.0406752
92 4 1 0 2 0.0184721
92 4 1 0 3 0.0318947
92 4 2 0 1 0.0514254
92 4 3 0 2 0.0163425
92 4 3 0 3 0.0265386
92 5 2 0 1 0.0175171
92 5 3 0 3 0.0148191
92 6 1 0 3 0.0173651
92 6 3 0 1 0.0292823
92 7 2 0 1 0.0361971
92 7 2 0 2 0.0153108
92 8 1 0 3 1.76924e-14
92 8 3 0 3 1.80482e-14
92 9 1 0 2 0.0264891
92 9 3 0 3 0.0340354
92 10 1 0 3 0.0528239
92 10 2 0 2 0.0410869
92 10 3 0 1 0.0833549
92 11 1 0 2 0.0381388
92 11 2 0 1 0.0866901
92 11 2 0 2 0.0196208
92 11 3 0 2 0.0375615
92 12 1 0 2 0.032618
92 12 1 0 3 0.0475942
92 12 2 0 1 0.0684765
92 12 2 0 2 0.0316287
92 12 2 0 3 0.0452521
92 13 3 0 3 0.038789
93 4 1 0 1 0.0403599
93 4 1 0 2 0.0429096
93 4 1 0 3 0.0355687
93 4 2 0 1 0.0465306
93 4 3 0 2 0.0413172
93 4 3 0 3 0.0326052
93 5 2 0 1 0.0232703
93 5 3 0 3 0.0176464
93 6 1 0 3 0.018504
93 6 3 0 1 0.020771
93 7 2 0 1 0.02993
93 7 2 0 2 0.0396666
93 8 1 0 3 0.0112202
93 8 3 0 3 0.0106865
93 9 1 0 2 0.0367332
93 9 3 0 3 0.0227313
93 10 1 0 3 0.0439443
93 10 2 0 2 0.0670096
93 10 3 0 1 0.0432188
93 11 1 0 2 0.0469562
93 11 2 0 1 0.0624765
93 11 2 0 2 0.0271189
93 11 3 0 2 0.0427426
93 12 1 0 2 0.0327675
93 12 1 0 3 0.0290821
93 12 2 0 1 0.0395142
93 12 2 0 2 0.0359841
93 12 2 0 3 0.0347445
93 13 3 0 3 0.0239901
84 4 4 4 13 0.00366156
84 4 4 8 10 0.000840325
84 4 4 10 11 0.00172511
84 4 4 13 4 0.00080775
84 4 5 11 9 0.00759668
84 4 7 9 8 0.00246484
84 4 7 12 8 0.00279113
84 4 7 12 11 0.00283607
84 4 8 6 13 0.00238437
84 4 8 10 4 0.00617349
84 4 9 11 7 0.00958314
84 4 10 4 12 0.00756861
84 4 10 6 10 0.00149261
84 4 10 10 12 0.00416095
84 4 10 11 4 0.00915108
84 4 10 12 9 0.00189095
84 4 11 10 7 0.00345143
84 4 12 4 10 0.00376751
84 4 12 10 12 0.00315177
84 4 13 4 4 0.0112793
84 4 13 5 10 0.00189603
84 4 13 12 10 0.00233735
84 4 13 13 12 0.00197369
84 5 5 8 9 0.00157878
84 5 5 9 12 0.00370846
84 5 6 6 11 0.00297435
84 5 7 11 10 0.00738307
84 5 8 9 5 0.00563202
84 5 9 6 12 0.00212899
84 5 9 7 6 0.00368893
84 5 9 11 8 0.0103153
84 5 9 12 5 0.00475135
84 5 10 4 13 0.00610265
84 5 11 8 13 0.00150508
84 5 11 9 4 0.00275333
84 5 11 9 12 0.00601803
84 5 12 6 7 0.00270539
84 5 12 8 10 0.00114195
84 5 12 11 13 0.00722503
84 5 12 12 12 0.00315125
84 5 12 13 9 0.00059744
84 5 13 6 13 0.00254362
84 6 5 9 7 0.00269974
84 6 6 10 8 0.00291334
84 6 6 11 5 0.0118034
84 6 6 12 11 0.00160747
84 6 6 13 8 0.00113151
84 6 7 5 12 0.00204281
84 6 7 7 10 0.00200101
84 6 7 9 8 0.00289396
84 6 7 12 10 0.00204174
84 6 7 13 13 0.000493192
84 6 10 4 10 0.00354653
84 6 10 8 6 0.000786649
84 6 10 12 12 0.00282264
84 6 11 5 6 0.00110446
84 6 11 8 9 0.00103006
84 6 12 5 9 0.00100608
84 6 12 11 6 0.0112409
84 6 13 4 8 0.00868163
84 6 13 5 13 0.00182493
84 6 13 8 6 0.00104331
84 7 4 9 11 0.00127223
84 7 4 11 10 0.00325125
84 7 5 12 6 0.00397534
84 7 6 5 9 0.00111797
84 7 7 9 13 0.00180078
84 7 7 10 6 0.00230421
84 7 9 8 4 0.0013667
84 7 9 8 6 0.000643594
84 7 9 12 10 0.00140568
84 7 9 13 7 0.000980597
84 7 10 6 7 0.00216819
84 7 10 8 10 0.000996617
84 7 11 10 5 0.00211123
84 7 11 11 11 0.00481294
84 7 11 12 12 0.00193055
84 7 12 8 4 0.00154426
84 7 12 10 6 0.0016199
84 7 12 10 12 0.00233219
84 7 12 11 4 0.00523843
84 7 12 12 12 0.00193228
84 7 13 9 12 0.00352835
84 7 13 13 6 0.000644706
84 8 4 7 9 0.00106649
84 8 4 7 12 0.001699
84 8 5 9 11 0.00309169
84 8 6 6 10 0.00140283
84 8 6 6 13 0.00140325
84 8 6 7 9 0.000999408
84 8 6 13 4 0.00158619
84 8 9 5 5 0.00180296
84 8 9 6 11 0.0019603
84 8 9 13 12 0.00109872
84 8 10 4 4 0.00702956
84 8 10 5 12 0.00192047
84 8 10 7 10 0.00201018
84 8 10 8 12 0.00175435
84 8 10 11 12 0.00854998
84 8 11 8 13 0.00125987
84 8 12 8 10 0.00108775
84 8 12 11 11 0.00614552
84 8 13 5 11 0.00266583
84 8 13 8 11 0.00223503
84 8 13 11 9 0.00580969
84 9 4 5 11 0.00154146
84 9 4 10 12 0.00267213
84 9 5 5 8 0.00385293
84 9 5 12 13 0.00312455
84 9 6 11 8 0.00820326
84 9 6 12 5 0.00300654
84 9 7 6 5 0.00204222
84 9 8 4 7 0.014029
84 9 8 6 7 0.0046776
84 9 8 13 11 0.00108311
84 9 11 7 4 0.00339987
84 9 11 8 5 0.00159091
84 9 12 5 5 0.00146573
84 9 12 5 11 0.00277213
84 9 12 7 13 0.00184593
84 9 12 10 7 0.00328397
84 9 13 7 7 0.00322056
84 9 13 12 8 0.00380243
84 10 4 4 8 0.00622848
84 10 4 10 6 0.00266583
84 10 4 12 4 0.00277732
84 10 4 13 5 0.000705154
84 10 4 13 12 0.000883838
84 10 5 7 11 0.00407894
84 10 5 12 8 0.0041062
84 10 6 7 7 0.00236758
84 10 6 7 12 0.00207271
84 10 6 10 4 0.00516319
84 10 7 4 11 0.0090812
84 10 7 9 12 0.00499116
84 10 7 10 8 0.00530277
84 10 8 6 6 0.00195923
84 10 8 10 7 0.00836847
84 10 8 12 8 0.00818914
84 10 10 12 4 0.00375781
84 10 11 4 4 0.00863742
84 10 11 12 8 0.00326676
84 10 12 4 10 0.00495408
84 10 12 4 12 0.00787795
84 10 12 7 12 0.00294244
84 10 12 9 4 0.00251007
84 10 12 12 6 0.00309526
84 10 12 13 12 0.00115687
84 11 4 4 10 0.00235553
84 11 4 7 12 0.00164208
84 11 5 6 6 0.00138204
84 11 6 6 12 0.00258748
84 11 7 4 9 0.00383567
84 11 7 11 11 0.00770989
84 11 8 5 9 0.00257572
84 11 8 9 6 0.0050374
84 11 8 12 11 0.00541135
84 11 8 13 5 0.000950698
84 11 8 13 8 0.00113096
84 11 9 4 5 0.00525534
84 11 9 8 13 0.000609565
84 11 9 12 5 0.00498605
84 11 10 5 7 0.00152098
84 11 10 7 4 0.00252845
84 11 11 7 11 0.001352
84 11 11 8 12 0.00156448
84 11 11 11 7 0.00592171
84 11 12 8 10 0.000784404
84 11 12 12 7 0.00144844
84 11 13 5 12 0.00224612
84 11 13 12 12 0.00316829
84 12 4 10 4 0.00432999
84 12 4 10 10 0.00285856
84 12 4 12 10 0.00269142
84 12 4 13 13 0.000788269
84 12 5 5 9 0.00471834
84 12 5 9 6 0.00629803
84 12 5 11 9 0.0292709
84 12 5 12 12 0.010481
84 12 6 7 5 0.00426992
84 12 6 10 12 0.00760477
84 12 7 11 12 0.0186843
84 12 7 12 10 0.00444243
84 12 7 12 12 0.00797845
84 12 7 13 9 0.00118099
84 12 8 4 7 0.0227572
84 12 8 9 13 0.00607523
84 12 8 10 5 0.0126535
84 12 8 10 8 0.0106597
84 12 8 10 11 0.00810885
84 12 9 4 10 0.00694656
84 12 10 4 13 0.00893935
84 12 10 6 7 0.00450857
84 12 10 7 9 0.00352127
84 12 10 12 4 0.00665745
84 12 10 12 7 0.00659975
84 12 10 12 13 0.00443093
84 12 11 4 7 0.0129397
84 12 11 6 6 0.00218224
84 12 11 11 8 0.0132712
84 12 11 13 5 0.00138988
84 12 11 13 12 0.00172181
84 12 12 5 12 0.0033952
84 12 12 6 10 0.0022137
84 12 12 7 11 0.00195146
84 12 12 7 12 0.00401591
84 12 12 11 13 0.0103072
84 12 12 12 5 0.00527024
84 12 12 12 7 0.00438447
84 12 13 9 5 0.00775722
84 12 13 12 10 0.00410768
84 13 4 4 4 0.00962542
84 13 4 8 6 0.0017952
84 13 5 10 4 0.00860936
84 13 5 11 8 0.0273078
84 13 5 12 11 0.00679984
84 13 5 13 6 0.00140036
84 13 6 7 13 0.0027203
84 13 6 13 5 0.00213972
84 13 7 7 9 0.00401881
84 13 8 6 6 0.00250545
84 13 8 11 8 0.0247345
84 13 9 5 12 0.0038039
84 13 9 12 7 0.00762753
84 13 11 9 8 0.00390786
84 13 12 4 13 0.00830646
84 13 12 8 9 0.00221471
84 13 12 10 4 0.00478548
84 13 12 10 12 0.00502777
84 13 12 12 11 0.00330256
84 13 13 6 7 0.00656799
84 13 13 12 4 0.00651347
85 4 4 4 13 0.00504091
85 4 4 8 10 0.00121442
85 4 4 10 11 0.00191079
85 4 4 13 4 0.000466538
85 4 5 11 9 0.00828112
85 4 7 9 8 0.00470389
85 4 7 12 8 0.00449141
85 4 7 12 11 0.00388664
85 4 8 6 13 0.00450962
85 4 8 10 4 0.0051422
85 4 9 11 7 0.012508
85 4 10 4 12 0.00489832
85 4 10 6 10 0.00120458
85 4 10 10 12 0.00284768
85 4 10 11 4 0.00434784
85 4 10 12 9 0.00185359
85 4 11 10 7 0.00314195
85 4 12 4 10 0.00354566
85 4 12 10 12 0.00264963
85 4 13 4 4 0.0037556
85 4 13 5 10 0.002101
85 4 13 12 10 0.00205113
85 4 13 13 12 0.00175741
85 5 5 8 9 0.00348282
85 5 5 9 12 0.00687582
85 5 6 6 11 0.0088205
85 5 7 11 10 0.0253283
85 5 8 9 5 0.00866136
85 5 9 6 12 0.0035928
85 5 9 7 6 0.00700634
85 5 9 11 8 0.0198169
85 5 9 12 5 0.01091
85 5 10 4 13 0.00760147
85 5 11 8 13 0.00353576
85 5 11 9 4 0.0027015
85 5 11 9 12 0.00824315
85 5 12 6 7 0.00203168
85 5 12 8 10 0.00180816
85 5 12 11 13 0.0104687
85 5 12 12 12 0.00351063
85 5 12 13 9 0.00103703
85 5 13 6 13 0.004369
85 6 5 9 7 0.00376396
85 6 6 10 8 0.00951856
85 6 6 11 5 0.0407954
85 6 6 12 11 0.00470437
85 6 6 13 8 0.00521605
85 6 7 5 12 0.00473635
85 6 7 7 10 0.00547251
85 6 7 9 8 0.00745089
85 6 7 12 10 0.00535266
85 6 7 13 13 0.00177386
85 6 10 4 10 0.00614523
85 6 10 8 6 0.00144575
85 6 10 12 12 0.00472901
85 6 11 5 6 0.0025611
85 6 11 8 9 0.00199217
85 6 12 5 9 0.00199531
85 6 12 11 6 0.0121938
85 6 13 4 8 0.012589
85 6 13 5 13 0.00341676
85 6 13 8 6 0.0024751
85 7 4 9 11 0.00121274
85 7 4 11 10 0.00477677
85 7 5 12 6 0.00120768
85 7 6 5 9 0.00174166
85 7 7 9 13 0.00372265
85 7 7 10 6 0.00397549
85 7 9 8 4 0.00140985
85 7 9 8 6 0.0018121
85 7 9 12 10 0.00398992
85 7 9 13 7 0.000838647
85 7 10 6 7 0.000832078
85 7 10 8 10 0.000907961
85 7 11 10 5 0.00411358
85 7 11 11 11 0.006254
85 7 11 12 12 0.00300536
85 7 12 8 4 0.000767673
85 7 12 10 6 0.00145327
85 7 12 10 12 0.00216147
85 7 12 11 4 0.00334127
85 7 12 12 12 0.00181357
85 7 13 9 12 0.00277105
85 7 13 13 6 0.000936035
85 8 4 7 9 0.00117735
85 8 4 7 12 0.00139063
85 8 5 9 11 0.00334223
85 8 6 6 10 0.00582542
85 8 6 6 13 0.00513958
85 8 6 7 9 0.00152576
85 8 6 13 4 0.00271519
85 8 9 5 5 0.00532298
85 8 9 6 11 0.00239328
85 8 9 13 12 0.001667
85 8 10 4 4 0.0032097
85 8 10 5 12 0.00173939
85 8 10 7 10 0.00394598
85 8 10 8 12 0.00124284
85 8 10 11 12 0.00728112
85 8 11 8 13 0.00193583
85 8 12 8 10 0.00140975
85 8 12 11 11 0.00423263
85 8 13 5 11 0.00307281
85 8 13 8 11 0.00212318
85 8 13 11 9 0.00788884
85 9 4 5 11 0.00117946
85 9 4 10 12 0.00216204
85 9 5 5 8 0.00259018
85 9 5 12 13 0.00116734
85 9 6 11 8 0.0102506
85 9 6 12 5 0.0035795
85 9 7 6 5 0.00476874
85 9 8 4 7 0.0125149
85 9 8 6 7 0.00330568
85 9 8 13 11 0.00156218
85 9 11 7 4 0.0029785
85 9 11 8 5 0.00226204
85 9 12 5 5 0.00236671
85 9 12 5 11 0.00339691
85 9 12 7 13 0.00222069
85 9 12 10 7 0.00200536
85 9 13 7 7 0.00241826
85 9 13 12 8 0.00295855
85 10 4 4 8 0.00436273
85 10 4 10 6 0.00210901
85 10 4 12 4 0.00105299
85 10 4 13 5 0.000746134
85 10 4 13 12 0.000701641
85 10 5 7 11 0.000709075
85 10 5 12 8 0.00118969
85 10 6 7 7 0.00128904
85 10 6 7 12 0.00142464
85 10 6 10 4 0.00387796
85 10 7 4 11 0.00935118
85 10 7 9 12 0.00529654
85 10 7 10 8 0.00502402
85 10 8 6 6 0.0029018
85 10 8 10 7 0.00736331
85 10 8 12 8 0.00840198
85 10 10 12 4 0.00174717
85 10 11 4 4 0.00379806
85 10 11 12 8 0.00280622
85 10 12 4 10 0.00270852
85 10 12 4 12 0.00403591
85 10 12 7 12 0.00228979
85 10 12 9 4 0.00102577
85 10 12 12 6 0.00206423
85 10 12 13 12 0.000887932
85 11 4 4 10 0.00352559
85 11 4 7 12 0.00120592
85 11 5 6 6 0.00229407
85 11 6 6 12 0.00417226
85 11 7 4 9 0.00607945
85 11 7 11 11 0.00788695
85 11 8 5 9 0.00319507
85 11 8 9 6 0.00590373
85 11 8 12 11 0.00577963
85 11 8 13 5 0.00182868
85 11 8 13 8 0.00144139
85 11 9 4 5 0.00886652
85 11 9 8 13 0.00149741
85 11 9 12 5 0.0101121
85 11 10 5 7 0.00101079
85 11 10 7 4 0.00142913
85 11 11 7 11 0.00258083
85 11 11 8 12 0.00158886
85 11 11 11 7 0.00818305
85 11 12 8 10 0.000651306
85 11 12 12 7 0.000982179
85 11 13 5 12 0.00210198
85 11 13 12 12 0.0021257
85 12 4 10 4 0.00166655
85 12 4 10 10 0.00244955
85 12 4 12 10 0.00196723
85 12 4 13 13 0.00101353
85 12 5 5 9 0.00198849
85 12 5 9 6 0.00580346
85 12 5 11 9 0.0174631
85 12 5 12 12 0.0023578
85 12 6 7 5 0.00280701
85 12 6 10 12 0.00730555
85 12 7 11 12 0.0182939
85 12 7 12 10 0.00538005
85 12 7 12 12 0.00700214
85 12 7 13 9 0.00166119
85 12 8 4 7 0.01464
85 12 8 9 13 0.00567257
85 12 8 10 5 0.0140388
85 12 8 10 8 0.00747633
85 12 8 10 11 0.00718449
85 12 9 4 10 0.0082989
85 12 10 4 13 0.0049281
85 12 10 6 7 0.00122011
85 12 10 7 9 0.00279285
85 12 10 12 4 0.00231402
85 12 10 12 7 0.00296575
85 12 10 12 13 0.00292179
85 12 11 4 7 0.00727758
85 12 11 6 6 0.0025779
85 12 11 11 8 0.0113238
85 12 11 13 5 0.00163274
85 12 11 13 12 0.00127638
85 12 12 5 12 0.00251263
85 12 12 6 10 0.0016678
85 12 12 7 11 0.00194451
85 12 12 7 12 0.00308387
85 12 12 11 13 0.00687538
85 12 12 12 5 0.00363336
85 12 12 12 7 0.00226178
85 12 13 9 5 0.00361392
85 12 13 12 10 0.00268816
85 13 4 4 4 0.00332891
85 13 4 8 6 0.00224186
85 13 5 10 4 0.00303176
85 13 5 11 8 0.00887019
85 13 5 12 11 0.00168675
85 13 5 13 6 0.00263157
85 13 6 7 13 0.00163876
85 13 6 13 5 0.0040214
85 13 7 7 9 0.00375659
85 13 8 6 6 0.00348084
85 13 8 11 8 0.0224597
85 13 9 5 12 0.00371178
85 13 9 12 7 0.00550201
85 13 11 9 8 0.00215493
85 13 12 4 13 0.00439751
85 13 12 8 9 0.00104284
85 13 12 10 4 0.00156776
85 13 12 10 12 0.00274948
85 13 12 12 11 0.00190768
85 13 13 6 7 0.00226455
85 13 13 12 4 0.00220843
94 4 1 0 1 0.0367329
94 4 1 0 2 0.0257893
94 4 1 0 3 0.026652
94 4 2 0 1 0.0416639
94 4 3 0 2 0.0272058
94 4 3 0 3 0.0253629
94 5 2 0 1 0.0273076
94 5 3 0 3 0.0159665
94 6 1 0 3 0.022387
94 6 3 0 1 0.0294034
94 7 2 0 1 0.0311241
94 7 2 0 2 0.0262892
94 8 1 0 3 0.0137283
94 8 3 0 3 0.0136453
94 9 1 0 2 0.0467087
94 9 3 0 3 0.0257317
94 10 1 0 3 0.0333417
94 10 2 0 2 0.0435068
94 10 3 0 1 0.0451894
94 11 1 0 2 0.0631206
94 11 2 0 1 0.0858701
94 11 2 0 2 0.0376908
94 11 3 0 2 0.0668355
94 12 1 0 2 0.0323718
94 12 1 0 3 0.0258712
94 12 2 0 1 0.0407544
94 12 2 0 2 0.0367266
94 12 2 0 3 0.0291771
94 13 3 0 3 0.0238455
95 4 1 0 1 0.0219595
95 4 1 0 2 0.0194604
95 4 1 0 3 0.0178089
95 4 2 0 1 0.0386473
95 4 3 0 2 0.0254792
95 4 3 0 3 0.0215446
95 5 2 0 1 0.0292112
95 5 3 0 3 0.0215301
95 6 1 0 3 0.0247996
95 6 3 0 1 0.0425727
95 7 2 0 1 0.0289779
95 7 2 0 2 0.0261102
95 8 1 0 3 0.0148791
95 8 3 0 3 0.0219686
95 9 1 0 2 0.0401776
95 9 3 0 3 0.0427425
95 10 1 0 3 0.0246836
95 10 2 0 2 0.0378616
95 10 3 0 1 0.0443814
95 11 1 0 2 0.0626572
95 11 2 0 1 0.0837537
95 11 2 0 2 0.0365615
95 11 3 0 2 0.0961489
95 12 1 0 2 0.0239087
95 12 1 0 3 0.0201557
95 12 2 0 1 0.0371998
95 12 2 0 2 0.0317453
95 12 2 0 3 0.0272608
95 13 3 0 3 0.0358125
86 4 4 4 13 0.0016594
86 4 4 8 10 0.000293751
86 4 4 10 11 0.000420354
86 4 4 13 4 7.698e-16
86 4 5 11 9 0.0126398
86 4 7 9 8 0.00199232
86 4 7 12 8 0.00425467
86 4 7 12 11 0.00510491
86 4 8 6 13 0.00625481
86 4 8 10 4 0.00492231
86 4 9 11 7 1.76722e-14
86 4 10 4 12 1.12773e-14
86 4 10 6 10 3.70921e-15
86 4 10 10 12 5.96802e-15
86 4 10 11 4 8.39594e-15
86 4 10 12 9 4.47963e-15
86 4 11 10 7 0.00263943
86 4 12 4 10 0.0017424
86 4 12 10 12 0.000521311
86 4 13 4 4 0.00479127
86 4 13 5 10 0.00253589
86 4 13 12 10 0.00302442
86 4 13 13 12 0.00108262
86 5 5 8 9 0.00578278
86 5 5 9 12 0.00882072
86 5 6 6 11 5.54711e-15
86 5 7 11 10 0.0275011
86 5 8 9 5 0.00504317
86 5 9 6 12 4.68434e-15
86 5 9 7 6 1.21849e-14
86 5 9 11 8 1.64707e-14
86 5 9 12 5 1.43573e-14
86 5 10 4 13 1.71188e-14
86 5 11 8 13 0.00627918
86 5 11 9 4 0.00251317
86 5 11 9 12 0.00863068
86 5 12 6 7 0.000770764
86 5 12 8 10 0.000699164
86 5 12 11 13 0.00373034
86 5 12 12 12 0.00156967
86 5 12 13 9 0.000245482
86 5 13 6 13 0.00424477
86 6 5 9 7 0.00384682
86 6 6 10 8 5.69914e-15
86 6 6 11 5 2.74381e-14
86 6 6 12 11 3.24396e-15
86 6 6 13 8 2.45791e-15
86 6 7 5 12 0.00361446
86 6 7 7 10 0.00441917
86 6 7 9 8 0.00396883
86 6 7 12 10 0.00697117
86 6 7 13 13 0.00223766
86 6 10 4 10 1.52626e-14
86 6 10 8 6 5.86022e-15
86 6 10 12 12 7.81932e-15
86 6 11 5 6 0.00056873
86 6 11 8 9 0.00267392
86 6 12 5 9 0.000432181
86 6 12 11 6 0.00460834
86 6 13 4 8 0.00792411
86 6 13 5 13 0.00342752
86 6 13 8 6 0.00305883
86 7 4 9 11 2.79079e-15
86 7 4 11 10 0.0035223
86 7 5 12 6 0.00674665
86 7 6 5 9 3.28146e-15
86 7 7 9 13 0.0115415
86 7 7 10 6 0.0170097
86 7 9 8 4 2.25067e-15
86 7 9 8 6 4.93899e-15
86 7 9 12 10 8.21194e-15
86 7 9 13 7 1.74374e-15
86 7 10 6 7 3.67862e-15
86 7 10 8 10 3.39033e-15
86 7 11 10 5 0.0066309
86 7 11 11 11 0.00745142
86 7 11 12 12 0.0018694
86 7 12 8 4 0.000596904
86 7 12 10 6 0.00112198
86 7 12 10 12 0.000991916
86 7 12 11 4 0.00229795
86 7 12 12 12 0.00168896
86 7 13 9 12 0.00400395
86 7 13 13 6 0.00254668
86 8 4 7 9 3.96314e-15
86 8 4 7 12 3.95448e-15
86 8 5 9 11 2.63782e-15
86 8 6 6 10 4.90215e-15
86 8 6 6 13 4.95371e-15
86 8 6 7 9 3.94424e-15
86 8 6 13 4 2.12852e-15
86 8 9 5 5 6.42198e-15
86 8 9 6 11 3.97984e-15
86 8 9 13 12 1.86857e-15
86 8 10 4 4 8.50703e-15
86 8 10 5 12 3.72917e-15
86 8 10 7 10 6.28691e-15
86 8 10 8 12 3.67957e-15
86 8 10 11 12 1.67433e-14
86 8 11 8 13 3.83715e-15
86 8 12 8 10 2.93482e-15
86 8 12 11 11 8.86546e-15
86 8 13 5 11 5.38891e-15
86 8 13 8 11 4.2873e-15
86 8 13 11 9 1.76492e-14
86 9 4 5 11 0.00099965
86 9 4 10 12 0.00214518
86 9 5 5 8 0.00822742
86 9 5 12 13 0.00902727
86 9 6 11 8 9.13918e-15
86 9 6 12 5 5.53766e-15
86 9 7 6 5 0.0228498
86 9 8 4 7 0.049552
86 9 8 6 7 0.0157604
86 9 8 13 11 0.00896563
86 9 11 7 4 3.21619e-15
86 9 11 8 5 0.0134224
86 9 12 5 5 0.00233323
86 9 12 5 11 0.00283261
86 9 12 7 13 0.00266516
86 9 12 10 7 0.00178314
86 9 13 7 7 0.0110332
86 9 13 12 8 0.0108509
86 10 4 4 8 0.00140866
86 10 4 10 6 0.00119438
86 10 4 12 4 0.000639244
86 10 4 13 5 1.66808e-15
86 10 4 13 12 1.23297e-15
86 10 5 7 11 0.000725441
86 10 5 12 8 0.00202259
86 10 6 7 7 2.91105e-15
86 10 6 7 12 3.26776e-15
86 10 6 10 4 3.98575e-15
86 10 7 4 11 0.0152767
86 10 7 9 12 0.00762719
86 10 7 10 8 0.00727082
86 10 8 6 6 0.00676395
86 10 8 10 7 0.00981497
86 10 8 12 8 0.0064961
86 10 10 12 4 3.4743e-15
86 10 11 4 4 0.00513356
86 10 11 12 8 0.000764449
86 10 12 4 10 0.00231452
86 10 12 4 12 0.00230207
86 10 12 7 12 0.000822691
86 10 12 9 4 1.98218e-15
86 10 12 12 6 0.00150023
86 10 12 13 12 0.000236426
86 11 4 4 10 0.00205383
86 11 4 7 12 0.000525255
86 11 5 6 6 0.011531
86 11 6 6 12 5.1203e-15
86 11 7 4 9 0.0223316
86 11 7 11 11 0.0198069
86 11 8 5 9 0.00586973
86 11 8 9 6 0.0108403
86 11 8 12 11 0.00852962
86 11 8 13 5 0.00627177
86 11 8 13 8 0.00391021
86 11 9 4 5 1.54658e-14
86 11 9 8 13 3.08447e-15
86 11 9 12 5 1.64492e-14
86 11 10 5 7 2.57154e-15
86 11 10 7 4 2.47733e-15
86 11 11 7 11 2.3057e-15
86 11 11 8 12 0.00410188
86 11 11 11 7 0.0110596
86 11 12 8 10 0.000587476
86 11 12 12 7 0.000988144
86 11 13 5 12 0.00354037
86 11 13 12 12 0.00488918
86 12 4 10 4 0.000600563
86 12 4 10 10 0.000934142
86 12 4 12 10 0.00140558
86 12 4 13 13 1.27835e-15
86 12 5 5 9 0.00354258
86 12 5 9 6 0.0138832
86 12 5 11 9 0.042715
86 12 5 12 12 0.00499569
86 12 6 7 5 3.40713e-15
86 12 6 10 12 5.076e-15
86 12 7 11 12 0.0297796
86 12 7 12 10 0.0113619
86 12 7 12 12 0.0129435
86 12 7 13 9 0.00259333
86 12 8 4 7 0.019934
86 12 8 9 13 0.00792948
86 12 8 10 5 0.0154632
86 12 8 10 8 0.00924285
86 12 8 10 11 0.00828474
86 12 9 4 10 1.04273e-14
86 12 10 4 13 9.76631e-15
86 12 10 6 7 2.478e-15
86 12 10 7 9 3.908e-15
86 12 10 12 4 2.92434e-15
86 12 10 12 7 4.37727e-15
86 12 10 12 13 4.72913e-15
86 12 11 4 7 0.0106628
86 12 11 6 6 0.00691018
86 12 11 11 8 0.00458231
86 12 11 13 5 0.00329326
86 12 11 13 12 0.00234393
86 12 12 5 12 0.000769678
86 12 12 6 10 0.000917012
86 12 12 7 11 0.000628693
86 12 12 7 12 0.00114872
86 12 12 11 13 0.00339057
86 12 12 12 5 0.00192142
86 12 12 12 7 0.00135035
86 12 13 9 5 0.00150773
86 12 13 12 10 0.00527838
86 13 4 4 4 0.00322712
86 13 4 8 6 0.00189662
86 13 5 10 4 0.0131954
86 13 5 11 8 0.025757
86 13 5 12 11 0.00690711
86 13 5 13 6 0.0184888
86 13 6 7 13 4.57191e-15
86 13 6 13 5 4.33983e-15
86 13 7 7 9 0.00872868
86 13 8 6 6 0.0176998
86 13 8 11 8 0.0415153
86 13 9 5 12 5.22081e-15
86 13 9 12 7 1.02675e-14
86 13 11 9 8 0.00727635
86 13 12 4 13 0.00729885
86 13 12 8 9 0.00170136
86 13 12 10 4 0.00111683
86 13 12 10 12 0.00173492
86 13 12 12 11 0.00199139
86 13 13 6 7 0.0061996
86 13 13 12 4 0.00786897
87 4 4 4 13 1.01667e-14
87 4 4 8 10 2.33889e-15
87 4 4 10 11 3.33763e-15
87 4 4 13 4 1.20452e-15
87 4 5 11 9 2.40417e-14
87 4 7 9 8 3.41762e-15
87 4 7 12 8 6.05038e-15
87 4 7 12 11 7.04702e-15
87 4 8 6 13 3.2323e-15
87 4 8 10 4 3.77362e-15
87 4 9 11 7 5.96533e-15
87 4 10 4 12 1.16085e-14
87 4 10 6 10 3.81037e-15
87 4 10 10 12 5.6914e-15
87 4 10 11 4 7.56881e-15
87 4 10 12 9 2.8852e-15
87 4 11 10 7 2.64379e-15
87 4 12 4 10 6.60918e-15
87 4 12 10 12 4.35356e-15
87 4 13 4 4 8.07922e-15
87 4 13 5 10 3.88306e-15
87 4 13 12 10 4.50588e-15
87 4 13 13 12 2.74452e-15
87 5 5 8 9 7.05743e-15
87 5 5 9 12 1.62707e-14
87 5 6 6 11 4.31894e-15
87 5 7 11 10 3.02115e-14
87 5 8 9 5 4.62409e-15
87 5 9 6 12 2.15628e-15
87 5 9 7 6 2.5326e-15
87 5 9 11 8 5.09267e-15
87 5 9 12 5 4.15453e-15
87 5 10 4 13 1.60139e-14
87 5 11 8 13 3.52177e-15
87 5 11 9 4 2.37613e-15
87 5 11 9 12 7.72775e-15
87 5 12 6 7 3.51795e-15
87 5 12 8 10 2.82873e-15
87 5 12 11 13 1.41971e-14
87 5 12 12 12 4.39529e-15
87 5 12 13 9 1.87714e-15
87 5 13 6 13 6.34686e-15
87 6 5 9 7 8.90449e-15
87 6 6 10 8 4.19335e-15
87 6 6 11 5 1.94561e-14
87 6 6 12 11 2.74668e-15
87 6 6 13 8 2.57471e-15
87 6 7 5 12 9.2041e-15
87 6 7 7 10 1.38608e-14
87 6 7 9 8 5.29195e-15
87 6 7 12 10 1.05523e-14
87 6 7 13 13 3.60973e-15
87 6 10 4 10 1.2628e-14
87 6 10 8 6 4.85518e-15
87 6 10 12 12 5.53406e-15
87 6 11 5 6 2.01107e-15
87 6 11 8 9 1.89572e-15
87 6 12 5 9 2.79708e-15
87 6 12 11 6 2.01867e-14
87 6 13 4 8 1.54834e-14
87 6 13 5 13 5.97329e-15
87 6 13 8 6 4.79714e-15
87 7 4 9 11 3.03472e-15
87 7 4 11 10 1.29208e-14
87 7 5 12 6 7.67357e-15
87 7 6 5 9 2.28864e-15
87 7 7 9 13 6.92301e-15
87 7 7 10 6 1.15135e-14
87 7 9 8 4 1.25477e-15
87 7 9 8 6 1.88984e-15
87 7 9 12 10 2.48194e-15
87 7 9 13 7 5.84268e-16
87 7 10 6 7 3.86009e-15
87 7 10 8 10 3.79252e-15
87 7 11 10 5 3.85985e-15
87 7 11 11 11 4.7866e-15
87 7 11 12 12 2.95947e-15
87 7 12 8 4 2.18244e-15
87 7 12 10 6 4.11954e-15
87 7 12 10 12 5.13485e-15
87 7 12 11 4 6.91217e-15
87 7 12 12 12 3.46258e-15
87 7 13 9 12 7.22928e-15
87 7 13 13 6 2.41426e-15
87 8 4 7 9 4.27135e-15
87 8 4 7 12 4.57377e-15
87 8 5 9 11 8.5565e-15
87 8 6 6 10 3.57338e-15
87 8 6 6 13 3.43401e-15
87 8 6 7 9 2.32701e-15
87 8 6 13 4 2.14518e-15
87 8 9 5 5 1.86287e-15
87 8 9 6 11 1.59113e-15
87 8 9 13 12 8.55758e-16
87 8 10 4 4 8.43528e-15
87 8 10 5 12 3.35046e-15
87 8 10 7 10 3.19169e-15
87 8 10 8 12 4.51228e-15
87 8 10 11 12 1.52099e-14
87 8 11 8 13 2.4487e-15
87 8 12 8 10 2.68491e-15
87 8 12 11 11 7.17276e-15
87 8 13 5 11 5.12119e-15
87 8 13 8 11 3.84661e-15
87 8 13 11 9 1.82792e-14
87 9 4 5 11 0.0356502
87 9 4 10 12 0.0633528
87 9 5 5 8 0.108861
87 9 5 12 13 0.0598071
87 9 6 11 8 0.0836311
87 9 6 12 5 0.0401689
87 9 7 6 5 0.074413
87 9 8 4 7 0.116705
87 9 8 6 7 0.0302557
87 9 8 13 11 0.0124283
87 9 11 7 4 0.022926
87 9 11 8 5 0.0365259
87 9 12 5 5 0.0477475
87 9 12 5 11 0.060729
87 9 12 7 13 0.0280014
87 9 12 10 7 0.0455792
87 9 13 7 7 0.056646
87 9 13 12 8 0.0765724
87 10 4 4 8 7.67846e-15
87 10 4 10 6 5.87205e-15
87 10 4 12 4 2.89265e-15
87 10 4 13 5 2.28836e-15
87 10 4 13 12 1.98913e-15
87 10 5 7 11 3.51117e-15
87 10 5 12 8 4.34833e-15
87 10 6 7 7 1.78556e-15
87 10 6 7 12 2.13807e-15
87 10 6 10 4 3.16571e-15
87 10 7 4 11 1.35194e-14
87 10 7 9 12 7.10806e-15
87 10 7 10 8 6.73563e-15
87 10 8 6 6 2.34644e-15
87 10 8 10 7 6.43197e-15
87 10 8 12 8 5.83287e-15
87 10 10 12 4 2.79248e-15
87 10 11 4 4 3.88143e-15
87 10 11 12 8 1.83217e-15
87 10 12 4 10 7.46186e-15
87 10 12 4 12 9.2725e-15
87 10 12 7 12 2.93135e-15
87 10 12 9 4 2.58298e-15
87 10 12 12 6 3.39131e-15
87 10 12 13 12 2.28099e-15
87 11 4 4 10 7.77407e-15
87 11 4 7 12 4.47355e-15
87 11 5 6 6 5.81486e-15
87 11 6 6 12 3.69067e-15
87 11 7 4 9 1.44054e-14
87 11 7 11 11 1.48984e-14
87 11 8 5 9 4.55499e-15
87 11 8 9 6 4.39083e-15
87 11 8 12 11 5.90972e-15
87 11 8 13 5 1.67483e-15
87 11 8 13 8 1.12887e-15
87 11 9 4 5 5.75325e-15
87 11 9 8 13 1.4187e-15
87 11 9 12 5 5.54935e-15
87 11 10 5 7 2.30612e-15
87 11 10 7 4 1.5476e-15
87 11 11 7 11 1.6056e-15
87 11 11 8 12 2.0599e-15
87 11 11 11 7 8.52718e-15
87 11 12 8 10 1.83705e-15
87 11 12 12 7 2.03755e-15
87 11 13 5 12 4.52203e-15
87 11 13 12 12 5.73285e-15
87 12 4 10 4 2.59049e-15
87 12 4 10 10 4.04499e-15
87 12 4 12 10 3.24345e-15
87 12 4 13 13 1.96793e-15
87 12 5 5 9 5.39446e-15
87 12 5 9 6 9.99848e-15
87 12 5 11 9 4.18254e-14
87 12 5 12 12 6.47086e-15
87 12 6 7 5 2.00096e-15
87 12 6 10 12 3.89312e-15
87 12 7 11 12 2.19043e-14
87 12 7 12 10 7.86621e-15
87 12 7 12 12 9.55848e-15
87 12 7 13 9 1.96418e-15
87 12 8 4 7 7.24156e-15
87 12 8 9 13 3.33355e-15
87 12 8 10 5 5.97651e-15
87 12 8 10 8 2.96072e-15
87 12 8 10 11 3.09169e-15
87 12 9 4 10 3.54501e-15
87 12 10 4 13 9.05097e-15
87 12 10 6 7 2.69131e-15
87 12 10 7 9 2.16916e-15
87 12 10 12 4 2.2448e-15
87 12 10 12 7 2.9157e-15
87 12 10 12 13 3.15222e-15
87 12 11 4 7 4.70117e-15
87 12 11 6 6 1.77625e-15
87 12 11 11 8 3.84115e-15
87 12 11 13 5 1.20193e-15
87 12 11 13 12 9.79442e-16
87 12 12 5 12 2.67651e-15
87 12 12 6 10 2.7664e-15
87 12 12 7 11 1.22134e-15
87 12 12 7 12 2.39459e-15
87 12 12 11 13 7.85229e-15
87 12 12 12 5 3.0944e-15
87 12 12 12 7 2.22996e-15
87 12 13 9 5 4.21265e-15
87 12 13 12 10 4.19915e-15
87 13 4 4 4 7.6516e-15
87 13 4 8 6 4.94995e-15
87 13 5 10 4 1.02484e-14
87 13 5 11 8 2.23029e-14
87 13 5 12 11 6.60539e-15
87 13 5 13 6 7.61436e-15
87 13 6 7 13 2.59572e-15
87 13 6 13 5 3.8513e-15
87 13 7 7 9 1.46835e-14
87 13 8 6 6 2.80498e-15
87 13 8 11 8 1.33614e-14
87 13 9 5 12 1.77302e-15
87 13 9 12 7 3.2446e-15
87 13 11 9 8 1.98181e-15
87 13 12 4 13 1.1727e-14
87 13 12 8 9 2.98291e-15
87 13 12 10 4 3.50871e-15
87 13 12 10 12 5.73487e-15
87 13 12 12 11 2.584e-15
87 13 13 6 7 4.67895e-15
87 13 13 12 4 5.65663e-15
96 4 1 0 1 0.0318592
96 4 1 0 2 0.02581
96 4 1 0 3 0.0249304
96 4 2 0 1 0.0274407
96 4 3 0 2 0.0249854
96 4 3 0 3 0.0225871
96 5 2 0 1 0.0206153
96 5 3 0 3 0.0180788
96 6 1 0 3 0.0486362
96 6 3 0 1 0.0512658
96 7 2 0 1 0.017702
96 7 2 0 2 0.012995
96 8 1 0 3 0.0177018
96 8 3 0 3 0.0233925
96 9 1 0 2 0.0470923
96 9 3 0 3 0.0523331
96 10 1 0 3 0.0371945
96 10 2 0 2 0.0258946
96 10 3 0 1 0.0439499
96 11 1 0 2 0.0849584
96 11 2 0 1 0.0514824
96 11 2 0 2 0.0199803
96 11 3 0 2 0.0839365
96 12 1 0 2 0.0352147
96 12 1 0 3 0.034753
96 12 2 0 1 0.0261747
96 12 2 0 2 0.0164621
96 12 2 0 3 0.0203575
96 13 3 0 3 0.0522158
97 4 1 0 1 0.0170213
97 4 1 0 2 0.017215
97 4 1 0 3 0.0143775
97 4 2 0 1 0.0406307
97 4 3 0 2 0.0152663
97 4 3 0 3 0.0121937
97 5 2 0 1 0.0924995
97 5 3 0 3 0.160488
97 6 1 0 3 0.0467575
97 6 3 0 1 0.0579111
97 7 2 0 1 0.0577005
97 7 2 0 2 0.0498729
97 8 1 0 3 0.0159284
97 8 3 0 3 0.0205975
97 9 1 0 2 4.41545e-14
97 9 3 0 3 6.38101e-14
97 10 1 0 3 0.0220374
97 10 2 0 2 0.0345593
97 10 3 0 1 0.0523353
97 11 1 0 2 0.0130852
97 11 2 0 1 0.0267995
97 11 2 0 2 0.00729551
97 11 3 0 2 0.0364509
97 12 1 0 2 0.0322327
97 12 1 0 3 0.031969
97 12 2 0 1 0.0432524
97 12 2 0 2 0.0331268
97 12 2 0 3 0.0359675
97 13 3 0 3 0.0124283
88 4 4 4 13 0.0227158
88 4 4 8 10 2.96854e-13
88 4 4 10 11 0.00637808
88 4 4 13 4 0.00252461
88 4 5 11 9 3.26751e-13
88 4 7 9 8 0.00261888
88 4 7 12 8 0.000927178
88 4 7 12 11 0.000572008
88 4 8 6 13 1.66643e-13
88 4 8 10 4 0.00422985
88 4 9 11 7 0.00272167
88 4 10 4 12 0.00725851
88 4 10 6 10 1.04689e-13
88 4 10 10 12 0.00238475
88 4 10 11 4 0.00510271
88 4 10 12 9 1.09301e-13
88 4 11 10 7 0.0080826
88 4 12 4 10 3.51333e-13
88 4 12 10 12 0.00368399
88 4 13 4 4 0.00520849
88 4 13 5 10 9.13487e-14
88 4 13 12 10 1.91412e-13
88 5 5 8 9 1.06135e-14
88 5 5 9 12 0.000836628
88 5 7 11 10 9.68453e-24
88 5 8 9 5 0.00294281
88 5 9 6 12 0.00197799
88 5 9 7 6 0.0025449
88 5 9 11 8 0.00484417
88 5 9 12 5 0.00307167
88 5 10 4 13 0.00395452
88 5 11 8 13 2.92184e-13
88 5 11 9 4 0.00503227
88 5 11 9 12 0.0187627
88 5 12 6 7 0.000959038
88 5 12 8 10 4.84155e-14
88 5 12 11 13 0.0109451
88 5 12 12 12 0.00173673
88 5 12 13 9 1.6027e-14
88 5 13 6 13 2.1355e-14
88 6 5 9 7 3.54839e-24
88 6 6 10 8 1.1179e-13
88 6 6 11 5 4.03009e-13
88 6 6 12 11 9.95805e-14
88 6 7 5 12 4.18641e-14
88 6 7 9 8 1.46459e-13
88 6 7 12 10 1.50347e-24
88 6 7 13 13 2.12384e-24
88 6 10 4 10 1.66629e-23
88 6 10 8 6 1.14337e-13
88 6 10 12 12 1.99317e-13
88 6 11 5 6 2.95641e-13
88 6 11 8 9 1.95166e-23
88 6 12 5 9 2.90777e-24
88 6 12 11 6 1.79661e-12
88 6 13 4 8 7.50489e-13
88 6 13 5 13 7.29688e-14
88 6 13 8 6 8.58506e-14
88 7 4 9 11 2.70965e-13
88 7 4 11 10 4.22646e-23
88 7 5 12 6 2.51003e-13
88 7 6 5 9 2.04e-24
88 7 7 9 13 1.75678e-13
88 7 7 10 6 1.76313e-13
88 7 9 8 4 1.62642e-13
88 7 9 8 6 2.06299e-13
88 7 9 12 10 9.24522e-24
88 7 9 13 7 5.85699e-14
88 7 10 6 7 1.00374e-13
88 7 10 8 10 5.68423e-24
88 7 11 10 5 3.49098e-13
88 7 11 11 11 7.22364e-13
88 7 11 12 12 3.48084e-13
88 7 12 8 4 1.25444e-13
88 7 12 10 6 3.71715e-13
88 7 12 10 12 2.25532e-13
88 7 12 11 4 3.60822e-13
88 7 12 12 12 2.2051e-13
88 7 13 9 12 1.45274e-13
88 8 4 7 9 1.01614e-23
88 8 4 7 12 2.22258e-13
88 8 5 9 11 4.31252e-14
88 8 6 7 9 6.35785e-24
88 8 9 5 5 9.40804e-14
88 8 9 6 11 1.52793e-13
88 8 9 13 12 1.18732e-13
88 8 10 4 4 5.16046e-13
88 8 10 5 12 9.99367e-14
88 8 10 7 10 6.4358e-24
88 8 10 8 12 2.94793e-13
88 8 10 11 12 9.8251e-13
88 8 11 8 13 3.15762e-23
88 8 12 8 10 1.01516e-23
88 8 12 11 11 6.1998e-13
88 8 13 5 11 4.17224e-14
88 8 13 8 11 3.98256e-14
88 8 13 11 9 1.1785e-23
88 9 4 5 11 0.00438066
88 9 4 10 12 0.0140384
88 9 5 5 8 6.21992e-14
88 9 5 12 13 1.06168e-13
88 9 6 11 8 0.0236761
88 9 6 12 5 0.0126826
88 9 7 6 5 0.00913489
88 9 8 4 7 0.00842991
88 9 8 6 7 0.00336934
88 9 11 8 5 0.0283081
88 9 12 5 5 0.00818643
88 9 12 5 11 0.0129118
88 9 12 7 13 0.0215787
88 9 12 10 7 0.0112188
88 9 13 7 7 3.29639e-14
88 9 13 12 8 1.91156e-13
88 10 4 4 8 0.0375667
88 10 4 10 6 0.0235783
88 10 4 12 4 0.00763625
88 10 4 13 5 0.00260403
88 10 4 13 12 0.00318189
88 10 5 7 11 0.00156372
88 10 5 12 8 0.00417639
88 10 6 7 7 0.00107449
88 10 6 7 12 0.00290893
88 10 6 10 4 0.00249404
88 10 7 4 11 0.00222827
88 10 7 9 12 0.00242131
88 10 7 10 8 0.00287083
88 10 8 6 6 0.00323095
88 10 8 10 7 0.00228613
88 10 8 12 8 0.0110464
88 10 10 12 4 0.00318754
88 10 11 4 4 0.0223965
88 10 11 12 8 0.00700903
88 10 12 4 10 4.50226e-13
88 10 12 4 12 0.0107254
88 10 12 7 12 0.00240896
88 10 12 9 4 0.0030463
88 10 12 12 6 0.00793639
88 10 12 13 12 0.00138392
88 11 4 4 10 2.12434e-12
88 11 4 7 12 0.0145957
88 11 5 6 6 0.00446365
88 11 7 4 9 5.75842e-13
88 11 7 11 11 0.00981476
88 11 8 5 9 2.78573e-13
88 11 8 9 6 0.0363181
88 11 8 12 11 0.0127066
88 11 9 4 5 0.0376849
88 11 9 8 13 4.92064e-13
88 11 9 12 5 0.0390635
88 11 10 5 7 0.00266046
88 11 10 7 4 0.00298015
88 11 11 8 12 0.0384888
88 11 11 11 7 2.72028e-12
88 11 12 8 10 2.68526e-13
88 11 12 12 7 0.00255969
88 11 13 5 12 0.00102984
88 11 13 12 12 0.0139207
88 12 4 10 4 0.0063121
88 12 4 10 10 3.98492e-13
88 12 4 12 10 3.78656e-13
88 12 4 13 13 1.26261e-13
88 12 5 5 9 4.01196e-14
88 12 5 9 6 0.00480437
88 12 5 11 9 4.33768e-13
88 12 5 12 12 0.00355678
88 12 6 7 5 0.00351795
88 12 6 10 12 0.00415749
88 12 7 11 12 0.0116949
88 12 7 12 10 7.06022e-14
88 12 7 12 12 0.00282832
88 12 7 13 9 7.20884e-14
88 12 8 4 7 0.00483942
88 12 8 9 13 0.0108905
88 12 8 10 5 0.00546391
88 12 8 10 8 0.00636913
88 12 8 10 11 0.00278119
88 12 9 4 10 5.6316e-13
88 12 10 4 13 0.0136567
88 12 10 6 7 0.00264549
88 12 10 7 9 1.17049e-13
88 12 10 12 4 0.00375238
88 12 10 12 7 0.00197
88 12 10 12 13 0.00629744
88 12 11 4 7 0.0146565
88 12 11 6 6 0.0269268
88 12 11 11 8 0.0113395
88 12 11 13 5 0.00693526
88 12 11 13 12 0.00855376
88 12 12 5 12 0.00221337
88 12 12 6 10 2.09696e-13
88 12 12 7 11 0.00196011
88 12 12 7 12 0.00362559
88 12 12 11 13 0.033464
88 12 12 12 5 0.00642631
88 12 12 12 7 0.00179498
88 12 13 9 5 0.0026464
88 12 13 12 10 1.31228e-13
88 13 4 4 4 0.0164304
88 13 4 8 6 0.0108443
88 13 5 10 4 0.00268031
88 13 5 11 8 0.0119858
88 13 5 12 11 0.00326972
88 13 6 7 13 0.00368144
88 13 8 6 6 0.00315174
88 13 8 11 8 0.0170577
88 13 9 5 12 0.00162658
88 13 9 12 7 0.00343803
88 13 11 9 8 0.0179011
88 13 12 4 13 0.00603434
88 13 12 8 9 6.24935e-14
88 13 12 10 4 0.0013079
88 13 12 10 12 0.00205517
88 13 12 12 11 0.000884866
88 13 13 6 7 0.0017064
88 13 13 12 4 0.00468089
89 1 0 2 4 0.0358994
89 1 0 2 9 0.0325396
89 1 0 2 11 0.0983829
89 1 0 2 12 0.035518
89 1 0 3 4 0.0457868
89 1 0 3 6 0.054193
89 1 0 3 8 0.0668502
89 1 0 3 10 0.033242
89 1 0 3 12 0.0521815
89 2 0 2 7 0.0451113
89 2 0 2 10 0.0226087
89 2 0 2 11 0.0438769
89 2 0 2 12 0.0282689
89 2 0 3 12 0.0430795
89 3 0 2 4 0.0388407
89 3 0 2 11 0.0721331
89 3 0 3 4 0.0522602
89 3 0 3 5 0.0373373
89 3 0 3 8 0.0682635
89 3 0 3 9 0.0644339
89 3 0 3 13 0.0291927
98 4 1 0 1 0.0484604
98 4 1 0 2 0.0562077
98 4 1 0 3 0.0407661
98 4 2 0 1 0.0193923
98 4 3 0 2 0.0231195
98 4 3 0 3 0.0258404
98 5 2 0 1 0.0158062
98 5 3 0 3 0.0172029
98 6 1 0 3 0.0331683
98 6 3 0 1 0.024398
98 7 2 0 1 0.0150702
98 7 2 0 2 0.0473704
98 8 1 0 3 0.038992
98 8 3 0 3 0.0386491
98 9 1 0 2 0.0788397
98 9 3 0 3 0.0293818
98 10 1 0 3 0.0549012
98 10 2 0 2 0.0361589
98 10 3 0 1 0.0213129
98 11 1 0 2 0.0557193
98 11 2 0 1 0.0456554
98 11 2 0 2 0.0115783
98 11 3 0 2 0.0296933
98 12 1 0 2 0.0515753
98 12 1 0 3 0.0423255
98 12 2 0 1 0.0205284
98 12 2 0 2 0.031442
98 12 2 0 3 0.0212611
98 13 3 0 3 0.0251835
99 2 0 0 1 0.218398
99 2 0 0 3 0.234781
99 3 0 0 1 0.282557
99 3 0 0 2 0.264263
