0 0 1 2 0 0.544542
0 0 2 3 0 0.455458
1 0 1 4 2 0.0199619
1 0 1 7 1 0.0146583
1 0 1 9 1 0.0849387
1 0 1 9 2 0.0254266
1 0 1 11 1 0.0418454
1 0 1 11 2 0.167409
1 0 1 12 2 0.0601575
1 0 2 4 2 0.0117631
1 0 2 7 2 0.0107544
1 0 2 11 1 0.0386125
1 0 2 11 2 0.0759866
1 0 2 12 1 0.249707
1 0 3 8 2 0.0506311
1 0 3 9 1 0.0399907
1 0 3 10 2 0.0333676
1 0 3 12 1 0.0584718
1 0 3 13 1 0.016318
10 2 4 2 0 0.0725434
10 2 7 2 0 0.149561
10 2 9 3 0 0.0852661
10 2 11 1 0 0.0198142
10 2 11 2 0 0.0318968
10 2 11 3 0 0.0321402
10 2 12 1 0 0.136777
10 2 13 3 0 0.0165435
10 3 5 3 0 0.0147896
10 3 6 3 0 0.0264029
10 3 8 2 0 0.0186145
10 3 8 3 0 0.0734914
10 3 9 1 0 0.0526779
10 3 9 3 0 0.147161
10 3 10 2 0 0.00904517
10 3 12 1 0 0.0150567
10 3 12 3 0 0.051763
10 3 13 1 0 0.023697
10 3 13 3 0 0.0227589
11 4 4 4 13 0.00310376
11 4 4 9 13 0.00281241
11 4 6 4 12 0.000649488
11 4 6 5 12 0.00205258
11 4 7 4 6 0.00314744
11 4 7 6 6 1.15025e-13
11 4 7 11 13 1.45277e-13
11 4 8 4 12 0.00145417
11 4 9 4 12 0.00221655
11 4 9 5 12 0.00389612
11 4 9 6 6 6.45599e-14
11 4 9 11 9 1.53575e-13
11 4 9 13 12 0.000579323
11 4 10 7 10 0.00337591
11 4 10 8 8 5.11774e-13
11 4 10 12 6 0.00114378
11 4 11 13 12 0.00206409
11 4 12 4 6 5.65772e-14
11 4 12 4 8 2.1791e-13
11 4 12 4 9 1.10166e-13
11 4 12 5 10 1.39209e-13
11 4 12 6 6 1.74218e-24
11 4 12 10 12 2.9356e-13
11 4 13 9 6 0.00230562
11 4 13 13 12 0.00292377
11 7 4 6 4 1.57346e-13
11 7 4 7 9 0.00915153
11 7 5 13 7 4.43166e-13
11 7 6 6 4 3.57492e-24
11 7 7 5 13 0.00675941
11 7 8 11 10 2.57681e-14
11 7 8 12 5 0.0010819
11 7 9 7 4 0.00225713
11 7 9 8 10 4.03086e-14
11 7 9 9 9 0.00316347
11 7 10 4 10 0.000578986
11 7 10 9 10 0.000928073
11 7 11 13 4 2.14525e-13
11 7 11 13 12 0.00149217
11 7 12 5 10 1.46507e-13
11 7 12 11 5 5.33179e-24
11 8 4 10 8 0.0178012
11 8 6 11 8 6.70988e-14
11 8 8 4 10 0.000755316
11 8 9 5 12 0.0053215
11 8 9 10 13 0.0162786
11 8 10 7 9 0.00937728
11 8 10 8 13 2.82245e-13
11 8 11 11 6 1.82265e-13
11 8 13 8 10 1.27713e-13
11 8 13 11 8 3.04375e-13
11 8 13 11 9 2.4556e-13
11 8 13 11 12 1.46048e-13
11 8 13 13 6 0.00109718
11 9 4 9 11 0.0201948
11 9 4 12 4 0.00171307
11 9 5 6 6 5.51837e-13
11 9 5 11 9 1.43182e-12
11 9 5 12 4 0.00486321
11 9 5 12 8 0.00832824
11 9 6 4 13 0.000363254
11 9 6 6 4 1.04187e-14
11 9 7 4 7 0.00471381
11 9 7 9 9 0.0060956
11 9 8 10 7 0.0154367
11 9 8 13 11 0.00168153
11 9 9 5 11 0.0342438
11 9 9 7 9 0.0101592
11 9 9 9 7 0.00755354
11 9 9 13 13 0.00321938
11 9 10 7 10 0.00288169
11 9 10 13 6 0.00118651
11 9 10 13 8 0.00339222
11 9 11 6 10 1.65442e-13
11 9 11 9 4 0.00858188
11 9 11 11 8 7.69262e-13
11 9 11 13 10 1.23174e-13
11 9 13 4 4 0.00439616
11 9 13 11 5 3.27574e-13
11 9 13 12 4 0.00239743
11 9 13 13 9 0.00895397
11 10 4 12 5 0.0017666
11 10 7 9 8 0.00589251
11 10 7 10 9 0.0214965
11 10 7 12 5 0.00217716
11 10 8 13 8 0.00203484
11 10 9 11 6 9.81682e-14
11 10 9 11 13 1.26641e-13
11 10 12 4 12 4.96568e-14
11 10 12 5 6 6.92429e-14
11 10 12 12 13 1.732e-14
11 10 13 6 5 2.33397e-13
11 10 13 6 9 2.01496e-13
11 10 13 8 9 2.03826e-13
11 11 4 6 6 2.45149e-13
11 11 4 6 11 5.45594e-13
11 11 4 11 4 2.45185e-13
11 11 5 7 12 0.0195464
11 11 5 9 13 0.0241146
11 11 6 8 11 9.98571e-14
11 11 6 10 9 0.0118663
11 11 8 8 6 9.81722e-14
11 11 8 8 13 2.12165e-13
11 11 8 9 11 0.00486919
11 11 9 4 9 0.0111271
11 11 9 8 13 3.58744e-13
11 11 9 9 5 0.0043131
11 11 10 7 8 0.0274836
11 11 11 4 6 0.0132085
11 11 11 6 8 2.45852e-12
11 11 11 8 9 2.29837e-12
11 11 12 5 12 4.0511e-13
11 11 12 8 13 8.5645e-24
11 11 13 4 7 0.00818011
11 11 13 10 9 0.188337
11 11 13 12 4 0.00229184
11 11 13 12 6 0.00431379
11 11 13 12 7 0.00420191
11 12 4 6 4 1.07011e-13
11 12 4 6 5 3.84655e-13
11 12 4 8 4 1.16456e-13
11 12 4 9 4 0.00242763
11 12 4 9 5 0.00213126
11 12 4 9 13 0.00314492
11 12 4 11 13 2.00252e-13
11 12 4 12 10 0.000525197
11 12 4 13 13 0.00227926
11 12 5 6 10 2.33696e-13
11 12 5 7 8 0.0271733
11 12 5 10 4 0.041783
11 12 5 10 7 0.0684311
11 12 5 12 11 0.0118016
11 12 6 4 10 2.01617e-14
11 12 6 6 4 5.92261e-14
11 12 6 11 13 7.53766e-14
11 12 7 11 13 2.991e-13
11 12 8 9 5 0.000404602
11 12 8 13 11 0.00184603
11 12 10 12 4 0.00102892
11 12 11 5 7 0.041044
11 12 11 12 5 0.00291496
11 12 12 13 10 5.60716e-25
11 12 13 10 12 0.1614
11 13 4 4 4 0.000429656
11 13 4 4 9 0.00114943
11 13 4 7 11 0.00270263
11 13 6 8 13 1.61572e-14
11 13 9 6 4 3.89966e-14
11 13 9 9 13 0.000923772
11 13 10 9 11 0.00651156
11 13 10 12 12 1.00201e-13
11 13 11 5 9 0.00344566
11 13 12 4 9 3.19826e-14
11 13 12 4 11 6.83506e-14
11 13 12 4 13 3.8971e-14
11 13 12 6 11 3.39626e-24
11 13 12 7 11 7.08328e-14
11 13 13 9 9 0.000781765
11 13 13 12 4 0.0003735
2 0 1 4 2 0.0536735
2 0 1 7 1 0.0349555
2 0 1 9 1 0.0508578
2 0 1 9 2 0.0166939
2 0 1 11 1 0.0546762
2 0 1 11 2 0.143862
2 0 1 12 2 0.0876274
2 0 2 4 2 0.0266922
2 0 2 7 2 0.00841781
2 0 2 9 3 0.0250438
2 0 2 11 1 0.0311413
2 0 2 11 2 0.0451829
2 0 2 11 3 0.0179452
2 0 2 12 1 0.129901
2 0 2 13 3 0.0288472
2 0 3 5 3 0.0193232
2 0 3 6 3 0.0119979
2 0 3 8 2 2.63227e-14
2 0 3 8 3 3.20341e-14
2 0 3 9 1 0.0246558
2 0 3 9 3 0.0505896
2 0 3 10 2 0.00467384
2 0 3 12 1 0.0343555
2 0 3 12 3 0.021571
2 0 3 13 1 0.053855
2 0 3 13 3 0.0234607
3 0 1 4 2 0.0160368
3 0 1 7 1 0.063345
3 0 1 9 1 0.0680074
3 0 1 9 2 0.0350786
3 0 1 11 1 0.0387999
3 0 1 11 2 0.0687752
3 0 1 12 2 0.0578608
3 0 2 4 2 0.00963705
3 0 2 7 2 0.0433223
3 0 2 9 3 0.0209656
3 0 2 11 1 0.0319101
3 0 2 11 2 0.0234583
3 0 2 11 3 0.0324362
3 0 2 12 1 0.151421
3 0 2 13 3 0.0187472
3 0 3 5 3 0.034768
3 0 3 6 3 0.0173124
3 0 3 8 2 0.0235897
3 0 3 8 3 0.0577092
3 0 3 9 1 0.0265815
3 0 3 9 3 0.0345722
3 0 3 10 2 0.0354127
3 0 3 12 1 0.0398741
3 0 3 12 3 0.0131103
3 0 3 13 1 0.0224073
3 0 3 13 3 0.0148615
12 4 4 4 13 5.13009e-15
12 4 4 9 13 0.0625993
12 4 4 13 4 8.44743e-16
12 4 6 4 7 3.45038e-16
12 4 6 4 12 1.3358e-15
12 4 6 5 12 3.51772e-15
12 4 6 6 11 9.76766e-16
12 4 6 11 11 9.24301e-16
12 4 7 4 6 2.55739e-15
12 4 7 6 6 3.2695e-15
12 4 7 9 7 0.00319827
12 4 7 11 13 4.77094e-15
12 4 8 4 12 1.3531e-15
12 4 9 4 12 9.0869e-16
12 4 9 5 12 1.32976e-15
12 4 9 6 6 1.96447e-15
12 4 9 11 9 4.55498e-16
12 4 9 13 4 4.7499e-16
12 4 9 13 12 9.72389e-16
12 4 10 7 10 1.87837e-15
12 4 10 8 8 1.14489e-15
12 4 10 12 6 2.41193e-15
12 4 11 4 11 1.579e-15
12 4 11 13 12 1.12401e-15
12 4 12 4 6 8.06313e-16
12 4 12 4 8 2.86243e-16
12 4 12 4 9 2.0915e-16
12 4 12 5 10 5.46638e-16
12 4 12 6 6 8.75548e-16
12 4 12 10 12 5.31421e-16
12 4 13 4 4 6.46173e-16
12 4 13 9 6 0.0145682
12 4 13 13 12 1.69678e-15
12 5 6 6 9 3.32487e-15
12 5 6 10 12 1.09009e-15
12 5 7 8 12 1.00953e-15
12 5 7 12 11 4.38201e-16
12 5 9 13 11 3.65827e-16
12 5 10 4 12 1.00581e-15
12 5 10 7 12 1.3466e-15
12 5 10 13 6 1.77783e-16
12 5 11 9 9 0.0193232
12 5 12 4 6 6.84962e-17
12 5 12 4 9 4.43117e-16
12 5 12 8 9 3.62185e-16
12 5 12 11 12 1.89349e-16
12 5 13 7 7 3.49717e-15
12 6 4 7 4 7.32065e-16
12 6 4 7 6 4.76166e-17
12 6 4 9 6 0.000363258
12 6 4 10 12 2.20471e-16
12 6 4 12 4 4.82737e-16
12 6 4 12 6 2.64462e-17
12 6 4 13 9 3.66753e-16
12 6 5 10 13 4.09961e-16
12 6 5 12 4 4.9703e-16
12 6 6 4 7 1.16924e-15
12 6 6 4 9 5.09021e-16
12 6 6 4 12 2.18854e-16
12 6 6 9 5 0.00961552
12 6 6 11 4 7.06607e-16
12 6 8 11 11 2.7476e-16
12 6 8 13 13 1.08515e-15
12 6 9 5 6 1.20745e-16
12 6 9 10 13 9.00681e-16
12 6 10 9 11 0.00201912
12 6 10 12 5 7.18507e-16
12 6 11 4 6 5.29674e-17
12 6 11 8 8 7.6937e-16
12 6 11 11 4 8.43741e-16
12 6 11 13 12 2.95635e-16
12 7 4 6 4 2.19434e-15
12 7 4 7 9 6.22263e-15
12 7 5 13 7 1.22561e-15
12 7 6 6 4 2.01202e-15
12 7 7 5 13 8.62579e-15
12 7 8 11 10 1.97902e-15
12 7 8 12 5 4.83134e-15
12 7 9 7 4 1.58203e-15
12 7 9 8 10 2.51948e-15
12 7 9 9 9 0.0148574
12 7 10 4 10 2.89261e-15
12 7 10 9 10 0.0285159
12 7 11 13 4 1.65771e-15
12 7 11 13 12 2.58031e-15
12 7 12 5 10 1.29772e-15
12 7 12 11 5 1.86475e-15
12 8 4 10 8 1.9715e-15
12 8 4 12 4 2.00814e-15
12 8 6 11 8 2.75653e-15
12 8 8 4 10 1.71071e-15
12 8 8 6 11 1.90022e-15
12 8 8 13 11 1.77184e-15
12 8 9 5 12 1.81014e-15
12 8 9 10 13 6.7011e-15
12 8 9 11 11 1.60202e-15
12 8 10 7 9 4.45381e-15
12 8 10 8 13 9.13284e-15
12 8 11 10 7 4.79853e-15
12 8 11 11 6 2.5978e-15
12 8 12 5 7 3.3586e-15
12 8 13 8 10 2.67359e-15
12 8 13 11 8 2.4397e-15
12 8 13 11 9 2.42666e-15
12 8 13 11 12 1.87608e-15
12 8 13 13 6 2.36698e-15
12 9 4 9 11 0.0249744
12 9 4 12 4 3.55505e-15
12 9 5 6 6 2.20795e-14
12 9 5 11 9 5.66008e-15
12 9 5 12 4 2.69164e-15
12 9 5 12 8 3.901e-15
12 9 6 4 13 8.24598e-15
12 9 6 6 4 4.69294e-15
12 9 7 4 7 5.84651e-15
12 9 7 9 9 0.0558799
12 9 8 10 7 1.07071e-14
12 9 8 13 11 2.30788e-15
12 9 9 5 11 1.77417e-15
12 9 9 7 9 6.66325e-15
12 9 9 9 7 0.0470842
12 9 9 13 13 1.11963e-14
12 9 10 7 10 7.44419e-15
12 9 10 13 6 1.64934e-14
12 9 10 13 8 1.0322e-14
12 9 11 6 10 5.34033e-15
12 9 11 9 4 0.0399024
12 9 11 11 8 7.58345e-15
12 9 11 13 10 4.60769e-15
12 9 13 4 4 4.06614e-15
12 9 13 11 5 6.71272e-15
12 9 13 12 4 3.55353e-15
12 9 13 13 9 9.27024e-15
12 10 4 10 7 2.60699e-16
12 10 4 12 5 2.11682e-15
12 10 7 8 11 5.8223e-16
12 10 7 9 8 0.00467384
12 10 7 10 4 6.2177e-16
12 10 7 10 9 6.46094e-16
12 10 7 12 5 2.67974e-15
12 10 8 8 4 4.6814e-16
12 10 8 13 8 8.96613e-16
12 10 9 10 7 3.08823e-16
12 10 9 11 6 1.60875e-15
12 10 9 11 13 2.82558e-15
12 10 12 4 12 4.33052e-16
12 10 12 5 6 1.25871e-15
12 10 12 6 4 2.3816e-16
12 10 12 12 13 1.76805e-15
12 10 13 6 5 3.36223e-15
12 10 13 6 9 5.10231e-16
12 10 13 8 9 4.60353e-16
12 11 4 6 6 1.57542e-14
12 11 4 6 11 3.87708e-15
12 11 4 11 4 7.93264e-15
12 11 5 7 12 5.91307e-15
12 11 5 9 13 0.177497
12 11 6 8 11 3.92778e-15
12 11 6 10 9 8.56058e-15
12 11 8 8 6 1.45272e-14
12 11 8 8 13 2.04414e-14
12 11 8 9 11 0.0404348
12 11 9 4 9 3.37347e-15
12 11 9 8 13 1.44692e-14
12 11 9 9 5 0.0748754
12 11 10 7 8 9.21437e-15
12 11 11 4 6 7.10708e-15
12 11 11 6 8 6.26896e-15
12 11 11 8 9 6.88319e-15
12 11 12 5 12 2.39105e-15
12 11 12 8 13 7.54362e-15
12 11 13 4 7 4.25891e-15
12 11 13 10 9 8.25323e-15
12 11 13 12 4 2.99283e-15
12 11 13 12 6 8.3119e-15
12 11 13 12 7 3.59637e-15
12 12 4 6 4 3.43698e-15
12 12 4 6 5 1.38218e-14
12 12 4 8 4 3.59594e-15
12 12 4 9 4 0.0314312
12 12 4 9 5 0.0714424
12 12 4 9 13 0.120472
12 12 4 11 13 1.03786e-14
12 12 4 12 10 3.14982e-15
12 12 4 13 13 1.49663e-14
12 12 5 6 10 3.48057e-15
12 12 5 7 8 6.07322e-15
12 12 5 10 4 2.65523e-15
12 12 5 10 7 2.89832e-15
12 12 5 12 11 8.32699e-16
12 12 6 4 10 3.87949e-15
12 12 6 6 4 3.8003e-15
12 12 6 11 13 1.13353e-14
12 12 7 11 13 1.08346e-14
12 12 8 9 5 0.0501096
12 12 8 13 11 1.78757e-15
12 12 10 12 4 2.60082e-15
12 12 11 5 7 5.3132e-15
12 12 11 12 5 4.2907e-15
12 12 12 13 10 3.06854e-15
12 12 13 10 12 7.0279e-15
12 13 4 4 4 1.40376e-15
12 13 4 4 9 1.49549e-15
12 13 4 7 11 6.13409e-16
12 13 6 5 10 2.06579e-15
12 13 6 8 13 4.58167e-15
12 13 6 9 10 0.015383
12 13 7 7 5 1.57277e-15
12 13 8 9 10 0.0139899
12 13 8 10 8 3.78617e-15
12 13 9 6 4 1.42285e-15
12 13 9 9 13 0.0313833
12 13 10 9 11 0.00532417
12 13 10 12 12 1.33726e-15
12 13 11 5 9 2.72075e-15
12 13 11 8 8 2.90279e-15
12 13 11 9 8 0.0248903
12 13 11 12 8 2.01394e-15
12 13 12 4 9 1.07471e-15
12 13 12 4 11 2.58761e-16
12 13 12 4 13 1.86765e-15
12 13 12 6 11 3.11224e-16
12 13 12 7 11 3.88482e-16
12 13 13 6 8 2.68277e-15
12 13 13 9 9 0.0151922
12 13 13 12 4 1.77279e-15
13 4 4 4 13 0.000626372
13 4 4 9 13 0.00116609
13 4 4 13 4 0.0056738
13 4 6 4 7 0.000500447
13 4 6 4 12 9.34161e-16
13 4 6 5 12 2.50401e-15
13 4 6 6 11 0.00159919
13 4 6 11 11 0.000557147
13 4 7 4 6 0.000167551
13 4 7 6 6 0.000543697
13 4 7 9 7 0.000870174
13 4 7 11 13 0.000543101
13 4 8 4 12 8.19568e-16
13 4 9 4 12 5.30633e-16
13 4 9 5 12 7.79111e-16
13 4 9 6 6 0.000331774
13 4 9 11 9 0.00132804
13 4 9 13 4 0.00243063
13 4 9 13 12 5.59674e-16
13 4 10 7 10 0.00258179
13 4 10 8 8 0.0010295
13 4 10 12 6 0.000394222
13 4 11 4 11 0.000701862
13 4 11 13 12 6.57875e-16
13 4 12 4 6 6.01974e-05
13 4 12 4 8 0.000635456
13 4 12 4 9 0.00061925
13 4 12 5 10 3.85269e-16
13 4 12 6 6 0.00016459
13 4 12 10 12 3.41209e-16
13 4 13 4 4 0.00288822
13 4 13 9 6 0.000260764
13 4 13 13 12 1.04658e-15
13 5 6 6 9 0.0143167
13 5 6 10 12 1.46455e-15
13 5 7 8 12 9.90079e-16
13 5 7 12 11 0.00340587
13 5 9 13 11 0.0018361
13 5 10 4 12 1.28977e-15
13 5 10 7 12 1.72676e-15
13 5 10 13 6 0.00226705
13 5 11 9 9 0.0045639
13 5 12 4 6 0.0012696
13 5 12 4 9 0.00109491
13 5 12 8 9 0.000526205
13 5 12 11 12 5.25456e-16
13 5 13 7 7 0.00548772
13 6 4 7 4 0.00229351
13 6 4 7 6 0.000645707
13 6 4 9 6 0.00033083
13 6 4 10 12 4.53542e-16
13 6 4 12 4 0.00147325
13 6 4 12 6 0.000349486
13 6 4 13 9 0.000774545
13 6 5 10 13 0.000437677
13 6 5 12 4 0.00201077
13 6 6 4 7 0.000994834
13 6 6 4 9 0.00072829
13 6 6 4 12 4.0174e-16
13 6 6 9 5 1.51966e-15
13 6 6 11 4 0.00086302
13 6 8 11 11 0.00144121
13 6 8 13 13 0.000776065
13 6 9 5 6 1.6837e-15
13 6 9 10 13 0.000580237
13 6 10 9 11 0.00219394
13 6 10 12 5 9.91753e-16
13 6 11 4 6 0.000217143
13 6 11 8 8 0.000329943
13 6 11 11 4 0.000871947
13 6 11 13 12 4.74136e-16
13 7 4 6 4 0.0191015
13 7 4 7 9 0.0199918
13 7 5 13 7 0.0045287
13 7 6 6 4 0.0181633
13 7 7 5 13 2.89165e-15
13 7 8 11 10 6.61064e-05
13 7 8 12 5 0.0192227
13 7 9 7 4 0.0125765
13 7 9 8 10 4.12714e-05
13 7 9 9 9 0.00438341
13 7 10 4 10 6.25585e-05
13 7 10 9 10 0.000123905
13 7 11 13 4 0.00564479
13 7 11 13 12 1.20664e-15
13 7 12 5 10 1.14943e-15
13 7 12 11 5 0.00276081
13 8 4 10 8 0.00335948
13 8 4 12 4 0.00976585
13 8 6 11 8 0.00360045
13 8 8 4 10 0.000866958
13 8 8 6 11 0.0137589
13 8 8 13 11 0.00625114
13 8 9 5 12 1.72204e-15
13 8 9 10 13 0.00234466
13 8 9 11 11 0.00388974
13 8 10 7 9 0.0188863
13 8 10 8 13 0.00138999
13 8 11 10 7 0.00528588
13 8 11 11 6 0.00223545
13 8 12 5 7 2.59301e-15
13 8 13 8 10 0.000569145
13 8 13 11 8 0.0028959
13 8 13 11 9 0.00390977
13 8 13 11 12 1.51345e-15
13 8 13 13 6 0.00228928
13 9 4 9 11 0.00317898
13 9 4 12 4 0.0179302
13 9 5 6 6 0.00537967
13 9 5 11 9 0.00513905
13 9 5 12 4 0.0141402
13 9 5 12 8 0.00559189
13 9 6 4 13 0.00108103
13 9 6 6 4 0.0221348
13 9 7 4 7 0.00585631
13 9 7 9 9 0.0104457
13 9 8 10 7 0.0123789
13 9 8 13 11 0.00398514
13 9 9 5 11 5.57123e-15
13 9 9 7 9 0.0134141
13 9 9 9 7 0.0013927
13 9 9 13 13 0.00112301
13 9 10 7 10 0.00197855
13 9 10 13 6 0.0011459
13 9 10 13 8 0.0088858
13 9 11 6 10 0.0068923
13 9 11 9 4 0.0107003
13 9 11 11 8 0.00395593
13 9 11 13 10 0.00270925
13 9 13 4 4 0.00518568
13 9 13 11 5 6.65161e-15
13 9 13 12 4 0.0087593
13 9 13 13 9 0.0118206
13 10 4 10 7 0.000513141
13 10 4 12 5 0.00432947
13 10 7 8 11 0.000133811
13 10 7 9 8 0.00257303
13 10 7 10 4 0.00376179
13 10 7 10 9 0.00211807
13 10 7 12 5 0.00455981
13 10 8 8 4 0.00121211
13 10 8 13 8 0.00250496
13 10 9 10 7 0.000507131
13 10 9 11 6 0.000115404
13 10 9 11 13 0.000381315
13 10 12 4 12 2.47469e-16
13 10 12 5 6 7.47001e-16
13 10 12 6 4 0.00283878
13 10 12 12 13 0.000547333
13 10 13 6 5 0.00561456
13 10 13 6 9 0.00314863
13 10 13 8 9 0.000553366
13 11 4 6 6 0.00358572
13 11 4 6 11 0.0102871
13 11 4 11 4 0.0304693
13 11 5 7 12 4.75001e-15
13 11 5 9 13 0.00450742
13 11 6 8 11 0.0024888
13 11 6 10 9 0.018703
13 11 8 8 6 0.000638739
13 11 8 8 13 0.00144893
13 11 8 9 11 0.00671943
13 11 9 4 9 0.00514611
13 11 9 8 13 0.00100374
13 11 9 9 5 0.0137308
13 11 10 7 8 0.0212278
13 11 11 4 6 0.000813246
13 11 11 6 8 0.0168366
13 11 11 8 9 0.00498162
13 11 12 5 12 1.44111e-15
13 11 12 8 13 0.000504732
13 11 13 4 7 0.00552411
13 11 13 10 9 0.0145548
13 11 13 12 4 0.0192324
13 11 13 12 6 0.00179252
13 11 13 12 7 0.0111828
13 12 4 6 4 0.0213974
13 12 4 6 5 0.0666113
13 12 4 8 4 0.00420951
13 12 4 9 4 0.0117111
13 12 4 9 5 0.0219094
13 12 4 9 13 0.00269659
13 12 4 11 13 0.00154081
13 12 4 12 10 0.00499939
13 12 4 13 13 0.00252587
13 12 5 6 10 0.00738502
13 12 5 7 8 0.0161398
13 12 5 10 4 0.010975
13 12 5 10 7 0.00872908
13 12 5 12 11 0.00329063
13 12 6 4 10 0.0026734
13 12 6 6 4 0.0199535
13 12 6 11 13 0.00167613
13 12 7 11 13 0.00151994
13 12 8 9 5 0.0159088
13 12 8 13 11 0.00334019
13 12 10 12 4 0.0121315
13 12 11 5 7 5.31274e-15
13 12 11 12 5 0.0188409
13 12 12 13 10 0.0021005
13 12 13 10 12 3.93482e-15
13 13 4 4 4 0.00190647
13 13 4 4 9 0.00203736
13 13 4 7 11 0.00590288
13 13 6 5 10 4.67346e-15
13 13 6 8 13 0.000623056
13 13 6 9 10 0.00143377
13 13 7 7 5 0.00400848
13 13 8 9 10 0.00137527
13 13 8 10 8 0.00355935
13 13 9 6 4 0.00432884
13 13 9 9 13 0.000323832
13 13 10 9 11 0.0032851
13 13 10 12 12 1.12714e-15
13 13 11 5 9 2.35412e-15
13 13 11 8 8 0.000940161
13 13 11 9 8 0.0029742
13 13 11 12 8 0.00306313
13 13 12 4 9 0.00108097
13 13 12 4 11 0.000744306
13 13 12 4 13 0.000392443
13 13 12 6 11 0.00231787
13 13 12 7 11 0.00280656
13 13 13 6 8 0.00443091
13 13 13 9 9 0.00393387
13 13 13 12 4 0.00454718
4 0 1 4 2 0.0307078
4 0 1 7 1 0.0332977
4 0 1 9 1 0.0778091
4 0 1 9 2 0.0428516
4 0 1 11 1 0.0355901
4 0 1 11 2 0.0734867
4 0 1 12 2 0.045454
4 0 2 4 2 0.0199292
4 0 2 7 2 0.0312578
4 0 2 9 3 0.0333796
4 0 2 11 1 0.0297814
4 0 2 11 2 0.0282617
4 0 2 11 3 0.035254
4 0 2 12 1 0.0974557
4 0 2 13 3 0.025191
4 0 3 5 3 0.0231922
4 0 3 6 3 0.0280274
4 0 3 8 2 0.0278008
4 0 3 8 3 0.0589703
4 0 3 9 1 0.0304946
4 0 3 9 3 0.0643978
4 0 3 10 2 0.0321471
4 0 3 12 1 0.0252433
4 0 3 12 3 0.0296355
4 0 3 13 1 0.0182326
4 0 3 13 3 0.0221507
5 0 1 4 2 0.0290731
5 0 1 7 1 0.0349831
5 0 1 9 1 0.0618018
5 0 1 9 2 0.0318775
5 0 1 11 1 0.0342694
5 0 1 11 2 0.0688568
5 0 1 12 2 0.0347366
5 0 2 4 2 0.0206885
5 0 2 7 2 0.0204326
5 0 2 9 3 0.030381
5 0 2 11 1 0.028772
5 0 2 11 2 0.0269477
5 0 2 11 3 0.0414335
5 0 2 12 1 0.101981
5 0 2 13 3 0.0293167
5 0 3 5 3 0.0296746
5 0 3 6 3 0.0296844
5 0 3 8 2 0.0327135
5 0 3 8 3 0.0803979
5 0 3 9 1 0.0274015
5 0 3 9 3 0.0609351
5 0 3 10 2 0.0351842
5 0 3 12 1 0.0269942
5 0 3 12 3 0.0298079
5 0 3 13 1 0.022994
5 0 3 13 3 0.0286615
14 4 4 4 13 0.00238491
14 4 4 9 13 0.00261308
14 4 4 13 4 0.00575573
14 4 6 4 7 0.000227588
14 4 6 4 12 0.000478167
14 4 6 5 12 0.000527828
14 4 6 6 11 0.00187343
14 4 6 11 11 0.00155566
14 4 7 4 6 0.00263862
14 4 7 6 6 0.00413625
14 4 7 9 7 0.000328608
14 4 7 11 13 0.0020588
14 4 8 4 12 0.00044764
14 4 9 4 12 0.000432156
14 4 9 5 12 0.000271825
14 4 9 6 6 0.00231111
14 4 9 11 9 0.000832751
14 4 9 13 4 0.00314238
14 4 9 13 12 0.000343462
14 4 10 7 10 0.0018386
14 4 10 8 8 0.00142842
14 4 10 12 6 0.00191979
14 4 11 4 11 0.0029749
14 4 11 13 12 0.000401753
14 4 12 4 6 0.000616277
14 4 12 4 8 0.000630962
14 4 12 4 9 0.000329039
14 4 12 5 10 0.000291127
14 4 12 6 6 0.00085675
14 4 12 10 12 0.000201362
14 4 13 4 4 0.00461697
14 4 13 9 6 0.00161618
14 4 13 13 12 0.000554923
14 5 6 6 9 0.00291731
14 5 6 10 12 0.00131788
14 5 7 8 12 0.00136542
14 5 7 12 11 0.0029116
14 5 9 13 11 0.0013018
14 5 10 4 12 0.0014988
14 5 10 7 12 0.00193552
14 5 10 13 6 0.00362736
14 5 11 9 9 0.00173946
14 5 12 4 6 0.00138853
14 5 12 4 9 0.000283114
14 5 12 8 9 0.000165296
14 5 12 11 12 0.000223253
14 5 13 7 7 0.00251691
14 6 4 7 4 0.00135065
14 6 4 7 6 0.00104814
14 6 4 9 6 0.000802345
14 6 4 10 12 0.000346466
14 6 4 12 4 0.00135459
14 6 4 12 6 0.000894266
14 6 4 13 9 0.000231725
14 6 5 10 13 0.0011462
14 6 5 12 4 0.00165806
14 6 6 4 7 0.000880063
14 6 6 4 9 0.00028503
14 6 6 4 12 0.000252566
14 6 6 9 5 0.00226618
14 6 6 11 4 0.00107124
14 6 8 11 11 0.00108591
14 6 8 13 13 0.0016879
14 6 9 5 6 0.00132455
14 6 9 10 13 0.0020376
14 6 10 9 11 0.000836109
14 6 10 12 5 0.00189984
14 6 11 4 6 0.00141168
14 6 11 8 8 0.00167262
14 6 11 11 4 0.00206335
14 6 11 13 12 0.000420325
14 7 4 6 4 0.012492
14 7 4 7 9 0.00470394
14 7 5 13 7 0.000977326
14 7 6 6 4 0.0118676
14 7 7 5 13 0.00299074
14 7 8 11 10 0.00188273
14 7 8 12 5 0.00528799
14 7 9 7 4 0.0066603
14 7 9 8 10 0.00209744
14 7 9 9 9 0.0018786
14 7 10 4 10 0.00239134
14 7 10 9 10 0.00233091
14 7 11 13 4 0.0062752
14 7 11 13 12 0.000665707
14 7 12 5 10 0.000592208
14 7 12 11 5 0.00146146
14 8 4 10 8 0.00496476
14 8 4 12 4 0.00857069
14 8 6 11 8 0.00574785
14 8 8 4 10 0.0039078
14 8 8 6 11 0.00707422
14 8 8 13 11 0.00376819
14 8 9 5 12 0.00076525
14 8 9 10 13 0.00773788
14 8 9 11 11 0.00463851
14 8 10 7 9 0.00393405
14 8 10 8 13 0.00595059
14 8 11 10 7 0.00497352
14 8 11 11 6 0.00759312
14 8 12 5 7 0.00123816
14 8 13 8 10 0.00442125
14 8 13 11 8 0.00477925
14 8 13 11 9 0.00187307
14 8 13 11 12 0.00131673
14 8 13 13 6 0.00351627
14 9 4 9 11 0.0081008
14 9 4 12 4 0.0141749
14 9 5 6 6 0.0295007
14 9 5 11 9 0.00585367
14 9 5 12 4 0.0139882
14 9 5 12 8 0.00702678
14 9 6 4 13 0.00627979
14 9 6 6 4 0.0154996
14 9 7 4 7 0.00608642
14 9 7 9 9 0.00654621
14 9 8 10 7 0.00811352
14 9 8 13 11 0.00578496
14 9 9 5 11 0.00343043
14 9 9 7 9 0.00462307
14 9 9 9 7 0.00454663
14 9 9 13 13 0.00803184
14 9 10 7 10 0.00962505
14 9 10 13 6 0.00870979
14 9 10 13 8 0.00738585
14 9 11 6 10 0.0136984
14 9 11 9 4 0.0115412
14 9 11 11 8 0.0111236
14 9 11 13 10 0.0070688
14 9 13 4 4 0.0102527
14 9 13 11 5 0.00807938
14 9 13 12 4 0.00840842
14 9 13 13 9 0.00545194
14 10 4 10 7 0.00021566
14 10 4 12 5 0.0024473
14 10 7 8 11 0.00101069
14 10 7 9 8 0.00153194
14 10 7 10 4 0.00745823
14 10 7 10 9 0.00168429
14 10 7 12 5 0.00348427
14 10 8 8 4 0.0025077
14 10 8 13 8 0.00161776
14 10 9 10 7 0.000267652
14 10 9 11 6 0.00137452
14 10 9 11 13 0.00122812
14 10 12 4 12 0.000165318
14 10 12 5 6 0.000436453
14 10 12 6 4 0.00209641
14 10 12 12 13 0.000745172
14 10 13 6 5 0.0025461
14 10 13 6 9 0.000837825
14 10 13 8 9 0.000491724
14 11 4 6 6 0.0177278
14 11 4 6 11 0.0148211
14 11 4 11 4 0.0382885
14 11 5 7 12 0.00287636
14 11 5 9 13 0.00885189
14 11 6 8 11 0.00650703
14 11 6 10 9 0.00660377
14 11 8 8 6 0.0066479
14 11 8 8 13 0.00715125
14 11 8 9 11 0.0073949
14 11 9 4 9 0.00352458
14 11 9 8 13 0.00697921
14 11 9 9 5 0.00912945
14 11 10 7 8 0.00777505
14 11 11 4 6 0.00564306
14 11 11 6 8 0.0129897
14 11 11 8 9 0.00451063
14 11 12 5 12 0.000439562
14 11 12 8 13 0.00299606
14 11 13 4 7 0.00323593
14 11 13 10 9 0.00791288
14 11 13 12 4 0.0114374
14 11 13 12 6 0.00634976
14 11 13 12 7 0.00258022
14 12 4 6 4 0.0164029
14 12 4 6 5 0.0244274
14 12 4 8 4 0.00939497
14 12 4 9 4 0.0104971
14 12 4 9 5 0.00873433
14 12 4 9 13 0.00776566
14 12 4 11 13 0.00703771
14 12 4 12 10 0.00530672
14 12 4 13 13 0.00830695
14 12 5 6 10 0.00698655
14 12 5 7 8 0.00648691
14 12 5 10 4 0.0113538
14 12 5 10 7 0.00252798
14 12 5 12 11 0.00469857
14 12 6 4 10 0.00443665
14 12 6 6 4 0.0149987
14 12 6 11 13 0.00730539
14 12 7 11 13 0.00784762
14 12 8 9 5 0.00612697
14 12 8 13 11 0.00483317
14 12 10 12 4 0.00789711
14 12 11 5 7 0.00179136
14 12 11 12 5 0.00816983
14 12 12 13 10 0.00226691
14 12 13 10 12 0.00218731
14 13 4 4 4 0.0030113
14 13 4 4 9 0.00107729
14 13 4 7 11 0.00249022
14 13 6 5 10 0.00202818
14 13 6 8 13 0.00375764
14 13 6 9 10 0.00342925
14 13 7 7 5 0.00419498
14 13 8 9 10 0.00298395
14 13 8 10 8 0.00445266
14 13 9 6 4 0.00415741
14 13 9 9 13 0.00378557
14 13 10 9 11 0.00187617
14 13 10 12 12 0.00102904
14 13 11 5 9 0.000864471
14 13 11 8 8 0.00323081
14 13 11 9 8 0.00416865
14 13 11 12 8 0.00430914
14 13 12 4 9 0.000631623
14 13 12 4 11 0.000925024
14 13 12 4 13 0.00190412
14 13 12 6 11 0.00140658
14 13 12 7 11 0.00125908
14 13 13 6 8 0.00413155
14 13 13 9 9 0.0014219
14 13 13 12 4 0.00304773
15 4 4 4 13 0.00340556
15 4 4 9 13 0.00287349
15 4 4 13 4 0.00621658
15 4 6 4 7 0.000412595
15 4 6 4 12 0.000402492
15 4 6 5 12 0.000635614
15 4 6 6 11 0.00130477
15 4 6 11 11 0.000677533
15 4 7 4 6 0.00422613
15 4 7 6 6 0.00404358
15 4 7 9 7 0.00127992
15 4 7 11 13 0.00226997
15 4 8 4 12 0.000706138
15 4 9 4 12 0.000402917
15 4 9 5 12 0.000353693
15 4 9 6 6 0.00135304
15 4 9 11 9 0.000514074
15 4 9 13 4 0.00171107
15 4 9 13 12 0.000301094
15 4 10 7 10 0.00102677
15 4 10 8 8 0.000836556
15 4 10 12 6 0.00076183
15 4 11 4 11 0.0037527
15 4 11 13 12 0.000532012
15 4 12 4 6 0.000192086
15 4 12 4 8 0.000179015
15 4 12 4 9 8.57412e-05
15 4 12 5 10 0.000111344
15 4 12 6 6 0.000153301
15 4 12 10 12 6.04793e-05
15 4 13 4 4 0.00545147
15 4 13 9 6 0.00247643
15 4 13 13 12 0.00105167
15 5 6 6 9 0.0048823
15 5 6 10 12 0.00161826
15 5 7 8 12 0.00131529
15 5 7 12 11 0.00374435
15 5 9 13 11 0.00234205
15 5 10 4 12 0.00114693
15 5 10 7 12 0.00133479
15 5 10 13 6 0.00238465
15 5 11 9 9 0.0018461
15 5 12 4 6 0.00376297
15 5 12 4 9 0.00143511
15 5 12 8 9 0.000851526
15 5 12 11 12 0.00046999
15 5 13 7 7 0.00254026
15 6 4 7 4 0.00209356
15 6 4 7 6 0.00175024
15 6 4 9 6 0.00086973
15 6 4 10 12 0.000617092
15 6 4 12 4 0.00111813
15 6 4 12 6 0.000768829
15 6 4 13 9 0.000489325
15 6 5 10 13 0.000800706
15 6 5 12 4 0.000712812
15 6 6 4 7 0.00102066
15 6 6 4 9 0.000696246
15 6 6 4 12 0.00057052
15 6 6 9 5 0.00242086
15 6 6 11 4 0.000983444
15 6 8 11 11 0.0021003
15 6 8 13 13 0.00392109
15 6 9 5 6 0.00163452
15 6 9 10 13 0.00211908
15 6 10 9 11 0.000636998
15 6 10 12 5 0.000945042
15 6 11 4 6 0.0011262
15 6 11 8 8 0.00100539
15 6 11 11 4 0.000942051
15 6 11 13 12 0.000341629
15 7 4 6 4 0.0153573
15 7 4 7 9 0.00639232
15 7 5 13 7 0.000457858
15 7 6 6 4 0.00460567
15 7 7 5 13 0.00372113
15 7 8 11 10 0.00136217
15 7 8 12 5 0.00519926
15 7 9 7 4 0.00509699
15 7 9 8 10 0.00179615
15 7 9 9 9 0.0010483
15 7 10 4 10 0.00198222
15 7 10 9 10 0.00151297
15 7 11 13 4 0.00558434
15 7 11 13 12 0.000784383
15 7 12 5 10 0.000192509
15 7 12 11 5 0.000322162
15 8 4 10 8 0.00581238
15 8 4 12 4 0.00575394
15 8 6 11 8 0.00455309
15 8 8 4 10 0.0114195
15 8 8 6 11 0.0170591
15 8 8 13 11 0.0116129
15 8 9 5 12 0.00158212
15 8 9 10 13 0.00715008
15 8 9 11 11 0.00386629
15 8 10 7 9 0.00367832
15 8 10 8 13 0.00380153
15 8 11 10 7 0.00448015
15 8 11 11 6 0.00490157
15 8 12 5 7 0.00213638
15 8 13 8 10 0.00632302
15 8 13 11 8 0.00602432
15 8 13 11 9 0.00348369
15 8 13 11 12 0.00211437
15 8 13 13 6 0.00735852
15 9 4 9 11 0.00938713
15 9 4 12 4 0.0139441
15 9 5 6 6 0.00962498
15 9 5 11 9 0.00167443
15 9 5 12 4 0.00406248
15 9 5 12 8 0.00205004
15 9 6 4 13 0.00519412
15 9 6 6 4 0.00934471
15 9 7 4 7 0.00820458
15 9 7 9 9 0.00829809
15 9 8 10 7 0.0142366
15 9 8 13 11 0.0109395
15 9 9 5 11 0.00398689
15 9 9 7 9 0.00478932
15 9 9 9 7 0.0034191
15 9 9 13 13 0.00724298
15 9 10 7 10 0.00584879
15 9 10 13 6 0.00537898
15 9 10 13 8 0.00491131
15 9 11 6 10 0.0107472
15 9 11 9 4 0.00926691
15 9 11 11 8 0.00814654
15 9 11 13 10 0.00669505
15 9 13 4 4 0.0150752
15 9 13 11 5 0.0101525
15 9 13 12 4 0.0121526
15 9 13 13 9 0.00762257
15 10 4 10 7 0.000983849
15 10 4 12 5 0.00139014
15 10 7 8 11 0.00117638
15 10 7 9 8 0.00216834
15 10 7 10 4 0.00580644
15 10 7 10 9 0.00196848
15 10 7 12 5 0.00223235
15 10 8 8 4 0.00364062
15 10 8 13 8 0.00433118
15 10 9 10 7 0.00085123
15 10 9 11 6 0.00101994
15 10 9 11 13 0.000735325
15 10 12 4 12 0.00028122
15 10 12 5 6 0.000810543
15 10 12 6 4 0.00171955
15 10 12 12 13 0.000808441
15 10 13 6 5 0.00314676
15 10 13 6 9 0.00126141
15 10 13 8 9 0.000851958
15 11 4 6 6 0.0213952
15 11 4 6 11 0.0168194
15 11 4 11 4 0.0336692
15 11 5 7 12 0.00141336
15 11 5 9 13 0.00277124
15 11 6 8 11 0.00359443
15 11 6 10 9 0.00517362
15 11 8 8 6 0.00705079
15 11 8 8 13 0.00639369
15 11 8 9 11 0.0070188
15 11 9 4 9 0.00279108
15 11 9 8 13 0.00373292
15 11 9 9 5 0.00613638
15 11 10 7 8 0.00429463
15 11 11 4 6 0.00938149
15 11 11 6 8 0.0116801
15 11 11 8 9 0.00615577
15 11 12 5 12 0.000244265
15 11 12 8 13 0.000637755
15 11 13 4 7 0.00749293
15 11 13 10 9 0.013222
15 11 13 12 4 0.0150209
15 11 13 12 6 0.00968888
15 11 13 12 7 0.00450062
15 12 4 6 4 0.0186339
15 12 4 6 5 0.0374835
15 12 4 8 4 0.01038
15 12 4 9 4 0.0104424
15 12 4 9 5 0.0109691
15 12 4 9 13 0.00826654
15 12 4 11 13 0.00624271
15 12 4 12 10 0.0045271
15 12 4 13 13 0.0108997
15 12 5 6 10 0.00288044
15 12 5 7 8 0.00300665
15 12 5 10 4 0.00498464
15 12 5 10 7 0.00172116
15 12 5 12 11 0.00138706
15 12 6 4 10 0.0045815
15 12 6 6 4 0.00845004
15 12 6 11 13 0.00372382
15 12 7 11 13 0.0093569
15 12 8 9 5 0.0086374
15 12 8 13 11 0.00795034
15 12 10 12 4 0.00282721
15 12 11 5 7 0.00253681
15 12 11 12 5 0.00678272
15 12 12 13 10 0.00204414
15 12 13 10 12 0.00480406
15 13 4 4 4 0.00447839
15 13 4 4 9 0.00248858
15 13 4 7 11 0.00488682
15 13 6 5 10 0.00265594
15 13 6 8 13 0.00278943
15 13 6 9 10 0.00279936
15 13 7 7 5 0.00811486
15 13 8 9 10 0.00538313
15 13 8 10 8 0.00987483
15 13 9 6 4 0.00313012
15 13 9 9 13 0.00296377
15 13 10 9 11 0.00117006
15 13 10 12 12 0.000465469
15 13 11 5 9 0.00148747
15 13 11 8 8 0.00254129
15 13 11 9 8 0.00283171
15 13 11 12 8 0.00213552
15 13 12 4 9 0.000836716
15 13 12 4 11 0.00102835
15 13 12 4 13 0.00176237
15 13 12 6 11 0.00133137
15 13 12 7 11 0.00152767
15 13 13 6 8 0.00637419
15 13 13 9 9 0.00282956
15 13 13 12 4 0.0050851
6 0 1 4 2 0.0280589
6 0 1 7 1 0.0125533
6 0 1 9 1 0.0383828
6 0 1 9 2 0.018756
6 0 1 11 1 0.040461
6 0 1 11 2 0.0914388
6 0 1 12 2 0.058038
6 0 2 4 2 0.0132184
6 0 2 7 2 0.00327375
6 0 2 9 3 0.0172869
6 0 2 11 1 0.0263495
6 0 2 11 2 0.0234572
6 0 2 11 3 0.0382364
6 0 2 12 1 0.0839961
6 0 2 13 3 0.0200111
6 0 3 5 3 0.0269502
6 0 3 6 3 0.0550033
6 0 3 8 2 0.0337137
6 0 3 8 3 0.0958134
6 0 3 9 1 0.0244834
6 0 3 9 3 0.0616367
6 0 3 10 2 0.029998
6 0 3 12 1 0.0448036
6 0 3 12 3 0.0547719
6 0 3 13 1 0.0245692
6 0 3 13 3 0.0347384
7 0 1 4 2 0.00607055
7 0 1 7 1 0.00794114
7 0 1 9 1 0.0430266
7 0 1 9 2 0.026888
7 0 1 11 1 0.0198372
7 0 1 11 2 0.0514458
7 0 1 12 2 0.0113077
7 0 2 4 2 0.0186463
7 0 2 7 2 0.0171596
7 0 2 9 3 0.0209686
7 0 2 11 1 0.0276455
7 0 2 11 2 0.0300369
7 0 2 11 3 0.056038
7 0 2 12 1 0.0731932
7 0 2 13 3 0.0390401
7 0 3 5 3 0.135197
7 0 3 6 3 0.0414471
7 0 3 8 2 0.0109494
7 0 3 8 3 0.0196386
7 0 3 9 1 0.0325899
7 0 3 9 3 0.074483
7 0 3 10 2 0.0533252
7 0 3 12 1 0.0324133
7 0 3 12 3 0.0454946
7 0 3 13 1 0.0510419
7 0 3 13 3 0.0541747
16 4 4 4 13 0.00421512
16 4 4 9 13 0.00549121
16 4 4 13 4 0.0130521
16 4 6 4 7 0.000754393
16 4 6 4 12 0.000742891
16 4 6 5 12 0.000683455
16 4 6 6 11 1.62543e-15
16 4 6 11 11 0.00220413
16 4 7 4 6 0.0025149
16 4 7 6 6 3.6778e-15
16 4 7 9 7 0.00154664
16 4 7 11 13 0.00298141
16 4 8 4 12 0.000499951
16 4 9 4 12 7.49123e-16
16 4 9 5 12 1.09627e-15
16 4 9 6 6 2.33371e-15
16 4 9 11 9 1.06501e-15
16 4 9 13 4 3.35043e-15
16 4 9 13 12 7.98506e-16
16 4 10 7 10 3.24618e-15
16 4 10 8 8 0.00266796
16 4 10 12 6 0.00018382
16 4 11 4 11 0.000586901
16 4 11 13 12 0.000186604
16 4 12 4 6 0.000366111
16 4 12 4 8 0.000351588
16 4 12 4 9 0.000188159
16 4 12 5 10 0.000143206
16 4 12 6 6 8.39612e-16
16 4 12 10 12 0.000355488
16 4 13 4 4 0.000710654
16 4 13 9 6 0.000525099
16 4 13 13 12 0.0003255
16 5 6 6 9 7.2727e-15
16 5 6 10 12 0.00391056
16 5 7 8 12 0.00544161
16 5 7 12 11 0.000444507
16 5 9 13 11 3.83222e-15
16 5 10 4 12 0.00048862
16 5 10 7 12 6.04471e-15
16 5 10 13 6 0.00156599
16 5 11 9 9 0.000430825
16 5 12 4 6 0.0055215
16 5 12 4 9 0.00176553
16 5 12 8 9 0.00555314
16 5 12 11 12 0.00182795
16 5 13 7 7 5.41068e-15
16 6 4 7 4 1.76641e-15
16 6 4 7 6 1.87469e-15
16 6 4 9 6 0.00560707
16 6 4 10 12 0.00520053
16 6 4 12 4 0.00101401
16 6 4 12 6 0.00090677
16 6 4 13 9 0.00336749
16 6 5 10 13 0.00337958
16 6 5 12 4 0.000433041
16 6 6 4 7 0.000443438
16 6 6 4 9 0.000346482
16 6 6 4 12 0.000255555
16 6 6 9 5 0.00206117
16 6 6 11 4 0.000844241
16 6 8 11 11 0.00208706
16 6 8 13 13 0.00324099
16 6 9 5 6 6.53812e-15
16 6 9 10 13 3.89824e-15
16 6 10 9 11 0.000407519
16 6 10 12 5 0.000105843
16 6 11 4 6 0.00322283
16 6 11 8 8 0.0156078
16 6 11 11 4 0.00434771
16 6 11 13 12 0.00212418
16 7 4 6 4 5.1199e-15
16 7 4 7 9 3.6291e-15
16 7 5 13 7 0.00336142
16 7 6 6 4 5.46036e-15
16 7 7 5 13 0.00144978
16 7 8 11 10 0.00268852
16 7 8 12 5 0.000919472
16 7 9 7 4 7.0177e-15
16 7 9 8 10 4.77407e-15
16 7 9 9 9 1.72285e-15
16 7 10 4 10 0.00175768
16 7 10 9 10 0.00243614
16 7 11 13 4 0.00122829
16 7 11 13 12 0.000306459
16 7 12 5 10 0.000352866
16 7 12 11 5 0.00132639
16 8 4 10 8 0.0483229
16 8 4 12 4 0.00517384
16 8 6 11 8 0.00641095
16 8 8 4 10 0.0053225
16 8 8 6 11 1.03393e-14
16 8 8 13 11 0.00992757
16 8 9 5 12 5.05764e-15
16 8 9 10 13 1.3959e-14
16 8 9 11 11 1.16947e-14
16 8 10 7 9 1.24837e-14
16 8 10 8 13 0.0073634
16 8 11 10 7 0.0215057
16 8 11 11 6 0.0238149
16 8 12 5 7 0.00168543
16 8 13 8 10 1.58669e-14
16 8 13 11 8 1.31125e-14
16 8 13 11 9 7.31859e-15
16 8 13 11 12 5.1124e-15
16 8 13 13 6 1.28171e-14
16 9 4 9 11 0.0285209
16 9 4 12 4 0.00587584
16 9 5 6 6 2.01039e-14
16 9 5 11 9 0.0159711
16 9 5 12 4 0.00436478
16 9 5 12 8 0.00312595
16 9 6 4 13 0.00574913
16 9 6 6 4 1.12394e-14
16 9 7 4 7 0.00484053
16 9 7 9 9 0.00805237
16 9 8 10 7 0.0138322
16 9 8 13 11 0.0105391
16 9 9 5 11 1.2299e-14
16 9 9 7 9 8.68431e-15
16 9 9 9 7 5.43225e-15
16 9 9 13 13 1.42855e-14
16 9 10 7 10 2.02035e-14
16 9 10 13 6 0.00586304
16 9 10 13 8 0.00506649
16 9 11 6 10 1.53959e-14
16 9 11 9 4 0.0125348
16 9 11 11 8 0.01756
16 9 11 13 10 0.016039
16 9 13 4 4 0.000603188
16 9 13 11 5 0.0010422
16 9 13 12 4 0.000138874
16 9 13 13 9 0.000826379
16 10 4 10 7 0.00624253
16 10 4 12 5 0.00184109
16 10 7 8 11 0.00242437
16 10 7 9 8 0.00143695
16 10 7 10 4 0.00436003
16 10 7 10 9 0.00152945
16 10 7 12 5 0.000314278
16 10 8 8 4 0.00780719
16 10 8 13 8 0.00307281
16 10 9 10 7 1.5537e-15
16 10 9 11 6 3.02384e-15
16 10 9 11 13 2.289e-15
16 10 12 4 12 0.00035869
16 10 12 5 6 0.000610574
16 10 12 6 4 3.13647e-15
16 10 12 12 13 1.65905e-15
16 10 13 6 5 5.09177e-15
16 10 13 6 9 1.87484e-15
16 10 13 8 9 1.64131e-15
16 11 4 6 6 1.06366e-14
16 11 4 6 11 8.84759e-15
16 11 4 11 4 0.0772928
16 11 5 7 12 3.84203e-15
16 11 5 9 13 0.0262179
16 11 6 8 11 0.0354059
16 11 6 10 9 0.0182901
16 11 8 8 6 0.0206552
16 11 8 8 13 0.0181763
16 11 8 9 11 0.00708798
16 11 9 4 9 4.34187e-15
16 11 9 8 13 1.02917e-14
16 11 9 9 5 1.01556e-14
16 11 10 7 8 1.41058e-14
16 11 11 4 6 0.00127275
16 11 11 6 8 8.90021e-15
16 11 11 8 9 0.00413202
16 11 12 5 12 0.00020384
16 11 12 8 13 0.00444759
16 11 13 4 7 0.00124934
16 11 13 10 9 0.00423137
16 11 13 12 4 0.000548402
16 11 13 12 6 0.000460736
16 11 13 12 7 0.000270935
16 12 4 6 4 8.35484e-15
16 12 4 6 5 1.86025e-14
16 12 4 8 4 0.0638618
16 12 4 9 4 0.0210767
16 12 4 9 5 0.0252829
16 12 4 9 13 0.0143179
16 12 4 11 13 0.0147719
16 12 4 12 10 0.00268639
16 12 4 13 13 0.0235272
16 12 5 6 10 7.05715e-15
16 12 5 7 8 8.11658e-15
16 12 5 10 4 0.047577
16 12 5 10 7 0.0120754
16 12 5 12 11 0.0023213
16 12 6 4 10 0.00424587
16 12 6 6 4 1.00498e-14
16 12 6 11 13 0.00288486
16 12 7 11 13 9.91937e-15
16 12 8 9 5 0.00326013
16 12 8 13 11 0.00220662
16 12 10 12 4 9.33114e-15
16 12 11 5 7 0.000119503
16 12 11 12 5 0.00139415
16 12 12 13 10 7.72925e-15
16 12 13 10 12 5.91674e-15
16 13 4 4 4 0.00779185
16 13 4 4 9 0.00471801
16 13 4 7 11 3.66738e-15
16 13 6 5 10 0.00184006
16 13 6 8 13 0.0166102
16 13 6 9 10 0.00507529
16 13 7 7 5 6.65609e-15
16 13 8 9 10 0.00235726
16 13 8 10 8 0.00633118
16 13 9 6 4 4.65463e-15
16 13 9 9 13 5.46519e-15
16 13 10 9 11 0.000694472
16 13 10 12 12 7.32021e-05
16 13 11 5 9 0.00134611
16 13 11 8 8 0.020755
16 13 11 9 8 0.00702045
16 13 11 12 8 0.00110687
16 13 12 4 9 0.000637205
16 13 12 4 11 0.000827252
16 13 12 4 13 0.00128041
16 13 12 6 11 3.10926e-15
16 13 12 7 11 3.91456e-15
16 13 13 6 8 7.11844e-15
16 13 13 9 9 0.000684687
16 13 13 12 4 0.000169219
17 4 4 4 13 5.86237e-16
17 4 4 9 13 5.07988e-16
17 4 4 13 4 1.21805e-15
17 4 6 4 7 9.00557e-16
17 4 6 4 12 1.12269e-15
17 4 6 5 12 2.9656e-15
17 4 6 6 11 2.94928e-15
17 4 6 11 11 2.24054e-15
17 4 7 4 6 4.23796e-15
17 4 7 6 6 4.8612e-15
17 4 7 9 7 1.60514e-15
17 4 7 11 13 3.5286e-15
17 4 8 4 12 6.69698e-16
17 4 9 4 12 9.28962e-16
17 4 9 5 12 1.36996e-15
17 4 9 6 6 2.3744e-15
17 4 9 11 9 1.20752e-15
17 4 9 13 4 3.30395e-15
17 4 9 13 12 9.78391e-16
17 4 10 7 10 2.4196e-15
17 4 10 8 8 2.9909e-15
17 4 10 12 6 0.0247168
17 4 11 4 11 1.87529e-15
17 4 11 13 12 4.38715e-16
17 4 12 4 6 1.41362e-15
17 4 12 4 8 1.77949e-15
17 4 12 4 9 7.79841e-16
17 4 12 5 10 1.61854e-15
17 4 12 6 6 1.33309e-15
17 4 12 10 12 7.3385e-16
17 4 13 4 4 2.89525e-15
17 4 13 9 6 1.54408e-15
17 4 13 13 12 1.17111e-15
17 5 6 6 9 1.7784e-14
17 5 6 10 12 5.41809e-15
17 5 7 8 12 5.27322e-15
17 5 7 12 11 0.135197
17 5 9 13 11 7.90119e-15
17 5 10 4 12 2.61921e-15
17 5 10 7 12 3.50664e-15
17 5 10 13 6 6.78482e-15
17 5 11 9 9 4.43001e-15
17 5 12 4 6 7.18975e-15
17 5 12 4 9 2.90729e-15
17 5 12 8 9 2.79459e-15
17 5 12 11 12 1.49311e-15
17 5 13 7 7 3.76268e-15
17 6 4 7 4 1.18367e-15
17 6 4 7 6 1.28971e-15
17 6 4 9 6 7.06244e-16
17 6 4 10 12 5.85144e-16
17 6 4 12 4 0.00781175
17 6 4 12 6 0.00719331
17 6 4 13 9 5.52949e-16
17 6 5 10 13 1.58642e-15
17 6 5 12 4 0.0123413
17 6 6 4 7 3.04903e-15
17 6 6 4 9 2.2852e-15
17 6 6 4 12 1.83776e-15
17 6 6 9 5 6.64635e-15
17 6 6 11 4 3.6274e-15
17 6 8 11 11 2.06346e-15
17 6 8 13 13 3.63942e-15
17 6 9 5 6 7.7511e-15
17 6 9 10 13 5.98293e-15
17 6 10 9 11 1.9024e-15
17 6 10 12 5 0.0141007
17 6 11 4 6 2.48147e-15
17 6 11 8 8 3.48922e-15
17 6 11 11 4 2.45628e-15
17 6 11 13 12 1.40774e-15
17 7 4 6 4 2.04169e-15
17 7 4 7 9 1.27331e-15
17 7 5 13 7 3.93306e-16
17 7 6 6 4 7.70243e-15
17 7 7 5 13 7.91749e-15
17 7 8 11 10 1.44102e-15
17 7 8 12 5 0.0251007
17 7 9 7 4 7.25573e-15
17 7 9 8 10 5.41343e-15
17 7 9 9 9 2.22174e-15
17 7 10 4 10 3.33973e-15
17 7 10 9 10 2.81012e-15
17 7 11 13 4 2.70576e-15
17 7 11 13 12 6.95697e-16
17 7 12 5 10 2.93899e-15
17 7 12 11 5 3.22081e-15
17 8 4 10 8 4.34557e-15
17 8 4 12 4 0.030588
17 8 6 11 8 1.84521e-14
17 8 8 4 10 8.95629e-15
17 8 8 6 11 1.21179e-14
17 8 8 13 11 1.1158e-14
17 8 9 5 12 7.06714e-15
17 8 9 10 13 1.78462e-14
17 8 9 11 11 1.44817e-14
17 8 10 7 9 1.13939e-14
17 8 10 8 13 1.61349e-14
17 8 11 10 7 8.79217e-15
17 8 11 11 6 1.4545e-14
17 8 12 5 7 7.04752e-15
17 8 13 8 10 1.87201e-14
17 8 13 11 8 1.24669e-14
17 8 13 11 9 8.03547e-15
17 8 13 11 12 5.84398e-15
17 8 13 13 6 1.5271e-14
17 9 4 9 11 3.15348e-15
17 9 4 12 4 0.0326121
17 9 5 6 6 9.14864e-15
17 9 5 11 9 2.53753e-15
17 9 5 12 4 0.0313212
17 9 5 12 8 0.0499756
17 9 6 4 13 1.40619e-14
17 9 6 6 4 1.71861e-14
17 9 7 4 7 1.33793e-14
17 9 7 9 9 1.56134e-14
17 9 8 10 7 9.58517e-15
17 9 8 13 11 1.01006e-14
17 9 9 5 11 1.6269e-14
17 9 9 7 9 1.30983e-14
17 9 9 9 7 7.70221e-15
17 9 9 13 13 1.99294e-14
17 9 10 7 10 1.74784e-14
17 9 10 13 6 1.29883e-14
17 9 10 13 8 1.31102e-14
17 9 11 6 10 1.50286e-14
17 9 11 9 4 8.18763e-15
17 9 11 11 8 1.33302e-14
17 9 11 13 10 1.30751e-14
17 9 13 4 4 1.11145e-14
17 9 13 11 5 1.1897e-14
17 9 13 12 4 0.0840472
17 9 13 13 9 1.04198e-14
17 10 4 10 7 6.56385e-16
17 10 4 12 5 0.00518484
17 10 7 8 11 4.73525e-15
17 10 7 9 8 6.28184e-15
17 10 7 10 4 1.02834e-14
17 10 7 10 9 4.35522e-15
17 10 7 12 5 0.0363538
17 10 8 8 4 3.50277e-15
17 10 8 13 8 3.88487e-15
17 10 9 10 7 2.08027e-15
17 10 9 11 6 3.41275e-15
17 10 9 11 13 2.50499e-15
17 10 12 4 12 6.48503e-16
17 10 12 5 6 2.62891e-15
17 10 12 6 4 2.37995e-15
17 10 12 12 13 0.0117866
17 10 13 6 5 4.41036e-15
17 10 13 6 9 2.08806e-15
17 10 13 8 9 2.02164e-15
17 11 4 6 6 3.79867e-15
17 11 4 6 11 3.29725e-15
17 11 4 11 4 7.44813e-15
17 11 5 7 12 1.39031e-15
17 11 5 9 13 1.78444e-15
17 11 6 8 11 1.48744e-14
17 11 6 10 9 1.32508e-14
17 11 8 8 6 9.13054e-15
17 11 8 8 13 9.36531e-15
17 11 8 9 11 6.25172e-15
17 11 9 4 9 5.56409e-15
17 11 9 8 13 1.22974e-14
17 11 9 9 5 1.02621e-14
17 11 10 7 8 1.38606e-14
17 11 11 4 6 4.23481e-15
17 11 11 6 8 7.09441e-15
17 11 11 8 9 5.03794e-15
17 11 12 5 12 3.63403e-15
17 11 12 8 13 8.54527e-15
17 11 13 4 7 4.86498e-15
17 11 13 10 9 8.85759e-15
17 11 13 12 4 0.0708182
17 11 13 12 6 0.0768484
17 11 13 12 7 0.0373368
17 12 4 6 4 4.10365e-15
17 12 4 6 5 9.06863e-15
17 12 4 8 4 4.31968e-15
17 12 4 9 4 2.80892e-15
17 12 4 9 5 3.23391e-15
17 12 4 9 13 2.81091e-15
17 12 4 11 13 3.20004e-15
17 12 4 12 10 0.0286742
17 12 4 13 13 4.73772e-15
17 12 5 6 10 3.72326e-15
17 12 5 7 8 4.0175e-15
17 12 5 10 4 3.65764e-15
17 12 5 10 7 1.85945e-15
17 12 5 12 11 0.0214456
17 12 6 4 10 1.42738e-14
17 12 6 6 4 1.57451e-14
17 12 6 11 13 1.40572e-14
17 12 7 11 13 1.55543e-14
17 12 8 9 5 6.1592e-15
17 12 8 13 11 8.53281e-15
17 12 10 12 4 0.0742017
17 12 11 5 7 5.3882e-15
17 12 11 12 5 0.0380874
17 12 12 13 10 1.11988e-14
17 12 13 10 12 6.36381e-15
17 13 4 4 4 1.86182e-15
17 13 4 4 9 1.28849e-15
17 13 4 7 11 2.52112e-15
17 13 6 5 10 1.59723e-14
17 13 6 8 13 1.43585e-14
17 13 6 9 10 1.01553e-14
17 13 7 7 5 9.87813e-15
17 13 8 9 10 5.06401e-15
17 13 8 10 8 8.49237e-15
17 13 9 6 4 5.68713e-15
17 13 9 9 13 7.54864e-15
17 13 10 9 11 4.90745e-15
17 13 10 12 12 0.0278029
17 13 11 5 9 4.27737e-15
17 13 11 8 8 6.36702e-15
17 13 11 9 8 4.77664e-15
17 13 11 12 8 0.0700364
17 13 12 4 9 2.37492e-15
17 13 12 4 11 2.9667e-15
17 13 12 4 13 5.06503e-15
17 13 12 6 11 3.55256e-15
17 13 12 7 11 4.43821e-15
17 13 13 6 8 8.2299e-15
17 13 13 9 9 3.91332e-15
17 13 13 12 4 0.0464174
8 0 2 4 2 0.0647919
8 0 2 7 2 0.111914
8 0 2 9 3 0.0776595
8 0 2 11 1 0.0534021
8 0 2 11 2 0.0613814
8 0 2 11 3 0.0442853
8 0 2 12 1 0.0347721
8 0 2 13 3 0.084897
8 0 3 5 3 0.00547492
8 0 3 6 3 0.0277214
8 0 3 8 2 0.0330392
8 0 3 8 3 0.125147
8 0 3 9 1 0.010833
8 0 3 9 3 0.0555684
8 0 3 10 2 0.0116009
8 0 3 12 1 0.0370258
8 0 3 12 3 0.0851373
8 0 3 13 1 0.0304834
8 0 3 13 3 0.0448652
9 0 0 1 2 0.533103
9 0 0 2 3 0.466897
18 4 7 4 6 5.95712e-13
18 4 7 6 6 1.28101e-13
18 4 7 9 7 1.97883e-24
18 4 7 11 13 0.00848355
18 4 9 4 12 4.24781e-13
18 4 9 5 12 2.78793e-13
18 4 9 6 6 1.72603e-13
18 4 9 11 9 9.36901e-14
18 4 9 13 4 1.49054e-13
18 4 9 13 12 4.66451e-24
18 4 11 4 11 0.0240104
18 4 11 13 12 8.63811e-15
18 4 12 4 6 7.41305e-13
18 4 12 4 8 0.00976132
18 4 12 4 9 4.09395e-13
18 4 12 5 10 0.0197654
18 4 12 6 6 3.93848e-13
18 4 12 10 12 5.43489e-14
18 4 13 4 4 0.00277128
18 4 13 9 6 1.52746e-24
18 4 13 13 12 1.18498e-24
18 5 7 8 12 0.000533589
18 5 7 12 11 1.48349e-13
18 5 9 13 11 1.84896e-13
18 5 10 4 12 0.00386857
18 5 10 7 12 0.00064078
18 5 10 13 6 1.23128e-23
18 5 11 9 9 1.65812e-23
18 5 12 4 6 1.4115e-12
18 5 12 4 9 5.03862e-13
18 5 12 8 9 1.43264e-13
18 5 12 11 12 0.000431977
18 6 4 7 4 0.00987903
18 6 4 7 6 2.1882e-13
18 6 4 9 6 4.20748e-24
18 6 4 10 12 0.000525207
18 6 4 12 4 0.000820549
18 6 4 12 6 1.53142e-14
18 6 4 13 9 9.04302e-15
18 6 8 11 11 0.00176836
18 6 8 13 13 1.31082e-13
18 6 9 5 6 5.39692e-13
18 6 9 10 13 0.00332277
18 6 10 9 11 7.3792e-14
18 6 10 12 5 0.00385187
18 6 11 4 6 1.01099e-12
18 6 11 8 8 3.98424e-13
18 6 11 11 4 0.00748301
18 6 11 13 12 7.06504e-05
18 7 7 5 13 0.0411526
18 7 9 7 4 0.00679872
18 7 9 8 10 0.0232297
18 7 9 9 9 8.2845e-24
18 7 11 13 4 0.000537284
18 7 11 13 12 1.58373e-14
18 7 12 5 10 0.0323713
18 7 12 11 5 0.0078243
18 8 4 10 8 0.00224553
18 8 4 12 4 0.00296545
18 8 8 4 10 0.0246347
18 8 8 6 11 0.0055319
18 8 8 13 11 3.17935e-13
18 8 9 5 12 0.0021714
18 8 9 10 13 0.0224774
18 8 9 11 11 0.00658042
18 8 10 7 9 2.24989e-13
18 8 10 8 13 0.026714
18 8 11 10 7 0.0368537
18 8 11 11 6 8.51572e-13
18 8 12 5 7 0.0280118
18 9 4 9 11 1.55774e-13
18 9 4 12 4 0.00164589
18 9 7 4 7 0.057536
18 9 7 9 9 1.23657e-23
18 9 8 10 7 0.00365368
18 9 8 13 11 2.01621e-13
18 9 9 5 11 0.0247337
18 9 9 7 9 4.75568e-13
18 9 9 9 7 6.4069e-13
18 9 9 13 13 9.11612e-13
18 9 10 7 10 0.00387149
18 9 10 13 6 1.07843e-23
18 9 10 13 8 4.30805e-14
18 9 11 6 10 0.0313232
18 9 11 9 4 1.1516e-12
18 9 11 11 8 0.00234225
18 9 11 13 10 0.00208396
18 9 13 4 4 0.0116716
18 9 13 11 5 0.00394182
18 9 13 12 4 0.00125733
18 9 13 13 9 2.65709e-24
18 10 4 10 7 8.05124e-14
18 10 4 12 5 0.000985463
18 10 7 8 11 0.000799372
18 10 7 9 8 5.78081e-14
18 10 7 10 4 0.00096243
18 10 7 10 9 3.69722e-14
18 10 7 12 5 1.65797e-13
18 10 8 8 4 0.00193943
18 10 8 13 8 8.41096e-14
18 10 9 10 7 6.58543e-14
18 10 9 11 6 7.1092e-14
18 10 9 11 13 0.00487098
18 10 12 4 12 1.15902e-13
18 10 12 5 6 2.35808e-13
18 10 12 6 4 0.000733851
18 10 12 12 13 0.00130942
18 11 9 4 9 2.73984e-12
18 11 9 8 13 0.0883877
18 11 9 9 5 2.67924e-12
18 11 11 4 6 2.36249e-12
18 11 11 6 8 0.00696589
18 11 11 8 9 6.67784e-13
18 11 12 5 12 0.00339759
18 11 12 8 13 0.0416217
18 11 13 4 7 0.0146579
18 11 13 10 9 5.92213e-14
18 11 13 12 4 0.00255067
18 11 13 12 6 8.28672e-14
18 11 13 12 7 0.00148732
18 12 4 6 4 0.0118462
18 12 4 6 5 0.055898
18 12 4 8 4 0.00892961
18 12 4 9 4 2.49823e-13
18 12 4 9 5 6.55651e-13
18 12 4 9 13 2.86503e-13
18 12 4 11 13 0.0049549
18 12 4 12 10 0.00055418
18 12 4 13 13 0.00135068
18 12 7 11 13 0.027901
18 12 8 9 5 5.21659e-13
18 12 8 13 11 1.06105e-13
18 12 10 12 4 0.0020462
18 12 11 5 7 0.0293513
18 12 11 12 5 0.0111138
18 12 12 13 10 0.00298927
18 12 13 10 12 2.84247e-14
18 13 4 4 4 0.0233221
18 13 4 4 9 4.46137e-13
18 13 4 7 11 0.00380683
18 13 7 7 5 0.031468
18 13 8 9 10 1.32724e-13
18 13 8 10 8 0.000453069
18 13 9 6 4 0.0123706
18 13 9 9 13 4.50692e-13
18 13 10 9 11 6.62238e-14
18 13 10 12 12 0.000146841
18 13 11 5 9 1.12309e-12
18 13 11 8 8 0.00299602
18 13 11 9 8 7.81928e-14
18 13 11 12 8 0.000336584
18 13 12 4 9 8.43769e-13
18 13 12 4 11 0.0199744
18 13 12 4 13 0.0429198
18 13 12 6 11 0.0104609
18 13 12 7 11 0.0104584
18 13 13 6 8 6.78531e-14
18 13 13 9 9 2.25945e-24
18 13 13 12 4 0.00153206
19 1 0 1 7 0.126137
19 1 0 1 9 0.107108
19 1 0 1 11 0.0281144
19 1 0 2 11 0.0186183
19 1 0 2 12 0.128487
19 1 0 3 9 0.0361199
19 1 0 3 12 0.0486481
19 1 0 3 13 0.03987
19 2 0 1 4 0.0661608
19 2 0 1 9 0.0517151
19 2 0 1 11 0.0809999
19 2 0 1 12 0.0548965
19 2 0 2 4 0.0635689
19 2 0 2 7 0.0426992
19 2 0 2 11 0.0277355
19 2 0 3 8 0.0379811
19 2 0 3 10 0.0411398
20 1 4 2 0 0.0283255
20 1 7 1 0 0.0217886
20 1 9 1 0 0.0697623
20 1 9 2 0 0.0313568
20 1 11 1 0 0.0285433
20 1 11 2 0 0.0632308
20 1 12 2 0 0.00501517
20 2 4 2 0 0.0129457
20 2 7 2 0 0.0308129
20 2 9 3 0 0.0447343
20 2 11 1 0 0.0195136
20 2 11 2 0 0.0223737
20 2 11 3 0 0.0542535
20 2 12 1 0 0.0364165
20 2 13 3 0 0.0606104
20 3 5 3 0 0.0609185
20 3 6 3 0 0.0200109
20 3 8 2 0 0.0191291
20 3 8 3 0 0.0660301
20 3 9 1 0 0.0343817
20 3 9 3 0 0.109222
20 3 10 2 0 4.86951e-14
20 3 12 1 0 0.00770897
20 3 12 3 0 0.0206022
20 3 13 1 0 0.0549009
20 3 13 3 0 0.0774125
21 4 4 4 13 1.52406e-15
21 4 4 9 13 1.16154e-15
21 4 4 13 4 4.79461e-16
21 4 6 4 7 1.75901e-15
21 4 6 4 12 3.49821e-15
21 4 6 5 12 8.11295e-15
21 4 6 6 11 3.76884e-15
21 4 6 11 11 3.32771e-15
21 4 7 4 6 0.00984664
21 4 7 6 6 0.0101642
21 4 7 9 7 0.00756842
21 4 7 11 13 0.0278942
21 4 8 4 12 3.71755e-15
21 4 9 4 12 2.39163e-15
21 4 9 5 12 2.91248e-15
21 4 9 6 6 4.63636e-16
21 4 9 11 9 2.21748e-15
21 4 9 13 4 4.09301e-16
21 4 9 13 12 2.2563e-15
21 4 10 7 10 3.86311e-16
21 4 10 8 8 3.08653e-15
21 4 10 12 6 3.73202e-16
21 4 11 4 11 6.71564e-15
21 4 11 13 12 2.55688e-15
21 4 12 4 6 4.79673e-16
21 4 12 4 8 2.4409e-15
21 4 12 4 9 2.39587e-15
21 4 12 5 10 7.33555e-16
21 4 12 6 6 4.52609e-16
21 4 12 10 12 2.98188e-15
21 4 13 4 4 9.8502e-16
21 4 13 9 6 3.9218e-16
21 4 13 13 12 3.80685e-15
21 5 6 6 9 1.10856e-14
21 5 6 10 12 7.25833e-15
21 5 7 8 12 0.0697429
21 5 7 12 11 0.0270203
21 5 9 13 11 3.82644e-15
21 5 10 4 12 6.39868e-15
21 5 10 7 12 3.022e-15
21 5 10 13 6 1.52874e-15
21 5 11 9 9 3.14074e-15
21 5 12 4 6 1.1445e-15
21 5 12 4 9 4.1609e-15
21 5 12 8 9 3.92062e-15
21 5 12 11 12 3.50612e-15
21 5 13 7 7 5.8844e-16
21 6 4 7 4 3.77577e-16
21 6 4 7 6 2.28288e-15
21 6 4 9 6 1.8732e-15
21 6 4 10 12 9.20015e-15
21 6 4 12 4 5.55847e-16
21 6 4 12 6 1.35335e-15
21 6 4 13 9 8.78439e-15
21 6 5 10 13 1.07888e-14
21 6 5 12 4 1.46544e-15
21 6 6 4 7 3.22346e-15
21 6 6 4 9 1.05395e-14
21 6 6 4 12 8.38633e-15
21 6 6 9 5 1.44092e-14
21 6 6 11 4 1.33919e-15
21 6 8 11 11 6.94435e-15
21 6 8 13 13 8.74803e-15
21 6 9 5 6 4.88732e-15
21 6 9 10 13 6.89739e-15
21 6 10 9 11 6.27919e-15
21 6 10 12 5 4.12464e-15
21 6 11 4 6 2.63848e-15
21 6 11 8 8 1.50081e-14
21 6 11 11 4 1.02378e-15
21 6 11 13 12 7.80782e-15
21 7 4 6 4 3.42525e-15
21 7 4 7 9 9.85183e-15
21 7 5 13 7 5.43878e-15
21 7 6 6 4 4.00069e-15
21 7 7 5 13 0.114107
21 7 8 11 10 3.43983e-15
21 7 8 12 5 4.04767e-15
21 7 9 7 4 1.17267e-15
21 7 9 8 10 4.73293e-15
21 7 9 9 9 1.22121e-14
21 7 10 4 10 6.69173e-15
21 7 10 9 10 3.11438e-15
21 7 11 13 4 2.54057e-15
21 7 11 13 12 1.06215e-14
21 7 12 5 10 4.25142e-15
21 7 12 11 5 7.87884e-15
21 8 4 10 8 9.98171e-15
21 8 4 12 4 5.33567e-16
21 8 6 11 8 1.3097e-14
21 8 8 4 10 3.3324e-15
21 8 8 6 11 5.93417e-15
21 8 8 13 11 5.13087e-15
21 8 9 5 12 4.2192e-15
21 8 9 10 13 4.33259e-15
21 8 9 11 11 3.95944e-15
21 8 10 7 9 8.97832e-15
21 8 10 8 13 7.90922e-15
21 8 11 10 7 1.23891e-15
21 8 11 11 6 2.26161e-15
21 8 12 5 7 2.48826e-15
21 8 13 8 10 4.24848e-15
21 8 13 11 8 1.20085e-14
21 8 13 11 9 1.02345e-14
21 8 13 11 12 6.52006e-15
21 8 13 13 6 3.80591e-15
21 9 4 9 11 2.71985e-15
21 9 4 12 4 4.66101e-16
21 9 5 6 6 4.69124e-15
21 9 5 11 9 8.80923e-15
21 9 5 12 4 6.85368e-16
21 9 5 12 8 4.24099e-15
21 9 6 4 13 3.11769e-15
21 9 6 6 4 1.13934e-15
21 9 7 4 7 0.0450331
21 9 7 9 9 0.0621172
21 9 8 10 7 2.6403e-15
21 9 8 13 11 5.56755e-15
21 9 9 5 11 4.8933e-15
21 9 9 7 9 4.19386e-15
21 9 9 9 7 1.01183e-15
21 9 9 13 13 4.17963e-15
21 9 10 7 10 1.12735e-15
21 9 10 13 6 3.46742e-15
21 9 10 13 8 1.00362e-14
21 9 11 6 10 2.11001e-15
21 9 11 9 4 5.63417e-16
21 9 11 11 8 8.59034e-15
21 9 11 13 10 1.35315e-15
21 9 13 4 4 1.39221e-15
21 9 13 11 5 4.79531e-15
21 9 13 12 4 4.92698e-16
21 9 13 13 9 1.03664e-14
21 10 4 10 7 5.69587e-15
21 10 4 12 5 2.29641e-15
21 10 7 8 11 0.160895
21 10 7 9 8 0.0851592
21 10 7 10 4 0.0412712
21 10 7 10 9 0.22734
21 10 7 12 5 0.0281683
21 10 8 8 4 4.13674e-15
21 10 8 13 8 1.31354e-14
21 10 9 10 7 4.52396e-15
21 10 9 11 6 1.6435e-15
21 10 9 11 13 3.67463e-15
21 10 12 4 12 7.21334e-15
21 10 12 5 6 1.98449e-15
21 10 12 6 4 2.48317e-15
21 10 12 12 13 2.16003e-15
21 10 13 6 5 6.00619e-15
21 10 13 6 9 1.59466e-14
21 10 13 8 9 1.78038e-14
21 11 4 6 6 2.37228e-15
21 11 4 6 11 2.48239e-15
21 11 4 11 4 1.17503e-15
21 11 5 7 12 3.9258e-15
21 11 5 9 13 3.65063e-15
21 11 6 8 11 4.41131e-15
21 11 6 10 9 1.38733e-14
21 11 8 8 6 3.66433e-15
21 11 8 8 13 5.71125e-15
21 11 8 9 11 2.93352e-15
21 11 9 4 9 6.92824e-15
21 11 9 8 13 4.28188e-15
21 11 9 9 5 4.48159e-15
21 11 10 7 8 8.10075e-15
21 11 11 4 6 2.26461e-15
21 11 11 6 8 1.3712e-14
21 11 11 8 9 1.29461e-14
21 11 12 5 12 4.80306e-15
21 11 12 8 13 4.21544e-15
21 11 13 4 7 1.4897e-15
21 11 13 10 9 1.20754e-14
21 11 13 12 4 3.11881e-16
21 11 13 12 6 1.30223e-15
21 11 13 12 7 4.32487e-16
21 12 4 6 4 1.46544e-15
21 12 4 6 5 5.95701e-15
21 12 4 8 4 1.87484e-15
21 12 4 9 4 7.83384e-16
21 12 4 9 5 2.52399e-15
21 12 4 9 13 2.24051e-15
21 12 4 11 13 2.70798e-15
21 12 4 12 10 5.50138e-16
21 12 4 13 13 4.40445e-15
21 12 5 6 10 2.15607e-15
21 12 5 7 8 5.5398e-15
21 12 5 10 4 1.74095e-15
21 12 5 10 7 3.19369e-15
21 12 5 12 11 3.77768e-15
21 12 6 4 10 1.69437e-15
21 12 6 6 4 1.41683e-15
21 12 6 11 13 3.24055e-15
21 12 7 11 13 0.0509225
21 12 8 9 5 2.42201e-15
21 12 8 13 11 8.14703e-15
21 12 10 12 4 8.07072e-16
21 12 11 5 7 3.23862e-15
21 12 11 12 5 1.21628e-15
21 12 12 13 10 1.05074e-15
21 12 13 10 12 1.0987e-14
21 13 4 4 4 2.73376e-15
21 13 4 4 9 1.07385e-14
21 13 4 7 11 4.40998e-15
21 13 6 5 10 4.05571e-15
21 13 6 8 13 7.88361e-15
21 13 6 9 10 1.86292e-15
21 13 7 7 5 0.0327502
21 13 8 9 10 1.80367e-15
21 13 8 10 8 1.76471e-14
21 13 9 6 4 1.67968e-15
21 13 9 9 13 3.56519e-15
21 13 10 9 11 8.81702e-15
21 13 10 12 12 5.68534e-15
21 13 11 5 9 1.17284e-14
21 13 11 8 8 1.23591e-14
21 13 11 9 8 7.71799e-15
21 13 11 12 8 5.38694e-15
21 13 12 4 9 9.64271e-15
21 13 12 4 11 8.10273e-15
21 13 12 4 13 4.45842e-15
21 13 12 6 11 6.92984e-15
21 13 12 7 11 3.3795e-15
21 13 13 6 8 1.39924e-14
21 13 13 9 9 1.07762e-14
21 13 13 12 4 1.35262e-15
30 1 4 2 0 0.0288419
30 1 7 1 0 0.033187
30 1 9 1 0 0.0661602
30 1 9 2 0 0.0411341
30 1 11 1 0 0.022277
30 1 11 2 0 0.0533425
30 1 12 2 0 0.0280733
30 2 4 2 0 0.0187528
30 2 7 2 0 0.020295
30 2 9 3 0 0.0358194
30 2 11 1 0 0.0170364
30 2 11 2 0 0.0181412
30 2 11 3 0 0.0326444
30 2 12 1 0 0.0483395
30 2 13 3 0 0.0221608
30 3 5 3 0 0.0490411
30 3 6 3 0 0.0395133
30 3 8 2 0 0.0372925
30 3 8 3 0 0.0930491
30 3 9 1 0 0.0361356
30 3 9 3 0 0.0984067
30 3 10 2 0 0.0483082
30 3 12 1 0 0.0253847
30 3 12 3 0 0.0427684
30 3 13 1 0 0.0169117
30 3 13 3 0 0.0269832
31 4 4 4 13 0.000533837
31 4 4 9 13 0.000290655
31 4 4 13 4 0.000491277
31 4 6 4 7 3.72487e-15
31 4 6 4 12 0.00337268
31 4 6 5 12 0.00773018
31 4 6 6 11 0.00556035
31 4 6 11 11 0.00611189
31 4 7 4 6 1.29442e-15
31 4 7 6 6 1.48841e-15
31 4 7 9 7 2.68186e-15
31 4 7 11 13 0.000798718
31 4 8 4 12 0.00147704
31 4 9 4 12 0.000335767
31 4 9 5 12 0.000428033
31 4 9 6 6 7.59387e-16
31 4 9 11 9 0.000481042
31 4 9 13 4 0.000114222
31 4 9 13 12 0.000287798
31 4 10 7 10 7.26235e-05
31 4 10 8 8 0.000801202
31 4 10 12 6 6.35897e-16
31 4 11 4 11 0.0101555
31 4 11 13 12 0.00209514
31 4 12 4 6 8.68513e-16
31 4 12 4 8 0.00195779
31 4 12 4 9 0.00432122
31 4 12 5 10 0.000637086
31 4 12 6 6 7.99786e-16
31 4 12 10 12 0.00307916
31 4 13 4 4 0.00130791
31 4 13 9 6 4.64025e-16
31 4 13 13 12 0.00243865
31 5 6 6 9 0.0326936
31 5 6 10 12 0.0104917
31 5 7 8 12 0.00601951
31 5 7 12 11 0.0016781
31 5 9 13 11 0.000609511
31 5 10 4 12 0.0043644
31 5 10 7 12 0.00215441
31 5 10 13 6 0.00265574
31 5 11 9 9 0.00723688
31 5 12 4 6 0.00677094
31 5 12 4 9 0.016052
31 5 12 8 9 0.0153838
31 5 12 11 12 0.0079965
31 5 13 7 7 6.93302e-16
31 6 4 7 4 5.30104e-16
31 6 4 7 6 1.19189e-15
31 6 4 9 6 7.96935e-16
31 6 4 10 12 0.000470686
31 6 4 12 4 8.17303e-16
31 6 4 12 6 7.77219e-16
31 6 4 13 9 0.000680554
31 6 5 10 13 7.5779e-15
31 6 5 12 4 2.15822e-15
31 6 6 4 7 4.41589e-15
31 6 6 4 9 0.00140059
31 6 6 4 12 0.000851478
31 6 6 9 5 0.00189694
31 6 6 11 4 2.16573e-15
31 6 8 11 11 1.15239e-14
31 6 8 13 13 0.00052799
31 6 9 5 6 3.87078e-15
31 6 9 10 13 0.000119835
31 6 10 9 11 6.04648e-15
31 6 10 12 5 0.00051544
31 6 11 4 6 1.59597e-15
31 6 11 8 8 0.00288175
31 6 11 11 4 1.87704e-15
31 6 11 13 12 0.000818987
31 7 4 6 4 2.55168e-15
31 7 4 7 9 0.00458777
31 7 5 13 7 3.98306e-15
31 7 6 6 4 3.2147e-15
31 7 7 5 13 5.27941e-15
31 7 8 11 10 0.00252267
31 7 8 12 5 4.01052e-15
31 7 9 7 4 6.8384e-16
31 7 9 8 10 0.000965547
31 7 9 9 9 0.00104672
31 7 10 4 10 0.00430649
31 7 10 9 10 0.00160169
31 7 11 13 4 2.05506e-15
31 7 11 13 12 0.00862914
31 7 12 5 10 0.00909019
31 7 12 11 5 5.04358e-15
31 8 4 10 8 0.00536523
31 8 4 12 4 0.00334228
31 8 6 11 8 0.0174241
31 8 8 4 10 0.00149609
31 8 8 6 11 0.0261029
31 8 8 13 11 0.0255243
31 8 9 5 12 0.00314293
31 8 9 10 13 0.0016166
31 8 9 11 11 0.00827469
31 8 10 7 9 0.0126569
31 8 10 8 13 0.00909371
31 8 11 10 7 0.00685201
31 8 11 11 6 0.00307525
31 8 12 5 7 0.0272245
31 8 13 8 10 0.00346321
31 8 13 11 8 0.0120558
31 8 13 11 9 0.0372581
31 8 13 11 12 0.0230021
31 8 13 13 6 0.00366701
31 9 4 9 11 0.00419035
31 9 4 12 4 0.000926301
31 9 5 6 6 5.03712e-15
31 9 5 11 9 1.09527e-14
31 9 5 12 4 1.01837e-15
31 9 5 12 8 4.32065e-15
31 9 6 4 13 0.0103119
31 9 6 6 4 0.00431619
31 9 7 4 7 0.00447909
31 9 7 9 9 0.00528362
31 9 8 10 7 0.00231016
31 9 8 13 11 0.00882255
31 9 9 5 11 0.00264978
31 9 9 7 9 0.00121522
31 9 9 9 7 0.000169842
31 9 9 13 13 0.00222328
31 9 10 7 10 0.00134644
31 9 10 13 6 0.00514727
31 9 10 13 8 0.0136903
31 9 11 6 10 0.00678046
31 9 11 9 4 0.00168452
31 9 11 11 8 0.0280286
31 9 11 13 10 0.00510966
31 9 13 4 4 0.00391332
31 9 13 11 5 0.0140979
31 9 13 12 4 0.00139169
31 9 13 13 9 0.0267564
31 10 4 10 7 0.011039
31 10 4 12 5 0.00539061
31 10 7 8 11 0.0337766
31 10 7 9 8 0.0112003
31 10 7 10 4 0.0049635
31 10 7 10 9 0.00420877
31 10 7 12 5 0.0063331
31 10 8 8 4 0.00601366
31 10 8 13 8 0.0219584
31 10 9 10 7 0.000539092
31 10 9 11 6 0.000954204
31 10 9 11 13 0.00226296
31 10 12 4 12 0.036763
31 10 12 5 6 0.0112595
31 10 12 6 4 0.0131387
31 10 12 12 13 0.0122119
31 10 13 6 5 0.0163248
31 10 13 6 9 0.0329917
31 10 13 8 9 0.0372812
31 11 4 6 6 0.00129247
31 11 4 6 11 0.00128515
31 11 4 11 4 0.000916903
31 11 5 7 12 3.6908e-15
31 11 5 9 13 2.45677e-15
31 11 6 8 11 0.0044878
31 11 6 10 9 0.0138525
31 11 8 8 6 0.00171574
31 11 8 8 13 0.00177657
31 11 8 9 11 0.000980502
31 11 9 4 9 0.00100785
31 11 9 8 13 0.00042502
31 11 9 9 5 0.000456194
31 11 10 7 8 0.00305917
31 11 11 4 6 0.00202193
31 11 11 6 8 0.011919
31 11 11 8 9 0.0123636
31 11 12 5 12 0.00653531
31 11 12 8 13 0.00372128
31 11 13 4 7 0.000740779
31 11 13 10 9 0.00889615
31 11 13 12 4 0.000282101
31 11 13 12 6 0.000953251
31 11 13 12 7 0.000127507
31 12 4 6 4 0.000929639
31 12 4 6 5 0.00209184
31 12 4 8 4 0.00110578
31 12 4 9 4 0.000434726
31 12 4 9 5 0.000550492
31 12 4 9 13 0.00159488
31 12 4 11 13 0.00304328
31 12 4 12 10 0.000843515
31 12 4 13 13 0.00446999
31 12 5 6 10 2.06003e-15
31 12 5 7 8 4.79183e-15
31 12 5 10 4 7.27922e-16
31 12 5 10 7 1.81454e-15
31 12 5 12 11 1.71899e-15
31 12 6 4 10 0.00526124
31 12 6 6 4 0.00188564
31 12 6 11 13 0.00703069
31 12 7 11 13 0.00400246
31 12 8 9 5 0.000436914
31 12 8 13 11 0.00323165
31 12 10 12 4 0.00043632
31 12 11 5 7 1.67114e-15
31 12 11 12 5 0.000946866
31 12 12 13 10 0.00481133
31 12 13 10 12 0.0120813
31 13 4 4 4 2.72848e-15
31 13 4 4 9 8.65906e-15
31 13 4 7 11 3.30065e-15
31 13 6 5 10 3.28029e-15
31 13 6 8 13 5.59515e-15
31 13 6 9 10 1.16036e-15
31 13 7 7 5 3.59507e-15
31 13 8 9 10 1.03387e-15
31 13 8 10 8 1.18189e-14
31 13 9 6 4 1.54303e-15
31 13 9 9 13 2.01251e-15
31 13 10 9 11 6.14923e-15
31 13 10 12 12 4.47445e-15
31 13 11 5 9 1.16017e-14
31 13 11 8 8 1.03274e-14
31 13 11 9 8 4.27762e-15
31 13 11 12 8 3.91175e-15
31 13 12 4 9 7.66665e-15
31 13 12 4 11 7.3718e-15
31 13 12 4 13 3.27142e-15
31 13 12 6 11 5.91938e-15
31 13 12 7 11 2.71621e-15
31 13 13 6 8 8.68138e-15
31 13 13 9 9 7.07416e-15
31 13 13 12 4 1.27944e-15
22 9 4 4 7 1
23 4 4 13 4 0.0135277
23 4 9 13 4 0.00946337
23 4 13 4 4 0.0208841
23 6 4 7 4 0.06564
23 6 4 12 4 0.0431102
23 6 5 12 4 0.0798071
23 6 6 11 4 0.0497301
23 6 11 11 4 0.032835
23 7 4 6 4 0.0361157
23 7 6 6 4 0.0424743
23 7 9 7 4 0.029776
23 7 11 13 4 0.0195768
23 8 4 12 4 0.0226247
23 9 4 12 4 0.0195946
23 9 5 12 4 0.0192956
23 9 6 6 4 0.0334747
23 9 11 9 4 0.0213668
23 9 13 4 4 0.026423
23 9 13 12 4 0.0125384
23 10 7 10 4 0.0336142
23 10 8 8 4 0.0323147
23 10 12 6 4 0.0218791
23 11 4 11 4 0.0549209
23 11 13 12 4 0.0148391
23 12 4 6 4 0.0359255
23 12 4 8 4 0.0269862
23 12 4 9 4 0.0377118
23 12 5 10 4 0.0201409
23 12 6 6 4 0.0366315
23 12 10 12 4 0.0141644
23 13 4 4 4 0.0341836
23 13 9 6 4 0.0208185
23 13 13 12 4 0.0176115
32 4 4 4 13 0.0872155
32 4 4 9 13 0.105682
32 4 4 13 4 0.0291097
32 4 6 4 7 0.0513627
32 4 6 4 12 0.0269474
32 4 6 5 12 0.0430222
32 4 6 6 11 0.0341978
32 4 6 11 11 0.0303024
32 4 7 4 6 0.0138012
32 4 7 6 6 0.0200841
32 4 7 9 7 0.0313809
32 4 7 11 13 0.0461323
32 4 8 4 12 0.0217604
32 4 9 4 12 0.00837459
32 4 9 5 12 0.00913921
32 4 9 6 6 0.0189186
32 4 9 11 9 0.0172284
32 4 9 13 4 0.0075008
32 4 9 13 12 0.00913183
32 4 10 7 10 0.0431539
32 4 10 8 8 0.0840591
32 4 10 12 6 0.034042
32 4 11 4 11 0.0460989
32 4 11 13 12 0.0231686
32 4 12 4 6 0.0101736
32 4 12 4 8 0.0208362
32 4 12 4 9 0.0120976
32 4 12 5 10 0.0187482
32 4 12 6 6 0.0111338
32 4 12 10 12 0.00949156
32 4 13 4 4 0.0192573
32 4 13 9 6 0.0265269
32 4 13 13 12 0.02992
33 4 4 4 13 0.000184357
33 4 4 9 13 0.000735294
33 4 6 4 7 0.00215286
33 4 6 4 12 0.000964855
33 4 6 5 12 0.00473563
33 4 6 6 11 0.00242739
33 4 6 11 11 0.00094805
33 4 7 4 6 0.00169437
33 4 7 6 6 0.011539
33 4 7 9 7 0.0103812
33 4 7 11 13 0.00182294
33 4 8 4 12 0.00125279
33 4 9 4 12 0.000904662
33 4 9 5 12 0.00253407
33 4 9 6 6 0.0067057
33 4 9 11 9 0.00115334
33 4 9 13 12 0.00320854
33 4 10 7 10 0.00385742
33 4 10 8 8 0.000300136
33 4 10 12 6 0.00409045
33 4 11 4 11 0.000515525
33 4 11 13 12 0.00309111
33 4 12 4 6 0.00107204
33 4 12 4 9 0.000656071
33 4 12 5 10 0.00136955
33 4 12 6 6 0.00517746
33 4 12 10 12 0.000203464
33 4 13 9 6 0.00356396
33 4 13 13 12 0.00424842
33 6 4 7 4 0.00940409
33 6 4 7 6 0.018291
33 6 4 9 6 0.0177324
33 6 4 10 12 0.00117994
33 6 4 12 4 0.0145947
33 6 4 12 6 0.014676
33 6 4 13 9 0.0110013
33 6 5 10 13 0.00203127
33 6 5 12 4 0.0375908
33 6 6 4 7 0.009444
33 6 6 4 9 0.00369823
33 6 6 4 12 0.00387014
33 6 6 11 4 0.0101027
33 6 8 11 11 0.00617302
33 6 8 13 13 0.0092825
33 6 9 5 6 0.0182771
33 6 9 10 13 0.00113213
33 6 10 9 11 0.0113714
33 6 11 4 6 0.00507019
33 6 11 8 8 0.00149341
33 6 11 11 4 0.0075809
33 6 11 13 12 0.013322
33 7 4 6 4 0.00344012
33 7 4 7 9 0.00545581
33 7 5 13 7 0.0168662
33 7 6 6 4 0.0108499
33 7 7 5 13 0.00186731
33 7 8 11 10 0.00857605
33 7 9 7 4 0.0028964
33 7 9 8 10 0.00448744
33 7 9 9 9 0.00582431
33 7 10 4 10 0.00646485
33 7 10 9 10 0.0127872
33 7 11 13 4 0.00504925
33 7 11 13 12 0.00728285
33 7 12 5 10 0.00356835
33 8 4 12 4 0.00398874
33 8 6 11 8 0.000548302
33 8 8 4 10 0.000204281
33 8 8 6 11 0.0054265
33 8 8 13 11 0.00286714
33 8 9 5 12 0.00311681
33 8 9 10 13 0.000523561
33 8 9 11 11 0.00227089
33 8 10 7 9 0.00556675
33 8 10 8 13 0.00199647
33 8 11 10 7 0.00222045
33 8 11 11 6 0.00444845
33 8 12 5 7 0.00367417
33 8 13 8 10 0.00313293
33 8 13 11 8 0.000427784
33 8 13 11 9 0.00363498
33 8 13 11 12 0.00324961
33 8 13 13 6 0.0120032
33 9 4 9 11 0.000753816
33 9 4 12 4 0.0010932
33 9 5 6 6 0.0148844
33 9 5 11 9 0.00148512
33 9 5 12 4 0.00297268
33 9 5 12 8 0.000429267
33 9 6 4 13 0.000320025
33 9 6 6 4 0.0026259
33 9 7 4 7 0.00171971
33 9 7 9 9 0.00181096
33 9 8 10 7 0.00168443
33 9 8 13 11 0.00103815
33 9 9 5 11 0.000572367
33 9 9 7 9 0.00108955
33 9 9 9 7 0.00449267
33 9 9 13 13 0.00104514
33 9 10 7 10 0.00335706
33 9 10 13 6 0.00512894
33 9 10 13 8 0.000563237
33 9 11 6 10 0.00368206
33 9 11 9 4 0.000709
33 9 11 11 8 0.000308093
33 9 11 13 10 0.00294674
33 9 13 4 4 0.000410324
33 9 13 12 4 0.00193438
33 9 13 13 9 0.00202138
33 10 4 10 7 0.00291554
33 10 7 8 11 0.00166179
33 10 7 9 8 0.0026983
33 10 7 10 4 0.000716516
33 10 7 10 9 0.00118387
33 10 8 8 4 0.00147989
33 10 8 13 8 0.00153799
33 10 9 10 7 0.00287503
33 10 9 11 6 0.00426221
33 10 9 11 13 0.00189182
33 10 12 4 12 0.00206589
33 10 12 5 6 0.00688962
33 10 12 6 4 0.00785245
33 10 12 12 13 0.00575893
33 10 13 6 9 0.00784196
33 10 13 8 9 0.00212331
33 11 4 6 6 0.0131451
33 11 4 6 11 0.00490667
33 11 4 11 4 0.0097141
33 11 5 7 12 0.0131104
33 11 5 9 13 0.00556902
33 11 6 8 11 0.00251206
33 11 6 10 9 0.00164822
33 11 8 8 6 0.00561068
33 11 8 8 13 0.00275963
33 11 8 9 11 0.00454465
33 11 9 4 9 0.0018836
33 11 9 8 13 0.00207511
33 11 10 7 8 0.0018978
33 11 11 4 6 0.00231158
33 11 11 6 8 0.00419969
33 11 11 8 9 0.00469885
33 11 12 5 12 0.00687915
33 11 12 8 13 0.00215662
33 11 13 4 7 0.00468728
33 11 13 10 9 0.00126943
33 11 13 12 4 0.00853317
33 11 13 12 6 0.00925867
33 11 13 12 7 0.0241145
33 12 4 6 4 0.0198258
33 12 4 8 4 0.00563797
33 12 4 9 4 0.0119431
33 12 4 9 13 0.00696747
33 12 4 11 13 0.00631814
33 12 4 12 10 0.023273
33 12 4 13 13 0.00568317
33 12 5 6 10 0.0452432
33 12 5 7 8 0.00368425
33 12 5 10 4 0.00439006
33 12 5 10 7 0.0141088
33 12 5 12 11 0.0078073
33 12 6 4 10 0.00758202
33 12 6 6 4 0.0166191
33 12 6 11 13 0.00523295
33 12 7 11 13 0.00717473
33 12 8 13 11 0.00683623
33 12 10 12 4 0.014291
33 12 11 5 7 0.0100617
33 12 12 13 10 0.0192213
33 12 13 10 12 0.00168439
33 13 4 4 4 0.000295773
33 13 4 4 9 0.00099109
33 13 4 7 11 0.000741592
33 13 6 5 10 0.00220207
33 13 6 8 13 0.00110619
33 13 6 9 10 0.00483893
33 13 8 9 10 0.00446064
33 13 8 10 8 5.7721e-05
33 13 9 6 4 0.00246954
33 13 9 9 13 0.00170423
33 13 10 9 11 0.00256274
33 13 10 12 12 0.00557626
33 13 11 5 9 0.000927286
33 13 11 8 8 0.000361894
33 13 11 9 8 0.000877404
33 13 11 12 8 0.000593966
33 13 12 4 9 0.000685606
33 13 12 4 11 0.000328718
33 13 12 4 13 0.00036515
33 13 12 6 11 0.00219266
33 13 12 7 11 0.000808781
33 13 13 6 8 0.00178119
33 13 13 9 9 0.0036425
33 13 13 12 4 0.00299591
24 4 4 4 13 0.00225311
24 4 4 9 13 0.00207983
24 4 4 13 4 0.00719075
24 4 6 4 7 0.00246794
24 4 6 4 12 0.000543618
24 4 6 5 12 0.000859092
24 4 6 6 11 0.0039527
24 4 6 11 11 0.00199079
24 4 7 4 6 0.00165465
24 4 7 6 6 0.00690622
24 4 7 9 7 0.000644225
24 4 7 11 13 0.0018666
24 4 8 4 12 0.000308511
24 4 9 4 12 0.000275122
24 4 9 5 12 0.00026852
24 4 9 6 6 0.00521482
24 4 9 11 9 0.000530175
24 4 9 13 4 0.00550957
24 4 9 13 12 0.000495747
24 4 10 7 10 0.000627747
24 4 10 8 8 0.000636405
24 4 10 12 6 0.00242713
24 4 11 4 11 0.00457276
24 4 11 13 12 0.000832325
24 4 12 4 6 0.00134521
24 4 12 4 8 0.000476162
24 4 12 4 9 0.000523939
24 4 12 5 10 0.000290733
24 4 12 6 6 0.00382641
24 4 12 10 12 0.000399324
24 4 13 4 4 0.008804
24 4 13 9 6 0.00423764
24 4 13 13 12 0.00123831
24 5 6 6 9 0.00357344
24 5 6 10 12 0.0010516
24 5 7 8 12 0.000539831
24 5 7 12 11 0.00141825
24 5 9 13 11 0.00140313
24 5 10 4 12 0.000351464
24 5 10 7 12 0.000663267
24 5 10 13 6 0.00362423
24 5 11 9 9 0.00087908
24 5 12 4 6 0.00195579
24 5 12 4 9 0.00043247
24 5 12 8 9 0.000369101
24 5 12 11 12 0.000211204
24 5 13 7 7 0.000519265
24 6 4 7 4 0.0206212
24 6 4 7 6 0.0100139
24 6 4 9 6 0.0110642
24 6 4 10 12 0.00200078
24 6 4 12 4 0.0163768
24 6 4 12 6 0.00878667
24 6 4 13 9 0.00399059
24 6 5 10 13 0.0123439
24 6 5 12 4 0.0267318
24 6 6 4 7 0.00760258
24 6 6 4 9 0.00375246
24 6 6 4 12 0.001415
24 6 6 9 5 0.0208568
24 6 6 11 4 0.0179718
24 6 8 11 11 0.00276658
24 6 8 13 13 0.00452284
24 6 9 5 6 0.00785626
24 6 9 10 13 0.00668886
24 6 10 9 11 0.00519286
24 6 10 12 5 0.00891285
24 6 11 4 6 0.00756739
24 6 11 8 8 0.00368528
24 6 11 11 4 0.0130692
24 6 11 13 12 0.00196687
24 7 4 6 4 0.0155361
24 7 4 7 9 0.00165482
24 7 5 13 7 0.000944589
24 7 6 6 4 0.0176767
24 7 7 5 13 0.0017509
24 7 8 11 10 0.000264169
24 7 8 12 5 0.00354778
24 7 9 7 4 0.00548132
24 7 9 8 10 0.00036239
24 7 9 9 9 0.000707622
24 7 10 4 10 0.000666566
24 7 10 9 10 0.000473496
24 7 11 13 4 0.0107177
24 7 11 13 12 0.000974607
24 7 12 5 10 0.00040178
24 7 12 11 5 0.00215842
24 8 4 10 8 0.00112462
24 8 4 12 4 0.0122285
24 8 6 11 8 0.00188299
24 8 8 4 10 0.00036437
24 8 8 6 11 0.00529279
24 8 8 13 11 0.00329462
24 8 9 5 12 0.000398687
24 8 9 10 13 0.00423457
24 8 9 11 11 0.0021456
24 8 10 7 9 0.00316451
24 8 10 8 13 0.00615982
24 8 11 10 7 0.001976
24 8 11 11 6 0.00567939
24 8 12 5 7 0.00207916
24 8 13 8 10 0.00118344
24 8 13 11 8 0.00216066
24 8 13 11 9 0.00311817
24 8 13 11 12 0.00167937
24 8 13 13 6 0.0141192
24 9 4 9 11 0.00245116
24 9 4 12 4 0.00781711
24 9 5 6 6 0.0217308
24 9 5 11 9 0.00106261
24 9 5 12 4 0.00639984
24 9 5 12 8 0.000980645
24 9 6 4 13 0.00432342
24 9 6 6 4 0.0144818
24 9 7 4 7 0.00170663
24 9 7 9 9 0.00123752
24 9 8 10 7 0.000808428
24 9 8 13 11 0.00227025
24 9 9 5 11 0.00116067
24 9 9 7 9 0.00108172
24 9 9 9 7 0.000395965
24 9 9 13 13 0.00268955
24 9 10 7 10 0.000947277
24 9 10 13 6 0.00678954
24 9 10 13 8 0.00212728
24 9 11 6 10 0.00228554
24 9 11 9 4 0.00742006
24 9 11 11 8 0.00102639
24 9 11 13 10 0.00059709
24 9 13 4 4 0.010753
24 9 13 11 5 0.00573976
24 9 13 12 4 0.0103176
24 9 13 13 9 0.00424303
24 10 4 10 7 0.00139786
24 10 4 12 5 0.00580365
24 10 7 8 11 0.00202311
24 10 7 9 8 0.00132862
24 10 7 10 4 0.0073818
24 10 7 10 9 0.00127284
24 10 7 12 5 0.00453247
24 10 8 8 4 0.00366931
24 10 8 13 8 0.00120055
24 10 9 10 7 0.000927194
24 10 9 11 6 0.00250898
24 10 9 11 13 0.00197668
24 10 12 4 12 0.000235431
24 10 12 5 6 0.00171495
24 10 12 6 4 0.00673698
24 10 12 12 13 0.00134307
24 10 13 6 5 0.0235189
24 10 13 6 9 0.00516209
24 10 13 8 9 0.00276867
24 11 4 6 6 0.0159383
24 11 4 6 11 0.00756217
24 11 4 11 4 0.0207871
24 11 5 7 12 0.00101327
24 11 5 9 13 0.00385311
24 11 6 8 11 0.0059058
24 11 6 10 9 0.00421031
24 11 8 8 6 0.00439666
24 11 8 8 13 0.00296065
24 11 8 9 11 0.00269566
24 11 9 4 9 0.0010397
24 11 9 8 13 0.00327596
24 11 9 9 5 0.00357436
24 11 10 7 8 0.00144474
24 11 11 4 6 0.00478036
24 11 11 6 8 0.00279293
24 11 11 8 9 0.00300943
24 11 12 5 12 0.000440958
24 11 12 8 13 0.00258359
24 11 13 4 7 0.00528778
24 11 13 10 9 0.00432524
24 11 13 12 4 0.0146866
24 11 13 12 6 0.0081716
24 11 13 12 7 0.00158514
24 12 4 6 4 0.0159123
24 12 4 6 5 0.0230832
24 12 4 8 4 0.00734277
24 12 4 9 4 0.00763276
24 12 4 9 5 0.00460024
24 12 4 9 13 0.00300764
24 12 4 11 13 0.00281971
24 12 4 12 10 0.000548872
24 12 4 13 13 0.00342995
24 12 5 6 10 0.00161658
24 12 5 7 8 0.00155514
24 12 5 10 4 0.0100989
24 12 5 10 7 0.0013749
24 12 5 12 11 0.00210309
24 12 6 4 10 0.000799184
24 12 6 6 4 0.0163554
24 12 6 11 13 0.00337997
24 12 7 11 13 0.00225968
24 12 8 9 5 0.00221073
24 12 8 13 11 0.00212267
24 12 10 12 4 0.00546824
24 12 11 5 7 0.00389702
24 12 11 12 5 0.00501333
24 12 12 13 10 0.000300739
24 12 13 10 12 0.0026646
24 13 4 4 4 0.00820499
24 13 4 4 9 0.00166493
24 13 4 7 11 0.0039714
24 13 6 5 10 0.00126161
24 13 6 8 13 0.00638746
24 13 6 9 10 0.000752526
24 13 7 7 5 0.00569075
24 13 8 9 10 0.000420148
24 13 8 10 8 0.000696041
24 13 9 6 4 0.0132788
24 13 9 9 13 0.00317831
24 13 10 9 11 0.00287152
24 13 10 12 12 0.00105174
24 13 11 5 9 0.00159525
24 13 11 8 8 0.0022171
24 13 11 9 8 0.00191193
24 13 11 12 8 0.00176666
24 13 12 4 9 0.000796484
24 13 12 4 11 0.0014483
24 13 12 4 13 0.00292662
24 13 12 6 11 0.00291554
24 13 12 7 11 0.00224697
24 13 13 6 8 0.00330101
24 13 13 9 9 0.00389227
24 13 13 12 4 0.0176794
25 4 4 4 13 0.00250617
25 4 4 9 13 0.00230801
25 4 4 13 4 0.00560086
25 4 6 4 7 0.00181863
25 4 6 4 12 0.00133842
25 4 6 5 12 0.001694
25 4 6 6 11 0.00269527
25 4 6 11 11 0.00132304
25 4 7 4 6 0.00672215
25 4 7 6 6 0.00604595
25 4 7 9 7 0.0028334
25 4 7 11 13 0.00326202
25 4 8 4 12 0.0021992
25 4 9 4 12 0.00368837
25 4 9 5 12 0.00255155
25 4 9 6 6 0.0116475
25 4 9 11 9 0.00438984
25 4 9 13 4 0.0163252
25 4 9 13 12 0.00367669
25 4 10 7 10 0.00282222
25 4 10 8 8 0.00212865
25 4 10 12 6 0.0016677
25 4 11 4 11 4.64418e-15
25 4 11 13 12 1.30995e-15
25 4 12 4 6 0.00365434
25 4 12 4 8 0.00300721
25 4 12 4 9 0.00246444
25 4 12 5 10 0.00153939
25 4 12 6 6 0.00447999
25 4 12 10 12 0.00158368
25 4 13 4 4 4.89564e-15
25 4 13 9 6 3.06309e-15
25 4 13 13 12 1.71638e-15
25 5 6 6 9 0.00328094
25 5 6 10 12 0.00110176
25 5 7 8 12 0.00109738
25 5 7 12 11 0.00163924
25 5 9 13 11 0.00273443
25 5 10 4 12 0.00124802
25 5 10 7 12 0.00144578
25 5 10 13 6 0.00265527
25 5 11 9 9 1.06169e-15
25 5 12 4 6 0.00349802
25 5 12 4 9 0.00140547
25 5 12 8 9 0.00118678
25 5 12 11 12 0.000796128
25 5 13 7 7 1.0584e-15
25 6 4 7 4 0.0108479
25 6 4 7 6 0.00882568
25 6 4 9 6 0.00681023
25 6 4 10 12 0.00159579
25 6 4 12 4 0.0127006
25 6 4 12 6 0.00897273
25 6 4 13 9 0.00379879
25 6 5 10 13 0.00845339
25 6 5 12 4 0.0393529
25 6 6 4 7 0.00391212
25 6 6 4 9 0.00470612
25 6 6 4 12 0.00244106
25 6 6 9 5 0.0205611
25 6 6 11 4 0.0115472
25 6 8 11 11 0.00507589
25 6 8 13 13 0.0100644
25 6 9 5 6 0.0232617
25 6 9 10 13 0.0182913
25 6 10 9 11 0.00485978
25 6 10 12 5 0.006703
25 6 11 4 6 8.20333e-15
25 6 11 8 8 5.10689e-15
25 6 11 11 4 9.4477e-15
25 6 11 13 12 2.56412e-15
25 7 4 6 4 0.00419991
25 7 4 7 9 0.00225642
25 7 5 13 7 0.0027043
25 7 6 6 4 0.00499991
25 7 7 5 13 0.00300963
25 7 8 11 10 0.00196608
25 7 8 12 5 0.00444527
25 7 9 7 4 0.0135591
25 7 9 8 10 0.00668876
25 7 9 9 9 0.00511997
25 7 10 4 10 0.00283946
25 7 10 9 10 0.0021011
25 7 11 13 4 4.84496e-15
25 7 11 13 12 1.31898e-15
25 7 12 5 10 0.00135543
25 7 12 11 5 0.00255051
25 8 4 10 8 0.00264848
25 8 4 12 4 0.00892051
25 8 6 11 8 0.00310261
25 8 8 4 10 0.00407347
25 8 8 6 11 0.00817169
25 8 8 13 11 0.00566211
25 8 9 5 12 0.00295887
25 8 9 10 13 0.00991382
25 8 9 11 11 0.00648819
25 8 10 7 9 0.00537417
25 8 10 8 13 0.00520442
25 8 11 10 7 3.05847e-15
25 8 11 11 6 5.00335e-15
25 8 12 5 7 0.0023558
25 8 13 8 10 3.50036e-15
25 8 13 11 8 2.99647e-15
25 8 13 11 9 3.03147e-15
25 8 13 11 12 1.67676e-15
25 8 13 13 6 7.18514e-15
25 9 4 9 11 0.00183607
25 9 4 12 4 0.00652212
25 9 5 6 6 0.0246435
25 9 5 11 9 0.00447794
25 9 5 12 4 0.0102986
25 9 5 12 8 0.00386036
25 9 6 4 13 0.00251056
25 9 6 6 4 0.00701969
25 9 7 4 7 0.00458581
25 9 7 9 9 0.00332521
25 9 8 10 7 0.00315027
25 9 8 13 11 0.00459819
25 9 9 5 11 0.00383857
25 9 9 7 9 0.00877397
25 9 9 9 7 0.00772203
25 9 9 13 13 0.0101578
25 9 10 7 10 0.00312721
25 9 10 13 6 0.00579567
25 9 10 13 8 0.00348051
25 9 11 6 10 2.99138e-15
25 9 11 9 4 5.44441e-15
25 9 11 11 8 2.99919e-15
25 9 11 13 10 3.24001e-15
25 9 13 4 4 6.47387e-15
25 9 13 11 5 3.65228e-15
25 9 13 12 4 5.00827e-15
25 9 13 13 9 3.17201e-15
25 10 4 10 7 0.0026137
25 10 4 12 5 0.00398192
25 10 7 8 11 0.00223965
25 10 7 9 8 0.00480377
25 10 7 10 4 0.00868586
25 10 7 10 9 0.00468779
25 10 7 12 5 0.00654401
25 10 8 8 4 0.00466637
25 10 8 13 8 0.00623112
25 10 9 10 7 0.00714827
25 10 9 11 6 0.0100853
25 10 9 11 13 0.00914079
25 10 12 4 12 0.00191232
25 10 12 5 6 0.0020451
25 10 12 6 4 0.00621981
25 10 12 12 13 0.00527995
25 10 13 6 5 5.32089e-15
25 10 13 6 9 3.61363e-15
25 10 13 8 9 2.70167e-15
25 11 4 6 6 0.00614329
25 11 4 6 11 0.00308585
25 11 4 11 4 0.0116374
25 11 5 7 12 0.00459856
25 11 5 9 13 0.00821777
25 11 6 8 11 0.00362388
25 11 6 10 9 0.00424576
25 11 8 8 6 0.006501
25 11 8 8 13 0.00576585
25 11 8 9 11 0.00520615
25 11 9 4 9 0.00965651
25 11 9 8 13 0.0125592
25 11 9 9 5 0.0183165
25 11 10 7 8 0.00385588
25 11 11 4 6 6.2582e-15
25 11 11 6 8 5.3572e-15
25 11 11 8 9 4.36131e-15
25 11 12 5 12 0.00103842
25 11 12 8 13 0.00485377
25 11 13 4 7 4.54217e-15
25 11 13 10 9 4.58009e-15
25 11 13 12 4 6.99453e-15
25 11 13 12 6 4.83703e-15
25 11 13 12 7 2.77232e-15
25 12 4 6 4 0.00671117
25 12 4 6 5 0.0104064
25 12 4 8 4 0.00445004
25 12 4 9 4 0.0059449
25 12 4 9 5 0.00387251
25 12 4 9 13 0.00235817
25 12 4 11 13 0.00182853
25 12 4 12 10 0.00242475
25 12 4 13 13 0.00273196
25 12 5 6 10 0.0076307
25 12 5 7 8 0.00553126
25 12 5 10 4 0.0147951
25 12 5 10 7 0.00336977
25 12 5 12 11 0.00383186
25 12 6 4 10 0.0020056
25 12 6 6 4 0.00686936
25 12 6 11 13 0.00234674
25 12 7 11 13 0.00322804
25 12 8 9 5 0.00591044
25 12 8 13 11 0.00480287
25 12 10 12 4 0.00274328
25 12 11 5 7 2.02296e-15
25 12 11 12 5 3.84632e-15
25 12 12 13 10 0.00427144
25 12 13 10 12 1.85226e-15
25 13 4 4 4 0.00730206
25 13 4 4 9 0.00359406
25 13 4 7 11 0.00349285
25 13 6 5 10 0.00219189
25 13 6 8 13 0.00587488
25 13 6 9 10 0.00346817
25 13 7 7 5 0.00851745
25 13 8 9 10 0.00509502
25 13 8 10 8 0.00516291
25 13 9 6 4 0.0269781
25 13 9 9 13 0.0155321
25 13 10 9 11 0.00363748
25 13 10 12 12 0.00119334
25 13 11 5 9 3.0891e-15
25 13 11 8 8 3.4855e-15
25 13 11 9 8 4.45242e-15
25 13 11 12 8 3.75368e-15
25 13 12 4 9 0.00391615
25 13 12 4 11 0.00305686
25 13 12 4 13 0.0057576
25 13 12 6 11 0.00450841
25 13 12 7 11 0.00382536
25 13 13 6 8 6.6238e-15
25 13 13 9 9 4.23403e-15
25 13 13 12 4 9.00018e-15
34 4 4 4 13 0.002349
34 4 4 9 13 0.00429957
34 4 4 13 4 0.00239965
34 4 6 4 7 0.00238254
34 4 6 4 12 0.00340366
34 4 6 5 12 0.00693304
34 4 6 6 11 3.14525e-15
34 4 6 11 11 0.00228427
34 4 7 4 6 0.00389603
34 4 7 6 6 3.57933e-15
34 4 7 9 7 0.00243765
34 4 7 11 13 0.00246175
34 4 8 4 12 0.00267411
34 4 9 4 12 0.00196461
34 4 9 5 12 0.00234461
34 4 9 6 6 2.59032e-15
34 4 9 11 9 0.00163585
34 4 9 13 4 0.00292325
34 4 9 13 12 0.00154497
34 4 10 7 10 0.00909787
34 4 10 8 8 0.000581523
34 4 10 12 6 0.00590499
34 4 11 4 11 0.00488088
34 4 11 13 12 0.00173237
34 4 12 4 6 0.00315869
34 4 12 4 8 0.00254372
34 4 12 4 9 0.002544
34 4 12 5 10 0.00225277
34 4 12 6 6 2.59076e-15
34 4 12 10 12 0.00367513
34 4 13 4 4 0.0038751
34 4 13 9 6 0.00308648
34 4 13 13 12 0.00203187
34 5 6 6 9 3.28549e-15
34 5 6 10 12 0.00312474
34 5 7 8 12 0.000268859
34 5 7 12 11 0.00325101
34 5 9 13 11 0.00095583
34 5 10 4 12 0.00152854
34 5 10 7 12 0.00298438
34 5 10 13 6 0.00247391
34 5 11 9 9 0.00189901
34 5 12 4 6 0.00422201
34 5 12 4 9 0.00167053
34 5 12 8 9 0.000405625
34 5 12 11 12 0.000781832
34 5 13 7 7 0.00040932
34 6 4 7 4 0.0187539
34 6 4 7 6 0.0123605
34 6 4 9 6 0.00705458
34 6 4 10 12 0.00373865
34 6 4 12 4 0.0155244
34 6 4 12 6 0.00890188
34 6 4 13 9 0.00220978
34 6 5 10 13 0.00856698
34 6 5 12 4 0.0284632
34 6 6 4 7 0.00296337
34 6 6 4 9 0.00407111
34 6 6 4 12 0.00374977
34 6 6 9 5 0.0344158
34 6 6 11 4 0.00600346
34 6 8 11 11 0.00578803
34 6 8 13 13 0.00751216
34 6 9 5 6 0.00816527
34 6 9 10 13 0.00966296
34 6 10 9 11 0.00929733
34 6 10 12 5 0.02545
34 6 11 4 6 0.0051817
34 6 11 8 8 0.00177524
34 6 11 11 4 0.0065394
34 6 11 13 12 0.00250209
34 7 4 6 4 4.22884e-15
34 7 4 7 9 0.00659963
34 7 5 13 7 0.000443371
34 7 6 6 4 3.98512e-15
34 7 7 5 13 0.00406503
34 7 8 11 10 0.00248208
34 7 8 12 5 0.0138954
34 7 9 7 4 0.00678376
34 7 9 8 10 0.000550259
34 7 9 9 9 0.00212115
34 7 10 4 10 0.00549996
34 7 10 9 10 0.00682367
34 7 11 13 4 0.00418763
34 7 11 13 12 0.00143965
34 7 12 5 10 0.00261508
34 7 12 11 5 0.0031906
34 8 4 10 8 0.00266271
34 8 4 12 4 0.0084672
34 8 6 11 8 0.00209962
34 8 8 4 10 0.00257905
34 8 8 6 11 3.17103e-15
34 8 8 13 11 0.00259987
34 8 9 5 12 0.00176838
34 8 9 10 13 0.00573319
34 8 9 11 11 0.00203249
34 8 10 7 9 0.00893223
34 8 10 8 13 0.00141382
34 8 11 10 7 0.00387327
34 8 11 11 6 0.0035033
34 8 12 5 7 0.003541
34 8 13 8 10 0.00147848
34 8 13 11 8 0.00204918
34 8 13 11 9 0.00182041
34 8 13 11 12 0.00144314
34 8 13 13 6 0.00347946
34 9 4 9 11 0.00303014
34 9 4 12 4 0.00969149
34 9 5 6 6 6.65103e-15
34 9 5 11 9 0.00153508
34 9 5 12 4 0.00873979
34 9 5 12 8 0.00377259
34 9 6 4 13 0.00371402
34 9 6 6 4 4.69413e-15
34 9 7 4 7 0.00245077
34 9 7 9 9 0.00322208
34 9 8 10 7 0.00382718
34 9 8 13 11 0.00258246
34 9 9 5 11 0.00157135
34 9 9 7 9 0.00291412
34 9 9 9 7 0.00156932
34 9 9 13 13 0.00278816
34 9 10 7 10 0.00975441
34 9 10 13 6 0.0059565
34 9 10 13 8 0.00352562
34 9 11 6 10 2.7328e-15
34 9 11 9 4 0.00508887
34 9 11 11 8 0.00210637
34 9 11 13 10 0.00238523
34 9 13 4 4 0.00507623
34 9 13 11 5 0.00478581
34 9 13 12 4 0.00709153
34 9 13 13 9 0.00239121
34 10 4 10 7 0.00473558
34 10 4 12 5 0.00897681
34 10 7 8 11 0.00055177
34 10 7 9 8 0.0036292
34 10 7 10 4 0.00807575
34 10 7 10 9 0.00609986
34 10 7 12 5 0.0125431
34 10 8 8 4 0.0016583
34 10 8 13 8 0.00288637
34 10 9 10 7 0.00312285
34 10 9 11 6 0.00213694
34 10 9 11 13 0.00184844
34 10 12 4 12 0.00150354
34 10 12 5 6 0.00275187
34 10 12 6 4 2.03806e-15
34 10 12 12 13 0.00346403
34 10 13 6 5 4.04204e-15
34 10 13 6 9 3.03965e-15
34 10 13 8 9 0.000993411
34 11 4 6 6 4.93536e-15
34 11 4 6 11 3.91624e-15
34 11 4 11 4 0.00732202
34 11 5 7 12 0.00552191
34 11 5 9 13 0.00654918
34 11 6 8 11 0.00158773
34 11 6 10 9 0.0083435
34 11 8 8 6 0.00183572
34 11 8 8 13 0.00142343
34 11 8 9 11 0.00713711
34 11 9 4 9 0.00260138
34 11 9 8 13 0.0010881
34 11 9 9 5 0.00924035
34 11 10 7 8 0.0105134
34 11 11 4 6 0.00371314
34 11 11 6 8 3.26093e-15
34 11 11 8 9 0.00109423
34 11 12 5 12 0.00220008
34 11 12 8 13 0.00161822
34 11 13 4 7 0.00288718
34 11 13 10 9 0.0056474
34 11 13 12 4 0.00826047
34 11 13 12 6 0.00664642
34 11 13 12 7 0.00382514
34 12 4 6 4 7.93384e-15
34 12 4 6 5 2.20019e-14
34 12 4 8 4 0.00156396
34 12 4 9 4 0.0105347
34 12 4 9 5 0.0164289
34 12 4 9 13 0.00824493
34 12 4 11 13 0.0039676
34 12 4 12 10 0.010145
34 12 4 13 13 0.00527874
34 12 5 6 10 5.77413e-15
34 12 5 7 8 0.0121196
34 12 5 10 4 0.00835543
34 12 5 10 7 0.00303974
34 12 5 12 11 0.00894308
34 12 6 4 10 0.00627725
34 12 6 6 4 7.30749e-15
34 12 6 11 13 0.00413586
34 12 7 11 13 0.00444614
34 12 8 9 5 0.0151997
34 12 8 13 11 0.00681236
34 12 10 12 4 0.0187988
34 12 11 5 7 0.00276235
34 12 11 12 5 0.0173321
34 12 12 13 10 0.00371913
34 12 13 10 12 0.00759359
34 13 4 4 4 0.00393072
34 13 4 4 9 0.00188189
34 13 4 7 11 0.0073865
34 13 6 5 10 0.00524676
34 13 6 8 13 0.000823657
34 13 6 9 10 0.00488662
34 13 7 7 5 0.00871443
34 13 8 9 10 0.00401831
34 13 8 10 8 0.00512545
34 13 9 6 4 3.15665e-15
34 13 9 9 13 0.00415811
34 13 10 9 11 0.00568738
34 13 10 12 12 0.00447238
34 13 11 5 9 0.00212454
34 13 11 8 8 0.000692949
34 13 11 9 8 0.00340858
34 13 11 12 8 0.00430045
34 13 12 4 9 0.00141376
34 13 12 4 11 0.00205016
34 13 12 4 13 0.0029458
34 13 12 6 11 1.80189e-15
34 13 12 7 11 0.00332264
34 13 13 6 8 2.56167e-15
34 13 13 9 9 0.00322466
34 13 13 12 4 0.00677994
35 4 4 4 13 0.00335545
35 4 4 9 13 0.00206895
35 4 4 13 4 0.00247987
35 4 6 4 7 0.00411283
35 4 6 4 12 0.00302402
35 4 6 5 12 0.00442806
35 4 6 6 11 0.00285086
35 4 6 11 11 0.00209789
35 4 7 4 6 0.00519406
35 4 7 6 6 0.00408371
35 4 7 9 7 0.00318931
35 4 7 11 13 0.00257474
35 4 8 4 12 0.00571215
35 4 9 4 12 0.00213275
35 4 9 5 12 0.00184771
35 4 9 6 6 0.00259876
35 4 9 11 9 0.00161525
35 4 9 13 4 0.00208021
35 4 9 13 12 0.000651161
35 4 10 7 10 0.0049459
35 4 10 8 8 0.00194894
35 4 10 12 6 0.00140375
35 4 11 4 11 0.00899823
35 4 11 13 12 0.00111476
35 4 12 4 6 0.003426
35 4 12 4 8 0.00369648
35 4 12 4 9 0.00298855
35 4 12 5 10 0.00336251
35 4 12 6 6 0.00229545
35 4 12 10 12 0.000976464
35 4 13 4 4 0.00283444
35 4 13 9 6 0.00104944
35 4 13 13 12 0.000681522
35 5 6 6 9 0.00942054
35 5 6 10 12 0.00277109
35 5 7 8 12 0.00198342
35 5 7 12 11 0.00257287
35 5 9 13 11 0.00330071
35 5 10 4 12 0.00592838
35 5 10 7 12 0.00105395
35 5 10 13 6 0.00525041
35 5 11 9 9 0.00344601
35 5 12 4 6 0.00654731
35 5 12 4 9 0.00264081
35 5 12 8 9 0.000821893
35 5 12 11 12 0.00092145
35 5 13 7 7 0.00118154
35 6 4 7 4 0.00568067
35 6 4 7 6 0.00242024
35 6 4 9 6 0.00329989
35 6 4 10 12 0.00187451
35 6 4 12 4 0.00347863
35 6 4 12 6 0.00212206
35 6 4 13 9 0.00228252
35 6 5 10 13 0.00879152
35 6 5 12 4 0.0111586
35 6 6 4 7 0.00815388
35 6 6 4 9 0.00923596
35 6 6 4 12 0.0048384
35 6 6 9 5 0.0176351
35 6 6 11 4 0.00830146
35 6 8 11 11 0.00726024
35 6 8 13 13 0.00868488
35 6 9 5 6 0.00538385
35 6 9 10 13 0.00376369
35 6 10 9 11 0.00420824
35 6 10 12 5 0.0078239
35 6 11 4 6 0.0111895
35 6 11 8 8 0.00685679
35 6 11 11 4 0.00940685
35 6 11 13 12 0.00188607
35 7 4 6 4 0.00609074
35 7 4 7 9 0.00203277
35 7 5 13 7 0.00202432
35 7 6 6 4 0.0123626
35 7 7 5 13 0.00256986
35 7 8 11 10 0.00700143
35 7 8 12 5 0.0063893
35 7 9 7 4 0.00311648
35 7 9 8 10 0.00215605
35 7 9 9 9 0.00159402
35 7 10 4 10 0.010487
35 7 10 9 10 0.00743844
35 7 11 13 4 0.00790016
35 7 11 13 12 0.00246453
35 7 12 5 10 0.00692106
35 7 12 11 5 0.00630501
35 8 4 10 8 0.00252907
35 8 4 12 4 0.0029204
35 8 6 11 8 0.00506943
35 8 8 4 10 0.00806597
35 8 8 6 11 0.00782715
35 8 8 13 11 0.00488408
35 8 9 5 12 0.00178336
35 8 9 10 13 0.00322281
35 8 9 11 11 0.00326656
35 8 10 7 9 0.00160769
35 8 10 8 13 0.00283084
35 8 11 10 7 0.00386887
35 8 11 11 6 0.00829771
35 8 12 5 7 0.00190004
35 8 13 8 10 0.00175659
35 8 13 11 8 0.00213816
35 8 13 11 9 0.00169557
35 8 13 11 12 0.00131495
35 8 13 13 6 0.00186134
35 9 4 9 11 0.00240105
35 9 4 12 4 0.00331338
35 9 5 6 6 0.00888388
35 9 5 11 9 0.00330386
35 9 5 12 4 0.00449222
35 9 5 12 8 0.00190856
35 9 6 4 13 0.0056492
35 9 6 6 4 0.0124192
35 9 7 4 7 0.00885421
35 9 7 9 9 0.00180164
35 9 8 10 7 0.00964452
35 9 8 13 11 0.00454486
35 9 9 5 11 0.00167693
35 9 9 7 9 0.00123696
35 9 9 9 7 0.00297437
35 9 9 13 13 0.00208522
35 9 10 7 10 0.00644657
35 9 10 13 6 0.00306948
35 9 10 13 8 0.00565292
35 9 11 6 10 0.0145971
35 9 11 9 4 0.00907283
35 9 11 11 8 0.00752354
35 9 11 13 10 0.0062746
35 9 13 4 4 0.00537477
35 9 13 11 5 0.00288398
35 9 13 12 4 0.00221433
35 9 13 13 9 0.00153981
35 10 4 10 7 0.00431709
35 10 4 12 5 0.0050178
35 10 7 8 11 0.00234755
35 10 7 9 8 0.00541126
35 10 7 10 4 0.00967569
35 10 7 10 9 0.00331217
35 10 7 12 5 0.00551145
35 10 8 8 4 0.00561466
35 10 8 13 8 0.00979195
35 10 9 10 7 0.0030309
35 10 9 11 6 0.00389929
35 10 9 11 13 0.00289081
35 10 12 4 12 0.0032443
35 10 12 5 6 0.0043818
35 10 12 6 4 0.00737801
35 10 12 12 13 0.00283558
35 10 13 6 5 0.0100088
35 10 13 6 9 0.00641693
35 10 13 8 9 0.00236159
35 11 4 6 6 0.0046
35 11 4 6 11 0.00350496
35 11 4 11 4 0.00831097
35 11 5 7 12 0.00096825
35 11 5 9 13 0.00359749
35 11 6 8 11 0.00229125
35 11 6 10 9 0.00321785
35 11 8 8 6 0.00522908
35 11 8 8 13 0.0040888
35 11 8 9 11 0.00458574
35 11 9 4 9 0.0026204
35 11 9 8 13 0.00150863
35 11 9 9 5 0.00308011
35 11 10 7 8 0.00361036
35 11 11 4 6 0.00892255
35 11 11 6 8 0.00769079
35 11 11 8 9 0.00331258
35 11 12 5 12 0.00184174
35 11 12 8 13 0.00156921
35 11 13 4 7 0.00317904
35 11 13 10 9 0.0016499
35 11 13 12 4 0.00177009
35 11 13 12 6 0.00103727
35 11 13 12 7 0.00105919
35 12 4 6 4 0.00654697
35 12 4 6 5 0.0112555
35 12 4 8 4 0.00228831
35 12 4 9 4 0.0036821
35 12 4 9 5 0.00420315
35 12 4 9 13 0.00202223
35 12 4 11 13 0.00193433
35 12 4 12 10 0.00262953
35 12 4 13 13 0.00283807
35 12 5 6 10 0.012517
35 12 5 7 8 0.00384382
35 12 5 10 4 0.00790045
35 12 5 10 7 0.00287276
35 12 5 12 11 0.0013642
35 12 6 4 10 0.013564
35 12 6 6 4 0.0162804
35 12 6 11 13 0.00448763
35 12 7 11 13 0.00196235
35 12 8 9 5 0.00497388
35 12 8 13 11 0.0033396
35 12 10 12 4 0.00202798
35 12 11 5 7 0.0057505
35 12 11 12 5 0.00653049
35 12 12 13 10 0.00462259
35 12 13 10 12 0.00164436
35 13 4 4 4 0.00480526
35 13 4 4 9 0.00273117
35 13 4 7 11 0.00195689
35 13 6 5 10 0.00890889
35 13 6 8 13 0.00415187
35 13 6 9 10 0.00980776
35 13 7 7 5 0.00443149
35 13 8 9 10 0.00719375
35 13 8 10 8 0.00678777
35 13 9 6 4 0.0052437
35 13 9 9 13 0.00270712
35 13 10 9 11 0.00222933
35 13 10 12 12 0.000502875
35 13 11 5 9 0.00464884
35 13 11 8 8 0.00467413
35 13 11 9 8 0.0049512
35 13 11 12 8 0.00318487
35 13 12 4 9 0.00234357
35 13 12 4 11 0.00215171
35 13 12 4 13 0.00268514
35 13 12 6 11 0.00163716
35 13 12 7 11 0.00122524
35 13 13 6 8 0.00276707
35 13 13 9 9 0.00134681
35 13 13 12 4 0.00221803
26 4 13 4 4 0.0252079
26 4 13 9 6 0.0251421
26 4 13 13 12 0.0132792
26 5 13 7 7 0.00843481
26 8 13 8 10 0.062883
26 8 13 11 8 0.0506954
26 8 13 11 9 0.0403787
26 8 13 11 12 0.0294102
26 8 13 13 6 0.0475425
26 9 13 4 4 0.0462478
26 9 13 11 5 0.0619535
26 9 13 12 4 0.0330721
26 9 13 13 9 0.0408529
26 10 13 6 5 0.079812
26 10 13 6 9 0.0484427
26 10 13 8 9 0.0688893
26 11 13 4 7 0.0398678
26 11 13 10 9 0.0433525
26 11 13 12 4 0.0399157
26 11 13 12 6 0.031994
26 11 13 12 7 0.0229254
26 12 13 10 12 0.0338732
26 13 13 6 8 0.0480528
26 13 13 9 9 0.0292888
26 13 13 12 4 0.0284857
27 12 12 13 13 1
36 4 4 4 13 0.00189879
36 4 4 9 13 0.00146594
36 4 4 13 4 0.0017783
36 4 8 4 12 0.015834
36 4 9 4 12 0.00436311
36 4 9 5 12 0.00498896
36 4 9 6 6 0.00701353
36 4 9 11 9 0.0028348
36 4 9 13 4 0.00230728
36 4 9 13 12 0.00202002
36 4 10 7 10 0.0130944
36 4 10 8 8 0.0107356
36 4 10 12 6 0.00761935
36 4 11 4 11 0.0114734
36 4 11 13 12 0.00169537
36 4 12 4 6 0.000467805
36 4 12 4 8 0.00038158
36 4 12 4 9 0.00022289
36 4 12 5 10 0.000522221
36 4 12 6 6 0.00057406
36 4 12 10 12 0.000243165
36 4 13 4 4 0.00884161
36 4 13 9 6 0.00705099
36 4 13 13 12 0.00389637
36 6 4 7 4 0.0059368
36 6 4 7 6 0.00691429
36 6 4 9 6 0.00614136
36 6 4 10 12 0.00475456
36 6 4 12 4 0.00558538
36 6 4 12 6 0.00548107
36 6 4 13 9 0.0016813
36 6 5 10 13 0.00127795
36 6 5 12 4 0.00458543
36 6 8 11 11 0.0253049
36 6 8 13 13 0.0119261
36 6 9 5 6 0.0335466
36 6 9 10 13 0.00770644
36 6 10 9 11 0.00820544
36 6 10 12 5 0.00965163
36 6 11 4 6 0.0126886
36 6 11 8 8 0.0111058
36 6 11 11 4 0.00960306
36 6 11 13 12 0.00421066
36 7 4 6 4 0.000556205
36 7 4 7 9 0.000307081
36 7 8 11 10 0.00146599
36 7 8 12 5 0.00134496
36 7 9 7 4 0.000565779
36 7 9 8 10 0.000553765
36 7 9 9 9 0.000283033
36 7 10 4 10 0.00170505
36 7 10 9 10 0.0007769
36 7 11 13 4 0.000466674
36 7 11 13 12 0.000329006
36 7 12 5 10 4.34091e-05
36 7 12 11 5 3.69641e-05
36 8 4 10 8 0.00376316
36 8 4 12 4 0.00408984
36 8 8 4 10 0.0163551
36 8 8 6 11 0.0211205
36 8 8 13 11 0.00896651
36 8 9 5 12 0.00574636
36 8 9 10 13 0.00237582
36 8 9 11 11 0.00532453
36 8 10 7 9 0.00885382
36 8 10 8 13 0.00528017
36 8 11 10 7 0.00420057
36 8 11 11 6 0.00906083
36 8 12 5 7 0.000465408
36 8 13 8 10 0.00603691
36 8 13 11 8 0.0102006
36 8 13 11 9 0.0060472
36 8 13 11 12 0.00707842
36 8 13 13 6 0.00680649
36 9 4 9 11 0.000905046
36 9 4 12 4 0.000690327
36 9 5 6 6 0.00198468
36 9 5 11 9 0.000437484
36 9 5 12 4 0.000397788
36 9 5 12 8 0.00043538
36 9 8 10 7 0.0106067
36 9 8 13 11 0.00498849
36 9 9 5 11 0.00276801
36 9 9 7 9 0.00130913
36 9 9 9 7 0.0011622
36 9 9 13 13 0.000830657
36 9 10 7 10 0.00498048
36 9 10 13 6 0.00448396
36 9 10 13 8 0.00317194
36 9 11 6 10 0.0034166
36 9 11 9 4 0.00124742
36 9 11 11 8 0.00295005
36 9 11 13 10 0.00181782
36 9 13 4 4 0.00256054
36 9 13 11 5 0.00131119
36 9 13 12 4 0.000963516
36 9 13 13 9 0.0010116
36 10 4 10 7 0.00573624
36 10 4 12 5 0.00193976
36 10 8 8 4 0.013194
36 10 8 13 8 0.0140137
36 10 9 10 7 0.00950485
36 10 9 11 6 0.00857622
36 10 9 11 13 0.00150844
36 10 12 4 12 0.000214434
36 10 12 5 6 0.000400521
36 10 12 6 4 0.000185406
36 10 13 6 5 0.00590065
36 10 13 6 9 0.00862919
36 10 13 8 9 0.00742234
36 11 4 6 6 0.00839134
36 11 4 6 11 0.00476139
36 11 4 11 4 0.0102547
36 11 5 7 12 0.00149512
36 11 5 9 13 0.00107545
36 11 8 8 6 0.0309226
36 11 8 8 13 0.00922006
36 11 8 9 11 0.0193139
36 11 9 4 9 0.00544622
36 11 9 8 13 0.00430648
36 11 9 9 5 0.00269662
36 11 10 7 8 0.0122028
36 11 11 4 6 0.0101937
36 11 11 6 8 0.0113125
36 11 11 8 9 0.00635503
36 11 12 5 12 0.000454721
36 11 12 8 13 0.000532989
36 11 13 4 7 0.0163063
36 11 13 10 9 0.00879122
36 11 13 12 4 0.0054192
36 11 13 12 6 0.00676173
36 11 13 12 7 0.00622389
36 12 4 6 4 0.00919498
36 12 4 6 5 0.0156443
36 12 4 8 4 0.00634279
36 12 4 9 4 0.0054523
36 12 4 9 5 0.00514767
36 12 4 9 13 0.00333615
36 12 4 11 13 0.00375224
36 12 4 12 10 0.00495015
36 12 4 13 13 0.00329932
36 12 5 6 10 0.00394803
36 12 5 7 8 0.00319008
36 12 5 10 4 0.00222692
36 12 5 10 7 0.00164704
36 12 5 12 11 0.00225657
36 12 8 9 5 0.02359
36 12 8 13 11 0.0228378
36 12 10 12 4 0.010522
36 12 11 5 7 0.00962234
36 12 11 12 5 0.00636304
36 12 13 10 12 0.013069
36 13 4 4 4 0.00264172
36 13 4 4 9 0.00355897
36 13 4 7 11 0.00386524
36 13 8 9 10 0.0188002
36 13 8 10 8 0.0178172
36 13 9 6 4 0.00382997
36 13 9 9 13 0.00179571
36 13 10 9 11 0.00925885
36 13 10 12 12 0.00832626
36 13 11 5 9 0.00676342
36 13 11 8 8 0.0073795
36 13 11 9 8 0.00574194
36 13 11 12 8 0.00541232
36 13 12 4 9 0.000270057
36 13 12 4 11 0.000333608
36 13 12 4 13 0.000396604
36 13 12 6 11 0.000466272
36 13 12 7 11 0.00041378
36 13 13 6 8 0.00180591
36 13 13 9 9 0.00124314
36 13 13 12 4 0.00155397
37 13 4 4 4 0.0317491
37 13 4 4 9 0.0185493
37 13 4 7 11 0.0220581
37 13 6 5 10 0.0402642
37 13 6 8 13 0.0637078
37 13 6 9 10 0.0432284
37 13 7 7 5 0.0249579
37 13 8 9 10 0.035376
37 13 8 10 8 0.0770992
37 13 9 6 4 0.0744215
37 13 9 9 13 0.0427248
37 13 10 9 11 0.0154464
37 13 10 12 12 0.00662589
37 13 11 5 9 0.0460236
37 13 11 8 8 0.0649403
37 13 11 9 8 0.0479361
37 13 11 12 8 0.0344996
37 13 12 4 9 0.0288212
37 13 12 4 11 0.0373188
37 13 12 4 13 0.0384994
37 13 12 6 11 0.0385667
37 13 12 7 11 0.0300196
37 13 13 6 8 0.0631474
37 13 13 9 9 0.0299703
37 13 13 12 4 0.0440481
28 4 4 4 13 1.61644e-15
28 4 4 9 13 1.01148e-15
28 4 4 13 4 1.37237e-15
28 4 6 4 7 4.05288e-16
28 4 6 4 12 0.00406329
28 4 6 5 12 0.00360574
28 4 6 6 11 4.42339e-16
28 4 6 11 11 5.27024e-16
28 4 7 4 6 2.50026e-15
28 4 7 6 6 2.67495e-15
28 4 7 9 7 2.18993e-15
28 4 7 11 13 2.16987e-15
28 4 8 4 12 0.0241072
28 4 9 4 12 0.0429147
28 4 9 5 12 0.0351941
28 4 9 6 6 3.91453e-15
28 4 9 11 9 2.94243e-15
28 4 9 13 4 3.79203e-15
28 4 9 13 12 0.039297
28 4 10 7 10 1.48178e-15
28 4 10 8 8 1.04703e-15
28 4 10 12 6 5.87423e-16
28 4 11 4 11 9.60243e-15
28 4 11 13 12 0.0444307
28 4 12 4 6 3.44703e-15
28 4 12 4 8 3.6362e-15
28 4 12 4 9 2.42573e-15
28 4 12 5 10 3.13631e-15
28 4 12 6 6 3.78831e-15
28 4 12 10 12 0.0274176
28 4 13 4 4 8.76312e-16
28 4 13 9 6 1.04233e-15
28 4 13 13 12 0.0140994
28 5 6 6 9 6.46009e-16
28 5 6 10 12 0.00466905
28 5 7 8 12 0.0685153
28 5 7 12 11 1.55598e-15
28 5 9 13 11 8.67384e-15
28 5 10 4 12 0.0166333
28 5 10 7 12 0.0129538
28 5 10 13 6 1.9736e-15
28 5 11 9 9 5.79434e-15
28 5 12 4 6 1.78271e-14
28 5 12 4 9 6.96456e-15
28 5 12 8 9 6.34905e-15
28 5 12 11 12 0.0781845
28 5 13 7 7 2.0748e-15
28 6 4 7 4 2.71383e-15
28 6 4 7 6 3.45884e-15
28 6 4 9 6 2.1059e-15
28 6 4 10 12 0.0274978
28 6 4 12 4 8.32451e-16
28 6 4 12 6 9.00378e-16
28 6 4 13 9 1.99863e-15
28 6 5 10 13 1.63788e-15
28 6 5 12 4 6.5061e-16
28 6 6 4 7 3.90637e-16
28 6 6 4 9 2.10611e-16
28 6 6 4 12 0.00328237
28 6 6 9 5 1.13235e-15
28 6 6 11 4 4.85922e-16
28 6 8 11 11 4.38236e-15
28 6 8 13 13 4.05288e-15
28 6 9 5 6 2.25613e-14
28 6 9 10 13 1.78198e-14
28 6 10 9 11 1.88674e-15
28 6 10 12 5 1.57859e-15
28 6 11 4 6 1.50287e-14
28 6 11 8 8 1.53345e-14
28 6 11 11 4 7.38361e-15
28 6 11 13 12 0.104351
28 7 4 6 4 1.54697e-15
28 7 4 7 9 1.61968e-15
28 7 5 13 7 1.37966e-15
28 7 6 6 4 4.54627e-16
28 7 7 5 13 2.37752e-15
28 7 8 11 10 3.57774e-15
28 7 8 12 5 2.52825e-15
28 7 9 7 4 6.11499e-15
28 7 9 8 10 1.04295e-14
28 7 9 9 9 3.95165e-15
28 7 10 4 10 1.19441e-15
28 7 10 9 10 1.60711e-15
28 7 11 13 4 7.12877e-15
28 7 11 13 12 0.0669244
28 7 12 5 10 4.99722e-15
28 7 12 11 5 7.1361e-15
28 8 4 10 8 6.3728e-15
28 8 4 12 4 1.50803e-15
28 8 6 11 8 3.43655e-15
28 8 8 4 10 8.54826e-15
28 8 8 6 11 1.31655e-14
28 8 8 13 11 1.19865e-14
28 8 9 5 12 0.124451
28 8 9 10 13 2.6198e-14
28 8 9 11 11 1.9892e-14
28 8 10 7 9 3.18357e-15
28 8 10 8 13 5.08106e-15
28 8 11 10 7 2.86706e-14
28 8 11 11 6 1.86185e-14
28 8 12 5 7 1.41038e-14
28 8 13 8 10 1.09399e-14
28 8 13 11 8 8.49622e-15
28 8 13 11 9 6.14135e-15
28 8 13 11 12 0.0706979
28 8 13 13 6 8.46906e-15
28 9 4 9 11 1.02756e-15
28 9 4 12 4 4.55242e-16
28 9 5 6 6 5.95926e-15
28 9 5 11 9 2.75302e-15
28 9 5 12 4 8.52905e-16
28 9 5 12 8 6.89712e-16
28 9 6 4 13 6.03797e-16
28 9 6 6 4 9.43329e-16
28 9 7 4 7 1.24315e-14
28 9 7 9 9 3.942e-15
28 9 8 10 7 8.7208e-15
28 9 8 13 11 4.84084e-15
28 9 9 5 11 1.1764e-14
28 9 9 7 9 1.45231e-14
28 9 9 9 7 1.37884e-14
28 9 9 13 13 1.97118e-14
28 9 10 7 10 1.64679e-15
28 9 10 13 6 1.25143e-15
28 9 10 13 8 1.1234e-15
28 9 11 6 10 1.75762e-14
28 9 11 9 4 7.30189e-15
28 9 11 11 8 1.39739e-14
28 9 11 13 10 1.77831e-14
28 9 13 4 4 2.71148e-15
28 9 13 11 5 5.58255e-15
28 9 13 12 4 2.33596e-15
28 9 13 13 9 4.41758e-15
28 10 4 10 7 1.9518e-15
28 10 4 12 5 5.38467e-16
28 10 7 8 11 3.27745e-15
28 10 7 9 8 4.27134e-15
28 10 7 10 4 5.21041e-15
28 10 7 10 9 3.80696e-15
28 10 7 12 5 1.83925e-15
28 10 8 8 4 2.12927e-15
28 10 8 13 8 3.39864e-15
28 10 9 10 7 1.26859e-14
28 10 9 11 6 8.83787e-15
28 10 9 11 13 7.59988e-15
28 10 12 4 12 0.0704926
28 10 12 5 6 6.18703e-15
28 10 12 6 4 7.09322e-15
28 10 12 12 13 5.81106e-15
28 10 13 6 5 3.36841e-15
28 10 13 6 9 2.19529e-15
28 10 13 8 9 2.00747e-15
28 11 4 6 6 1.83493e-15
28 11 4 6 11 1.69205e-15
28 11 4 11 4 2.92701e-15
28 11 5 7 12 0.00797544
28 11 5 9 13 7.39607e-16
28 11 6 8 11 5.31095e-16
28 11 6 10 9 4.06042e-16
28 11 8 8 6 3.77618e-15
28 11 8 8 13 3.47361e-15
28 11 8 9 11 3.33265e-15
28 11 9 4 9 8.48698e-15
28 11 9 8 13 1.16901e-14
28 11 9 9 5 9.35601e-15
28 11 10 7 8 1.29355e-15
28 11 11 4 6 1.26684e-14
28 11 11 6 8 1.34598e-14
28 11 11 8 9 1.02368e-14
28 11 12 5 12 0.0686065
28 11 12 8 13 1.21531e-14
28 11 13 4 7 2.48783e-15
28 11 13 10 9 2.32822e-15
28 11 13 12 4 1.31228e-15
28 11 13 12 6 1.55215e-15
28 11 13 12 7 1.96805e-15
28 12 4 6 4 2.83923e-15
28 12 4 6 5 7.48573e-15
28 12 4 8 4 3.03884e-15
28 12 4 9 4 2.06237e-15
28 12 4 9 5 3.02002e-15
28 12 4 9 13 2.20543e-15
28 12 4 11 13 2.41107e-15
28 12 4 12 10 1.15007e-15
28 12 4 13 13 3.89369e-15
28 12 5 6 10 2.51191e-15
28 12 5 7 8 2.47945e-15
28 12 5 10 4 2.40401e-15
28 12 5 10 7 3.21852e-15
28 12 5 12 11 4.68084e-16
28 12 6 4 10 4.7536e-16
28 12 6 6 4 5.26032e-16
28 12 6 11 13 7.0976e-16
28 12 7 11 13 5.93996e-15
28 12 8 9 5 4.39692e-15
28 12 8 13 11 4.55243e-15
28 12 10 12 4 1.13098e-15
28 12 11 5 7 1.35448e-14
28 12 11 12 5 5.45967e-15
28 12 12 13 10 1.77278e-14
28 12 13 10 12 0.0326035
28 13 4 4 4 1.81784e-15
28 13 4 4 9 1.57224e-15
28 13 4 7 11 1.86099e-15
28 13 6 5 10 5.90673e-16
28 13 6 8 13 1.51112e-15
28 13 6 9 10 1.32239e-15
28 13 7 7 5 5.31192e-15
28 13 8 9 10 5.34108e-15
28 13 8 10 8 7.0386e-15
28 13 9 6 4 6.45141e-15
28 13 9 9 13 9.0505e-15
28 13 10 9 11 1.20969e-15
28 13 10 12 12 0.00703192
28 13 11 5 9 5.7014e-15
28 13 11 8 8 1.17733e-14
28 13 11 9 8 8.51017e-15
28 13 11 12 8 4.53606e-15
28 13 12 4 9 5.7598e-15
28 13 12 4 11 6.48576e-15
28 13 12 4 13 9.35865e-15
28 13 12 6 11 8.44635e-15
28 13 12 7 11 7.99291e-15
28 13 13 6 8 4.81658e-15
28 13 13 9 9 2.77284e-15
28 13 13 12 4 2.05975e-15
29 1 0 1 7 0.0483475
29 1 0 1 9 0.0993066
29 1 0 1 11 0.0491755
29 1 0 2 11 0.0434942
29 1 0 2 12 0.155227
29 1 0 3 9 0.0242696
29 1 0 3 12 0.046291
29 1 0 3 13 0.0490199
29 2 0 1 4 0.0200152
29 2 0 1 9 0.0525187
29 2 0 1 11 0.0748922
29 2 0 1 12 0.0294728
29 2 0 2 4 0.0074826
29 2 0 2 7 0.0201678
29 2 0 2 11 0.0297354
29 2 0 3 8 0.0102068
29 2 0 3 10 0.0366191
29 3 0 2 9 0.0281041
29 3 0 2 11 0.0184091
29 3 0 2 13 0.0332295
29 3 0 3 5 0.00797544
29 3 0 3 6 0.0156204
29 3 0 3 8 0.0139004
29 3 0 3 9 0.0376574
29 3 0 3 12 0.01371
29 3 0 3 13 0.0351514
38 4 4 4 13 0.00316531
38 4 4 9 13 0.00209438
38 4 4 13 4 0.00209686
38 4 6 4 7 0.000658195
38 4 6 4 12 0.00189762
38 4 6 5 12 0.00277961
38 4 6 6 11 0.00245153
38 4 6 11 11 0.00252951
38 4 7 4 6 0.0035311
38 4 7 6 6 0.0036726
38 4 7 9 7 0.00133832
38 4 7 11 13 0.00327414
38 4 8 4 12 0.00651677
38 4 9 4 12 0.0076968
38 4 9 5 12 0.0089665
38 4 9 6 6 0.00905269
38 4 9 11 9 0.0052877
38 4 9 13 4 0.00761185
38 4 9 13 12 0.010401
38 4 10 7 10 0.00167845
38 4 10 8 8 0.00149706
38 4 10 12 6 0.000901274
38 4 11 4 11 0.0245993
38 4 11 13 12 0.0102485
38 4 12 4 6 0.00515718
38 4 12 4 8 0.00442729
38 4 12 4 9 0.00177242
38 4 12 5 10 0.0030951
38 4 12 6 6 0.00541999
38 4 12 10 12 0.00506442
38 4 13 4 4 0.00315821
38 4 13 9 6 0.00330278
38 4 13 13 12 0.00614898
38 5 6 6 9 0.00656693
38 5 6 10 12 0.00909883
38 5 7 8 12 0.0273392
38 5 7 12 11 0.00936869
38 5 9 13 11 0.03447
38 5 10 4 12 0.00604761
38 5 10 7 12 0.0107045
38 5 10 13 6 0.00622092
38 5 11 9 9 0.0195221
38 5 12 4 6 0.0500226
38 5 12 4 9 0.0137119
38 5 12 8 9 0.00602727
38 5 12 11 12 0.0270869
38 5 13 7 7 0.00566958
38 6 4 7 4 2.60133e-15
38 6 4 7 6 3.19215e-15
38 6 4 9 6 1.84265e-15
38 6 4 10 12 2.07384e-15
38 6 4 12 4 9.22041e-16
38 6 4 12 6 9.41861e-16
38 6 4 13 9 1.50758e-15
38 6 5 10 13 4.11935e-15
38 6 5 12 4 3.48397e-15
38 6 6 4 7 1.28349e-15
38 6 6 4 9 7.54729e-16
38 6 6 4 12 7.19088e-16
38 6 6 9 5 3.21378e-15
38 6 6 11 4 1.34253e-15
38 6 8 11 11 7.29241e-15
38 6 8 13 13 7.28945e-15
38 6 9 5 6 1.82068e-14
38 6 9 10 13 1.48452e-14
38 6 10 9 11 1.35737e-15
38 6 10 12 5 1.59199e-15
38 6 11 4 6 1.10245e-14
38 6 11 8 8 1.15616e-14
38 6 11 11 4 6.52385e-15
38 6 11 13 12 6.14149e-15
38 7 4 6 4 7.60157e-16
38 7 4 7 9 9.93686e-16
38 7 5 13 7 0.000755454
38 7 6 6 4 0.00132433
38 7 7 5 13 1.93907e-15
38 7 8 11 10 0.00282605
38 7 8 12 5 3.80912e-15
38 7 9 7 4 0.00522426
38 7 9 8 10 0.00421375
38 7 9 9 9 0.00266632
38 7 10 4 10 6.85049e-16
38 7 10 9 10 9.22432e-16
38 7 11 13 4 0.00160999
38 7 11 13 12 0.00207216
38 7 12 5 10 0.000236942
38 7 12 11 5 6.32358e-15
38 8 4 10 8 0.0017829
38 8 4 12 4 0.000782153
38 8 6 11 8 1.67311e-15
38 8 8 4 10 0.000601398
38 8 8 6 11 0.00204191
38 8 8 13 11 0.00195953
38 8 9 5 12 0.00864765
38 8 9 10 13 0.0156094
38 8 9 11 11 0.0107648
38 8 10 7 9 0.00125537
38 8 10 8 13 0.00232878
38 8 11 10 7 0.00479734
38 8 11 11 6 0.0084989
38 8 12 5 7 9.6279e-15
38 8 13 8 10 0.00196776
38 8 13 11 8 0.00188592
38 8 13 11 9 0.00124979
38 8 13 11 12 0.00234627
38 8 13 13 6 0.00199538
38 9 4 9 11 6.53869e-16
38 9 4 12 4 4.21357e-16
38 9 5 6 6 5.70388e-15
38 9 5 11 9 2.09562e-15
38 9 5 12 4 1.43102e-15
38 9 5 12 8 1.30577e-15
38 9 6 4 13 5.09373e-16
38 9 6 6 4 7.32609e-16
38 9 7 4 7 5.89e-15
38 9 7 9 9 2.00301e-15
38 9 8 10 7 7.0631e-15
38 9 8 13 11 3.60939e-15
38 9 9 5 11 5.4802e-15
38 9 9 7 9 7.202e-15
38 9 9 9 7 6.98563e-15
38 9 9 13 13 8.86277e-15
38 9 10 7 10 1.48163e-15
38 9 10 13 6 9.48323e-16
38 9 10 13 8 9.18158e-16
38 9 11 6 10 1.05681e-14
38 9 11 9 4 4.44689e-15
38 9 11 11 8 8.58155e-15
38 9 11 13 10 8.84974e-15
38 9 13 4 4 1.71361e-15
38 9 13 11 5 3.15151e-15
38 9 13 12 4 1.36948e-15
38 9 13 13 9 2.39409e-15
38 10 4 10 7 0.00192555
38 10 4 12 5 1.07828e-15
38 10 7 8 11 0.00430929
38 10 7 9 8 0.00408963
38 10 7 10 4 0.00554034
38 10 7 10 9 0.00382741
38 10 7 12 5 2.82014e-15
38 10 8 8 4 0.00815812
38 10 8 13 8 0.0104157
38 10 9 10 7 0.00713748
38 10 9 11 6 0.0110134
38 10 9 11 13 0.0120147
38 10 12 4 12 0.00485132
38 10 12 5 6 0.00560026
38 10 12 6 4 0.00309029
38 10 12 12 13 0.00438655
38 10 13 6 5 7.20189e-15
38 10 13 6 9 0.00306629
38 10 13 8 9 0.00276157
38 11 4 6 6 0.00458186
38 11 4 6 11 0.00529538
38 11 4 11 4 0.00652805
38 11 5 7 12 0.00869171
38 11 5 9 13 0.00539655
38 11 6 8 11 0.00330756
38 11 6 10 9 0.00164813
38 11 8 8 6 0.0137598
38 11 8 8 13 0.0161724
38 11 8 9 11 0.0142176
38 11 9 4 9 0.00514336
38 11 9 8 13 0.0126961
38 11 9 9 5 1.17576e-14
38 11 10 7 8 0.0030161
38 11 11 4 6 0.0128287
38 11 11 6 8 0.0134329
38 11 11 8 9 0.00953639
38 11 12 5 12 0.00169104
38 11 12 8 13 0.00381076
38 11 13 4 7 0.00113963
38 11 13 10 9 0.0020334
38 11 13 12 4 0.00150871
38 11 13 12 6 0.00164042
38 11 13 12 7 0.000805862
38 12 4 6 4 1.00424e-15
38 12 4 6 5 2.68076e-15
38 12 4 8 4 9.87621e-16
38 12 4 9 4 7.53853e-16
38 12 4 9 5 1.11228e-15
38 12 4 9 13 7.91923e-16
38 12 4 11 13 8.04369e-16
38 12 4 12 10 5.25271e-16
38 12 4 13 13 1.26586e-15
38 12 5 6 10 0.000822292
38 12 5 7 8 0.00142182
38 12 5 10 4 0.00123588
38 12 5 10 7 0.000589691
38 12 5 12 11 0.000689401
38 12 6 4 10 0.000154861
38 12 6 6 4 0.000285248
38 12 6 11 13 0.000390529
38 12 7 11 13 1.50608e-15
38 12 8 9 5 2.88055e-15
38 12 8 13 11 0.00130157
38 12 10 12 4 4.02061e-16
38 12 11 5 7 0.000140632
38 12 11 12 5 2.26554e-15
38 12 12 13 10 5.47043e-15
38 12 13 10 12 1.88566e-15
38 13 4 4 4 0.00699062
38 13 4 4 9 0.00453922
38 13 4 7 11 0.0110012
38 13 6 5 10 0.000348437
38 13 6 8 13 0.0014528
38 13 6 9 10 0.000586429
38 13 7 7 5 6.03509e-15
38 13 8 9 10 0.00554089
38 13 8 10 8 0.0121913
38 13 9 6 4 0.0141861
38 13 9 9 13 0.0266357
38 13 10 9 11 0.00562304
38 13 10 12 12 0.00492949
38 13 11 5 9 0.0126453
38 13 11 8 8 0.0238526
38 13 11 9 8 0.0187063
38 13 11 12 8 0.00984645
38 13 12 4 9 0.0101553
38 13 12 4 11 0.0184779
38 13 12 4 13 0.0277368
38 13 12 6 11 0.0166115
38 13 12 7 11 0.0243805
38 13 13 6 8 0.00590979
38 13 13 9 9 0.00372999
38 13 13 12 4 0.00302491
39 1 0 1 7 0.0359403
39 1 0 1 9 0.0645214
39 1 0 1 11 0.0253834
39 1 0 2 11 0.0270488
39 1 0 2 12 0.130477
39 1 0 3 9 0.0306243
39 1 0 3 12 0.0360145
39 1 0 3 13 0.023719
39 2 0 1 4 0.0289013
39 2 0 1 9 0.0348511
39 2 0 1 11 0.0643585
39 2 0 1 12 0.0431301
39 2 0 2 4 0.0218822
39 2 0 2 7 0.0303504
39 2 0 2 11 0.0269327
39 2 0 3 8 0.0412412
39 2 0 3 10 0.0442026
39 3 0 2 9 0.0307305
39 3 0 2 11 0.0286142
39 3 0 2 13 0.0164891
39 3 0 3 5 0.0196028
39 3 0 3 6 0.0354806
39 3 0 3 8 0.0544618
39 3 0 3 9 0.0587124
39 3 0 3 12 0.033193
39 3 0 3 13 0.0131371
40 1 4 2 0 0.0256699
40 1 7 1 0 0.0310928
40 1 9 1 0 0.0633275
40 1 9 2 0 0.030901
40 1 11 1 0 0.0294611
40 1 11 2 0 0.0613002
40 1 12 2 0 0.0236792
40 2 4 2 0 0.0175752
40 2 7 2 0 0.0167839
40 2 9 3 0 0.0399431
40 2 11 1 0 0.0289777
40 2 11 2 0 0.0261168
40 2 11 3 0 0.0512974
40 2 12 1 0 0.0802119
40 2 13 3 0 0.033276
40 3 5 3 0 0.0390681
40 3 6 3 0 0.0339127
40 3 8 2 0 0.0316029
40 3 8 3 0 0.0964319
40 3 9 1 0 0.0303944
40 3 9 3 0 0.0759361
40 3 10 2 0 0.022967
40 3 12 1 0 0.0230358
40 3 12 3 0 0.0306632
40 3 13 1 0 0.0215873
40 3 13 3 0 0.034787
41 4 4 4 13 0.00165197
41 4 4 9 13 0.00156695
41 4 4 13 4 0.00151476
41 4 6 4 7 0.00379941
41 4 6 4 12 0.00489336
41 4 6 5 12 0.0137216
41 4 6 6 11 0.00848709
41 4 6 11 11 0.00909259
41 4 7 4 6 0.000493964
41 4 7 6 6 0.000701606
41 4 7 9 7 0.00203469
41 4 7 11 13 0.00175878
41 4 8 4 12 0.0049305
41 4 9 4 12 0.00307603
41 4 9 5 12 0.00412767
41 4 9 6 6 0.000738417
41 4 9 11 9 0.00595838
41 4 9 13 4 0.000793075
41 4 9 13 12 0.00303504
41 4 10 7 10 0.000362171
41 4 10 8 8 0.00336804
41 4 10 12 6 0.00050025
41 4 11 4 11 0.0135539
41 4 11 13 12 0.00402373
41 4 12 4 6 0.000921729
41 4 12 4 8 0.00435199
41 4 12 4 9 0.00644063
41 4 12 5 10 0.00157309
41 4 12 6 6 0.00079493
41 4 12 10 12 0.00727945
41 4 13 4 4 0.00198616
41 4 13 9 6 0.000550006
41 4 13 13 12 0.00512088
41 5 6 6 9 0.0143988
41 5 6 10 12 0.00945491
41 5 7 8 12 0.00553862
41 5 7 12 11 0.00268673
41 5 9 13 11 0.00429273
41 5 10 4 12 0.00349901
41 5 10 7 12 0.00289256
41 5 10 13 6 0.00060389
41 5 11 9 9 0.00350912
41 5 12 4 6 0.00106758
41 5 12 4 9 0.00567857
41 5 12 8 9 0.00848219
41 5 12 11 12 0.00541199
41 5 13 7 7 0.00118048
41 6 4 7 4 0.00109351
41 6 4 7 6 0.0019906
41 6 4 9 6 0.00153764
41 6 4 10 12 0.0146836
41 6 4 12 4 0.001742
41 6 4 12 6 0.00136992
41 6 4 13 9 0.0136192
41 6 5 10 13 0.00242569
41 6 5 12 4 0.00104532
41 6 6 4 7 0.00724657
41 6 6 4 9 0.0123956
41 6 6 4 12 0.0096912
41 6 6 9 5 0.00883686
41 6 6 11 4 0.00454976
41 6 8 11 11 0.0206401
41 6 8 13 13 0.0101542
41 6 9 5 6 0.0027108
41 6 9 10 13 0.00526837
41 6 10 9 11 0.00858992
41 6 10 12 5 0.00250037
41 6 11 4 6 0.00147617
41 6 11 8 8 0.011739
41 6 11 11 4 0.00268986
41 6 11 13 12 0.0093162
41 7 4 6 4 0.0015384
41 7 4 7 9 0.00317358
41 7 5 13 7 0.000631047
41 7 6 6 4 0.00153083
41 7 7 5 13 0.000932861
41 7 8 11 10 0.00108006
41 7 8 12 5 0.00153935
41 7 9 7 4 0.00040747
41 7 9 8 10 0.000956636
41 7 9 9 9 0.00292508
41 7 10 4 10 0.000891184
41 7 10 9 10 0.000468068
41 7 11 13 4 0.000794765
41 7 11 13 12 0.00370727
41 7 12 5 10 0.00143185
41 7 12 11 5 0.00308367
41 8 4 10 8 0.00757901
41 8 4 12 4 0.00157831
41 8 6 11 8 0.00982845
41 8 8 4 10 0.00196034
41 8 8 6 11 0.0184362
41 8 8 13 11 0.0162992
41 8 9 5 12 0.00568216
41 8 9 10 13 0.00331559
41 8 9 11 11 0.0101566
41 8 10 7 9 0.00817811
41 8 10 8 13 0.00610212
41 8 11 10 7 0.00366473
41 8 11 11 6 0.00144496
41 8 12 5 7 0.00929034
41 8 13 8 10 0.00320531
41 8 13 11 8 0.00744541
41 8 13 11 9 0.0135995
41 8 13 11 12 0.0106805
41 8 13 13 6 0.00282925
41 9 4 9 11 0.0016187
41 9 4 12 4 0.000331565
41 9 5 6 6 0.000691746
41 9 5 11 9 0.00129754
41 9 5 12 4 0.000108535
41 9 5 12 8 0.000710182
41 9 6 4 13 0.00119809
41 9 6 6 4 0.000680579
41 9 7 4 7 0.000818143
41 9 7 9 9 0.00216887
41 9 8 10 7 0.00186366
41 9 8 13 11 0.00385734
41 9 9 5 11 0.00227901
41 9 9 7 9 0.00173811
41 9 9 9 7 0.000460134
41 9 9 13 13 0.0018627
41 9 10 7 10 0.000315186
41 9 10 13 6 0.00083419
41 9 10 13 8 0.00292719
41 9 11 6 10 0.000824004
41 9 11 9 4 0.000227815
41 9 11 11 8 0.00367488
41 9 11 13 10 0.00055022
41 9 13 4 4 0.000645917
41 9 13 11 5 0.00202947
41 9 13 12 4 0.000299989
41 9 13 13 9 0.00504115
41 10 4 10 7 0.00655708
41 10 4 12 5 0.0015347
41 10 7 8 11 0.00766385
41 10 7 9 8 0.00354123
41 10 7 10 4 0.00132681
41 10 7 10 9 0.0090232
41 10 7 12 5 0.00110045
41 10 8 8 4 0.00345847
41 10 8 13 8 0.0081425
41 10 9 10 7 0.00365932
41 10 9 11 6 0.000808733
41 10 9 11 13 0.00205092
41 10 12 4 12 0.00447157
41 10 12 5 6 0.00137767
41 10 12 6 4 0.00186796
41 10 12 12 13 0.00115581
41 10 13 6 5 0.00347581
41 10 13 6 9 0.01142
41 10 13 8 9 0.0132497
41 11 4 6 6 0.00248571
41 11 4 6 11 0.00960363
41 11 4 11 4 0.00506238
41 11 5 7 12 0.00181263
41 11 5 9 13 0.00100674
41 11 6 8 11 0.0156855
41 11 6 10 9 0.0204191
41 11 8 8 6 0.00528661
41 11 8 8 13 0.00939312
41 11 8 9 11 0.0110458
41 11 9 4 9 0.00689776
41 11 9 8 13 0.00486423
41 11 9 9 5 0.00333472
41 11 10 7 8 0.00546832
41 11 11 4 6 0.00148062
41 11 11 6 8 0.0120924
41 11 11 8 9 0.0179108
41 11 12 5 12 0.0107448
41 11 12 8 13 0.00896191
41 11 13 4 7 0.00368218
41 11 13 10 9 0.0181757
41 11 13 12 4 0.00106771
41 11 13 12 6 0.00121572
41 11 13 12 7 0.0016393
41 12 4 6 4 0.0005132
41 12 4 6 5 0.00502058
41 12 4 8 4 0.000632453
41 12 4 9 4 0.000231784
41 12 4 9 5 0.00184993
41 12 4 9 13 0.00119122
41 12 4 11 13 0.00176111
41 12 4 12 10 0.000486683
41 12 4 13 13 0.00281011
41 12 5 6 10 0.000388844
41 12 5 7 8 0.00107554
41 12 5 10 4 0.00010266
41 12 5 10 7 0.000241143
41 12 5 12 11 0.000351584
41 12 6 4 10 0.00121275
41 12 6 6 4 0.000419706
41 12 6 11 13 0.001896
41 12 7 11 13 0.00127043
41 12 8 9 5 0.00208846
41 12 8 13 11 0.00263575
41 12 10 12 4 0.000153569
41 12 11 5 7 0.00110847
41 12 11 12 5 0.000891259
41 12 12 13 10 0.00123775
41 12 13 10 12 0.00580782
41 13 4 4 4 0.00237101
41 13 4 4 9 0.00752387
41 13 4 7 11 0.00565014
41 13 6 5 10 0.00322942
41 13 6 8 13 0.010108
41 13 6 9 10 0.00126164
41 13 7 7 5 0.00178249
41 13 8 9 10 0.00153184
41 13 8 10 8 0.0148472
41 13 9 6 4 0.00126933
41 13 9 9 13 0.00249385
41 13 10 9 11 0.00536504
41 13 10 12 12 0.00398687
41 13 11 5 9 0.0105543
41 13 11 8 8 0.0101996
41 13 11 9 8 0.00519601
41 13 11 12 8 0.00480291
41 13 12 4 9 0.00852557
41 13 12 4 11 0.00813642
41 13 12 4 13 0.00444961
41 13 12 6 11 0.00674692
41 13 12 7 11 0.00427832
41 13 13 6 8 0.0110451
41 13 13 9 9 0.00819768
41 13 13 12 4 0.00120938
50 1 4 2 0 0.0343743
50 1 7 1 0 0.0272571
50 1 9 1 0 0.0935595
50 1 9 2 0 0.0367518
50 1 11 1 0 0.036761
50 1 11 2 0 0.05828
50 1 12 2 0 0.0211048
50 2 4 2 0 0.0241857
50 2 7 2 0 0.0136084
50 2 9 3 0 0.0350421
50 2 11 1 0 0.0324756
50 2 11 2 0 0.0220915
50 2 11 3 0 0.0346156
50 2 12 1 0 0.0701048
50 2 13 3 0 0.0244724
50 3 5 3 0 0.0427509
50 3 6 3 0 0.0306259
50 3 8 2 0 0.0373456
50 3 8 3 0 0.0920546
50 3 9 1 0 0.0392607
50 3 9 3 0 0.0691963
50 3 10 2 0 0.0259045
50 3 12 1 0 0.0226176
50 3 12 3 0 0.0293979
50 3 13 1 0 0.0238389
50 3 13 3 0 0.0223226
51 4 4 4 13 0.00190953
51 4 4 9 13 0.00281479
51 4 4 13 4 0.00224309
51 4 6 4 7 0.0029916
51 4 6 4 12 0.00415905
51 4 6 5 12 0.0124902
51 4 6 6 11 0.0100978
51 4 6 11 11 0.0119975
51 4 7 4 6 0.000406932
51 4 7 6 6 0.000699483
51 4 7 9 7 0.00357582
51 4 7 11 13 0.00285656
51 4 8 4 12 0.00388652
51 4 9 4 12 0.00246764
51 4 9 5 12 0.00412228
51 4 9 6 6 0.000487202
51 4 9 11 9 0.00648022
51 4 9 13 4 0.000870285
51 4 9 13 12 0.00359027
51 4 10 7 10 0.000949377
51 4 10 8 8 0.0069663
51 4 10 12 6 0.000995799
51 4 11 4 11 0.0149531
51 4 11 13 12 0.00600635
51 4 12 4 6 0.000523036
51 4 12 4 8 0.00327105
51 4 12 4 9 0.00473976
51 4 12 5 10 0.00115915
51 4 12 6 6 0.000744412
51 4 12 10 12 0.0044307
51 4 13 4 4 0.00418151
51 4 13 9 6 0.00121401
51 4 13 13 12 0.0131381
51 5 6 6 9 0.0141028
51 5 6 10 12 0.00408873
51 5 7 8 12 0.00823364
51 5 7 12 11 0.00379574
51 5 9 13 11 0.003672
51 5 10 4 12 0.00394256
51 5 10 7 12 0.00413499
51 5 10 13 6 0.00107689
51 5 11 9 9 0.00672489
51 5 12 4 6 0.000337324
51 5 12 4 9 0.00375378
51 5 12 8 9 0.00850364
51 5 12 11 12 0.0035563
51 5 13 7 7 0.00284077
51 6 4 7 4 0.00172545
51 6 4 7 6 0.00173723
51 6 4 9 6 0.00151859
51 6 4 10 12 0.0102652
51 6 4 12 4 0.00242058
51 6 4 12 6 0.00155201
51 6 4 13 9 0.0142833
51 6 5 10 13 0.00319785
51 6 5 12 4 0.00149872
51 6 6 4 7 0.00330865
51 6 6 4 9 0.00465667
51 6 6 4 12 0.00431242
51 6 6 9 5 0.00499131
51 6 6 11 4 0.00206569
51 6 8 11 11 0.013318
51 6 8 13 13 0.00663158
51 6 9 5 6 0.000930072
51 6 9 10 13 0.00389396
51 6 10 9 11 0.00852936
51 6 10 12 5 0.0040397
51 6 11 4 6 0.000729247
51 6 11 8 8 0.00908334
51 6 11 11 4 0.00239198
51 6 11 13 12 0.00809089
51 7 4 6 4 0.00314399
51 7 4 7 9 0.00994425
51 7 5 13 7 0.00133567
51 7 6 6 4 0.00160278
51 7 7 5 13 0.00112755
51 7 8 11 10 0.000968236
51 7 8 12 5 0.00250316
51 7 9 7 4 0.00065444
51 7 9 8 10 0.00174547
51 7 9 9 9 0.00474414
51 7 10 4 10 0.00226803
51 7 10 9 10 0.000848737
51 7 11 13 4 0.00101508
51 7 11 13 12 0.00544158
51 7 12 5 10 0.00102441
51 7 12 11 5 0.00303169
51 8 4 10 8 0.0130453
51 8 4 12 4 0.00232163
51 8 6 11 8 0.00848343
51 8 8 4 10 0.00146836
51 8 8 6 11 0.00956419
51 8 8 13 11 0.00898302
51 8 9 5 12 0.00400907
51 8 9 10 13 0.00338214
51 8 9 11 11 0.0081841
51 8 10 7 9 0.0123884
51 8 10 8 13 0.00799439
51 8 11 10 7 0.00225962
51 8 11 11 6 0.00245957
51 8 12 5 7 0.00355122
51 8 13 8 10 0.00792149
51 8 13 11 8 0.012424
51 8 13 11 9 0.0194618
51 8 13 11 12 0.0139584
51 8 13 13 6 0.00494595
51 9 4 9 11 0.00530755
51 9 4 12 4 0.00139624
51 9 5 6 6 0.00104224
51 9 5 11 9 0.00430926
51 9 5 12 4 0.000579742
51 9 5 12 8 0.00165159
51 9 6 4 13 0.00110047
51 9 6 6 4 0.000988079
51 9 7 4 7 0.0018502
51 9 7 9 9 0.00529686
51 9 8 10 7 0.0017488
51 9 8 13 11 0.00503455
51 9 9 5 11 0.00322517
51 9 9 7 9 0.00358443
51 9 9 9 7 0.00135967
51 9 9 13 13 0.00290664
51 9 10 7 10 0.000916108
51 9 10 13 6 0.00260151
51 9 10 13 8 0.00855499
51 9 11 6 10 0.00171828
51 9 11 9 4 0.000460824
51 9 11 11 8 0.00815169
51 9 11 13 10 0.000993693
51 9 13 4 4 0.00150864
51 9 13 11 5 0.00288088
51 9 13 12 4 0.000991477
51 9 13 13 9 0.0126702
51 10 4 10 7 0.00525385
51 10 4 12 5 0.00734589
51 10 7 8 11 0.0159462
51 10 7 9 8 0.0048672
51 10 7 10 4 0.000975272
51 10 7 10 9 0.0111554
51 10 7 12 5 0.00375359
51 10 8 8 4 0.0051014
51 10 8 13 8 0.0112544
51 10 9 10 7 0.00170162
51 10 9 11 6 0.00129773
51 10 9 11 13 0.00256814
51 10 12 4 12 0.00245805
51 10 12 5 6 0.000561342
51 10 12 6 4 0.00143662
51 10 12 12 13 0.00175841
51 10 13 6 5 0.006375
51 10 13 6 9 0.018572
51 10 13 8 9 0.033313
51 11 4 6 6 0.00150631
51 11 4 6 11 0.0102783
51 11 4 11 4 0.00694498
51 11 5 7 12 0.00278318
51 11 5 9 13 0.00122861
51 11 6 8 11 0.0154637
51 11 6 10 9 0.0107202
51 11 8 8 6 0.00140314
51 11 8 8 13 0.00460555
51 11 8 9 11 0.00766617
51 11 9 4 9 0.00302023
51 11 9 8 13 0.0027066
51 11 9 9 5 0.00157324
51 11 10 7 8 0.00353227
51 11 11 4 6 0.000639595
51 11 11 6 8 0.00504029
51 11 11 8 9 0.0171918
51 11 12 5 12 0.00337814
51 11 12 8 13 0.00226444
51 11 13 4 7 0.0047068
51 11 13 10 9 0.0146625
51 11 13 12 4 0.00168334
51 11 13 12 6 0.00121631
51 11 13 12 7 0.00305633
51 12 4 6 4 0.000887735
51 12 4 6 5 0.00221394
51 12 4 8 4 0.00177401
51 12 4 9 4 0.00032404
51 12 4 9 5 0.00106795
51 12 4 9 13 0.00193531
51 12 4 11 13 0.00252342
51 12 4 12 10 0.000738085
51 12 4 13 13 0.00413603
51 12 5 6 10 0.000435678
51 12 5 7 8 0.00131478
51 12 5 10 4 0.000154761
51 12 5 10 7 0.000456007
51 12 5 12 11 0.00107267
51 12 6 4 10 0.000528899
51 12 6 6 4 0.000387023
51 12 6 11 13 0.00124658
51 12 7 11 13 0.00161673
51 12 8 9 5 0.000504059
51 12 8 13 11 0.0034387
51 12 10 12 4 0.000477586
51 12 11 5 7 0.000868884
51 12 11 12 5 0.000746134
51 12 12 13 10 0.000382962
51 12 13 10 12 0.0047765
51 13 4 4 4 0.00313002
51 13 4 4 9 0.00765418
51 13 4 7 11 0.00885954
51 13 6 5 10 0.00089683
51 13 6 8 13 0.00325651
51 13 6 9 10 0.000411595
51 13 7 7 5 0.00172437
51 13 8 9 10 0.000529114
51 13 8 10 8 0.00946882
51 13 9 6 4 0.00112724
51 13 9 9 13 0.00218643
51 13 10 9 11 0.00703018
51 13 10 12 12 0.00550434
51 13 11 5 9 0.00780553
51 13 11 8 8 0.0077208
51 13 11 9 8 0.00404858
51 13 11 12 8 0.00458149
51 13 12 4 9 0.00214359
51 13 12 4 11 0.00253654
51 13 12 4 13 0.000785661
51 13 12 6 11 0.00286052
51 13 12 7 11 0.00240905
51 13 13 6 8 0.00593996
51 13 13 9 9 0.0119275
51 13 13 12 4 0.00209575
42 4 4 4 13 0.0312375
42 4 4 9 13 0.013124
42 4 4 13 4 0.0229386
42 4 6 4 7 0.0110095
42 4 6 4 12 0.00994837
42 4 6 5 12 0.0155915
42 4 6 6 11 0.0127399
42 4 6 11 11 0.0190868
42 4 7 4 6 0.00147955
42 4 7 6 6 0.00262885
42 4 7 9 7 0.000460035
42 4 7 11 13 0.00390103
42 4 8 4 12 0.00941184
42 4 9 4 12 0.00475326
42 4 9 5 12 0.00454775
42 4 9 6 6 0.0128703
42 4 9 11 9 0.00755948
42 4 9 13 4 0.00664139
42 4 9 13 12 0.00494885
42 4 10 7 10 0.012153
42 4 10 8 8 0.0214618
42 4 10 12 6 0.0119322
42 4 11 4 11 0.0271619
42 4 11 13 12 0.00986137
42 4 12 4 6 0.00548006
42 4 12 4 8 0.00330213
42 4 12 4 9 0.00233497
42 4 12 5 10 0.00171596
42 4 12 6 6 0.00115221
42 4 12 10 12 0.00364749
42 4 13 4 4 0.00733925
42 4 13 9 6 0.00216496
42 4 13 13 12 0.0133391
42 5 6 6 9 0.0101216
42 5 6 10 12 0.0069813
42 5 7 8 12 0.000255402
42 5 7 12 11 0.00046761
42 5 9 13 11 0.00973123
42 5 10 4 12 0.00662159
42 5 10 7 12 0.00368515
42 5 10 13 6 0.021676
42 5 11 9 9 0.00164681
42 5 12 4 6 0.00528435
42 5 12 4 9 0.00125563
42 5 12 8 9 0.000690555
42 5 12 11 12 0.00013519
42 5 13 7 7 0.00235764
42 6 4 7 4 0.00149985
42 6 4 7 6 0.00394601
42 6 4 9 6 0.00364236
42 6 4 10 12 0.00336798
42 6 4 12 4 0.00248517
42 6 4 12 6 0.00433687
42 6 4 13 9 0.00381221
42 6 5 10 13 0.011131
42 6 5 12 4 0.00459202
42 6 6 4 7 0.00236549
42 6 6 4 9 0.00165146
42 6 6 4 12 0.0012959
42 6 6 9 5 0.00180363
42 6 6 11 4 0.0029874
42 6 8 11 11 0.00242878
42 6 8 13 13 0.00378721
42 6 9 5 6 0.00419384
42 6 9 10 13 0.00692939
42 6 10 9 11 0.00254375
42 6 10 12 5 0.001603
42 6 11 4 6 0.00442999
42 6 11 8 8 0.00417556
42 6 11 11 4 0.00302733
42 6 11 13 12 0.00229866
42 7 4 6 4 0.00529957
42 7 4 7 9 0.00386063
42 7 5 13 7 0.00930762
42 7 6 6 4 0.00434866
42 7 7 5 13 0.000168846
42 7 8 11 10 0.00237756
42 7 8 12 5 0.000899882
42 7 9 7 4 0.000389647
42 7 9 8 10 0.00231058
42 7 9 9 9 0.000555327
42 7 10 4 10 0.00331429
42 7 10 9 10 0.00175224
42 7 11 13 4 0.00501908
42 7 11 13 12 0.00333865
42 7 12 5 10 0.000138383
42 7 12 11 5 7.27428e-05
42 8 4 10 8 0.0109342
42 8 4 12 4 0.00295472
42 8 6 11 8 0.0114306
42 8 8 4 10 0.00159429
42 8 8 6 11 0.00301987
42 8 8 13 11 0.00538426
42 8 9 5 12 0.000948003
42 8 9 10 13 0.00431296
42 8 9 11 11 0.00415983
42 8 10 7 9 0.00182194
42 8 10 8 13 0.00516556
42 8 11 10 7 0.00313053
42 8 11 11 6 0.00791525
42 8 12 5 7 0.000111647
42 8 13 8 10 0.00309434
42 8 13 11 8 0.00740343
42 8 13 11 9 0.00410961
42 8 13 11 12 0.00375642
42 8 13 13 6 0.00281111
42 9 4 9 11 0.00381188
42 9 4 12 4 0.00326366
42 9 5 6 6 0.0436425
42 9 5 11 9 0.0140091
42 9 5 12 4 0.00414549
42 9 5 12 8 0.00815563
42 9 6 4 13 0.00571962
42 9 6 6 4 0.00243772
42 9 7 4 7 0.000282629
42 9 7 9 9 3.22315e-15
42 9 8 10 7 0.00669932
42 9 8 13 11 0.00280452
42 9 9 5 11 0.00122587
42 9 9 7 9 0.00036092
42 9 9 9 7 0.000502545
42 9 9 13 13 0.00368447
42 9 10 7 10 0.00332921
42 9 10 13 6 0.0106425
42 9 10 13 8 0.0105278
42 9 11 6 10 0.00575781
42 9 11 9 4 0.00150011
42 9 11 11 8 0.00933267
42 9 11 13 10 0.00705172
42 9 13 4 4 0.00266144
42 9 13 11 5 0.00253318
42 9 13 12 4 0.00107857
42 9 13 13 9 0.0084287
42 10 4 10 7 0.000574368
42 10 4 12 5 0.000304369
42 10 7 8 11 1.31971e-15
42 10 7 9 8 1.16104e-15
42 10 7 10 4 6.60212e-16
42 10 7 10 9 4.15938e-16
42 10 7 12 5 5.16571e-16
42 10 8 8 4 0.000552291
42 10 8 13 8 0.00186241
42 10 9 10 7 0.000686945
42 10 9 11 6 0.00186042
42 10 9 11 13 0.00138063
42 10 12 4 12 0.000177184
42 10 12 5 6 0.000321808
42 10 12 6 4 6.19255e-05
42 10 12 12 13 1.34025e-05
42 10 13 6 5 0.000609056
42 10 13 6 9 0.000743711
42 10 13 8 9 0.000343148
42 11 4 6 6 0.00899147
42 11 4 6 11 0.00569014
42 11 4 11 4 0.00806087
42 11 5 7 12 0.00537552
42 11 5 9 13 0.00607106
42 11 6 8 11 0.00849975
42 11 6 10 9 0.00301654
42 11 8 8 6 0.00643366
42 11 8 8 13 0.00568245
42 11 8 9 11 0.00151283
42 11 9 4 9 0.00234898
42 11 9 8 13 0.00481971
42 11 9 9 5 0.000861475
42 11 10 7 8 0.00311972
42 11 11 4 6 0.0044825
42 11 11 6 8 0.00556064
42 11 11 8 9 0.0034087
42 11 12 5 12 0.00074457
42 11 12 8 13 0.000948954
42 11 13 4 7 0.00216124
42 11 13 10 9 0.00127541
42 11 13 12 4 0.00120836
42 11 13 12 6 0.00171958
42 11 13 12 7 0.00166832
42 12 4 6 4 0.0012586
42 12 4 6 5 0.00163035
42 12 4 8 4 0.00295743
42 12 4 9 4 0.000876127
42 12 4 9 5 0.000808126
42 12 4 9 13 0.0013001
42 12 4 11 13 0.00269107
42 12 4 12 10 0.00084632
42 12 4 13 13 0.00474548
42 12 5 6 10 0.00280286
42 12 5 7 8 0.00226457
42 12 5 10 4 0.00126455
42 12 5 10 7 0.00113557
42 12 5 12 11 0.00156281
42 12 6 4 10 0.00116858
42 12 6 6 4 0.000868192
42 12 6 11 13 0.0026382
42 12 7 11 13 0.00044291
42 12 8 9 5 0.000146886
42 12 8 13 11 0.00118399
42 12 10 12 4 0.000454442
42 12 11 5 7 0.000389279
42 12 11 12 5 0.000350836
42 12 12 13 10 1.14535e-15
42 12 13 10 12 0.000255158
42 13 4 4 4 0.0071392
42 13 4 4 9 0.00777828
42 13 4 7 11 0.00789784
42 13 6 5 10 0.00235385
42 13 6 8 13 0.012606
42 13 6 9 10 0.00309317
42 13 7 7 5 0.000265534
42 13 8 9 10 0.00215188
42 13 8 10 8 0.0115206
42 13 9 6 4 0.000672761
42 13 9 9 13 0.00076591
42 13 10 9 11 0.00294317
42 13 10 12 12 0.00247654
42 13 11 5 9 0.00221002
42 13 11 8 8 0.00945873
42 13 11 9 8 0.00378066
42 13 11 12 8 0.00635021
42 13 12 4 9 0.000786043
42 13 12 4 11 0.000954185
42 13 12 4 13 0.00153208
42 13 12 6 11 0.000265474
42 13 12 7 11 0.000355991
42 13 13 6 8 0.00854921
42 13 13 9 9 0.00103307
42 13 13 12 4 0.00189127
43 4 4 4 13 2.93764e-15
43 4 4 9 13 0.0247958
43 4 4 13 4 2.13471e-15
43 4 6 4 7 3.78382e-15
43 4 6 4 12 3.65541e-15
43 4 6 5 12 6.13605e-15
43 4 6 6 11 0.0135368
43 4 6 11 11 0.00364815
43 4 7 4 6 6.421e-15
43 4 7 6 6 6.48923e-15
43 4 7 9 7 5.95064e-15
43 4 7 11 13 4.17698e-15
43 4 8 4 12 4.20429e-15
43 4 9 4 12 2.94974e-15
43 4 9 5 12 2.69331e-15
43 4 9 6 6 0.0069686
43 4 9 11 9 0.00117243
43 4 9 13 4 2.0952e-15
43 4 9 13 12 2.34383e-15
43 4 10 7 10 0.00100469
43 4 10 8 8 3.75022e-15
43 4 10 12 6 0.0106694
43 4 11 4 11 7.01654e-15
43 4 11 13 12 2.64767e-15
43 4 12 4 6 4.45928e-15
43 4 12 4 8 3.51693e-15
43 4 12 4 9 3.41219e-15
43 4 12 5 10 4.37832e-15
43 4 12 6 6 3.76127e-15
43 4 12 10 12 2.26602e-15
43 4 13 4 4 2.04716e-15
43 4 13 9 6 4.73117e-15
43 4 13 13 12 3.4925e-15
43 5 6 6 9 0.0346737
43 5 6 10 12 6.81539e-15
43 5 7 8 12 9.2047e-15
43 5 7 12 11 7.55022e-15
43 5 9 13 11 5.30275e-15
43 5 10 4 12 8.02055e-15
43 5 10 7 12 0.00763797
43 5 10 13 6 1.27887e-14
43 5 11 9 9 0.0243636
43 5 12 4 6 1.468e-14
43 5 12 4 9 6.07943e-15
43 5 12 8 9 5.11496e-15
43 5 12 11 12 3.70571e-15
43 5 13 7 7 5.41191e-15
43 6 4 7 4 0.00685995
43 6 4 7 6 0.013434
43 6 4 9 6 0.0416463
43 6 4 10 12 3.00159e-15
43 6 4 12 4 0.0214136
43 6 4 12 6 0.0339607
43 6 4 13 9 3.22497e-15
43 6 5 10 13 7.68161e-15
43 6 5 12 4 0.028316
43 6 6 4 7 4.99268e-15
43 6 6 4 9 4.71483e-15
43 6 6 4 12 3.80461e-15
43 6 6 9 5 0.0224307
43 6 6 11 4 0.00194324
43 6 8 11 11 0.00212288
43 6 8 13 13 4.3343e-15
43 6 9 5 6 1.00872e-14
43 6 9 10 13 5.18317e-15
43 6 10 9 11 0.0148252
43 6 10 12 5 0.00461999
43 6 11 4 6 5.81922e-15
43 6 11 8 8 3.64569e-15
43 6 11 11 4 0.00126269
43 6 11 13 12 2.81961e-15
43 7 4 6 4 0.00999392
43 7 4 7 9 0.0114865
43 7 5 13 7 6.24584e-15
43 7 6 6 4 0.00820873
43 7 7 5 13 2.53716e-15
43 7 8 11 10 0.00172834
43 7 8 12 5 0.00384201
43 7 9 7 4 0.00195992
43 7 9 8 10 5.33497e-15
43 7 9 9 9 0.0137767
43 7 10 4 10 6.81047e-15
43 7 10 9 10 0.0191649
43 7 11 13 4 2.60985e-15
43 7 11 13 12 3.40787e-15
43 7 12 5 10 4.2143e-15
43 7 12 11 5 1.57982e-15
43 8 4 10 8 3.14414e-15
43 8 4 12 4 0.0206254
43 8 6 11 8 0.00419933
43 8 8 4 10 4.53154e-15
43 8 8 6 11 0.00847177
43 8 8 13 11 4.66506e-15
43 8 9 5 12 2.65934e-15
43 8 9 10 13 4.23419e-15
43 8 9 11 11 0.00224169
43 8 10 7 9 0.00384662
43 8 10 8 13 5.7165e-15
43 8 11 10 7 5.21782e-15
43 8 11 11 6 0.00420945
43 8 12 5 7 4.59804e-15
43 8 13 8 10 5.60071e-15
43 8 13 11 8 3.72427e-15
43 8 13 11 9 4.403e-15
43 8 13 11 12 3.9632e-15
43 8 13 13 6 5.8491e-15
43 9 4 9 11 0.0219569
43 9 4 12 4 0.0131977
43 9 5 6 6 0.0221287
43 9 5 11 9 0.00190929
43 9 5 12 4 0.00971062
43 9 5 12 8 0.0108342
43 9 6 4 13 2.47207e-15
43 9 6 6 4 0.00563437
43 9 7 4 7 4.14852e-15
43 9 7 9 9 3.45723e-15
43 9 8 10 7 5.58084e-15
43 9 8 13 11 3.84504e-15
43 9 9 5 11 2.4028e-15
43 9 9 7 9 0.00279361
43 9 9 9 7 0.0103524
43 9 9 13 13 2.53438e-15
43 9 10 7 10 0.000693328
43 9 10 13 6 5.2394e-15
43 9 10 13 8 3.07223e-15
43 9 11 6 10 0.00846009
43 9 11 9 4 0.00967796
43 9 11 11 8 0.0026228
43 9 11 13 10 3.25859e-15
43 9 13 4 4 1.89747e-15
43 9 13 11 5 1.5712e-15
43 9 13 12 4 1.65728e-15
43 9 13 13 9 3.03233e-15
43 10 4 10 7 1.16859e-14
43 10 4 12 5 0.0326649
43 10 7 8 11 1.15486e-14
43 10 7 9 8 1.53143e-14
43 10 7 10 4 1.33758e-14
43 10 7 10 9 1.17045e-14
43 10 7 12 5 9.45676e-15
43 10 8 8 4 7.09865e-15
43 10 8 13 8 1.21827e-14
43 10 9 10 7 1.11866e-14
43 10 9 11 6 0.00584293
43 10 9 11 13 0.00131657
43 10 12 4 12 5.29712e-15
43 10 12 5 6 1.01649e-14
43 10 12 6 4 5.58001e-15
43 10 12 12 13 6.5109e-15
43 10 13 6 5 9.48122e-15
43 10 13 6 9 9.07092e-15
43 10 13 8 9 1.08723e-14
43 11 4 6 6 0.0149037
43 11 4 6 11 0.0165217
43 11 4 11 4 0.00303269
43 11 5 7 12 0.00792052
43 11 5 9 13 0.0167275
43 11 6 8 11 4.79058e-15
43 11 6 10 9 4.41998e-15
43 11 8 8 6 5.95745e-15
43 11 8 8 13 3.60763e-15
43 11 8 9 11 0.0126552
43 11 9 4 9 2.97109e-15
43 11 9 8 13 3.16038e-15
43 11 9 9 5 0.00496712
43 11 10 7 8 0.00338099
43 11 11 4 6 4.17765e-15
43 11 11 6 8 0.00721528
43 11 11 8 9 4.92793e-15
43 11 12 5 12 2.58624e-15
43 11 12 8 13 2.91849e-15
43 11 13 4 7 3.30837e-15
43 11 13 10 9 4.23242e-15
43 11 13 12 4 1.77318e-15
43 11 13 12 6 3.86834e-15
43 11 13 12 7 3.86356e-15
43 12 4 6 4 0.00834845
43 12 4 6 5 0.0194751
43 12 4 8 4 2.52178e-15
43 12 4 9 4 0.0196677
43 12 4 9 5 0.0168438
43 12 4 9 13 0.0235215
43 12 4 11 13 0.0022031
43 12 4 12 10 0.0290908
43 12 4 13 13 2.56303e-15
43 12 5 6 10 0.016388
43 12 5 7 8 0.00884737
43 12 5 10 4 4.48055e-15
43 12 5 10 7 8.44188e-15
43 12 5 12 11 0.0159728
43 12 6 4 10 4.78395e-15
43 12 6 6 4 0.00555189
43 12 6 11 13 0.00173413
43 12 7 11 13 3.59202e-15
43 12 8 9 5 0.00537
43 12 8 13 11 4.54111e-15
43 12 10 12 4 0.00531114
43 12 11 5 7 3.96994e-15
43 12 11 12 5 0.00524665
43 12 12 13 10 5.17919e-15
43 12 13 10 12 3.9798e-15
43 13 4 4 4 1.78006e-15
43 13 4 4 9 3.76398e-15
43 13 4 7 11 0.00695282
43 13 6 5 10 4.47686e-15
43 13 6 8 13 4.22658e-15
43 13 6 9 10 0.0357956
43 13 7 7 5 2.32005e-15
43 13 8 9 10 0.0148983
43 13 8 10 8 5.49369e-15
43 13 9 6 4 0.00334948
43 13 9 9 13 0.0122367
43 13 10 9 11 0.012733
43 13 10 12 12 0.0159245
43 13 11 5 9 3.79958e-15
43 13 11 8 8 3.54517e-15
43 13 11 9 8 0.0161459
43 13 11 12 8 0.0162087
43 13 12 4 9 3.59065e-15
43 13 12 4 11 3.30462e-15
43 13 12 4 13 3.1362e-15
43 13 12 6 11 3.13555e-15
43 13 12 7 11 3.92288e-15
43 13 13 6 8 4.30134e-15
43 13 13 9 9 4.94156e-15
43 13 13 12 4 3.21688e-15
52 4 4 4 13 0.0153419
52 4 4 9 13 0.00937698
52 4 4 13 4 4.02183e-15
52 4 6 4 7 0.0117886
52 4 6 4 12 0.00645417
52 4 6 5 12 0.00364607
52 4 6 6 11 0.00867939
52 4 6 11 11 0.00965887
52 4 7 4 6 0.00916412
52 4 7 6 6 0.0157961
52 4 7 9 7 0.0100321
52 4 7 11 13 0.00439685
52 4 8 4 12 0.00241035
52 4 9 4 12 0.00088916
52 4 9 5 12 0.000108165
52 4 9 6 6 0.0016217
52 4 9 11 9 0.000183151
52 4 9 13 4 7.88334e-16
52 4 9 13 12 6.89946e-16
52 4 10 7 10 0.00380272
52 4 10 8 8 0.0302431
52 4 10 12 6 0.0156176
52 4 11 4 11 0.00500241
52 4 11 13 12 6.2026e-16
52 4 12 4 6 0.000840705
52 4 12 4 8 0.000776101
52 4 12 4 9 0.000474305
52 4 12 5 10 5.15085e-15
52 4 12 6 6 9.5924e-15
52 4 12 10 12 0.00288645
52 4 13 4 4 0.00391668
52 4 13 9 6 0.00535548
52 4 13 13 12 5.81315e-15
52 5 6 6 9 0.00385988
52 5 6 10 12 0.00268678
52 5 7 8 12 0.0189374
52 5 7 12 11 0.00243388
52 5 9 13 11 4.21643e-16
52 5 10 4 12 0.00196143
52 5 10 7 12 0.000979923
52 5 10 13 6 2.61482e-15
52 5 11 9 9 0.000479978
52 5 12 4 6 0.00072554
52 5 12 4 9 0.000241802
52 5 12 8 9 0.000645322
52 5 12 11 12 5.79545e-05
52 5 13 7 7 0.00165146
52 6 4 7 4 0.00485918
52 6 4 7 6 0.0117587
52 6 4 9 6 0.00814135
52 6 4 10 12 0.001576
52 6 4 12 4 0.0126788
52 6 4 12 6 0.0255361
52 6 4 13 9 6.11249e-15
52 6 5 10 13 7.98219e-15
52 6 5 12 4 1.42155e-14
52 6 6 4 7 0.0119151
52 6 6 4 9 0.00578692
52 6 6 4 12 0.00583122
52 6 6 9 5 0.00432069
52 6 6 11 4 0.00625677
52 6 8 11 11 0.00500865
52 6 8 13 13 1.60844e-14
52 6 9 5 6 0.000493307
52 6 9 10 13 0.00940658
52 6 10 9 11 0.0112015
52 6 10 12 5 3.95682e-15
52 6 11 4 6 0.00547726
52 6 11 8 8 0.00941257
52 6 11 11 4 0.00206263
52 6 11 13 12 1.1598e-15
52 7 4 6 4 0.0029236
52 7 4 7 9 0.00620081
52 7 5 13 7 2.52072e-27
52 7 6 6 4 0.00765598
52 7 7 5 13 0.000218985
52 7 8 11 10 0.00269981
52 7 8 12 5 0.00402726
52 7 9 7 4 0.000315348
52 7 9 8 10 0.00912779
52 7 9 9 9 0.00125141
52 7 10 4 10 0.00975545
52 7 10 9 10 0.00850672
52 7 11 13 4 9.86604e-16
52 7 11 13 12 1.05125e-15
52 7 12 5 10 2.59641e-15
52 7 12 11 5 4.98684e-16
52 8 4 10 8 0.00122885
52 8 4 12 4 0.0133352
52 8 6 11 8 0.0138703
52 8 8 4 10 0.00188497
52 8 8 6 11 0.00110662
52 8 8 13 11 4.00197e-15
52 8 9 5 12 7.66771e-05
52 8 9 10 13 0.00551442
52 8 9 11 11 0.000306263
52 8 10 7 9 0.00180656
52 8 10 8 13 0.0293143
52 8 11 10 7 7.63886e-15
52 8 11 11 6 0.00164563
52 8 12 5 7 3.59651e-15
52 8 13 8 10 0.0147213
52 8 13 11 8 0.00391553
52 8 13 11 9 0.00236296
52 8 13 11 12 0.00177516
52 8 13 13 6 8.14392e-15
52 9 4 9 11 0.00453755
52 9 4 12 4 0.00955207
52 9 5 6 6 8.25737e-15
52 9 5 11 9 3.72282e-15
52 9 5 12 4 5.34407e-15
52 9 5 12 8 7.82545e-15
52 9 6 4 13 0.00760903
52 9 6 6 4 0.00426729
52 9 7 4 7 0.00442992
52 9 7 9 9 0.00343465
52 9 8 10 7 0.0079718
52 9 8 13 11 5.17057e-15
52 9 9 5 11 5.35938e-16
52 9 9 7 9 0.000216957
52 9 9 9 7 0.000935564
52 9 9 13 13 1.69934e-15
52 9 10 7 10 0.00295578
52 9 10 13 6 4.50936e-15
52 9 10 13 8 3.93926e-15
52 9 11 6 10 0.000616518
52 9 11 9 4 0.00072241
52 9 11 11 8 0.0031348
52 9 11 13 10 9.87676e-16
52 9 13 4 4 0.00318777
52 9 13 11 5 0.00068868
52 9 13 12 4 0.00459132
52 9 13 13 9 5.82749e-15
52 10 4 10 7 0.00231748
52 10 4 12 5 0.0069203
52 10 7 8 11 0.0170954
52 10 7 9 8 0.00697894
52 10 7 10 4 0.0117232
52 10 7 10 9 0.012466
52 10 7 12 5 0.000496322
52 10 8 8 4 0.00330692
52 10 8 13 8 7.52406e-15
52 10 9 10 7 0.00396203
52 10 9 11 6 0.000231774
52 10 9 11 13 0.000211844
52 10 12 4 12 0.00018751
52 10 12 5 6 3.1333e-15
52 10 12 6 4 1.9872e-15
52 10 12 12 13 0.000142215
52 10 13 6 5 0.000853053
52 10 13 6 9 0.00239041
52 10 13 8 9 0.00757992
52 11 4 6 6 0.003652
52 11 4 6 11 0.00224432
52 11 4 11 4 0.010448
52 11 5 7 12 1.689e-15
52 11 5 9 13 4.11463e-15
52 11 6 8 11 0.0363486
52 11 6 10 9 0.00397424
52 11 8 8 6 0.010003
52 11 8 8 13 0.0104237
52 11 8 9 11 0.00193472
52 11 9 4 9 0.000720525
52 11 9 8 13 0.00753969
52 11 9 9 5 1.22253e-15
52 11 10 7 8 0.00212888
52 11 11 4 6 0.00147292
52 11 11 6 8 0.000553362
52 11 11 8 9 0.00228871
52 11 12 5 12 1.33832e-15
52 11 12 8 13 0.00147067
52 11 13 4 7 0.00626617
52 11 13 10 9 0.00541464
52 11 13 12 4 0.00349255
52 11 13 12 6 0.00681637
52 11 13 12 7 0.00610753
52 12 4 6 4 0.00144529
52 12 4 6 5 0.00177497
52 12 4 8 4 0.00812885
52 12 4 9 4 0.00216267
52 12 4 9 5 0.00149546
52 12 4 9 13 0.00442524
52 12 4 11 13 0.00700688
52 12 4 12 10 0.0069332
52 12 4 13 13 6.87637e-15
52 12 5 6 10 1.99887e-15
52 12 5 7 8 2.49402e-15
52 12 5 10 4 1.89668e-15
52 12 5 10 7 3.51879e-15
52 12 5 12 11 3.93783e-15
52 12 6 4 10 0.00509119
52 12 6 6 4 0.00453201
52 12 6 11 13 0.0100046
52 12 7 11 13 0.00186037
52 12 8 9 5 0.000150761
52 12 8 13 11 4.4847e-15
52 12 10 12 4 0.00550412
52 12 11 5 7 0.00050435
52 12 11 12 5 1.7139e-15
52 12 12 13 10 1.12687e-15
52 12 13 10 12 0.00374133
52 13 4 4 4 0.0078431
52 13 4 4 9 0.0100363
52 13 4 7 11 0.007869
52 13 6 5 10 0.00364156
52 13 6 8 13 0.0794814
52 13 6 9 10 0.0107853
52 13 7 7 5 0.000333174
52 13 8 9 10 0.0022287
52 13 8 10 8 0.010689
52 13 9 6 4 0.000820365
52 13 9 9 13 0.00194803
52 13 10 9 11 0.00528886
52 13 10 12 12 0.00739697
52 13 11 5 9 0.000231719
52 13 11 8 8 0.0046
52 13 11 9 8 0.00133173
52 13 11 12 8 0.00301704
52 13 12 4 9 0.000392122
52 13 12 4 11 0.000406561
52 13 12 4 13 0.000767027
52 13 12 6 11 4.08772e-15
52 13 12 7 11 5.40135e-15
52 13 13 6 8 0.00619667
52 13 13 9 9 0.00405173
52 13 13 12 4 0.00647067
53 4 4 4 13 2.82955e-15
53 4 4 9 13 2.48121e-15
53 4 4 13 4 3.3536e-15
53 4 6 4 7 4.01e-15
53 4 6 4 12 3.18081e-15
53 4 6 5 12 5.52176e-15
53 4 6 6 11 1.05637e-14
53 4 6 11 11 5.66586e-15
53 4 7 4 6 5.42168e-15
53 4 7 6 6 1.41419e-14
53 4 7 9 7 4.78261e-15
53 4 7 11 13 5.5041e-15
53 4 8 4 12 3.59087e-15
53 4 9 4 12 2.44245e-15
53 4 9 5 12 2.3189e-15
53 4 9 6 6 8.9551e-15
53 4 9 11 9 3.47232e-15
53 4 9 13 4 2.91775e-15
53 4 9 13 12 2.43016e-15
53 4 10 7 10 1.38068e-15
53 4 10 8 8 3.37766e-15
53 4 10 12 6 5.66214e-15
53 4 11 4 11 7.2275e-15
53 4 11 13 12 2.80037e-15
53 4 12 4 6 3.88791e-15
53 4 12 4 8 3.56397e-15
53 4 12 4 9 2.08422e-15
53 4 12 5 10 4.46631e-15
53 4 12 6 6 8.59954e-15
53 4 12 10 12 2.13745e-15
53 4 13 4 4 2.52043e-15
53 4 13 9 6 3.32346e-15
53 4 13 13 12 3.87312e-15
53 5 6 6 9 1.48119e-14
53 5 6 10 12 3.3084e-15
53 5 7 8 12 6.47455e-15
53 5 7 12 11 5.29932e-15
53 5 9 13 11 3.9221e-15
53 5 10 4 12 4.01465e-15
53 5 10 7 12 1.30131e-15
53 5 10 13 6 7.78768e-15
53 5 11 9 9 2.38993e-15
53 5 12 4 6 6.96441e-15
53 5 12 4 9 2.3297e-15
53 5 12 8 9 2.16298e-15
53 5 12 11 12 3.03693e-15
53 5 13 7 7 9.00168e-16
53 6 4 7 4 1.45169e-15
53 6 4 7 6 1.86667e-15
53 6 4 9 6 3.5521e-15
53 6 4 10 12 2.89037e-15
53 6 4 12 4 4.32033e-15
53 6 4 12 6 4.85861e-15
53 6 4 13 9 4.73694e-15
53 6 5 10 13 0.0703719
53 6 5 12 4 0.139458
53 6 6 4 7 4.86166e-15
53 6 6 4 9 3.18175e-15
53 6 6 4 12 3.52138e-15
53 6 6 9 5 8.25204e-15
53 6 6 11 4 4.91778e-15
53 6 8 11 11 9.50551e-15
53 6 8 13 13 6.69471e-15
53 6 9 5 6 7.88352e-15
53 6 9 10 13 3.40287e-15
53 6 10 9 11 5.30634e-15
53 6 10 12 5 5.84141e-15
53 6 11 4 6 5.19553e-15
53 6 11 8 8 3.26893e-15
53 6 11 11 4 4.6098e-15
53 6 11 13 12 3.00736e-15
53 7 4 6 4 5.88227e-15
53 7 4 7 9 1.64347e-15
53 7 5 13 7 0.0768183
53 7 6 6 4 6.90821e-15
53 7 7 5 13 1.4507e-15
53 7 8 11 10 6.40828e-15
53 7 8 12 5 3.31845e-15
53 7 9 7 4 1.08475e-15
53 7 9 8 10 6.67839e-15
53 7 9 9 9 2.15453e-15
53 7 10 4 10 6.90892e-15
53 7 10 9 10 4.86026e-15
53 7 11 13 4 3.63283e-15
53 7 11 13 12 2.64547e-15
53 7 12 5 10 3.23554e-15
53 7 12 11 5 3.4245e-15
53 8 4 10 8 2.54325e-15
53 8 4 12 4 3.88003e-15
53 8 6 11 8 6.63831e-15
53 8 8 4 10 4.78281e-15
53 8 8 6 11 1.32624e-14
53 8 8 13 11 5.46896e-15
53 8 9 5 12 2.24874e-15
53 8 9 10 13 2.77997e-15
53 8 9 11 11 6.19814e-15
53 8 10 7 9 2.70448e-15
53 8 10 8 13 6.91929e-15
53 8 11 10 7 3.26805e-15
53 8 11 11 6 8.28066e-15
53 8 12 5 7 3.05502e-15
53 8 13 8 10 9.78972e-15
53 8 13 11 8 6.22699e-15
53 8 13 11 9 4.3622e-15
53 8 13 11 12 4.08234e-15
53 8 13 13 6 7.05203e-15
53 9 4 9 11 2.14854e-15
53 9 4 12 4 2.66198e-15
53 9 5 6 6 0.268146
53 9 5 11 9 0.0458807
53 9 5 12 4 0.0446651
53 9 5 12 8 0.0358609
53 9 6 4 13 2.32857e-15
53 9 6 6 4 5.94464e-15
53 9 7 4 7 3.37868e-15
53 9 7 9 9 2.36612e-15
53 9 8 10 7 3.3491e-15
53 9 8 13 11 5.50384e-15
53 9 9 5 11 2.11708e-15
53 9 9 7 9 1.32482e-15
53 9 9 9 7 2.12738e-15
53 9 9 13 13 3.70856e-15
53 9 10 7 10 1.01429e-15
53 9 10 13 6 6.25108e-15
53 9 10 13 8 7.01561e-15
53 9 11 6 10 1.13916e-14
53 9 11 9 4 2.19426e-15
53 9 11 11 8 6.69845e-15
53 9 11 13 10 5.16675e-15
53 9 13 4 4 2.24208e-15
53 9 13 11 5 3.64587e-15
53 9 13 12 4 2.88929e-15
53 9 13 13 9 4.69504e-15
53 10 4 10 7 4.47138e-15
53 10 4 12 5 4.74811e-15
53 10 7 8 11 7.68182e-15
53 10 7 9 8 6.50431e-15
53 10 7 10 4 4.57009e-15
53 10 7 10 9 3.81629e-15
53 10 7 12 5 6.1766e-15
53 10 8 8 4 6.92104e-15
53 10 8 13 8 1.40993e-14
53 10 9 10 7 3.79054e-15
53 10 9 11 6 8.38108e-15
53 10 9 11 13 4.19523e-15
53 10 12 4 12 3.27897e-15
53 10 12 5 6 4.93166e-15
53 10 12 6 4 7.77218e-15
53 10 12 12 13 6.19721e-15
53 10 13 6 5 1.06246e-14
53 10 13 6 9 9.54107e-15
53 10 13 8 9 4.42453e-15
53 11 4 6 6 8.39958e-15
53 11 4 6 11 6.61917e-15
53 11 4 11 4 5.8704e-15
53 11 5 7 12 0.0100143
53 11 5 9 13 0.0311754
53 11 6 8 11 3.47761e-15
53 11 6 10 9 2.23252e-15
53 11 8 8 6 7.10963e-15
53 11 8 8 13 4.62368e-15
53 11 8 9 11 2.92121e-15
53 11 9 4 9 1.67337e-15
53 11 9 8 13 3.34701e-15
53 11 9 9 5 2.32297e-15
53 11 10 7 8 2.21219e-15
53 11 11 4 6 3.73676e-15
53 11 11 6 8 6.95212e-15
53 11 11 8 9 2.93157e-15
53 11 12 5 12 1.84732e-15
53 11 12 8 13 3.21982e-15
53 11 13 4 7 4.13096e-15
53 11 13 10 9 2.14677e-15
53 11 13 12 4 2.83748e-15
53 11 13 12 6 4.01616e-15
53 11 13 12 7 4.43765e-15
53 12 4 6 4 5.5768e-15
53 12 4 6 5 9.69113e-15
53 12 4 8 4 4.10868e-15
53 12 4 9 4 2.0659e-15
53 12 4 9 5 2.55367e-15
53 12 4 9 13 1.39886e-15
53 12 4 11 13 2.22171e-15
53 12 4 12 10 3.14519e-15
53 12 4 13 13 2.81777e-15
53 12 5 6 10 0.136464
53 12 5 7 8 0.0279853
53 12 5 10 4 0.0276266
53 12 5 10 7 0.042979
53 12 5 12 11 0.042554
53 12 6 4 10 3.35658e-15
53 12 6 6 4 5.44621e-15
53 12 6 11 13 2.5792e-15
53 12 7 11 13 3.2444e-15
53 12 8 9 5 2.57781e-15
53 12 8 13 11 4.73536e-15
53 12 10 12 4 3.40711e-15
53 12 11 5 7 2.57654e-15
53 12 11 12 5 2.16307e-15
53 12 12 13 10 4.14464e-15
53 12 13 10 12 1.72741e-15
53 13 4 4 4 2.47462e-15
53 13 4 4 9 2.40409e-15
53 13 4 7 11 1.44198e-15
53 13 6 5 10 6.01344e-15
53 13 6 8 13 5.19175e-15
53 13 6 9 10 5.05894e-15
53 13 7 7 5 1.65699e-15
53 13 8 9 10 5.01758e-15
53 13 8 10 8 5.20803e-15
53 13 9 6 4 5.43832e-15
53 13 9 9 13 3.53573e-15
53 13 10 9 11 4.42533e-15
53 13 10 12 12 6.07018e-15
53 13 11 5 9 4.16077e-15
53 13 11 8 8 3.41326e-15
53 13 11 9 8 3.60344e-15
53 13 11 12 8 4.19143e-15
53 13 12 4 9 2.21287e-15
53 13 12 4 11 3.31522e-15
53 13 12 4 13 3.28707e-15
53 13 12 6 11 8.57452e-15
53 13 12 7 11 1.2304e-15
53 13 13 6 8 1.34741e-14
53 13 13 9 9 3.3425e-15
53 13 13 12 4 4.66749e-15
44 4 6 6 11 0.032622
44 4 7 6 6 0.0276914
44 4 9 6 6 0.0212904
44 4 12 6 6 0.0239809
44 5 6 6 9 0.0483419
44 7 4 6 4 0.040542
44 7 6 6 4 0.0856275
44 8 8 6 11 0.0214051
44 9 5 6 6 0.0353306
44 9 6 6 4 0.090909
44 9 11 6 10 0.0604541
44 10 12 6 4 0.0410585
44 10 13 6 5 0.0453087
44 10 13 6 9 0.0186365
44 11 4 6 6 0.0290629
44 11 4 6 11 0.0230705
44 11 11 6 8 0.0242663
44 12 4 6 4 0.048193
44 12 4 6 5 0.0934471
44 12 5 6 10 0.0393576
44 12 6 6 4 0.0726425
44 13 9 6 4 0.0336236
44 13 12 6 11 0.0183156
44 13 13 6 8 0.0248222
45 4 4 4 13 0.00876995
45 4 4 13 4 0.00247385
45 4 6 4 7 0.0061094
45 4 6 4 12 0.00599472
45 4 6 5 12 0.0173173
45 4 6 6 11 0.0069456
45 4 6 11 11 0.00197634
45 4 7 4 6 0.024233
45 4 7 6 6 0.00848075
45 4 7 11 13 0.0028624
45 4 8 4 12 0.00577446
45 4 9 4 12 0.00412656
45 4 9 5 12 0.00748155
45 4 9 6 6 0.00773581
45 4 9 11 9 0.000589421
45 4 9 13 4 0.00165996
45 4 9 13 12 0.000529398
45 4 10 8 8 0.00110674
45 4 10 12 6 0.00392472
45 4 11 4 11 0.0171371
45 4 11 13 12 0.00064296
45 4 12 4 6 0.0148988
45 4 12 4 8 0.00288129
45 4 12 4 9 0.00232897
45 4 12 6 6 0.0033673
45 4 13 4 4 0.0187177
45 4 13 13 12 0.000621527
45 5 6 6 9 0.00538146
45 5 6 10 12 0.000988445
45 5 7 8 12 0.00104997
45 5 7 12 11 0.000594412
45 5 9 13 11 0.00079171
45 5 10 4 12 0.00666921
45 5 10 7 12 0.00113569
45 5 10 13 6 0.00430039
45 5 12 4 6 0.0306522
45 5 12 4 9 0.00232527
45 5 12 8 9 0.000261083
45 5 12 11 12 0.000365958
45 5 13 7 7 0.000889231
45 6 4 7 4 0.00381711
45 6 4 7 6 0.00432933
45 6 4 10 12 0.000403418
45 6 4 12 4 0.00511359
45 6 4 12 6 0.00519084
45 6 4 13 9 0.000260038
45 6 5 10 13 0.000513909
45 6 5 12 4 0.00924464
45 6 6 4 9 0.00446061
45 6 6 4 12 0.00718086
45 6 6 11 4 0.00528607
45 6 8 11 11 0.00320953
45 6 8 13 13 0.00215356
45 6 9 5 6 0.0913965
45 6 9 10 13 0.0015565
45 6 10 12 5 0.00404543
45 6 11 4 6 0.0268943
45 6 11 11 4 0.00349014
45 6 11 13 12 0.000731345
45 7 4 6 4 0.00846536
45 7 4 7 9 0.000948339
45 7 5 13 7 0.000440317
45 7 6 6 4 0.0119036
45 7 7 5 13 0.0110157
45 7 8 12 5 0.00627485
45 7 9 7 4 0.00263738
45 7 11 13 4 0.00220233
45 7 11 13 12 0.000771875
45 7 12 11 5 0.0010991
45 8 4 10 8 0.00055096
45 8 4 12 4 0.0058287
45 8 8 6 11 0.0103196
45 8 8 13 11 0.00235135
45 8 9 5 12 0.00874096
45 8 9 10 13 0.00168925
45 8 9 11 11 0.00279402
45 8 10 7 9 0.00208872
45 8 10 8 13 0.00630185
45 8 11 10 7 0.000423848
45 8 11 11 6 0.00451911
45 8 12 5 7 0.00506497
45 8 13 11 8 0.00111082
45 8 13 11 9 0.00131593
45 8 13 11 12 0.00137854
45 8 13 13 6 0.00331367
45 9 4 12 4 0.00476556
45 9 5 6 6 0.0239225
45 9 5 11 9 0.00101426
45 9 5 12 4 0.00465585
45 9 5 12 8 0.00067476
45 9 6 4 13 0.0149491
45 9 6 6 4 0.0149065
45 9 7 4 7 0.00304405
45 9 8 10 7 0.000298683
45 9 8 13 11 0.00135694
45 9 9 5 11 0.0111403
45 9 9 7 9 0.000654587
45 9 9 13 13 0.00196738
45 9 10 13 6 0.00368273
45 9 10 13 8 0.00063792
45 9 11 11 8 0.000738124
45 9 13 4 4 0.0229829
45 9 13 11 5 0.0035662
45 9 13 12 4 0.00453239
45 9 13 13 9 0.000480828
45 10 4 10 7 0.000673406
45 10 4 12 5 0.00597729
45 10 7 8 11 0.00198672
45 10 7 10 4 0.00492769
45 10 7 10 9 0.00102645
45 10 7 12 5 0.00191727
45 10 8 8 4 0.00716516
45 10 8 13 8 0.00106637
45 10 9 10 7 0.000651255
45 10 9 11 6 0.00503894
45 10 9 11 13 0.00259108
45 10 12 4 12 0.00436727
45 10 12 5 6 0.019388
45 10 12 6 4 0.00414257
45 10 13 6 5 0.0159401
45 10 13 6 9 0.00333423
45 10 13 8 9 0.00165749
45 11 4 6 6 0.0115355
45 11 4 6 11 0.0066139
45 11 4 11 4 0.0121117
45 11 5 7 12 0.00100276
45 11 6 8 11 0.00259341
45 11 6 10 9 0.00117356
45 11 8 8 6 0.00962081
45 11 8 8 13 0.00594098
45 11 9 4 9 0.0045017
45 11 9 8 13 0.00292183
45 11 10 7 8 0.000799241
45 11 11 4 6 0.0191646
45 11 11 6 8 0.00252972
45 11 11 8 9 0.00186278
45 11 12 5 12 0.00508646
45 11 12 8 13 0.00111651
45 11 13 4 7 0.00551817
45 11 13 10 9 0.000707928
45 11 13 12 4 0.00415489
45 11 13 12 6 0.00455319
45 11 13 12 7 0.000953927
45 12 4 6 4 0.0111754
45 12 4 6 5 0.0289684
45 12 4 8 4 0.00658481
45 12 4 11 13 0.00361718
45 12 4 13 13 0.00241068
45 12 5 7 8 0.000471471
45 12 5 10 4 0.00149136
45 12 5 10 7 0.000156353
45 12 5 12 11 0.00164196
45 12 6 6 4 0.00870232
45 12 6 11 13 0.00256615
45 12 7 11 13 0.00387532
45 12 8 13 11 0.00132284
45 12 10 12 4 0.00383023
45 12 11 5 7 0.00346778
45 12 11 12 5 0.00421097
45 12 13 10 12 0.000993773
45 13 4 4 4 0.0208711
45 13 4 4 9 0.00591397
45 13 4 7 11 0.00220135
45 13 6 8 13 0.00272265
45 13 7 7 5 0.0026886
45 13 8 10 8 0.000758
45 13 9 6 4 0.0101007
45 13 11 5 9 0.0087964
45 13 11 8 8 0.00191157
45 13 11 12 8 0.00126384
45 13 12 4 9 0.00382987
45 13 12 4 11 0.00717808
45 13 12 4 13 0.00922544
45 13 12 6 11 0.00256532
45 13 13 6 8 0.00490428
45 13 13 12 4 0.00637402
54 6 12 6 5 1
55 4 6 4 12 0.0424051
55 4 6 5 12 0.0540797
55 4 8 4 12 0.0391085
55 4 9 4 12 0.0313275
55 4 9 5 12 0.021725
55 4 9 13 12 0.0267402
55 4 11 13 12 0.0264855
55 4 12 10 12 0.033818
55 4 13 13 12 0.0350112
55 5 6 10 12 0.0606275
55 5 7 8 12 0.0279658
55 5 10 4 12 0.0387605
55 5 10 7 12 0.041676
55 5 12 11 12 0.019866
55 6 4 10 12 0.0987918
55 6 6 4 12 0.0660857
55 6 11 13 12 0.0470633
55 7 11 13 12 0.0236638
55 8 9 5 12 0.0185732
55 8 13 11 12 0.0362312
55 10 12 4 12 0.0189848
55 11 5 7 12 0.0470466
55 11 12 5 12 0.0180697
55 12 13 10 12 0.0897233
55 13 10 12 12 0.03617
46 4 4 4 13 0.00296011
46 4 4 9 13 0.00234759
46 4 4 13 4 0.00362739
46 4 6 4 7 0.00479082
46 4 6 4 12 0.00536781
46 4 6 5 12 0.0116334
46 4 6 6 11 0.00438716
46 4 6 11 11 0.0043566
46 4 7 4 6 0.00454783
46 4 7 6 6 0.00566126
46 4 7 9 7 0.00328216
46 4 7 11 13 0.00611973
46 4 8 4 12 0.00342829
46 4 9 4 12 0.00290182
46 4 9 5 12 0.00355303
46 4 9 6 6 0.00358282
46 4 9 11 9 0.0023158
46 4 9 13 4 0.00246542
46 4 9 13 12 0.00219492
46 4 10 7 10 0.00154703
46 4 10 8 8 0.00228223
46 4 10 12 6 0.00329575
46 4 11 4 11 0.00517474
46 4 11 13 12 0.00262959
46 4 12 4 6 0.00275814
46 4 12 4 8 0.00110672
46 4 12 4 9 0.00377651
46 4 12 5 10 0.000768698
46 4 12 6 6 0.0027832
46 4 12 10 12 0.00213216
46 4 13 4 4 0.00296163
46 4 13 9 6 0.00185811
46 4 13 13 12 0.00355537
46 5 6 6 9 0.0109578
46 5 6 10 12 0.00457252
46 5 7 8 12 0.00454035
46 5 7 12 11 0.00226043
46 5 9 13 11 0.00252659
46 5 10 4 12 0.00575983
46 5 10 7 12 0.00369077
46 5 10 13 6 0.00396008
46 5 11 9 9 0.00266436
46 5 12 4 6 0.00839638
46 5 12 4 9 0.00585233
46 5 12 8 9 0.00417062
46 5 12 11 12 0.00508778
46 5 13 7 7 0.000882299
46 6 4 7 4 0.00260634
46 6 4 7 6 0.00389245
46 6 4 9 6 0.00421656
46 6 4 10 12 0.00457908
46 6 4 12 4 0.0037868
46 6 4 12 6 0.00341598
46 6 4 13 9 0.00322825
46 6 5 10 13 0.00512717
46 6 5 12 4 0.00756655
46 6 6 4 7 0.00666111
46 6 6 4 9 0.00807038
46 6 6 4 12 0.00683921
46 6 6 9 5 0.00415103
46 6 6 11 4 0.00677744
46 6 8 11 11 0.0039867
46 6 8 13 13 0.00266063
46 6 9 5 6 0.00727233
46 6 9 10 13 0.00291306
46 6 10 9 11 0.00320254
46 6 10 12 5 0.00364467
46 6 11 4 6 0.00386603
46 6 11 8 8 0.00296256
46 6 11 11 4 0.00402844
46 6 11 13 12 0.00328043
46 7 4 6 4 0.00804398
46 7 4 7 9 0.00931435
46 7 5 13 7 0.0023978
46 7 6 6 4 0.00757592
46 7 7 5 13 0.00395524
46 7 8 11 10 0.00125619
46 7 8 12 5 0.00112961
46 7 9 7 4 0.00381669
46 7 9 8 10 0.00449105
46 7 9 9 9 0.00435597
46 7 10 4 10 0.00241891
46 7 10 9 10 0.00149754
46 7 11 13 4 0.00350176
46 7 11 13 12 0.00340693
46 7 12 5 10 0.00115725
46 7 12 11 5 0.0048101
46 8 4 10 8 0.00310891
46 8 4 12 4 0.00649557
46 8 6 11 8 0.00707259
46 8 8 4 10 0.00144873
46 8 8 6 11 0.00743059
46 8 8 13 11 0.00486359
46 8 9 5 12 0.00722524
46 8 9 10 13 0.00532791
46 8 9 11 11 0.00953557
46 8 10 7 9 0.0157662
46 8 10 8 13 0.00667801
46 8 11 10 7 0.00393254
46 8 11 11 6 0.00655392
46 8 12 5 7 0.00777452
46 8 13 8 10 0.00230263
46 8 13 11 8 0.00367681
46 8 13 11 9 0.00701899
46 8 13 11 12 0.00836953
46 8 13 13 6 0.00480621
46 9 4 9 11 0.00344321
46 9 4 12 4 0.00368571
46 9 5 6 6 0.0175321
46 9 5 11 9 0.00657773
46 9 5 12 4 0.00450634
46 9 5 12 8 0.00203821
46 9 6 4 13 0.00450726
46 9 6 6 4 0.00689152
46 9 7 4 7 0.0072102
46 9 7 9 9 0.00738079
46 9 8 10 7 0.00362622
46 9 8 13 11 0.00348872
46 9 9 5 11 0.00527948
46 9 9 7 9 0.00756783
46 9 9 9 7 0.00246486
46 9 9 13 13 0.00460817
46 9 10 7 10 0.00188452
46 9 10 13 6 0.00546842
46 9 10 13 8 0.00348176
46 9 11 6 10 0.0022513
46 9 11 9 4 0.00232897
46 9 11 11 8 0.00299514
46 9 11 13 10 0.00237033
46 9 13 4 4 0.00357546
46 9 13 11 5 0.00313742
46 9 13 12 4 0.00235657
46 9 13 13 9 0.00403207
46 10 4 10 7 0.00636306
46 10 4 12 5 0.00302208
46 10 7 8 11 0.00408328
46 10 7 9 8 0.0032256
46 10 7 10 4 0.00804864
46 10 7 10 9 0.00696373
46 10 7 12 5 0.00339661
46 10 8 8 4 0.00346842
46 10 8 13 8 0.00331885
46 10 9 10 7 0.00428909
46 10 9 11 6 0.00579246
46 10 9 11 13 0.00514803
46 10 12 4 12 0.00543279
46 10 12 5 6 0.00594413
46 10 12 6 4 0.00576034
46 10 12 12 13 0.0028032
46 10 13 6 5 0.00434571
46 10 13 6 9 0.00694342
46 10 13 8 9 0.00537109
46 11 4 6 6 0.0064357
46 11 4 6 11 0.00575977
46 11 4 11 4 0.012671
46 11 5 7 12 0.00490648
46 11 5 9 13 0.00265075
46 11 6 8 11 0.00621018
46 11 6 10 9 0.00684675
46 11 8 8 6 0.00252532
46 11 8 8 13 0.0029493
46 11 8 9 11 0.00257088
46 11 9 4 9 0.00534583
46 11 9 8 13 0.003463
46 11 9 9 5 0.00135955
46 11 10 7 8 0.00295911
46 11 11 4 6 0.00445044
46 11 11 6 8 0.00353979
46 11 11 8 9 0.00758648
46 11 12 5 12 0.00612465
46 11 12 8 13 0.00349661
46 11 13 4 7 0.00439425
46 11 13 10 9 0.00318899
46 11 13 12 4 0.00219928
46 11 13 12 6 0.00214302
46 11 13 12 7 0.00197072
46 12 4 6 4 0.00825313
46 12 4 6 5 0.0095733
46 12 4 8 4 0.00502415
46 12 4 9 4 0.0037154
46 12 4 9 5 0.00198332
46 12 4 9 13 0.00274701
46 12 4 11 13 0.00502298
46 12 4 12 10 0.00160823
46 12 4 13 13 0.00444603
46 12 5 6 10 0.00189114
46 12 5 7 8 0.00215953
46 12 5 10 4 0.00343584
46 12 5 10 7 0.00315274
46 12 5 12 11 0.00159306
46 12 6 4 10 0.0018067
46 12 6 6 4 0.00682749
46 12 6 11 13 0.00606502
46 12 7 11 13 0.00825645
46 12 8 9 5 0.00122319
46 12 8 13 11 0.00260219
46 12 10 12 4 0.00556492
46 12 11 5 7 0.00451014
46 12 11 12 5 0.00150878
46 12 12 13 10 0.00366102
46 12 13 10 12 0.00394156
46 13 4 4 4 0.00623265
46 13 4 4 9 0.00834681
46 13 4 7 11 0.00411536
46 13 6 5 10 0.00193821
46 13 6 8 13 0.00626862
46 13 6 9 10 0.0022986
46 13 7 7 5 0.00194494
46 13 8 9 10 0.00192481
46 13 8 10 8 0.00293978
46 13 9 6 4 0.0077774
46 13 9 9 13 0.00337075
46 13 10 9 11 0.00377146
46 13 10 12 12 0.00499066
46 13 11 5 9 0.00486501
46 13 11 8 8 0.00376188
46 13 11 9 8 0.00191737
46 13 11 12 8 0.00196318
46 13 12 4 9 0.00519815
46 13 12 4 11 0.00375461
46 13 12 4 13 0.00410947
46 13 12 6 11 0.00368223
46 13 12 7 11 0.00267984
46 13 13 6 8 0.00310321
46 13 13 9 9 0.00758974
46 13 13 12 4 0.00399422
47 4 4 4 13 0.00282768
47 4 4 9 13 0.00388836
47 4 4 13 4 0.00310452
47 4 6 4 7 0.00690362
47 4 6 4 12 0.00667509
47 4 6 5 12 0.0111252
47 4 6 6 11 0.00701745
47 4 6 11 11 0.00248333
47 4 7 4 6 0.00695563
47 4 7 6 6 0.00691636
47 4 7 9 7 0.0052823
47 4 7 11 13 0.00310519
47 4 8 4 12 0.00569039
47 4 9 4 12 0.00332147
47 4 9 5 12 0.00326567
47 4 9 6 6 0.00430266
47 4 9 11 9 0.00153037
47 4 9 13 4 0.00285136
47 4 9 13 12 0.00180292
47 4 10 7 10 0.00615686
47 4 10 8 8 0.00325231
47 4 10 12 6 0.00394923
47 4 11 4 11 0.00977984
47 4 11 13 12 0.00297957
47 4 12 4 6 0.00526021
47 4 12 4 8 0.00359565
47 4 12 4 9 0.00407084
47 4 12 5 10 0.00217979
47 4 12 6 6 0.00517147
47 4 12 10 12 0.00249144
47 4 13 4 4 0.00447348
47 4 13 9 6 0.00868656
47 4 13 13 12 0.0038403
47 5 6 6 9 0.0147306
47 5 6 10 12 0.00727495
47 5 7 8 12 0.00527859
47 5 7 12 11 0.00480751
47 5 9 13 11 0.00274719
47 5 10 4 12 0.00703193
47 5 10 7 12 0.00618581
47 5 10 13 6 0.0077502
47 5 11 9 9 0.00546171
47 5 12 4 6 0.0109113
47 5 12 4 9 0.00456094
47 5 12 8 9 0.00357366
47 5 12 11 12 0.00183318
47 5 13 7 7 0.00414066
47 6 4 7 4 0.00607396
47 6 4 7 6 0.00683771
47 6 4 9 6 0.00728329
47 6 4 10 12 0.0023112
47 6 4 12 4 0.00417868
47 6 4 12 6 0.00409441
47 6 4 13 9 0.0031793
47 6 5 10 13 0.00428446
47 6 5 12 4 0.00551293
47 6 6 4 7 0.0101161
47 6 6 4 9 0.0134387
47 6 6 4 12 0.00837554
47 6 6 9 5 0.0186753
47 6 6 11 4 0.00657158
47 6 8 11 11 0.00416814
47 6 8 13 13 0.00776597
47 6 9 5 6 0.0154273
47 6 9 10 13 0.00786531
47 6 10 9 11 0.00872094
47 6 10 12 5 0.00587267
47 6 11 4 6 0.00988686
47 6 11 8 8 0.00724555
47 6 11 11 4 0.00473759
47 6 11 13 12 0.00351264
47 7 4 6 4 0.00539183
47 7 4 7 9 0.00512767
47 7 5 13 7 0.00164192
47 7 6 6 4 0.0118433
47 7 7 5 13 0.00402323
47 7 8 11 10 0.00255816
47 7 8 12 5 0.00450371
47 7 9 7 4 0.00617334
47 7 9 8 10 0.00297627
47 7 9 9 9 0.00468942
47 7 10 4 10 0.00555919
47 7 10 9 10 0.00670865
47 7 11 13 4 0.00750449
47 7 11 13 12 0.00378155
47 7 12 5 10 0.00262045
47 7 12 11 5 0.00193253
47 8 4 10 8 0.00358805
47 8 4 12 4 0.00472454
47 8 6 11 8 0.00562212
47 8 8 4 10 0.00454142
47 8 8 6 11 0.0101233
47 8 8 13 11 0.00597786
47 8 9 5 12 0.00476848
47 8 9 10 13 0.00787256
47 8 9 11 11 0.00282538
47 8 10 7 9 0.0123984
47 8 10 8 13 0.0145214
47 8 11 10 7 0.00806097
47 8 11 11 6 0.00639841
47 8 12 5 7 0.0060147
47 8 13 8 10 0.00721496
47 8 13 11 8 0.00530102
47 8 13 11 9 0.00549146
47 8 13 11 12 0.00470336
47 8 13 13 6 0.00849985
47 9 4 9 11 0.00588713
47 9 4 12 4 0.00554668
47 9 5 6 6 0.0105757
47 9 5 11 9 0.00217576
47 9 5 12 4 0.00397743
47 9 5 12 8 0.00253778
47 9 6 4 13 0.0122711
47 9 6 6 4 0.0161893
47 9 7 4 7 0.00857676
47 9 7 9 9 0.00684441
47 9 8 10 7 0.011973
47 9 8 13 11 0.006779
47 9 9 5 11 0.00648254
47 9 9 7 9 0.00588861
47 9 9 9 7 0.00656322
47 9 9 13 13 0.00591776
47 9 10 7 10 0.011074
47 9 10 13 6 0.0090401
47 9 10 13 8 0.00625489
47 9 11 6 10 0.0101005
47 9 11 9 4 0.0123424
47 9 11 11 8 0.0063664
47 9 11 13 10 0.00853491
47 9 13 4 4 0.00916857
47 9 13 11 5 0.00563547
47 9 13 12 4 0.00874882
47 9 13 13 9 0.0092305
47 10 4 10 7 0.00255271
47 10 4 12 5 0.00257203
47 10 7 8 11 0.0030654
47 10 7 9 8 0.00611747
47 10 7 10 4 0.00434851
47 10 7 10 9 0.00538329
47 10 7 12 5 0.00418708
47 10 8 8 4 0.00347327
47 10 8 13 8 0.00423823
47 10 9 10 7 0.00249057
47 10 9 11 6 0.00177453
47 10 9 11 13 0.00305359
47 10 12 4 12 0.00296219
47 10 12 5 6 0.00315245
47 10 12 6 4 0.00320842
47 10 12 12 13 0.00567905
47 10 13 6 5 0.00567102
47 10 13 6 9 0.00721481
47 10 13 8 9 0.00595429
47 11 4 6 6 4.11159e-15
47 11 4 6 11 3.15093e-15
47 11 4 11 4 3.56061e-15
47 11 5 7 12 2.08972e-15
47 11 5 9 13 2.40346e-15
47 11 6 8 11 6.40543e-15
47 11 6 10 9 6.42232e-15
47 11 8 8 6 7.96695e-15
47 11 8 8 13 5.15226e-15
47 11 8 9 11 5.27272e-15
47 11 9 4 9 3.31641e-15
47 11 9 8 13 3.60318e-15
47 11 9 9 5 2.7658e-15
47 11 10 7 8 3.99748e-15
47 11 11 4 6 6.50153e-15
47 11 11 6 8 5.88924e-15
47 11 11 8 9 6.15751e-15
47 11 12 5 12 2.24044e-15
47 11 12 8 13 3.81765e-15
47 11 13 4 7 5.4155e-15
47 11 13 10 9 5.24558e-15
47 11 13 12 4 3.84019e-15
47 11 13 12 6 4.48481e-15
47 11 13 12 7 4.08163e-15
47 12 4 6 4 0.00352334
47 12 4 6 5 0.00602083
47 12 4 8 4 0.00405585
47 12 4 9 4 0.00392803
47 12 4 9 5 0.00320151
47 12 4 9 13 0.00349449
47 12 4 11 13 0.00190653
47 12 4 12 10 0.00196727
47 12 4 13 13 0.00300572
47 12 5 6 10 0.00186628
47 12 5 7 8 0.00272254
47 12 5 10 4 0.00279057
47 12 5 10 7 0.0020721
47 12 5 12 11 0.00150727
47 12 6 4 10 0.00460019
47 12 6 6 4 0.00659787
47 12 6 11 13 0.00346762
47 12 7 11 13 0.00276834
47 12 8 9 5 0.00389863
47 12 8 13 11 0.00367788
47 12 10 12 4 0.00303152
47 12 11 5 7 0.0044887
47 12 11 12 5 0.00336465
47 12 12 13 10 0.00320555
47 12 13 10 12 0.00401003
47 13 4 4 4 2.19799e-15
47 13 4 4 9 2.97429e-15
47 13 4 7 11 2.87126e-15
47 13 6 5 10 5.22566e-15
47 13 6 8 13 6.57513e-15
47 13 6 9 10 7.07196e-15
47 13 7 7 5 3.75203e-15
47 13 8 9 10 4.88445e-15
47 13 8 10 8 4.67552e-15
47 13 9 6 4 3.03918e-15
47 13 9 9 13 3.81272e-15
47 13 10 9 11 4.51104e-15
47 13 10 12 12 2.5446e-15
47 13 11 5 9 3.97547e-15
47 13 11 8 8 4.06168e-15
47 13 11 9 8 4.8449e-15
47 13 11 12 8 3.54346e-15
47 13 12 4 9 3.42265e-15
47 13 12 4 11 2.90794e-15
47 13 12 4 13 3.98169e-15
47 13 12 6 11 3.48622e-15
47 13 12 7 11 2.7824e-15
47 13 13 6 8 6.08935e-15
47 13 13 9 9 6.65878e-15
47 13 13 12 4 5.15175e-15
56 4 4 4 13 0.00343275
56 4 4 9 13 0.00344548
56 4 4 13 4 0.000859885
56 4 6 4 7 0.00392096
56 4 6 4 12 0.00551393
56 4 6 5 12 0.00781097
56 4 6 6 11 0.00605273
56 4 6 11 11 0.00272645
56 4 7 4 6 0.00813302
56 4 7 6 6 0.00839195
56 4 7 9 7 0.00104939
56 4 7 11 13 0.00182107
56 4 8 4 12 0.00539275
56 4 9 4 12 0.00405898
56 4 9 5 12 0.0021573
56 4 9 6 6 0.0116643
56 4 9 11 9 0.00129457
56 4 9 13 4 0.00143257
56 4 9 13 12 0.00245666
56 4 10 7 10 0.00723102
56 4 10 8 8 0.0025057
56 4 10 12 6 0.00458583
56 4 11 4 11 0.00968427
56 4 11 13 12 0.00202143
56 4 12 4 6 0.0103751
56 4 12 4 8 0.0029225
56 4 12 4 9 0.00394614
56 4 12 5 10 0.00932026
56 4 12 6 6 0.00766609
56 4 12 10 12 0.00429959
56 4 13 4 4 0.00139835
56 4 13 9 6 0.00380655
56 4 13 13 12 0.00207335
56 5 6 6 9 0.0125421
56 5 6 10 12 0.00459806
56 5 7 8 12 0.00374917
56 5 7 12 11 0.00136482
56 5 9 13 11 0.00222005
56 5 10 4 12 0.00557375
56 5 10 7 12 0.00434995
56 5 10 13 6 0.00327872
56 5 11 9 9 0.00313131
56 5 12 4 6 0.0186241
56 5 12 4 9 0.00488058
56 5 12 8 9 0.00443202
56 5 12 11 12 0.00180643
56 5 13 7 7 0.00145029
56 6 4 7 4 0.00526778
56 6 4 7 6 0.012252
56 6 4 9 6 0.00614308
56 6 4 10 12 0.00245239
56 6 4 12 4 0.00670475
56 6 4 12 6 0.0129987
56 6 4 13 9 0.00142625
56 6 5 10 13 0.0127558
56 6 5 12 4 0.0109706
56 6 6 4 7 0.00237553
56 6 6 4 9 0.00345355
56 6 6 4 12 0.00458151
56 6 6 9 5 0.00629011
56 6 6 11 4 0.00231727
56 6 8 11 11 0.00384549
56 6 8 13 13 0.00649775
56 6 9 5 6 0.0108964
56 6 9 10 13 0.0102478
56 6 10 9 11 0.00545019
56 6 10 12 5 0.00316477
56 6 11 4 6 0.012578
56 6 11 8 8 0.00338346
56 6 11 11 4 0.00273826
56 6 11 13 12 0.00219875
56 7 4 6 4 0.00311557
56 7 4 7 9 0.00460233
56 7 5 13 7 0.00102415
56 7 6 6 4 0.00312028
56 7 7 5 13 0.00146984
56 7 8 11 10 0.00371381
56 7 8 12 5 0.00547626
56 7 9 7 4 0.00199049
56 7 9 8 10 0.00832321
56 7 9 9 9 0.0017832
56 7 10 4 10 0.0120948
56 7 10 9 10 0.00575711
56 7 11 13 4 0.00154603
56 7 11 13 12 0.00245834
56 7 12 5 10 0.0114622
56 7 12 11 5 0.00179608
56 8 4 10 8 0.00136699
56 8 4 12 4 0.00348424
56 8 6 11 8 0.0018554
56 8 8 4 10 0.00670771
56 8 8 6 11 0.00620495
56 8 8 13 11 0.0027532
56 8 9 5 12 0.00189104
56 8 9 10 13 0.0107554
56 8 9 11 11 0.00209748
56 8 10 7 9 0.00495575
56 8 10 8 13 0.012747
56 8 11 10 7 0.00165407
56 8 11 11 6 0.00575145
56 8 12 5 7 0.00226772
56 8 13 8 10 0.00913378
56 8 13 11 8 0.000994559
56 8 13 11 9 0.00156002
56 8 13 11 12 0.00147107
56 8 13 13 6 0.00398397
56 9 4 9 11 0.00220811
56 9 4 12 4 0.00298205
56 9 5 6 6 0.0190655
56 9 5 11 9 0.000929241
56 9 5 12 4 0.00283711
56 9 5 12 8 0.00162177
56 9 6 4 13 0.00807424
56 9 6 6 4 0.002422
56 9 7 4 7 0.00184745
56 9 7 9 9 0.000789268
56 9 8 10 7 0.00204192
56 9 8 13 11 0.00238496
56 9 9 5 11 0.00186745
56 9 9 7 9 0.00224349
56 9 9 9 7 0.000416671
56 9 9 13 13 0.00455081
56 9 10 7 10 0.00450822
56 9 10 13 6 0.00231882
56 9 10 13 8 0.000525228
56 9 11 6 10 0.0085955
56 9 11 9 4 0.00158666
56 9 11 11 8 0.00114644
56 9 11 13 10 0.00315435
56 9 13 4 4 0.00186295
56 9 13 11 5 0.00110891
56 9 13 12 4 0.000977566
56 9 13 13 9 0.00147548
56 10 4 10 7 0.00247994
56 10 4 12 5 0.00788658
56 10 7 8 11 0.00433963
56 10 7 9 8 0.000954537
56 10 7 10 4 0.00366491
56 10 7 10 9 0.00664979
56 10 7 12 5 0.00177285
56 10 8 8 4 0.00388096
56 10 8 13 8 0.0017011
56 10 9 10 7 0.0033242
56 10 9 11 6 0.00508337
56 10 9 11 13 0.00376781
56 10 12 4 12 0.00577389
56 10 12 5 6 0.013799
56 10 12 6 4 0.00230841
56 10 12 12 13 0.00332539
56 10 13 6 5 0.00344462
56 10 13 6 9 0.00434121
56 10 13 8 9 0.00599152
56 11 4 6 6 0.0124548
56 11 4 6 11 0.00588177
56 11 4 11 4 0.00279605
56 11 5 7 12 0.00423726
56 11 5 9 13 0.0047943
56 11 6 8 11 0.00639438
56 11 6 10 9 0.00442981
56 11 8 8 6 0.0162764
56 11 8 8 13 0.01364
56 11 8 9 11 0.00487028
56 11 9 4 9 0.00321584
56 11 9 8 13 0.00966019
56 11 9 9 5 0.0017797
56 11 10 7 8 0.00191067
56 11 11 4 6 0.00931616
56 11 11 6 8 0.00304614
56 11 11 8 9 0.00536619
56 11 12 5 12 0.00347692
56 11 12 8 13 0.0115136
56 11 13 4 7 0.00194808
56 11 13 10 9 0.00352546
56 11 13 12 4 0.00133145
56 11 13 12 6 0.00375511
56 11 13 12 7 0.00101179
56 12 4 6 4 0.00480474
56 12 4 6 5 0.0065602
56 12 4 8 4 0.00400081
56 12 4 9 4 0.00235061
56 12 4 9 5 0.00168929
56 12 4 9 13 0.00481501
56 12 4 11 13 0.00369174
56 12 4 12 10 0.00310658
56 12 4 13 13 0.00477605
56 12 5 6 10 0.00348754
56 12 5 7 8 0.00178991
56 12 5 10 4 0.00405098
56 12 5 10 7 0.000498519
56 12 5 12 11 0.00672605
56 12 6 4 10 0.00260021
56 12 6 6 4 0.00434643
56 12 6 11 13 0.00416423
56 12 7 11 13 0.00211694
56 12 8 9 5 0.00175664
56 12 8 13 11 0.00376243
56 12 10 12 4 0.0025583
56 12 11 5 7 0.000654835
56 12 11 12 5 0.00294985
56 12 12 13 10 0.000793029
56 12 13 10 12 0.00288919
56 13 4 4 4 0.00189992
56 13 4 4 9 0.00286087
56 13 4 7 11 0.00490048
56 13 6 5 10 0.00600444
56 13 6 8 13 0.00886402
56 13 6 9 10 0.00514617
56 13 7 7 5 0.00137086
56 13 8 9 10 0.00546582
56 13 8 10 8 0.00213288
56 13 9 6 4 0.00204901
56 13 9 9 13 0.00345677
56 13 10 9 11 0.00257722
56 13 10 12 12 0.0034459
56 13 11 5 9 0.00364393
56 13 11 8 8 0.00344814
56 13 11 9 8 0.00226718
56 13 11 12 8 0.00351284
56 13 12 4 9 0.00301541
56 13 12 4 11 0.00335962
56 13 12 4 13 0.00658067
56 13 12 6 11 0.00269659
56 13 12 7 11 0.00284459
56 13 13 6 8 0.00202297
56 13 13 9 9 0.00188079
56 13 13 12 4 0.0011354
57 4 4 4 13 0.00215366
57 4 4 9 13 0.002496
57 4 4 13 4 0.00763481
57 4 6 4 7 0.0041624
57 4 6 4 12 0.00612344
57 4 6 5 12 0.00916091
57 4 6 6 11 0.00834522
57 4 6 11 11 0.00418465
57 4 7 4 6 0.00313011
57 4 7 6 6 0.00564598
57 4 7 9 7 0.0032425
57 4 7 11 13 0.00322432
57 4 8 4 12 0.00541299
57 4 9 4 12 0.00314695
57 4 9 5 12 0.00250932
57 4 9 6 6 0.00547454
57 4 9 11 9 0.00216866
57 4 9 13 4 0.00767128
57 4 9 13 12 0.0106286
57 4 10 7 10 0.00495318
57 4 10 8 8 3.09633e-15
57 4 10 12 6 0.00128759
57 4 11 4 11 0.00651878
57 4 11 13 12 0.0140964
57 4 12 4 6 0.00358191
57 4 12 4 8 0.00325223
57 4 12 4 9 0.00297094
57 4 12 5 10 0.00266263
57 4 12 6 6 0.00511683
57 4 12 10 12 0.00219125
57 4 13 4 4 0.00287476
57 4 13 9 6 0.00479357
57 4 13 13 12 0.0207382
57 5 6 6 9 0.012077
57 5 6 10 12 0.00504694
57 5 7 8 12 3.34691e-15
57 5 7 12 11 0.000796058
57 5 9 13 11 0.00593893
57 5 10 4 12 0.00352998
57 5 10 7 12 0.00587756
57 5 10 13 6 0.0126478
57 5 11 9 9 0.00359551
57 5 12 4 6 0.00579451
57 5 12 4 9 0.00268604
57 5 12 8 9 2.84184e-15
57 5 12 11 12 0.00191497
57 5 13 7 7 0.00364314
57 6 4 7 4 0.00409415
57 6 4 7 6 0.00572424
57 6 4 9 6 0.00357486
57 6 4 10 12 0.0021097
57 6 4 12 4 0.00246728
57 6 4 12 6 0.00132671
57 6 4 13 9 0.0112194
57 6 5 10 13 0.0026237
57 6 5 12 4 0.00353092
57 6 6 4 7 0.00501462
57 6 6 4 9 0.00490287
57 6 6 4 12 0.00563513
57 6 6 9 5 0.0167246
57 6 6 11 4 0.00724707
57 6 8 11 11 0.00439887
57 6 8 13 13 0.0148552
57 6 9 5 6 0.00657491
57 6 9 10 13 0.00350759
57 6 10 9 11 0.00308622
57 6 10 12 5 0.0039942
57 6 11 4 6 0.00473133
57 6 11 8 8 7.5768e-15
57 6 11 11 4 0.00529584
57 6 11 13 12 0.0138256
57 7 4 6 4 0.00521801
57 7 4 7 9 0.00319576
57 7 5 13 7 0.00362193
57 7 6 6 4 0.00989225
57 7 7 5 13 0.000978145
57 7 8 11 10 0.00604293
57 7 8 12 5 0.00379341
57 7 9 7 4 0.00231097
57 7 9 8 10 3.62703e-15
57 7 9 9 9 0.00227019
57 7 10 4 10 0.00249901
57 7 10 9 10 0.00336238
57 7 11 13 4 0.0109043
57 7 11 13 12 0.0151828
57 7 12 5 10 0.0016369
57 7 12 11 5 0.00187042
57 8 4 10 8 0.00221546
57 8 4 12 4 0.0013474
57 8 6 11 8 0.0030633
57 8 8 4 10 0.00315774
57 8 8 6 11 0.00541165
57 8 8 13 11 0.00928061
57 8 9 5 12 0.00127387
57 8 9 10 13 0.00204957
57 8 9 11 11 0.0018944
57 8 10 7 9 0.00361278
57 8 10 8 13 2.00229e-15
57 8 11 10 7 0.00171221
57 8 11 11 6 0.00340334
57 8 12 5 7 0.00136285
57 8 13 8 10 4.41085e-15
57 8 13 11 8 0.00302013
57 8 13 11 9 0.00216783
57 8 13 11 12 0.00207433
57 8 13 13 6 0.013564
57 9 4 9 11 0.00123624
57 9 4 12 4 0.00158521
57 9 5 6 6 0.00497184
57 9 5 11 9 0.0010009
57 9 5 12 4 0.00113069
57 9 5 12 8 0.000548321
57 9 6 4 13 0.00223303
57 9 6 6 4 0.0110615
57 9 7 4 7 0.00194926
57 9 7 9 9 0.00175699
57 9 8 10 7 0.00422777
57 9 8 13 11 0.0084304
57 9 9 5 11 0.00100628
57 9 9 7 9 0.00270168
57 9 9 9 7 0.00211961
57 9 9 13 13 0.00635231
57 9 10 7 10 0.00359667
57 9 10 13 6 0.00933682
57 9 10 13 8 0.00832552
57 9 11 6 10 0.00938154
57 9 11 9 4 0.00253236
57 9 11 11 8 0.00380299
57 9 11 13 10 0.0120102
57 9 13 4 4 0.00234401
57 9 13 11 5 0.00279708
57 9 13 12 4 0.00236564
57 9 13 13 9 0.0128689
57 10 4 10 7 0.00295837
57 10 4 12 5 0.00276659
57 10 7 8 11 2.99415e-15
57 10 7 9 8 0.00387541
57 10 7 10 4 0.00327212
57 10 7 10 9 0.00309761
57 10 7 12 5 0.00310298
57 10 8 8 4 3.85063e-15
57 10 8 13 8 0.0193656
57 10 9 10 7 0.00254217
57 10 9 11 6 0.00316706
57 10 9 11 13 0.00292624
57 10 12 4 12 0.00214639
57 10 12 5 6 0.0024911
57 10 12 6 4 0.00558877
57 10 12 12 13 0.00190872
57 10 13 6 5 0.0137822
57 10 13 6 9 0.00637832
57 10 13 8 9 5.30067e-15
57 11 4 6 6 0.00620478
57 11 4 6 11 0.00423398
57 11 4 11 4 0.0084508
57 11 5 7 12 0.00447057
57 11 5 9 13 0.00201006
57 11 6 8 11 5.91276e-15
57 11 6 10 9 0.00825269
57 11 8 8 6 9.32202e-15
57 11 8 8 13 6.79576e-15
57 11 8 9 11 0.00432905
57 11 9 4 9 0.0028883
57 11 9 8 13 4.15476e-15
57 11 9 9 5 0.00382251
57 11 10 7 8 0.00398785
57 11 11 4 6 0.00463114
57 11 11 6 8 0.00842658
57 11 11 8 9 7.06189e-15
57 11 12 5 12 0.00263039
57 11 12 8 13 4.08248e-15
57 11 13 4 7 0.00596302
57 11 13 10 9 0.00663064
57 11 13 12 4 0.00363434
57 11 13 12 6 0.00242977
57 11 13 12 7 0.00341358
57 12 4 6 4 0.00597336
57 12 4 6 5 0.0103323
57 12 4 8 4 2.91518e-15
57 12 4 9 4 0.00208907
57 12 4 9 5 0.00265149
57 12 4 9 13 0.00130263
57 12 4 11 13 0.0014701
57 12 4 12 10 0.00124252
57 12 4 13 13 0.00461519
57 12 5 6 10 0.0059582
57 12 5 7 8 0.00228869
57 12 5 10 4 0.00202981
57 12 5 10 7 0.00147649
57 12 5 12 11 0.000401277
57 12 6 4 10 0.00179069
57 12 6 6 4 0.00788008
57 12 6 11 13 0.00185842
57 12 7 11 13 0.00175852
57 12 8 9 5 0.0037899
57 12 8 13 11 0.00793696
57 12 10 12 4 0.00183775
57 12 11 5 7 0.00207558
57 12 11 12 5 0.00205901
57 12 12 13 10 0.00618786
57 12 13 10 12 0.00175742
57 13 4 4 4 0.0027927
57 13 4 4 9 0.00363787
57 13 4 7 11 0.00452983
57 13 6 5 10 0.00647424
57 13 6 8 13 8.04437e-15
57 13 6 9 10 0.00991603
57 13 7 7 5 0.00330202
57 13 8 9 10 0.00866629
57 13 8 10 8 0.013457
57 13 9 6 4 0.00895398
57 13 9 9 13 0.00365829
57 13 10 9 11 0.0039819
57 13 10 12 12 0.0018022
57 13 11 5 9 0.00382587
57 13 11 8 8 7.92912e-15
57 13 11 9 8 0.00687576
57 13 11 12 8 0.00252122
57 13 12 4 9 0.00285062
57 13 12 4 11 0.00253174
57 13 12 4 13 0.00259278
57 13 12 6 11 0.00397693
57 13 12 7 11 0.00338361
57 13 13 6 8 0.0134793
57 13 13 9 9 0.00792737
57 13 13 12 4 0.00568656
48 4 4 4 13 0.00441121
48 4 4 9 13 0.00286575
48 4 4 13 4 0.00752855
48 4 6 4 7 0.00121222
48 4 6 4 12 0.000817275
48 4 6 5 12 0.000869136
48 4 6 6 11 0.00199897
48 4 6 11 11 0.00189774
48 4 7 4 6 0.00743219
48 4 7 6 6 0.00977983
48 4 7 9 7 0.00670661
48 4 7 11 13 0.00601442
48 4 8 4 12 0.00502449
48 4 9 4 12 0.00690308
48 4 9 5 12 0.00589559
48 4 9 6 6 0.0142829
48 4 9 11 9 0.00952666
48 4 9 13 4 0.0161787
48 4 9 13 12 0.00609256
48 4 10 7 10 0.00691837
48 4 10 8 8 0.00310632
48 4 10 12 6 0.002799
48 4 11 4 11 0.0255156
48 4 11 13 12 0.00766153
48 4 12 4 6 0.0104696
48 4 12 4 8 0.00741742
48 4 12 4 9 0.0070265
48 4 12 5 10 0.0105858
48 4 12 6 6 0.0119718
48 4 12 10 12 0.00574758
48 4 13 4 4 0.00326687
48 4 13 9 6 0.00457179
48 4 13 13 12 0.00248352
48 5 6 6 9 0.00180754
48 5 6 10 12 0.000798743
48 5 7 8 12 0.00193803
48 5 7 12 11 0.000864338
48 5 9 13 11 0.00614981
48 5 10 4 12 0.000446362
48 5 10 7 12 0.000676111
48 5 10 13 6 0.00121593
48 5 11 9 9 0.00496987
48 5 12 4 6 0.0112713
48 5 12 4 9 0.00422496
48 5 12 8 9 0.00436623
48 5 12 11 12 0.00303685
48 5 13 7 7 0.00238542
48 6 4 7 4 0.00277724
48 6 4 7 6 0.00309825
48 6 4 9 6 0.00181051
48 6 4 10 12 0.00129285
48 6 4 12 4 0.000778205
48 6 4 12 6 0.000730493
48 6 4 13 9 0.00154393
48 6 5 10 13 0.00412092
48 6 5 12 4 0.00273562
48 6 6 4 7 0.000859964
48 6 6 4 9 0.000632854
48 6 6 4 12 0.000467238
48 6 6 9 5 0.00317614
48 6 6 11 4 0.0014492
48 6 8 11 11 0.00596365
48 6 8 13 13 0.00548982
48 6 9 5 6 0.0177981
48 6 9 10 13 0.011143
48 6 10 9 11 0.00143879
48 6 10 12 5 0.00135891
48 6 11 4 6 0.0113811
48 6 11 8 8 0.00740166
48 6 11 11 4 0.00665119
48 6 11 13 12 0.00371254
48 7 4 6 4 0.00177503
48 7 4 7 9 0.00223795
48 7 5 13 7 0.00400334
48 7 6 6 4 0.00166358
48 7 7 5 13 0.000732966
48 7 8 11 10 0.00766941
48 7 8 12 5 0.00507595
48 7 9 7 4 0.00793952
48 7 9 8 10 0.0131664
48 7 9 9 9 0.00584079
48 7 10 4 10 0.00141459
48 7 10 9 10 0.00214361
48 7 11 13 4 0.00859329
48 7 11 13 12 0.00298446
48 7 12 5 10 0.00371165
48 7 12 11 5 0.00409169
48 8 4 10 8 0.0029227
48 8 4 12 4 0.00112027
48 8 6 11 8 0.00218528
48 8 8 4 10 0.0075585
48 8 8 6 11 0.00984693
48 8 8 13 11 0.00850325
48 8 9 5 12 0.00474368
48 8 9 10 13 0.0164962
48 8 9 11 11 0.0141875
48 8 10 7 9 0.00203192
48 8 10 8 13 0.00258761
48 8 11 10 7 0.0156169
48 8 11 11 6 0.015499
48 8 12 5 7 0.00808015
48 8 13 8 10 0.011394
48 8 13 11 8 0.00520196
48 8 13 11 9 0.00467572
48 8 13 11 12 0.00312106
48 8 13 13 6 0.00741825
48 9 4 9 11 0.000767701
48 9 4 12 4 0.000497087
48 9 5 6 6 0.00592787
48 9 5 11 9 0.00248758
48 9 5 12 4 0.00115503
48 9 5 12 8 0.000478911
48 9 6 4 13 0.000445971
48 9 6 6 4 0.00110269
48 9 7 4 7 0.00383985
48 9 7 9 9 0.00273974
48 9 8 10 7 0.00696119
48 9 8 13 11 0.00419799
48 9 9 5 11 0.00454972
48 9 9 7 9 0.00979095
48 9 9 9 7 0.00757227
48 9 9 13 13 0.00921754
48 9 10 7 10 0.00165867
48 9 10 13 6 0.00122617
48 9 10 13 8 0.000916161
48 9 11 6 10 0.0122437
48 9 11 9 4 0.00455483
48 9 11 11 8 0.00668532
48 9 11 13 10 0.0143246
48 9 13 4 4 0.00183586
48 9 13 11 5 0.00300013
48 9 13 12 4 0.00200638
48 9 13 13 9 0.00326628
48 10 4 10 7 0.00140085
48 10 4 12 5 0.000429472
48 10 7 8 11 0.00150335
48 10 7 9 8 0.0016546
48 10 7 10 4 0.00271058
48 10 7 10 9 0.00177999
48 10 7 12 5 0.00110656
48 10 8 8 4 0.00488323
48 10 8 13 8 0.00558256
48 10 9 10 7 0.00977754
48 10 9 11 6 0.00953807
48 10 9 11 13 0.00602569
48 10 12 4 12 0.00210747
48 10 12 5 6 0.00451862
48 10 12 6 4 0.0055583
48 10 12 12 13 0.00301093
48 10 13 6 5 0.00521843
48 10 13 6 9 0.00300265
48 10 13 8 9 0.00267344
48 11 4 6 6 0.00195529
48 11 4 6 11 0.00151531
48 11 4 11 4 0.00332291
48 11 5 7 12 0.0020121
48 11 5 9 13 0.00170281
48 11 6 8 11 0.00146239
48 11 6 10 9 0.00115162
48 11 8 8 6 0.0074449
48 11 8 8 13 0.0044533
48 11 8 9 11 0.00593389
48 11 9 4 9 0.00592556
48 11 9 8 13 0.00668562
48 11 9 9 5 0.0069205
48 11 10 7 8 0.000890873
48 11 11 4 6 0.00991543
48 11 11 6 8 0.00885632
48 11 11 8 9 0.00764543
48 11 12 5 12 0.00220459
48 11 12 8 13 0.00534556
48 11 13 4 7 0.00218434
48 11 13 10 9 0.00230118
48 11 13 12 4 0.00196104
48 11 13 12 6 0.00192232
48 11 13 12 7 0.00198361
48 12 4 6 4 0.00114249
48 12 4 6 5 0.0026771
48 12 4 8 4 0.000988018
48 12 4 9 4 0.000810449
48 12 4 9 5 0.000786328
48 12 4 9 13 0.000540675
48 12 4 11 13 0.000730018
48 12 4 12 10 0.000431756
48 12 4 13 13 0.00121841
48 12 5 6 10 0.00181755
48 12 5 7 8 0.00103299
48 12 5 10 4 0.00184798
48 12 5 10 7 0.00177313
48 12 5 12 11 0.000257254
48 12 6 4 10 0.000329995
48 12 6 6 4 0.000400561
48 12 6 11 13 0.000330685
48 12 7 11 13 0.00166455
48 12 8 9 5 0.00207517
48 12 8 13 11 0.00195823
48 12 10 12 4 0.000554146
48 12 11 5 7 0.00330239
48 12 11 12 5 0.00197062
48 12 12 13 10 0.00832095
48 12 13 10 12 0.000922802
48 13 4 4 4 0.00161943
48 13 4 4 9 0.00131853
48 13 4 7 11 0.00132996
48 13 6 5 10 0.00119746
48 13 6 8 13 0.00197627
48 13 6 9 10 0.00283568
48 13 7 7 5 0.00377752
48 13 8 9 10 0.00978536
48 13 8 10 8 0.00698394
48 13 9 6 4 0.00759064
48 13 9 9 13 0.00632351
48 13 10 9 11 0.00104046
48 13 10 12 12 0.000464165
48 13 11 5 9 0.00403967
48 13 11 8 8 0.00630783
48 13 11 9 8 0.00462378
48 13 11 12 8 0.00253981
48 13 12 4 9 0.00367792
48 13 12 4 11 0.00335718
48 13 12 4 13 0.0044517
48 13 12 6 11 0.00549181
48 13 12 7 11 0.00481568
48 13 13 6 8 0.00458056
48 13 13 9 9 0.00390472
48 13 13 12 4 0.00327422
49 1 0 1 7 0.0274082
49 1 0 1 9 0.0663356
49 1 0 1 11 0.0326506
49 1 0 2 11 0.0300355
49 1 0 2 12 0.0664789
49 1 0 3 9 0.0300105
49 1 0 3 12 0.0196685
49 1 0 3 13 0.0244981
49 2 0 1 4 0.0336368
49 2 0 1 9 0.037942
49 2 0 1 11 0.0659222
49 2 0 1 12 0.0305369
49 2 0 2 4 0.0247379
49 2 0 2 7 0.0268369
49 2 0 2 11 0.0268368
49 2 0 3 8 0.0331866
49 2 0 3 10 0.0328882
49 3 0 2 9 0.037566
49 3 0 2 11 0.0415518
49 3 0 2 13 0.0336877
49 3 0 3 5 0.0313531
49 3 0 3 6 0.0310692
49 3 0 3 8 0.0822051
49 3 0 3 9 0.0744081
49 3 0 3 12 0.0281781
49 3 0 3 13 0.0303708
58 4 4 4 13 0.00277256
58 4 4 9 13 0.00228688
58 4 4 13 4 0.0036821
58 4 6 4 7 0.000401793
58 4 6 4 12 0.000384302
58 4 6 5 12 0.00070557
58 4 6 6 11 0.0022112
58 4 6 11 11 0.00126762
58 4 7 4 6 0.00470299
58 4 7 6 6 0.00777098
58 4 7 9 7 0.00273572
58 4 7 11 13 0.00312789
58 4 8 4 12 0.00177739
58 4 9 4 12 0.0039474
58 4 9 5 12 0.00354241
58 4 9 6 6 0.0153828
58 4 9 11 9 0.005474
58 4 9 13 4 0.0123217
58 4 9 13 12 0.00718176
58 4 10 7 10 0.0035589
58 4 10 8 8 0.00231846
58 4 10 12 6 0.00194339
58 4 11 4 11 0.0162617
58 4 11 13 12 0.00743421
58 4 12 4 6 0.00558924
58 4 12 4 8 0.00509037
58 4 12 4 9 0.00381127
58 4 12 5 10 0.00619687
58 4 12 6 6 0.011795
58 4 12 10 12 0.00478923
58 4 13 4 4 0.00174122
58 4 13 9 6 0.0027924
58 4 13 13 12 0.00376314
58 5 6 6 9 0.00424442
58 5 6 10 12 0.00123819
58 5 7 8 12 0.00485488
58 5 7 12 11 0.00283503
58 5 9 13 11 0.0146011
58 5 10 4 12 0.000506858
58 5 10 7 12 0.00145637
58 5 10 13 6 0.00357011
58 5 11 9 9 0.0078785
58 5 12 4 6 0.0128779
58 5 12 4 9 0.00463133
58 5 12 8 9 0.00728992
58 5 12 11 12 0.00343859
58 5 13 7 7 0.0028064
58 6 4 7 4 0.00407319
58 6 4 7 6 0.00337436
58 6 4 9 6 0.00168249
58 6 4 10 12 0.0017695
58 6 4 12 4 0.00135562
58 6 4 12 6 0.00098847
58 6 4 13 9 0.00198235
58 6 5 10 13 0.00536084
58 6 5 12 4 0.00683068
58 6 6 4 7 0.000475277
58 6 6 4 9 0.000442481
58 6 6 4 12 0.000304428
58 6 6 9 5 0.00218483
58 6 6 11 4 0.00150195
58 6 8 11 11 0.00830771
58 6 8 13 13 0.0123307
58 6 9 5 6 0.013105
58 6 9 10 13 0.0154217
58 6 10 9 11 0.00146721
58 6 10 12 5 0.0015444
58 6 11 4 6 0.00903136
58 6 11 8 8 0.0163871
58 6 11 11 4 0.00609674
58 6 11 13 12 0.00618936
58 7 4 6 4 0.00106278
58 7 4 7 9 0.000762698
58 7 5 13 7 0.00163775
58 7 6 6 4 0.00187227
58 7 7 5 13 0.000861468
58 7 8 11 10 0.00454153
58 7 8 12 5 0.00375008
58 7 9 7 4 0.00680579
58 7 9 8 10 0.0112773
58 7 9 9 9 0.00320846
58 7 10 4 10 0.000408124
58 7 10 9 10 0.000793321
58 7 11 13 4 0.00690576
58 7 11 13 12 0.00381075
58 7 12 5 10 0.00305361
58 7 12 11 5 0.00262181
58 8 4 10 8 0.00344132
58 8 4 12 4 0.00113658
58 8 6 11 8 0.00192096
58 8 8 4 10 0.00246188
58 8 8 6 11 0.0114089
58 8 8 13 11 0.0112122
58 8 9 5 12 0.00272999
58 8 9 10 13 0.0144501
58 8 9 11 11 0.00831565
58 8 10 7 9 0.00155689
58 8 10 8 13 0.00264359
58 8 11 10 7 0.00581752
58 8 11 11 6 0.00564671
58 8 12 5 7 0.00227606
58 8 13 8 10 0.0057284
58 8 13 11 8 0.00371892
58 8 13 11 9 0.00236464
58 8 13 11 12 0.00188724
58 8 13 13 6 0.00661209
58 9 4 9 11 0.000715871
58 9 4 12 4 0.000601461
58 9 5 6 6 0.00893952
58 9 5 11 9 0.00183912
58 9 5 12 4 0.00292453
58 9 5 12 8 0.00241165
58 9 6 4 13 0.000369492
58 9 6 6 4 0.00156613
58 9 7 4 7 0.00140178
58 9 7 9 9 0.00104812
58 9 8 10 7 0.00391047
58 9 8 13 11 0.00674975
58 9 9 5 11 0.00327462
58 9 9 7 9 0.00588045
58 9 9 9 7 0.00282897
58 9 9 13 13 0.00997774
58 9 10 7 10 0.00149014
58 9 10 13 6 0.00139994
58 9 10 13 8 0.00161974
58 9 11 6 10 0.0112679
58 9 11 9 4 0.00436223
58 9 11 11 8 0.00546338
58 9 11 13 10 0.00998071
58 9 13 4 4 0.00136264
58 9 13 11 5 0.001695
58 9 13 12 4 0.00207865
58 9 13 13 9 0.00293626
58 10 4 10 7 0.00150092
58 10 4 12 5 0.000666022
58 10 7 8 11 0.00244427
58 10 7 9 8 0.00331162
58 10 7 10 4 0.0060442
58 10 7 10 9 0.0038992
58 10 7 12 5 0.00129778
58 10 8 8 4 0.00649317
58 10 8 13 8 0.01176
58 10 9 10 7 0.00741176
58 10 9 11 6 0.00671671
58 10 9 11 13 0.00780163
58 10 12 4 12 0.00217135
58 10 12 5 6 0.00391022
58 10 12 6 4 0.0095544
58 10 12 12 13 0.00802272
58 10 13 6 5 0.00489409
58 10 13 6 9 0.0046141
58 10 13 8 9 0.00323554
58 11 4 6 6 0.00341061
58 11 4 6 11 0.00251852
58 11 4 11 4 0.00272687
58 11 5 7 12 0.00292193
58 11 5 9 13 0.00365584
58 11 6 8 11 0.00187246
58 11 6 10 9 0.0012992
58 11 8 8 6 0.00970473
58 11 8 8 13 0.00948066
58 11 8 9 11 0.0061642
58 11 9 4 9 0.00460556
58 11 9 8 13 0.0141749
58 11 9 9 5 0.00574463
58 11 10 7 8 0.00168911
58 11 11 4 6 0.00745857
58 11 11 6 8 0.0143116
58 11 11 8 9 0.00976749
58 11 12 5 12 0.00214405
58 11 12 8 13 0.0100683
58 11 13 4 7 0.00123396
58 11 13 10 9 0.00298295
58 11 13 12 4 0.00261814
58 11 13 12 6 0.00264153
58 11 13 12 7 0.00176052
58 12 4 6 4 0.00134299
58 12 4 6 5 0.00216003
58 12 4 8 4 0.00135249
58 12 4 9 4 0.000684976
58 12 4 9 5 0.000605595
58 12 4 9 13 0.000475802
58 12 4 11 13 0.00035837
58 12 4 12 10 0.000295265
58 12 4 13 13 0.00103867
58 12 5 6 10 0.0026582
58 12 5 7 8 0.00182429
58 12 5 10 4 0.00327315
58 12 5 10 7 0.00154902
58 12 5 12 11 0.00135119
58 12 6 4 10 0.000295891
58 12 6 6 4 0.00167164
58 12 6 11 13 0.000573184
58 12 7 11 13 0.000580718
58 12 8 9 5 0.00263936
58 12 8 13 11 0.00519264
58 12 10 12 4 0.000578156
58 12 11 5 7 0.00138401
58 12 11 12 5 0.00201996
58 12 12 13 10 0.00418147
58 12 13 10 12 0.00141904
58 13 4 4 4 0.00182058
58 13 4 4 9 0.00129154
58 13 4 7 11 0.00316549
58 13 6 5 10 0.000963361
58 13 6 8 13 0.0029667
58 13 6 9 10 0.00190114
58 13 7 7 5 0.00423971
58 13 8 9 10 0.00666543
58 13 8 10 8 0.0107836
58 13 9 6 4 0.0124361
58 13 9 9 13 0.0100714
58 13 10 9 11 0.0012258
58 13 10 12 12 0.000962633
58 13 11 5 9 0.00411167
58 13 11 8 8 0.0148722
58 13 11 9 8 0.00855518
58 13 11 12 8 0.00573193
58 13 12 4 9 0.0030772
58 13 12 4 11 0.0042286
58 13 12 4 13 0.0054623
58 13 12 6 11 0.0105608
58 13 12 7 11 0.0100558
58 13 13 6 8 0.0073451
58 13 13 9 9 0.00332266
58 13 13 12 4 0.00397151
59 1 0 1 7 0.0321179
59 1 0 1 9 0.0617829
59 1 0 1 11 0.028842
59 1 0 2 11 0.0283517
59 1 0 2 12 0.0727213
59 1 0 3 9 0.0291733
59 1 0 3 12 0.0210463
59 1 0 3 13 0.020397
59 2 0 1 4 0.0331424
59 2 0 1 9 0.0316247
59 2 0 1 11 0.0609382
59 2 0 1 12 0.0253894
59 2 0 2 4 0.0239606
59 2 0 2 7 0.0190385
59 2 0 2 11 0.0269285
59 2 0 3 8 0.035976
59 2 0 3 10 0.0307332
59 3 0 2 9 0.0362566
59 3 0 2 11 0.0456863
59 3 0 2 13 0.030583
59 3 0 3 5 0.0471777
59 3 0 3 6 0.0326345
59 3 0 3 8 0.0993584
59 3 0 3 9 0.0698522
59 3 0 3 12 0.0277414
59 3 0 3 13 0.0285462
60 1 4 2 0 0.0370512
60 1 7 1 0 0.0199072
60 1 9 1 0 0.102016
60 1 9 2 0 0.0401019
60 1 11 1 0 0.0476781
60 1 11 2 0 0.0814728
60 1 12 2 0 0.0176468
60 2 4 2 0 0.0190742
60 2 7 2 0 0.0102184
60 2 9 3 0 0.0167086
60 2 11 1 0 0.053525
60 2 11 2 0 0.038462
60 2 11 3 0 0.0290837
60 2 12 1 0 0.0936055
60 2 13 3 0 0.0129691
60 3 5 3 0 0.0511351
60 3 6 3 0 0.0257833
60 3 8 2 0 0.0492295
60 3 8 3 0 0.0770517
60 3 9 1 0 0.044415
60 3 9 3 0 0.033551
60 3 10 2 0 0.0231729
60 3 12 1 0 0.0262076
60 3 12 3 0 0.011841
60 3 13 1 0 0.0261879
60 3 13 3 0 0.011904
61 4 4 4 13 0.00104043
61 4 4 9 13 0.000926008
61 4 4 13 4 0.00345989
61 4 6 4 7 0.000613891
61 4 6 4 12 0.000924182
61 4 6 5 12 2.42929e-14
61 4 6 6 11 0.0102765
61 4 6 11 11 0.00178902
61 4 7 4 6 9.36467e-16
61 4 7 6 6 1.23479e-15
61 4 7 9 7 5.24754e-15
61 4 7 11 13 3.67835e-15
61 4 8 4 12 0.00385633
61 4 9 4 12 0.00203525
61 4 9 5 12 9.47498e-15
61 4 9 6 6 0.0012983
61 4 9 11 9 0.0125429
61 4 9 13 4 0.00276475
61 4 9 13 12 0.00993553
61 4 10 7 10 0.000186915
61 4 10 8 8 8.97087e-05
61 4 10 12 6 0.000379924
61 4 11 4 11 0.00842863
61 4 11 13 12 0.00953292
61 4 12 4 6 0.000334583
61 4 12 4 8 0.00138665
61 4 12 4 9 0.00177177
61 4 12 5 10 1.65731e-15
61 4 12 6 6 0.000597315
61 4 12 10 12 0.00377123
61 4 13 4 4 0.000792915
61 4 13 9 6 4.83439e-16
61 4 13 13 12 0.0215934
61 5 6 6 9 0.0112212
61 5 6 10 12 0.0025755
61 5 7 8 12 7.53779e-15
61 5 7 12 11 3.91258e-15
61 5 9 13 11 0.00854109
61 5 10 4 12 0.000298774
61 5 10 7 12 0.00163085
61 5 10 13 6 5.18143e-05
61 5 11 9 9 0.00589809
61 5 12 4 6 0.000384455
61 5 12 4 9 0.00121297
61 5 12 8 9 0.00138842
61 5 12 11 12 0.00328931
61 5 13 7 7 0.00865693
61 6 4 7 4 0.000819903
61 6 4 7 6 0.00182022
61 6 4 9 6 7.70715e-16
61 6 4 10 12 0.0112043
61 6 4 12 4 0.00196039
61 6 4 12 6 0.00354574
61 6 4 13 9 0.009858
61 6 5 10 13 0.00482784
61 6 5 12 4 0.00413027
61 6 6 4 7 0.000641739
61 6 6 4 9 0.00176684
61 6 6 4 12 0.000983467
61 6 6 9 5 6.02636e-15
61 6 6 11 4 0.00154125
61 6 8 11 11 0.0271758
61 6 8 13 13 0.0069563
61 6 9 5 6 2.70055e-15
61 6 9 10 13 0.00425734
61 6 10 9 11 0.00190855
61 6 10 12 5 0.0013619
61 6 11 4 6 0.00101121
61 6 11 8 8 0.00347067
61 6 11 11 4 0.000459844
61 6 11 13 12 0.0115499
61 7 4 6 4 0.00583187
61 7 4 7 9 0.00465624
61 7 5 13 7 0.00720924
61 7 6 6 4 0.00240421
61 7 7 5 13 4.35586e-15
61 7 8 11 10 0.00388818
61 7 8 12 5 0.0113563
61 7 9 7 4 0.000831746
61 7 9 8 10 0.000836619
61 7 9 9 9 0.00928513
61 7 10 4 10 0.000152989
61 7 10 9 10 0.000412665
61 7 11 13 4 0.000726153
61 7 11 13 12 0.0117016
61 7 12 5 10 2.10708e-15
61 7 12 11 5 0.000205596
61 8 4 10 8 0.00457139
61 8 4 12 4 0.00177845
61 8 6 11 8 0.00222504
61 8 8 4 10 0.00119915
61 8 8 6 11 0.0438709
61 8 8 13 11 0.0243671
61 8 9 5 12 8.02843e-15
61 8 9 10 13 0.00396236
61 8 9 11 11 0.0168837
61 8 10 7 9 0.00340279
61 8 10 8 13 0.000637477
61 8 11 10 7 2.72055e-15
61 8 11 11 6 1.56535e-15
61 8 12 5 7 6.94036e-15
61 8 13 8 10 0.00175863
61 8 13 11 8 0.00873471
61 8 13 11 9 0.0232659
61 8 13 11 12 0.0231441
61 8 13 13 6 0.00139425
61 9 4 9 11 0.00128598
61 9 4 12 4 0.00134968
61 9 5 6 6 0.00393533
61 9 5 11 9 0.00955252
61 9 5 12 4 0.00148366
61 9 5 12 8 0.00924626
61 9 6 4 13 0.000422659
61 9 6 6 4 0.0013035
61 9 7 4 7 3.75425e-15
61 9 7 9 9 5.81063e-15
61 9 8 10 7 4.79558e-15
61 9 8 13 11 0.0158186
61 9 9 5 11 8.28491e-15
61 9 9 7 9 0.01084
61 9 9 9 7 0.00448991
61 9 9 13 13 0.00302822
61 9 10 7 10 0.00022671
61 9 10 13 6 0.000100135
61 9 10 13 8 0.000723867
61 9 11 6 10 0.00340874
61 9 11 9 4 0.000160016
61 9 11 11 8 0.00402359
61 9 11 13 10 0.00187514
61 9 13 4 4 0.000494481
61 9 13 11 5 0.000562091
61 9 13 12 4 0.00163175
61 9 13 13 9 0.0167233
61 10 4 10 7 7.39982e-15
61 10 4 12 5 0.00805105
61 10 7 8 11 1.47929e-14
61 10 7 9 8 6.34752e-15
61 10 7 10 4 2.97019e-15
61 10 7 10 9 1.86637e-14
61 10 7 12 5 2.17497e-15
61 10 8 8 4 0.00138534
61 10 8 13 8 0.0116529
61 10 9 10 7 6.02616e-15
61 10 9 11 6 1.28402e-15
61 10 9 11 13 0.00281103
61 10 12 4 12 0.00122311
61 10 12 5 6 1.62251e-15
61 10 12 6 4 0.000983936
61 10 12 12 13 0.00389348
61 10 13 6 5 0.0167251
61 10 13 6 9 0.0465044
61 10 13 8 9 0.0124067
61 11 4 6 6 0.00250645
61 11 4 6 11 0.0207454
61 11 4 11 4 0.00593408
61 11 5 7 12 0.0156433
61 11 5 9 13 0.00143377
61 11 6 8 11 0.00217073
61 11 6 10 9 0.00484876
61 11 8 8 6 0.00215762
61 11 8 8 13 0.00458941
61 11 8 9 11 0.0161664
61 11 9 4 9 0.00388234
61 11 9 8 13 0.00254906
61 11 9 9 5 2.12472e-15
61 11 10 7 8 0.00108795
61 11 11 4 6 0.000995175
61 11 11 6 8 0.0168971
61 11 11 8 9 0.00667424
61 11 12 5 12 9.11317e-15
61 11 12 8 13 0.00114336
61 11 13 4 7 0.0020657
61 11 13 10 9 0.0176673
61 11 13 12 4 0.00230002
61 11 13 12 6 0.0052708
61 11 13 12 7 0.00644822
61 12 4 6 4 0.00192976
61 12 4 6 5 0.0100504
61 12 4 8 4 9.99686e-16
61 12 4 9 4 0.0010314
61 12 4 9 5 1.27073e-15
61 12 4 9 13 0.000750227
61 12 4 11 13 0.00139672
61 12 4 12 10 0.00110502
61 12 4 13 13 0.00222626
61 12 5 6 10 0.00279188
61 12 5 7 8 0.00467672
61 12 5 10 4 0.000461837
61 12 5 10 7 2.16161e-15
61 12 5 12 11 0.00578938
61 12 6 4 10 0.000155229
61 12 6 6 4 0.000670582
61 12 6 11 13 0.000517591
61 12 7 11 13 2.4313e-15
61 12 8 9 5 1.17182e-15
61 12 8 13 11 0.00840969
61 12 10 12 4 0.000109602
61 12 11 5 7 2.39985e-15
61 12 11 12 5 0.00282262
61 12 12 13 10 0.000800064
61 12 13 10 12 0.0120814
61 13 4 4 4 0.000508027
61 13 4 4 9 0.00211828
61 13 4 7 11 0.016736
61 13 6 5 10 3.29214e-15
61 13 6 8 13 0.00115661
61 13 6 9 10 0.000925407
61 13 7 7 5 2.15e-15
61 13 8 9 10 0.00344961
61 13 8 10 8 0.00996307
61 13 9 6 4 0.00364467
61 13 9 9 13 0.00166344
61 13 10 9 11 0.00182338
61 13 10 12 12 0.0023265
61 13 11 5 9 1.21164e-14
61 13 11 8 8 0.00329216
61 13 11 9 8 0.00265245
61 13 11 12 8 0.0126381
61 13 12 4 9 0.00188467
61 13 12 4 11 0.00177708
61 13 12 4 13 0.0008714
61 13 12 6 11 0.00971901
61 13 12 7 11 0.00653865
61 13 13 6 8 0.0289488
61 13 13 9 9 0.01742
61 13 13 12 4 0.00324143
70 1 4 2 0 0.110038
70 1 7 1 0 0.0455756
70 1 9 1 0 0.069792
70 1 9 2 0 0.0287099
70 1 11 1 0 0.0747902
70 1 11 2 0 0.0805815
70 1 12 2 0 0.0040555
70 2 4 2 0 0.0901648
70 2 7 2 0 0.00509029
70 2 9 3 0 0.023592
70 2 11 1 0 0.0617978
70 2 11 2 0 0.0287024
70 2 11 3 0 0.024462
70 2 12 1 0 0.0585356
70 2 13 3 0 0.024085
70 3 5 3 0 0.0427581
70 3 6 3 0 0.0340655
70 3 8 2 0 0.00935415
70 3 8 3 0 0.0147958
70 3 9 1 0 0.0361372
70 3 9 3 0 0.0426938
70 3 10 2 0 0.00775459
70 3 12 1 0 0.0194882
70 3 12 3 0 0.00702218
70 3 13 1 0 0.0385797
70 3 13 3 0 0.017378
71 4 4 4 13 0.0093482
71 4 4 9 13 0.0211764
71 4 4 13 4 0.0147098
71 4 6 4 7 2.60913e-15
71 4 6 4 12 3.60515e-15
71 4 6 5 12 1.70094e-14
71 4 6 6 11 1.48534e-14
71 4 6 11 11 1.1542e-14
71 4 7 4 6 5.00835e-16
71 4 7 6 6 4.15424e-16
71 4 7 9 7 1.09939e-14
71 4 7 11 13 2.31121e-15
71 4 8 4 12 3.80336e-15
71 4 9 4 12 2.53814e-15
71 4 9 5 12 6.68788e-15
71 4 9 6 6 2.23512e-16
71 4 9 11 9 7.74387e-15
71 4 9 13 4 1.3736e-15
71 4 9 13 12 5.79911e-15
71 4 10 7 10 1.08089e-15
71 4 10 8 8 8.13773e-15
71 4 10 12 6 4.79458e-16
71 4 11 4 11 1.04922e-14
71 4 11 13 12 6.51154e-15
71 4 12 4 6 3.31804e-16
71 4 12 4 8 1.93747e-15
71 4 12 4 9 3.413e-15
71 4 12 5 10 8.28974e-16
71 4 12 6 6 2.2948e-16
71 4 12 10 12 5.10123e-15
71 4 13 4 4 1.81239e-15
71 4 13 9 6 5.20655e-16
71 4 13 13 12 9.4462e-15
71 5 6 6 9 2.30211e-14
71 5 6 10 12 6.13928e-15
71 5 7 8 12 1.23363e-14
71 5 7 12 11 1.09823e-14
71 5 9 13 11 5.55366e-15
71 5 10 4 12 3.26845e-15
71 5 10 7 12 5.14053e-15
71 5 10 13 6 6.11146e-16
71 5 11 9 9 1.05308e-14
71 5 12 4 6 3.67245e-16
71 5 12 4 9 2.87468e-15
71 5 12 8 9 8.53349e-15
71 5 12 11 12 4.49322e-15
71 5 13 7 7 2.5342e-15
71 6 4 7 4 0.0163516
71 6 4 7 6 0.00829866
71 6 4 9 6 0.0118679
71 6 4 10 12 0.0891014
71 6 4 12 4 0.0266257
71 6 4 12 6 0.00780316
71 6 4 13 9 0.0862168
71 6 5 10 13 3.32501e-15
71 6 5 12 4 5.77404e-15
71 6 6 4 7 2.79439e-15
71 6 6 4 9 4.257e-15
71 6 6 4 12 3.88089e-15
71 6 6 9 5 5.05438e-15
71 6 6 11 4 1.67017e-15
71 6 8 11 11 1.18983e-14
71 6 8 13 13 4.93935e-15
71 6 9 5 6 5.04692e-16
71 6 9 10 13 2.16216e-15
71 6 10 9 11 1.50984e-14
71 6 10 12 5 2.45912e-15
71 6 11 4 6 5.22992e-16
71 6 11 8 8 1.19176e-14
71 6 11 11 4 1.52933e-15
71 6 11 13 12 8.4909e-15
71 7 4 6 4 0.0243912
71 7 4 7 9 0.0533637
71 7 5 13 7 5.177e-15
71 7 6 6 4 3.2522e-15
71 7 7 5 13 1.87488e-15
71 7 8 11 10 1.15139e-15
71 7 8 12 5 2.3564e-15
71 7 9 7 4 1.43315e-15
71 7 9 8 10 2.89088e-15
71 7 9 9 9 1.2267e-14
71 7 10 4 10 1.61109e-15
71 7 10 9 10 1.53493e-15
71 7 11 13 4 1.56271e-15
71 7 11 13 12 7.9316e-15
71 7 12 5 10 1.18402e-15
71 7 12 11 5 8.55605e-16
71 8 4 10 8 0.02415
71 8 4 12 4 0.0215568
71 8 6 11 8 3.6736e-15
71 8 8 4 10 1.21354e-15
71 8 8 6 11 1.50571e-14
71 8 8 13 11 1.14618e-14
71 8 9 5 12 6.30177e-15
71 8 9 10 13 2.08094e-15
71 8 9 11 11 9.21388e-15
71 8 10 7 9 1.13682e-14
71 8 10 8 13 1.01987e-14
71 8 11 10 7 3.31619e-15
71 8 11 11 6 5.39309e-16
71 8 12 5 7 5.32944e-15
71 8 13 8 10 4.9468e-15
71 8 13 11 8 3.37666e-15
71 8 13 11 9 1.06878e-14
71 8 13 11 12 1.10474e-14
71 8 13 13 6 1.65983e-15
71 9 4 9 11 0.0569392
71 9 4 12 4 0.0147432
71 9 5 6 6 1.1578e-15
71 9 5 11 9 8.42063e-15
71 9 5 12 4 2.33144e-15
71 9 5 12 8 3.81754e-15
71 9 6 4 13 1.17002e-15
71 9 6 6 4 1.99422e-15
71 9 7 4 7 2.27881e-15
71 9 7 9 9 1.20403e-14
71 9 8 10 7 4.28002e-15
71 9 8 13 11 8.13632e-15
71 9 9 5 11 5.00782e-15
71 9 9 7 9 4.34468e-15
71 9 9 9 7 3.52888e-15
71 9 9 13 13 2.87697e-15
71 9 10 7 10 1.41926e-15
71 9 10 13 6 1.40039e-15
71 9 10 13 8 5.31825e-15
71 9 11 6 10 1.81087e-15
71 9 11 9 4 9.77904e-16
71 9 11 11 8 3.14105e-15
71 9 11 13 10 1.04986e-15
71 9 13 4 4 1.11299e-15
71 9 13 11 5 7.08314e-16
71 9 13 12 4 1.70319e-15
71 9 13 13 9 9.1007e-15
71 10 4 10 7 0.0506659
71 10 4 12 5 0.0295265
71 10 7 8 11 2.6127e-14
71 10 7 9 8 7.70683e-15
71 10 7 10 4 2.05361e-15
71 10 7 10 9 1.2816e-14
71 10 7 12 5 3.22682e-15
71 10 8 8 4 6.0043e-15
71 10 8 13 8 7.09189e-15
71 10 9 10 7 3.88446e-15
71 10 9 11 6 4.04603e-16
71 10 9 11 13 2.14489e-15
71 10 12 4 12 3.11268e-15
71 10 12 5 6 3.86579e-16
71 10 12 6 4 2.55632e-15
71 10 12 12 13 2.97669e-15
71 10 13 6 5 1.73286e-15
71 10 13 6 9 1.78145e-14
71 10 13 8 9 2.36618e-14
71 11 4 6 6 0.00609582
71 11 4 6 11 0.106879
71 11 4 11 4 0.0369685
71 11 5 7 12 7.40802e-15
71 11 5 9 13 4.55353e-15
71 11 6 8 11 1.65618e-14
71 11 6 10 9 8.62033e-15
71 11 8 8 6 3.02239e-15
71 11 8 8 13 7.41296e-15
71 11 8 9 11 1.20373e-14
71 11 9 4 9 3.12258e-15
71 11 9 8 13 5.34721e-15
71 11 9 9 5 2.24022e-15
71 11 10 7 8 3.54504e-15
71 11 11 4 6 5.99581e-16
71 11 11 6 8 4.11013e-15
71 11 11 8 9 1.7304e-14
71 11 12 5 12 6.39172e-15
71 11 12 8 13 5.13431e-15
71 11 13 4 7 2.25123e-15
71 11 13 10 9 7.41292e-15
71 11 13 12 4 1.85964e-15
71 11 13 12 6 6.6275e-16
71 11 13 12 7 4.54342e-15
71 12 4 6 4 0.00654726
71 12 4 6 5 0.00644037
71 12 4 8 4 0.0115587
71 12 4 9 4 0.0036102
71 12 4 9 5 0.0067913
71 12 4 9 13 0.0184645
71 12 4 11 13 0.0108935
71 12 4 12 10 0.00775459
71 12 4 13 13 0.0201601
71 12 5 6 10 1.42624e-15
71 12 5 7 8 2.63686e-15
71 12 5 10 4 5.54679e-16
71 12 5 10 7 1.82378e-15
71 12 5 12 11 4.33255e-15
71 12 6 4 10 6.29384e-16
71 12 6 6 4 8.45594e-16
71 12 6 11 13 1.36068e-15
71 12 7 11 13 1.72691e-15
71 12 8 9 5 5.90102e-16
71 12 8 13 11 4.36215e-15
71 12 10 12 4 8.83729e-16
71 12 11 5 7 1.34173e-15
71 12 11 12 5 4.61453e-16
71 12 12 13 10 6.64453e-16
71 12 13 10 12 5.59706e-15
71 13 4 4 4 0.0231397
71 13 4 4 9 0.0613445
71 13 4 7 11 0.106516
71 13 6 5 10 1.37659e-15
71 13 6 8 13 7.18585e-15
71 13 6 9 10 1.12777e-15
71 13 7 7 5 1.56964e-15
71 13 8 9 10 1.0158e-15
71 13 8 10 8 3.22841e-15
71 13 9 6 4 1.82018e-15
71 13 9 9 13 3.53956e-15
71 13 10 9 11 1.50124e-14
71 13 10 12 12 1.31302e-14
71 13 11 5 9 7.89753e-15
71 13 11 8 8 1.04382e-14
71 13 11 9 8 3.98345e-15
71 13 11 12 8 3.71042e-15
71 13 12 4 9 3.40971e-15
71 13 12 4 11 3.92866e-15
71 13 12 4 13 1.33454e-15
71 13 12 6 11 8.39206e-15
71 13 12 7 11 5.50998e-15
71 13 13 6 8 3.72891e-15
71 13 13 9 9 1.64179e-14
71 13 13 12 4 2.8853e-15
62 4 6 11 11 0.0410455
62 4 7 11 13 0.089902
62 4 9 11 9 0.0181023
62 5 12 11 12 0.00892077
62 6 6 11 4 0.0288508
62 6 8 11 11 0.0295795
62 6 11 11 4 0.0125597
62 7 8 11 10 0.0169125
62 7 12 11 5 0.0279658
62 8 6 11 8 0.0777643
62 8 9 11 11 0.0375928
62 8 11 11 6 0.0124328
62 8 13 11 8 0.093595
62 8 13 11 9 0.0450253
62 8 13 11 12 0.0342565
62 9 5 11 9 0.0429568
62 9 11 11 8 0.0249045
62 9 13 11 5 0.0432162
62 10 9 11 6 0.0367009
62 10 9 11 13 0.0488583
62 11 4 11 4 0.0877874
62 12 4 11 13 0.0536183
62 12 6 11 13 0.0204038
62 12 7 11 13 0.0670485
63 4 4 4 13 2.79984e-13
63 4 4 9 13 4.31476e-13
63 4 6 4 7 3.75918e-13
63 4 6 4 12 1.44329e-13
63 4 6 5 12 1.24138e-13
63 4 6 6 11 4.20664e-13
63 4 6 11 11 2.49494e-13
63 4 7 4 6 1.30567e-13
63 4 7 9 7 1.91349e-13
63 4 7 11 13 1.26638e-13
63 4 8 4 12 3.74149e-14
63 4 9 4 12 1.66759e-14
63 4 9 5 12 2.77588e-14
63 4 9 6 6 7.18562e-14
63 4 9 11 9 1.1382e-13
63 4 10 8 8 5.63025e-24
63 4 10 12 6 6.98114e-24
63 4 11 4 11 4.95591e-13
63 4 12 4 6 1.85805e-13
63 4 12 4 8 9.42763e-14
63 4 12 4 9 1.16898e-13
63 4 12 6 6 9.43813e-14
63 4 12 10 12 8.08322e-14
63 4 13 4 4 1.23107e-13
63 4 13 9 6 1.01243e-12
63 5 6 6 9 6.91898e-13
63 5 6 10 12 5.19429e-13
63 5 7 8 12 8.36146e-14
63 5 7 12 11 5.42024e-24
63 5 10 4 12 2.93071e-24
63 5 10 7 12 1.74205e-24
63 5 11 9 9 2.33793e-13
63 5 12 4 6 3.47237e-13
63 5 12 4 9 9.61387e-14
63 5 12 8 9 1.2902e-13
63 5 12 11 12 2.74609e-14
63 6 4 7 4 0.0123321
63 6 4 7 6 0.044868
63 6 4 9 6 0.0276693
63 6 4 10 12 0.0125935
63 6 4 12 4 0.0102047
63 6 4 12 6 0.0312837
63 6 5 10 13 0.101238
63 6 5 12 4 0.0136318
63 6 6 4 7 0.0318787
63 6 6 4 9 0.0197415
63 6 6 4 12 0.00620833
63 6 6 9 5 0.0182849
63 6 6 11 4 0.00681493
63 6 8 11 11 0.00761689
63 6 9 5 6 0.0174076
63 6 9 10 13 0.0154246
63 6 10 9 11 9.29574e-13
63 6 10 12 5 7.53455e-14
63 6 11 4 6 0.0144894
63 6 11 8 8 0.00535702
63 6 11 11 4 0.00756363
63 7 4 6 4 0.000946552
63 7 4 7 9 0.0284755
63 7 8 12 5 5.99615e-05
63 7 9 7 4 0.000137586
63 7 9 9 9 0.00767814
63 7 12 11 5 0.000701608
63 8 4 10 8 7.18169e-13
63 8 4 12 4 2.86394e-13
63 8 6 11 8 2.84559e-13
63 8 8 6 11 1.03913e-13
63 8 9 5 12 2.19225e-14
63 8 9 10 13 2.50748e-13
63 8 9 11 11 1.15838e-13
63 8 10 7 9 6.74501e-24
63 8 10 8 13 2.16087e-23
63 8 11 10 7 6.37018e-13
63 8 11 11 6 6.73229e-13
63 8 12 5 7 2.15224e-13
63 8 13 11 8 2.04007e-13
63 8 13 11 9 2.51327e-13
63 8 13 11 12 5.92507e-14
63 9 4 9 11 0.00291065
63 9 4 12 4 0.00213205
63 9 5 6 6 0.00160677
63 9 5 11 9 0.00318107
63 9 5 12 4 0.00158407
63 9 5 12 8 0.00140767
63 9 6 4 13 0.00340042
63 9 6 6 4 0.00177194
63 9 7 4 7 0.000826545
63 9 7 9 9 0.000733262
63 9 8 10 7 0.00275897
63 9 9 5 11 0.000874758
63 9 9 7 9 5.26547e-05
63 9 9 9 7 0.00146932
63 9 11 9 4 0.00125338
63 9 11 11 8 0.00252702
63 9 13 4 4 0.00105568
63 9 13 11 5 0.000421598
63 9 13 12 4 0.00120794
63 10 4 10 7 0.022841
63 10 4 12 5 0.0111527
63 10 7 8 11 0.004151
63 10 7 9 8 0.00532258
63 10 7 10 4 0.00514854
63 10 7 10 9 0.0114332
63 10 7 12 5 0.000514715
63 10 8 8 4 0.00479485
63 10 9 10 7 0.00839194
63 10 9 11 6 0.013129
63 10 9 11 13 0.00854863
63 10 12 4 12 0.00130976
63 10 12 5 6 0.0137318
63 10 12 6 4 0.00255577
63 10 12 12 13 0.00737155
63 10 13 6 5 0.00153625
63 10 13 6 9 0.00404712
63 10 13 8 9 0.0149969
63 11 4 6 6 0.000364452
63 11 4 6 11 0.00047229
63 11 4 11 4 2.97117e-13
63 11 5 7 12 0.000678149
63 11 5 9 13 0.00432673
63 11 6 8 11 0.00373166
63 11 6 10 9 0.014355
63 11 8 8 6 0.000379361
63 11 8 8 13 0.000865202
63 11 8 9 11 0.00144585
63 11 9 4 9 0.000863034
63 11 9 8 13 0.00153213
63 11 10 7 8 1.16924e-14
63 11 11 4 6 0.00140004
63 11 11 6 8 0.00037197
63 11 11 8 9 0.00332849
63 11 12 5 12 0.000160335
63 11 12 8 13 0.00161963
63 11 13 4 7 9.83887e-14
63 11 13 10 9 0.00687086
63 11 13 12 4 0.00093305
63 11 13 12 6 0.00173494
63 11 13 12 7 0.000447407
63 12 4 6 4 0.00168406
63 12 4 6 5 0.00171871
63 12 4 8 4 0.0082488
63 12 4 9 4 0.00889167
63 12 4 9 5 0.00504722
63 12 4 9 13 0.0129024
63 12 4 11 13 0.0260032
63 12 5 7 8 0.0222674
63 12 5 10 4 0.0352004
63 12 5 10 7 0.0733453
63 12 5 12 11 0.0125072
63 12 6 6 4 0.00835515
63 12 6 11 13 0.0103641
63 12 7 11 13 0.00155697
63 12 8 9 5 0.00247093
63 12 10 12 4 1.08615e-13
63 12 11 5 7 0.0149913
63 12 11 12 5 0.00104817
63 12 13 10 12 0.0159364
63 13 4 4 4 0.00191682
63 13 4 4 9 0.00346727
63 13 4 7 11 0.0112413
63 13 6 8 13 0.0141804
63 13 8 10 8 0.00290877
63 13 9 6 4 0.000328576
63 13 9 9 13 0.00434036
63 13 10 9 11 2.91016e-13
63 13 10 12 12 1.28052e-24
63 13 11 5 9 0.00427086
63 13 11 8 8 0.00220918
63 13 11 9 8 0.00264315
63 13 11 12 8 0.000772809
63 13 12 4 9 0.00164998
63 13 12 4 11 0.00194299
63 13 12 4 13 0.00241889
63 13 12 6 11 0.00112412
63 13 12 7 11 0.00187813
63 13 13 6 8 0.000704491
63 13 13 9 9 0.0161094
63 13 13 12 4 0.00271155
72 11 7 12 4 1
73 4 6 4 7 0.0391926
73 4 7 9 7 0.0533767
73 5 13 7 7 0.0514367
73 6 6 4 7 0.0275882
73 7 5 13 7 0.121931
73 8 11 10 7 0.052715
73 8 12 5 7 0.0126796
73 9 7 4 7 0.0235054
73 9 8 10 7 0.0612966
73 9 9 9 7 0.0386974
73 10 4 10 7 0.203182
73 10 9 10 7 0.125264
73 11 13 4 7 0.0279542
73 11 13 12 7 0.0604744
73 12 5 10 7 0.0913193
73 12 11 5 7 0.00938672
64 4 4 4 13 1.21841e-15
64 4 4 9 13 1.74233e-15
64 4 4 13 4 3.15494e-15
64 4 6 4 7 1.9443e-15
64 4 6 4 12 1.12631e-15
64 4 6 5 12 1.01834e-15
64 4 6 6 11 2.12854e-15
64 4 6 11 11 2.00241e-15
64 4 7 4 6 1.75904e-15
64 4 7 6 6 1.72746e-15
64 4 7 9 7 2.61936e-15
64 4 7 11 13 1.72988e-15
64 4 8 4 12 1.31091e-15
64 4 9 4 12 1.11434e-15
64 4 9 5 12 5.36482e-16
64 4 9 6 6 2.22712e-15
64 4 9 11 9 4.05013e-15
64 4 9 13 4 2.81587e-15
64 4 9 13 12 7.70794e-16
64 4 10 7 10 1.53884e-15
64 4 10 8 8 2.0657e-15
64 4 10 12 6 1.32888e-15
64 4 11 4 11 3.08416e-15
64 4 11 13 12 7.28457e-16
64 4 12 4 6 1.96474e-15
64 4 12 4 8 1.12331e-15
64 4 12 4 9 2.06812e-15
64 4 12 5 10 1.24916e-15
64 4 12 6 6 1.80756e-15
64 4 12 10 12 1.30746e-15
64 4 13 4 4 1.95085e-15
64 4 13 9 6 1.9292e-15
64 4 13 13 12 9.52999e-16
64 5 6 6 9 1.70152e-14
64 5 6 10 12 2.78388e-15
64 5 7 8 12 1.40616e-15
64 5 7 12 11 1.99325e-15
64 5 9 13 11 1.97566e-15
64 5 10 4 12 2.28695e-15
64 5 10 7 12 1.67649e-15
64 5 10 13 6 3.44209e-15
64 5 11 9 9 4.43703e-15
64 5 12 4 6 5.23564e-15
64 5 12 4 9 3.0957e-15
64 5 12 8 9 3.07137e-15
64 5 12 11 12 1.65875e-15
64 5 13 7 7 3.6244e-15
64 6 4 7 4 0.0454433
64 6 4 7 6 0.015327
64 6 4 9 6 0.0283071
64 6 4 10 12 0.015129
64 6 4 12 4 0.0452024
64 6 4 12 6 0.0166119
64 6 4 13 9 0.0373136
64 6 5 10 13 0.0169543
64 6 5 12 4 0.100117
64 6 6 4 7 0.0296869
64 6 6 4 9 0.0428644
64 6 6 4 12 0.0132065
64 6 6 9 5 0.175776
64 6 6 11 4 0.0608817
64 6 8 11 11 0.0349385
64 6 8 13 13 0.0220869
64 6 9 5 6 0.0520564
64 6 9 10 13 0.0296734
64 6 10 9 11 0.0272884
64 6 10 12 5 0.0951972
64 6 11 4 6 0.0267856
64 6 11 8 8 0.0233007
64 6 11 11 4 0.037723
64 6 11 13 12 0.00812899
64 7 4 6 4 6.3667e-15
64 7 4 7 9 4.82688e-15
64 7 5 13 7 2.03269e-15
64 7 6 6 4 7.54188e-15
64 7 7 5 13 2.27028e-15
64 7 8 11 10 1.531e-15
64 7 8 12 5 1.17469e-14
64 7 9 7 4 5.17822e-15
64 7 9 8 10 3.26471e-15
64 7 9 9 9 4.47988e-15
64 7 10 4 10 1.70414e-15
64 7 10 9 10 2.46144e-15
64 7 11 13 4 5.03398e-15
64 7 11 13 12 1.11911e-15
64 7 12 5 10 1.81213e-15
64 7 12 11 5 6.4785e-15
64 8 4 10 8 1.61257e-15
64 8 4 12 4 5.32702e-15
64 8 6 11 8 3.40185e-15
64 8 8 4 10 6.04184e-16
64 8 8 6 11 2.81068e-15
64 8 8 13 11 1.87315e-15
64 8 9 5 12 5.59262e-16
64 8 9 10 13 2.30375e-15
64 8 9 11 11 2.85354e-15
64 8 10 7 9 8.37633e-15
64 8 10 8 13 4.06244e-15
64 8 11 10 7 3.29084e-15
64 8 11 11 6 3.32222e-15
64 8 12 5 7 3.91988e-15
64 8 13 8 10 3.38282e-15
64 8 13 11 8 2.53261e-15
64 8 13 11 9 5.33699e-15
64 8 13 11 12 1.72035e-15
64 8 13 13 6 1.9184e-15
64 9 4 9 11 1.186e-15
64 9 4 12 4 3.64115e-15
64 9 5 6 6 5.39694e-15
64 9 5 11 9 4.56732e-15
64 9 5 12 4 3.99255e-15
64 9 5 12 8 1.36871e-15
64 9 6 4 13 1.53925e-15
64 9 6 6 4 4.29492e-15
64 9 7 4 7 1.75082e-15
64 9 7 9 9 3.66291e-15
64 9 8 10 7 3.97595e-15
64 9 8 13 11 1.55359e-15
64 9 9 5 11 9.4164e-16
64 9 9 7 9 3.91502e-15
64 9 9 9 7 1.89166e-15
64 9 9 13 13 1.49725e-15
64 9 10 7 10 1.43343e-15
64 9 10 13 6 2.47383e-15
64 9 10 13 8 2.39791e-15
64 9 11 6 10 1.50092e-15
64 9 11 9 4 2.68369e-15
64 9 11 11 8 1.83857e-15
64 9 11 13 10 2.28648e-15
64 9 13 4 4 1.72102e-15
64 9 13 11 5 4.91865e-15
64 9 13 12 4 2.51932e-15
64 9 13 13 9 4.41025e-15
64 10 4 10 7 4.06205e-15
64 10 4 12 5 9.43863e-15
64 10 7 8 11 1.8726e-15
64 10 7 9 8 2.15477e-15
64 10 7 10 4 6.80413e-15
64 10 7 10 9 6.15815e-15
64 10 7 12 5 9.16923e-15
64 10 8 8 4 3.275e-15
64 10 8 13 8 2.73121e-15
64 10 9 10 7 3.40318e-15
64 10 9 11 6 3.44488e-15
64 10 9 11 13 2.55182e-15
64 10 12 4 12 1.05527e-15
64 10 12 5 6 2.22497e-15
64 10 12 6 4 4.78019e-15
64 10 12 12 13 1.07172e-15
64 10 13 6 5 1.333e-14
64 10 13 6 9 6.69262e-15
64 10 13 8 9 3.0959e-15
64 11 4 6 6 2.6448e-15
64 11 4 6 11 2.26777e-15
64 11 4 11 4 6.86267e-15
64 11 5 7 12 6.08054e-16
64 11 5 9 13 1.82566e-15
64 11 6 8 11 2.9046e-15
64 11 6 10 9 6.64361e-15
64 11 8 8 6 2.5226e-15
64 11 8 8 13 1.73382e-15
64 11 8 9 11 2.2437e-15
64 11 9 4 9 2.99075e-15
64 11 9 8 13 2.06088e-15
64 11 9 9 5 4.94915e-15
64 11 10 7 8 1.49359e-15
64 11 11 4 6 2.16798e-15
64 11 11 6 8 2.17767e-15
64 11 11 8 9 4.74522e-15
64 11 12 5 12 4.17816e-16
64 11 12 8 13 1.89837e-15
64 11 13 4 7 1.81372e-15
64 11 13 10 9 4.60936e-15
64 11 13 12 4 2.82235e-15
64 11 13 12 6 9.67907e-16
64 11 13 12 7 1.36382e-15
64 12 4 6 4 4.45752e-15
64 12 4 6 5 1.46087e-14
64 12 4 8 4 3.32737e-15
64 12 4 9 4 3.2889e-15
64 12 4 9 5 5.47277e-15
64 12 4 9 13 1.57074e-15
64 12 4 11 13 1.61022e-15
64 12 4 12 10 9.78673e-16
64 12 4 13 13 1.40683e-15
64 12 5 6 10 1.38224e-15
64 12 5 7 8 1.51203e-15
64 12 5 10 4 6.27922e-15
64 12 5 10 7 2.77015e-15
64 12 5 12 11 1.72505e-15
64 12 6 4 10 8.62762e-16
64 12 6 6 4 4.51081e-15
64 12 6 11 13 1.78408e-15
64 12 7 11 13 1.56316e-15
64 12 8 9 5 4.80198e-15
64 12 8 13 11 1.44199e-15
64 12 10 12 4 3.19005e-15
64 12 11 5 7 2.86901e-15
64 12 11 12 5 5.95642e-15
64 12 12 13 10 2.29286e-15
64 12 13 10 12 1.78712e-15
64 13 4 4 4 1.77985e-15
64 13 4 4 9 2.25631e-15
64 13 4 7 11 9.85472e-16
64 13 6 5 10 2.20322e-15
64 13 6 8 13 2.49751e-15
64 13 6 9 10 2.31798e-15
64 13 7 7 5 8.64597e-15
64 13 8 9 10 1.6061e-15
64 13 8 10 8 2.28696e-15
64 13 9 6 4 4.50448e-15
64 13 9 9 13 2.17152e-15
64 13 10 9 11 2.30735e-15
64 13 10 12 12 2.65073e-15
64 13 11 5 9 1.63659e-15
64 13 11 8 8 2.02797e-15
64 13 11 9 8 1.47687e-15
64 13 11 12 8 1.52959e-15
64 13 12 4 9 2.28859e-15
64 13 12 4 11 1.40803e-15
64 13 12 4 13 2.06397e-15
64 13 12 6 11 1.71011e-15
64 13 12 7 11 4.84889e-16
64 13 13 6 8 1.98309e-15
64 13 13 9 9 3.67924e-15
64 13 13 12 4 3.67182e-15
65 4 4 4 13 2.57479e-15
65 4 4 9 13 3.23478e-15
65 4 4 13 4 0.0128343
65 4 6 4 7 3.80652e-15
65 4 6 4 12 2.69805e-15
65 4 6 5 12 4.92047e-15
65 4 6 6 11 0.00472662
65 4 6 11 11 0.00517139
65 4 7 4 6 0.022457
65 4 7 6 6 0.0321882
65 4 7 9 7 4.5438e-15
65 4 7 11 13 5.66538e-15
65 4 8 4 12 1.95438e-15
65 4 9 4 12 1.26597e-15
65 4 9 5 12 1.19479e-15
65 4 9 6 6 0.0154716
65 4 9 11 9 0.00290148
65 4 9 13 4 0.00880801
65 4 9 13 12 9.76272e-16
65 4 10 7 10 0.0210259
65 4 10 8 8 0.0029216
65 4 10 12 6 0.0163939
65 4 11 4 11 0.0096494
65 4 11 13 12 1.23388e-15
65 4 12 4 6 0.0152352
65 4 12 4 8 0.00561125
65 4 12 4 9 0.00434075
65 4 12 5 10 0.00613183
65 4 12 6 6 0.0261348
65 4 12 10 12 1.2943e-15
65 4 13 4 4 0.0105655
65 4 13 9 6 0.0141043
65 4 13 13 12 2.00288e-15
65 5 6 6 9 0.0113326
65 5 6 10 12 3.48398e-15
65 5 7 8 12 5.27087e-15
65 5 7 12 11 0.0106319
65 5 9 13 11 0.00729509
65 5 10 4 12 2.5434e-15
65 5 10 7 12 2.71028e-15
65 5 10 13 6 0.0247894
65 5 11 9 9 0.00450894
65 5 12 4 6 0.042748
65 5 12 4 9 0.0062209
65 5 12 8 9 0.00492085
65 5 12 11 12 2.11599e-15
65 5 13 7 7 3.34905e-15
65 6 4 7 4 2.6849e-15
65 6 4 7 6 2.62339e-15
65 6 4 9 6 3.91401e-15
65 6 4 10 12 1.11832e-15
65 6 4 12 4 2.31607e-15
65 6 4 12 6 2.23837e-15
65 6 4 13 9 1.90251e-15
65 6 5 10 13 1.17584e-16
65 6 5 12 4 1.43837e-15
65 6 6 4 7 4.9264e-15
65 6 6 4 9 3.11922e-15
65 6 6 4 12 2.83781e-15
65 6 6 9 5 7.52521e-15
65 6 6 11 4 5.10312e-15
65 6 8 11 11 2.87045e-15
65 6 8 13 13 3.39031e-15
65 6 9 5 6 4.73363e-15
65 6 9 10 13 3.01083e-15
65 6 10 9 11 3.49189e-15
65 6 10 12 5 2.81273e-15
65 6 11 4 6 2.99815e-15
65 6 11 8 8 3.0786e-15
65 6 11 11 4 3.13155e-15
65 6 11 13 12 1.40207e-15
65 7 4 6 4 0.00706307
65 7 4 7 9 0.00323442
65 7 5 13 7 3.35489e-16
65 7 6 6 4 0.0138531
65 7 7 5 13 3.59148e-15
65 7 8 11 10 0.00637635
65 7 8 12 5 0.00883757
65 7 9 7 4 0.00525429
65 7 9 8 10 0.00632282
65 7 9 9 9 0.00106477
65 7 10 4 10 0.00456322
65 7 10 9 10 0.0127916
65 7 11 13 4 0.00995713
65 7 11 13 12 1.8719e-15
65 7 12 5 10 0.00383193
65 7 12 11 5 0.00557225
65 8 4 10 8 0.000674571
65 8 4 12 4 0.0018157
65 8 6 11 8 0.00111707
65 8 8 4 10 0.00158274
65 8 8 6 11 0.0012801
65 8 8 13 11 0.00130586
65 8 9 5 12 1.23553e-15
65 8 9 10 13 3.3403e-15
65 8 9 11 11 0.00138663
65 8 10 7 9 0.00105041
65 8 10 8 13 3.15177e-15
65 8 11 10 7 3.22195e-15
65 8 11 11 6 0.00501719
65 8 12 5 7 5.73441e-15
65 8 13 8 10 0.00472707
65 8 13 11 8 0.00105062
65 8 13 11 9 0.0012047
65 8 13 11 12 3.98016e-15
65 8 13 13 6 0.00575313
65 9 4 9 11 1.85452e-15
65 9 4 12 4 1.80628e-15
65 9 5 6 6 1.79328e-15
65 9 5 11 9 2.89507e-16
65 9 5 12 4 6.10684e-16
65 9 5 12 8 4.06216e-16
65 9 6 4 13 3.6286e-15
65 9 6 6 4 4.91887e-15
65 9 7 4 7 4.55149e-15
65 9 7 9 9 1.80348e-15
65 9 8 10 7 4.36759e-15
65 9 8 13 11 1.89087e-15
65 9 9 5 11 1.33243e-15
65 9 9 7 9 9.28868e-16
65 9 9 9 7 2.80743e-15
65 9 9 13 13 2.42448e-15
65 9 10 7 10 2.51921e-15
65 9 10 13 6 2.32303e-15
65 9 10 13 8 1.66496e-15
65 9 11 6 10 2.73068e-15
65 9 11 9 4 2.62675e-15
65 9 11 11 8 2.27738e-15
65 9 11 13 10 2.56511e-15
65 9 13 4 4 3.7044e-15
65 9 13 11 5 3.29652e-15
65 9 13 12 4 2.86998e-15
65 9 13 13 9 3.10957e-15
65 10 4 10 7 3.19615e-15
65 10 4 12 5 0.0157258
65 10 7 8 11 0.0139992
65 10 7 9 8 0.00935643
65 10 7 10 4 0.0375238
65 10 7 10 9 0.00661343
65 10 7 12 5 0.032232
65 10 8 8 4 0.0171114
65 10 8 13 8 0.0135513
65 10 9 10 7 3.82844e-15
65 10 9 11 6 0.0340132
65 10 9 11 13 3.11114e-15
65 10 12 4 12 2.37577e-15
65 10 12 5 6 0.0393505
65 10 12 6 4 0.0241109
65 10 12 12 13 4.25445e-15
65 10 13 6 5 0.0232405
65 10 13 6 9 0.00363027
65 10 13 8 9 0.0125018
65 11 4 6 6 0.00616332
65 11 4 6 11 0.000735211
65 11 4 11 4 0.00637085
65 11 5 7 12 7.06683e-16
65 11 5 9 13 1.74466e-15
65 11 6 8 11 0.00356811
65 11 6 10 9 0.00112238
65 11 8 8 6 0.0111381
65 11 8 8 13 4.33624e-15
65 11 8 9 11 0.00342347
65 11 9 4 9 0.000875887
65 11 9 8 13 3.02961e-15
65 11 9 9 5 0.00253069
65 11 10 7 8 0.000848805
65 11 11 4 6 0.00344327
65 11 11 6 8 0.000570243
65 11 11 8 9 0.00235407
65 11 12 5 12 1.88992e-15
65 11 12 8 13 3.40932e-15
65 11 13 4 7 4.2177e-15
65 11 13 10 9 0.00141027
65 11 13 12 4 0.00352881
65 11 13 12 6 0.00801405
65 11 13 12 7 3.82923e-15
65 12 4 6 4 0.00271234
65 12 4 6 5 0.00305693
65 12 4 8 4 0.00375992
65 12 4 9 4 0.00273083
65 12 4 9 5 0.00234362
65 12 4 9 13 2.8924e-15
65 12 4 11 13 2.17034e-15
65 12 4 12 10 0.00206342
65 12 4 13 13 2.34498e-15
65 12 5 6 10 2.87518e-05
65 12 5 7 8 0.000332486
65 12 5 10 4 0.000263838
65 12 5 10 7 1.51773e-16
65 12 5 12 11 0.000313825
65 12 6 4 10 0.00276663
65 12 6 6 4 0.00469552
65 12 6 11 13 3.09306e-15
65 12 7 11 13 4.96503e-15
65 12 8 9 5 0.00225548
65 12 8 13 11 0.00169514
65 12 10 12 4 0.00194706
65 12 11 5 7 2.41977e-15
65 12 11 12 5 0.00103574
65 12 12 13 10 0.00416806
65 12 13 10 12 3.32617e-15
65 13 4 4 4 0.00729903
65 13 4 4 9 0.00289811
65 13 4 7 11 0.00585893
65 13 6 5 10 0.00621205
65 13 6 8 13 5.23984e-15
65 13 6 9 10 0.0206184
65 13 7 7 5 0.0202408
65 13 8 9 10 0.0192749
65 13 8 10 8 0.00825665
65 13 9 6 4 0.00679766
65 13 9 9 13 3.7838e-15
65 13 10 9 11 0.00824933
65 13 10 12 12 2.07925e-15
65 13 11 5 9 0.00300352
65 13 11 8 8 0.0037883
65 13 11 9 8 0.00360265
65 13 11 12 8 0.00172505
65 13 12 4 9 0.00397517
65 13 12 4 11 0.00593974
65 13 12 4 13 4.22965e-15
65 13 12 6 11 0.00536205
65 13 12 7 11 0.00534626
65 13 13 6 8 0.00361837
65 13 13 9 9 0.00256509
65 13 13 12 4 0.0143311
74 4 4 4 13 0.00878452
74 4 4 9 13 0.0110491
74 4 4 13 4 0.00941147
74 4 6 4 7 0.00688741
74 4 6 4 12 0.000539744
74 4 6 5 12 0.000805238
74 4 6 6 11 0.000793801
74 4 6 11 11 0.00175381
74 4 7 4 6 0.00129318
74 4 7 6 6 0.00216501
74 4 7 9 7 0.00601007
74 4 7 11 13 0.0125462
74 4 8 4 12 0.000462354
74 4 9 4 12 0.000458289
74 4 9 5 12 0.000304804
74 4 9 6 6 0.00337838
74 4 9 11 9 0.00667027
74 4 9 13 4 0.0107842
74 4 9 13 12 0.000800399
74 4 10 7 10 3.99682e-15
74 4 10 8 8 0.00246997
74 4 10 12 6 0.00153271
74 4 11 4 11 0.00176461
74 4 11 13 12 0.000993116
74 4 12 4 6 0.00208965
74 4 12 4 8 0.00306429
74 4 12 4 9 0.00611814
74 4 12 5 10 4.57506e-15
74 4 12 6 6 0.00182347
74 4 12 10 12 0.000552662
74 4 13 4 4 0.00454516
74 4 13 9 6 0.00185702
74 4 13 13 12 0.000834297
74 5 6 6 9 0.00616763
74 5 6 10 12 0.000885878
74 5 7 8 12 0.00105989
74 5 7 12 11 0.00240281
74 5 9 13 11 0.00442048
74 5 10 4 12 0.000623622
74 5 10 7 12 0.000639461
74 5 10 13 6 0.0125307
74 5 11 9 9 0.00215859
74 5 12 4 6 0.0103983
74 5 12 4 9 0.00195388
74 5 12 8 9 0.00278005
74 5 12 11 12 0.00057237
74 5 13 7 7 0.00546276
74 6 4 7 4 3.74516e-15
74 6 4 7 6 1.73728e-15
74 6 4 9 6 2.1631e-15
74 6 4 10 12 2.35234e-16
74 6 4 12 4 3.92038e-15
74 6 4 12 6 1.60775e-15
74 6 4 13 9 7.56787e-15
74 6 5 10 13 4.59465e-15
74 6 5 12 4 5.23795e-15
74 6 6 4 7 4.45153e-15
74 6 6 4 9 5.94887e-15
74 6 6 4 12 2.64735e-16
74 6 6 9 5 2.4676e-14
74 6 6 11 4 7.07314e-15
74 6 8 11 11 2.57859e-15
74 6 8 13 13 1.25756e-14
74 6 9 5 6 2.19364e-15
74 6 9 10 13 5.95939e-15
74 6 10 9 11 2.68576e-15
74 6 10 12 5 6.1653e-15
74 6 11 4 6 1.19038e-15
74 6 11 8 8 6.53594e-15
74 6 11 11 4 4.42078e-15
74 6 11 13 12 3.3896e-16
74 7 4 6 4 0.000836242
74 7 4 7 9 0.00538777
74 7 5 13 7 0.0151367
74 7 6 6 4 0.000714164
74 7 7 5 13 0.00155559
74 7 8 11 10 4.48971e-15
74 7 8 12 5 0.015577
74 7 9 7 4 0.000827373
74 7 9 8 10 4.67967e-15
74 7 9 9 9 0.00673969
74 7 10 4 10 3.11848e-15
74 7 10 9 10 4.04635e-15
74 7 11 13 4 0.000886187
74 7 11 13 12 0.000301658
74 7 12 5 10 2.59384e-15
74 7 12 11 5 0.012808
74 8 4 10 8 0.000878
74 8 4 12 4 0.00180269
74 8 6 11 8 6.92291e-15
74 8 8 4 10 1.55351e-15
74 8 8 6 11 3.91951e-15
74 8 8 13 11 0.00316387
74 8 9 5 12 0.000171939
74 8 9 10 13 0.00212884
74 8 9 11 11 0.00232381
74 8 10 7 9 0.00298009
74 8 10 8 13 0.00548797
74 8 11 10 7 0.000264227
74 8 11 11 6 7.4258e-13
74 8 12 5 7 0.000343938
74 8 13 8 10 3.1952e-15
74 8 13 11 8 0.00125699
74 8 13 11 9 0.0020586
74 8 13 11 12 0.000439759
74 8 13 13 6 1.61625e-12
74 9 4 9 11 0.00253413
74 9 4 12 4 0.015277
74 9 5 6 6 0.00761579
74 9 5 11 9 0.0131436
74 9 5 12 4 0.00900499
74 9 5 12 8 0.0011892
74 9 6 4 13 0.00438328
74 9 6 6 4 0.0241898
74 9 7 4 7 0.00371748
74 9 7 9 9 0.0152461
74 9 8 10 7 0.0069804
74 9 8 13 11 0.00485978
74 9 9 5 11 0.00144418
74 9 9 7 9 0.0141903
74 9 9 9 7 0.00765691
74 9 9 13 13 0.0111485
74 9 10 7 10 4.12476e-15
74 9 10 13 6 0.00327016
74 9 10 13 8 0.00188944
74 9 11 6 10 8.23718e-15
74 9 11 9 4 0.0233479
74 9 11 11 8 0.00222044
74 9 11 13 10 9.42953e-15
74 9 13 4 4 0.010842
74 9 13 11 5 0.0133138
74 9 13 12 4 0.00828067
74 9 13 13 9 0.0256255
74 10 4 10 7 0.00280189
74 10 4 12 5 0.00551061
74 10 7 8 11 0.0056025
74 10 7 9 8 0.00277762
74 10 7 10 4 0.00307162
74 10 7 10 9 0.00355888
74 10 7 12 5 0.00231613
74 10 8 8 4 0.00233567
74 10 8 13 8 0.00453895
74 10 9 10 7 0.00226921
74 10 9 11 6 0.00440826
74 10 9 11 13 0.00235531
74 10 12 4 12 0.000510472
74 10 12 5 6 0.00402162
74 10 12 6 4 0.0028271
74 10 12 12 13 0.00100073
74 10 13 6 5 0.00530626
74 10 13 6 9 0.00319835
74 10 13 8 9 0.00334552
74 11 4 6 6 0.00348767
74 11 4 6 11 0.00410665
74 11 4 11 4 0.0020619
74 11 5 7 12 0.000506722
74 11 5 9 13 0.00526306
74 11 6 8 11 0.00331204
74 11 6 10 9 0.0100532
74 11 8 8 6 0.00429113
74 11 8 8 13 0.00924518
74 11 8 9 11 0.00591792
74 11 9 4 9 0.00560087
74 11 9 8 13 0.00770452
74 11 9 9 5 0.0186254
74 11 10 7 8 0.00617498
74 11 11 4 6 0.00134144
74 11 11 6 8 0.0105608
74 11 11 8 9 0.0107272
74 11 12 5 12 0.000327716
74 11 12 8 13 0.00578064
74 11 13 4 7 0.00527922
74 11 13 10 9 0.0081718
74 11 13 12 4 0.000304527
74 11 13 12 6 0.00127731
74 11 13 12 7 0.00342129
74 12 4 6 4 0.0129993
74 12 4 6 5 0.074732
74 12 4 8 4 0.0118554
74 12 4 9 4 0.00885806
74 12 4 9 5 0.0384809
74 12 4 9 13 0.00472583
74 12 4 11 13 0.00553078
74 12 4 12 10 4.89722e-15
74 12 4 13 13 0.00742159
74 12 5 6 10 9.78817e-15
74 12 5 7 8 0.0124791
74 12 5 10 4 0.00359036
74 12 5 10 7 0.00879556
74 12 5 12 11 0.00293156
74 12 6 4 10 4.28857e-15
74 12 6 6 4 0.0189389
74 12 6 11 13 0.00419514
74 12 7 11 13 0.00306527
74 12 8 9 5 0.0178989
74 12 8 13 11 0.00393612
74 12 10 12 4 0.00728373
74 12 11 5 7 0.00185531
74 12 11 12 5 0.00715715
74 12 12 13 10 5.42494e-15
74 12 13 10 12 0.000397571
74 13 4 4 4 0.0032685
74 13 4 4 9 0.00212598
74 13 4 7 11 0.00284342
74 13 6 5 10 2.51208e-15
74 13 6 8 13 0.0129106
74 13 6 9 10 4.44642e-15
74 13 7 7 5 0.00152391
74 13 8 9 10 5.34068e-15
74 13 8 10 8 0.00336661
74 13 9 6 4 0.00225924
74 13 9 9 13 0.00826637
74 13 10 9 11 0.00365008
74 13 10 12 12 0.000491839
74 13 11 5 9 0.00115206
74 13 11 8 8 0.00224253
74 13 11 9 8 0.0020622
74 13 11 12 8 0.00153789
74 13 12 4 9 0.00157089
74 13 12 4 11 0.00120905
74 13 12 4 13 0.00531647
74 13 12 6 11 0.00173863
74 13 12 7 11 0.00139312
74 13 13 6 8 0.0025871
74 13 13 9 9 0.00323574
74 13 13 12 4 0.00277721
75 4 4 4 13 0.00583357
75 4 4 9 13 0.0044417
75 4 4 13 4 0.00187651
75 4 6 4 7 0.0139611
75 4 6 4 12 0.00478973
75 4 6 5 12 0.00596341
75 4 6 6 11 0.0137143
75 4 6 11 11 0.00971725
75 4 7 4 6 0.00095002
75 4 7 6 6 0.00198708
75 4 7 9 7 0.000482634
75 4 7 11 13 0.000964911
75 4 8 4 12 0.000789816
75 4 9 4 12 0.00164304
75 4 9 5 12 0.00144058
75 4 9 6 6 0.00457982
75 4 9 11 9 0.00495541
75 4 9 13 4 0.00584478
75 4 9 13 12 0.00258628
75 4 10 7 10 0.00289217
75 4 10 8 8 0.00373143
75 4 10 12 6 0.00389241
75 4 11 4 11 0.0111614
75 4 11 13 12 0.00457219
75 4 12 4 6 0.00389752
75 4 12 4 8 0.00256309
75 4 12 4 9 0.00427954
75 4 12 5 10 0.00245331
75 4 12 6 6 0.00893232
75 4 12 10 12 0.00222039
75 4 13 4 4 0.00309059
75 4 13 9 6 0.00438406
75 4 13 13 12 0.00557954
75 5 6 6 9 0.0267305
75 5 6 10 12 0.000484224
75 5 7 8 12 0.000180374
75 5 7 12 11 0.000141751
75 5 9 13 11 0.00446502
75 5 10 4 12 0.000782287
75 5 10 7 12 0.000749829
75 5 10 13 6 0.0039676
75 5 11 9 9 0.00358132
75 5 12 4 6 0.00729181
75 5 12 4 9 0.00295156
75 5 12 8 9 0.00344675
75 5 12 11 12 0.000595747
75 5 13 7 7 0.00316102
75 6 4 7 4 0.00787455
75 6 4 7 6 0.00158957
75 6 4 9 6 0.00158544
75 6 4 10 12 0.00185487
75 6 4 12 4 0.00722469
75 6 4 12 6 0.00313587
75 6 4 13 9 0.00523358
75 6 5 10 13 0.0125944
75 6 5 12 4 0.00864638
75 6 6 4 7 0.0107214
75 6 6 4 9 0.00858584
75 6 6 4 12 0.00588812
75 6 6 9 5 0.0222577
75 6 6 11 4 0.0198496
75 6 8 11 11 0.00203638
75 6 8 13 13 0.00673051
75 6 9 5 6 0.00552376
75 6 9 10 13 0.0122629
75 6 10 9 11 0.00432685
75 6 10 12 5 0.0117109
75 6 11 4 6 0.00536584
75 6 11 8 8 0.0116262
75 6 11 11 4 0.0138505
75 6 11 13 12 0.00629626
75 7 4 6 4 0.00811292
75 7 4 7 9 0.000906713
75 7 5 13 7 0.00250637
75 7 6 6 4 0.0256683
75 7 7 5 13 0.000145669
75 7 8 11 10 0.000876211
75 7 8 12 5 0.000621213
75 7 9 7 4 0.00354164
75 7 9 8 10 0.00172787
75 7 9 9 9 0.00115038
75 7 10 4 10 0.00388907
75 7 10 9 10 0.00374584
75 7 11 13 4 0.0059628
75 7 11 13 12 0.00117926
75 7 12 5 10 0.000943156
75 7 12 11 5 0.0022149
75 8 4 10 8 0.00197273
75 8 4 12 4 0.00342452
75 8 6 11 8 0.00486947
75 8 8 4 10 0.000587651
75 8 8 6 11 0.00124589
75 8 8 13 11 0.000726813
75 8 9 5 12 0.000831343
75 8 9 10 13 0.0030045
75 8 9 11 11 0.0015942
75 8 10 7 9 0.00507539
75 8 10 8 13 0.00874541
75 8 11 10 7 0.00513458
75 8 11 11 6 0.00475935
75 8 12 5 7 0.00256774
75 8 13 8 10 0.0102367
75 8 13 11 8 0.00901839
75 8 13 11 9 0.00860124
75 8 13 11 12 0.0058562
75 8 13 13 6 0.00886115
75 9 4 9 11 0.000898975
75 9 4 12 4 0.00205288
75 9 5 6 6 0.0123351
75 9 5 11 9 0.00205123
75 9 5 12 4 0.00545412
75 9 5 12 8 0.00142732
75 9 6 4 13 0.00173759
75 9 6 6 4 0.016663
75 9 7 4 7 0.00203846
75 9 7 9 9 0.000999917
75 9 8 10 7 0.000864464
75 9 8 13 11 0.000526485
75 9 9 5 11 0.000604825
75 9 9 7 9 0.000879809
75 9 9 9 7 0.001082
75 9 9 13 13 0.00221748
75 9 10 7 10 0.00226113
75 9 10 13 6 0.00294666
75 9 10 13 8 0.00483436
75 9 11 6 10 0.0070874
75 9 11 9 4 0.00533315
75 9 11 11 8 0.00547265
75 9 11 13 10 0.00341874
75 9 13 4 4 0.00668343
75 9 13 11 5 0.00545331
75 9 13 12 4 0.00739942
75 9 13 13 9 0.00669654
75 10 4 10 7 0.00239416
75 10 4 12 5 0.00406393
75 10 7 8 11 0.000372673
75 10 7 9 8 0.000708827
75 10 7 10 4 0.000803972
75 10 7 10 9 0.000629281
75 10 7 12 5 0.000453029
75 10 8 8 4 0.0011256
75 10 8 13 8 0.00141128
75 10 9 10 7 0.00171398
75 10 9 11 6 0.00134036
75 10 9 11 13 0.00210261
75 10 12 4 12 0.00240496
75 10 12 5 6 0.00113397
75 10 12 6 4 0.00494119
75 10 12 12 13 0.00269374
75 10 13 6 5 0.0123936
75 10 13 6 9 0.00918688
75 10 13 8 9 0.00599085
75 11 4 6 6 0.00313381
75 11 4 6 11 0.00244366
75 11 4 11 4 0.0050329
75 11 5 7 12 0.000961732
75 11 5 9 13 0.00396291
75 11 6 8 11 0.00260877
75 11 6 10 9 0.00216452
75 11 8 8 6 0.000728569
75 11 8 8 13 0.00141058
75 11 8 9 11 0.000328395
75 11 9 4 9 0.00115647
75 11 9 8 13 0.00398537
75 11 9 9 5 0.00106017
75 11 10 7 8 0.0015616
75 11 11 4 6 0.00127982
75 11 11 6 8 0.00429059
75 11 11 8 9 0.003154
75 11 12 5 12 0.000585371
75 11 12 8 13 0.00440679
75 11 13 4 7 0.00472352
75 11 13 10 9 0.00611803
75 11 13 12 4 0.00490317
75 11 13 12 6 0.00292882
75 11 13 12 7 0.00725225
75 12 4 6 4 0.0134149
75 12 4 6 5 0.0109302
75 12 4 8 4 0.00945541
75 12 4 9 4 0.00497801
75 12 4 9 5 0.00308364
75 12 4 9 13 0.00194991
75 12 4 11 13 0.00314925
75 12 4 12 10 0.00106403
75 12 4 13 13 0.00404084
75 12 5 6 10 0.00196051
75 12 5 7 8 0.00231456
75 12 5 10 4 0.00688152
75 12 5 10 7 0.00665662
75 12 5 12 11 0.00197037
75 12 6 4 10 0.00121041
75 12 6 6 4 0.0175666
75 12 6 11 13 0.00581072
75 12 7 11 13 0.00247377
75 12 8 9 5 0.000621385
75 12 8 13 11 0.000940679
75 12 10 12 4 0.00620657
75 12 11 5 7 0.00265196
75 12 11 12 5 0.00312387
75 12 12 13 10 0.00157374
75 12 13 10 12 0.00456656
75 13 4 4 4 0.000990126
75 13 4 4 9 0.00140338
75 13 4 7 11 0.00140106
75 13 6 5 10 0.00114982
75 13 6 8 13 0.0131799
75 13 6 9 10 0.00163346
75 13 7 7 5 0.00166875
75 13 8 9 10 0.000313561
75 13 8 10 8 0.00115859
75 13 9 6 4 0.0050713
75 13 9 9 13 0.00260032
75 13 10 9 11 0.00325494
75 13 10 12 12 0.00539902
75 13 11 5 9 0.00268547
75 13 11 8 8 0.0040052
75 13 11 9 8 0.00294791
75 13 11 12 8 0.00365354
75 13 12 4 9 0.00181369
75 13 12 4 11 0.00150674
75 13 12 4 13 0.00337318
75 13 12 6 11 0.0031073
75 13 12 7 11 0.00147866
75 13 13 6 8 0.0150061
75 13 13 9 9 0.00450914
75 13 13 12 4 0.00684633
66 4 4 4 13 0.00170943
66 4 4 13 4 0.00152959
66 4 6 4 7 0.00847228
66 4 6 4 12 0.0064717
66 4 6 5 12 0.020508
66 4 6 11 11 0.0013632
66 4 7 4 6 0.00727105
66 4 7 11 13 0.00350366
66 4 8 4 12 0.0188138
66 4 9 4 12 0.0135972
66 4 9 5 12 0.0239758
66 4 9 11 9 0.00446204
66 4 9 13 4 0.00694072
66 4 9 13 12 0.00824951
66 4 10 7 10 0.0192689
66 4 10 8 8 0.00137979
66 4 10 12 6 0.00168968
66 4 11 4 11 0.0106034
66 4 11 13 12 0.00947666
66 4 13 4 4 0.00534235
66 4 13 13 12 0.00737455
66 5 6 10 12 0.0100424
66 5 7 12 11 0.00245625
66 5 9 13 11 0.00483196
66 5 10 4 12 0.0285123
66 5 10 7 12 0.00802303
66 5 10 13 6 0.014196
66 5 13 7 7 0.00866
66 6 4 7 4 0.00177031
66 6 4 7 6 0.00191041
66 6 4 10 12 0.00269342
66 6 4 12 4 0.00063424
66 6 4 12 6 0.000277159
66 6 4 13 9 0.00225712
66 6 5 10 13 0.0406334
66 6 5 12 4 0.0117665
66 6 6 4 7 0.00972826
66 6 6 4 9 0.00260003
66 6 6 4 12 0.00428317
66 6 6 11 4 0.00136597
66 6 8 11 11 0.00358388
66 6 8 13 13 0.0139573
66 6 9 5 6 0.0162041
66 6 9 10 13 0.0110298
66 6 10 12 5 0.000129198
66 6 11 4 6 0.00906509
66 6 11 8 8 0.00143418
66 6 11 11 4 0.00298511
66 6 11 13 12 0.00797757
66 7 4 7 9 0.0018208
66 7 5 13 7 0.018092
66 7 7 5 13 0.00678222
66 7 8 11 10 0.00234768
66 7 8 12 5 4.83755e-05
66 7 9 7 4 0.00556239
66 7 9 8 10 0.00155163
66 7 10 4 10 0.0155726
66 7 11 13 4 0.00677354
66 7 11 13 12 0.007354
66 8 4 10 8 0.00362872
66 8 4 12 4 0.000622395
66 8 6 11 8 0.00522
66 8 8 4 10 0.019798
66 8 8 13 11 0.00828134
66 8 9 5 12 0.0178
66 8 9 10 13 0.0132744
66 8 9 11 11 0.003696
66 8 10 7 9 0.0124589
66 8 10 8 13 0.00223309
66 8 11 10 7 0.0290404
66 8 11 11 6 0.00343321
66 8 13 8 10 0.0014009
66 8 13 11 8 0.00605503
66 8 13 11 9 0.00369161
66 8 13 11 12 0.00083609
66 8 13 13 6 0.00617966
66 9 4 12 4 0.000302326
66 9 5 11 9 0.00795065
66 9 5 12 4 0.00376297
66 9 5 12 8 0.00401044
66 9 6 4 13 0.00104853
66 9 7 4 7 0.00439846
66 9 8 10 7 0.00812531
66 9 8 13 11 0.00269359
66 9 9 5 11 0.00384133
66 9 9 7 9 0.00183069
66 9 9 13 13 0.0056593
66 9 10 7 10 0.00616538
66 9 10 13 6 0.0045961
66 9 10 13 8 0.00778362
66 9 11 11 8 0.00584871
66 9 11 13 10 0.0106239
66 9 13 4 4 0.00245072
66 9 13 11 5 0.00027755
66 9 13 12 4 0.000708344
66 9 13 13 9 0.00358357
66 10 4 10 7 0.00990209
66 10 4 12 5 2.84369e-05
66 10 7 8 11 0.00110096
66 10 7 10 4 0.0130671
66 10 7 10 9 0.0153394
66 10 7 12 5 9.56789e-05
66 10 8 8 4 0.000492129
66 10 8 13 8 0.0156053
66 10 9 10 7 0.0234355
66 10 9 11 6 0.00205019
66 10 9 11 13 0.00260615
66 10 13 8 9 9.43286e-05
66 11 4 11 4 0.00100539
66 11 5 7 12 0.00642422
66 11 6 8 11 0.000719527
66 11 6 10 9 0.00741833
66 11 8 8 6 0.000315906
66 11 8 8 13 0.00130677
66 11 9 4 9 0.00545361
66 11 9 8 13 0.000769802
66 11 10 7 8 0.00807222
66 11 11 4 6 0.00744136
66 11 11 8 9 0.000175447
66 11 13 4 7 0.00991601
66 11 13 10 9 0.00751097
66 11 13 12 4 0.00111296
66 11 13 12 6 0.000553944
66 11 13 12 7 0.00239756
66 12 4 8 4 0.000138992
66 12 4 11 13 0.000610596
66 12 4 12 10 0.000506143
66 12 4 13 13 0.00210911
66 12 5 7 8 0.0104545
66 12 5 10 4 0.0140308
66 12 5 10 7 0.0357738
66 12 5 12 11 0.00204475
66 12 6 4 10 0.00354027
66 12 6 11 13 0.000669977
66 12 7 11 13 0.00183988
66 12 8 13 11 0.00254757
66 12 10 12 4 0.00148645
66 12 11 5 7 0.0173008
66 12 11 12 5 4.61434e-05
66 12 13 10 12 0.00658727
66 13 4 4 4 0.00205934
66 13 4 4 9 0.00195719
66 13 4 7 11 0.000891996
66 13 6 5 10 0.0138054
66 13 6 8 13 0.000501931
66 13 7 7 5 0.000313515
66 13 8 10 8 0.0211788
66 13 11 5 9 0.0141174
66 13 11 8 8 0.0013856
66 13 11 12 8 0.00403291
66 13 13 12 4 0.00142948
67 4 4 9 13 0.0187525
67 4 7 9 7 0.0344936
67 4 13 9 6 0.0663847
67 5 11 9 9 0.0446629
67 6 4 9 6 0.0313743
67 6 6 9 5 0.0975434
67 6 10 9 11 0.0548482
67 7 9 9 9 0.0262601
67 7 10 9 10 0.0354125
67 9 4 9 11 0.0143415
67 9 7 9 9 0.0514949
67 9 9 9 7 0.0216745
67 9 11 9 4 0.0281751
67 10 7 9 8 0.0711591
67 11 5 9 13 0.0164204
67 11 8 9 11 0.0436618
67 11 9 9 5 0.0191211
67 12 4 9 4 0.0101901
67 12 4 9 5 0.0128255
67 12 4 9 13 0.00851028
67 12 8 9 5 0.0254541
67 13 6 9 10 0.0536991
67 13 8 9 10 0.0424557
67 13 9 9 13 0.0324797
67 13 10 9 11 0.036264
67 13 11 9 8 0.0479367
67 13 13 9 9 0.0544042
76 4 12 4 6 0.0419323
76 4 12 4 8 0.0230439
76 4 12 4 9 0.0175785
76 4 12 5 10 0.0159269
76 4 12 6 6 0.0907685
76 4 12 10 12 0.0108562
76 5 12 4 6 0.0619798
76 5 12 4 9 0.0134776
76 5 12 8 9 0.0272927
76 5 12 11 12 0.0315849
76 7 12 5 10 0.0239041
76 7 12 11 5 0.0697232
76 8 12 5 7 0.015001
76 10 12 4 12 0.0240492
76 10 12 5 6 0.0422438
76 10 12 6 4 0.130948
76 10 12 12 13 0.0754707
76 11 12 5 12 0.00688662
76 11 12 8 13 0.058516
76 12 12 13 10 0.0401423
76 13 12 4 9 0.0206174
76 13 12 4 11 0.0263495
76 13 12 4 13 0.0354621
76 13 12 6 11 0.0643503
76 13 12 7 11 0.0318945
77 9 9 12 12 1
68 4 4 4 13 0.00152823
68 4 4 9 13 0.00515038
68 4 4 13 4 0.00372567
68 4 6 4 7 0.00164039
68 4 6 4 12 6.96037e-16
68 4 6 5 12 8.72607e-16
68 4 6 6 11 1.18925e-15
68 4 6 11 11 0.00165314
68 4 7 4 6 0.00242856
68 4 7 6 6 0.00108489
68 4 7 9 7 0.0107448
68 4 7 11 13 0.00432422
68 4 8 4 12 4.24831e-15
68 4 9 4 12 5.30047e-15
68 4 9 5 12 4.90223e-15
68 4 9 6 6 0.000490844
68 4 9 11 9 0.00730391
68 4 9 13 4 0.01162
68 4 9 13 12 7.80567e-15
68 4 10 7 10 0.00678665
68 4 10 8 8 0.00137593
68 4 10 12 6 1.98658e-15
68 4 11 4 11 0.00936539
68 4 11 13 12 7.79917e-15
68 4 12 4 6 0.0037626
68 4 12 4 8 0.00359352
68 4 12 4 9 0.00189431
68 4 12 5 10 0.0248277
68 4 12 6 6 0.00161381
68 4 12 10 12 5.87962e-15
68 4 13 4 4 0.00226117
68 4 13 9 6 0.00522285
68 4 13 13 12 3.20965e-15
68 5 6 6 9 2.57931e-15
68 5 6 10 12 2.24735e-15
68 5 7 8 12 3.43027e-15
68 5 7 12 11 1.41199e-15
68 5 9 13 11 0.00731441
68 5 10 4 12 1.27472e-15
68 5 10 7 12 2.28005e-15
68 5 10 13 6 0.00233962
68 5 11 9 9 0.014378
68 5 12 4 6 0.00745162
68 5 12 4 9 0.00275896
68 5 12 8 9 0.00567762
68 5 12 11 12 5.45652e-15
68 5 13 7 7 0.00833872
68 6 4 7 4 0.00574572
68 6 4 7 6 0.00490494
68 6 4 9 6 0.00445373
68 6 4 10 12 1.62519e-15
68 6 4 12 4 5.53334e-16
68 6 4 12 6 5.92563e-16
68 6 4 13 9 0.00130578
68 6 5 10 13 0.0110376
68 6 5 12 4 2.9516e-15
68 6 6 4 7 0.00211646
68 6 6 4 9 0.00100499
68 6 6 4 12 7.17571e-16
68 6 6 9 5 0.00320213
68 6 6 11 4 0.00325325
68 6 8 11 11 0.0138361
68 6 8 13 13 0.00876984
68 6 9 5 6 0.0552605
68 6 9 10 13 0.0084566
68 6 10 9 11 0.00434577
68 6 10 12 5 1.86402e-15
68 6 11 4 6 0.00470797
68 6 11 8 8 0.0124976
68 6 11 11 4 0.0101018
68 6 11 13 12 6.1024e-15
68 7 4 6 4 0.000101077
68 7 4 7 9 0.00109356
68 7 5 13 7 0.00327609
68 7 6 6 4 9.0546e-16
68 7 7 5 13 0.00318415
68 7 8 11 10 0.00845657
68 7 8 12 5 4.12279e-15
68 7 9 7 4 0.0100935
68 7 9 8 10 0.0045157
68 7 9 9 9 0.00334669
68 7 10 4 10 0.000804781
68 7 10 9 10 0.00257539
68 7 11 13 4 0.00501934
68 7 11 13 12 3.15865e-15
68 7 12 5 10 0.0116694
68 7 12 11 5 0.00152539
68 8 4 10 8 0.00309746
68 8 4 12 4 6.05694e-16
68 8 6 11 8 0.0032657
68 8 8 4 10 0.00705342
68 8 8 6 11 0.00141899
68 8 8 13 11 0.00846501
68 8 9 5 12 4.29727e-15
68 8 9 10 13 0.0142024
68 8 9 11 11 0.0103391
68 8 10 7 9 0.00354488
68 8 10 8 13 0.00158526
68 8 11 10 7 0.0189412
68 8 11 11 6 0.0112208
68 8 12 5 7 0.0323616
68 8 13 8 10 0.00670323
68 8 13 11 8 0.00637061
68 8 13 11 9 0.00467303
68 8 13 11 12 3.68363e-15
68 8 13 13 6 0.00368976
68 9 4 9 11 0.00189931
68 9 4 12 4 2.71186e-16
68 9 5 6 6 0.00118049
68 9 5 11 9 0.00430253
68 9 5 12 4 9.70708e-16
68 9 5 12 8 7.29792e-16
68 9 6 4 13 0.00065628
68 9 6 6 4 8.24764e-16
68 9 7 4 7 0.00247276
68 9 7 9 9 0.000416412
68 9 8 10 7 0.0191113
68 9 8 13 11 0.00441917
68 9 9 5 11 0.0115191
68 9 9 7 9 0.00139445
68 9 9 9 7 0.00736935
68 9 9 13 13 0.00332417
68 9 10 7 10 0.00258128
68 9 10 13 6 0.00108259
68 9 10 13 8 0.000923673
68 9 11 6 10 0.00176914
68 9 11 9 4 0.0121141
68 9 11 11 8 0.00249693
68 9 11 13 10 0.00655741
68 9 13 4 4 0.00160964
68 9 13 11 5 0.000996085
68 9 13 12 4 1.44436e-15
68 9 13 13 9 0.00081247
68 10 4 10 7 0.0031288
68 10 4 12 5 4.7163e-16
68 10 7 8 11 0.00192177
68 10 7 9 8 0.00622146
68 10 7 10 4 0.00342802
68 10 7 10 9 0.00201065
68 10 7 12 5 1.20129e-15
68 10 8 8 4 0.00514422
68 10 8 13 8 0.00938873
68 10 9 10 7 0.0218315
68 10 9 11 6 0.0126043
68 10 9 11 13 0.00764007
68 10 12 4 12 2.73899e-15
68 10 12 5 6 0.0174536
68 10 12 6 4 0.00172322
68 10 12 12 13 4.84675e-15
68 10 13 6 5 0.000370905
68 10 13 6 9 0.000820955
68 10 13 8 9 0.00267343
68 11 4 6 6 0.000184941
68 11 4 6 11 0.000142036
68 11 4 11 4 0.00539127
68 11 5 7 12 3.89016e-15
68 11 5 9 13 0.00629052
68 11 6 8 11 0.00108472
68 11 6 10 9 0.00298243
68 11 8 8 6 0.00586078
68 11 8 8 13 0.00497513
68 11 8 9 11 0.0190906
68 11 9 4 9 0.00140325
68 11 9 8 13 0.00238025
68 11 9 9 5 0.00520418
68 11 10 7 8 0.00259504
68 11 11 4 6 0.00424307
68 11 11 6 8 0.00208254
68 11 11 8 9 0.00984278
68 11 12 5 12 2.88022e-15
68 11 12 8 13 0.0074006
68 11 13 4 7 0.00284925
68 11 13 10 9 0.00398386
68 11 13 12 4 2.0129e-15
68 11 13 12 6 2.39573e-15
68 11 13 12 7 3.01231e-15
68 12 4 6 4 0.000119857
68 12 4 6 5 5.81502e-05
68 12 4 8 4 0.00159095
68 12 4 9 4 0.00259466
68 12 4 9 5 0.000700156
68 12 4 9 13 0.00169603
68 12 4 11 13 0.000879208
68 12 4 12 10 3.00239e-16
68 12 4 13 13 0.0010516
68 12 5 6 10 0.000652176
68 12 5 7 8 0.00604405
68 12 5 10 4 0.00838265
68 12 5 10 7 0.00902205
68 12 5 12 11 7.40568e-16
68 12 6 4 10 0.000817767
68 12 6 6 4 6.44055e-16
68 12 6 11 13 0.0010446
68 12 7 11 13 0.00143508
68 12 8 9 5 0.00264721
68 12 8 13 11 0.00343049
68 12 10 12 4 5.71722e-16
68 12 11 5 7 0.013943
68 12 11 12 5 1.68105e-15
68 12 12 13 10 0.00420824
68 12 13 10 12 2.13138e-15
68 13 4 4 4 0.00109055
68 13 4 4 9 0.000601222
68 13 4 7 11 0.00275103
68 13 6 5 10 0.00334355
68 13 6 8 13 0.00164214
68 13 6 9 10 0.00733379
68 13 7 7 5 0.00171621
68 13 8 9 10 0.0258694
68 13 8 10 8 0.0235961
68 13 9 6 4 0.000883044
68 13 9 9 13 0.0187901
68 13 10 9 11 0.0028141
68 13 10 12 12 1.03963e-15
68 13 11 5 9 0.0125748
68 13 11 8 8 0.0115898
68 13 11 9 8 0.0150641
68 13 11 12 8 3.52724e-15
68 13 12 4 9 0.00215131
68 13 12 4 11 0.00240727
68 13 12 4 13 0.00334473
68 13 12 6 11 0.00127474
68 13 12 7 11 0.0112821
68 13 13 6 8 0.00136895
68 13 13 9 9 0.00658262
68 13 13 12 4 3.1464e-15
69 1 0 1 7 0.0319114
69 1 0 1 9 0.059063
69 1 0 1 11 0.0344827
69 1 0 2 11 0.0202182
69 1 0 2 12 0.0503073
69 1 0 3 9 0.0310143
69 1 0 3 12 0.0292265
69 1 0 3 13 0.0176142
69 2 0 1 4 0.0382266
69 2 0 1 9 0.029909
69 2 0 1 11 0.0680971
69 2 0 1 12 0.0279728
69 2 0 2 4 0.0167597
69 2 0 2 7 0.00947763
69 2 0 2 11 0.0192891
69 2 0 3 8 0.0404396
69 2 0 3 10 0.033355
69 3 0 2 9 0.0221135
69 3 0 2 11 0.0364227
69 3 0 2 13 0.0200754
69 3 0 3 5 0.0501881
69 3 0 3 6 0.0350413
69 3 0 3 8 0.131094
69 3 0 3 9 0.0851876
69 3 0 3 12 0.0408757
69 3 0 3 13 0.0216379
78 4 4 4 13 7.97649e-16
78 4 4 9 13 2.10204e-15
78 4 4 13 4 1.60973e-15
78 4 6 4 7 8.11793e-16
78 4 6 4 12 5.26657e-16
78 4 6 5 12 8.59513e-16
78 4 6 6 11 2.4365e-15
78 4 6 11 11 1.58714e-15
78 4 7 4 6 1.34094e-15
78 4 7 6 6 4.96828e-15
78 4 7 9 7 4.66268e-15
78 4 7 11 13 1.73756e-15
78 4 8 4 12 2.73754e-15
78 4 9 4 12 2.57471e-15
78 4 9 5 12 2.77718e-15
78 4 9 6 6 1.15528e-14
78 4 9 11 9 0.0543678
78 4 9 13 4 6.62286e-15
78 4 9 13 12 5.95274e-15
78 4 10 7 10 6.61905e-15
78 4 10 8 8 2.01368e-15
78 4 10 12 6 1.5234e-15
78 4 11 4 11 4.94321e-15
78 4 11 13 12 4.8703e-15
78 4 12 4 6 2.72997e-15
78 4 12 4 8 2.87722e-15
78 4 12 4 9 0.0216517
78 4 12 5 10 2.69539e-15
78 4 12 6 6 1.03346e-14
78 4 12 10 12 6.30609e-15
78 4 13 4 4 1.2589e-15
78 4 13 9 6 3.74465e-15
78 4 13 13 12 3.31009e-15
78 5 6 6 9 0.0444677
78 5 6 10 12 1.63886e-15
78 5 7 8 12 2.238e-15
78 5 7 12 11 2.4681e-15
78 5 9 13 11 7.6005e-15
78 5 10 4 12 8.23875e-16
78 5 10 7 12 4.06761e-15
78 5 10 13 6 2.95026e-15
78 5 11 9 9 0.074356
78 5 12 4 6 6.43852e-15
78 5 12 4 9 0.0251537
78 5 12 8 9 0.04216
78 5 12 11 12 4.69663e-15
78 5 13 7 7 6.93661e-15
78 6 4 7 4 2.98822e-15
78 6 4 7 6 3.46061e-15
78 6 4 9 6 1.66103e-15
78 6 4 10 12 1.35379e-15
78 6 4 12 4 1.07742e-15
78 6 4 12 6 1.02895e-15
78 6 4 13 9 0.0108761
78 6 5 10 13 4.57083e-15
78 6 5 12 4 4.99561e-15
78 6 6 4 7 9.53934e-16
78 6 6 4 9 0.00646467
78 6 6 4 12 5.17908e-16
78 6 6 9 5 5.5297e-15
78 6 6 11 4 1.72926e-15
78 6 8 11 11 9.85841e-15
78 6 8 13 13 1.00289e-14
78 6 9 5 6 7.07073e-15
78 6 9 10 13 9.44581e-15
78 6 10 9 11 2.37944e-15
78 6 10 12 5 1.84766e-15
78 6 11 4 6 2.69742e-15
78 6 11 8 8 6.04748e-15
78 6 11 11 4 2.97433e-15
78 6 11 13 12 4.15544e-15
78 7 4 6 4 5.84782e-16
78 7 4 7 9 0.012109
78 7 5 13 7 2.44103e-15
78 7 6 6 4 2.16874e-15
78 7 7 5 13 3.10693e-16
78 7 8 11 10 5.90789e-15
78 7 8 12 5 4.84579e-15
78 7 9 7 4 9.30282e-15
78 7 9 8 10 6.05336e-15
78 7 9 9 9 0.0567632
78 7 10 4 10 4.41815e-16
78 7 10 9 10 1.35563e-15
78 7 11 13 4 2.90945e-15
78 7 11 13 12 2.2224e-15
78 7 12 5 10 1.42713e-15
78 7 12 11 5 3.61209e-15
78 8 4 10 8 2.30218e-15
78 8 4 12 4 1.36013e-15
78 8 6 11 8 2.46465e-15
78 8 8 4 10 3.27741e-15
78 8 8 6 11 1.33997e-14
78 8 8 13 11 8.44643e-15
78 8 9 5 12 2.37117e-15
78 8 9 10 13 9.84271e-15
78 8 9 11 11 9.39495e-15
78 8 10 7 9 0.0480091
78 8 10 8 13 2.41906e-15
78 8 11 10 7 1.08873e-14
78 8 11 11 6 5.04783e-15
78 8 12 5 7 3.21212e-15
78 8 13 8 10 5.66689e-15
78 8 13 11 8 4.50389e-15
78 8 13 11 9 0.0404527
78 8 13 11 12 3.30046e-15
78 8 13 13 6 5.5013e-15
78 9 4 9 11 8.17976e-16
78 9 4 12 4 5.83048e-16
78 9 5 6 6 1.34056e-14
78 9 5 11 9 0.0347681
78 9 5 12 4 2.17748e-15
78 9 5 12 8 2.08031e-15
78 9 6 4 13 4.30217e-16
78 9 6 6 4 1.72746e-15
78 9 7 4 7 8.91758e-16
78 9 7 9 9 0.0162433
78 9 8 10 7 8.05162e-15
78 9 8 13 11 5.49643e-15
78 9 9 5 11 1.96753e-15
78 9 9 7 9 0.117791
78 9 9 9 7 9.23483e-15
78 9 9 13 13 6.68893e-15
78 9 10 7 10 3.00282e-15
78 9 10 13 6 1.34228e-15
78 9 10 13 8 1.29958e-15
78 9 11 6 10 9.35673e-15
78 9 11 9 4 3.82921e-15
78 9 11 11 8 3.515e-15
78 9 11 13 10 5.37438e-15
78 9 13 4 4 9.46092e-16
78 9 13 11 5 2.98966e-15
78 9 13 12 4 1.7742e-15
78 9 13 13 9 0.0273154
78 10 4 10 7 1.96749e-15
78 10 4 12 5 1.28032e-15
78 10 7 8 11 9.33784e-16
78 10 7 9 8 3.8878e-15
78 10 7 10 4 2.75221e-15
78 10 7 10 9 0.0240321
78 10 7 12 5 2.36732e-15
78 10 8 8 4 5.85755e-15
78 10 8 13 8 1.27716e-14
78 10 9 10 7 1.32719e-14
78 10 9 11 6 1.05777e-14
78 10 9 11 13 9.20666e-15
78 10 12 4 12 2.21503e-15
78 10 12 5 6 2.9635e-15
78 10 12 6 4 1.00562e-14
78 10 12 12 13 8.18954e-15
78 10 13 6 5 1.15998e-14
78 10 13 6 9 0.0887154
78 10 13 8 9 0.0404652
78 11 4 6 6 2.15854e-15
78 11 4 6 11 1.64456e-15
78 11 4 11 4 1.35894e-15
78 11 5 7 12 7.50386e-15
78 11 5 9 13 5.59716e-15
78 11 6 8 11 1.31677e-15
78 11 6 10 9 0.012734
78 11 8 8 6 7.81103e-15
78 11 8 8 13 7.16522e-15
78 11 8 9 11 1.02525e-14
78 11 9 4 9 0.0256117
78 11 9 8 13 6.47904e-15
78 11 9 9 5 1.14888e-14
78 11 10 7 8 3.46454e-15
78 11 11 4 6 2.39346e-15
78 11 11 6 8 1.04837e-14
78 11 11 8 9 0.0460962
78 11 12 5 12 1.4305e-15
78 11 12 8 13 5.63521e-15
78 11 13 4 7 1.81147e-15
78 11 13 10 9 0.0386719
78 11 13 12 4 2.15913e-15
78 11 13 12 6 2.58359e-15
78 11 13 12 7 3.22956e-15
78 12 4 6 4 7.83187e-16
78 12 4 6 5 2.07065e-15
78 12 4 8 4 4.33488e-16
78 12 4 9 4 6.39812e-16
78 12 4 9 5 9.4365e-16
78 12 4 9 13 6.72225e-16
78 12 4 11 13 3.00132e-16
78 12 4 12 10 5.5657e-16
78 12 4 13 13 6.92452e-16
78 12 5 6 10 3.79841e-15
78 12 5 7 8 3.77447e-15
78 12 5 10 4 1.76897e-15
78 12 5 10 7 2.36832e-15
78 12 5 12 11 1.04375e-15
78 12 6 4 10 4.33175e-16
78 12 6 6 4 1.32352e-15
78 12 6 11 13 9.72118e-16
78 12 7 11 13 4.92588e-16
78 12 8 9 5 4.99802e-15
78 12 8 13 11 3.91125e-15
78 12 10 12 4 4.47315e-16
78 12 11 5 7 1.12899e-15
78 12 11 12 5 2.70068e-15
78 12 12 13 10 3.98836e-15
78 12 13 10 12 2.20997e-15
78 13 4 4 4 4.14288e-16
78 13 4 4 9 0.00282979
78 13 4 7 11 2.45626e-15
78 13 6 5 10 1.20037e-15
78 13 6 8 13 2.26729e-15
78 13 6 9 10 4.18233e-15
78 13 7 7 5 5.3488e-15
78 13 8 9 10 1.22695e-14
78 13 8 10 8 1.08349e-14
78 13 9 6 4 9.88044e-15
78 13 9 9 13 1.37302e-14
78 13 10 9 11 1.7115e-15
78 13 10 12 12 9.90725e-16
78 13 11 5 9 0.0131481
78 13 11 8 8 6.12367e-15
78 13 11 9 8 8.3647e-15
78 13 11 12 8 6.36844e-15
78 13 12 4 9 0.0202327
78 13 12 4 11 2.21644e-15
78 13 12 4 13 3.25287e-15
78 13 12 6 11 9.4856e-15
78 13 12 7 11 1.05967e-14
78 13 13 6 8 9.85776e-15
78 13 13 9 9 0.0545135
78 13 13 12 4 3.63039e-15
79 1 0 1 7 0.017714
79 1 0 1 9 0.0505372
79 1 0 1 11 0.0170748
79 1 0 2 11 0.0214815
79 1 0 2 12 0.0497629
79 1 0 3 9 0.0440133
79 1 0 3 12 0.0230688
79 1 0 3 13 0.0660101
79 2 0 1 4 0.0167759
79 2 0 1 9 0.0258174
79 2 0 1 11 0.0397723
79 2 0 1 12 0.00993852
79 2 0 2 4 0.00903894
79 2 0 2 7 0.0225613
79 2 0 2 11 0.02275
79 2 0 3 8 3.86109e-14
79 2 0 3 10 0.0480091
79 3 0 2 9 0.0260247
79 3 0 2 11 0.0325217
79 3 0 2 13 0.100418
79 3 0 3 5 0.0347681
79 3 0 3 6 0.0636663
79 3 0 3 8 1.09311e-13
79 3 0 3 9 0.108141
79 3 0 3 12 0.0264279
79 3 0 3 13 0.123706
80 1 4 2 0 0.0662976
80 1 7 1 0 0.0534157
80 1 9 1 0 0.0652387
80 1 9 2 0 0.0766145
80 1 11 1 0 0.0288756
80 1 11 2 0 0.0983879
80 1 12 2 0 0.0158674
80 2 4 2 0 0.111849
80 2 7 2 0 0.0674373
80 2 11 1 0 0.0408136
80 2 11 2 0 0.0591601
80 2 12 1 0 0.0851891
80 3 8 2 0 0.0922125
80 3 9 1 0 0.042804
80 3 10 2 0 0.048097
80 3 12 1 0 0.0174322
80 3 13 1 0 0.0303077
81 4 4 4 13 0.0010595
81 4 4 9 13 0.00375641
81 4 4 13 4 0.00798518
81 4 6 4 7 2.14689e-13
81 4 6 4 12 3.34194e-13
81 4 6 5 12 5.04595e-13
81 4 6 6 11 3.94182e-13
81 4 6 11 11 9.42313e-13
81 4 7 9 7 0.0201197
81 4 7 11 13 0.00419468
81 4 8 4 12 0.00780611
81 4 9 4 12 1.8316e-13
81 4 9 5 12 1.80284e-13
81 4 9 11 9 9.67085e-13
81 4 9 13 4 1.80966e-13
81 4 9 13 12 3.57271e-13
81 4 10 8 8 0.0104081
81 4 11 4 11 0.0127611
81 4 11 13 12 0.00841547
81 4 12 4 9 1.50303e-13
81 4 12 5 10 0.00209872
81 4 12 10 12 4.17192e-14
81 4 13 13 12 0.0152269
81 5 6 6 9 9.62775e-24
81 5 6 10 12 4.24081e-24
81 5 7 8 12 4.26617e-13
81 5 7 12 11 4.19622e-13
81 5 9 13 11 1.86919e-23
81 5 10 4 12 1.75707e-13
81 5 10 7 12 2.87768e-13
81 5 11 9 9 4.47779e-13
81 5 12 4 9 5.20487e-24
81 5 12 8 9 6.26924e-14
81 5 12 11 12 8.22672e-14
81 5 13 7 7 7.09279e-13
81 6 4 10 12 0.000943275
81 6 4 12 4 0.0116232
81 6 4 13 9 0.0155918
81 6 5 12 4 0.0437411
81 6 6 4 7 1.45538e-13
81 6 6 4 9 2.44114e-13
81 6 6 4 12 5.04879e-13
81 6 8 11 11 0.0135094
81 6 8 13 13 1.49367e-13
81 6 10 9 11 0.0405339
81 6 11 8 8 0.0116338
81 6 11 13 12 0.0127762
81 7 4 6 4 0.0267189
81 7 4 7 9 0.0248412
81 7 5 13 7 0.0698684
81 7 6 6 4 6.1639e-13
81 7 9 8 10 9.63475e-13
81 7 9 9 9 1.47778e-12
81 7 10 9 10 0.0177124
81 7 11 13 4 0.0117139
81 7 11 13 12 0.0292345
81 7 12 5 10 0.00443761
81 8 4 10 8 9.48456e-14
81 8 4 12 4 0.000759071
81 8 8 6 11 2.67612e-14
81 8 8 13 11 0.000279992
81 8 9 5 12 4.58451e-24
81 8 9 11 11 5.20786e-14
81 8 10 7 9 4.82338e-13
81 8 11 10 7 0.00056852
81 8 12 5 7 0.000467949
81 8 13 8 10 1.10248e-12
81 8 13 11 9 2.54633e-12
81 8 13 11 12 0.00948334
81 9 4 9 11 0.0185295
81 9 4 12 4 0.00376944
81 9 5 11 9 0.0413638
81 9 5 12 4 0.00788978
81 9 5 12 8 0.0102897
81 9 6 4 13 4.48537e-14
81 9 6 6 4 7.47677e-14
81 9 7 4 7 3.41425e-14
81 9 7 9 9 0.0109667
81 9 8 10 7 0.00191113
81 9 8 13 11 0.00192563
81 9 9 5 11 2.92376e-13
81 9 9 7 9 1.76515e-13
81 9 9 9 7 2.22696e-13
81 9 9 13 13 6.58721e-14
81 9 10 13 8 0.00381165
81 9 11 6 10 0.00206304
81 9 11 9 4 0.00288518
81 9 11 13 10 0.00210718
81 9 13 12 4 0.00363375
81 9 13 13 9 0.00770359
81 10 4 10 7 0.00337773
81 10 7 8 11 0.0726683
81 10 7 9 8 0.0181362
81 10 7 10 4 1.91538e-13
81 10 7 10 9 1.45625e-13
81 10 8 8 4 0.00949612
81 10 8 13 8 0.00368235
81 10 9 10 7 1.13818e-13
81 10 9 11 13 3.45854e-13
81 10 12 4 12 1.93862e-13
81 10 12 6 4 0.00201011
81 10 12 12 13 1.67485e-13
81 10 13 6 9 0.00699382
81 10 13 8 9 0.0475559
81 11 4 6 11 0.00602776
81 11 5 7 12 0.0203874
81 11 5 9 13 0.00141651
81 11 6 8 11 7.16076e-13
81 11 6 10 9 1.11331e-14
81 11 8 9 11 0.00274689
81 11 9 4 9 2.08244e-14
81 11 11 6 8 0.000670719
81 11 11 8 9 0.0010936
81 11 12 5 12 0.000108603
81 11 13 4 7 0.00127322
81 11 13 10 9 0.000731042
81 11 13 12 4 0.00414343
81 11 13 12 7 0.00926297
81 12 4 6 4 0.0039115
81 12 4 8 4 0.0144401
81 12 4 9 4 0.00726837
81 12 4 9 13 0.00384544
81 12 4 11 13 0.00730474
81 12 4 12 10 0.0055343
81 12 4 13 13 0.00468569
81 12 5 6 10 0.0111575
81 12 5 10 4 0.00434838
81 12 5 10 7 0.00712166
81 12 5 12 11 0.0225458
81 12 6 6 4 7.60324e-14
81 12 6 11 13 2.65559e-13
81 12 7 11 13 0.00404469
81 12 8 13 11 0.0014507
81 12 10 12 4 0.00271232
81 12 11 5 7 0.00688162
81 12 12 13 10 0.000757017
81 12 13 10 12 7.86108e-14
81 13 4 4 9 0.00451728
81 13 4 7 11 0.00559442
81 13 6 5 10 4.55785e-13
81 13 6 9 10 4.00652e-13
81 13 8 9 10 0.00222919
81 13 8 10 8 0.00556778
81 13 9 6 4 8.54107e-14
81 13 9 9 13 9.84441e-14
81 13 10 9 11 0.0271887
81 13 10 12 12 0.0141069
81 13 11 5 9 0.00406897
81 13 11 8 8 0.011296
81 13 11 9 8 0.00777903
81 13 11 12 8 0.00429087
81 13 12 4 9 1.24797e-13
81 13 12 4 11 7.94027e-14
81 13 12 4 13 4.41669e-14
81 13 12 6 11 0.00147506
81 13 12 7 11 1.45578e-13
81 13 13 6 8 0.00464631
81 13 13 9 9 0.0192295
81 13 13 12 4 0.00909712
90 1 2 0 0 0.364077
90 2 3 0 0 0.635923
91 4 2 0 2 0.0274172
91 5 3 0 3 0.0180635
91 6 3 0 3 0.0656747
91 7 2 0 2 0.0508229
91 8 2 0 3 0.0393973
91 8 3 0 3 0.139195
91 9 1 0 3 0.0205983
91 9 3 0 2 0.0654614
91 9 3 0 3 0.118284
91 10 2 0 3 0.0245695
91 11 1 0 2 0.01336
91 11 2 0 2 0.0269655
91 11 3 0 2 0.0395751
91 12 1 0 2 0.0244568
91 12 1 0 3 0.0361471
91 12 3 0 3 0.0927959
91 13 1 0 3 0.0258121
91 13 3 0 2 0.116018
91 13 3 0 3 0.0553866
82 4 4 4 13 1.08366e-15
82 4 4 9 13 8.72563e-15
82 4 4 13 4 3.73935e-15
82 4 6 4 7 2.2622e-15
82 4 6 4 12 8.73699e-16
82 4 6 5 12 4.35225e-15
82 4 6 6 11 3.52864e-15
82 4 6 11 11 3.32686e-15
82 4 7 4 6 5.17112e-16
82 4 7 6 6 2.19341e-15
82 4 7 9 7 1.01029e-14
82 4 7 11 13 1.52898e-15
82 4 8 4 12 1.0801e-15
82 4 9 4 12 4.83317e-16
82 4 9 5 12 1.65611e-15
82 4 9 6 6 1.53774e-15
82 4 9 11 9 3.28731e-15
82 4 9 13 4 2.37072e-15
82 4 9 13 12 1.34283e-15
82 4 10 7 10 4.44278e-15
82 4 10 8 8 1.16477e-14
82 4 10 12 6 9.80686e-15
82 4 11 4 11 1.78724e-15
82 4 11 13 12 1.79321e-15
82 4 12 4 6 6.70069e-16
82 4 12 4 8 7.77778e-16
82 4 12 4 9 4.86768e-16
82 4 12 5 10 3.54465e-15
82 4 12 6 6 1.25182e-15
82 4 12 10 12 3.68279e-16
82 4 13 4 4 1.13957e-15
82 4 13 9 6 9.90925e-15
82 4 13 13 12 3.04134e-15
82 5 6 6 9 6.65673e-15
82 5 6 10 12 1.57202e-15
82 5 7 8 12 4.25517e-15
82 5 7 12 11 6.13608e-15
82 5 9 13 11 5.12548e-15
82 5 10 4 12 1.03631e-15
82 5 10 7 12 1.97869e-15
82 5 10 13 6 1.06884e-14
82 5 11 9 9 1.22551e-14
82 5 12 4 6 1.77256e-15
82 5 12 4 9 7.17378e-16
82 5 12 8 9 5.86636e-15
82 5 12 11 12 2.11074e-15
82 5 13 7 7 3.88793e-15
82 6 4 7 4 4.33033e-15
82 6 4 7 6 5.07627e-15
82 6 4 9 6 1.24483e-14
82 6 4 10 12 1.4834e-15
82 6 4 12 4 8.87188e-15
82 6 4 12 6 1.10967e-14
82 6 4 13 9 4.9641e-15
82 6 5 10 13 4.50107e-15
82 6 5 12 4 1.94803e-14
82 6 6 4 7 2.50657e-15
82 6 6 4 9 1.33704e-15
82 6 6 4 12 8.20174e-16
82 6 6 9 5 2.65379e-14
82 6 6 11 4 7.90137e-15
82 6 8 11 11 5.63951e-15
82 6 8 13 13 6.40929e-15
82 6 9 5 6 1.19766e-14
82 6 9 10 13 2.14424e-15
82 6 10 9 11 2.01469e-14
82 6 10 12 5 1.23696e-14
82 6 11 4 6 1.99223e-15
82 6 11 8 8 1.64794e-14
82 6 11 11 4 7.18184e-15
82 6 11 13 12 2.15011e-15
82 7 4 6 4 1.97448e-15
82 7 4 7 9 4.47544e-15
82 7 5 13 7 1.02707e-14
82 7 6 6 4 2.04043e-15
82 7 7 5 13 4.00128e-15
82 7 8 11 10 9.34162e-15
82 7 8 12 5 1.2725e-14
82 7 9 7 4 2.26538e-15
82 7 9 8 10 1.52484e-14
82 7 9 9 9 9.24573e-15
82 7 10 4 10 2.43718e-15
82 7 10 9 10 2.19162e-14
82 7 11 13 4 5.02478e-15
82 7 11 13 12 2.68399e-15
82 7 12 5 10 4.74563e-15
82 7 12 11 5 4.90751e-15
82 8 4 10 8 4.8147e-15
82 8 4 12 4 9.37152e-15
82 8 6 11 8 1.10954e-14
82 8 8 4 10 2.64272e-15
82 8 8 6 11 5.16463e-15
82 8 8 13 11 7.82356e-15
82 8 9 5 12 1.59994e-15
82 8 9 10 13 2.07603e-15
82 8 9 11 11 4.02179e-15
82 8 10 7 9 3.17301e-15
82 8 10 8 13 1.89387e-14
82 8 11 10 7 4.46572e-15
82 8 11 11 6 9.68765e-15
82 8 12 5 7 4.69065e-15
82 8 13 8 10 2.26967e-14
82 8 13 11 8 1.16826e-14
82 8 13 11 9 7.71165e-15
82 8 13 11 12 5.28504e-15
82 8 13 13 6 9.94786e-15
82 9 4 9 11 1.19571e-14
82 9 4 12 4 6.02483e-15
82 9 5 6 6 4.85016e-15
82 9 5 11 9 6.23291e-15
82 9 5 12 4 6.82854e-15
82 9 5 12 8 7.88646e-15
82 9 6 4 13 5.66831e-16
82 9 6 6 4 1.10483e-15
82 9 7 4 7 6.77646e-16
82 9 7 9 9 5.84048e-15
82 9 8 10 7 5.56915e-15
82 9 8 13 11 5.78745e-15
82 9 9 5 11 6.05689e-15
82 9 9 7 9 1.20699e-15
82 9 9 9 7 9.97572e-15
82 9 9 13 13 3.04199e-15
82 9 10 7 10 3.57497e-15
82 9 10 13 6 6.76222e-15
82 9 10 13 8 6.27427e-15
82 9 11 6 10 2.66982e-15
82 9 11 9 4 5.33658e-15
82 9 11 11 8 7.89186e-15
82 9 11 13 10 3.88231e-15
82 9 13 4 4 9.76348e-16
82 9 13 11 5 6.95797e-15
82 9 13 12 4 5.85828e-15
82 9 13 13 9 6.42548e-15
82 10 4 10 7 9.56722e-15
82 10 4 12 5 1.29738e-14
82 10 7 8 11 1.26358e-14
82 10 7 9 8 1.22501e-14
82 10 7 10 4 9.58895e-16
82 10 7 10 9 1.63397e-15
82 10 7 12 5 5.74867e-15
82 10 8 8 4 6.97588e-15
82 10 8 13 8 1.06437e-14
82 10 9 10 7 3.93089e-15
82 10 9 11 6 8.2281e-15
82 10 9 11 13 2.99995e-15
82 10 12 4 12 4.25014e-16
82 10 12 5 6 3.76035e-15
82 10 12 6 4 8.86904e-16
82 10 12 12 13 4.1284e-15
82 10 13 6 5 4.11914e-15
82 10 13 6 9 5.20169e-15
82 10 13 8 9 1.56008e-14
82 11 4 6 6 2.67353e-15
82 11 4 6 11 3.68273e-15
82 11 4 11 4 1.57663e-14
82 11 5 7 12 2.05507e-15
82 11 5 9 13 9.33199e-15
82 11 6 8 11 2.06572e-14
82 11 6 10 9 2.93965e-15
82 11 8 8 6 1.32543e-14
82 11 8 8 13 1.29201e-14
82 11 8 9 11 1.81261e-14
82 11 9 4 9 6.83403e-16
82 11 9 8 13 7.93858e-15
82 11 9 9 5 7.11042e-15
82 11 10 7 8 1.89121e-15
82 11 11 4 6 1.52538e-15
82 11 11 6 8 2.78272e-15
82 11 11 8 9 1.28077e-14
82 11 12 5 12 8.76713e-16
82 11 12 8 13 5.71179e-15
82 11 13 4 7 1.89817e-15
82 11 13 10 9 2.18996e-15
82 11 13 12 4 6.59946e-15
82 11 13 12 6 9.90478e-15
82 11 13 12 7 1.57234e-14
82 12 4 6 4 0.0149038
82 12 4 6 5 0.0377585
82 12 4 8 4 0.0499404
82 12 4 9 4 0.0494985
82 12 4 9 5 0.0683782
82 12 4 9 13 0.0568169
82 12 4 11 13 0.0134604
82 12 4 12 10 0.0399057
82 12 4 13 13 0.0326684
82 12 5 6 10 0.0382607
82 12 5 7 8 0.0506055
82 12 5 10 4 0.0116415
82 12 5 10 7 0.0589914
82 12 5 12 11 0.064816
82 12 6 4 10 0.0156683
82 12 6 6 4 0.00832159
82 12 6 11 13 0.0226361
82 12 7 11 13 0.0133994
82 12 8 9 5 0.0942526
82 12 8 13 11 0.065423
82 12 10 12 4 0.0477794
82 12 11 5 7 0.0711391
82 12 11 12 5 0.0397414
82 12 12 13 10 0.0226384
82 12 13 10 12 0.0113551
82 13 4 4 4 2.46793e-15
82 13 4 4 9 1.96283e-15
82 13 4 7 11 2.41569e-15
82 13 6 5 10 9.49147e-15
82 13 6 8 13 1.53569e-14
82 13 6 9 10 1.76688e-14
82 13 7 7 5 1.2745e-15
82 13 8 9 10 1.84158e-14
82 13 8 10 8 5.05262e-15
82 13 9 6 4 8.37236e-16
82 13 9 9 13 7.71355e-15
82 13 10 9 11 1.75222e-14
82 13 10 12 12 6.83575e-15
82 13 11 5 9 6.97629e-15
82 13 11 8 8 1.51212e-14
82 13 11 9 8 1.35947e-14
82 13 11 12 8 1.12275e-14
82 13 12 4 9 5.13012e-16
82 13 12 4 11 3.99434e-16
82 13 12 4 13 4.09301e-16
82 13 12 6 11 1.9482e-15
82 13 12 7 11 5.3583e-16
82 13 13 6 8 4.84958e-15
82 13 13 9 9 1.54505e-14
82 13 13 12 4 1.00261e-14
83 4 4 4 13 0.00102745
83 4 4 9 13 0.00078315
83 4 4 13 4 0.021044
83 4 6 4 7 0.00183877
83 4 6 4 12 0.000993165
83 4 6 5 12 0.00636281
83 4 6 6 11 0.00613522
83 4 6 11 11 0.00925138
83 4 7 4 6 0.00081434
83 4 7 6 6 0.000211974
83 4 7 9 7 0.00297227
83 4 7 11 13 0.00137775
83 4 8 4 12 0.00122414
83 4 9 4 12 0.000574802
83 4 9 5 12 0.00182358
83 4 9 6 6 0.000152889
83 4 9 11 9 3.64647e-15
83 4 9 13 4 0.0111893
83 4 9 13 12 0.00046364
83 4 10 7 10 0.00716572
83 4 10 8 8 0.0174843
83 4 10 12 6 0.00369482
83 4 11 4 11 0.00415956
83 4 11 13 12 0.0005778
83 4 12 4 6 0.000803908
83 4 12 4 8 0.0019224
83 4 12 4 9 5.23906e-16
83 4 12 5 10 0.00135331
83 4 12 6 6 0.000112662
83 4 12 10 12 0.000383081
83 4 13 4 4 0.00608956
83 4 13 9 6 0.00556947
83 4 13 13 12 0.000682304
83 5 6 6 9 5.99087e-15
83 5 6 10 12 0.00137855
83 5 7 8 12 0.00359343
83 5 7 12 11 0.00132898
83 5 9 13 11 0.00500627
83 5 10 4 12 0.000671871
83 5 10 7 12 0.00169922
83 5 10 13 6 0.00425675
83 5 11 9 9 9.57432e-15
83 5 12 4 6 0.00142167
83 5 12 4 9 7.66543e-16
83 5 12 8 9 4.02455e-15
83 5 12 11 12 0.000946988
83 5 13 7 7 0.00176261
83 6 4 7 4 6.31541e-15
83 6 4 7 6 7.71967e-15
83 6 4 9 6 1.52572e-14
83 6 4 10 12 3.63978e-15
83 6 4 12 4 9.69325e-15
83 6 4 12 6 1.22679e-14
83 6 4 13 9 4.42558e-15
83 6 5 10 13 4.81341e-15
83 6 5 12 4 2.09922e-14
83 6 6 4 7 3.02463e-15
83 6 6 4 9 1.79461e-15
83 6 6 4 12 7.4951e-16
83 6 6 9 5 2.34274e-14
83 6 6 11 4 1.13051e-14
83 6 8 11 11 1.1636e-14
83 6 8 13 13 7.50241e-15
83 6 9 5 6 7.6378e-15
83 6 9 10 13 1.99799e-15
83 6 10 9 11 1.55639e-14
83 6 10 12 5 6.2402e-15
83 6 11 4 6 1.97397e-15
83 6 11 8 8 1.04496e-14
83 6 11 11 4 9.22019e-15
83 6 11 13 12 2.75772e-15
83 7 4 6 4 0.0040972
83 7 4 7 9 6.12261e-15
83 7 5 13 7 0.00062548
83 7 6 6 4 0.00386738
83 7 7 5 13 4.85496e-15
83 7 8 11 10 0.00516323
83 7 8 12 5 0.0124007
83 7 9 7 4 0.00497671
83 7 9 8 10 0.001198
83 7 9 9 9 7.43916e-15
83 7 10 4 10 0.00103642
83 7 10 9 10 0.00513527
83 7 11 13 4 0.0064551
83 7 11 13 12 0.000232575
83 7 12 5 10 0.000486605
83 7 12 11 5 0.00576192
83 8 4 10 8 5.56101e-15
83 8 4 12 4 1.01203e-14
83 8 6 11 8 1.68382e-14
83 8 8 4 10 4.57698e-15
83 8 8 6 11 3.96842e-15
83 8 8 13 11 7.49136e-15
83 8 9 5 12 8.46567e-16
83 8 9 10 13 1.76681e-15
83 8 9 11 11 7.09746e-15
83 8 10 7 9 3.17217e-15
83 8 10 8 13 1.38658e-14
83 8 11 10 7 2.1191e-15
83 8 11 11 6 1.10514e-14
83 8 12 5 7 4.42477e-15
83 8 13 8 10 1.6244e-14
83 8 13 11 8 1.31047e-14
83 8 13 11 9 7.19076e-15
83 8 13 11 12 3.68963e-15
83 8 13 13 6 7.88601e-15
83 9 4 9 11 0.00865743
83 9 4 12 4 0.011321
83 9 5 6 6 0.0002417
83 9 5 11 9 7.7391e-15
83 9 5 12 4 0.0120086
83 9 5 12 8 0.00191504
83 9 6 4 13 0.000148646
83 9 6 6 4 0.00312407
83 9 7 4 7 0.000246692
83 9 7 9 9 4.55637e-15
83 9 8 10 7 0.000222585
83 9 8 13 11 0.00384766
83 9 9 5 11 0.000460656
83 9 9 7 9 1.61308e-15
83 9 9 9 7 0.00127246
83 9 9 13 13 0.000170441
83 9 10 7 10 0.00238869
83 9 10 13 6 0.00146906
83 9 10 13 8 0.00206593
83 9 11 6 10 0.000300451
83 9 11 9 4 0.0132961
83 9 11 11 8 0.00721322
83 9 11 13 10 0.000492909
83 9 13 4 4 0.00190802
83 9 13 11 5 0.0117416
83 9 13 12 4 0.00756184
83 9 13 13 9 4.57315e-15
83 10 4 10 7 0.00315822
83 10 4 12 5 0.128378
83 10 7 8 11 0.0463066
83 10 7 9 8 0.0524226
83 10 7 10 4 0.0170976
83 10 7 10 9 1.28005e-15
83 10 7 12 5 0.0336772
83 10 8 8 4 0.16183
83 10 8 13 8 0.03148
83 10 9 10 7 0.00101565
83 10 9 11 6 0.0226538
83 10 9 11 13 0.00587738
83 10 12 4 12 0.00103044
83 10 12 5 6 0.00522293
83 10 12 6 4 0.0126778
83 10 12 12 13 4.80574e-15
83 10 13 6 5 0.010949
83 10 13 6 9 3.44844e-15
83 10 13 8 9 1.17569e-14
83 11 4 6 6 2.59798e-15
83 11 4 6 11 2.96576e-15
83 11 4 11 4 2.82611e-14
83 11 5 7 12 1.74989e-15
83 11 5 9 13 1.70995e-14
83 11 6 8 11 1.29071e-14
83 11 6 10 9 2.79785e-15
83 11 8 8 6 1.53318e-14
83 11 8 8 13 1.35043e-14
83 11 8 9 11 1.59811e-14
83 11 9 4 9 9.44395e-16
83 11 9 8 13 6.49058e-15
83 11 9 9 5 6.39888e-15
83 11 10 7 8 3.61632e-15
83 11 11 4 6 1.76556e-15
83 11 11 6 8 2.67615e-15
83 11 11 8 9 1.02114e-14
83 11 12 5 12 8.10622e-16
83 11 12 8 13 4.24032e-15
83 11 13 4 7 1.81164e-15
83 11 13 10 9 1.87128e-15
83 11 13 12 4 5.26205e-15
83 11 13 12 6 8.25756e-15
83 11 13 12 7 8.19236e-15
83 12 4 6 4 0.00198449
83 12 4 6 5 0.00101703
83 12 4 8 4 0.0111106
83 12 4 9 4 0.00887368
83 12 4 9 5 0.00808775
83 12 4 9 13 0.000135478
83 12 4 11 13 0.00055359
83 12 4 12 10 1.04379e-14
83 12 4 13 13 0.000165081
83 12 5 6 10 0.000243598
83 12 5 7 8 0.00322932
83 12 5 10 4 0.00365197
83 12 5 10 7 0.00012174
83 12 5 12 11 0.00190807
83 12 6 4 10 0.000600766
83 12 6 6 4 0.00157833
83 12 6 11 13 0.000408925
83 12 7 11 13 0.000224496
83 12 8 9 5 0.00609583
83 12 8 13 11 0.00189515
83 12 10 12 4 0.00440508
83 12 11 5 7 0.000162961
83 12 11 12 5 0.00387962
83 12 12 13 10 0.000140927
83 12 13 10 12 1.4242e-15
83 13 4 4 4 0.0105124
83 13 4 4 9 3.14585e-15
83 13 4 7 11 0.00386445
83 13 6 5 10 0.00194238
83 13 6 8 13 1.19321e-14
83 13 6 9 10 0.00995166
83 13 7 7 5 0.00232611
83 13 8 9 10 0.0101794
83 13 8 10 8 0.0051922
83 13 9 6 4 0.002804
83 13 9 9 13 0.000342997
83 13 10 9 11 0.0153478
83 13 10 12 12 6.76142e-15
83 13 11 5 9 3.54781e-15
83 13 11 8 8 0.0127108
83 13 11 9 8 0.0148608
83 13 11 12 8 0.00502762
83 13 12 4 9 5.59441e-16
83 13 12 4 11 0.000495651
83 13 12 4 13 0.000139696
83 13 12 6 11 0.00145213
83 13 12 7 11 0.000763478
83 13 13 6 8 0.00415132
83 13 13 9 9 1.13886e-14
83 13 13 12 4 0.0198658
92 4 2 0 1 0.0156683
92 4 2 0 2 5.34892e-12
92 5 3 0 3 0.0711391
92 6 3 0 3 0.0992445
92 7 1 0 1 0.0151713
92 7 2 0 2 0.0354342
92 8 2 0 3 0.0081881
92 8 3 0 3 0.0417523
92 9 1 0 1 0.0251285
92 9 1 0 3 0.0203129
92 9 2 0 1 0.0198693
92 9 3 0 2 0.047614
92 9 3 0 3 0.156021
92 10 2 0 3 0.081988
92 11 1 0 1 0.00725444
92 11 1 0 2 0.00531217
92 11 2 0 1 0.0163843
92 11 2 0 2 0.00531242
92 11 3 0 2 0.0152326
92 12 1 0 2 0.0496513
92 12 1 0 3 0.0432705
92 12 2 0 1 0.0208982
92 12 3 0 3 0.0784225
92 13 1 0 3 0.0282757
92 13 3 0 2 0.0106165
92 13 3 0 3 0.0818376
93 4 2 0 1 0.0266995
93 4 2 0 2 0.0109609
93 5 3 0 3 0.0178152
93 6 3 0 3 0.0551012
93 7 1 0 1 0.0232227
93 7 2 0 2 0.00495364
93 8 2 0 3 0.0721512
93 8 3 0 3 0.182083
93 9 1 0 1 0.0466557
93 9 1 0 3 0.0213784
93 9 2 0 1 0.0252043
93 9 3 0 2 0.0139018
93 9 3 0 3 0.0568439
93 10 2 0 3 0.0322216
93 11 1 0 1 0.00953077
93 11 1 0 2 0.012763
93 11 2 0 1 0.0193431
93 11 2 0 2 0.0116783
93 11 3 0 2 0.0178591
93 12 1 0 2 0.11536
93 12 1 0 3 0.0426198
93 12 2 0 1 0.0437208
93 12 3 0 3 0.0456725
93 13 1 0 3 0.0376721
93 13 3 0 2 0.0162664
93 13 3 0 3 0.0383218
84 4 4 4 13 0.00128136
84 4 4 9 13 0.00483606
84 4 4 13 4 0.00180238
84 4 6 4 7 0.00790037
84 4 6 4 12 0.000511655
84 4 6 5 12 0.00406444
84 4 6 6 11 0.000663452
84 4 6 11 11 0.00430424
84 4 7 4 6 0.00017398
84 4 7 6 6 0.000591543
84 4 7 9 7 0.0156838
84 4 7 11 13 0.0031472
84 4 8 4 12 0.000649276
84 4 9 4 12 0.000233539
84 4 9 5 12 0.0020517
84 4 9 6 6 0.000479313
84 4 9 11 9 0.00200659
84 4 9 13 4 0.00146721
84 4 9 13 12 0.00130974
84 4 10 7 10 0.00290825
84 4 10 8 8 0.016784
84 4 10 12 6 0.00268143
84 4 11 4 11 0.00266119
84 4 11 13 12 0.00167058
84 4 12 4 6 0.000271713
84 4 12 4 8 0.0012487
84 4 12 4 9 0.000388646
84 4 12 5 10 0.00147325
84 4 12 6 6 0.00052213
84 4 12 10 12 0.00041168
84 4 13 4 4 0.00312716
84 4 13 9 6 0.00380594
84 4 13 13 12 0.0030366
84 5 6 6 9 0.000520231
84 5 6 10 12 0.000419553
84 5 7 8 12 0.00107041
84 5 7 12 11 0.000913342
84 5 9 13 11 0.00041936
84 5 10 4 12 0.000118294
84 5 10 7 12 0.000210712
84 5 10 13 6 0.000553452
84 5 11 9 9 0.00152366
84 5 12 4 6 0.00016279
84 5 12 4 9 0.000127286
84 5 12 8 9 0.000643945
84 5 12 11 12 0.000381232
84 5 13 7 7 0.00491832
84 6 4 7 4 0.0135446
84 6 4 7 6 0.00298581
84 6 4 9 6 0.00678817
84 6 4 10 12 0.00239407
84 6 4 12 4 0.0123192
84 6 4 12 6 0.00539774
84 6 4 13 9 0.00254431
84 6 5 10 13 0.00241927
84 6 5 12 4 0.0334154
84 6 6 4 7 0.0111637
84 6 6 4 9 0.00130267
84 6 6 4 12 0.000647915
84 6 6 9 5 0.00667351
84 6 6 11 4 0.0188164
84 6 8 11 11 0.00640263
84 6 8 13 13 0.0029668
84 6 9 5 6 0.00321603
84 6 9 10 13 0.000701641
84 6 10 9 11 0.00866379
84 6 10 12 5 0.00203151
84 6 11 4 6 0.00108274
84 6 11 8 8 0.0284468
84 6 11 11 4 0.0140478
84 6 11 13 12 0.00245374
84 7 4 6 4 0.00105103
84 7 4 7 9 0.00306314
84 7 5 13 7 0.0156086
84 7 6 6 4 0.00116248
84 7 7 5 13 0.00108654
84 7 8 11 10 0.00567632
84 7 8 12 5 0.0016097
84 7 9 7 4 0.00424487
84 7 9 8 10 0.00386606
84 7 9 9 9 0.0027517
84 7 10 4 10 0.0010788
84 7 10 9 10 0.00656671
84 7 11 13 4 0.00246503
84 7 11 13 12 0.00204058
84 7 12 5 10 0.00134434
84 7 12 11 5 0.000792539
84 8 4 10 8 0.00532428
84 8 4 12 4 0.0073894
84 8 6 11 8 0.015821
84 8 8 4 10 0.00124357
84 8 8 6 11 0.000606387
84 8 8 13 11 0.0016392
84 8 9 5 12 0.00142495
84 8 9 10 13 0.000510128
84 8 9 11 11 0.00420544
84 8 10 7 9 0.00156118
84 8 10 8 13 0.00479537
84 8 11 10 7 0.00493062
84 8 11 11 6 0.00316879
84 8 12 5 7 0.00520052
84 8 13 8 10 0.00675563
84 8 13 11 8 0.0163483
84 8 13 11 9 0.00488784
84 8 13 11 12 0.00320233
84 8 13 13 6 0.00213631
84 9 4 9 11 0.0090931
84 9 4 12 4 0.0102335
84 9 5 6 6 0.00266813
84 9 5 11 9 0.0093061
84 9 5 12 4 0.013335
84 9 5 12 8 0.0289605
84 9 6 4 13 0.00165755
84 9 6 6 4 0.00130774
84 9 7 4 7 0.00413337
84 9 7 9 9 0.00476979
84 9 8 10 7 0.0074206
84 9 8 13 11 0.00217702
84 9 9 5 11 0.00151683
84 9 9 7 9 0.00101553
84 9 9 9 7 0.0241282
84 9 9 13 13 0.00164822
84 9 10 7 10 0.00249429
84 9 10 13 6 0.00222405
84 9 10 13 8 0.0110881
84 9 11 6 10 0.00132988
84 9 11 9 4 0.0139413
84 9 11 11 8 0.0190053
84 9 11 13 10 0.00306827
84 9 13 4 4 0.00429607
84 9 13 11 5 0.00305525
84 9 13 12 4 0.0087642
84 9 13 13 9 0.00372284
84 10 4 10 7 0.00834578
84 10 4 12 5 0.00192332
84 10 7 8 11 0.0018764
84 10 7 9 8 0.0146025
84 10 7 10 4 0.000568915
84 10 7 10 9 0.000453447
84 10 7 12 5 0.000892022
84 10 8 8 4 0.00285833
84 10 8 13 8 0.00965068
84 10 9 10 7 0.00265254
84 10 9 11 6 0.00188156
84 10 9 11 13 0.00338764
84 10 12 4 12 0.000164337
84 10 12 5 6 0.000794682
84 10 12 6 4 0.000489598
84 10 12 12 13 0.00190624
84 10 13 6 5 0.000307784
84 10 13 6 9 0.00115933
84 10 13 8 9 0.00385184
84 11 4 6 6 0.000512267
84 11 4 6 11 0.000506624
84 11 4 11 4 0.0151217
84 11 5 7 12 0.00115254
84 11 5 9 13 0.00472844
84 11 6 8 11 0.00295182
84 11 6 10 9 0.000649941
84 11 8 8 6 0.00260849
84 11 8 8 13 0.00301838
84 11 8 9 11 0.00525705
84 11 9 4 9 0.000300562
84 11 9 8 13 0.00187233
84 11 9 9 5 0.000880086
84 11 10 7 8 0.00181967
84 11 11 4 6 0.000353122
84 11 11 6 8 0.00246038
84 11 11 8 9 0.00309942
84 11 12 5 12 0.000649215
84 11 12 8 13 0.00178013
84 11 13 4 7 0.00715854
84 11 13 10 9 0.000822268
84 11 13 12 4 0.00483395
84 11 13 12 6 0.00252163
84 11 13 12 7 0.0256661
84 12 4 6 4 0.000826649
84 12 4 6 5 0.000332165
84 12 4 8 4 0.00418474
84 12 4 9 4 0.0118097
84 12 4 9 5 0.00223067
84 12 4 9 13 0.00545596
84 12 4 11 13 0.00555756
84 12 4 12 10 0.00449055
84 12 4 13 13 0.00231461
84 12 5 6 10 0.0014308
84 12 5 7 8 0.00909483
84 12 5 10 4 0.00151294
84 12 5 10 7 0.00580578
84 12 5 12 11 0.0047528
84 12 6 4 10 0.00131882
84 12 6 6 4 0.000726543
84 12 6 11 13 0.00409331
84 12 7 11 13 0.00243976
84 12 8 9 5 0.00182388
84 12 8 13 11 0.00178787
84 12 10 12 4 0.00392853
84 12 11 5 7 0.0118824
84 12 11 12 5 0.00102118
84 12 12 13 10 0.00100791
84 12 13 10 12 0.00124684
84 13 4 4 4 0.00443923
84 13 4 4 9 0.00133757
84 13 4 7 11 0.0032681
84 13 6 5 10 0.00290898
84 13 6 8 13 0.00455914
84 13 6 9 10 0.00893469
84 13 7 7 5 0.00037203
84 13 8 9 10 0.00892413
84 13 8 10 8 0.00723317
84 13 9 6 4 0.000391661
84 13 9 9 13 0.00367034
84 13 10 9 11 0.00447782
84 13 10 12 12 0.0035994
84 13 11 5 9 0.00201464
84 13 11 8 8 0.0170085
84 13 11 9 8 0.0166924
84 13 11 12 8 0.0130951
84 13 12 4 9 0.000262019
84 13 12 4 11 0.000339245
84 13 12 4 13 0.000447723
84 13 12 6 11 0.000298797
84 13 12 7 11 0.000586822
84 13 13 6 8 0.00484735
84 13 13 9 9 0.00589622
84 13 13 12 4 0.0063483
85 4 4 4 13 0.0079271
85 4 4 9 13 0.0145239
85 4 4 13 4 0.00301678
85 4 6 4 7 0.00479386
85 4 6 4 12 0.000463401
85 4 6 5 12 0.00175714
85 4 6 6 11 0.00410096
85 4 6 11 11 0.0165974
85 4 7 4 6 0.00314946
85 4 7 6 6 0.000702802
85 4 7 9 7 0.0080905
85 4 7 11 13 0.0165037
85 4 8 4 12 0.000175753
85 4 9 4 12 0.000130824
85 4 9 5 12 0.000303905
85 4 9 6 6 0.000510923
85 4 9 11 9 0.00410843
85 4 9 13 4 0.00134975
85 4 9 13 12 0.000907151
85 4 10 7 10 0.00281347
85 4 10 8 8 0.00287778
85 4 10 12 6 0.00638076
85 4 11 4 11 0.00457996
85 4 11 13 12 0.00111847
85 4 12 4 6 0.00214858
85 4 12 4 8 0.00173652
85 4 12 4 9 0.00174904
85 4 12 5 10 0.00437679
85 4 12 6 6 0.000595666
85 4 12 10 12 0.000739153
85 4 13 4 4 0.00186446
85 4 13 9 6 0.00715558
85 4 13 13 12 0.00209558
85 5 6 6 9 0.00254584
85 5 6 10 12 0.00144273
85 5 7 8 12 0.00168076
85 5 7 12 11 0.00648154
85 5 9 13 11 0.00134462
85 5 10 4 12 0.000216531
85 5 10 7 12 0.000464899
85 5 10 13 6 0.0021656
85 5 11 9 9 0.00354516
85 5 12 4 6 0.00259412
85 5 12 4 9 0.000889182
85 5 12 8 9 0.00169775
85 5 12 11 12 0.00100765
85 5 13 7 7 0.00260423
85 6 4 7 4 0.00823423
85 6 4 7 6 0.0109902
85 6 4 9 6 0.0138142
85 6 4 10 12 0.00206333
85 6 4 12 4 0.0100795
85 6 4 12 6 0.0139912
85 6 4 13 9 0.00387609
85 6 5 10 13 0.000742563
85 6 5 12 4 0.00646673
85 6 6 4 7 0.00451613
85 6 6 4 9 0.00351016
85 6 6 4 12 0.000526285
85 6 6 9 5 0.0609083
85 6 6 11 4 0.0228187
85 6 8 11 11 0.0163856
85 6 8 13 13 0.0051993
85 6 9 5 6 0.00334426
85 6 9 10 13 0.00071056
85 6 10 9 11 0.0161324
85 6 10 12 5 0.00805807
85 6 11 4 6 0.00179568
85 6 11 8 8 0.00443587
85 6 11 11 4 0.0108646
85 6 11 13 12 0.00103843
85 7 4 6 4 0.00060919
85 7 4 7 9 0.00395894
85 7 5 13 7 0.000980176
85 7 6 6 4 0.000856933
85 7 7 5 13 0.00114889
85 7 8 11 10 0.00386375
85 7 8 12 5 0.00427473
85 7 9 7 4 0.00168023
85 7 9 8 10 0.00289881
85 7 9 9 9 0.0016582
85 7 10 4 10 0.0012123
85 7 10 9 10 0.00468021
85 7 11 13 4 0.00109599
85 7 11 13 12 0.000628806
85 7 12 5 10 0.00234422
85 7 12 11 5 0.00642691
85 8 4 10 8 0.00238685
85 8 4 12 4 0.00802752
85 8 6 11 8 0.0156579
85 8 8 4 10 0.00099167
85 8 8 6 11 0.00395096
85 8 8 13 11 0.0058689
85 8 9 5 12 0.00023047
85 8 9 10 13 0.000499464
85 8 9 11 11 0.00590329
85 8 10 7 9 0.002594
85 8 10 8 13 0.00424645
85 8 11 10 7 0.00115564
85 8 11 11 6 0.00775238
85 8 12 5 7 0.00377929
85 8 13 8 10 0.00786508
85 8 13 11 8 0.00748202
85 8 13 11 9 0.00574392
85 8 13 11 12 0.00166536
85 8 13 13 6 0.00431738
85 9 4 9 11 0.0122487
85 9 4 12 4 0.00617114
85 9 5 6 6 0.000808825
85 9 5 11 9 0.00266823
85 9 5 12 4 0.00233545
85 9 5 12 8 0.00212106
85 9 6 4 13 0.0023893
85 9 6 6 4 0.000869371
85 9 7 4 7 0.0019538
85 9 7 9 9 0.00492524
85 9 8 10 7 0.000639021
85 9 8 13 11 0.00509364
85 9 9 5 11 0.0029242
85 9 9 7 9 0.000735016
85 9 9 9 7 0.00502669
85 9 9 13 13 0.00185605
85 9 10 7 10 0.00174912
85 9 10 13 6 0.00199259
85 9 10 13 8 0.001681
85 9 11 6 10 0.000605105
85 9 11 9 4 0.00511821
85 9 11 11 8 0.00699955
85 9 11 13 10 0.00164921
85 9 13 4 4 0.0013487
85 9 13 11 5 0.00612409
85 9 13 12 4 0.00337482
85 9 13 13 9 0.00281431
85 10 4 10 7 0.00651147
85 10 4 12 5 0.00771706
85 10 7 8 11 0.00673754
85 10 7 9 8 0.00856941
85 10 7 10 4 0.00117109
85 10 7 10 9 0.00166327
85 10 7 12 5 0.00655041
85 10 8 8 4 0.00276028
85 10 8 13 8 0.00323049
85 10 9 10 7 0.00107484
85 10 9 11 6 0.00486079
85 10 9 11 13 0.00625001
85 10 12 4 12 0.000255389
85 10 12 5 6 0.00164493
85 10 12 6 4 0.000380716
85 10 12 12 13 0.00700258
85 10 13 6 5 0.000956515
85 10 13 6 9 0.00137597
85 10 13 8 9 0.0047676
85 11 4 6 6 0.00100043
85 11 4 6 11 0.00284968
85 11 4 11 4 0.0311837
85 11 5 7 12 0.000258491
85 11 5 9 13 0.00364912
85 11 6 8 11 0.017366
85 11 6 10 9 0.00225067
85 11 8 8 6 0.00459184
85 11 8 8 13 0.00502562
85 11 8 9 11 0.014358
85 11 9 4 9 0.000731655
85 11 9 8 13 0.00257565
85 11 9 9 5 0.00555677
85 11 10 7 8 0.0018656
85 11 11 4 6 0.00151225
85 11 11 6 8 0.000684291
85 11 11 8 9 0.00437568
85 11 12 5 12 0.000298521
85 11 12 8 13 0.00336468
85 11 13 4 7 0.00203526
85 11 13 10 9 0.00106309
85 11 13 12 4 0.00367696
85 11 13 12 6 0.00525971
85 11 13 12 7 0.00711321
85 12 4 6 4 0.000733798
85 12 4 6 5 0.00179799
85 12 4 8 4 0.00476508
85 12 4 9 4 0.00847285
85 12 4 9 5 0.011665
85 12 4 9 13 0.00680411
85 12 4 11 13 0.0105177
85 12 4 12 10 0.00651029
85 12 4 13 13 0.00277343
85 12 5 6 10 0.000776889
85 12 5 7 8 0.00153441
85 12 5 10 4 0.00036338
85 12 5 10 7 0.000684077
85 12 5 12 11 0.00390985
85 12 6 4 10 0.00235403
85 12 6 6 4 0.000897978
85 12 6 11 13 0.010228
85 12 7 11 13 0.00645798
85 12 8 9 5 0.00554609
85 12 8 13 11 0.00573007
85 12 10 12 4 0.00319122
85 12 11 5 7 0.00181678
85 12 11 12 5 0.00550047
85 12 12 13 10 0.00218936
85 12 13 10 12 0.000468403
85 13 4 4 4 0.00464208
85 13 4 4 9 0.00240678
85 13 4 7 11 0.00609739
85 13 6 5 10 0.00694344
85 13 6 8 13 0.00579368
85 13 6 9 10 0.0164943
85 13 7 7 5 0.00310861
85 13 8 9 10 0.0072673
85 13 8 10 8 0.000548261
85 13 9 6 4 0.00026134
85 13 9 9 13 0.00482156
85 13 10 9 11 0.00617182
85 13 10 12 12 0.00175807
85 13 11 5 9 0.000750011
85 13 11 8 8 0.00213959
85 13 11 9 8 0.00417553
85 13 11 12 8 0.00424655
85 13 12 4 9 0.00075032
85 13 12 4 11 0.00121508
85 13 12 4 13 0.00170555
85 13 12 6 11 0.00101949
85 13 12 7 11 0.00239634
85 13 13 6 8 0.0011808
85 13 13 9 9 0.00507925
85 13 13 12 4 0.00402244
94 4 2 0 1 0.0409689
94 4 2 0 2 0.0206147
94 5 3 0 3 0.0396285
94 6 3 0 3 0.0251923
94 7 1 0 1 0.0375576
94 7 2 0 2 0.0156831
94 8 2 0 3 0.0326365
94 8 3 0 3 0.0793953
94 9 1 0 1 0.0630574
94 9 1 0 3 0.0276595
94 9 2 0 1 0.0307607
94 9 3 0 2 0.0254888
94 9 3 0 3 0.0576432
94 10 2 0 3 0.0538235
94 11 1 0 1 0.0318815
94 11 1 0 2 0.023321
94 11 2 0 1 0.0606004
94 11 2 0 2 0.019866
94 11 3 0 2 0.0313879
94 12 1 0 2 0.0848412
94 12 1 0 3 0.0357215
94 12 2 0 1 0.0443753
94 12 3 0 3 0.0370919
94 13 1 0 3 0.0252525
94 13 3 0 2 0.0257308
94 13 3 0 3 0.0298202
95 4 2 0 1 0.0382399
95 4 2 0 2 0.0300313
95 5 3 0 3 0.0316628
95 6 3 0 3 0.0300725
95 7 1 0 1 0.023796
95 7 2 0 2 0.0272892
95 8 2 0 3 0.0281752
95 8 3 0 3 0.0617906
95 9 1 0 1 0.0852246
95 9 1 0 3 0.0341832
95 9 2 0 1 0.0422991
95 9 3 0 2 0.0394305
95 9 3 0 3 0.0653211
95 10 2 0 3 0.0261779
95 11 1 0 1 0.0396659
95 11 1 0 2 0.0390132
95 11 2 0 1 0.0700509
95 11 2 0 2 0.032647
95 11 3 0 2 0.0466948
95 12 1 0 2 0.0781556
95 12 1 0 3 0.0167114
95 12 2 0 1 0.0300158
95 12 3 0 3 0.0193384
95 13 1 0 3 0.0153675
95 13 3 0 2 0.0260675
95 13 3 0 3 0.0225782
86 4 4 4 13 0.00610436
86 4 4 9 13 0.0319788
86 4 4 13 4 0.01516
86 4 6 4 7 2.25837e-15
86 4 6 4 12 8.70848e-16
86 4 6 5 12 2.75075e-15
86 4 6 6 11 1.02042e-15
86 4 6 11 11 7.14314e-15
86 4 7 4 6 8.62872e-16
86 4 7 6 6 0.00363365
86 4 7 9 7 0.00828993
86 4 7 11 13 0.00413996
86 4 8 4 12 0.00166326
86 4 9 4 12 4.44652e-16
86 4 9 5 12 1.36892e-15
86 4 9 6 6 1.00492e-15
86 4 9 11 9 4.24174e-15
86 4 9 13 4 2.15335e-15
86 4 9 13 12 1.22099e-15
86 4 10 7 10 0.0210196
86 4 10 8 8 0.0273696
86 4 10 12 6 0.0146848
86 4 11 4 11 0.0173684
86 4 11 13 12 0.00277642
86 4 12 4 6 1.30963e-15
86 4 12 4 8 1.11264e-15
86 4 12 4 9 6.55417e-16
86 4 12 5 10 0.0027772
86 4 12 6 6 0.000736709
86 4 12 10 12 3.28887e-16
86 4 13 4 4 0.0288713
86 4 13 9 6 0.0685122
86 4 13 13 12 0.00940397
86 5 6 6 9 2.51109e-15
86 5 6 10 12 1.40098e-15
86 5 7 8 12 0.00688554
86 5 7 12 11 0.00229151
86 5 9 13 11 3.1646e-15
86 5 10 4 12 0.00587395
86 5 10 7 12 0.00871647
86 5 10 13 6 0.0173577
86 5 11 9 9 0.016157
86 5 12 4 6 3.49681e-15
86 5 12 4 9 9.70613e-16
86 5 12 8 9 0.00170387
86 5 12 11 12 0.000567986
86 5 13 7 7 0.0444073
86 6 4 7 4 0.0107801
86 6 4 7 6 0.0101886
86 6 4 9 6 0.0271008
86 6 4 10 12 0.00104707
86 6 4 12 4 0.0155687
86 6 4 12 6 0.0188111
86 6 4 13 9 0.0070389
86 6 5 10 13 0.00658854
86 6 5 12 4 0.0869963
86 6 6 4 7 2.67451e-15
86 6 6 4 9 1.77794e-15
86 6 6 4 12 8.12976e-16
86 6 6 9 5 2.14366e-14
86 6 6 11 4 1.38431e-14
86 6 8 11 11 0.0159911
86 6 8 13 13 0.00357759
86 6 9 5 6 8.20333e-15
86 6 9 10 13 1.01389e-15
86 6 10 9 11 0.0175374
86 6 10 12 5 0.0124927
86 6 11 4 6 0.00895447
86 6 11 8 8 0.0198048
86 6 11 11 4 0.021815
86 6 11 13 12 0.00177442
86 7 4 6 4 0.00129931
86 7 4 7 9 0.00193294
86 7 5 13 7 0.00408142
86 7 6 6 4 1.3389e-15
86 7 7 5 13 0.000718714
86 7 8 11 10 0.00694171
86 7 8 12 5 1.05317e-14
86 7 9 7 4 6.64074e-15
86 7 9 8 10 8.63679e-15
86 7 9 9 9 6.72848e-15
86 7 10 4 10 0.00406224
86 7 10 9 10 0.0103269
86 7 11 13 4 0.00120053
86 7 11 13 12 0.000628948
86 7 12 5 10 0.000561991
86 7 12 11 5 0.00013941
86 8 4 10 8 0.000901265
86 8 4 12 4 0.0049061
86 8 6 11 8 1.39061e-14
86 8 8 4 10 0.00108235
86 8 8 6 11 1.48353e-15
86 8 8 13 11 0.00124479
86 8 9 5 12 1.30736e-15
86 8 9 10 13 9.81639e-16
86 8 9 11 11 9.59014e-15
86 8 10 7 9 0.00297616
86 8 10 8 13 0.0059251
86 8 11 10 7 0.00110742
86 8 11 11 6 0.00901163
86 8 12 5 7 0.000426345
86 8 13 8 10 0.0115198
86 8 13 11 8 0.0207122
86 8 13 11 9 0.0129945
86 8 13 11 12 0.00662192
86 8 13 13 6 0.00637977
86 9 4 9 11 6.5301e-15
86 9 4 12 4 6.62518e-15
86 9 5 6 6 2.90929e-15
86 9 5 11 9 9.02491e-15
86 9 5 12 4 1.01453e-14
86 9 5 12 8 8.65028e-15
86 9 6 4 13 1.96024e-15
86 9 6 6 4 7.41094e-16
86 9 7 4 7 6.12677e-16
86 9 7 9 9 3.64667e-15
86 9 8 10 7 1.79274e-15
86 9 8 13 11 3.0661e-15
86 9 9 5 11 2.22918e-15
86 9 9 7 9 1.72679e-15
86 9 9 9 7 5.74059e-15
86 9 9 13 13 2.39335e-15
86 9 10 7 10 5.50752e-15
86 9 10 13 6 5.06842e-15
86 9 10 13 8 4.29545e-15
86 9 11 6 10 1.31457e-15
86 9 11 9 4 9.01023e-15
86 9 11 11 8 9.06332e-15
86 9 11 13 10 3.12044e-15
86 9 13 4 4 2.0562e-15
86 9 13 11 5 7.57935e-15
86 9 13 12 4 6.70961e-15
86 9 13 13 9 3.25724e-15
86 10 4 10 7 0.000418029
86 10 4 12 5 0.00228776
86 10 7 8 11 0.000866707
86 10 7 9 8 0.00159779
86 10 7 10 4 7.27457e-16
86 10 7 10 9 7.02389e-16
86 10 7 12 5 6.17817e-05
86 10 8 8 4 0.000287296
86 10 8 13 8 0.00120238
86 10 9 10 7 1.17304e-15
86 10 9 11 6 1.44774e-14
86 10 9 11 13 1.12713e-14
86 10 12 4 12 4.42538e-16
86 10 12 5 6 0.000331443
86 10 12 6 4 6.13572e-05
86 10 12 12 13 5.39157e-15
86 10 13 6 5 0.000276354
86 10 13 6 9 0.000423871
86 10 13 8 9 0.00304145
86 11 4 6 6 0.0018863
86 11 4 6 11 0.00139394
86 11 4 11 4 0.0163466
86 11 5 7 12 0.00299637
86 11 5 9 13 0.0147943
86 11 6 8 11 6.3961e-15
86 11 6 10 9 1.39707e-15
86 11 8 8 6 0.0010332
86 11 8 8 13 0.000714264
86 11 8 9 11 0.00550876
86 11 9 4 9 7.7733e-16
86 11 9 8 13 3.67336e-15
86 11 9 9 5 6.3968e-15
86 11 10 7 8 0.00279235
86 11 11 4 6 0.00286092
86 11 11 6 8 0.00115627
86 11 11 8 9 0.00431241
86 11 12 5 12 0.000191153
86 11 12 8 13 0.000393485
86 11 13 4 7 0.00489403
86 11 13 10 9 0.00277192
86 11 13 12 4 0.010923
86 11 13 12 6 0.0145982
86 11 13 12 7 0.0117405
86 12 4 6 4 0.00124374
86 12 4 6 5 0.00143345
86 12 4 8 4 0.00358845
86 12 4 9 4 0.0043567
86 12 4 9 5 0.00557732
86 12 4 9 13 0.00615297
86 12 4 11 13 0.00604289
86 12 4 12 10 0.00367771
86 12 4 13 13 0.00357377
86 12 5 6 10 0.00276963
86 12 5 7 8 0.0108622
86 12 5 10 4 0.00209372
86 12 5 10 7 0.0020112
86 12 5 12 11 0.0101384
86 12 6 4 10 2.58818e-15
86 12 6 6 4 7.18992e-16
86 12 6 11 13 7.8922e-15
86 12 7 11 13 0.000750297
86 12 8 9 5 0.00478749
86 12 8 13 11 0.00100193
86 12 10 12 4 0.00167319
86 12 11 5 7 0.00151908
86 12 11 12 5 0.000242912
86 12 12 13 10 1.86535e-15
86 12 13 10 12 0.00197387
86 13 4 4 4 0.000835165
86 13 4 4 9 0.000409727
86 13 4 7 11 0.00118281
86 13 6 5 10 4.19876e-15
86 13 6 8 13 6.17271e-15
86 13 6 9 10 1.65717e-14
86 13 7 7 5 2.12249e-15
86 13 8 9 10 0.00551288
86 13 8 10 8 0.000616326
86 13 9 6 4 6.73859e-16
86 13 9 9 13 9.84203e-15
86 13 10 9 11 0.00299174
86 13 10 12 12 0.00118673
86 13 11 5 9 0.000813488
86 13 11 8 8 0.00364001
86 13 11 9 8 0.00281725
86 13 11 12 8 0.00121753
86 13 12 4 9 7.02141e-16
86 13 12 4 11 8.28282e-16
86 13 12 4 13 1.45061e-15
86 13 12 6 11 6.63981e-05
86 13 12 7 11 1.37973e-15
86 13 13 6 8 0.000811301
86 13 13 9 9 0.00767936
86 13 13 12 4 0.0103615
87 4 4 4 13 2.88833e-15
87 4 4 9 13 8.86285e-15
87 4 4 13 4 1.97053e-15
87 4 6 4 7 2.67416e-15
87 4 6 4 12 8.43582e-16
87 4 6 5 12 1.06072e-15
87 4 6 6 11 8.37692e-16
87 4 6 11 11 8.03266e-15
87 4 7 4 6 1.402e-15
87 4 7 6 6 1.04983e-15
87 4 7 9 7 9.61246e-15
87 4 7 11 13 8.79705e-15
87 4 8 4 12 8.21186e-16
87 4 9 4 12 6.5806e-16
87 4 9 5 12 4.03476e-16
87 4 9 6 6 4.56809e-16
87 4 9 11 9 6.30187e-15
87 4 9 13 4 1.81079e-15
87 4 9 13 12 1.40761e-15
87 4 10 7 10 5.71875e-15
87 4 10 8 8 4.45748e-15
87 4 10 12 6 7.62106e-15
87 4 11 4 11 3.54315e-15
87 4 11 13 12 1.11794e-15
87 4 12 4 6 2.08072e-15
87 4 12 4 8 2.16129e-15
87 4 12 4 9 1.42717e-15
87 4 12 5 10 2.02067e-15
87 4 12 6 6 4.1811e-16
87 4 12 10 12 7.24146e-16
87 4 13 4 4 1.76372e-15
87 4 13 9 6 8.88167e-15
87 4 13 13 12 3.29008e-15
87 5 6 6 9 1.90372e-15
87 5 6 10 12 1.38515e-15
87 5 7 8 12 4.14239e-15
87 5 7 12 11 1.11555e-14
87 5 9 13 11 3.57935e-15
87 5 10 4 12 1.2599e-15
87 5 10 7 12 2.74237e-15
87 5 10 13 6 4.81144e-15
87 5 11 9 9 8.85389e-15
87 5 12 4 6 5.47763e-15
87 5 12 4 9 2.08791e-15
87 5 12 8 9 3.25015e-15
87 5 12 11 12 3.7304e-15
87 5 13 7 7 4.47261e-15
87 6 4 7 4 7.18609e-15
87 6 4 7 6 7.05051e-15
87 6 4 9 6 9.13741e-15
87 6 4 10 12 1.15908e-15
87 6 4 12 4 9.64918e-15
87 6 4 12 6 9.89992e-15
87 6 4 13 9 2.21159e-15
87 6 5 10 13 2.04831e-15
87 6 5 12 4 2.64721e-14
87 6 6 4 7 3.42439e-15
87 6 6 4 9 2.07541e-15
87 6 6 4 12 9.18208e-16
87 6 6 9 5 2.38367e-14
87 6 6 11 4 1.67628e-14
87 6 8 11 11 1.14076e-14
87 6 8 13 13 3.5772e-15
87 6 9 5 6 2.92436e-15
87 6 9 10 13 1.69659e-15
87 6 10 9 11 1.18992e-14
87 6 10 12 5 6.92615e-15
87 6 11 4 6 2.1587e-15
87 6 11 8 8 3.53864e-15
87 6 11 11 4 1.40864e-14
87 6 11 13 12 1.32366e-15
87 7 4 6 4 7.51895e-16
87 7 4 7 9 5.5008e-15
87 7 5 13 7 2.3167e-15
87 7 6 6 4 7.29099e-16
87 7 7 5 13 3.291e-15
87 7 8 11 10 1.78417e-14
87 7 8 12 5 9.76379e-15
87 7 9 7 4 1.09661e-14
87 7 9 8 10 6.66051e-15
87 7 9 9 9 1.01702e-14
87 7 10 4 10 4.48651e-15
87 7 10 9 10 1.59841e-14
87 7 11 13 4 2.36328e-15
87 7 11 13 12 1.67594e-15
87 7 12 5 10 2.7053e-15
87 7 12 11 5 8.86478e-15
87 8 4 10 8 2.18209e-15
87 8 4 12 4 1.01527e-14
87 8 6 11 8 1.60513e-14
87 8 8 4 10 3.44561e-15
87 8 8 6 11 8.96583e-16
87 8 8 13 11 3.95632e-15
87 8 9 5 12 3.34107e-16
87 8 9 10 13 1.54019e-15
87 8 9 11 11 1.29312e-14
87 8 10 7 9 5.03413e-15
87 8 10 8 13 7.05642e-15
87 8 11 10 7 1.30972e-15
87 8 11 11 6 1.42148e-14
87 8 12 5 7 1.92107e-15
87 8 13 8 10 1.31398e-14
87 8 13 11 8 1.3209e-14
87 8 13 11 9 9.19759e-15
87 8 13 11 12 5.55628e-15
87 8 13 13 6 8.14149e-15
87 9 4 9 11 6.93988e-15
87 9 4 12 4 6.78692e-15
87 9 5 6 6 4.66304e-16
87 9 5 11 9 7.00392e-15
87 9 5 12 4 1.03367e-14
87 9 5 12 8 8.85761e-15
87 9 6 4 13 1.91281e-15
87 9 6 6 4 3.86562e-16
87 9 7 4 7 1.4583e-15
87 9 7 9 9 6.74244e-15
87 9 8 10 7 1.43312e-15
87 9 8 13 11 2.87023e-15
87 9 9 5 11 1.45967e-15
87 9 9 7 9 3.56611e-15
87 9 9 9 7 1.0443e-14
87 9 9 13 13 2.74549e-15
87 9 10 7 10 4.25952e-15
87 9 10 13 6 3.11038e-15
87 9 10 13 8 2.80946e-15
87 9 11 6 10 3.02525e-16
87 9 11 9 4 8.97463e-15
87 9 11 11 8 1.07342e-14
87 9 11 13 10 2.1143e-15
87 9 13 4 4 1.53022e-15
87 9 13 11 5 5.79861e-15
87 9 13 12 4 5.94935e-15
87 9 13 13 9 4.46306e-15
87 10 4 10 7 2.83477e-15
87 10 4 12 5 7.846e-15
87 10 7 8 11 5.65054e-15
87 10 7 9 8 1.67666e-14
87 10 7 10 4 1.06531e-15
87 10 7 10 9 1.32314e-15
87 10 7 12 5 6.78293e-15
87 10 8 8 4 3.21904e-15
87 10 8 13 8 5.14977e-15
87 10 9 10 7 2.04562e-15
87 10 9 11 6 1.54853e-14
87 10 9 11 13 1.51898e-14
87 10 12 4 12 8.28741e-16
87 10 12 5 6 2.01484e-15
87 10 12 6 4 4.22552e-16
87 10 12 12 13 1.02759e-14
87 10 13 6 5 1.27904e-15
87 10 13 6 9 2.93853e-15
87 10 13 8 9 9.43563e-15
87 11 4 6 6 7.27795e-16
87 11 4 6 11 8.99584e-16
87 11 4 11 4 2.43073e-14
87 11 5 7 12 1.94313e-15
87 11 5 9 13 1.10949e-14
87 11 6 8 11 5.29479e-15
87 11 6 10 9 1.77872e-15
87 11 8 8 6 4.56274e-15
87 11 8 8 13 4.28006e-15
87 11 8 9 11 1.15486e-14
87 11 9 4 9 1.44655e-15
87 11 9 8 13 3.63727e-15
87 11 9 9 5 9.11227e-15
87 11 10 7 8 3.89503e-15
87 11 11 4 6 2.02649e-15
87 11 11 6 8 3.89418e-16
87 11 11 8 9 3.1144e-15
87 11 12 5 12 3.65447e-16
87 11 12 8 13 3.35442e-15
87 11 13 4 7 1.6265e-15
87 11 13 10 9 1.03361e-15
87 11 13 12 4 6.71637e-15
87 11 13 12 6 8.26253e-15
87 11 13 12 7 7.69007e-15
87 12 4 6 4 0.00567638
87 12 4 6 5 0.00271052
87 12 4 8 4 0.0368537
87 12 4 9 4 0.0905782
87 12 4 9 5 0.0540398
87 12 4 9 13 0.0598876
87 12 4 11 13 0.0691369
87 12 4 12 10 0.094457
87 12 4 13 13 0.018597
87 12 5 6 10 0.00467866
87 12 5 7 8 0.0511653
87 12 5 10 4 0.0135844
87 12 5 10 7 0.0211787
87 12 5 12 11 0.094664
87 12 6 4 10 0.0285112
87 12 6 6 4 0.00458035
87 12 6 11 13 0.0725095
87 12 7 11 13 0.0587875
87 12 8 9 5 0.0497715
87 12 8 13 11 0.0245149
87 12 10 12 4 0.0619525
87 12 11 5 7 0.00805718
87 12 11 12 5 0.0368103
87 12 12 13 10 0.0293396
87 12 13 10 12 0.00795734
87 13 4 4 4 3.78835e-15
87 13 4 4 9 2.1656e-15
87 13 4 7 11 5.87257e-15
87 13 6 5 10 2.82991e-15
87 13 6 8 13 4.83561e-15
87 13 6 9 10 1.90837e-14
87 13 7 7 5 3.22163e-15
87 13 8 9 10 1.67021e-14
87 13 8 10 8 2.63163e-15
87 13 9 6 4 3.30453e-16
87 13 9 9 13 1.43168e-14
87 13 10 9 11 1.02636e-14
87 13 10 12 12 6.1183e-15
87 13 11 5 9 5.24031e-16
87 13 11 8 8 3.36324e-15
87 13 11 9 8 1.12606e-14
87 13 11 12 8 1.20076e-14
87 13 12 4 9 1.52677e-15
87 13 12 4 11 1.79156e-15
87 13 12 4 13 2.6248e-15
87 13 12 6 11 5.85132e-16
87 13 12 7 11 3.86784e-15
87 13 13 6 8 3.46547e-15
87 13 13 9 9 1.19997e-14
87 13 13 12 4 9.66337e-15
96 4 2 0 1 0.0473518
96 4 2 0 2 0.0356283
96 5 3 0 3 0.00733941
96 6 3 0 3 0.0171923
96 7 1 0 1 0.0715617
96 7 2 0 2 0.0462933
96 8 2 0 3 0.0383311
96 8 3 0 3 0.0527549
96 9 1 0 1 0.0729625
96 9 1 0 3 0.033492
96 9 2 0 1 0.0373001
96 9 3 0 2 0.037497
96 9 3 0 3 0.0604281
96 10 2 0 3 0.0195293
96 11 1 0 1 0.0216949
96 11 1 0 2 0.0206673
96 11 2 0 1 0.0429032
96 11 2 0 2 0.0170402
96 11 3 0 2 0.0197697
96 12 1 0 2 0.119679
96 12 1 0 3 0.0311754
96 12 2 0 1 0.038343
96 12 3 0 3 0.0346628
96 13 1 0 3 0.0272758
96 13 3 0 2 0.0283513
96 13 3 0 3 0.0207754
97 4 2 0 1 0.0196244
97 4 2 0 2 0.00888682
97 5 3 0 3 0.00805718
97 6 3 0 3 0.0176459
97 7 1 0 1 0.0371315
97 7 2 0 2 0.0140338
97 8 2 0 3 0.0173528
97 8 3 0 3 0.019501
97 9 1 0 1 0.128813
97 9 1 0 3 0.0287449
97 9 2 0 1 0.0548951
97 9 3 0 2 0.0178532
97 9 3 0 3 0.0239712
97 10 2 0 3 0.0427205
97 11 1 0 1 0.048753
97 11 1 0 2 0.0401968
97 11 2 0 1 0.0612108
97 11 2 0 2 0.0253392
97 11 3 0 2 0.0249341
97 12 1 0 2 0.172045
97 12 1 0 3 0.049767
97 12 2 0 1 0.0480813
97 12 3 0 3 0.0179907
97 13 1 0 3 0.0368439
97 13 3 0 2 0.0194316
97 13 3 0 3 0.0161759
88 4 4 9 13 4.38482e-13
88 4 4 13 4 0.00585172
88 4 6 4 7 0.00524662
88 4 6 4 12 0.000838584
88 4 6 11 11 0.00310191
88 4 7 9 7 0.0142256
88 4 7 11 13 0.00204007
88 4 8 4 12 0.00405273
88 4 9 4 12 0.00200709
88 4 9 11 9 9.86429e-13
88 4 9 13 4 0.00624489
88 4 9 13 12 0.0012652
88 4 10 7 10 0.00259318
88 4 10 8 8 0.00396808
88 4 10 12 6 0.00148978
88 4 11 13 12 0.00438681
88 4 12 4 6 0.00893561
88 4 12 4 8 0.00580987
88 4 12 4 9 2.4551e-13
88 4 12 10 12 0.00268421
88 4 13 4 4 0.0188201
88 4 13 9 6 0.00683945
88 4 13 13 12 0.00154166
88 5 6 10 12 6.17065e-14
88 5 7 12 11 0.00452768
88 5 9 13 11 5.69413e-14
88 5 10 4 12 0.000837326
88 5 10 7 12 1.03576e-13
88 5 11 9 9 5.335e-13
88 5 12 4 6 0.0041724
88 5 12 4 9 6.37611e-14
88 5 12 8 9 4.97037e-14
88 5 12 11 12 0.00244436
88 5 13 7 7 0.0011662
88 6 4 7 4 0.00665201
88 6 4 7 6 0.0011744
88 6 4 9 6 0.00159746
88 6 4 12 4 0.00769566
88 6 4 12 6 0.00424863
88 6 4 13 9 2.01061e-14
88 6 5 10 13 3.00007e-13
88 6 5 12 4 0.0293412
88 6 6 4 7 0.00385562
88 6 6 4 9 1.05231e-13
88 6 6 4 12 0.000519252
88 6 6 9 5 0.0099572
88 6 6 11 4 0.0208387
88 6 8 11 11 0.0101816
88 6 9 10 13 1.98061e-13
88 6 10 9 11 0.000506269
88 6 10 12 5 0.00233706
88 6 11 11 4 0.03257
88 6 11 13 12 0.00170817
88 7 4 7 9 5.05753e-14
88 7 8 11 10 0.0261972
88 7 8 12 5 0.0190641
88 7 9 7 4 0.043325
88 7 9 8 10 0.00302681
88 7 9 9 9 5.75273e-13
88 7 10 4 10 0.00160037
88 7 10 9 10 0.00125975
88 7 11 13 4 0.0155315
88 7 11 13 12 0.00296389
88 7 12 11 5 0.0649408
88 8 4 12 4 0.0397752
88 8 6 11 8 0.00563305
88 8 8 4 10 0.0173264
88 8 9 10 13 2.85445e-13
88 8 9 11 11 0.0110153
88 8 10 7 9 3.03723e-13
88 8 10 8 13 4.32109e-13
88 8 11 11 6 0.0346243
88 8 13 8 10 0.00173806
88 8 13 11 8 0.0143536
88 8 13 11 9 5.90776e-13
88 8 13 11 12 0.00322834
88 8 13 13 6 0.00102659
88 9 4 9 11 0.00390771
88 9 4 12 4 0.0183827
88 9 5 11 9 3.50663e-13
88 9 5 12 4 0.00884953
88 9 5 12 8 0.00199557
88 9 6 4 13 0.000243892
88 9 7 9 9 4.79048e-13
88 9 8 10 7 0.00463625
88 9 9 7 9 3.14654e-13
88 9 9 9 7 0.00815451
88 9 9 13 13 5.47003e-14
88 9 10 7 10 0.00194583
88 9 11 9 4 0.0834578
88 9 11 11 8 0.0166543
88 9 11 13 10 0.00168979
88 9 13 4 4 0.0114893
88 9 13 11 5 0.0244353
88 9 13 12 4 0.0160337
88 9 13 13 9 4.67792e-14
88 10 4 12 5 0.00954204
88 10 7 9 8 0.00817201
88 10 7 12 5 0.0156277
88 10 8 8 4 0.0143573
88 10 9 10 7 0.00216197
88 10 9 11 6 0.0195599
88 10 9 11 13 0.0021928
88 10 12 4 12 0.000622215
88 10 12 12 13 0.0032027
88 10 13 8 9 1.07695e-13
88 11 4 11 4 0.0144892
88 11 5 7 12 2.62484e-13
88 11 5 9 13 3.26214e-13
88 11 6 8 11 0.00377834
88 11 6 10 9 1.28338e-13
88 11 8 8 6 0.006947
88 11 8 8 13 5.49817e-13
88 11 8 9 11 0.00505991
88 11 9 4 9 3.19656e-13
88 11 9 8 13 4.03068e-13
88 11 9 9 5 0.035263
88 11 10 7 8 0.000396537
88 11 12 8 13 2.29533e-13
88 11 13 4 7 0.00595451
88 11 13 10 9 1.44055e-13
88 11 13 12 4 0.0293291
88 11 13 12 6 0.0149855
88 11 13 12 7 0.0133857
88 12 4 9 4 3.09665e-13
88 12 4 9 5 1.96597e-13
88 12 4 9 13 4.21317e-24
88 12 4 11 13 1.00706e-14
88 12 4 12 10 4.36275e-14
88 12 4 13 13 1.05451e-24
88 12 5 7 8 4.99713e-14
88 12 5 10 4 3.8107e-13
88 12 5 10 7 6.012e-14
88 12 5 12 11 3.17777e-14
88 12 6 4 10 5.68696e-14
88 12 6 11 13 1.25143e-14
88 12 7 11 13 1.84637e-14
88 12 8 9 5 3.05071e-13
88 12 10 12 4 8.79942e-14
88 12 11 12 5 9.1387e-13
88 12 12 13 10 1.9237e-14
88 12 13 10 12 4.0285e-14
88 13 4 7 11 0.000607821
88 13 6 8 13 4.32204e-14
88 13 6 9 10 0.000844392
88 13 7 7 5 0.00410341
88 13 8 9 10 0.00373123
88 13 8 10 8 0.00406172
88 13 9 9 13 2.3477e-13
88 13 10 9 11 0.000348992
88 13 10 12 12 0.000239948
88 13 11 9 8 0.0089417
88 13 11 12 8 0.00430014
88 13 12 4 9 4.61842e-14
88 13 12 4 11 0.000446918
88 13 12 4 13 0.000277887
88 13 12 7 11 0.00138562
88 13 13 9 9 1.19846e-13
88 13 13 12 4 0.00890196
89 1 0 2 11 0.048898
89 1 0 2 12 0.0407918
89 1 0 3 9 0.0198694
89 1 0 3 12 0.0238157
89 1 0 3 13 0.0442546
89 2 0 2 4 0.113925
89 2 0 2 7 0.0486965
89 2 0 2 11 0.0807172
89 2 0 3 8 0.0236974
89 2 0 3 10 0.0175231
89 3 0 2 9 0.065167
89 3 0 2 11 0.0772131
89 3 0 2 13 0.0828713
89 3 0 3 5 0.0401863
89 3 0 3 6 0.0548576
89 3 0 3 8 0.091918
89 3 0 3 9 0.0491801
89 3 0 3 12 0.0303151
89 3 0 3 13 0.0461031
98 4 2 0 1 0.0604082
98 4 2 0 2 0.0326485
98 7 1 0 1 0.0380254
98 7 2 0 2 0.0253246
98 8 2 0 3 0.0338156
98 9 1 0 1 0.114821
98 9 1 0 3 0.0352963
98 9 2 0 1 0.0421501
98 10 2 0 3 0.0135442
98 11 1 0 1 0.0916292
98 11 1 0 2 0.065651
98 11 2 0 1 0.112653
98 11 2 0 2 0.0385676
98 12 1 0 2 0.129952
98 12 1 0 3 0.0406949
98 12 2 0 1 0.0826086
98 13 1 0 3 0.0422102
99 2 0 0 1 0.55828
99 3 0 0 2 0.44172
