0 0 2 3 0 0.530054
0 0 1 2 0 0.221265
0 0 3 2 0 0.248681
1 0 2 4 3 0.0755131
1 0 2 9 1 0.0575785
1 0 1 8 2 0.0364748
1 0 2 8 1 0.0250594
1 0 1 10 1 0.0316504
1 0 1 4 1 0.0538463
1 0 2 10 2 0.0630093
1 0 2 11 2 0.0818891
1 0 2 6 1 0.024554
1 0 2 10 3 0.0219248
1 0 3 12 3 0.0410651
1 0 3 6 1 0.0285762
1 0 1 6 2 0.0747346
1 0 2 5 3 0.0293491
1 0 3 7 2 0.107845
1 0 3 10 3 0.0253136
1 0 3 9 2 0.0410117
1 0 3 9 3 0.0294168
1 0 2 6 2 0.029745
1 0 3 8 2 0.0342371
1 0 1 8 3 0.0260989
1 0 3 4 2 0.0611073
2 0 2 4 3 0.0812639
2 0 2 9 1 0.0704884
2 0 1 8 2 0.0187112
2 0 2 8 1 0.0172495
2 0 1 10 1 0.0645686
2 0 1 4 1 0.0367433
2 0 2 10 2 0.122472
2 0 2 11 2 0.132172
2 0 2 6 1 0.0181941
2 0 2 10 3 0.0705394
2 0 3 12 3 0.0768523
2 0 3 6 1 0.0155601
2 0 1 6 2 0.0412697
2 0 2 5 3 0.0209935
2 0 3 7 2 0.000552406
2 0 3 10 3 0.0598479
2 0 3 9 2 0.0310893
2 0 3 9 3 0.0369115
2 0 2 6 2 0.0185724
2 0 3 8 2 0.0145932
2 0 1 8 3 0.0221613
2 0 3 4 2 0.0291948
3 0 2 4 3 0.0740744
3 0 2 9 1 0.041977
3 0 1 8 2 0.0495377
3 0 2 8 1 0.0260808
3 0 1 10 1 0.0268342
3 0 1 4 1 0.0385194
3 0 2 10 2 0.0611871
3 0 2 11 2 0.0662783
3 0 2 6 1 0.0245788
3 0 2 10 3 0.0254899
3 0 3 12 3 0.0226982
3 0 3 6 1 0.0254604
3 0 1 6 2 0.0976231
3 0 2 5 3 0.0457727
3 0 3 7 2 0.125043
3 0 3 10 3 0.0261944
3 0 3 9 2 0.0325351
3 0 3 9 3 0.0279393
3 0 2 6 2 0.0364016
3 0 3 8 2 0.0387739
3 0 1 8 3 0.0424368
3 0 3 4 2 0.0445641
4 0 2 4 3 0.0866526
4 0 2 9 1 0.0667191
4 0 1 8 2 0.0370465
4 0 2 8 1 0.0328258
4 0 1 10 1 0.0481661
4 0 1 4 1 0.0455337
4 0 2 10 2 0.0738942
4 0 2 11 2 0.0497113
4 0 2 6 1 0.0315092
4 0 2 10 3 0.0452775
4 0 3 12 3 0.0519098
4 0 3 6 1 0.0301961
4 0 1 6 2 0.0743611
4 0 2 5 3 0.031435
4 0 3 7 2 0.0457418
4 0 3 10 3 0.0430457
4 0 3 9 2 0.0302485
4 0 3 9 3 0.038206
4 0 2 6 2 0.0295056
4 0 3 8 2 0.0285461
4 0 1 8 3 0.0466784
4 0 3 4 2 0.0327901
5 0 2 4 3 0.0810277
5 0 2 9 1 0.0539358
5 0 1 8 2 0.0480728
5 0 2 8 1 0.0379718
5 0 1 10 1 0.0562393
5 0 1 4 1 0.050017
5 0 2 10 2 0.0863749
5 0 2 11 2 0.0657352
5 0 2 6 1 0.0319186
5 0 2 10 3 0.0450035
5 0 3 12 3 0.0267334
5 0 3 6 1 0.0217028
5 0 1 6 2 0.0845003
5 0 2 5 3 0.0463098
5 0 3 7 2 0.0623759
5 0 3 10 3 0.0303566
5 0 3 9 2 0.0183858
5 0 3 9 3 0.0197468
5 0 2 6 2 0.031674
5 0 3 8 2 0.0248282
5 0 1 8 3 0.0515059
5 0 3 4 2 0.0255838
6 0 2 4 3 1.00175e-44
6 0 2 9 1 0.120637
6 0 1 8 2 0.0437581
6 0 2 8 1 0.0365571
6 0 1 10 1 0.0398901
6 0 1 4 1 6.00782e-45
6 0 2 10 2 0.0628063
6 0 2 11 2 0.0759361
6 0 2 6 1 0.0454221
6 0 2 10 3 0.0328548
6 0 3 12 3 0.0214382
6 0 3 6 1 0.0478314
6 0 1 6 2 0.113692
6 0 2 5 3 0.0264077
6 0 3 7 2 0.040239
6 0 3 10 3 0.0343225
6 0 3 9 2 0.0627016
6 0 3 9 3 0.0676132
6 0 2 6 2 0.0443758
6 0 3 8 2 0.0364459
6 0 1 8 3 0.0470709
6 0 3 4 2 4.87898e-45
7 0 2 4 3 0.0601335
7 0 2 9 1 0.0926323
7 0 1 8 2 1.39416e-47
7 0 2 8 1 0.0401648
7 0 1 10 1 1.27402e-47
7 0 1 4 1 9.92792e-48
7 0 2 10 2 0.0773858
7 0 2 11 2 0.0573893
7 0 2 6 1 0.0454754
7 0 2 10 3 0.0381175
7 0 3 12 3 0.0514587
7 0 3 6 1 0.0661397
7 0 1 6 2 3.30081e-47
7 0 2 5 3 0.0344678
7 0 3 7 2 0.0914418
7 0 3 10 3 0.0549978
7 0 3 9 2 0.070334
7 0 3 9 3 0.0714143
7 0 2 6 2 0.0469915
7 0 3 8 2 0.0584961
7 0 1 8 3 1.41213e-47
7 0 3 4 2 0.0429594
8 0 0 2 3 0.507244
8 0 0 1 2 0.23798
8 0 0 3 2 0.254776
9 2 4 3 0 0.0736304
9 2 9 1 0 0.0687329
9 1 8 2 0 1.14368e-47
9 2 8 1 0 0.0288124
9 1 10 1 0 1.13164e-47
9 1 4 1 0 1.27361e-47
9 2 10 2 0 0.0698903
9 2 11 2 0 0.0779793
9 2 6 1 0 0.0358024
9 2 10 3 0 0.0323163
9 3 12 3 0 0.0660519
9 3 6 1 0 0.0581679
9 1 6 2 0 2.97174e-47
9 2 5 3 0 0.042892
9 3 7 2 0 0.117823
9 3 10 3 0 0.0520867
9 3 9 2 0 0.0628627
9 3 9 3 0 0.0599174
9 2 6 2 0 0.0398929
9 3 8 2 0 0.050546
9 1 8 3 0 1.08744e-47
9 3 4 2 0 0.0625957
10 7 9 7 9 0.000147797
10 9 7 9 7 0.00040508
10 4 5 4 5 0.00206757
10 5 4 5 4 0.00162837
10 5 8 6 9 0.00174905
10 6 9 5 8 0.00121791
10 8 6 9 5 0.00233645
10 9 5 8 6 0.00203852
10 5 7 6 12 0.00101064
10 6 12 5 7 0.000914945
10 7 6 12 5 0.0010985
10 12 5 7 6 0.000820914
10 4 7 9 6 0.00852102
10 6 4 7 9 0.0142726
10 7 9 6 4 0.00153523
10 9 6 4 7 0.0049704
10 5 9 6 8 0.000458829
10 6 8 5 9 0.00549874
10 8 5 9 6 0.00300377
10 9 6 8 5 0.00187804
10 9 10 11 12 4.04827e-05
10 10 11 12 9 0.000158972
10 11 12 9 10 6.53042e-05
10 12 9 10 11 2.61221e-05
10 8 9 11 10 0.000114344
10 9 11 10 8 9.88368e-05
10 10 8 9 11 0.000307049
10 11 10 8 9 0.000153534
10 5 5 10 9 0.00147602
10 5 10 9 5 0.000466063
10 9 5 5 10 0.00219901
10 10 9 5 5 0.000822741
10 7 9 9 11 0.00321591
10 9 9 11 7 0.0031972
10 9 11 7 9 0.00983069
10 11 7 9 9 0.0213072
10 4 4 6 6 0.0025512
10 4 6 6 4 0.00275589
10 6 4 4 6 0.00394546
10 6 6 4 4 0.00426202
10 7 7 10 9 0.0189099
10 7 10 9 7 0.00467392
10 9 7 7 10 0.0311419
10 10 9 7 7 0.00912054
10 7 8 9 12 0.00584296
10 8 9 12 7 0.00673909
10 9 12 7 8 0.00380768
10 12 7 8 9 0.00822198
10 6 8 7 12 0.0102642
10 7 12 6 8 0.00115244
10 8 7 12 6 0.014367
10 12 6 8 7 0.00244726
10 5 11 9 6 0.000732876
10 6 5 11 9 0.0032964
10 9 6 5 11 0.00225344
10 11 9 6 5 0.000709165
10 5 10 8 10 0.00286462
10 8 10 5 10 0.00637747
10 10 5 10 8 0.00752416
10 10 8 10 5 0.00840196
10 6 10 8 12 0.00604201
10 8 12 6 10 0.00534938
10 10 8 12 6 0.0161497
10 12 6 10 8 0.00338338
10 6 6 6 9 0.0044312
10 6 6 9 6 0.00361816
10 6 9 6 6 0.00140897
10 9 6 6 6 0.00205947
10 7 11 11 9 0.00400847
10 9 7 11 11 0.0115892
10 11 9 7 11 0.00608297
10 11 11 9 7 0.00576653
10 4 8 12 5 4.43524e-05
10 5 4 8 12 1.76813e-05
10 8 12 5 4 2.01105e-05
10 12 5 4 8 1.2169e-05
10 4 4 7 10 0.021847
10 4 7 10 4 0.0221561
10 7 10 4 4 0.0047053
10 10 4 4 7 0.0150677
10 4 8 6 9 0.00792561
10 6 9 4 8 0.00295451
10 8 6 9 4 0.00776593
10 9 4 8 6 0.00530975
10 4 4 4 11 0.00767404
10 4 4 11 4 0.0060514
10 4 11 4 4 0.00443307
10 11 4 4 4 0.00747988
10 5 6 9 10 0.00250714
10 6 9 10 5 0.00184616
10 9 10 5 6 0.00169713
10 10 5 6 9 0.00491682
10 6 6 11 10 0.00739978
10 6 11 10 6 0.00450068
10 10 6 6 11 0.00603327
10 11 10 6 6 0.00243479
10 5 6 8 7 0.00147107
10 6 8 7 5 0.0044197
10 7 5 6 8 0.00123948
10 8 7 5 6 0.00494238
10 5 6 6 8 0.000646415
10 6 6 8 5 0.00181014
10 6 8 5 6 0.00246323
10 8 5 6 6 0.00164794
10 5 6 7 8 0.00174766
10 6 7 8 5 0.00509835
10 7 8 5 6 0.00208553
10 8 5 6 7 0.00307566
10 4 8 9 6 0.00758753
10 6 4 8 9 0.0133949
10 8 9 6 4 0.00354576
10 9 6 4 8 0.00506336
10 4 12 6 10 0.00362536
10 6 10 4 12 0.00488035
10 10 4 12 6 0.0121587
10 12 6 10 4 0.00362973
10 4 5 12 12 0.00211033
10 5 12 12 4 0.000619734
10 12 4 5 12 0.000694217
10 12 12 4 5 0.000258856
10 5 11 6 12 0.000396301
10 6 12 5 11 0.00101247
10 11 6 12 5 0.00169696
10 12 5 11 6 0.000496881
10 6 6 11 9 0.00620969
10 6 11 9 6 0.00342204
10 9 6 6 11 0.00364241
10 11 9 6 6 0.00157811
10 4 10 12 7 0.00651955
10 7 4 10 12 0.00535297
10 10 12 7 4 0.00626026
10 12 7 4 10 0.00732218
10 4 7 7 8 0.0164222
10 7 7 8 4 0.0105635
10 7 8 4 7 0.00695208
10 8 4 7 7 0.0159467
10 4 6 10 6 0.00465116
10 6 4 6 10 0.00735364
10 6 10 6 4 0.00327022
10 10 6 4 6 0.00515646
10 4 7 8 9 0.0233633
10 7 8 9 4 0.00872393
10 8 9 4 7 0.00586702
10 9 4 7 8 0.0111279
10 5 6 9 11 0.00127535
10 6 9 11 5 0.0008257
10 9 11 5 6 0.00112142
10 11 5 6 9 0.00245181
10 4 8 9 9 0.0181284
10 8 9 9 4 0.00691729
10 9 4 8 9 0.0148742
10 9 9 4 8 0.00384663
10 5 8 10 10 0.00734375
10 8 10 10 5 0.0049461
10 10 5 8 10 0.0132018
10 10 10 5 8 0.00474615
10 6 10 12 7 0.00630306
10 7 6 10 12 0.00363226
10 10 12 7 6 0.00393238
10 12 7 6 10 0.00457743
10 5 12 11 7 0.000521266
10 7 5 12 11 0.00269539
10 11 7 5 12 0.00384033
10 12 11 7 5 0.000771901
10 6 7 10 12 0.0143447
10 7 10 12 6 0.00339451
10 10 12 6 7 0.00322268
10 12 6 7 10 0.00521625
10 6 12 8 7 0.00308429
10 7 6 12 8 0.00382006
10 8 7 6 12 0.00758466
10 12 8 7 6 0.0031878
10 5 8 6 6 0.00081994
10 6 5 8 6 0.00205618
10 6 6 5 8 0.00179561
10 8 6 6 5 0.00134144
10 4 11 10 8 0.0082924
10 8 4 11 10 0.0199792
10 10 8 4 11 0.0226772
10 11 10 8 4 0.00921447
10 4 5 7 5 1.81082e-05
10 5 4 5 7 9.89241e-06
10 5 7 5 4 1.61265e-05
10 7 5 4 5 8.76992e-06
10 4 5 10 9 0.00678354
10 5 10 9 4 0.00157114
10 9 4 5 10 0.00580923
10 10 9 4 5 0.00202427
10 4 11 7 7 0.00694707
10 7 4 11 7 0.00459276
10 7 7 4 11 0.00949469
10 11 7 7 4 0.0191087
11 7 9 7 9 0.000545047
11 9 7 9 7 1.88505e-49
11 4 5 4 5 2.19112e-47
11 5 4 5 4 5.2111e-48
11 5 8 6 9 6.17875e-49
11 6 9 5 8 3.40747e-48
11 8 6 9 5 1.10432e-47
11 9 5 8 6 5.43965e-48
11 5 7 6 12 2.1163e-48
11 6 12 5 7 4.7767e-48
11 7 6 12 5 5.55593e-48
11 12 5 7 6 0.0209191
11 4 7 9 6 5.60416e-48
11 6 4 7 9 0.0260151
11 7 9 6 4 3.22184e-48
11 9 6 4 7 8.63831e-48
11 5 9 6 8 1.26021e-48
11 6 8 5 9 1.97873e-48
11 8 5 9 6 7.58032e-48
11 9 6 8 5 9.38587e-48
11 9 10 11 12 7.67567e-50
11 10 11 12 9 1.17164e-49
11 11 12 9 10 2.61051e-50
11 12 9 10 11 2.20663e-50
11 8 9 11 10 7.44929e-50
11 9 11 10 8 4.80247e-50
11 10 8 9 11 6.69839e-50
11 11 10 8 9 4.19331e-50
11 5 5 10 9 1.485e-48
11 5 10 9 5 1.66568e-48
11 9 5 5 10 3.60037e-48
11 10 9 5 5 1.50599e-47
11 7 9 9 11 2.29661e-48
11 9 9 11 7 8.83425e-48
11 9 11 7 9 0.0376399
11 11 7 9 9 4.08713e-48
11 4 4 6 6 3.65511e-48
11 4 6 6 4 8.92145e-48
11 6 4 4 6 3.10516e-48
11 6 6 4 4 7.57914e-48
11 7 7 10 9 1.90487e-48
11 7 10 9 7 2.09227e-48
11 9 7 7 10 0.0297489
11 10 9 7 7 0.121852
11 7 8 9 12 1.7433e-48
11 8 9 12 7 1.41159e-47
11 9 12 7 8 0.0371779
11 12 7 8 9 1.98957e-48
11 6 8 7 12 0.0338473
11 7 12 6 8 1.71909e-48
11 8 7 12 6 1.22482e-47
11 12 6 8 7 4.00197e-48
11 5 11 9 6 1.49583e-48
11 6 5 11 9 5.16827e-48
11 9 6 5 11 7.22934e-48
11 11 9 6 5 6.36231e-48
11 5 10 8 10 7.201e-49
11 8 10 5 10 3.17096e-48
11 10 5 10 8 7.98202e-48
11 10 8 10 5 6.49441e-48
11 6 10 8 12 5.55933e-48
11 8 12 6 10 4.09575e-48
11 10 8 12 6 9.20476e-48
11 12 6 10 8 2.49932e-48
11 6 6 6 9 4.39748e-48
11 6 6 9 6 5.56224e-48
11 6 9 6 6 4.22932e-48
11 9 6 6 6 6.50041e-48
11 7 11 11 9 2.44069e-48
11 9 7 11 11 7.47245e-48
11 11 9 7 11 0.0504821
11 11 11 9 7 5.70264e-48
11 4 8 12 5 7.42219e-50
11 5 4 8 12 2.41281e-50
11 8 12 5 4 1.28123e-49
11 12 5 4 8 2.44067e-50
11 4 4 7 10 0.0276749
11 4 7 10 4 9.42279e-48
11 7 10 4 4 3.0381e-48
11 10 4 4 7 1.15082e-47
11 4 8 6 9 2.01073e-48
11 6 9 4 8 3.20134e-48
11 8 6 9 4 1.1684e-47
11 9 4 8 6 3.73842e-48
11 4 4 4 11 4.32787e-48
11 4 4 11 4 8.16602e-48
11 4 11 4 4 7.5166e-48
11 11 4 4 4 5.60072e-48
11 5 6 9 10 1.29313e-48
11 6 9 10 5 6.04602e-48
11 9 10 5 6 4.46261e-48
11 10 5 6 9 8.96162e-48
11 6 6 11 10 4.25044e-48
11 6 11 10 6 3.77206e-48
11 10 6 6 11 1.19813e-47
11 11 10 6 6 3.44351e-48
11 5 6 8 7 3.2736e-48
11 6 8 7 5 0.0337365
11 7 5 6 8 2.18752e-48
11 8 7 5 6 9.28498e-48
11 5 6 6 8 1.69305e-48
11 6 6 8 5 8.20406e-48
11 6 8 5 6 2.55669e-48
11 8 5 6 6 7.74343e-48
11 5 6 7 8 0.0209934
11 6 7 8 5 7.90947e-48
11 7 8 5 6 1.67252e-48
11 8 5 6 7 1.15903e-47
11 4 8 9 6 2.98195e-48
11 6 4 8 9 2.96519e-48
11 8 9 6 4 1.04163e-47
11 9 6 4 8 5.76905e-48
11 4 12 6 10 3.20763e-48
11 6 10 4 12 5.53499e-48
11 10 4 12 6 1.35681e-47
11 12 6 10 4 4.61463e-48
11 4 5 12 12 1.1321e-47
11 5 12 12 4 2.88306e-48
11 12 4 5 12 2.21567e-48
11 12 12 4 5 2.37253e-48
11 5 11 6 12 1.84954e-48
11 6 12 5 11 3.77884e-48
11 11 6 12 5 1.16796e-47
11 12 5 11 6 2.8737e-48
11 6 6 11 9 6.41457e-48
11 6 11 9 6 4.01331e-48
11 9 6 6 11 6.59147e-48
11 11 9 6 6 4.9806e-48
11 4 10 12 7 7.07169e-48
11 7 4 10 12 2.23461e-48
11 10 12 7 4 0.115443
11 12 7 4 10 1.21441e-48
11 4 7 7 8 0.0484937
11 7 7 8 4 4.03058e-48
11 7 8 4 7 1.73165e-48
11 8 4 7 7 0.0727205
11 4 6 10 6 6.38646e-48
11 6 4 6 10 1.62506e-48
11 6 10 6 4 3.98038e-48
11 10 6 4 6 1.22626e-47
11 4 7 8 9 5.52506e-48
11 7 8 9 4 1.91788e-48
11 8 9 4 7 1.04879e-47
11 9 4 7 8 0.0339178
11 5 6 9 11 1.95627e-48
11 6 9 11 5 7.33375e-48
11 9 11 5 6 4.78709e-48
11 11 5 6 9 3.88289e-48
11 4 8 9 9 2.47008e-48
11 8 9 9 4 1.09136e-47
11 9 4 8 9 3.63078e-48
11 9 9 4 8 4.596e-48
11 5 8 10 10 5.53661e-49
11 8 10 10 5 7.85074e-48
11 10 5 8 10 7.45273e-48
11 10 10 5 8 7.20057e-48
11 6 10 12 7 5.47018e-48
11 7 6 10 12 3.78631e-48
11 10 12 7 6 0.0801394
11 12 7 6 10 1.10575e-48
11 5 12 11 7 2.78087e-48
11 7 5 12 11 4.17321e-48
11 11 7 5 12 8.613e-48
11 12 11 7 5 0.0281047
11 6 7 10 12 6.62449e-48
11 7 10 12 6 2.8382e-48
11 10 12 6 7 1.14842e-47
11 12 6 7 10 0.0168836
11 6 12 8 7 5.05931e-48
11 7 6 12 8 3.57353e-48
11 8 7 6 12 9.87047e-48
11 12 8 7 6 0.0109474
11 5 8 6 6 8.35466e-49
11 6 5 8 6 4.97579e-48
11 6 6 5 8 4.79066e-48
11 8 6 6 5 1.18053e-47
11 4 11 10 8 4.56698e-48
11 8 4 11 10 4.97065e-48
11 10 8 4 11 6.32427e-48
11 11 10 8 4 6.56836e-48
11 4 5 7 5 0.00128193
11 5 4 5 7 2.80581e-50
11 5 7 5 4 4.41114e-50
11 7 5 4 5 5.74547e-50
11 4 5 10 9 4.90133e-48
11 5 10 9 4 1.78741e-48
11 9 4 5 10 2.50957e-48
11 10 9 4 5 1.43502e-47
11 4 11 7 7 0.06974
11 7 4 11 7 3.39573e-48
11 7 7 4 11 2.82936e-48
11 11 7 7 4 0.0816953
12 7 9 7 9 6.45291e-05
12 9 7 9 7 0.00011712
12 4 5 4 5 0.00143399
12 5 4 5 4 0.00105711
12 5 8 6 9 0.00217189
12 6 9 5 8 0.000977492
12 8 6 9 5 0.000944151
12 9 5 8 6 0.00205092
12 5 7 6 12 0.00939474
12 6 12 5 7 0.00104097
12 7 6 12 5 0.00112059
12 12 5 7 6 0.000341451
12 4 7 9 6 0.000659048
12 6 4 7 9 0.00336569
12 7 9 6 4 0.00693478
12 9 6 4 7 0.00359946
12 5 9 6 8 0.00217845
12 6 8 5 9 0.00115425
12 8 5 9 6 0.00114429
12 9 6 8 5 0.00200424
12 9 10 11 12 0.000374477
12 10 11 12 9 0.000228692
12 11 12 9 10 3.0746e-48
12 12 9 10 11 2.84711e-05
12 8 9 11 10 2.13687e-47
12 9 11 10 8 6.75317e-05
12 10 8 9 11 0.000140851
12 11 10 8 9 0.000112902
12 5 5 10 9 0.00167105
12 5 10 9 5 0.000102124
12 9 5 5 10 1.49398e-46
12 10 9 5 5 0.00032199
12 7 9 9 11 0.00306986
12 9 9 11 7 0.0121964
12 9 11 7 9 0.00452485
12 11 7 9 9 0.0043078
12 4 4 6 6 0.00120877
12 4 6 6 4 0.0160588
12 6 4 4 6 0.000320012
12 6 6 4 4 0.00425146
12 7 7 10 9 0.00324514
12 7 10 9 7 0.00163792
12 9 7 7 10 4.05841e-46
12 10 9 7 7 0.0072239
12 7 8 9 12 0.00767968
12 8 9 12 7 0.0147389
12 9 12 7 8 0.00388427
12 12 7 8 9 0.00526887
12 6 8 7 12 0.0149881
12 7 12 6 8 0.00584023
12 8 7 12 6 0.0032011
12 12 6 8 7 0.00666747
12 5 11 9 6 0.000164877
12 6 5 11 9 0.017576
12 9 6 5 11 0.00272551
12 11 9 6 5 0.00129071
12 5 10 8 10 1.74707e-46
12 8 10 5 10 1.21671e-46
12 10 5 10 8 0.0116356
12 10 8 10 5 0.00120101
12 6 10 8 12 0.0313518
12 8 12 6 10 1.3229e-45
12 10 8 12 6 0.0035631
12 12 6 10 8 0.00299336
12 6 6 6 9 0.0118531
12 6 6 9 6 0.000707913
12 6 9 6 6 0.00125574
12 9 6 6 6 0.00196926
12 7 11 11 9 0.00994453
12 9 7 11 11 0.0268611
12 11 9 7 11 0.00676038
12 11 11 9 7 0.00454263
12 4 8 12 5 1.89411e-05
12 5 4 8 12 0.000111032
12 8 12 5 4 3.14315e-05
12 12 5 4 8 1.94592e-05
12 4 4 7 10 3.76613e-46
12 4 7 10 4 0.00888037
12 7 10 4 4 0.00200529
12 10 4 4 7 0.00544345
12 4 8 6 9 0.0082781
12 6 9 4 8 0.00201984
12 8 6 9 4 0.00875057
12 9 4 8 6 0.00128477
12 4 4 4 11 0.00391748
12 4 4 11 4 0.0169042
12 4 11 4 4 0.00427688
12 11 4 4 4 0.00345467
12 5 6 9 10 1.12226e-46
12 6 9 10 5 0.000588779
12 9 10 5 6 0.000157652
12 10 5 6 9 0.0256715
12 6 6 11 10 1.48769e-45
12 6 11 10 6 0.000769642
12 10 6 6 11 0.0388472
12 11 10 6 6 0.00118759
12 5 6 8 7 0.00450293
12 6 8 7 5 0.000646123
12 7 5 6 8 0.00916382
12 8 7 5 6 0.000422864
12 5 6 6 8 0.00349921
12 6 6 8 5 0.0020529
12 6 8 5 6 0.000196421
12 8 5 6 6 0.00326046
12 5 6 7 8 0.0018876
12 6 7 8 5 0.00216592
12 7 8 5 6 0.000155113
12 8 5 6 7 0.0255109
12 4 8 9 6 0.000579667
12 6 4 8 9 0.00906681
12 8 9 6 4 0.0181994
12 9 6 4 8 0.00371383
12 4 12 6 10 8.92719e-46
12 6 10 4 12 0.00798802
12 10 4 12 6 0.00320334
12 12 6 10 4 0.0041097
12 4 5 12 12 0.0446967
12 5 12 12 4 0.00298605
12 12 4 5 12 0.0014369
12 12 12 4 5 0.000130219
12 5 11 6 12 0.00901325
12 6 12 5 11 0.00163875
12 11 6 12 5 0.00194491
12 12 5 11 6 0.00112386
12 6 6 11 9 0.0180221
12 6 11 9 6 0.000613622
12 9 6 6 11 0.0207719
12 11 9 6 6 0.00147387
12 4 10 12 7 0.00741495
12 7 4 10 12 0.00801222
12 10 12 7 4 0.00922764
12 12 7 4 10 1.02529e-46
12 4 7 7 8 0.00558865
12 7 7 8 4 0.0116715
12 7 8 4 7 0.00184641
12 8 4 7 7 0.00634703
12 4 6 10 6 0.000915848
12 6 4 6 10 6.02053e-46
12 6 10 6 4 0.00827131
12 10 6 4 6 0.0010057
12 4 7 8 9 0.0141488
12 7 8 9 4 0.00320095
12 8 9 4 7 0.00419706
12 9 4 7 8 0.00398296
12 5 6 9 11 0.00186711
12 6 9 11 5 0.00155597
12 9 11 5 6 0.000208429
12 11 5 6 9 0.0126261
12 4 8 9 9 0.00364578
12 8 9 9 4 0.00683623
12 9 4 8 9 0.0094741
12 9 9 4 8 0.00247458
12 5 8 10 10 1.15995e-46
12 8 10 10 5 0.000873099
12 10 5 8 10 2.73462e-45
12 10 10 5 8 0.00211365
12 6 10 12 7 0.00679308
12 7 6 10 12 0.0123047
12 10 12 7 6 0.00106669
12 12 7 6 10 3.54798e-46
12 5 12 11 7 0.00380648
12 7 5 12 11 0.0154594
12 11 7 5 12 0.00632392
12 12 11 7 5 0.000312126
12 6 7 10 12 0.0195163
12 7 10 12 6 0.000813933
12 10 12 6 7 0.0183677
12 12 6 7 10 2.15355e-46
12 6 12 8 7 0.00947594
12 7 6 12 8 0.00849079
12 8 7 6 12 0.059559
12 12 8 7 6 0.000267047
12 5 8 6 6 0.000386779
12 6 5 8 6 0.00219838
12 6 6 5 8 0.00164313
12 8 6 6 5 0.00281528
12 4 11 10 8 0.00635411
12 8 4 11 10 1.88092e-45
12 10 8 4 11 0.00976009
12 11 10 8 4 0.0139873
12 4 5 7 5 1.3871e-05
12 5 4 5 7 4.95452e-06
12 5 7 5 4 8.87568e-06
12 7 5 4 5 5.3759e-06
12 4 5 10 9 0.00645976
12 5 10 9 4 0.00095997
12 9 4 5 10 9.49196e-47
12 10 9 4 5 0.000674808
12 4 11 7 7 0.00571091
12 7 4 11 7 0.00874816
12 7 7 4 11 0.00363185
12 11 7 7 4 0.00826389
13 7 9 7 9 6.0523e-05
13 9 7 9 7 7.60694e-05
13 4 5 4 5 0.0413497
13 5 4 5 4 0.00253582
13 5 8 6 9 0.0012502
13 6 9 5 8 0.00123497
13 8 6 9 5 0.00483376
13 9 5 8 6 0.0106841
13 5 7 6 12 0.00170155
13 6 12 5 7 0.00392032
13 7 6 12 5 0.00355973
13 12 5 7 6 0.00521989
13 4 7 9 6 0.00197626
13 6 4 7 9 0.00463153
13 7 9 6 4 0.00142617
13 9 6 4 7 0.0184884
13 5 9 6 8 0.000608041
13 6 8 5 9 0.00300745
13 8 5 9 6 0.00399571
13 9 6 8 5 0.0153083
13 9 10 11 12 3.10253e-05
13 10 11 12 9 9.57818e-05
13 11 12 9 10 1.1415e-05
13 12 9 10 11 1.06939e-05
13 8 9 11 10 4.85794e-05
13 9 11 10 8 5.71088e-05
13 10 8 9 11 2.74913e-05
13 11 10 8 9 4.10211e-05
13 5 5 10 9 0.00223216
13 5 10 9 5 0.000425358
13 9 5 5 10 0.00602303
13 10 9 5 5 0.00734034
13 7 9 9 11 0.000336186
13 9 9 11 7 0.00436867
13 9 11 7 9 0.00957252
13 11 7 9 9 0.00126909
13 4 4 6 6 0.00445398
13 4 6 6 4 0.00743467
13 6 4 4 6 0.00494603
13 6 6 4 4 0.008256
13 7 7 10 9 0.00206258
13 7 10 9 7 0.000699829
13 9 7 7 10 0.00706699
13 10 9 7 7 0.0153351
13 7 8 9 12 0.000974637
13 8 9 12 7 0.0060808
13 9 12 7 8 0.00377298
13 12 7 8 9 0.00279026
13 6 8 7 12 0.00853532
13 7 12 6 8 0.00116706
13 8 7 12 6 0.00659277
13 12 6 8 7 0.00860747
13 5 11 9 6 0.000805605
13 6 5 11 9 0.00455395
13 9 6 5 11 0.00437848
13 11 9 6 5 0.00393368
13 5 10 8 10 0.00112365
13 8 10 5 10 0.00306736
13 10 5 10 8 0.00844913
13 10 8 10 5 0.012888
13 6 10 8 12 0.00483878
13 8 12 6 10 0.00623571
13 10 8 12 6 0.00957475
13 12 6 10 8 0.00260455
13 6 6 6 9 0.00614345
13 6 6 9 6 0.00259108
13 6 9 6 6 0.00318092
13 9 6 6 6 0.00931187
13 7 11 11 9 0.00237585
13 9 7 11 11 0.00272015
13 11 9 7 11 0.00299344
13 11 11 9 7 0.00328613
13 4 8 12 5 7.19351e-05
13 5 4 8 12 2.73736e-05
13 8 12 5 4 5.54618e-05
13 12 5 4 8 3.60208e-05
13 4 4 7 10 0.00741839
13 4 7 10 4 0.00604782
13 7 10 4 4 0.00208763
13 10 4 4 7 0.0205838
13 4 8 6 9 0.00427616
13 6 9 4 8 0.00212211
13 8 6 9 4 0.00326767
13 9 4 8 6 0.00569664
13 4 4 4 11 0.00407816
13 4 4 11 4 0.00332993
13 4 11 4 4 0.00994954
13 11 4 4 4 0.00468569
13 5 6 9 10 0.000849588
13 6 9 10 5 0.00425246
13 9 10 5 6 0.00287583
13 10 5 6 9 0.0136144
13 6 6 11 10 0.00509436
13 6 11 10 6 0.00661721
13 10 6 6 11 0.00988071
13 11 10 6 6 0.00275073
13 5 6 8 7 0.00628346
13 6 8 7 5 0.00989852
13 7 5 6 8 0.00231201
13 8 7 5 6 0.00731714
13 5 6 6 8 0.00154117
13 6 6 8 5 0.0132544
13 6 8 5 6 0.0039469
13 8 5 6 6 0.0124332
13 5 6 7 8 0.00284768
13 6 7 8 5 0.0096332
13 7 8 5 6 0.00259831
13 8 5 6 7 0.0211829
13 4 8 9 6 0.00211458
13 6 4 8 9 0.00440651
13 8 9 6 4 0.0047034
13 9 6 4 8 0.00728372
13 4 12 6 10 0.0047772
13 6 10 4 12 0.00508388
13 10 4 12 6 0.00796192
13 12 6 10 4 0.00418861
13 4 5 12 12 0.00685707
13 5 12 12 4 0.000793361
13 12 4 5 12 0.00162515
13 12 12 4 5 0.00306605
13 5 11 6 12 0.00238703
13 6 12 5 11 0.00160516
13 11 6 12 5 0.00667818
13 12 5 11 6 0.00275338
13 6 6 11 9 0.00512753
13 6 11 9 6 0.00226233
13 9 6 6 11 0.00556271
13 11 9 6 6 0.00336418
13 4 10 12 7 0.00352421
13 7 4 10 12 0.0021933
13 10 12 7 4 0.00997172
13 12 7 4 10 0.00269482
13 4 7 7 8 0.00521203
13 7 7 8 4 0.00315638
13 7 8 4 7 0.00560062
13 8 4 7 7 0.0153651
13 4 6 10 6 0.00929704
13 6 4 6 10 0.0029111
13 6 10 6 4 0.00207061
13 10 6 4 6 0.0225316
13 4 7 8 9 0.00726803
13 7 8 9 4 0.000797114
13 8 9 4 7 0.0120982
13 9 4 7 8 0.00415752
13 5 6 9 11 0.000512928
13 6 9 11 5 0.00288888
13 9 11 5 6 0.00595539
13 11 5 6 9 0.00537006
13 4 8 9 9 0.00172452
13 8 9 9 4 0.0016178
13 9 4 8 9 0.00544709
13 9 9 4 8 0.00307566
13 5 8 10 10 0.00171608
13 8 10 10 5 0.00670352
13 10 5 8 10 0.021116
13 10 10 5 8 0.00304468
13 6 10 12 7 0.00271475
13 7 6 10 12 0.00434557
13 10 12 7 6 0.011836
13 12 7 6 10 0.00186935
13 5 12 11 7 0.0017385
13 7 5 12 11 0.00189694
13 11 7 5 12 0.00467164
13 12 11 7 5 0.00704699
13 6 7 10 12 0.00569551
13 7 10 12 6 0.0012453
13 10 12 6 7 0.0129562
13 12 6 7 10 0.00564196
13 6 12 8 7 0.0071967
13 7 6 12 8 0.00167954
13 8 7 6 12 0.00852688
13 12 8 7 6 0.00375673
13 5 8 6 6 0.00171701
13 6 5 8 6 0.00968072
13 6 6 5 8 0.00327574
13 8 6 6 5 0.0157402
13 4 11 10 8 0.005402
13 8 4 11 10 0.00523006
13 10 8 4 11 0.0103779
13 11 10 8 4 0.00381694
13 4 5 7 5 0.000274639
13 5 4 5 7 2.65734e-05
13 5 7 5 4 1.89221e-05
13 7 5 4 5 0.000108659
13 4 5 10 9 0.00774345
13 5 10 9 4 0.000291637
13 9 4 5 10 0.00325709
13 10 9 4 5 0.0127927
13 4 11 7 7 0.0203965
13 7 4 11 7 0.00270078
13 7 7 4 11 0.00235527
13 11 7 7 4 0.00683986
14 7 9 7 9 1.2433e-05
14 9 7 9 7 2.91093e-05
14 4 5 4 5 0.00577973
14 5 4 5 4 0.00184494
14 5 8 6 9 0.00399921
14 6 9 5 8 0.00143113
14 8 6 9 5 0.0133116
14 9 5 8 6 0.00153796
14 5 7 6 12 0.00127454
14 6 12 5 7 0.00682413
14 7 6 12 5 0.00926177
14 12 5 7 6 0.000551978
14 4 7 9 6 0.00132086
14 6 4 7 9 0.000879046
14 7 9 6 4 0.00149393
14 9 6 4 7 0.00485282
14 5 9 6 8 0.000742652
14 6 8 5 9 0.00912778
14 8 5 9 6 0.00363053
14 9 6 8 5 0.00667889
14 9 10 11 12 7.66235e-07
14 10 11 12 9 0.000346281
14 11 12 9 10 3.49855e-05
14 12 9 10 11 9.79447e-06
14 8 9 11 10 1.8498e-07
14 9 11 10 8 0.00014692
14 10 8 9 11 0.000118302
14 11 10 8 9 4.59621e-05
14 5 5 10 9 0.00221896
14 5 10 9 5 0.00162035
14 9 5 5 10 0.00230399
14 10 9 5 5 0.00528982
14 7 9 9 11 0.00040745
14 9 9 11 7 1.26682e-05
14 9 11 7 9 0.0044969
14 11 7 9 9 0.00129852
14 4 4 6 6 0.00264248
14 4 6 6 4 0.0239056
14 6 4 4 6 0.000682479
14 6 6 4 4 0.00617417
14 7 7 10 9 0.00133071
14 7 10 9 7 0.00143862
14 9 7 7 10 0.000544617
14 10 9 7 7 0.00185122
14 7 8 9 12 0.00345556
14 8 9 12 7 0.00521903
14 9 12 7 8 0.00326611
14 12 7 8 9 0.000313346
14 6 8 7 12 0.00717516
14 7 12 6 8 0.00412154
14 8 7 12 6 0.00566405
14 12 6 8 7 0.00184306
14 5 11 9 6 0.001739
14 6 5 11 9 2.69885e-05
14 9 6 5 11 0.0101991
14 11 9 6 5 0.00378683
14 5 10 8 10 0.000575908
14 8 10 5 10 0.00630834
14 10 5 10 8 0.00950083
14 10 8 10 5 0.034503
14 6 10 8 12 0.00553871
14 8 12 6 10 0.0140462
14 10 8 12 6 0.0364747
14 12 6 10 8 0.00628538
14 6 6 6 9 0.019596
14 6 6 9 6 0.00776736
14 6 9 6 6 0.00304309
14 9 6 6 6 0.0187033
14 7 11 11 9 2.6673e-05
14 9 7 11 11 1.08424e-05
14 11 9 7 11 0.000900444
14 11 11 9 7 0.00518631
14 4 8 12 5 0.000256587
14 5 4 8 12 5.10866e-06
14 8 12 5 4 0.000218773
14 12 5 4 8 5.24971e-06
14 4 4 7 10 0.000684508
14 4 7 10 4 0.00529585
14 7 10 4 4 0.00172199
14 10 4 4 7 0.00163844
14 4 8 6 9 0.0138882
14 6 9 4 8 0.00061205
14 8 6 9 4 0.0138006
14 9 4 8 6 0.000703289
14 4 4 4 11 0.000698362
14 4 4 11 4 1.70615e-05
14 4 11 4 4 0.00543993
14 11 4 4 4 0.000997779
14 5 6 9 10 0.00161185
14 6 9 10 5 0.00431708
14 9 10 5 6 0.00724463
14 10 5 6 9 0.0127798
14 6 6 11 10 5.1206e-05
14 6 11 10 6 0.014261
14 10 6 6 11 0.0303821
14 11 10 6 6 0.0103197
14 5 6 8 7 0.00189626
14 6 8 7 5 0.00565939
14 7 5 6 8 0.00188519
14 8 7 5 6 0.00351596
14 5 6 6 8 0.00474849
14 6 6 8 5 0.00694818
14 6 8 5 6 0.00906325
14 8 5 6 6 0.00909456
14 5 6 7 8 0.00191925
14 6 7 8 5 0.00124581
14 7 8 5 6 0.0044314
14 8 5 6 7 0.00963337
14 4 8 9 6 0.00645438
14 6 4 8 9 0.000863939
14 8 9 6 4 0.00633929
14 9 6 4 8 0.00441053
14 4 12 6 10 0.0101766
14 6 10 4 12 0.00541315
14 10 4 12 6 0.00732303
14 12 6 10 4 0.0103898
14 4 5 12 12 0.0101239
14 5 12 12 4 0.00521178
14 12 4 5 12 0.000804308
14 12 12 4 5 0.00129714
14 5 11 6 12 0.00586317
14 6 12 5 11 0.00617143
14 11 6 12 5 0.0244889
14 12 5 11 6 7.79718e-06
14 6 6 11 9 9.58093e-05
14 6 11 9 6 0.00548633
14 9 6 6 11 0.0153427
14 11 9 6 6 0.00336896
14 4 10 12 7 0.0107164
14 7 4 10 12 0.00166852
14 10 12 7 4 0.00989159
14 12 7 4 10 0.000151434
14 4 7 7 8 0.000879862
14 7 7 8 4 0.00046495
14 7 8 4 7 0.001478
14 8 4 7 7 0.00131091
14 4 6 10 6 0.022384
14 6 4 6 10 0.00135876
14 6 10 6 4 0.0109405
14 10 6 4 6 0.0106049
14 4 7 8 9 0.00116796
14 7 8 9 4 0.00294779
14 8 9 4 7 0.0014454
14 9 4 7 8 0.000712665
14 5 6 9 11 0.00187948
14 6 9 11 5 1.55631e-05
14 9 11 5 6 0.00817236
14 11 5 6 9 0.00568694
14 4 8 9 9 0.00695725
14 8 9 9 4 0.00270851
14 9 4 8 9 0.000888828
14 9 9 4 8 0.000738282
14 5 8 10 10 0.00325982
14 8 10 10 5 0.0243639
14 10 5 8 10 0.00240938
14 10 10 5 8 0.0122644
14 6 10 12 7 0.00913415
14 7 6 10 12 0.012153
14 10 12 7 6 0.00796395
14 12 7 6 10 0.000499765
14 5 12 11 7 1.86841e-05
14 7 5 12 11 0.00223613
14 11 7 5 12 0.00347541
14 12 11 7 5 0.00182712
14 6 7 10 12 0.00529076
14 7 10 12 6 0.00500539
14 10 12 6 7 0.0247776
14 12 6 7 10 0.00133743
14 6 12 8 7 0.00335175
14 7 6 12 8 0.00651995
14 8 7 6 12 0.00685711
14 12 8 7 6 0.00141113
14 5 8 6 6 0.00415556
14 6 5 8 6 0.00167437
14 6 6 5 8 0.00957604
14 8 6 6 5 0.0348963
14 4 11 10 8 0.015091
14 8 4 11 10 1.36656e-05
14 10 8 4 11 0.00755699
14 11 10 8 4 0.00477027
14 4 5 7 5 3.99497e-05
14 5 4 5 7 8.15324e-06
14 5 7 5 4 1.24855e-05
14 7 5 4 5 1.24816e-05
14 4 5 10 9 0.00781549
14 5 10 9 4 0.00170377
14 9 4 5 10 0.00106857
14 10 9 4 5 0.00229447
14 4 11 7 7 0.0048942
14 7 4 11 7 4.79582e-06
14 7 7 4 11 0.000300609
14 11 7 7 4 0.00137466
15 7 9 7 9 5.40988e-50
15 9 7 9 7 2.16207e-49
15 4 5 4 5 1.74865e-47
15 5 4 5 4 0.0259372
15 5 8 6 9 1.25242e-48
15 6 9 5 8 0.0269914
15 8 6 9 5 1.07406e-47
15 9 5 8 6 5.30994e-48
15 5 7 6 12 1.82682e-48
15 6 12 5 7 0.0420701
15 7 6 12 5 5.98979e-48
15 12 5 7 6 2.22505e-48
15 4 7 9 6 7.42396e-48
15 6 4 7 9 4.14847e-48
15 7 9 6 4 1.33126e-48
15 9 6 4 7 7.92663e-48
15 5 9 6 8 8.69635e-49
15 6 8 5 9 0.0460403
15 8 5 9 6 7.42973e-48
15 9 6 8 5 9.09163e-48
15 9 10 11 12 6.87365e-50
15 10 11 12 9 2.03334e-49
15 11 12 9 10 3.21341e-50
15 12 9 10 11 1.09771e-50
15 8 9 11 10 6.96863e-50
15 9 11 10 8 8.9766e-50
15 10 8 9 11 9.27946e-50
15 11 10 8 9 4.79111e-50
15 5 5 10 9 1.26098e-48
15 5 10 9 5 1.41016e-48
15 9 5 5 10 0.0389038
15 10 9 5 5 0.0889523
15 7 9 9 11 1.2579e-48
15 9 9 11 7 5.64855e-48
15 9 11 7 9 7.46455e-48
15 11 7 9 9 5.48289e-48
15 4 4 6 6 4.75137e-48
15 4 6 6 4 4.49566e-48
15 6 4 4 6 4.33543e-48
15 6 6 4 4 4.1021e-48
15 7 7 10 9 3.14638e-48
15 7 10 9 7 2.27478e-48
15 9 7 7 10 5.35924e-48
15 10 9 7 7 7.92201e-48
15 7 8 9 12 3.39391e-48
15 8 9 12 7 9.06236e-48
15 9 12 7 8 4.92351e-48
15 12 7 8 9 2.98475e-48
15 6 8 7 12 6.48296e-48
15 7 12 6 8 2.35066e-48
15 8 7 12 6 1.72255e-47
15 12 6 8 7 3.71214e-48
15 5 11 9 6 2.13235e-48
15 6 5 11 9 5.43017e-48
15 9 6 5 11 0.0473667
15 11 9 6 5 3.8817e-48
15 5 10 8 10 8.41513e-49
15 8 10 5 10 0.0420438
15 10 5 10 8 7.91196e-48
15 10 8 10 5 1.23395e-47
15 6 10 8 12 5.05726e-48
15 8 12 6 10 5.60027e-48
15 10 8 12 6 2.02324e-47
15 12 6 10 8 3.04763e-48
15 6 6 6 9 5.30393e-48
15 6 6 9 6 6.33164e-48
15 6 9 6 6 3.35463e-48
15 9 6 6 6 7.28426e-48
15 7 11 11 9 4.99768e-48
15 9 7 11 11 6.59648e-48
15 11 9 7 11 2.42062e-48
15 11 11 9 7 7.32933e-48
15 4 8 12 5 1.41396e-49
15 5 4 8 12 2.04379e-50
15 8 12 5 4 0.000647623
15 12 5 4 8 2.59253e-50
15 4 4 7 10 4.62707e-48
15 4 7 10 4 5.93506e-48
15 7 10 4 4 1.91792e-48
15 10 4 4 7 1.22179e-47
15 4 8 6 9 4.6953e-48
15 6 9 4 8 2.73346e-48
15 8 6 9 4 6.25062e-48
15 9 4 8 6 5.13824e-48
15 4 4 4 11 3.54577e-48
15 4 4 11 4 5.04719e-48
15 4 11 4 4 5.86917e-48
15 11 4 4 4 3.30843e-48
15 5 6 9 10 1.41949e-48
15 6 9 10 5 4.14541e-48
15 9 10 5 6 0.049388
15 10 5 6 9 8.74337e-48
15 6 6 11 10 5.77316e-48
15 6 11 10 6 6.65337e-48
15 10 6 6 11 7.982e-48
15 11 10 6 6 3.71324e-48
15 5 6 8 7 2.46616e-48
15 6 8 7 5 7.44083e-48
15 7 5 6 8 2.55837e-48
15 8 7 5 6 0.121141
15 5 6 6 8 1.6767e-48
15 6 6 8 5 8.07269e-48
15 6 8 5 6 0.0561438
15 8 5 6 6 7.5896e-48
15 5 6 7 8 2.24108e-48
15 6 7 8 5 9.72801e-48
15 7 8 5 6 0.0402402
15 8 5 6 7 9.30241e-48
15 4 8 9 6 6.57177e-48
15 6 4 8 9 4.3866e-48
15 8 9 6 4 3.88287e-48
15 9 6 4 8 6.95912e-48
15 4 12 6 10 4.1313e-48
15 6 10 4 12 5.03512e-48
15 10 4 12 6 1.75911e-47
15 12 6 10 4 2.48538e-48
15 4 5 12 12 7.84599e-48
15 5 12 12 4 1.28441e-48
15 12 4 5 12 0.0214381
15 12 12 4 5 2.36604e-48
15 5 11 6 12 1.9792e-48
15 6 12 5 11 0.0256157
15 11 6 12 5 1.02265e-47
15 12 5 11 6 2.83564e-48
15 6 6 11 9 7.73679e-48
15 6 11 9 6 7.07891e-48
15 9 6 6 11 4.65526e-48
15 11 9 6 6 3.51533e-48
15 4 10 12 7 6.53358e-48
15 7 4 10 12 2.56606e-48
15 10 12 7 4 6.36968e-48
15 12 7 4 10 2.05164e-48
15 4 7 7 8 7.45424e-48
15 7 7 8 4 2.98749e-48
15 7 8 4 7 3.6775e-48
15 8 4 7 7 8.85832e-48
15 4 6 10 6 6.76859e-48
15 6 4 6 10 2.70727e-48
15 6 10 6 4 2.29343e-48
15 10 6 4 6 1.2962e-47
15 4 7 8 9 7.75513e-48
15 7 8 9 4 2.36493e-48
15 8 9 4 7 6.73323e-48
15 9 4 7 8 5.40937e-48
15 5 6 9 11 1.1343e-48
15 6 9 11 5 5.02833e-48
15 9 11 5 6 0.0771126
15 11 5 6 9 3.63022e-48
15 4 8 9 9 5.76792e-48
15 8 9 9 4 4.06826e-48
15 9 4 8 9 5.28753e-48
15 9 9 4 8 3.86312e-48
15 5 8 10 10 1.26381e-48
15 8 10 10 5 8.12868e-48
15 10 5 8 10 8.1883e-48
15 10 10 5 8 0.0809192
15 6 10 12 7 5.42823e-48
15 7 6 10 12 3.54486e-48
15 10 12 7 6 9.29985e-48
15 12 7 6 10 1.86807e-48
15 5 12 11 7 2.13367e-48
15 7 5 12 11 2.85755e-48
15 11 7 5 12 0.075942
15 12 11 7 5 4.59643e-48
15 6 7 10 12 7.07551e-48
15 7 10 12 6 3.76833e-48
15 10 12 6 7 1.01242e-47
15 12 6 7 10 2.4598e-48
15 6 12 8 7 4.80313e-48
15 7 6 12 8 4.79773e-48
15 8 7 6 12 1.04205e-47
15 12 8 7 6 2.77957e-48
15 5 8 6 6 1.59828e-48
15 6 5 8 6 4.93405e-48
15 6 6 5 8 0.0544603
15 8 6 6 5 1.14818e-47
15 4 11 10 8 8.07364e-48
15 8 4 11 10 8.18501e-48
15 10 8 4 11 8.76118e-48
15 11 10 8 4 3.36766e-48
15 4 5 7 5 1.10277e-49
15 5 4 5 7 0.000240518
15 5 7 5 4 0.000223744
15 7 5 4 5 5.39579e-50
15 4 5 10 9 4.79461e-48
15 5 10 9 4 8.32336e-49
15 9 4 5 10 0.0381813
15 10 9 4 5 9.13647e-48
15 4 11 7 7 1.01093e-47
15 7 4 11 7 4.25364e-48
15 7 7 4 11 2.77987e-48
15 11 7 7 4 5.30113e-48
16 7 9 7 9 0.000341077
16 9 7 9 7 2.0519e-47
16 4 5 4 5 0.00157531
16 5 4 5 4 0.00628592
16 5 8 6 9 0.00307921
16 6 9 5 8 0.00655282
16 8 6 9 5 1.85315e-46
16 9 5 8 6 0.00084754
16 5 7 6 12 0.00136473
16 6 12 5 7 0.00259555
16 7 6 12 5 0.00075747
16 12 5 7 6 0.000817689
16 4 7 9 6 2.02226e-46
16 6 4 7 9 0.0084668
16 7 9 6 4 0.00385932
16 9 6 4 7 0.0144151
16 5 9 6 8 0.0020408
16 6 8 5 9 0.0117102
16 8 5 9 6 6.2925e-47
16 9 6 8 5 0.00295628
16 9 10 11 12 0.000514681
16 10 11 12 9 6.3924e-05
16 11 12 9 10 3.73016e-48
16 12 9 10 11 4.44964e-06
16 8 9 11 10 0.000267253
16 9 11 10 8 1.84597e-05
16 10 8 9 11 1.74365e-47
16 11 10 8 9 0.000178396
16 5 5 10 9 6.68617e-05
16 5 10 9 5 1.34557e-46
16 9 5 5 10 0.0050824
16 10 9 5 5 0.00719121
16 7 9 9 11 4.0319e-46
16 9 9 11 7 0.0263604
16 9 11 7 9 0.0208289
16 11 7 9 9 4.95302e-46
16 4 4 6 6 0.00282356
16 4 6 6 4 0.00398274
16 6 4 4 6 0.00239718
16 6 6 4 4 0.00338132
16 7 7 10 9 0.000527249
16 7 10 9 7 1.25842e-45
16 9 7 7 10 0.0160373
16 10 9 7 7 0.0269118
16 7 8 9 12 1.08576e-45
16 8 9 12 7 0.00311499
16 9 12 7 8 0.00647128
16 12 7 8 9 0.00297794
16 6 8 7 12 0.0154735
16 7 12 6 8 0.00213542
16 8 7 12 6 0.000864417
16 12 6 8 7 0.00539536
16 5 11 9 6 1.09835e-46
16 6 5 11 9 0.00228294
16 9 6 5 11 0.0112171
16 11 9 6 5 0.00235691
16 5 10 8 10 0.00491534
16 8 10 5 10 0.0258826
16 10 5 10 8 0.00034433
16 10 8 10 5 0.000818853
16 6 10 8 12 0.00990561
16 8 12 6 10 0.00335201
16 10 8 12 6 0.00463622
16 12 6 10 8 0.000727486
16 6 6 6 9 0.00453053
16 6 6 9 6 2.11877e-46
16 6 9 6 6 0.00204718
16 9 6 6 6 0.00468
16 7 11 11 9 0.0162985
16 9 7 11 11 0.010135
16 11 9 7 11 0.0097131
16 11 11 9 7 9.39687e-46
16 4 8 12 5 1.82448e-05
16 5 4 8 12 2.85729e-05
16 8 12 5 4 3.03866e-05
16 12 5 4 8 1.61165e-05
16 4 4 7 10 0.020422
16 4 7 10 4 0.000445089
16 7 10 4 4 0.0111513
16 10 4 4 7 0.0216414
16 4 8 6 9 0.00948383
16 6 9 4 8 0.00490343
16 8 6 9 4 3.72816e-46
16 9 4 8 6 0.00387432
16 4 4 4 11 0.00573878
16 4 4 11 4 0.0103963
16 4 11 4 4 0.00611795
16 11 4 4 4 0.00629197
16 5 6 9 10 3.20763e-46
16 6 9 10 5 0.000202481
16 9 10 5 6 0.0157858
16 10 5 6 9 0.00297128
16 6 6 11 10 0.0138926
16 6 11 10 6 0.00029133
16 10 6 6 11 0.00819195
16 11 10 6 6 0.00631433
16 5 6 8 7 0.00259525
16 6 8 7 5 0.00465059
16 7 5 6 8 0.00139854
16 8 7 5 6 0.00359515
16 5 6 6 8 0.00214684
16 6 6 8 5 0.00136037
16 6 8 5 6 0.00556637
16 8 5 6 6 0.000639583
16 5 6 7 8 0.0049863
16 6 7 8 5 0.00102806
16 7 8 5 6 0.00924591
16 8 5 6 7 0.00183727
16 4 8 9 6 5.20018e-46
16 6 4 8 9 0.00439744
16 8 9 6 4 0.00422347
16 9 6 4 8 0.0131429
16 4 12 6 10 0.00369125
16 6 10 4 12 0.013955
16 10 4 12 6 0.00304245
16 12 6 10 4 0.000499648
16 4 5 12 12 0.00061771
16 5 12 12 4 0.000185161
16 12 4 5 12 0.00792704
16 12 12 4 5 0.000595487
16 5 11 6 12 0.00229699
16 6 12 5 11 0.00152063
16 11 6 12 5 0.000936358
16 12 5 11 6 0.00101405
16 6 6 11 9 0.011175
16 6 11 9 6 2.30783e-46
16 9 6 6 11 0.00674474
16 11 9 6 6 0.00359965
16 4 10 12 7 0.00556719
16 7 4 10 12 0.000832184
16 10 12 7 4 0.00499456
16 12 7 4 10 0.00482549
16 4 7 7 8 0.00854502
16 7 7 8 4 0.00252934
16 7 8 4 7 0.0146328
16 8 4 7 7 0.014362
16 4 6 10 6 0.000394867
16 6 4 6 10 0.00529745
16 6 10 6 4 0.00476423
16 10 6 4 6 0.00712456
16 4 7 8 9 0.00460248
16 7 8 9 4 6.8487e-46
16 8 9 4 7 0.0101134
16 9 4 7 8 0.0202112
16 5 6 9 11 1.35239e-46
16 6 9 11 5 0.0030768
16 9 11 5 6 0.00788936
16 11 5 6 9 0.00151447
16 4 8 9 9 1.17088e-45
16 8 9 9 4 4.44731e-46
16 9 4 8 9 0.010228
16 9 9 4 8 0.0133718
16 5 8 10 10 0.000698758
16 8 10 10 5 0.000573333
16 10 5 8 10 0.00395691
16 10 10 5 8 0.0445917
16 6 10 12 7 0.00356339
16 7 6 10 12 0.000836082
16 10 12 7 6 0.00355747
16 12 7 6 10 0.00363802
16 5 12 11 7 0.00215169
16 7 5 12 11 0.000400014
16 11 7 5 12 0.00984818
16 12 11 7 5 0.00335253
16 6 7 10 12 0.000451587
16 7 10 12 6 0.0024461
16 10 12 6 7 0.00522336
16 12 6 7 10 0.0132737
16 6 12 8 7 0.00154743
16 7 6 12 8 0.00249039
16 8 7 6 12 0.00428434
16 12 8 7 6 0.00639325
16 5 8 6 6 0.00153173
16 6 5 8 6 0.000408139
16 6 6 5 8 0.00721382
16 8 6 6 5 0.00197116
16 4 11 10 8 0.00111685
16 8 4 11 10 0.0235495
16 10 8 4 11 0.0197832
16 11 10 8 4 0.0100192
16 4 5 7 5 1.42941e-05
16 5 4 5 7 6.66466e-05
16 5 7 5 4 2.47313e-05
16 7 5 4 5 8.6788e-06
16 4 5 10 9 0.00020886
16 5 10 9 4 2.74552e-46
16 9 4 5 10 0.0235634
16 10 9 4 5 0.00545767
16 4 11 7 7 0.0173356
16 7 4 11 7 0.0178861
16 7 7 4 11 0.00366375
16 11 7 7 4 0.00661592
17 3 0 2 4 0.0863504
17 1 0 2 9 0.0635543
17 2 0 1 8 0.0348335
17 1 0 2 8 0.0212608
17 1 0 1 10 0.0387704
17 1 0 1 4 0.0679829
17 2 0 2 10 0.0712714
17 2 0 2 11 0.0756073
17 1 0 2 6 0.0224414
17 3 0 2 10 0.0243252
17 3 0 3 12 0.0380503
17 1 0 3 6 0.0239715
17 2 0 1 6 0.0768853
17 3 0 2 5 0.0260228
17 2 0 3 7 0.0860036
17 3 0 3 10 0.0257771
17 2 0 3 9 0.042359
17 3 0 3 9 0.0298018
17 2 0 2 6 0.0277161
17 2 0 3 8 0.0271807
17 3 0 1 8 0.0244475
17 2 0 3 4 0.0653866
18 2 4 3 0 1.17436e-44
18 2 9 1 0 0.121422
18 1 8 2 0 0.0332082
18 2 8 1 0 0.035421
18 1 10 1 0 0.0289103
18 1 4 1 0 5.50985e-45
18 2 10 2 0 0.0584897
18 2 11 2 0 0.090241
18 2 6 1 0 0.0478766
18 2 10 3 0 0.0304373
18 3 12 3 0 0.0323042
18 3 6 1 0 0.0522297
18 1 6 2 0 0.0938607
18 2 5 3 0 0.0507827
18 3 7 2 0 0.0367646
18 3 10 3 0 0.0329409
18 3 9 2 0 0.0655902
18 3 9 3 0 0.0703594
18 2 6 2 0 0.046924
18 3 8 2 0 0.0367012
18 1 8 3 0 0.0355362
18 3 4 2 0 5.95648e-45
19 7 9 7 9 1.86498e-49
19 9 7 9 7 7.79606e-50
19 4 5 4 5 0.0501765
19 5 4 5 4 2.07067e-47
19 5 8 6 9 7.18725e-48
19 6 9 5 8 8.12978e-48
19 8 6 9 5 1.35722e-48
19 9 5 8 6 0.0281228
19 5 7 6 12 3.05584e-48
19 6 12 5 7 5.30974e-48
19 7 6 12 5 2.15967e-48
19 12 5 7 6 0.0410095
19 4 7 9 6 5.96442e-48
19 6 4 7 9 5.94416e-48
19 7 9 6 4 7.30003e-48
19 9 6 4 7 2.35209e-48
19 5 9 6 8 8.75825e-48
19 6 8 5 9 7.90172e-48
19 8 5 9 6 0.0454614
19 9 6 8 5 9.94408e-49
19 9 10 11 12 1.48244e-50
19 10 11 12 9 6.1328e-50
19 11 12 9 10 2.08826e-49
19 12 9 10 11 4.1264e-50
19 8 9 11 10 9.07588e-50
19 9 11 10 8 6.74559e-50
19 10 8 9 11 4.56546e-50
19 11 10 8 9 8.118e-50
19 5 5 10 9 0.0511667
19 5 10 9 5 2.06484e-48
19 9 5 5 10 0.0900498
19 10 9 5 5 1.02069e-48
19 7 9 9 11 7.06802e-48
19 9 9 11 7 1.70765e-48
19 9 11 7 9 5.2578e-48
19 11 7 9 9 8.16955e-48
19 4 4 6 6 5.04647e-48
19 4 6 6 4 5.74857e-48
19 6 4 4 6 5.10898e-48
19 6 6 4 4 5.81978e-48
19 7 7 10 9 5.52004e-48
19 7 10 9 7 4.20182e-48
19 9 7 7 10 6.91963e-48
19 10 9 7 7 1.47941e-48
19 7 8 9 12 3.96523e-48
19 8 9 12 7 3.53078e-48
19 9 12 7 8 7.34649e-48
19 12 7 8 9 6.74497e-48
19 6 8 7 12 2.82452e-48
19 7 12 6 8 1.59023e-47
19 8 7 12 6 5.90129e-48
19 12 6 8 7 3.28456e-48
19 5 11 9 6 8.1021e-48
19 6 5 11 9 0.0507901
19 9 6 5 11 4.12299e-48
19 11 9 6 5 1.85057e-48
19 5 10 8 10 1.02567e-47
19 8 10 5 10 9.78222e-48
19 10 5 10 8 0.0278787
19 10 8 10 5 6.27538e-49
19 6 10 8 12 2.90846e-48
19 8 12 6 10 1.70068e-47
19 10 8 12 6 4.02692e-48
19 12 6 10 8 6.36121e-48
19 6 6 6 9 6.71274e-48
19 6 6 9 6 5.38796e-48
19 6 9 6 6 5.20735e-48
19 9 6 6 6 3.4246e-48
19 7 11 11 9 8.1362e-48
19 9 7 11 11 3.17207e-48
19 11 9 7 11 5.20314e-48
19 11 11 9 7 5.57886e-48
19 4 8 12 5 2.97289e-50
19 5 4 8 12 3.63397e-50
19 8 12 5 4 1.10807e-49
19 12 5 4 8 0.00114646
19 4 4 7 10 1.21684e-47
19 4 7 10 4 5.43962e-48
19 7 10 4 4 8.83773e-48
19 10 4 4 7 2.32122e-48
19 4 8 6 9 6.70168e-48
19 6 9 4 8 7.5969e-48
19 8 6 9 4 4.81897e-48
19 9 4 8 6 2.84804e-48
19 4 4 4 11 6.43374e-48
19 4 4 11 4 4.99163e-48
19 4 11 4 4 9.24736e-48
19 11 4 4 4 7.30539e-48
19 5 6 9 10 1.3717e-47
19 6 9 10 5 1.24495e-48
19 9 10 5 6 3.99115e-48
19 10 5 6 9 0.0386989
19 6 6 11 10 8.03153e-48
19 6 11 10 6 4.61356e-48
19 10 6 6 11 2.86468e-48
19 11 10 6 6 5.26134e-48
19 5 6 8 7 3.60484e-48
19 6 8 7 5 1.81135e-48
19 7 5 6 8 0.111836
19 8 7 5 6 5.61004e-48
19 5 6 6 8 8.94671e-48
19 6 6 8 5 1.5446e-48
19 6 8 5 6 6.26158e-48
19 8 5 6 6 0.044883
19 5 6 7 8 8.92333e-48
19 6 7 8 5 2.06452e-48
19 7 8 5 6 8.67947e-48
19 8 5 6 7 0.0367651
19 4 8 9 6 6.30679e-48
19 6 4 8 9 6.54541e-48
19 8 9 6 4 5.46069e-48
19 9 6 4 8 5.85775e-48
19 4 12 6 10 2.15299e-47
19 6 10 4 12 3.51926e-48
19 10 4 12 6 4.00929e-48
19 12 6 10 4 4.99824e-48
19 4 5 12 12 0.0323047
19 5 12 12 4 1.12172e-47
19 12 4 5 12 3.03908e-48
19 12 12 4 5 2.55711e-48
19 5 11 6 12 3.89441e-48
19 6 12 5 11 8.75087e-48
19 11 6 12 5 1.95584e-48
19 12 5 11 6 0.0357044
19 6 6 11 9 4.99172e-48
19 6 11 9 6 7.85936e-48
19 9 6 6 11 3.95905e-48
19 11 9 6 6 5.59785e-48
19 4 10 12 7 3.88697e-48
19 7 4 10 12 2.14416e-48
19 10 12 7 4 3.86445e-48
19 12 7 4 10 1.21496e-47
19 4 7 7 8 8.18803e-48
19 7 7 8 4 7.48101e-48
19 7 8 4 7 4.89141e-48
19 8 4 7 7 2.73411e-48
19 4 6 10 6 3.06202e-48
19 6 4 6 10 1.1209e-47
19 6 10 6 4 5.78607e-48
19 10 6 4 6 2.42872e-48
19 4 7 8 9 7.20086e-48
19 7 8 9 4 9.41897e-48
19 8 9 4 7 3.27205e-48
19 9 4 7 8 5.45835e-48
19 5 6 9 11 5.97552e-48
19 6 9 11 5 1.19128e-48
19 9 11 5 6 4.84122e-48
19 11 5 6 9 0.0683273
19 4 8 9 9 8.5182e-48
19 8 9 9 4 5.91984e-48
19 9 4 8 9 4.5101e-48
19 9 9 4 8 6.13743e-48
19 5 8 10 10 1.01058e-47
19 8 10 10 5 1.0774e-48
19 10 5 8 10 0.0607264
19 10 10 5 8 5.2316e-48
19 6 10 12 7 3.79394e-48
19 7 6 10 12 1.95232e-48
19 10 12 7 6 3.08894e-48
19 12 7 6 10 1.17137e-47
19 5 12 11 7 4.59029e-48
19 7 5 12 11 0.0902482
19 11 7 5 12 3.89738e-48
19 12 11 7 5 2.28261e-48
19 6 7 10 12 2.23488e-48
19 7 10 12 6 7.62175e-48
19 10 12 6 7 3.01168e-48
19 12 6 7 10 1.03769e-47
19 6 12 8 7 4.60257e-48
19 7 6 12 8 1.09539e-47
19 8 7 6 12 2.52632e-48
19 12 8 7 6 4.68204e-48
19 5 8 6 6 5.96022e-48
19 6 5 8 6 0.0457139
19 6 6 5 8 8.69084e-48
19 8 6 6 5 1.40225e-48
19 4 11 10 8 9.03403e-48
19 8 4 11 10 8.56896e-48
19 10 8 4 11 3.9344e-48
19 11 10 8 4 6.77294e-48
19 4 5 7 5 0.000250025
19 5 4 5 7 7.02547e-50
19 5 7 5 4 1.30586e-49
19 7 5 4 5 0.000351784
19 4 5 10 9 0.0483885
19 5 10 9 4 7.43572e-48
19 9 4 5 10 9.24919e-48
19 10 9 4 5 9.6735e-49
19 4 11 7 7 4.60469e-48
19 7 4 11 7 3.49717e-48
19 7 7 4 11 8.37834e-48
19 11 7 7 4 6.76155e-48
20 7 5 4 5 1
21 7 9 7 9 1.30176e-49
21 9 7 9 7 5.93464e-50
21 4 5 4 5 0.0651393
21 5 4 5 4 1.31539e-47
21 5 8 6 9 3.07791e-48
21 6 9 5 8 7.99366e-48
21 8 6 9 5 0.0380256
21 9 5 8 6 1.96616e-48
21 5 7 6 12 6.94483e-48
21 6 12 5 7 1.69979e-47
21 7 6 12 5 0.0841237
21 12 5 7 6 3.0239e-48
21 4 7 9 6 3.42243e-48
21 6 4 7 9 5.83208e-48
21 7 9 6 4 8.87087e-48
21 9 6 4 7 3.17867e-48
21 5 9 6 8 8.00186e-48
21 6 8 5 9 3.64174e-48
21 8 5 9 6 1.71351e-48
21 9 6 8 5 0.0516781
21 9 10 11 12 2.25467e-50
21 10 11 12 9 4.1069e-50
21 11 12 9 10 6.91376e-50
21 12 9 10 11 5.53915e-50
21 8 9 11 10 3.3702e-50
21 9 11 10 8 2.44597e-50
21 10 8 9 11 3.09316e-50
21 11 10 8 9 2.43193e-50
21 5 5 10 9 2.02825e-48
21 5 10 9 5 0.0216182
21 9 5 5 10 2.49462e-48
21 10 9 5 5 0.050442
21 7 9 9 11 6.23906e-48
21 9 9 11 7 2.95849e-48
21 9 11 7 9 2.30183e-48
21 11 7 9 9 2.0567e-48
21 4 4 6 6 8.09346e-48
21 4 6 6 4 1.44857e-47
21 6 4 4 6 3.52786e-48
21 6 6 4 4 6.31417e-48
21 7 7 10 9 2.19409e-48
21 7 10 9 7 2.44808e-48
21 9 7 7 10 1.88148e-48
21 10 9 7 7 3.98253e-48
21 7 8 9 12 3.25914e-48
21 8 9 12 7 3.93687e-48
21 9 12 7 8 6.87531e-48
21 12 7 8 9 4.10223e-48
21 6 8 7 12 4.83908e-48
21 7 12 6 8 2.10815e-47
21 8 7 12 6 2.47609e-48
21 12 6 8 7 1.06233e-47
21 5 11 9 6 3.11855e-48
21 6 5 11 9 4.01253e-48
21 9 6 5 11 7.68089e-48
21 11 9 6 5 0.0595656
21 5 10 8 10 2.26336e-48
21 8 10 5 10 1.66073e-48
21 10 5 10 8 1.89948e-48
21 10 8 10 5 0.0123706
21 6 10 8 12 6.7621e-48
21 8 12 6 10 1.23606e-47
21 10 8 12 6 2.51976e-48
21 12 6 10 8 7.27847e-48
21 6 6 6 9 1.81348e-47
21 6 6 9 6 9.48298e-48
21 6 9 6 6 1.16819e-47
21 9 6 6 6 7.99223e-48
21 7 11 11 9 3.56356e-48
21 9 7 11 11 2.60937e-48
21 11 9 7 11 4.46292e-48
21 11 11 9 7 2.77863e-48
21 4 8 12 5 0.000417124
21 5 4 8 12 8.44035e-50
21 8 12 5 4 9.87026e-50
21 12 5 4 8 3.1975e-50
21 4 4 7 10 5.74844e-48
21 4 7 10 4 3.26837e-48
21 7 10 4 4 1.94522e-48
21 10 4 4 7 2.95898e-48
21 4 8 6 9 4.02409e-48
21 6 9 4 8 4.19016e-48
21 8 6 9 4 3.85091e-48
21 9 4 8 6 2.68682e-48
21 4 4 4 11 4.62039e-48
21 4 4 11 4 4.96343e-48
21 4 11 4 4 3.07646e-48
21 11 4 4 4 2.06441e-48
21 5 6 9 10 6.43115e-48
21 6 9 10 5 0.0518186
21 9 10 5 6 1.93739e-48
21 10 5 6 9 4.89748e-48
21 6 6 11 10 8.95165e-48
21 6 11 10 6 3.60325e-48
21 10 6 6 11 1.42414e-47
21 11 10 6 6 2.80829e-48
21 5 6 8 7 8.71239e-48
21 6 8 7 5 0.0340317
21 7 5 6 8 6.89391e-48
21 8 7 5 6 2.52854e-48
21 5 6 6 8 1.26893e-47
21 6 6 8 5 0.119783
21 6 8 5 6 3.7201e-48
21 8 5 6 6 3.34734e-48
21 5 6 7 8 8.22671e-48
21 6 7 8 5 0.0633267
21 7 8 5 6 3.18186e-48
21 8 5 6 7 4.47406e-48
21 4 8 9 6 2.46718e-48
21 6 4 8 9 7.148e-48
21 8 9 6 4 5.56202e-48
21 9 6 4 8 3.36113e-48
21 4 12 6 10 2.49377e-47
21 6 10 4 12 4.01344e-48
21 10 4 12 6 5.19796e-48
21 12 6 10 4 7.2466e-48
21 4 5 12 12 6.34652e-48
21 5 12 12 4 1.05723e-47
21 12 4 5 12 8.25984e-48
21 12 12 4 5 0.0681384
21 5 11 6 12 8.32439e-48
21 6 12 5 11 2.16624e-47
21 11 6 12 5 0.0575567
21 12 5 11 6 2.8605e-48
21 6 6 11 9 9.52419e-48
21 6 11 9 6 5.14607e-48
21 9 6 6 11 1.16582e-47
21 11 9 6 6 5.85418e-48
21 4 10 12 7 3.52524e-48
21 7 4 10 12 4.35553e-48
21 10 12 7 4 7.73669e-48
21 12 7 4 10 2.11727e-48
21 4 7 7 8 4.18656e-48
21 7 7 8 4 4.03859e-48
21 7 8 4 7 1.64133e-48
21 8 4 7 7 2.91838e-48
21 4 6 10 6 5.29853e-48
21 6 4 6 10 9.8833e-48
21 6 10 6 4 5.81579e-48
21 10 6 4 6 3.39594e-48
21 4 7 8 9 4.58861e-48
21 7 8 9 4 2.4215e-48
21 8 9 4 7 2.19843e-48
21 9 4 7 8 3.20517e-48
21 5 6 9 11 7.80091e-48
21 6 9 11 5 0.0580923
21 9 11 5 6 2.65913e-48
21 11 5 6 9 3.563e-48
21 4 8 9 9 2.58498e-48
21 8 9 9 4 3.04734e-48
21 9 4 8 9 3.30062e-48
21 9 9 4 8 2.26852e-48
21 5 8 10 10 1.524e-48
21 8 10 10 5 0.0118379
21 10 5 8 10 3.24802e-48
21 10 10 5 8 2.97031e-48
21 6 10 12 7 4.17456e-48
21 7 6 10 12 7.09807e-48
21 10 12 7 6 7.04448e-48
21 12 7 6 10 5.75202e-48
21 5 12 11 7 9.64349e-48
21 7 5 12 11 5.96719e-48
21 11 7 5 12 4.44371e-48
21 12 11 7 5 0.046544
21 6 7 10 12 5.20852e-48
21 7 10 12 6 3.17135e-48
21 10 12 6 7 1.72413e-47
21 12 6 7 10 8.37395e-48
21 6 12 8 7 1.68501e-47
21 7 6 12 8 9.60437e-48
21 8 7 6 12 5.05143e-48
21 12 8 7 6 2.24839e-48
21 5 8 6 6 3.29033e-48
21 6 5 8 6 4.7692e-48
21 6 6 5 8 1.32656e-47
21 8 6 6 5 0.0777368
21 4 11 10 8 4.02909e-48
21 8 4 11 10 2.75987e-48
21 10 8 4 11 1.8718e-48
21 11 10 8 4 2.2961e-48
21 4 5 7 5 0.000594521
21 5 4 5 7 8.29545e-50
21 5 7 5 4 5.87264e-50
21 7 5 4 5 0.000341885
21 4 5 10 9 2.68947e-48
21 5 10 9 4 2.22044e-48
21 9 4 5 10 3.45748e-48
21 10 9 4 5 0.026817
21 4 11 7 7 5.21548e-48
21 7 4 11 7 4.8388e-48
21 7 7 4 11 3.1888e-48
21 11 7 7 4 2.47761e-48
22 7 9 7 9 2.96376e-49
22 9 7 9 7 0.000250643
22 4 5 4 5 0.0121784
22 5 4 5 4 2.62812e-46
22 5 8 6 9 0.00951335
22 6 9 5 8 1.34135e-46
22 8 6 9 5 0.00161717
22 9 5 8 6 0.00394396
22 5 7 6 12 0.00585894
22 6 12 5 7 1.77325e-46
22 7 6 12 5 0.00612627
22 12 5 7 6 9.37937e-05
22 4 7 9 6 0.0325343
22 6 4 7 9 9.5132e-05
22 7 9 6 4 9.40243e-89
22 9 6 4 7 0.00140631
22 5 9 6 8 4.79307e-46
22 6 8 5 9 0.00315325
22 8 5 9 6 0.00731806
22 9 6 8 5 0.00103226
22 9 10 11 12 2.08474e-05
22 10 11 12 9 0.000323225
22 11 12 9 10 3.56343e-48
22 12 9 10 11 1.61628e-47
22 8 9 11 10 3.34975e-48
22 9 11 10 8 0.00014146
22 10 8 9 11 4.91783e-05
22 11 10 8 9 6.23501e-05
22 5 5 10 9 0.0134836
22 5 10 9 5 0.00382128
22 9 5 5 10 0.000307256
22 10 9 5 5 7.65008e-47
22 7 9 9 11 5.09006e-46
22 9 9 11 7 3.73577e-46
22 9 11 7 9 9.34688e-05
22 11 7 9 9 0.0189123
22 4 4 6 6 0.00971402
22 4 6 6 4 3.66313e-46
22 6 4 4 6 0.0105498
22 6 6 4 4 3.9783e-46
22 7 7 10 9 0.0501589
22 7 10 9 7 0.00391557
22 9 7 7 10 4.6037e-05
22 10 9 7 7 3.1573e-48
22 7 8 9 12 0.00380429
22 8 9 12 7 1.72925e-45
22 9 12 7 8 6.05641e-48
22 12 7 8 9 0.0237897
22 6 8 7 12 5.06856e-05
22 7 12 6 8 8.92476e-46
22 8 7 12 6 0.0931237
22 12 6 8 7 0.00180757
22 5 11 9 6 0.0117259
22 6 5 11 9 0.00918449
22 9 6 5 11 0.000267862
22 11 9 6 5 4.60074e-46
22 5 10 8 10 0.00127688
22 8 10 5 10 0.000398369
22 10 5 10 8 0.00499871
22 10 8 10 5 0.00834903
22 6 10 8 12 0.00296007
22 8 12 6 10 4.80686e-46
22 10 8 12 6 0.0368648
22 12 6 10 8 0.00661319
22 6 6 6 9 0.00554715
22 6 6 9 6 0.00585808
22 6 9 6 6 1.78349e-45
22 9 6 6 6 0.00351966
22 7 11 11 9 0.0119849
22 9 7 11 11 0.00822907
22 11 9 7 11 3.8228e-48
22 11 11 9 7 0.00470844
22 4 8 12 5 0.000336822
22 5 4 8 12 1.70092e-05
22 8 12 5 4 3.00192e-91
22 12 5 4 8 6.57371e-05
22 4 4 7 10 2.69097e-05
22 4 7 10 4 6.08105e-45
22 7 10 4 4 8.50137e-46
22 10 4 4 7 0.00279508
22 4 8 6 9 0.0138638
22 6 9 4 8 6.97043e-46
22 8 6 9 4 2.58875e-46
22 9 4 8 6 0.00402644
22 4 4 4 11 0.00435355
22 4 4 11 4 7.01687e-46
22 4 11 4 4 1.31509e-45
22 11 4 4 4 4.93686e-46
22 5 6 9 10 0.000913461
22 6 9 10 5 1.7667e-45
22 9 10 5 6 0.00158175
22 10 5 6 9 0.00550462
22 6 6 11 10 0.00125367
22 6 11 10 6 0.0400349
22 10 6 6 11 0.00120408
22 11 10 6 6 0.00768548
22 5 6 8 7 0.0011324
22 6 8 7 5 8.63888e-05
22 7 5 6 8 0.00421636
22 8 7 5 6 0.0053332
22 5 6 6 8 0.00170524
22 6 6 8 5 0.00186093
22 6 8 5 6 0.00360688
22 8 5 6 6 0.00792653
22 5 6 7 8 1.81742e-05
22 6 7 8 5 0.0140153
22 7 8 5 6 0.00313371
22 8 5 6 7 0.00395463
22 4 8 9 6 0.017166
22 6 4 8 9 0.00744031
22 8 9 6 4 9.24074e-89
22 9 6 4 8 0.00161284
22 4 12 6 10 6.57947e-46
22 6 10 4 12 0.0045075
22 10 4 12 6 0.0236596
22 12 6 10 4 1.11156e-45
22 4 5 12 12 0.00880589
22 5 12 12 4 3.48971e-88
22 12 4 5 12 0.000563939
22 12 12 4 5 1.0356e-45
22 5 11 6 12 0.00309625
22 6 12 5 11 1.76595e-46
22 11 6 12 5 0.00482814
22 12 5 11 6 0.00930149
22 6 6 11 9 0.00502073
22 6 11 9 6 0.0199661
22 9 6 6 11 0.00149755
22 11 9 6 6 1.04576e-45
22 4 10 12 7 0.0160943
22 7 4 10 12 0.00452961
22 10 12 7 4 7.57274e-91
22 12 7 4 10 0.0083692
22 4 7 7 8 0.000146861
22 7 7 8 4 1.43514e-45
22 7 8 4 7 0.00598176
22 8 4 7 7 3.16806e-05
22 4 6 10 6 0.0101253
22 6 4 6 10 0.00260535
22 6 10 6 4 9.29702e-46
22 10 6 4 6 0.00264927
22 4 7 8 9 0.0226579
22 7 8 9 4 1.08281e-45
22 8 9 4 7 5.36879e-46
22 9 4 7 8 3.04732e-05
22 5 6 9 11 0.00136223
22 6 9 11 5 6.60884e-46
22 9 11 5 6 0.00199678
22 11 5 6 9 0.00553705
22 4 8 9 9 0.016062
22 8 9 9 4 9.13107e-89
22 9 4 8 9 0.00441725
22 9 9 4 8 4.85201e-46
22 5 8 10 10 0.00646332
22 8 10 10 5 0.00984501
22 10 5 8 10 0.00101741
22 10 10 5 8 0.000646191
22 6 10 12 7 0.0176432
22 7 6 10 12 0.00227559
22 10 12 7 6 1.00887e-47
22 12 7 6 10 0.00844786
22 5 12 11 7 6.18897e-46
22 7 5 12 11 0.0127291
22 11 7 5 12 0.00122881
22 12 11 7 5 9.02917e-05
22 6 7 10 12 0.0234179
22 7 10 12 6 0.0364748
22 10 12 6 7 5.60656e-46
22 12 6 7 10 1.41923e-05
22 6 12 8 7 6.79222e-46
22 7 6 12 8 0.00654891
22 8 7 6 12 0.0070016
22 12 8 7 6 0.000167465
22 5 8 6 6 0.0113879
22 6 5 8 6 0.00744066
22 6 6 5 8 0.000499402
22 8 6 6 5 0.00183307
22 4 11 10 8 0.0195774
22 8 4 11 10 0.00199635
22 10 8 4 11 0.00444105
22 11 10 8 4 4.50523e-46
22 4 5 7 5 6.78906e-07
22 5 4 5 7 9.05182e-06
22 5 7 5 4 5.15274e-48
22 7 5 4 5 6.01053e-05
22 4 5 10 9 0.0199292
22 5 10 9 4 6.20408e-46
22 9 4 5 10 0.000318143
22 10 9 4 5 4.03197e-46
22 4 11 7 7 7.43706e-05
22 7 4 11 7 0.00351311
22 7 7 4 11 0.0124078
22 11 7 7 4 1.58928e-47
23 7 9 7 9 1.18174e-49
23 9 7 9 7 1.39923e-49
23 4 5 4 5 2.73747e-47
23 5 4 5 4 1.10625e-47
23 5 8 6 9 2.48558e-48
23 6 9 5 8 6.60238e-48
23 8 6 9 5 4.51923e-48
23 9 5 8 6 5.62063e-48
23 5 7 6 12 1.94639e-48
23 6 12 5 7 0.109305
23 7 6 12 5 4.49948e-48
23 12 5 7 6 1.12451e-47
23 4 7 9 6 6.9606e-48
23 6 4 7 9 6.35033e-48
23 7 9 6 4 3.23662e-48
23 9 6 4 7 5.34617e-48
23 5 9 6 8 3.57376e-48
23 6 8 5 9 5.43877e-48
23 8 5 9 6 4.7647e-48
23 9 6 8 5 6.31411e-48
23 9 10 11 12 2.56411e-50
23 10 11 12 9 2.33414e-50
23 11 12 9 10 0.000298612
23 12 9 10 11 4.68427e-50
23 8 9 11 10 4.00838e-50
23 9 11 10 8 4.89061e-50
23 10 8 9 11 5.16311e-50
23 11 10 8 9 2.19334e-50
23 5 5 10 9 2.05477e-48
23 5 10 9 5 6.3402e-48
23 9 5 5 10 4.72319e-48
23 10 9 5 5 6.2992e-48
23 7 9 9 11 4.80997e-48
23 9 9 11 7 5.17008e-48
23 9 11 7 9 5.55168e-48
23 11 7 9 9 1.7605e-48
23 4 4 6 6 6.03399e-48
23 4 6 6 4 3.35165e-48
23 6 4 4 6 9.68089e-48
23 6 6 4 4 5.37736e-48
23 7 7 10 9 2.03549e-48
23 7 10 9 7 4.52561e-48
23 9 7 7 10 5.22607e-48
23 10 9 7 7 5.02218e-48
23 7 8 9 12 2.43988e-48
23 8 9 12 7 2.85621e-48
23 9 12 7 8 0.0849094
23 12 7 8 9 4.27e-48
23 6 8 7 12 5.55757e-48
23 7 12 6 8 0.0595826
23 8 7 12 6 3.93344e-48
23 12 6 8 7 6.70348e-48
23 5 11 9 6 7.26449e-48
23 6 5 11 9 5.20206e-48
23 9 6 5 11 5.71328e-48
23 11 9 6 5 3.71685e-48
23 5 10 8 10 3.10472e-48
23 8 10 5 10 3.12959e-48
23 10 5 10 8 2.17276e-48
23 10 8 10 5 3.49816e-48
23 6 10 8 12 3.78304e-48
23 8 12 6 10 0.0423223
23 10 8 12 6 4.0712e-48
23 12 6 10 8 4.18286e-48
23 6 6 6 9 3.87403e-48
23 6 6 9 6 8.06176e-48
23 6 9 6 6 7.98292e-48
23 9 6 6 6 5.18883e-48
23 7 11 11 9 4.58533e-48
23 9 7 11 11 6.06801e-48
23 11 9 7 11 4.33178e-48
23 11 11 9 7 3.87578e-48
23 4 8 12 5 8.14492e-50
23 5 4 8 12 2.83245e-50
23 8 12 5 4 0.000595553
23 12 5 4 8 9.32381e-50
23 4 4 7 10 7.25242e-48
23 4 7 10 4 3.41656e-48
23 7 10 4 4 4.84333e-48
23 10 4 4 7 5.26157e-48
23 4 8 6 9 3.01661e-48
23 6 9 4 8 6.39409e-48
23 8 6 9 4 2.28476e-48
23 9 4 8 6 5.28062e-48
23 4 4 4 11 7.29147e-48
23 4 4 11 4 4.79166e-48
23 4 11 4 4 6.66426e-48
23 11 4 4 4 2.58238e-48
23 5 6 9 10 3.31174e-48
23 6 9 10 5 7.04088e-48
23 9 10 5 6 7.21229e-48
23 10 5 6 9 2.37286e-48
23 6 6 11 10 5.45858e-48
23 6 11 10 6 7.6191e-48
23 10 6 6 11 3.31927e-48
23 11 10 6 6 3.08572e-48
23 5 6 8 7 4.9182e-48
23 6 8 7 5 1.76035e-47
23 7 5 6 8 4.86873e-48
23 8 7 5 6 6.6654e-48
23 5 6 6 8 3.65066e-48
23 6 6 8 5 9.92317e-48
23 6 8 5 6 1.14484e-47
23 8 5 6 6 4.81962e-48
23 5 6 7 8 6.74028e-48
23 6 7 8 5 1.32633e-47
23 7 8 5 6 9.41227e-48
23 8 5 6 7 4.79138e-48
23 4 8 9 6 7.36015e-48
23 6 4 8 9 4.62253e-48
23 8 9 6 4 2.6526e-48
23 9 6 4 8 4.87291e-48
23 4 12 6 10 0.0643077
23 6 10 4 12 4.62367e-48
23 10 4 12 6 4.05337e-48
23 12 6 10 4 3.60804e-48
23 4 5 12 12 1.93155e-48
23 5 12 12 4 0.0311894
23 12 4 5 12 3.45351e-48
23 12 12 4 5 0.137993
23 5 11 6 12 2.48052e-48
23 6 12 5 11 0.113821
23 11 6 12 5 2.62835e-48
23 12 5 11 6 8.70772e-48
23 6 6 11 9 4.74306e-48
23 6 11 9 6 1.17596e-47
23 9 6 6 11 4.5999e-48
23 11 9 6 6 3.28307e-48
23 4 10 12 7 3.77402e-48
23 7 4 10 12 1.45619e-48
23 10 12 7 4 0.0488981
23 12 7 4 10 5.55698e-48
23 4 7 7 8 8.05009e-48
23 7 7 8 4 4.05888e-48
23 7 8 4 7 6.6719e-48
23 8 4 7 7 6.11922e-48
23 4 6 10 6 3.9441e-48
23 6 4 6 10 4.62704e-48
23 6 10 6 4 4.32524e-48
23 10 6 4 6 4.53609e-48
23 4 7 8 9 3.96642e-48
23 7 8 9 4 4.07597e-48
23 8 9 4 7 4.88984e-48
23 9 4 7 8 6.80025e-48
23 5 6 9 11 4.10849e-48
23 6 9 11 5 1.0297e-47
23 9 11 5 6 8.74842e-48
23 11 5 6 9 1.62615e-48
23 4 8 9 9 3.74235e-48
23 8 9 9 4 2.8067e-48
23 9 4 8 9 3.14806e-48
23 9 9 4 8 5.10556e-48
23 5 8 10 10 2.69295e-48
23 8 10 10 5 3.95961e-48
23 10 5 8 10 3.25914e-48
23 10 10 5 8 4.18774e-48
23 6 10 12 7 4.72292e-48
23 7 6 10 12 1.32591e-48
23 10 12 7 6 0.0801553
23 12 7 6 10 4.33446e-48
23 5 12 11 7 0.0781699
23 7 5 12 11 4.53828e-48
23 11 7 5 12 1.89017e-48
23 12 11 7 5 1.98853e-47
23 6 7 10 12 2.55903e-48
23 7 10 12 6 4.63683e-48
23 10 12 6 7 0.051237
23 12 6 7 10 7.10802e-48
23 6 12 8 7 0.0972145
23 7 6 12 8 2.96005e-48
23 8 7 6 12 1.74496e-48
23 12 8 7 6 1.19104e-47
23 5 8 6 6 5.47531e-48
23 6 5 8 6 9.24401e-48
23 6 6 5 8 7.05804e-48
23 8 6 6 5 4.78387e-48
23 4 11 10 8 5.16872e-48
23 8 4 11 10 3.7845e-48
23 10 8 4 11 5.63484e-48
23 11 10 8 4 2.37027e-48
23 4 5 7 5 2.04287e-49
23 5 4 5 7 9.34182e-50
23 5 7 5 4 6.97653e-50
23 7 5 4 5 1.45947e-49
23 4 5 10 9 2.52922e-48
23 5 10 9 4 3.25096e-48
23 9 4 5 10 4.50059e-48
23 10 9 4 5 6.18724e-48
23 4 11 7 7 1.23695e-47
23 7 4 11 7 6.35392e-48
23 7 7 4 11 7.22068e-48
23 11 7 7 4 3.57956e-48
24 5 4 8 12 1
25 7 9 7 9 1.41493e-49
25 9 7 9 7 2.4751e-50
25 4 5 4 5 4.70829e-48
25 5 4 5 4 0.144488
25 5 8 6 9 9.22392e-48
25 6 9 5 8 3.83625e-48
25 8 6 9 5 1.37887e-48
25 9 5 8 6 7.81398e-49
25 5 7 6 12 4.98556e-48
25 6 12 5 7 1.69965e-48
25 7 6 12 5 3.31754e-48
25 12 5 7 6 1.4494e-48
25 4 7 9 6 1.3512e-48
25 6 4 7 9 4.06827e-48
25 7 9 6 4 0.0653607
25 9 6 4 7 2.73641e-48
25 5 9 6 8 7.69896e-48
25 6 8 5 9 5.44362e-48
25 8 5 9 6 4.74306e-49
25 9 6 8 5 2.69052e-48
25 9 10 11 12 1.06898e-49
25 10 11 12 9 1.72998e-50
25 11 12 9 10 9.19002e-51
25 12 9 10 11 4.26876e-50
25 8 9 11 10 4.65816e-50
25 9 11 10 8 2.22447e-50
25 10 8 9 11 3.00962e-50
25 11 10 8 9 9.01572e-50
25 5 5 10 9 8.92483e-49
25 5 10 9 5 5.89583e-48
25 9 5 5 10 9.69596e-49
25 10 9 5 5 2.59062e-48
25 7 9 9 11 3.49709e-48
25 9 9 11 7 3.76453e-48
25 9 11 7 9 2.85591e-48
25 11 7 9 9 9.79e-49
25 4 4 6 6 6.93742e-48
25 4 6 6 4 0.0558253
25 6 4 4 6 3.52754e-48
25 6 6 4 4 0.0283861
25 7 7 10 9 1.30429e-48
25 7 10 9 7 5.11282e-48
25 9 7 7 10 1.52165e-48
25 10 9 7 7 2.41251e-48
25 7 8 9 12 5.68994e-48
25 8 9 12 7 2.81596e-48
25 9 12 7 8 1.55275e-48
25 12 7 8 9 2.58802e-48
25 6 8 7 12 9.19659e-48
25 7 12 6 8 3.48852e-48
25 8 7 12 6 1.32146e-48
25 12 6 8 7 4.97682e-48
25 5 11 9 6 2.42387e-48
25 6 5 11 9 1.31028e-48
25 9 6 5 11 3.62816e-48
25 11 9 6 5 5.80407e-48
25 5 10 8 10 8.93086e-48
25 8 10 5 10 5.73041e-48
25 10 5 10 8 3.84516e-49
25 10 8 10 5 1.8442e-48
25 6 10 8 12 1.2364e-47
25 8 12 6 10 2.21564e-48
25 10 8 12 6 2.88826e-48
25 12 6 10 8 3.1078e-48
25 6 6 6 9 4.47966e-48
25 6 6 9 6 1.65321e-48
25 6 9 6 6 5.20825e-48
25 9 6 6 6 3.5072e-48
25 7 11 11 9 5.20463e-48
25 9 7 11 11 2.47735e-48
25 11 9 7 11 5.52125e-48
25 11 11 9 7 2.02907e-48
25 4 8 12 5 8.72998e-50
25 5 4 8 12 1.02186e-49
25 8 12 5 4 0.000176678
25 12 5 4 8 2.19688e-50
25 4 4 7 10 6.74343e-48
25 4 7 10 4 0.0170157
25 7 10 4 4 0.104764
25 10 4 4 7 2.93742e-48
25 4 8 6 9 9.39744e-48
25 6 9 4 8 3.66481e-48
25 8 6 9 4 0.0120181
25 9 4 8 6 2.67773e-48
25 4 4 4 11 7.76936e-48
25 4 4 11 4 0.0634104
25 4 11 4 4 0.0480505
25 11 4 4 4 0.0388277
25 5 6 9 10 2.41955e-48
25 6 9 10 5 2.49817e-48
25 9 10 5 6 6.15439e-48
25 10 5 6 9 9.88279e-49
25 6 6 11 10 3.55253e-48
25 6 11 10 6 1.84463e-48
25 10 6 6 11 3.49261e-48
25 11 10 6 6 9.45889e-48
25 5 6 8 7 5.11192e-48
25 6 8 7 5 6.97165e-48
25 7 5 6 8 2.49614e-48
25 8 7 5 6 1.74711e-48
25 5 6 6 8 6.76444e-48
25 6 6 8 5 3.51049e-48
25 6 8 5 6 5.56075e-48
25 8 5 6 6 1.31287e-48
25 5 6 7 8 6.00192e-48
25 6 7 8 5 2.49927e-48
25 7 8 5 6 8.47264e-48
25 8 5 6 7 1.75479e-48
25 4 8 9 6 4.06624e-48
25 6 4 8 9 4.01008e-48
25 8 9 6 4 0.0443917
25 9 6 4 8 2.89349e-48
25 4 12 6 10 3.89567e-48
25 6 10 4 12 1.30794e-47
25 10 4 12 6 2.18692e-48
25 12 6 10 4 0.0287051
25 4 5 12 12 1.80362e-48
25 5 12 12 4 0.0163472
25 12 4 5 12 7.80874e-48
25 12 12 4 5 2.30628e-48
25 5 11 6 12 9.16769e-48
25 6 12 5 11 2.16606e-48
25 11 6 12 5 2.58349e-48
25 12 5 11 6 1.60952e-48
25 6 6 11 9 3.77975e-48
25 6 11 9 6 1.8534e-48
25 9 6 6 11 5.11591e-48
25 11 9 6 6 5.29196e-48
25 4 10 12 7 8.18803e-48
25 7 4 10 12 3.96724e-48
25 10 12 7 4 0.00905899
25 12 7 4 10 2.38076e-48
25 4 7 7 8 3.20523e-48
25 7 7 8 4 0.0244366
25 7 8 4 7 7.96518e-48
25 8 4 7 7 3.92831e-48
25 4 6 10 6 2.20803e-48
25 6 4 6 10 5.03755e-48
25 6 10 6 4 0.0896289
25 10 6 4 6 1.6338e-48
25 4 7 8 9 2.82531e-48
25 7 8 9 4 0.0392195
25 8 9 4 7 3.71034e-48
25 9 4 7 8 3.97188e-48
25 5 6 9 11 2.93488e-48
25 6 9 11 5 4.48524e-48
25 9 11 5 6 2.59493e-48
25 11 5 6 9 1.46836e-48
25 4 8 9 9 4.26038e-48
25 8 9 9 4 0.0171649
25 9 4 8 9 3.28945e-48
25 9 9 4 8 3.52471e-48
25 5 8 10 10 4.58158e-48
25 8 10 10 5 4.10333e-48
25 10 5 8 10 7.214e-49
25 10 10 5 8 5.2732e-48
25 6 10 12 7 5.76575e-48
25 7 6 10 12 3.13331e-48
25 10 12 7 6 8.89121e-49
25 12 7 6 10 3.29699e-48
25 5 12 11 7 3.10584e-48
25 7 5 12 11 1.79635e-48
25 11 7 5 12 3.22618e-48
25 12 11 7 5 6.0377e-48
25 6 7 10 12 1.7381e-48
25 7 10 12 6 7.80277e-48
25 10 12 6 7 1.59007e-48
25 12 6 7 10 4.87797e-48
25 6 12 8 7 1.7228e-48
25 7 6 12 8 3.51382e-48
25 8 7 6 12 3.24252e-48
25 12 8 7 6 7.36282e-48
25 5 8 6 6 9.86049e-48
25 6 5 8 6 1.06694e-48
25 6 6 5 8 3.52731e-48
25 8 6 6 5 3.99416e-48
25 4 11 10 8 3.46871e-48
25 8 4 11 10 4.36101e-48
25 10 8 4 11 5.06245e-48
25 11 10 8 4 0.0789683
25 4 5 7 5 2.99786e-50
25 5 4 5 7 9.82208e-50
25 5 7 5 4 0.000420999
25 7 5 4 5 2.61766e-50
25 4 5 10 9 9.22205e-49
25 5 10 9 4 0.0521184
25 9 4 5 10 3.36992e-48
25 10 9 4 5 2.51005e-48
25 4 11 7 7 6.12565e-48
25 7 4 11 7 7.05857e-48
25 7 7 4 11 3.70697e-48
25 11 7 7 4 0.0212165
26 3 0 2 4 0.129342
26 1 0 2 9 0.0595958
26 2 0 1 8 0.0103542
26 1 0 2 8 0.0084291
26 1 0 1 10 0.0678115
26 1 0 1 4 0.0630035
26 2 0 2 10 0.122204
26 2 0 2 11 0.048048
26 1 0 2 6 0.0222887
26 3 0 2 10 0.0687655
26 3 0 3 12 0.0255848
26 1 0 3 6 0.021792
26 2 0 1 6 0.057253
26 3 0 2 5 4.09667e-45
26 2 0 3 7 0.0630934
26 3 0 3 10 0.0666987
26 2 0 3 9 0.0311694
26 3 0 3 9 0.0361551
26 2 0 2 6 0.0235999
26 2 0 3 8 0.00845613
26 3 0 1 8 0.0119812
26 2 0 3 4 0.0543735
27 2 4 3 0 0.0667993
27 2 9 1 0 0.071085
27 1 8 2 0 0.0405796
27 2 8 1 0 0.0337891
27 1 10 1 0 0.0625696
27 1 4 1 0 0.0478668
27 2 10 2 0 0.0864937
27 2 11 2 0 0.0537402
27 2 6 1 0 0.037124
27 2 10 3 0 0.0431312
27 3 12 3 0 0.0268839
27 3 6 1 0 0.0289736
27 1 6 2 0 0.0932316
27 2 5 3 0 0.035575
27 3 7 2 0 0.0622646
27 3 10 3 0 0.0333944
27 3 9 2 0 0.0257005
27 3 9 3 0 0.0264183
27 2 6 2 0 0.0340407
27 3 8 2 0 0.0234325
27 1 8 3 0 0.0416115
27 3 4 2 0 0.0252948
28 7 9 7 9 4.89769e-05
28 9 7 9 7 1.75042e-05
28 4 5 4 5 0.00170053
28 5 4 5 4 0.0174072
28 5 8 6 9 0.00150163
28 6 9 5 8 0.0124244
28 8 6 9 5 0.00192812
28 9 5 8 6 0.00166795
28 5 7 6 12 0.00125208
28 6 12 5 7 0.00777749
28 7 6 12 5 0.000654074
28 12 5 7 6 0.0113018
28 4 7 9 6 0.00181901
28 6 4 7 9 0.0157321
28 7 9 6 4 0.00193805
28 9 6 4 7 0.000617691
28 5 9 6 8 0.00480311
28 6 8 5 9 0.00460058
28 8 5 9 6 0.0081822
28 9 6 8 5 0.000465526
28 9 10 11 12 3.76921e-06
28 10 11 12 9 8.2072e-05
28 11 12 9 10 0.000280873
28 12 9 10 11 5.02064e-05
28 8 9 11 10 8.37242e-05
28 9 11 10 8 2.61435e-05
28 10 8 9 11 3.34072e-05
28 11 10 8 9 0.000106221
28 5 5 10 9 0.00390457
28 5 10 9 5 0.00111514
28 9 5 5 10 0.00494914
28 10 9 5 5 0.00174696
28 7 9 9 11 0.00146485
28 9 9 11 7 0.0003153
28 9 11 7 9 0.00185429
28 11 7 9 9 0.00772173
28 4 4 6 6 0.00287166
28 4 6 6 4 0.00271383
28 6 4 4 6 0.0103288
28 6 6 4 4 0.00976111
28 7 7 10 9 0.00151738
28 7 10 9 7 0.000895311
28 9 7 7 10 0.00318533
28 10 9 7 7 0.00232291
28 7 8 9 12 0.000272333
28 8 9 12 7 0.00218701
28 9 12 7 8 0.00455657
28 12 7 8 9 0.0080369
28 6 8 7 12 0.00158498
28 7 12 6 8 0.00684655
28 8 7 12 6 0.00683241
28 12 6 8 7 0.00428368
28 5 11 9 6 0.00376853
28 6 5 11 9 0.00913571
28 9 6 5 11 0.0020414
28 11 9 6 5 0.00200091
28 5 10 8 10 0.00680887
28 8 10 5 10 0.0153957
28 10 5 10 8 0.0104189
28 10 8 10 5 0.000552531
28 6 10 8 12 0.00389631
28 8 12 6 10 0.0295718
28 10 8 12 6 0.00307701
28 12 6 10 8 0.0138698
28 6 6 6 9 0.0139635
28 6 6 9 6 0.0112529
28 6 9 6 6 0.00848643
28 9 6 6 6 0.00200516
28 7 11 11 9 0.00156987
28 9 7 11 11 0.000989352
28 11 9 7 11 0.00675013
28 11 11 9 7 0.00382802
28 4 8 12 5 2.96362e-06
28 5 4 8 12 2.03419e-05
28 8 12 5 4 0.000181024
28 12 5 4 8 0.000191044
28 4 4 7 10 0.00727931
28 4 7 10 4 0.00191248
28 7 10 4 4 0.00233896
28 10 4 4 7 0.00393248
28 4 8 6 9 0.000814207
28 6 9 4 8 0.00860718
28 8 6 9 4 0.00725778
28 9 4 8 6 0.00170378
28 4 4 4 11 0.00229518
28 4 4 11 4 0.00205532
28 4 11 4 4 0.00200861
28 11 4 4 4 0.0103882
28 5 6 9 10 0.00879552
28 6 9 10 5 0.00174966
28 9 10 5 6 0.00194453
28 10 5 6 9 0.0114466
28 6 6 11 10 0.0152427
28 6 11 10 6 0.0080249
28 10 6 6 11 0.00883647
28 11 10 6 6 0.00944005
28 5 6 8 7 0.00190291
28 6 8 7 5 0.00142073
28 7 5 6 8 0.00574611
28 8 7 5 6 0.00812088
28 5 6 6 8 0.00792867
28 6 6 8 5 0.00325236
28 6 8 5 6 0.00461553
28 8 5 6 6 0.0101861
28 5 6 7 8 0.00909215
28 6 7 8 5 0.00325105
28 7 8 5 6 0.00113523
28 8 5 6 7 0.00539474
28 4 8 9 6 0.000769318
28 6 4 8 9 0.0139111
28 8 9 6 4 0.00641749
28 9 6 4 8 0.00238443
28 4 12 6 10 0.00930618
28 6 10 4 12 0.00354231
28 10 4 12 6 0.0113337
28 12 6 10 4 0.00998348
28 4 5 12 12 0.000845054
28 5 12 12 4 0.00626566
28 12 4 5 12 0.00425966
28 12 12 4 5 0.00308542
28 5 11 6 12 0.00141515
28 6 12 5 11 0.0179161
28 11 6 12 5 0.00255753
28 12 5 11 6 0.00674519
28 6 6 11 9 0.00818384
28 6 11 9 6 0.010887
28 9 6 6 11 0.0020949
28 11 9 6 6 0.00698925
28 4 10 12 7 0.000860068
28 7 4 10 12 0.000684099
28 10 12 7 4 0.0128001
28 12 7 4 10 0.0125913
28 4 7 7 8 0.0036282
28 7 7 8 4 0.00221607
28 7 8 4 7 0.000306663
28 8 4 7 7 0.00465262
28 4 6 10 6 0.00156796
28 6 4 6 10 0.0298689
28 6 10 6 4 0.0124405
28 10 6 4 6 0.00575067
28 4 7 8 9 0.00201945
28 7 8 9 4 0.000958582
28 8 9 4 7 0.00187863
28 9 4 7 8 0.00407517
28 5 6 9 11 0.00378708
28 6 9 11 5 0.00132509
28 9 11 5 6 0.00175921
28 11 5 6 9 0.0119466
28 4 8 9 9 0.000820726
28 8 9 9 4 0.00551732
28 9 4 8 9 0.00213112
28 9 9 4 8 0.001546
28 5 8 10 10 0.00243393
28 8 10 10 5 0.00170915
28 10 5 8 10 0.0191973
28 10 10 5 8 0.0148911
28 6 10 12 7 0.0042994
28 7 6 10 12 0.000562875
28 10 12 7 6 0.0111443
28 12 7 6 10 0.0174996
28 5 12 11 7 0.00190165
28 7 5 12 11 0.00312937
28 11 7 5 12 0.00340929
28 12 11 7 5 0.00329329
28 6 7 10 12 0.00271571
28 7 10 12 6 0.00237038
28 10 12 6 7 0.00611026
28 12 6 7 10 0.0238331
28 6 12 8 7 0.006652
28 7 6 12 8 0.0038392
28 8 7 6 12 0.0024214
28 12 8 7 6 0.00351799
28 5 8 6 6 0.00157656
28 6 5 8 6 0.0121948
28 6 6 5 8 0.0214629
28 8 6 6 5 0.00251195
28 4 11 10 8 0.00307491
28 8 4 11 10 0.0141359
28 10 8 4 11 0.00251831
28 11 10 8 4 0.0103006
28 4 5 7 5 1.40442e-05
28 5 4 5 7 4.15931e-05
28 5 7 5 4 7.41881e-05
28 7 5 4 5 1.08346e-05
28 4 5 10 9 0.00214723
28 5 10 9 4 0.00425728
28 9 4 5 10 0.00512738
28 10 9 4 5 0.00122745
28 4 11 7 7 0.00116744
28 7 4 11 7 0.000921578
28 7 7 4 11 0.00183562
28 11 7 7 4 0.0107694
29 7 9 7 9 1.39843e-49
29 9 7 9 7 8.49382e-50
29 4 5 4 5 0.139091
29 5 4 5 4 1.28041e-47
29 5 8 6 9 3.23687e-48
29 6 9 5 8 3.44429e-48
29 8 6 9 5 4.85206e-48
29 9 5 8 6 1.90274e-48
29 5 7 6 12 7.35087e-48
29 6 12 5 7 3.19789e-48
29 7 6 12 5 1.486e-47
29 12 5 7 6 6.14507e-48
29 4 7 9 6 0.0402158
29 6 4 7 9 3.64477e-48
29 7 9 6 4 1.1135e-47
29 9 6 4 7 7.54086e-48
29 5 9 6 8 8.47203e-48
29 6 8 5 9 1.5586e-48
29 8 5 9 6 4.97878e-48
29 9 6 8 5 2.19624e-48
29 9 10 11 12 3.48586e-50
29 10 11 12 9 3.96624e-50
29 11 12 9 10 4.22788e-50
29 12 9 10 11 3.68394e-50
29 8 9 11 10 4.27063e-50
29 9 11 10 8 1.03125e-50
29 10 8 9 11 1.64732e-50
29 11 10 8 9 2.27517e-50
29 5 5 10 9 2.2695e-48
29 5 10 9 5 3.74592e-48
29 9 5 5 10 2.21619e-48
29 10 9 5 5 5.19262e-48
29 7 9 9 11 3.55604e-48
29 9 9 11 7 4.125e-48
29 9 11 7 9 1.16501e-48
29 11 7 9 9 3.51071e-48
29 4 4 6 6 0.102428
29 4 6 6 4 0.0807754
29 6 4 4 6 8.99825e-48
29 6 6 4 4 7.0961e-48
29 7 7 10 9 1.87255e-48
29 7 10 9 7 3.4188e-48
29 9 7 7 10 1.98359e-48
29 10 9 7 7 5.14093e-48
29 7 8 9 12 3.26081e-48
29 8 9 12 7 1.90258e-47
29 9 12 7 8 3.08677e-48
29 12 7 8 9 1.82209e-48
29 6 8 7 12 2.91659e-48
29 7 12 6 8 6.58769e-48
29 8 7 12 6 1.48375e-47
29 12 6 8 7 3.63639e-48
29 5 11 9 6 2.22099e-48
29 6 5 11 9 2.08394e-48
29 9 6 5 11 2.56289e-48
29 11 9 6 5 1.38806e-47
29 5 10 8 10 1.10809e-48
29 8 10 5 10 2.14462e-48
29 10 5 10 8 1.72637e-48
29 10 8 10 5 1.41557e-48
29 6 10 8 12 2.27826e-48
29 8 12 6 10 6.51089e-48
29 10 8 12 6 1.04175e-47
29 12 6 10 8 4.69563e-48
29 6 6 6 9 7.24917e-48
29 6 6 9 6 6.61721e-48
29 6 9 6 6 1.34786e-47
29 9 6 6 6 1.20392e-47
29 7 11 11 9 1.03227e-48
29 9 7 11 11 1.3567e-48
29 11 9 7 11 4.46032e-48
29 11 11 9 7 2.06128e-48
29 4 8 12 5 0.000826957
29 5 4 8 12 4.11226e-50
29 8 12 5 4 5.26041e-50
29 12 5 4 8 8.09637e-50
29 4 4 7 10 0.0364809
29 4 7 10 4 0.0248999
29 7 10 4 4 6.75537e-48
29 10 4 4 7 8.53352e-48
29 4 8 6 9 0.0282123
29 6 9 4 8 5.96063e-48
29 8 6 9 4 4.93013e-48
29 9 4 8 6 2.60017e-48
29 4 4 4 11 0.0427622
29 4 4 11 4 0.0359596
29 4 11 4 4 0.0235245
29 11 4 4 4 1.06701e-47
29 5 6 9 10 4.11604e-48
29 6 9 10 5 4.06091e-48
29 9 10 5 6 4.25051e-48
29 10 5 6 9 5.4001e-48
29 6 6 11 10 2.47653e-48
29 6 11 10 6 1.3205e-48
29 10 6 6 11 4.96396e-48
29 11 10 6 6 1.07309e-47
29 5 6 8 7 2.75663e-48
29 6 8 7 5 2.25478e-48
29 7 5 6 8 5.72939e-48
29 8 7 5 6 4.5477e-48
29 5 6 6 8 7.7301e-48
29 6 6 8 5 2.2435e-48
29 6 8 5 6 2.64416e-48
29 8 5 6 6 9.25315e-48
29 5 6 7 8 4.95892e-48
29 6 7 8 5 1.65542e-48
29 7 8 5 6 3.5342e-48
29 8 5 6 7 8.01004e-48
29 4 8 9 6 0.0301944
29 6 4 8 9 1.83567e-48
29 8 9 6 4 1.17741e-47
29 9 6 4 8 6.2423e-48
29 4 12 6 10 0.0601379
29 6 10 4 12 8.08663e-48
29 10 4 12 6 2.33583e-47
29 12 6 10 4 6.41914e-48
29 4 5 12 12 0.124408
29 5 12 12 4 1.2892e-47
29 12 4 5 12 7.88644e-48
29 12 12 4 5 8.8778e-48
29 5 11 6 12 3.5601e-48
29 6 12 5 11 1.89246e-48
29 11 6 12 5 1.89378e-47
29 12 5 11 6 4.83087e-48
29 6 6 11 9 3.13068e-48
29 6 11 9 6 2.02502e-48
29 9 6 6 11 5.28145e-48
29 11 9 6 6 1.96611e-47
29 4 10 12 7 0.0887411
29 7 4 10 12 4.41121e-48
29 10 12 7 4 3.66952e-48
29 12 7 4 10 4.73352e-48
29 4 7 7 8 0.0234807
29 7 7 8 4 1.65528e-48
29 7 8 4 7 3.89814e-48
29 8 4 7 7 5.16997e-48
29 4 6 10 6 0.0415447
29 6 4 6 10 5.2537e-48
29 6 10 6 4 5.31505e-48
29 10 6 4 6 9.57072e-48
29 4 7 8 9 0.0125593
29 7 8 9 4 2.67214e-48
29 8 9 4 7 1.05279e-47
29 9 4 7 8 3.82715e-48
29 5 6 9 11 2.96284e-48
29 6 9 11 5 3.82432e-48
29 9 11 5 6 1.66375e-48
29 11 5 6 9 6.55026e-48
29 4 8 9 9 0.0190491
29 8 9 9 4 6.78053e-48
29 9 4 8 9 1.92331e-48
29 9 9 4 8 7.32232e-48
29 5 8 10 10 1.32044e-48
29 8 10 10 5 2.78172e-48
29 10 5 8 10 1.22561e-48
29 10 10 5 8 2.54217e-48
29 6 10 12 7 8.70976e-48
29 7 6 10 12 4.54987e-48
29 10 12 7 6 4.79941e-48
29 12 7 6 10 5.2884e-48
29 5 12 11 7 3.6659e-48
29 7 5 12 11 7.21854e-48
29 11 7 5 12 5.57172e-48
29 12 11 7 5 2.3424e-48
29 6 7 10 12 2.98187e-48
29 7 10 12 6 1.59652e-47
29 10 12 6 7 7.68848e-48
29 12 6 7 10 5.45827e-48
29 6 12 8 7 1.75005e-48
29 7 6 12 8 1.23972e-47
29 8 7 6 12 7.78578e-48
29 12 8 7 6 4.20367e-48
29 5 8 6 6 5.74667e-48
29 6 5 8 6 2.03405e-48
29 6 6 5 8 3.28877e-48
29 8 6 6 5 9.43692e-48
29 4 11 10 8 0.0090327
29 8 4 11 10 3.17934e-48
29 10 8 4 11 2.30617e-48
29 11 10 8 4 2.48357e-48
29 4 5 7 5 0.000516571
29 5 4 5 7 7.51208e-50
29 5 7 5 4 5.04962e-50
29 7 5 4 5 9.45521e-50
29 4 5 10 9 0.0200621
29 5 10 9 4 3.86033e-48
29 9 4 5 10 3.07159e-48
29 10 9 4 5 9.1141e-48
29 4 11 7 7 0.0150972
29 7 4 11 7 4.22409e-48
29 7 7 4 11 3.37658e-48
29 11 7 7 4 4.60304e-48
30 7 9 7 9 7.7835e-48
30 9 7 9 7 7.62231e-05
30 4 5 4 5 1.18152e-44
30 5 4 5 4 0.00236688
30 5 8 6 9 8.20153e-46
30 6 9 5 8 0.000951574
30 8 6 9 5 0.0227886
30 9 5 8 6 0.00301642
30 5 7 6 12 0.00341539
30 6 12 5 7 0.000716816
30 7 6 12 5 8.85619e-05
30 12 5 7 6 0.00420382
30 4 7 9 6 0.00705919
30 6 4 7 9 2.02556e-46
30 7 9 6 4 0.00652133
30 9 6 4 7 4.6994e-46
30 5 9 6 8 0.0027694
30 6 8 5 9 3.33771e-46
30 8 5 9 6 0.00461082
30 9 6 8 5 0.0176574
30 9 10 11 12 5.24273e-05
30 10 11 12 9 1.84078e-50
30 11 12 9 10 1.85658e-05
30 12 9 10 11 0.000186342
30 8 9 11 10 0.000161854
30 9 11 10 8 2.12906e-05
30 10 8 9 11 0.000172688
30 11 10 8 9 1.71742e-47
30 5 5 10 9 3.11766e-46
30 5 10 9 5 0.00444566
30 9 5 5 10 0.000704833
30 10 9 5 5 0.0037641
30 7 9 9 11 0.00402076
30 9 9 11 7 0.00448518
30 9 11 7 9 9.66148e-47
30 11 7 9 9 6.0499e-46
30 4 4 6 6 0.00777576
30 4 6 6 4 0.0252201
30 6 4 4 6 2.05435e-46
30 6 6 4 4 6.66315e-46
30 7 7 10 9 7.86453e-46
30 7 10 9 7 0.00314626
30 9 7 7 10 0.00164053
30 10 9 7 7 0.00245796
30 7 8 9 12 0.00698957
30 8 9 12 7 6.36641e-05
30 9 12 7 8 0.00135681
30 12 7 8 9 3.88666e-45
30 6 8 7 12 0.00496521
30 7 12 6 8 0.00484878
30 8 7 12 6 6.67396e-05
30 12 6 8 7 0.0317773
30 5 11 9 6 0.00044611
30 6 5 11 9 7.50491e-46
30 9 6 5 11 0.00194999
30 11 9 6 5 0.0160936
30 5 10 8 10 0.00305279
30 8 10 5 10 0.00267728
30 10 5 10 8 0.00565372
30 10 8 10 5 0.0335682
30 6 10 8 12 0.00686265
30 8 12 6 10 0.00817563
30 10 8 12 6 5.59995e-05
30 12 6 10 8 0.0214195
30 6 6 6 9 6.53162e-46
30 6 6 9 6 0.00171883
30 6 9 6 6 0.00223702
30 9 6 6 6 0.00287003
30 7 11 11 9 4.88784e-46
30 9 7 11 11 0.0122443
30 11 9 7 11 0.00470681
30 11 11 9 7 0.00184002
30 4 8 12 5 6.98733e-06
30 5 4 8 12 4.24314e-05
30 8 12 5 4 4.48899e-05
30 12 5 4 8 2.30078e-47
30 4 4 7 10 0.00534341
30 4 7 10 4 0.0297301
30 7 10 4 4 9.71666e-46
30 10 4 4 7 6.40499e-46
30 4 8 6 9 4.39284e-45
30 6 9 4 8 3.60097e-46
30 8 6 9 4 0.011276
30 9 4 8 6 0.00247522
30 4 4 4 11 2.26559e-45
30 4 4 11 4 0.026947
30 4 11 4 4 1.04968e-45
30 11 4 4 4 8.28733e-46
30 5 6 9 10 0.00143971
30 6 9 10 5 0.00852121
30 9 10 5 6 0.000658199
30 10 5 6 9 8.10697e-46
30 6 6 11 10 0.0053357
30 6 11 10 6 0.00101901
30 10 6 6 11 0.0125026
30 11 10 6 6 0.00454764
30 5 6 8 7 0.00634794
30 6 8 7 5 0.015499
30 7 5 6 8 0.00756574
30 8 7 5 6 0.00368916
30 5 6 6 8 0.00436912
30 6 6 8 5 0.0217129
30 6 8 5 6 0.00180346
30 8 5 6 6 0.00946723
30 5 6 7 8 0.00245602
30 6 7 8 5 0.0288082
30 7 8 5 6 0.00293821
30 8 5 6 7 0.018955
30 4 8 9 6 0.0135537
30 6 4 8 9 6.60465e-46
30 8 9 6 4 0.0172065
30 9 6 4 8 5.41674e-46
30 4 12 6 10 0.00933084
30 6 10 4 12 4.85305e-46
30 10 4 12 6 1.92211e-05
30 12 6 10 4 0.0263217
30 4 5 12 12 6.63675e-05
30 5 12 12 4 1.22657e-05
30 12 4 5 12 0.00281356
30 12 12 4 5 2.59572e-45
30 5 11 6 12 0.00116316
30 6 12 5 11 0.00113249
30 11 6 12 5 0.000108809
30 12 5 11 6 0.0128596
30 6 6 11 9 9.61819e-46
30 6 11 9 6 0.000665087
30 9 6 6 11 0.00777433
30 11 9 6 6 0.00383454
30 4 10 12 7 7.97282e-05
30 7 4 10 12 0.00340087
30 10 12 7 4 0.00248089
30 12 7 4 10 1.41073e-45
30 4 7 7 8 0.0128502
30 7 7 8 4 0.0170987
30 7 8 4 7 1.63904e-45
30 8 4 7 7 0.00643743
30 4 6 10 6 0.00952905
30 6 4 6 10 0.00233667
30 6 10 6 4 0.00554912
30 10 6 4 6 4.4124e-46
30 4 7 8 9 4.33826e-45
30 7 8 9 4 0.0112624
30 8 9 4 7 1.38928e-45
30 9 4 7 8 0.00181232
30 5 6 9 11 0.00290625
30 6 9 11 5 0.0128659
30 9 11 5 6 0.000259216
30 11 5 6 9 8.12977e-46
30 4 8 9 9 2.68475e-45
30 8 9 9 4 0.00896913
30 9 4 8 9 5.74858e-46
30 9 9 4 8 3.67478e-46
30 5 8 10 10 0.00498994
30 8 10 10 5 0.038577
30 10 5 8 10 0.00732014
30 10 10 5 8 0.00216926
30 6 10 12 7 2.08213e-05
30 7 6 10 12 0.0049834
30 10 12 7 6 0.00112083
30 12 7 6 10 0.0139447
30 5 12 11 7 0.00331514
30 7 5 12 11 5.23797e-05
30 11 7 5 12 0.00257109
30 12 11 7 5 0.0102755
30 6 7 10 12 0.00481788
30 7 10 12 6 2.01139e-05
30 10 12 6 7 0.00473926
30 12 6 7 10 0.00701387
30 6 12 8 7 0.00430546
30 7 6 12 8 4.00258e-05
30 8 7 6 12 0.0179907
30 12 8 7 6 0.0112805
30 5 8 6 6 0.00463755
30 6 5 8 6 0.00388168
30 6 6 5 8 0.00157104
30 8 6 6 5 0.0489665
30 4 11 10 8 0.00843665
30 8 4 11 10 0.014665
30 10 8 4 11 3.01877e-45
30 11 10 8 4 0.0172858
30 4 5 7 5 0.000340198
30 5 4 5 7 1.10942e-05
30 5 7 5 4 2.3845e-05
30 7 5 4 5 2.60498e-47
30 4 5 10 9 1.69361e-45
30 5 10 9 4 0.00223105
30 9 4 5 10 0.0005866
30 10 9 4 5 1.44468e-45
30 4 11 7 7 0.00417254
30 7 4 11 7 0.00820213
30 7 7 4 11 1.48218e-45
30 11 7 7 4 0.00708046
31 7 9 7 9 0.00105248
31 9 7 9 7 9.70137e-50
31 4 5 4 5 4.58761e-48
31 5 4 5 4 1.87431e-47
31 5 8 6 9 3.72597e-48
31 6 9 5 8 1.31597e-48
31 8 6 9 5 3.54057e-48
31 9 5 8 6 7.28514e-48
31 5 7 6 12 3.08153e-48
31 6 12 5 7 9.20199e-48
31 7 6 12 5 4.34451e-48
31 12 5 7 6 0.0798144
31 4 7 9 6 2.91455e-48
31 6 4 7 9 0.0510319
31 7 9 6 4 3.3366e-48
31 9 6 4 7 5.19552e-48
31 5 9 6 8 1.66392e-48
31 6 8 5 9 3.4902e-48
31 8 5 9 6 8.36016e-48
31 9 6 8 5 3.65421e-48
31 9 10 11 12 7.29056e-50
31 10 11 12 9 5.27994e-50
31 11 12 9 10 5.70081e-50
31 12 9 10 11 4.7569e-50
31 8 9 11 10 6.06881e-50
31 9 11 10 8 2.73671e-50
31 10 8 9 11 3.69813e-50
31 11 10 8 9 4.23517e-50
31 5 5 10 9 3.94806e-48
31 5 10 9 5 3.37954e-48
31 9 5 5 10 3.2235e-48
31 10 9 5 5 2.50671e-48
31 7 9 9 11 3.49041e-48
31 9 9 11 7 6.39112e-48
31 9 11 7 9 0.0477231
31 11 7 9 9 2.07104e-48
31 4 4 6 6 6.1002e-48
31 4 6 6 4 1.88932e-48
31 6 4 4 6 9.37564e-48
31 6 6 4 4 2.90377e-48
31 7 7 10 9 2.61667e-48
31 7 10 9 7 4.31061e-48
31 9 7 7 10 0.0209364
31 10 9 7 7 0.0313325
31 7 8 9 12 4.81469e-48
31 8 9 12 7 8.4096e-48
31 9 12 7 8 0.0478648
31 12 7 8 9 3.87657e-48
31 6 8 7 12 0.0415976
31 7 12 6 8 4.44524e-48
31 8 7 12 6 1.06182e-47
31 12 6 8 7 6.85718e-48
31 5 11 9 6 8.91976e-48
31 6 5 11 9 4.01907e-48
31 9 6 5 11 4.54794e-48
31 11 9 6 5 2.20746e-48
31 5 10 8 10 3.08645e-48
31 8 10 5 10 3.66292e-48
31 10 5 10 8 1.10947e-48
31 10 8 10 5 2.21899e-48
31 6 10 8 12 4.71934e-48
31 8 12 6 10 9.94156e-48
31 10 8 12 6 9.93839e-48
31 12 6 10 8 2.5579e-48
31 6 6 6 9 3.14142e-48
31 6 6 9 6 6.11606e-48
31 6 9 6 6 5.59371e-48
31 9 6 6 6 7.9974e-48
31 7 11 11 9 6.21525e-48
31 9 7 11 11 4.02245e-48
31 11 9 7 11 0.0283017
31 11 11 9 7 4.03088e-48
31 4 8 12 5 3.5248e-50
31 5 4 8 12 1.12745e-49
31 8 12 5 4 1.6209e-49
31 12 5 4 8 2.71913e-50
31 4 4 7 10 0.0308776
31 4 7 10 4 1.7075e-48
31 7 10 4 4 4.46119e-48
31 10 4 4 7 6.75549e-48
31 4 8 6 9 1.9604e-48
31 6 9 4 8 1.23636e-48
31 8 6 9 4 4.12459e-48
31 9 4 8 6 1.26296e-47
31 4 4 4 11 3.6934e-48
31 4 4 11 4 4.7487e-48
31 4 11 4 4 2.52502e-48
31 11 4 4 4 4.88446e-48
31 5 6 9 10 3.24977e-48
31 6 9 10 5 2.53053e-48
31 9 10 5 6 9.36382e-48
31 10 5 6 9 2.77145e-48
31 6 6 11 10 3.12442e-48
31 6 11 10 6 6.57921e-48
31 10 6 6 11 2.67901e-48
31 11 10 6 6 5.35323e-48
31 5 6 8 7 6.01612e-48
31 6 8 7 5 0.0289852
31 7 5 6 8 1.71817e-48
31 8 7 5 6 8.04935e-48
31 5 6 6 8 1.85845e-48
31 6 6 8 5 2.85471e-48
31 6 8 5 6 6.94133e-48
31 8 5 6 6 8.54006e-48
31 5 6 7 8 0.0230444
31 6 7 8 5 2.35501e-48
31 7 8 5 6 1.02044e-47
31 8 5 6 7 6.24905e-48
31 4 8 9 6 4.47498e-48
31 6 4 8 9 5.81659e-48
31 8 9 6 4 4.42292e-48
31 9 6 4 8 2.0725e-48
31 4 12 6 10 4.67075e-48
31 6 10 4 12 4.69867e-48
31 10 4 12 6 1.62921e-47
31 12 6 10 4 5.63555e-48
31 4 5 12 12 3.39057e-48
31 5 12 12 4 1.35336e-47
31 12 4 5 12 9.65294e-48
31 12 12 4 5 9.43067e-48
31 5 11 6 12 4.99246e-48
31 6 12 5 11 7.61428e-48
31 11 6 12 5 3.36897e-48
31 12 5 11 6 1.09643e-47
31 6 6 11 9 4.58235e-48
31 6 11 9 6 7.00001e-48
31 9 6 6 11 4.14666e-48
31 11 9 6 6 5.4607e-48
31 4 10 12 7 3.58361e-48
31 7 4 10 12 6.86356e-48
31 10 12 7 4 0.0630361
31 12 7 4 10 2.43483e-48
31 4 7 7 8 0.00736426
31 7 7 8 4 2.96942e-48
31 7 8 4 7 5.16497e-48
31 8 4 7 7 0.0989035
31 4 6 10 6 3.88159e-48
31 6 4 6 10 3.2802e-48
31 6 10 6 4 2.60089e-48
31 10 6 4 6 5.36221e-48
31 4 7 8 9 1.8668e-48
31 7 8 9 4 4.07714e-48
31 8 9 4 7 6.24823e-48
31 9 4 7 8 0.033459
31 5 6 9 11 3.76042e-48
31 6 9 11 5 3.0695e-48
31 9 11 5 6 9.34228e-48
31 11 5 6 9 2.50306e-48
31 4 8 9 9 2.40825e-48
31 8 9 9 4 4.6341e-48
31 9 4 8 9 7.96896e-48
31 9 9 4 8 1.986e-48
31 5 8 10 10 3.43556e-48
31 8 10 10 5 4.29286e-48
31 10 5 8 10 2.37164e-48
31 10 10 5 8 1.56808e-48
31 6 10 12 7 5.015e-48
31 7 6 10 12 4.23516e-48
31 10 12 7 6 0.125588
31 12 7 6 10 2.21698e-48
31 5 12 11 7 1.83151e-47
31 7 5 12 11 5.73998e-48
31 11 7 5 12 3.04092e-48
31 12 11 7 5 0.0494473
31 6 7 10 12 2.82141e-48
31 7 10 12 6 1.19611e-47
31 10 12 6 7 8.79825e-48
31 12 6 7 10 0.0395601
31 6 12 8 7 9.74642e-48
31 7 6 12 8 2.57842e-48
31 8 7 6 12 3.87345e-48
31 12 8 7 6 0.0947397
31 5 8 6 6 7.75477e-48
31 6 5 8 6 5.95585e-48
31 6 6 5 8 1.53816e-48
31 8 6 6 5 3.78492e-48
31 4 11 10 8 1.28569e-48
31 8 4 11 10 9.24462e-48
31 10 8 4 11 3.49158e-48
31 11 10 8 4 3.55788e-48
31 4 5 7 5 0.000268401
31 5 4 5 7 1.41593e-49
31 5 7 5 4 4.94402e-50
31 7 5 4 5 4.89068e-50
31 4 5 10 9 2.10679e-48
31 5 10 9 4 3.99299e-48
31 9 4 5 10 5.6678e-48
31 10 9 4 5 2.38857e-48
31 4 11 7 7 0.0328698
31 7 4 11 7 1.1264e-47
31 7 7 4 11 3.05901e-48
31 11 7 7 4 0.0222017
32 7 9 7 9 6.38892e-48
32 9 7 9 7 4.13531e-07
32 4 5 4 5 0.0401884
32 5 4 5 4 0.0505306
32 5 8 6 9 1.48049e-45
32 6 9 5 8 1.95715e-45
32 8 6 9 5 0.00395226
32 9 5 8 6 1.18653e-48
32 5 7 6 12 0.0660339
32 6 12 5 7 0.00538672
32 7 6 12 5 0.00475138
32 12 5 7 6 0.00145941
32 4 7 9 6 0.00412425
32 6 4 7 9 0.00311686
32 7 9 6 4 2.09427e-45
32 9 6 4 7 2.35469e-05
32 5 9 6 8 3.54475e-45
32 6 8 5 9 9.68149e-46
32 8 5 9 6 0.00288465
32 9 6 8 5 1.92544e-48
32 9 10 11 12 4.01603e-07
32 10 11 12 9 3.07504e-91
32 11 12 9 10 3.30842e-48
32 12 9 10 11 5.04525e-48
32 8 9 11 10 9.92865e-91
32 9 11 10 8 2.38546e-50
32 10 8 9 11 1.69269e-90
32 11 10 8 9 5.96838e-48
32 5 5 10 9 0.00459388
32 5 10 9 5 0.00801615
32 9 5 5 10 2.75109e-48
32 10 9 5 5 7.62684e-89
32 7 9 9 11 1.19342e-45
32 9 9 11 7 1.41915e-48
32 9 11 7 9 5.41214e-49
32 11 7 9 9 0.00463293
32 4 4 6 6 0.00634244
32 4 6 6 4 0.0162819
32 6 4 4 6 0.010337
32 6 6 4 4 0.0265364
32 7 7 10 9 0.00422002
32 7 10 9 7 0.00465828
32 9 7 7 10 1.30253e-48
32 10 9 7 7 2.28429e-89
32 7 8 9 12 1.71161e-45
32 8 9 12 7 2.50246e-46
32 9 12 7 8 7.69025e-06
32 12 7 8 9 5.83408e-46
32 6 8 7 12 1.4627e-45
32 7 12 6 8 0.0184499
32 8 7 12 6 0.0031622
32 12 6 8 7 5.31675e-46
32 5 11 9 6 5.67408e-46
32 6 5 11 9 0.010449
32 9 6 5 11 3.96183e-05
32 11 9 6 5 1.17073e-45
32 5 10 8 10 1.40052e-88
32 8 10 5 10 6.98181e-46
32 10 5 10 8 7.67428e-46
32 10 8 10 5 4.21606e-89
32 6 10 8 12 3.02422e-45
32 8 12 6 10 8.28079e-46
32 10 8 12 6 3.15009e-89
32 12 6 10 8 0.00553095
32 6 6 6 9 0.0131768
32 6 6 9 6 0.00461363
32 6 9 6 6 1.0681e-45
32 9 6 6 6 1.71344e-05
32 7 11 11 9 8.41253e-46
32 9 7 11 11 6.65766e-05
32 11 9 7 11 6.12534e-46
32 11 11 9 7 5.00976e-46
32 4 8 12 5 6.02452e-48
32 5 4 8 12 3.73389e-47
32 8 12 5 4 6.87756e-05
32 12 5 4 8 0.000264309
32 4 4 7 10 4.1524e-46
32 4 7 10 4 0.00873546
32 7 10 4 4 0.0244639
32 10 4 4 7 1.19584e-45
32 4 8 6 9 8.32328e-46
32 6 9 4 8 2.98444e-45
32 8 6 9 4 0.00538406
32 9 4 8 6 9.38849e-49
32 4 4 4 11 0.0253418
32 4 4 11 4 0.0115772
32 4 11 4 4 2.07922e-45
32 11 4 4 4 0.0174912
32 5 6 9 10 1.04267e-45
32 6 9 10 5 5.54534e-46
32 9 10 5 6 1.01469e-05
32 10 5 6 9 1.04883e-45
32 6 6 11 10 1.59553e-45
32 6 11 10 6 3.8125e-46
32 10 6 6 11 2.72691e-45
32 11 10 6 6 0.00645004
32 5 6 8 7 1.29332e-45
32 6 8 7 5 7.36443e-46
32 7 5 6 8 0.0432847
32 8 7 5 6 0.00683535
32 5 6 6 8 0.0421358
32 6 6 8 5 1.42671e-45
32 6 8 5 6 9.32842e-46
32 8 5 6 6 0.00793827
32 5 6 7 8 0.0124247
32 6 7 8 5 2.64232e-45
32 7 8 5 6 8.88194e-46
32 8 5 6 7 0.0138676
32 4 8 9 6 3.41687e-46
32 6 4 8 9 8.46519e-46
32 8 9 6 4 1.46143e-45
32 9 6 4 8 5.61336e-05
32 4 12 6 10 9.53429e-46
32 6 10 4 12 0.0470822
32 10 4 12 6 2.61019e-46
32 12 6 10 4 0.00433478
32 4 5 12 12 0.00888196
32 5 12 12 4 0.00461879
32 12 4 5 12 0.0111082
32 12 12 4 5 0.00459421
32 5 11 6 12 5.13887e-45
32 6 12 5 11 0.0139055
32 11 6 12 5 0.00364057
32 12 5 11 6 0.00389502
32 6 6 11 9 0.0088803
32 6 11 9 6 5.69433e-46
32 9 6 6 11 6.61691e-05
32 11 9 6 6 6.67282e-46
32 4 10 12 7 0.00257681
32 7 4 10 12 0.00878546
32 10 12 7 4 2.29811e-46
32 12 7 4 10 1.50987e-45
32 4 7 7 8 0.00952477
32 7 7 8 4 2.52336e-45
32 7 8 4 7 1.74201e-45
32 8 4 7 7 0.00238222
32 4 6 10 6 0.00174283
32 6 4 6 10 2.21999e-45
32 6 10 6 4 0.0248529
32 10 6 4 6 6.49334e-46
32 4 7 8 9 8.32331e-46
32 7 8 9 4 1.22469e-45
32 8 9 4 7 8.60498e-46
32 9 4 7 8 1.48926e-05
32 5 6 9 11 0.0165212
32 6 9 11 5 1.17526e-45
32 9 11 5 6 1.17834e-48
32 11 5 6 9 0.00901396
32 4 8 9 9 3.79546e-46
32 8 9 9 4 5.68391e-46
32 9 4 8 9 1.22274e-48
32 9 9 4 8 5.05428e-48
32 5 8 10 10 9.51184e-89
32 8 10 10 5 0.00316262
32 10 5 8 10 1.34016e-131
32 10 10 5 8 1.54645e-45
32 6 10 12 7 0.00431568
32 7 6 10 12 0.00885347
32 10 12 7 6 9.02129e-47
32 12 7 6 10 1.55157e-45
32 5 12 11 7 0.00709547
32 7 5 12 11 0.0144521
32 11 7 5 12 0.0291127
32 12 11 7 5 3.15431e-46
32 6 7 10 12 0.0204443
32 7 10 12 6 0.00279244
32 10 12 6 7 6.3448e-46
32 12 6 7 10 2.93269e-46
32 6 12 8 7 5.9221e-46
32 7 6 12 8 0.0092699
32 8 7 6 12 0.0361908
32 12 8 7 6 1.56423e-46
32 5 8 6 6 1.49282e-45
32 6 5 8 6 9.20075e-46
32 6 6 5 8 0.024346
32 8 6 6 5 0.0113819
32 4 11 10 8 8.88174e-46
32 8 4 11 10 9.85586e-46
32 10 8 4 11 3.81474e-88
32 11 10 8 4 1.23285e-45
32 4 5 7 5 6.31039e-05
32 5 4 5 7 0.000179563
32 5 7 5 4 0.000488698
32 7 5 4 5 0.000332091
32 4 5 10 9 0.00261941
32 5 10 9 4 0.0110755
32 9 4 5 10 2.20777e-48
32 10 9 4 5 1.17955e-88
32 4 11 7 7 3.41706e-46
32 7 4 11 7 0.0100128
32 7 7 4 11 0.0596505
32 11 7 7 4 0.00782342
33 7 9 7 9 2.25886e-49
33 9 7 9 7 1.52866e-49
33 4 5 4 5 1.22896e-47
33 5 4 5 4 1.41185e-47
33 5 8 6 9 5.0827e-48
33 6 9 5 8 2.64894e-48
33 8 6 9 5 0.0624663
33 9 5 8 6 3.59803e-48
33 5 7 6 12 5.50847e-48
33 6 12 5 7 4.95492e-48
33 7 6 12 5 7.90566e-48
33 12 5 7 6 8.87699e-48
33 4 7 9 6 6.00681e-48
33 6 4 7 9 8.80819e-48
33 7 9 6 4 4.20867e-48
33 9 6 4 7 9.17675e-48
33 5 9 6 8 3.34155e-48
33 6 8 5 9 4.77219e-48
33 8 5 9 6 0.0497529
33 9 6 8 5 5.35045e-48
33 9 10 11 12 5.52742e-50
33 10 11 12 9 6.73064e-50
33 11 12 9 10 7.34362e-50
33 12 9 10 11 8.06246e-50
33 8 9 11 10 0.000550086
33 9 11 10 8 4.73544e-50
33 10 8 9 11 6.18868e-50
33 11 10 8 9 6.91496e-50
33 5 5 10 9 6.60274e-48
33 5 10 9 5 3.954e-48
33 9 5 5 10 3.16833e-48
33 10 9 5 5 3.64059e-48
33 7 9 9 11 5.01746e-48
33 9 9 11 7 5.35113e-48
33 9 11 7 9 6.91587e-48
33 11 7 9 9 8.47089e-48
33 4 4 6 6 5.59456e-48
33 4 6 6 4 6.21918e-48
33 6 4 4 6 6.67476e-48
33 6 6 4 4 7.41998e-48
33 7 7 10 9 7.00819e-48
33 7 10 9 7 4.41492e-48
33 9 7 7 10 5.12412e-48
33 10 9 7 7 6.19392e-48
33 7 8 9 12 6.63296e-48
33 8 9 12 7 0.0607909
33 9 12 7 8 6.0237e-48
33 12 7 8 9 7.71804e-48
33 6 8 7 12 7.95631e-48
33 7 12 6 8 4.69364e-48
33 8 7 12 6 0.0731219
33 12 6 8 7 1.08381e-47
33 5 11 9 6 5.64593e-48
33 6 5 11 9 5.64411e-48
33 9 6 5 11 6.52445e-48
33 11 9 6 5 4.99088e-48
33 5 10 8 10 2.68862e-48
33 8 10 5 10 0.0262544
33 10 5 10 8 3.3591e-48
33 10 8 10 5 4.29308e-48
33 6 10 8 12 4.39204e-48
33 8 12 6 10 0.0513706
33 10 8 12 6 7.35528e-48
33 12 6 10 8 1.10873e-47
33 6 6 6 9 8.07911e-48
33 6 6 9 6 8.64975e-48
33 6 9 6 6 4.56496e-48
33 9 6 6 6 7.70545e-48
33 7 11 11 9 6.59799e-48
33 9 7 11 11 5.53728e-48
33 11 9 7 11 8.43993e-48
33 11 11 9 7 6.80575e-48
33 4 8 12 5 6.68167e-50
33 5 4 8 12 8.25145e-50
33 8 12 5 4 0.000649711
33 12 5 4 8 7.27999e-50
33 4 4 7 10 7.58663e-48
33 4 7 10 4 6.43796e-48
33 7 10 4 4 5.37283e-48
33 10 4 4 7 8.22158e-48
33 4 8 6 9 4.77523e-48
33 6 9 4 8 3.44166e-48
33 8 6 9 4 0.0667212
33 9 4 8 6 4.72381e-48
33 4 4 4 11 6.97466e-48
33 4 4 11 4 6.46411e-48
33 4 11 4 4 5.15645e-48
33 11 4 4 4 8.83305e-48
33 5 6 9 10 7.47929e-48
33 6 9 10 5 4.62549e-48
33 9 10 5 6 4.03486e-48
33 10 5 6 9 4.95943e-48
33 6 6 11 10 6.49797e-48
33 6 11 10 6 5.20674e-48
33 10 6 6 11 6.4808e-48
33 11 10 6 6 5.22407e-48
33 5 6 8 7 8.21599e-48
33 6 8 7 5 5.91235e-48
33 7 5 6 8 3.51911e-48
33 8 7 5 6 0.0558151
33 5 6 6 8 5.76175e-48
33 6 6 8 5 5.46558e-48
33 6 8 5 6 4.64942e-48
33 8 5 6 6 0.045275
33 5 6 7 8 1.01237e-47
33 6 7 8 5 4.27513e-48
33 7 8 5 6 6.21443e-48
33 8 5 6 7 0.0509041
33 4 8 9 6 5.99426e-48
33 6 4 8 9 5.80709e-48
33 8 9 6 4 0.0412855
33 9 6 4 8 6.81131e-48
33 4 12 6 10 5.51311e-48
33 6 10 4 12 6.36526e-48
33 10 4 12 6 9.26708e-48
33 12 6 10 4 1.45247e-47
33 4 5 12 12 6.11634e-48
33 5 12 12 4 6.89185e-48
33 12 4 5 12 8.60627e-48
33 12 12 4 5 8.44129e-48
33 5 11 6 12 4.89423e-48
33 6 12 5 11 4.60519e-48
33 11 6 12 5 1.00751e-47
33 12 5 11 6 7.51386e-48
33 6 6 11 9 1.02895e-47
33 6 11 9 6 5.14777e-48
33 9 6 6 11 6.8953e-48
33 11 9 6 6 6.65886e-48
33 4 10 12 7 4.7356e-48
33 7 4 10 12 7.82065e-48
33 10 12 7 4 6.86222e-48
33 12 7 4 10 6.53562e-48
33 4 7 7 8 5.47748e-48
33 7 7 8 4 4.49365e-48
33 7 8 4 7 6.68374e-48
33 8 4 7 7 0.0864557
33 4 6 10 6 9.07967e-48
33 6 4 6 10 3.70066e-48
33 6 10 6 4 2.88766e-48
33 10 6 4 6 8.96733e-48
33 4 7 8 9 5.73441e-48
33 7 8 9 4 5.4922e-48
33 8 9 4 7 0.0628944
33 9 4 7 8 6.18566e-48
33 5 6 9 11 7.90016e-48
33 6 9 11 5 4.05514e-48
33 9 11 5 6 4.03799e-48
33 11 5 6 9 6.01573e-48
33 4 8 9 9 6.58501e-48
33 8 9 9 4 0.0485578
33 9 4 8 9 6.08435e-48
33 9 9 4 8 4.2279e-48
33 5 8 10 10 5.24363e-48
33 8 10 10 5 0.0422515
33 10 5 8 10 3.22175e-48
33 10 10 5 8 2.81034e-48
33 6 10 12 7 4.31191e-48
33 7 6 10 12 1.01888e-47
33 10 12 7 6 8.04228e-48
33 12 7 6 10 4.98782e-48
33 5 12 11 7 8.59053e-48
33 7 5 12 11 6.08057e-48
33 11 7 5 12 8.14134e-48
33 12 11 7 5 8.47782e-48
33 6 7 10 12 7.07857e-48
33 7 10 12 6 6.08538e-48
33 10 12 6 7 6.10941e-48
33 12 6 7 10 1.33012e-47
33 6 12 8 7 4.98585e-48
33 7 6 12 8 7.23492e-48
33 8 7 6 12 0.0541262
33 12 8 7 6 1.03826e-47
33 5 8 6 6 5.18218e-48
33 6 5 8 6 3.84635e-48
33 6 6 5 8 4.77988e-48
33 8 6 6 5 0.0594872
33 4 11 10 8 4.47095e-48
33 8 4 11 10 0.0612694
33 10 8 4 11 6.21015e-48
33 11 10 8 4 4.83775e-48
33 4 5 7 5 8.53953e-50
33 5 4 5 7 9.64018e-50
33 5 7 5 4 7.4554e-50
33 7 5 4 5 7.75037e-50
33 4 5 10 9 6.29155e-48
33 5 10 9 4 4.2834e-48
33 9 4 5 10 4.21882e-48
33 10 9 4 5 4.79734e-48
33 4 11 7 7 7.20575e-48
33 7 4 11 7 8.19832e-48
33 7 7 4 11 6.8411e-48
33 11 7 7 4 9.54607e-48
34 7 9 7 9 7.31037e-05
34 9 7 9 7 0.000192561
34 4 5 4 5 0.01039
34 5 4 5 4 0.023503
34 5 8 6 9 0.0263914
34 6 9 5 8 1.08599e-45
34 8 6 9 5 0.00554318
34 9 5 8 6 0.00126025
34 5 7 6 12 0.00417122
34 6 12 5 7 0.00463863
34 7 6 12 5 0.0018399
34 12 5 7 6 0.000500639
34 4 7 9 6 0.00393399
34 6 4 7 9 0.0135852
34 7 9 6 4 0.00242757
34 9 6 4 7 0.0109576
34 5 9 6 8 1.74883e-45
34 6 8 5 9 0.0194107
34 8 5 9 6 0.00117407
34 9 6 8 5 0.00704723
34 9 10 11 12 0.000149291
34 10 11 12 9 6.75879e-05
34 11 12 9 10 1.02835e-05
34 12 9 10 11 1.84649e-48
34 8 9 11 10 4.57434e-05
34 9 11 10 8 1.0935e-47
34 10 8 9 11 9.26624e-48
34 11 10 8 9 0.000107663
34 5 5 10 9 0.00207839
34 5 10 9 5 0.0190686
34 9 5 5 10 0.00214521
34 10 9 5 5 0.00582296
34 7 9 9 11 2.02785e-46
34 9 9 11 7 0.0152569
34 9 11 7 9 0.0182732
34 11 7 9 9 0.00331969
34 4 4 6 6 0.0139862
34 4 6 6 4 0.0144023
34 6 4 4 6 0.00491875
34 6 6 4 4 0.00506507
34 7 7 10 9 0.000669824
34 7 10 9 7 0.0037692
34 9 7 7 10 0.00333247
34 10 9 7 7 0.005548
34 7 8 9 12 0.00135957
34 8 9 12 7 0.00889355
34 9 12 7 8 6.25993e-46
34 12 7 8 9 0.00099595
34 6 8 7 12 0.00890955
34 7 12 6 8 1.53822e-46
34 8 7 12 6 0.00266991
34 12 6 8 7 0.00167859
34 5 11 9 6 0.00574713
34 6 5 11 9 0.00383798
34 9 6 5 11 1.5688e-45
34 11 9 6 5 0.0108596
34 5 10 8 10 0.00488875
34 8 10 5 10 0.00710785
34 10 5 10 8 8.02527e-47
34 10 8 10 5 0.00382829
34 6 10 8 12 0.00681637
34 8 12 6 10 0.00260594
34 10 8 12 6 0.00512145
34 12 6 10 8 1.65883e-46
34 6 6 6 9 0.0180768
34 6 6 9 6 0.00480569
34 6 9 6 6 0.0102185
34 9 6 6 6 0.0120775
34 7 11 11 9 0.00277646
34 9 7 11 11 8.77624e-46
34 11 9 7 11 8.00473e-46
34 11 11 9 7 0.0066705
34 4 8 12 5 0.000301143
34 5 4 8 12 4.01735e-05
34 8 12 5 4 3.1405e-05
34 12 5 4 8 9.52864e-49
34 4 4 7 10 0.008754
34 4 7 10 4 0.00356355
34 7 10 4 4 0.00285948
34 10 4 4 7 0.00547422
34 4 8 6 9 0.0369779
34 6 9 4 8 7.9183e-46
34 8 6 9 4 0.00377237
34 9 4 8 6 0.00427951
34 4 4 4 11 1.50111e-45
34 4 4 11 4 0.011767
34 4 11 4 4 0.00961784
34 11 4 4 4 0.00403134
34 5 6 9 10 0.00380782
34 6 9 10 5 0.00622988
34 9 10 5 6 0.0190027
34 10 5 6 9 0.0030613
34 6 6 11 10 0.0041892
34 6 11 10 6 0.00353347
34 10 6 6 11 8.10541e-46
34 11 10 6 6 0.0119908
34 5 6 8 7 0.00647602
34 6 8 7 5 0.0191557
34 7 5 6 8 1.23271e-46
34 8 7 5 6 0.00298772
34 5 6 6 8 1.65004e-45
34 6 6 8 5 0.00562571
34 6 8 5 6 0.0103528
34 8 5 6 6 0.00235546
34 5 6 7 8 1.28395e-45
34 6 7 8 5 0.00395581
34 7 8 5 6 0.00247297
34 8 5 6 7 0.00521966
34 4 8 9 6 0.011526
34 6 4 8 9 0.00750998
34 8 9 6 4 0.00940478
34 9 6 4 8 1.09729e-45
34 4 12 6 10 0.00519583
34 6 10 4 12 0.0102827
34 10 4 12 6 0.0038053
34 12 6 10 4 0.00117832
34 4 5 12 12 0.00217234
34 5 12 12 4 0.00283076
34 12 4 5 12 0.00152709
34 12 12 4 5 0.000879695
34 5 11 6 12 0.00859058
34 6 12 5 11 4.872e-46
34 11 6 12 5 0.00563576
34 12 5 11 6 0.000483238
34 6 6 11 9 0.0116268
34 6 11 9 6 0.00595968
34 9 6 6 11 2.40719e-45
34 11 9 6 6 0.00640263
34 4 10 12 7 0.0307256
34 7 4 10 12 0.000554141
34 10 12 7 4 0.00138528
34 12 7 4 10 0.00050085
34 4 7 7 8 9.31356e-46
34 7 7 8 4 0.000473459
34 7 8 4 7 0.00294184
34 8 4 7 7 0.0101546
34 4 6 10 6 0.00387745
34 6 4 6 10 0.00735315
34 6 10 6 4 0.022248
34 10 6 4 6 0.00194629
34 4 7 8 9 0.00561637
34 7 8 9 4 0.00207526
34 8 9 4 7 0.00757003
34 9 4 7 8 1.77714e-45
34 5 6 9 11 8.59564e-46
34 6 9 11 5 0.010374
34 9 11 5 6 0.0090837
34 11 5 6 9 0.00347931
34 4 8 9 9 0.0231294
34 8 9 9 4 0.0050173
34 9 4 8 9 0.0100689
34 9 9 4 8 1.24473e-45
34 5 8 10 10 0.00413027
34 8 10 10 5 0.009588
34 10 5 8 10 0.000421332
34 10 10 5 8 1.26087e-45
34 6 10 12 7 0.0213354
34 7 6 10 12 0.000463822
34 10 12 7 6 0.001126
34 12 7 6 10 0.000988907
34 5 12 11 7 0.00518474
34 7 5 12 11 8.38193e-47
34 11 7 5 12 0.00207438
34 12 11 7 5 0.00374655
34 6 7 10 12 0.0016209
34 7 10 12 6 0.00273028
34 10 12 6 7 0.00380681
34 12 6 7 10 0.00129916
34 6 12 8 7 0.0025165
34 7 6 12 8 1.97856e-46
34 8 7 6 12 0.00329011
34 12 8 7 6 0.00256817
34 5 8 6 6 0.0147304
34 6 5 8 6 0.00105282
34 6 6 5 8 1.07229e-45
34 8 6 6 5 0.0116379
34 4 11 10 8 1.05794e-45
34 8 4 11 10 0.00433942
34 10 8 4 11 7.92362e-46
34 11 10 8 4 0.00594523
34 4 5 7 5 8.27194e-05
34 5 4 5 7 0.000219371
34 5 7 5 4 7.16805e-05
34 7 5 4 5 8.93037e-06
34 4 5 10 9 0.00295352
34 5 10 9 4 0.0131616
34 9 4 5 10 0.00738822
34 10 9 4 5 0.00430608
34 4 11 7 7 0.0210503
34 7 4 11 7 0.00278041
34 7 7 4 11 1.15899e-46
34 11 7 7 4 0.00288305
35 3 0 2 4 0.07726
35 1 0 2 9 0.0519958
35 2 0 1 8 0.0554064
35 1 0 2 8 0.0415238
35 1 0 1 10 0.0363556
35 1 0 1 4 0.0350877
35 2 0 2 10 0.0816353
35 2 0 2 11 0.0951168
35 1 0 2 6 0.0242622
35 3 0 2 10 0.0395424
35 3 0 3 12 0.0302105
35 1 0 3 6 0.02118
35 2 0 1 6 0.0676971
35 3 0 2 5 0.0426777
35 2 0 3 7 0.0473164
35 3 0 3 10 0.0342446
35 2 0 3 9 0.0282481
35 3 0 3 9 0.0282052
35 2 0 2 6 0.029887
35 2 0 3 8 0.0432709
35 3 0 1 8 0.0551878
35 2 0 3 4 0.0336887
36 2 4 3 0 0.0607417
36 2 9 1 0 0.0542101
36 1 8 2 0 0.0594674
36 2 8 1 0 0.0442736
36 1 10 1 0 0.0414039
36 1 4 1 0 0.0437484
36 2 10 2 0 0.0700111
36 2 11 2 0 0.0878306
36 2 6 1 0 0.0310439
36 2 10 3 0 0.028396
36 3 12 3 0 0.0215257
36 3 6 1 0 0.0284816
36 1 6 2 0 0.0871941
36 2 5 3 0 0.0349728
36 3 7 2 0 0.0730211
36 3 10 3 0 0.0258452
36 3 9 2 0 0.0269488
36 3 9 3 0 0.0225313
36 2 6 2 0 0.0332945
36 3 8 2 0 0.0422165
36 1 8 3 0 0.0495983
36 3 4 2 0 0.0332434
37 7 9 7 9 0.000187306
37 9 7 9 7 2.68604e-05
37 4 5 4 5 0.00515719
37 5 4 5 4 0.0148202
37 5 8 6 9 0.00547182
37 6 9 5 8 0.017233
37 8 6 9 5 0.00180429
37 9 5 8 6 0.0034727
37 5 7 6 12 0.000944584
37 6 12 5 7 0.00702417
37 7 6 12 5 0.00327802
37 12 5 7 6 0.00464138
37 4 7 9 6 0.00235748
37 6 4 7 9 0.00481243
37 7 9 6 4 0.0082667
37 9 6 4 7 0.00291406
37 5 9 6 8 0.0125982
37 6 8 5 9 0.00886503
37 8 5 9 6 0.00798009
37 9 6 8 5 0.000929958
37 9 10 11 12 7.74991e-06
37 10 11 12 9 3.32479e-05
37 11 12 9 10 0.000236831
37 12 9 10 11 3.42236e-05
37 8 9 11 10 0.0001325
37 9 11 10 8 2.0302e-05
37 10 8 9 11 4.73831e-05
37 11 10 8 9 6.00735e-05
37 5 5 10 9 0.00524517
37 5 10 9 5 0.00141231
37 9 5 5 10 0.0119907
37 10 9 5 5 0.00137385
37 7 9 9 11 0.00887614
37 9 9 11 7 0.00183432
37 9 11 7 9 0.00153244
37 11 7 9 9 0.00367751
37 4 4 6 6 0.00317605
37 4 6 6 4 0.00650421
37 6 4 4 6 0.00585857
37 6 6 4 4 0.0119977
37 7 7 10 9 0.00154768
37 7 10 9 7 0.00277103
37 9 7 7 10 0.00252329
37 10 9 7 7 0.00192242
37 7 8 9 12 0.00212634
37 8 9 12 7 0.00634617
37 9 12 7 8 0.0067055
37 12 7 8 9 0.00165273
37 6 8 7 12 0.0022536
37 7 12 6 8 0.0153946
37 8 7 12 6 0.0044197
37 12 6 8 7 0.00274417
37 5 11 9 6 0.00354989
37 6 5 11 9 0.009101
37 9 6 5 11 0.00612092
37 11 9 6 5 0.00238603
37 5 10 8 10 0.00723732
37 8 10 5 10 0.00931707
37 10 5 10 8 0.00398754
37 10 8 10 5 0.00041303
37 6 10 8 12 0.00200934
37 8 12 6 10 0.0181772
37 10 8 12 6 0.0061357
37 12 6 10 8 0.00595726
37 6 6 6 9 0.0119654
37 6 6 9 6 0.0121634
37 6 9 6 6 0.0106558
37 9 6 6 6 0.00498157
37 7 11 11 9 0.00258745
37 9 7 11 11 0.00134806
37 11 9 7 11 0.00827755
37 11 11 9 7 0.00227837
37 4 8 12 5 2.37307e-05
37 5 4 8 12 1.54089e-05
37 8 12 5 4 0.000124022
37 12 5 4 8 0.000138683
37 4 4 7 10 0.00641873
37 4 7 10 4 0.00148531
37 7 10 4 4 0.00666516
37 10 4 4 7 0.00175762
37 4 8 6 9 0.00409463
37 6 9 4 8 0.015979
37 8 6 9 4 0.00735008
37 9 4 8 6 0.00169978
37 4 4 4 11 0.00410055
37 4 4 11 4 0.00274408
37 4 11 4 4 0.00296933
37 11 4 4 4 0.00605596
37 5 6 9 10 0.0196852
37 6 9 10 5 0.00152118
37 9 10 5 6 0.00350266
37 10 5 6 9 0.00557378
37 6 6 11 10 0.0163926
37 6 11 10 6 0.0022548
37 10 6 6 11 0.00512004
37 11 10 6 6 0.00572367
37 5 6 8 7 0.00415238
37 6 8 7 5 0.00171841
37 7 5 6 8 0.0156261
37 8 7 5 6 0.00326711
37 5 6 6 8 0.0143167
37 6 6 8 5 0.00226056
37 6 8 5 6 0.00897164
37 8 5 6 6 0.00794459
37 5 6 7 8 0.0137324
37 6 7 8 5 0.000903713
37 7 8 5 6 0.00810546
37 8 5 6 7 0.00519661
37 4 8 9 6 0.00488027
37 6 4 8 9 0.00478691
37 8 9 6 4 0.00754959
37 9 6 4 8 0.00875851
37 4 12 6 10 0.0169285
37 6 10 4 12 0.00298505
37 10 4 12 6 0.00492717
37 12 6 10 4 0.00412398
37 4 5 12 12 0.00361915
37 5 12 12 4 0.0148005
37 12 4 5 12 0.00115647
37 12 12 4 5 0.00164575
37 5 11 6 12 0.00107091
37 6 12 5 11 0.0137646
37 11 6 12 5 0.00387794
37 12 5 11 6 0.00432273
37 6 6 11 9 0.00915362
37 6 11 9 6 0.00472096
37 9 6 6 11 0.00546804
37 11 9 6 6 0.00975286
37 4 10 12 7 0.00320916
37 7 4 10 12 0.000754551
37 10 12 7 4 0.00402149
37 12 7 4 10 0.00406817
37 4 7 7 8 0.00302464
37 7 7 8 4 0.00244879
37 7 8 4 7 0.00361946
37 8 4 7 7 0.0017963
37 4 6 10 6 0.00329235
37 6 4 6 10 0.0105029
37 6 10 6 4 0.00627715
37 10 6 4 6 0.00487623
37 4 7 8 9 0.00195229
37 7 8 9 4 0.00689034
37 8 9 4 7 0.00453779
37 9 4 7 8 0.00347546
37 5 6 9 11 0.00934259
37 6 9 11 5 0.0018559
37 9 11 5 6 0.00201412
37 11 5 6 9 0.0101328
37 4 8 9 9 0.00516124
37 8 9 9 4 0.00811636
37 9 4 8 9 0.00210767
37 9 9 4 8 0.00824894
37 5 8 10 10 0.00690951
37 8 10 10 5 0.000654095
37 10 5 8 10 0.00845704
37 10 10 5 8 0.00572584
37 6 10 12 7 0.00535099
37 7 6 10 12 0.00145471
37 10 12 7 6 0.00378589
37 12 7 6 10 0.00367736
37 5 12 11 7 0.00423923
37 7 5 12 11 0.0171734
37 11 7 5 12 0.00151152
37 12 11 7 5 0.00052059
37 6 7 10 12 0.000764177
37 7 10 12 6 0.00877407
37 10 12 6 7 0.00306494
37 12 6 7 10 0.0104746
37 6 12 8 7 0.00492088
37 7 6 12 8 0.0216514
37 8 7 6 12 0.000851903
37 12 8 7 6 0.00317539
37 5 8 6 6 0.00579509
37 6 5 8 6 0.00883401
37 6 6 5 8 0.0204942
37 8 6 6 5 0.00187978
37 4 11 10 8 0.0024908
37 8 4 11 10 0.00657276
37 10 8 4 11 0.00439175
37 11 10 8 4 0.00543477
37 4 5 7 5 2.31709e-05
37 5 4 5 7 4.72902e-05
37 5 7 5 4 5.91893e-05
37 7 5 4 5 4.02578e-05
37 4 5 10 9 0.00398086
37 5 10 9 4 0.00583513
37 9 4 5 10 0.00595258
37 10 9 4 5 0.001292
37 4 11 7 7 0.00125383
37 7 4 11 7 0.0020132
37 7 7 4 11 0.00376533
37 11 7 7 4 0.00320065
38 7 9 7 9 2.86107e-06
38 9 7 9 7 2.36438e-47
38 4 5 4 5 0.0350407
38 5 4 5 4 1.59878e-45
38 5 8 6 9 4.26963e-46
38 6 9 5 8 4.79703e-05
38 8 6 9 5 1.13938e-46
38 9 5 8 6 0.0191332
38 5 7 6 12 5.32302e-46
38 6 12 5 7 9.95517e-46
38 7 6 12 5 4.68234e-46
38 12 5 7 6 0.0538402
38 4 7 9 6 1.89609e-45
38 6 4 7 9 0.0128369
38 7 9 6 4 2.15655e-05
38 9 6 4 7 0.00230027
38 5 9 6 8 2.70649e-48
38 6 8 5 9 0.008963
38 8 5 9 6 6.41063e-46
38 9 6 8 5 0.00402766
38 9 10 11 12 1.00479e-07
38 10 11 12 9 9.35962e-48
38 11 12 9 10 1.04026e-90
38 12 9 10 11 1.32718e-06
38 8 9 11 10 1.27089e-07
38 9 11 10 8 8.05004e-05
38 10 8 9 11 1.79709e-47
38 11 10 8 9 1.75655e-07
38 5 5 10 9 2.70607e-45
38 5 10 9 5 2.16419e-91
38 9 5 5 10 0.0061449
38 10 9 5 5 5.4378e-05
38 7 9 9 11 5.05566e-48
38 9 9 11 7 3.18512e-05
38 9 11 7 9 0.00729358
38 11 7 9 9 7.33122e-46
38 4 4 6 6 0.00304697
38 4 6 6 4 0.00178286
38 6 4 4 6 0.00702264
38 6 6 4 4 0.00410912
38 7 7 10 9 0.0103463
38 7 10 9 7 1.29139e-48
38 9 7 7 10 0.0120522
38 10 9 7 7 0.000166454
38 7 8 9 12 1.76143e-45
38 8 9 12 7 3.30787e-48
38 9 12 7 8 2.00115e-45
38 12 7 8 9 0.0161496
38 6 8 7 12 0.0519375
38 7 12 6 8 3.45618e-46
38 8 7 12 6 6.62352e-46
38 12 6 8 7 0.00837224
38 5 11 9 6 1.13541e-88
38 6 5 11 9 0.00922
38 9 6 5 11 0.00160754
38 11 9 6 5 1.74394e-05
38 5 10 8 10 2.01344e-48
38 8 10 5 10 2.08484e-06
38 10 5 10 8 0.0239354
38 10 8 10 5 0.022582
38 6 10 8 12 4.11567e-05
38 8 12 6 10 1.15869e-46
38 10 8 12 6 4.04277e-45
38 12 6 10 8 0.00982724
38 6 6 6 9 0.00141323
38 6 6 9 6 8.14454e-46
38 6 9 6 6 4.015e-05
38 9 6 6 6 0.00142011
38 7 11 11 9 0.00229543
38 9 7 11 11 0.00353963
38 11 9 7 11 9.35e-05
38 11 11 9 7 5.0108e-46
38 4 8 12 5 3.28122e-47
38 5 4 8 12 1.93721e-47
38 8 12 5 4 3.76965e-48
38 12 5 4 8 0.000180171
38 4 4 7 10 0.0145974
38 4 7 10 4 0.0268593
38 7 10 4 4 1.21834e-05
38 10 4 4 7 0.00605469
38 4 8 6 9 0.00401639
38 6 9 4 8 5.39183e-05
38 8 6 9 4 1.37641e-46
38 9 4 8 6 0.00764073
38 4 4 4 11 0.00439328
38 4 4 11 4 0.0052638
38 4 11 4 4 0.00610656
38 11 4 4 4 0.00417583
38 5 6 9 10 5.28259e-89
38 6 9 10 5 0.000145582
38 9 10 5 6 1.08805e-05
38 10 5 6 9 0.00502224
38 6 6 11 10 0.00240668
38 6 11 10 6 0.0148631
38 10 6 6 11 0.00118612
38 11 10 6 6 5.07297e-06
38 5 6 8 7 8.16869e-46
38 6 8 7 5 0.036524
38 7 5 6 8 0.00391232
38 8 7 5 6 0.0028019
38 5 6 6 8 1.63154e-46
38 6 6 8 5 0.00686449
38 6 8 5 6 0.0153503
38 8 5 6 6 0.00190507
38 5 6 7 8 1.25138e-45
38 6 7 8 5 0.0193964
38 7 8 5 6 0.0118984
38 8 5 6 7 0.00162502
38 4 8 9 6 2.71388e-45
38 6 4 8 9 0.0089151
38 8 9 6 4 7.95549e-06
38 9 6 4 8 0.00223601
38 4 12 6 10 5.29152e-46
38 6 10 4 12 2.32544e-05
38 10 4 12 6 1.87629e-45
38 12 6 10 4 0.0130168
38 4 5 12 12 3.8437e-45
38 5 12 12 4 3.06649e-131
38 12 4 5 12 0.00707462
38 12 12 4 5 1.23703e-45
38 5 11 6 12 3.01689e-46
38 6 12 5 11 7.86786e-46
38 11 6 12 5 4.60231e-46
38 12 5 11 6 0.0155377
38 6 6 11 9 0.00267875
38 6 11 9 6 1.11694e-45
38 9 6 6 11 0.000819833
38 11 9 6 6 2.61949e-05
38 4 10 12 7 2.70677e-48
38 7 4 10 12 0.0100649
38 10 12 7 4 3.54817e-45
38 12 7 4 10 0.007585
38 4 7 7 8 0.0244894
38 7 7 8 4 0.0133721
38 7 8 4 7 0.008399
38 8 4 7 7 0.00366459
38 4 6 10 6 0.010438
38 6 4 6 10 0.00175771
38 6 10 6 4 6.29838e-06
38 10 6 4 6 0.00456069
38 4 7 8 9 0.0154629
38 7 8 9 4 1.56105e-45
38 8 9 4 7 1.64078e-05
38 9 4 7 8 0.00943712
38 5 6 9 11 4.44788e-89
38 6 9 11 5 4.715e-05
38 9 11 5 6 0.00355371
38 11 5 6 9 0.00295327
38 4 8 9 9 1.69601e-45
38 8 9 9 4 2.86522e-48
38 9 4 8 9 0.00559851
38 9 9 4 8 3.96993e-05
38 5 8 10 10 2.5246e-45
38 8 10 10 5 7.15895e-06
38 10 5 8 10 0.0213433
38 10 10 5 8 1.15908e-05
38 6 10 12 7 2.65578e-48
38 7 6 10 12 0.00687029
38 10 12 7 6 4.13923e-45
38 12 7 6 10 0.00322897
38 5 12 11 7 1.1489e-88
38 7 5 12 11 1.64126e-45
38 11 7 5 12 0.00786741
38 12 11 7 5 0.0167731
38 6 7 10 12 0.0297323
38 7 10 12 6 2.86501e-48
38 10 12 6 7 5.46493e-46
38 12 6 7 10 0.0104053
38 6 12 8 7 2.22283e-45
38 7 6 12 8 4.7932e-46
38 8 7 6 12 0.00123069
38 12 8 7 6 0.0519986
38 5 8 6 6 7.6523e-46
38 6 5 8 6 0.0341256
38 6 6 5 8 0.00302623
38 8 6 6 5 0.000354337
38 4 11 10 8 0.0117679
38 8 4 11 10 0.000944546
38 10 8 4 11 0.0105574
38 11 10 8 4 2.17018e-05
38 4 5 7 5 0.000592873
38 5 4 5 7 8.24403e-48
38 5 7 5 4 1.59792e-47
38 7 5 4 5 0.000138093
38 4 5 10 9 0.0258177
38 5 10 9 4 2.6516e-91
38 9 4 5 10 0.00248883
38 10 9 4 5 6.19899e-05
38 4 11 7 7 0.0156917
38 7 4 11 7 0.00315053
38 7 7 4 11 0.0050967
38 11 7 7 4 0.0207985
39 7 9 7 9 0.000864958
39 9 7 9 7 1.1165e-49
39 4 5 4 5 3.7199e-47
39 5 4 5 4 1.3187e-47
39 5 8 6 9 2.20392e-48
39 6 9 5 8 0.0587826
39 8 6 9 5 1.69681e-48
39 9 5 8 6 7.49264e-48
39 5 7 6 12 5.13654e-48
39 6 12 5 7 1.30621e-47
39 7 6 12 5 8.57789e-48
39 12 5 7 6 7.68048e-48
39 4 7 9 6 5.94731e-48
39 6 4 7 9 3.31348e-48
39 7 9 6 4 0.0638081
39 9 6 4 7 8.41415e-48
39 5 9 6 8 0.0334051
39 6 8 5 9 4.59334e-48
39 8 5 9 6 2.21868e-48
39 9 6 8 5 6.78687e-48
39 9 10 11 12 5.46824e-50
39 10 11 12 9 7.05627e-50
39 11 12 9 10 1.31349e-50
39 12 9 10 11 0.000692273
39 8 9 11 10 0.000139744
39 9 11 10 8 6.06246e-50
39 10 8 9 11 5.92527e-50
39 11 10 8 9 3.27528e-50
39 5 5 10 9 1.71447e-48
39 5 10 9 5 2.2238e-48
39 9 5 5 10 3.15237e-48
39 10 9 5 5 0.0673459
39 7 9 9 11 0.0428086
39 9 9 11 7 0.0451133
39 9 11 7 9 3.57387e-48
39 11 7 9 9 1.12156e-48
39 4 4 6 6 9.83206e-48
39 4 6 6 4 8.73098e-48
39 6 4 4 6 8.802e-48
39 6 6 4 4 7.81628e-48
39 7 7 10 9 2.72142e-48
39 7 10 9 7 4.42581e-48
39 9 7 7 10 2.15494e-48
39 10 9 7 7 0.0577224
39 7 8 9 12 5.41003e-48
39 8 9 12 7 0.0587227
39 9 12 7 8 6.69522e-48
39 12 7 8 9 6.89959e-48
39 6 8 7 12 8.63068e-48
39 7 12 6 8 1.0369e-47
39 8 7 12 6 6.213e-48
39 12 6 8 7 1.42184e-47
39 5 11 9 6 3.16001e-48
39 6 5 11 9 3.02126e-48
39 9 6 5 11 7.6658e-48
39 11 9 6 5 0.0316031
39 5 10 8 10 2.16734e-48
39 8 10 5 10 1.71024e-48
39 10 5 10 8 3.94881e-48
39 10 8 10 5 4.22062e-48
39 6 10 8 12 1.30033e-47
39 8 12 6 10 2.77362e-48
39 10 8 12 6 1.15147e-47
39 12 6 10 8 5.88013e-48
39 6 6 6 9 3.64011e-48
39 6 6 9 6 3.71618e-48
39 6 9 6 6 0.0651038
39 9 6 6 6 5.62767e-48
39 7 11 11 9 4.02678e-48
39 9 7 11 11 5.59889e-48
39 11 9 7 11 0.0349128
39 11 11 9 7 3.24117e-48
39 4 8 12 5 1.90343e-49
39 5 4 8 12 9.1874e-50
39 8 12 5 4 8.19175e-50
39 12 5 4 8 1.44059e-49
39 4 4 7 10 4.49288e-48
39 4 7 10 4 8.37521e-48
39 7 10 4 4 1.06451e-47
39 10 4 4 7 1.21409e-47
39 4 8 6 9 5.25385e-48
39 6 9 4 8 0.0655063
39 8 6 9 4 1.70085e-48
39 9 4 8 6 7.03938e-48
39 4 4 4 11 1.69131e-47
39 4 4 11 4 7.7153e-48
39 4 11 4 4 1.79552e-47
39 11 4 4 4 4.85348e-48
39 5 6 9 10 9.8629e-49
39 6 9 10 5 0.0435693
39 9 10 5 6 7.03088e-48
39 10 5 6 9 4.03291e-48
39 6 6 11 10 2.03066e-48
39 6 11 10 6 6.30285e-48
39 10 6 6 11 7.26449e-48
39 11 10 6 6 3.50744e-48
39 5 6 8 7 7.03593e-48
39 6 8 7 5 6.9291e-48
39 7 5 6 8 7.86045e-48
39 8 7 5 6 5.32022e-48
39 5 6 6 8 3.6783e-48
39 6 6 8 5 8.64532e-48
39 6 8 5 6 9.04597e-48
39 8 5 6 6 4.27995e-48
39 5 6 7 8 3.77129e-48
39 6 7 8 5 1.15554e-47
39 7 8 5 6 1.12455e-47
39 8 5 6 7 5.96983e-48
39 4 8 9 6 6.2887e-48
39 6 4 8 9 5.33852e-48
39 8 9 6 4 0.0349362
39 9 6 4 8 6.63905e-48
39 4 12 6 10 7.73312e-48
39 6 10 4 12 1.33734e-47
39 10 4 12 6 1.14643e-47
39 12 6 10 4 6.67611e-48
39 4 5 12 12 1.7809e-47
39 5 12 12 4 7.93072e-48
39 12 4 5 12 1.21455e-47
39 12 12 4 5 1.52572e-47
39 5 11 6 12 6.54609e-48
39 6 12 5 11 1.33431e-47
39 11 6 12 5 4.28477e-48
39 12 5 11 6 6.61992e-48
39 6 6 11 9 2.75468e-48
39 6 11 9 6 5.42075e-48
39 9 6 6 11 6.86662e-48
39 11 9 6 6 0.03462
39 4 10 12 7 1.53469e-47
39 7 4 10 12 5.79451e-48
39 10 12 7 4 7.44062e-48
39 12 7 4 10 4.83977e-48
39 4 7 7 8 8.84715e-48
39 7 7 8 4 1.06015e-47
39 7 8 4 7 1.28696e-47
39 8 4 7 7 4.23384e-48
39 4 6 10 6 6.04768e-48
39 6 4 6 10 2.78484e-48
39 6 10 6 4 6.07865e-48
39 10 6 4 6 7.46006e-48
39 4 7 8 9 8.49078e-48
39 7 8 9 4 4.54189e-48
39 8 9 4 7 0.0584577
39 9 4 7 8 4.97446e-48
39 5 6 9 11 2.45981e-48
39 6 9 11 5 0.041853
39 9 11 5 6 8.52838e-48
39 11 5 6 9 1.97566e-48
39 4 8 9 9 3.41772e-48
39 8 9 9 4 0.0193836
39 9 4 8 9 4.4855e-48
39 9 9 4 8 0.0645319
39 5 8 10 10 1.43928e-48
39 8 10 10 5 2.66801e-48
39 10 5 8 10 4.36099e-48
39 10 10 5 8 7.26959e-48
39 6 10 12 7 1.03614e-47
39 7 6 10 12 5.27607e-48
39 10 12 7 6 7.62929e-48
39 12 7 6 10 3.64994e-48
39 5 12 11 7 6.06196e-48
39 7 5 12 11 1.47685e-47
39 11 7 5 12 6.14332e-48
39 12 11 7 5 1.09513e-47
39 6 7 10 12 6.73441e-48
39 7 10 12 6 1.0963e-47
39 10 12 6 7 1.23218e-47
39 12 6 7 10 3.32382e-48
39 6 12 8 7 1.58861e-47
39 7 6 12 8 8.50029e-48
39 8 7 6 12 4.9295e-48
39 12 8 7 6 8.13489e-48
39 5 8 6 6 4.54212e-48
39 6 5 8 6 9.98811e-48
39 6 6 5 8 6.7736e-48
39 8 6 6 5 3.42542e-48
39 4 11 10 8 9.62607e-48
39 8 4 11 10 1.4222e-48
39 10 8 4 11 1.27549e-47
39 11 10 8 4 5.29404e-48
39 4 5 7 5 1.49047e-49
39 5 4 5 7 9.77314e-50
39 5 7 5 4 8.31634e-50
39 7 5 4 5 1.61786e-49
39 4 5 10 9 4.14521e-48
39 5 10 9 4 2.26079e-48
39 9 4 5 10 3.0038e-48
39 10 9 4 5 0.0761165
39 4 11 7 7 1.57038e-47
39 7 4 11 7 7.32461e-48
39 7 7 4 11 1.36632e-47
39 11 7 7 4 3.61215e-48
40 7 9 7 9 1
41 7 9 7 9 0.000751034
41 9 7 9 7 6.03733e-50
41 4 5 4 5 1.4924e-47
41 5 4 5 4 1.3255e-47
41 5 8 6 9 0.0930275
41 6 9 5 8 3.49933e-48
41 8 6 9 5 4.6927e-48
41 9 5 8 6 2.82747e-48
41 5 7 6 12 7.80663e-48
41 6 12 5 7 7.64328e-48
41 7 6 12 5 2.299e-48
41 12 5 7 6 1.0904e-47
41 4 7 9 6 3.25421e-48
41 6 4 7 9 0.0627806
41 7 9 6 4 3.03589e-48
41 9 6 4 7 3.07023e-48
41 5 9 6 8 4.94391e-48
41 6 8 5 9 0.0779871
41 8 5 9 6 4.61862e-48
41 9 6 8 5 3.40256e-48
41 9 10 11 12 2.06584e-50
41 10 11 12 9 0.000316325
41 11 12 9 10 3.23007e-50
41 12 9 10 11 7.24075e-50
41 8 9 11 10 2.35455e-50
41 9 11 10 8 4.09721e-50
41 10 8 9 11 1.09216e-49
41 11 10 8 9 0.000260818
41 5 5 10 9 0.0489911
41 5 10 9 5 3.80875e-48
41 9 5 5 10 3.52484e-48
41 10 9 5 5 3.63759e-48
41 7 9 9 11 2.25981e-48
41 9 9 11 7 1.08447e-48
41 9 11 7 9 0.0390129
41 11 7 9 9 0.0157891
41 4 4 6 6 6.1644e-48
41 4 6 6 4 7.68465e-48
41 6 4 4 6 3.8336e-48
41 6 6 4 4 4.77903e-48
41 7 7 10 9 0.0211164
41 7 10 9 7 2.21637e-48
41 9 7 7 10 3.28634e-48
41 10 9 7 7 4.57872e-48
41 7 8 9 12 6.22469e-48
41 8 9 12 7 2.73362e-48
41 9 12 7 8 6.78e-48
41 12 7 8 9 0.0584622
41 6 8 7 12 1.91962e-47
41 7 12 6 8 7.41084e-48
41 8 7 12 6 3.12807e-48
41 12 6 8 7 9.63623e-48
41 5 11 9 6 3.88057e-48
41 6 5 11 9 0.0270439
41 9 6 5 11 4.60977e-48
41 11 9 6 5 2.75932e-48
41 5 10 8 10 3.76172e-48
41 8 10 5 10 4.41986e-48
41 10 5 10 8 5.0644e-48
41 10 8 10 5 7.41206e-48
41 6 10 8 12 7.5306e-48
41 8 12 6 10 1.27846e-47
41 10 8 12 6 5.79692e-48
41 12 6 10 8 1.02213e-47
41 6 6 6 9 0.0748248
41 6 6 9 6 4.46373e-48
41 6 9 6 6 4.83624e-48
41 9 6 6 6 4.53619e-48
41 7 11 11 9 0.0149383
41 9 7 11 11 1.74023e-48
41 11 9 7 11 3.48525e-48
41 11 11 9 7 2.40499e-48
41 4 8 12 5 8.07344e-50
41 5 4 8 12 8.65623e-50
41 8 12 5 4 1.0795e-49
41 12 5 4 8 1.07979e-49
41 4 4 7 10 7.95613e-48
41 4 7 10 4 4.89238e-48
41 7 10 4 4 2.83176e-48
41 10 4 4 7 4.91398e-48
41 4 8 6 9 0.0972076
41 6 9 4 8 2.95207e-48
41 8 6 9 4 4.40883e-48
41 9 4 8 6 2.35627e-48
41 4 4 4 11 5.98877e-48
41 4 4 11 4 2.62295e-48
41 4 11 4 4 4.91975e-48
41 11 4 4 4 2.32872e-48
41 5 6 9 10 4.5178e-48
41 6 9 10 5 3.8528e-48
41 9 10 5 6 2.70535e-48
41 10 5 6 9 0.0727057
41 6 6 11 10 2.76233e-48
41 6 11 10 6 4.72965e-48
41 10 6 6 11 9.67988e-48
41 11 10 6 6 3.01665e-48
41 5 6 8 7 6.22348e-48
41 6 8 7 5 1.4552e-47
41 7 5 6 8 5.96733e-48
41 8 7 5 6 4.89823e-48
41 5 6 6 8 8.42253e-48
41 6 6 8 5 6.18008e-48
41 6 8 5 6 8.58729e-48
41 8 5 6 6 8.525e-48
41 5 6 7 8 9.92266e-48
41 6 7 8 5 5.53325e-48
41 7 8 5 6 6.07168e-48
41 8 5 6 7 1.13945e-47
41 4 8 9 6 6.79913e-48
41 6 4 8 9 0.0455701
41 8 9 6 4 5.60059e-48
41 9 6 4 8 3.24647e-48
41 4 12 6 10 1.26491e-47
41 6 10 4 12 7.06769e-48
41 10 4 12 6 3.4979e-48
41 12 6 10 4 1.01766e-47
41 4 5 12 12 5.46604e-48
41 5 12 12 4 4.62679e-48
41 12 4 5 12 1.05693e-47
41 12 12 4 5 1.0073e-47
41 5 11 6 12 9.78732e-48
41 6 12 5 11 9.74072e-48
41 11 6 12 5 1.97522e-48
41 12 5 11 6 3.93839e-48
41 6 6 11 9 0.0272655
41 6 11 9 6 4.29075e-48
41 9 6 6 11 6.61689e-48
41 11 9 6 6 2.51585e-48
41 4 10 12 7 3.00052e-48
41 7 4 10 12 3.83063e-48
41 10 12 7 4 9.13663e-48
41 12 7 4 10 5.14317e-48
41 4 7 7 8 6.8349e-48
41 7 7 8 4 2.70621e-48
41 7 8 4 7 5.0406e-48
41 8 4 7 7 8.2364e-48
41 4 6 10 6 4.68327e-48
41 6 4 6 10 6.31096e-48
41 6 10 6 4 6.01821e-48
41 10 6 4 6 3.92806e-48
41 4 7 8 9 0.0411589
41 7 8 9 4 4.62487e-48
41 8 9 4 7 3.76718e-48
41 9 4 7 8 4.74616e-48
41 5 6 9 11 5.48004e-48
41 6 9 11 5 1.79867e-48
41 9 11 5 6 2.82691e-48
41 11 5 6 9 0.0359287
41 4 8 9 9 0.0660878
41 8 9 9 4 3.24754e-48
41 9 4 8 9 0.026853
41 9 9 4 8 2.03958e-48
41 5 8 10 10 8.2725e-48
41 8 10 10 5 5.35101e-48
41 10 5 8 10 5.5936e-48
41 10 10 5 8 4.96708e-48
41 6 10 12 7 2.97889e-48
41 7 6 10 12 4.34807e-48
41 10 12 7 6 8.31917e-48
41 12 7 6 10 8.21057e-48
41 5 12 11 7 4.24631e-48
41 7 5 12 11 3.5618e-48
41 11 7 5 12 3.67394e-48
41 12 11 7 5 1.36116e-47
41 6 7 10 12 6.53642e-48
41 7 10 12 6 1.87075e-48
41 10 12 6 7 1.12049e-47
41 12 6 7 10 1.28258e-47
41 6 12 8 7 7.71138e-48
41 7 6 12 8 2.43502e-48
41 8 7 6 12 9.25418e-48
41 12 8 7 6 1.69029e-47
41 5 8 6 6 1.07197e-47
41 6 5 8 6 5.37432e-48
41 6 6 5 8 6.23869e-48
41 8 6 6 5 9.06446e-48
41 4 11 10 8 6.3082e-48
41 8 4 11 10 2.974e-48
41 10 8 4 11 1.06271e-47
41 11 10 8 4 2.65439e-48
41 4 5 7 5 1.45446e-49
41 5 4 5 7 8.35918e-50
41 5 7 5 4 6.9804e-50
41 7 5 4 5 5.42855e-50
41 4 5 10 9 0.0519206
41 5 10 9 4 3.62924e-48
41 9 4 5 10 2.9792e-48
41 10 9 4 5 3.11236e-48
41 4 11 7 7 8.90592e-48
41 7 4 11 7 1.77219e-48
41 7 7 4 11 3.37888e-48
41 11 7 7 4 3.52022e-48
42 7 9 7 9 1.05417e-06
42 9 7 9 7 1.16484e-06
42 4 5 4 5 0.0251178
42 5 4 5 4 0.0171637
42 5 8 6 9 2.53489e-05
42 6 9 5 8 0.0158416
42 8 6 9 5 6.41537e-48
42 9 5 8 6 0.00131309
42 5 7 6 12 7.05742e-46
42 6 12 5 7 0.0254628
42 7 6 12 5 0.0183539
42 12 5 7 6 0.0126254
42 4 7 9 6 5.01665e-06
42 6 4 7 9 0.00023901
42 7 9 6 4 0.00237504
42 9 6 4 7 0.0328683
42 5 9 6 8 0.00542156
42 6 8 5 9 8.77267e-05
42 8 5 9 6 1.89185e-48
42 9 6 8 5 0.00527386
42 9 10 11 12 1.68807e-90
42 10 11 12 9 2.4481e-07
42 11 12 9 10 4.99551e-10
42 12 9 10 11 2.94032e-05
42 8 9 11 10 2.24955e-93
42 9 11 10 8 7.27994e-05
42 10 8 9 11 4.07374e-08
42 11 10 8 9 8.39691e-08
42 5 5 10 9 2.02593e-05
42 5 10 9 5 2.28796e-05
42 9 5 5 10 2.21462e-05
42 10 9 5 5 0.00225344
42 7 9 9 11 5.7175e-06
42 9 9 11 7 1.15403e-45
42 9 11 7 9 0.000101475
42 11 7 9 9 1.12683e-07
42 4 4 6 6 0.00150576
42 4 6 6 4 0.00308127
42 6 4 4 6 0.0173532
42 6 6 4 4 0.0355103
42 7 7 10 9 1.16607e-05
42 7 10 9 7 1.10889e-05
42 9 7 7 10 3.59098e-05
42 10 9 7 7 0.0030768
42 7 8 9 12 1.7179e-48
42 8 9 12 7 2.35314e-45
42 9 12 7 8 0.0464371
42 12 7 8 9 2.03666e-05
42 6 8 7 12 4.3038e-45
42 7 12 6 8 0.00792377
42 8 7 12 6 1.43399e-45
42 12 6 8 7 0.00521407
42 5 11 9 6 7.27806e-06
42 6 5 11 9 1.38028e-47
42 9 6 5 11 0.00898749
42 11 9 6 5 0.00535132
42 5 10 8 10 1.79192e-06
42 8 10 5 10 1.38006e-48
42 10 5 10 8 0.00132843
42 10 8 10 5 0.00108523
42 6 10 8 12 5.28648e-46
42 8 12 6 10 2.87035e-48
42 10 8 12 6 0.00240164
42 12 6 10 8 0.0141116
42 6 6 6 9 0.000128163
42 6 6 9 6 3.77554e-05
42 6 9 6 6 0.0055754
42 9 6 6 6 0.00690709
42 7 11 11 9 2.35398e-48
42 9 7 11 11 7.95586e-46
42 11 9 7 11 0.00470253
42 11 11 9 7 1.53746e-05
42 4 8 12 5 0.0001233
42 5 4 8 12 3.25977e-48
42 8 12 5 4 1.87567e-47
42 12 5 4 8 0.000492912
42 4 4 7 10 1.45422e-05
42 4 7 10 4 0.00153857
42 7 10 4 4 0.00623443
42 10 4 4 7 0.00586664
42 4 8 6 9 1.30927e-05
42 6 9 4 8 0.0296531
42 8 6 9 4 3.88287e-48
42 9 4 8 6 0.0014333
42 4 4 4 11 0.0041561
42 4 4 11 4 4.10482e-46
42 4 11 4 4 0.00400661
42 11 4 4 4 0.0114238
42 5 6 9 10 4.97445e-08
42 6 9 10 5 0.0093087
42 9 10 5 6 0.00471288
42 10 5 6 9 1.26325e-05
42 6 6 11 10 4.63871e-48
42 6 11 10 6 0.00285095
42 10 6 6 11 0.00131848
42 11 10 6 6 0.00182429
42 5 6 8 7 0.00242502
42 6 8 7 5 0.0435818
42 7 5 6 8 0.00595505
42 8 7 5 6 6.00999e-46
42 5 6 6 8 0.0102391
42 6 6 8 5 0.00803986
42 6 8 5 6 0.00720751
42 8 5 6 6 5.27621e-46
42 5 6 7 8 0.0266594
42 6 7 8 5 0.00690346
42 7 8 5 6 0.00209477
42 8 5 6 7 1.40787e-45
42 4 8 9 6 4.52219e-06
42 6 4 8 9 3.1182e-05
42 8 9 6 4 6.72281e-46
42 9 6 4 8 0.0430715
42 4 12 6 10 8.55716e-06
42 6 10 4 12 4.39889e-45
42 10 4 12 6 0.00352235
42 12 6 10 4 0.00937505
42 4 5 12 12 1.15966e-45
42 5 12 12 4 0.0183102
42 12 4 5 12 2.20847e-45
42 12 12 4 5 0.0510295
42 5 11 6 12 5.32082e-46
42 6 12 5 11 0.0131129
42 11 6 12 5 0.0251832
42 12 5 11 6 8.00753e-46
42 6 6 11 9 1.81239e-47
42 6 11 9 6 2.09305e-05
42 9 6 6 11 0.00812791
42 11 9 6 6 0.00190397
42 4 10 12 7 0.00621901
42 7 4 10 12 3.17526e-46
42 10 12 7 4 0.00463023
42 12 7 4 10 4.01315e-05
42 4 7 7 8 0.00870498
42 7 7 8 4 0.000894085
42 7 8 4 7 0.00770332
42 8 4 7 7 2.94592e-45
42 4 6 10 6 0.000930248
42 6 4 6 10 2.74642e-05
42 6 10 6 4 0.00915261
42 10 6 4 6 0.00233573
42 4 7 8 9 5.10387e-06
42 7 8 9 4 1.09839e-05
42 8 9 4 7 1.92584e-45
42 9 4 7 8 0.0397405
42 5 6 9 11 1.43767e-05
42 6 9 11 5 2.06219e-45
42 9 11 5 6 0.00394017
42 11 5 6 9 3.10186e-05
42 4 8 9 9 5.8911e-08
42 8 9 9 4 2.57998e-48
42 9 4 8 9 2.1892e-05
42 9 9 4 8 0.0244091
42 5 8 10 10 4.65722e-06
42 8 10 10 5 6.5159e-46
42 10 5 8 10 9.75276e-07
42 10 10 5 8 0.00237385
42 6 10 12 7 0.0324882
42 7 6 10 12 3.5837e-46
42 10 12 7 6 0.00255377
42 12 7 6 10 1.81913e-05
42 5 12 11 7 1.32985e-45
42 7 5 12 11 0.00687313
42 11 7 5 12 9.00079e-46
42 12 11 7 5 0.0303359
42 6 7 10 12 1.25692e-45
42 7 10 12 6 0.00420093
42 10 12 6 7 0.00310702
42 12 6 7 10 6.54854e-05
42 6 12 8 7 0.00642923
42 7 6 12 8 0.018768
42 8 7 6 12 1.37239e-88
42 12 8 7 6 0.0105467
42 5 8 6 6 0.00217947
42 6 5 8 6 0.00209485
42 6 6 5 8 0.0313094
42 8 6 6 5 1.87238e-45
42 4 11 10 8 0.00178785
42 8 4 11 10 3.16788e-91
42 10 8 4 11 0.0021093
42 11 10 8 4 0.00105265
42 4 5 7 5 0.000153616
42 5 4 5 7 0.000130894
42 5 7 5 4 8.61929e-05
42 7 5 4 5 0.000197617
42 4 5 10 9 1.06128e-05
42 5 10 9 4 1.40447e-05
42 9 4 5 10 2.45173e-05
42 10 9 4 5 0.00427811
42 4 11 7 7 0.00550395
42 7 4 11 7 7.25404e-46
42 7 7 4 11 0.00483642
42 11 7 7 4 0.0103338
43 7 9 7 9 0.000214536
43 9 7 9 7 2.13378e-05
43 4 5 4 5 0.00134144
43 5 4 5 4 0.0134794
43 5 8 6 9 0.0096332
43 6 9 5 8 0.00626354
43 8 6 9 5 0.0024825
43 9 5 8 6 0.00253864
43 5 7 6 12 0.00558586
43 6 12 5 7 0.000752339
43 7 6 12 5 0.00148751
43 12 5 7 6 0.00410038
43 4 7 9 6 0.00313878
43 6 4 7 9 0.00895507
43 7 9 6 4 0.00482086
43 9 6 4 7 0.00135754
43 5 9 6 8 0.00539651
43 6 8 5 9 0.0132427
43 8 5 9 6 0.00280941
43 9 6 8 5 0.00265689
43 9 10 11 12 0.000258532
43 10 11 12 9 2.66986e-05
43 11 12 9 10 1.19635e-05
43 12 9 10 11 7.61932e-05
43 8 9 11 10 5.98477e-05
43 9 11 10 8 6.18039e-05
43 10 8 9 11 5.6077e-05
43 11 10 8 9 0.000162941
43 5 5 10 9 0.00161162
43 5 10 9 5 0.00472463
43 9 5 5 10 0.001424
43 10 9 5 5 0.00211247
43 7 9 9 11 0.00486044
43 9 9 11 7 0.00183541
43 9 11 7 9 0.00804725
43 11 7 9 9 0.00260796
43 4 4 6 6 0.00869085
43 4 6 6 4 0.00335277
43 6 4 4 6 0.00840737
43 6 6 4 4 0.00324341
43 7 7 10 9 0.00257473
43 7 10 9 7 0.00291927
43 9 7 7 10 0.00206509
43 10 9 7 7 0.00118483
43 7 8 9 12 0.0161124
43 8 9 12 7 0.00138247
43 9 12 7 8 0.00204822
43 12 7 8 9 0.0043938
43 6 8 7 12 0.0253928
43 7 12 6 8 0.00204252
43 8 7 12 6 0.00358813
43 12 6 8 7 0.00252409
43 5 11 9 6 0.00832243
43 6 5 11 9 0.00207774
43 9 6 5 11 0.0065748
43 11 9 6 5 0.00324962
43 5 10 8 10 0.00664495
43 8 10 5 10 0.0102599
43 10 5 10 8 0.000692952
43 10 8 10 5 0.00207139
43 6 10 8 12 0.0310318
43 8 12 6 10 0.00207582
43 10 8 12 6 0.00622532
43 12 6 10 8 0.00686562
43 6 6 6 9 0.00821415
43 6 6 9 6 0.00923065
43 6 9 6 6 0.0131429
43 9 6 6 6 0.0110959
43 7 11 11 9 0.00672247
43 9 7 11 11 0.002686
43 11 9 7 11 0.00652241
43 11 11 9 7 0.00162361
43 4 8 12 5 2.70903e-05
43 5 4 8 12 0.000152899
43 8 12 5 4 2.61099e-05
43 12 5 4 8 2.02687e-05
43 4 4 7 10 0.00439085
43 4 7 10 4 0.00162186
43 7 10 4 4 0.00748674
43 10 4 4 7 0.00102012
43 4 8 6 9 0.00808971
43 6 9 4 8 0.00402832
43 8 6 9 4 0.00366297
43 9 4 8 6 0.00933739
43 4 4 4 11 0.0037532
43 4 4 11 4 0.00353487
43 4 11 4 4 0.00278291
43 11 4 4 4 0.00347584
43 5 6 9 10 0.00321516
43 6 9 10 5 0.0030855
43 9 10 5 6 0.0255746
43 10 5 6 9 0.00135236
43 6 6 11 10 0.00394759
43 6 11 10 6 0.00986192
43 10 6 6 11 0.00346039
43 11 10 6 6 0.0210204
43 5 6 8 7 0.00173323
43 6 8 7 5 0.00610288
43 7 5 6 8 0.00178058
43 8 7 5 6 0.00719527
43 5 6 6 8 0.00519523
43 6 6 8 5 0.00302966
43 6 8 5 6 0.0203984
43 8 5 6 6 0.00385095
43 5 6 7 8 0.00615678
43 6 7 8 5 0.00178016
43 7 8 5 6 0.0210829
43 8 5 6 7 0.000841578
43 4 8 9 6 0.0106587
43 6 4 8 9 0.0081045
43 8 9 6 4 0.00611497
43 9 6 4 8 0.00398746
43 4 12 6 10 0.00145232
43 6 10 4 12 0.0256728
43 10 4 12 6 0.00454907
43 12 6 10 4 0.00601614
43 4 5 12 12 0.00158732
43 5 12 12 4 0.000768906
43 12 4 5 12 0.0203028
43 12 12 4 5 0.000978732
43 5 11 6 12 0.0125142
43 6 12 5 11 0.00235782
43 11 6 12 5 0.00148858
43 12 5 11 6 0.00352073
43 6 6 11 9 0.00715762
43 6 11 9 6 0.0104054
43 9 6 6 11 0.00650782
43 11 9 6 6 0.0116409
43 4 10 12 7 0.00161594
43 7 4 10 12 0.0103245
43 10 12 7 4 0.000882979
43 12 7 4 10 0.00185488
43 4 7 7 8 0.00223671
43 7 7 8 4 0.00199878
43 7 8 4 7 0.00218168
43 8 4 7 7 0.00270083
43 4 6 10 6 0.00591822
43 6 4 6 10 0.00487166
43 6 10 6 4 0.00984552
43 10 6 4 6 0.00386107
43 4 7 8 9 0.00264318
43 7 8 9 4 0.00596076
43 8 9 4 7 0.00186
43 9 4 7 8 0.00685125
43 5 6 9 11 0.00402954
43 6 9 11 5 0.00297512
43 9 11 5 6 0.0117597
43 11 5 6 9 0.00196536
43 4 8 9 9 0.007406
43 8 9 9 4 0.00477467
43 9 4 8 9 0.00760688
43 9 9 4 8 0.00443308
43 5 8 10 10 0.00539923
43 8 10 10 5 0.00648637
43 10 5 8 10 0.000710363
43 10 10 5 8 0.00775158
43 6 10 12 7 0.00225726
43 7 6 10 12 0.0090726
43 10 12 7 6 0.00201128
43 12 7 6 10 0.00267839
43 5 12 11 7 0.000609524
43 7 5 12 11 0.00106546
43 11 7 5 12 0.00733953
43 12 11 7 5 0.00522038
43 6 7 10 12 0.00612312
43 7 10 12 6 0.0126736
43 10 12 6 7 0.000440311
43 12 6 7 10 0.0064131
43 6 12 8 7 0.000656462
43 7 6 12 8 0.00281139
43 8 7 6 12 0.00752556
43 12 8 7 6 0.0231657
43 5 8 6 6 0.0155285
43 6 5 8 6 0.00302942
43 6 6 5 8 0.00631029
43 8 6 6 5 0.00356106
43 4 11 10 8 0.00424589
43 8 4 11 10 0.00551778
43 10 8 4 11 0.00447987
43 11 10 8 4 0.00927295
43 4 5 7 5 1.1895e-05
43 5 4 5 7 3.47702e-05
43 5 7 5 4 3.6065e-05
43 7 5 4 5 1.00357e-05
43 4 5 10 9 0.00137265
43 5 10 9 4 0.00707041
43 9 4 5 10 0.00531214
43 10 9 4 5 0.00137793
43 4 11 7 7 0.00187484
43 7 4 11 7 0.0020092
43 7 7 4 11 0.00221274
43 11 7 7 4 0.00242888
44 3 0 2 4 0.0700316
44 1 0 2 9 0.0515056
44 2 0 1 8 0.0575623
44 1 0 2 8 0.0513522
44 1 0 1 10 0.0473927
44 1 0 1 4 0.0443312
44 2 0 2 10 0.0789179
44 2 0 2 11 0.0834691
44 1 0 2 6 0.0305976
44 3 0 2 10 0.0369818
44 3 0 3 12 0.0171152
44 1 0 3 6 0.0245543
44 2 0 1 6 0.0717205
44 3 0 2 5 0.0377147
44 2 0 3 7 0.0743351
44 3 0 3 10 0.0294417
44 2 0 3 9 0.0203028
44 3 0 3 9 0.0196121
44 2 0 2 6 0.0297492
44 2 0 3 8 0.0388275
44 3 0 1 8 0.0554688
44 2 0 3 4 0.0290162
45 2 4 3 0 0.0932742
45 2 9 1 0 0.0598811
45 1 8 2 0 0.032286
45 2 8 1 0 0.0393203
45 1 10 1 0 0.0491463
45 1 4 1 0 0.0413723
45 2 10 2 0 0.0662201
45 2 11 2 0 0.0863048
45 2 6 1 0 0.0381375
45 2 10 3 0 0.054731
45 3 12 3 0 0.0262187
45 3 6 1 0 0.0331692
45 1 6 2 0 0.0654826
45 2 5 3 0 0.0468152
45 3 7 2 0 0.0351932
45 3 10 3 0 0.0472226
45 3 9 2 0 0.0196952
45 3 9 3 0 0.0335552
45 2 6 2 0 0.0285475
45 3 8 2 0 0.0248066
45 1 8 3 0 0.0548727
45 3 4 2 0 0.0237476
46 7 9 7 9 6.16422e-07
46 9 7 9 7 0.000137671
46 4 5 4 5 0.0218474
46 5 4 5 4 0.00938051
46 5 8 6 9 0.00544047
46 6 9 5 8 5.67747e-05
46 8 6 9 5 0.00568935
46 9 5 8 6 1.13554e-45
46 5 7 6 12 0.0038875
46 6 12 5 7 0.00264923
46 7 6 12 5 0.00263083
46 12 5 7 6 0.00508746
46 4 7 9 6 0.00986783
46 6 4 7 9 0.0038047
46 7 9 6 4 2.86126e-05
46 9 6 4 7 0.0108473
46 5 9 6 8 4.18398e-05
46 6 8 5 9 0.00874379
46 8 5 9 6 0.00969029
46 9 6 8 5 7.89633e-46
46 9 10 11 12 1.31283e-48
46 10 11 12 9 2.87619e-05
46 11 12 9 10 0.000225029
46 12 9 10 11 4.10652e-09
46 8 9 11 10 2.92779e-07
46 9 11 10 8 1.5202e-06
46 10 8 9 11 6.45157e-05
46 11 10 8 9 2.03527e-90
46 5 5 10 9 0.000188343
46 5 10 9 5 4.90621e-46
46 9 5 5 10 0.0140759
46 10 9 5 5 6.42537e-06
46 7 9 9 11 3.93075e-05
46 9 9 11 7 4.64748e-06
46 9 11 7 9 0.00394014
46 11 7 9 9 0.0189401
46 4 4 6 6 0.00152532
46 4 6 6 4 0.00953761
46 6 4 4 6 0.0100987
46 6 6 4 4 0.063146
46 7 7 10 9 0.000134669
46 7 10 9 7 3.81697e-46
46 9 7 7 10 0.00993641
46 10 9 7 7 4.9352e-06
46 7 8 9 12 0.00480244
46 8 9 12 7 5.6027e-06
46 9 12 7 8 0.00447281
46 12 7 8 9 2.07993e-45
46 6 8 7 12 0.00357982
46 7 12 6 8 0.00656781
46 8 7 12 6 0.00353015
46 12 6 8 7 1.11072e-45
46 5 11 9 6 0.0101225
46 6 5 11 9 0.00851439
46 9 6 5 11 0.00707195
46 11 9 6 5 1.13187e-05
46 5 10 8 10 2.74687e-88
46 8 10 5 10 7.59633e-46
46 10 5 10 8 0.000125333
46 10 8 10 5 1.9872e-05
46 6 10 8 12 1.21251e-88
46 8 12 6 10 0.00783371
46 10 8 12 6 0.00207039
46 12 6 10 8 0.00034295
46 6 6 6 9 0.019774
46 6 6 9 6 0.0297079
46 6 9 6 6 3.46737e-05
46 9 6 6 6 0.00709475
46 7 11 11 9 0.00328816
46 9 7 11 11 0.00288472
46 11 9 7 11 1.97579e-05
46 11 11 9 7 0.00502986
46 4 8 12 5 1.44158e-05
46 5 4 8 12 4.45258e-48
46 8 12 5 4 5.11051e-05
46 12 5 4 8 0.000510159
46 4 4 7 10 0.00409239
46 4 7 10 4 0.000153594
46 7 10 4 4 2.23558e-45
46 10 4 4 7 0.00233122
46 4 8 6 9 0.00382418
46 6 9 4 8 0.000178916
46 8 6 9 4 0.0173571
46 9 4 8 6 3.54006e-46
46 4 4 4 11 0.00542966
46 4 4 11 4 0.00145085
46 4 11 4 4 0.0171388
46 11 4 4 4 0.011397
46 5 6 9 10 0.0545323
46 6 9 10 5 3.18818e-07
46 9 10 5 6 3.70005e-46
46 10 5 6 9 0.00586705
46 6 6 11 10 0.020517
46 6 11 10 6 0.000127279
46 10 6 6 11 0.00519859
46 11 10 6 6 4.6833e-46
46 5 6 8 7 1.26202e-45
46 6 8 7 5 0.0028795
46 7 5 6 8 0.0124565
46 8 7 5 6 0.00502002
46 5 6 6 8 0.0182781
46 6 6 8 5 1.68589e-45
46 6 8 5 6 0.00669802
46 8 5 6 6 0.00494091
46 5 6 7 8 0.017976
46 6 7 8 5 1.40372e-45
46 7 8 5 6 0.00451816
46 8 5 6 7 0.00286013
46 4 8 9 6 0.00673621
46 6 4 8 9 1.15683e-45
46 8 9 6 4 2.37523e-05
46 9 6 4 8 0.0429227
46 4 12 6 10 0.00884533
46 6 10 4 12 1.69741e-45
46 10 4 12 6 0.00112948
46 12 6 10 4 0.000290295
46 4 5 12 12 0.00222301
46 5 12 12 4 0.00409199
46 12 4 5 12 0.00123395
46 12 12 4 5 0.00529011
46 5 11 6 12 0.00282033
46 6 12 5 11 0.00547638
46 11 6 12 5 0.00319451
46 12 5 11 6 0.00357111
46 6 6 11 9 0.0116899
46 6 11 9 6 0.0153674
46 9 6 6 11 0.00727006
46 11 9 6 6 2.43207e-05
46 4 10 12 7 1.1271e-46
46 7 4 10 12 2.00767e-05
46 10 12 7 4 0.00250485
46 12 7 4 10 0.0472828
46 4 7 7 8 0.00774597
46 7 7 8 4 2.12686e-45
46 7 8 4 7 0.00606825
46 8 4 7 7 0.000645634
46 4 6 10 6 0.000114741
46 6 4 6 10 0.007937
46 6 10 6 4 9.54796e-46
46 10 6 4 6 0.0156633
46 4 7 8 9 1.73295e-45
46 7 8 9 4 0.0122943
46 8 9 4 7 2.61925e-05
46 9 4 7 8 0.0027589
46 5 6 9 11 0.0186603
46 6 9 11 5 8.87754e-06
46 9 11 5 6 0.00332221
46 11 5 6 9 0.00940106
46 4 8 9 9 0.00941177
46 8 9 9 4 4.98583e-05
46 9 4 8 9 5.79919e-46
46 9 9 4 8 0.000105159
46 5 8 10 10 0.000227969
46 8 10 10 5 3.05281e-48
46 10 5 8 10 2.73436e-45
46 10 10 5 8 5.38171e-46
46 6 10 12 7 2.28394e-46
46 7 6 10 12 8.29563e-05
46 10 12 7 6 0.00165523
46 12 7 6 10 0.0144717
46 5 12 11 7 0.00124551
46 7 5 12 11 0.00495503
46 11 7 5 12 0.00472922
46 12 11 7 5 0.00197484
46 6 7 10 12 0.000121561
46 7 10 12 6 3.15959e-46
46 10 12 6 7 0.00115661
46 12 6 7 10 0.0202927
46 6 12 8 7 6.69373e-46
46 7 6 12 8 0.0106428
46 8 7 6 12 0.00271634
46 12 8 7 6 0.00326317
46 5 8 6 6 0.00436134
46 6 5 8 6 2.53714e-45
46 6 6 5 8 0.0259558
46 8 6 6 5 0.00303578
46 4 11 10 8 0.000134795
46 8 4 11 10 0.00260503
46 10 8 4 11 0.00904499
46 11 10 8 4 1.98554e-88
46 4 5 7 5 3.40774e-05
46 5 4 5 7 1.85939e-05
46 5 7 5 4 0.000167234
46 7 5 4 5 0.000154748
46 4 5 10 9 0.000134272
46 5 10 9 4 1.51808e-45
46 9 4 5 10 0.00445061
46 10 9 4 5 2.05365e-05
46 4 11 7 7 0.00156072
46 7 4 11 7 0.000599967
46 7 7 4 11 0.0201943
46 11 7 7 4 0.00933447
47 7 9 7 9 1.94183e-49
47 9 7 9 7 1.00797e-49
47 4 5 4 5 6.76315e-48
47 5 4 5 4 1.51984e-47
47 5 8 6 9 3.66085e-48
47 6 9 5 8 2.91188e-48
47 8 6 9 5 3.42084e-48
47 9 5 8 6 4.35694e-48
47 5 7 6 12 3.69942e-48
47 6 12 5 7 3.66056e-48
47 7 6 12 5 0.0609784
47 12 5 7 6 7.08091e-48
47 4 7 9 6 7.32102e-48
47 6 4 7 9 3.83231e-48
47 7 9 6 4 6.97146e-48
47 9 6 4 7 4.79468e-48
47 5 9 6 8 3.51055e-48
47 6 8 5 9 3.59649e-48
47 8 5 9 6 5.68067e-48
47 9 6 8 5 3.10751e-48
47 9 10 11 12 4.95537e-50
47 10 11 12 9 0.000683323
47 11 12 9 10 3.92269e-50
47 12 9 10 11 5.61844e-50
47 8 9 11 10 6.49147e-50
47 9 11 10 8 4.63251e-50
47 10 8 9 11 4.69656e-50
47 11 10 8 9 5.76101e-50
47 5 5 10 9 3.38364e-48
47 5 10 9 5 2.28506e-48
47 9 5 5 10 2.42062e-48
47 10 9 5 5 2.94813e-48
47 7 9 9 11 5.32961e-48
47 9 9 11 7 5.04071e-48
47 9 11 7 9 4.43466e-48
47 11 7 9 9 4.45524e-48
47 4 4 6 6 7.19104e-48
47 4 6 6 4 6.6023e-48
47 6 4 4 6 5.09061e-48
47 6 6 4 4 4.67384e-48
47 7 7 10 9 5.90008e-48
47 7 10 9 7 5.03849e-48
47 9 7 7 10 2.7989e-48
47 10 9 7 7 4.3106e-48
47 7 8 9 12 6.39126e-48
47 8 9 12 7 0.0699107
47 9 12 7 8 4.19684e-48
47 12 7 8 9 6.7613e-48
47 6 8 7 12 3.91877e-48
47 7 12 6 8 6.43307e-48
47 8 7 12 6 0.110547
47 12 6 8 7 8.7087e-48
47 5 11 9 6 6.69311e-48
47 6 5 11 9 3.61254e-48
47 9 6 5 11 4.56716e-48
47 11 9 6 5 2.72316e-48
47 5 10 8 10 2.70331e-48
47 8 10 5 10 3.2637e-48
47 10 5 10 8 2.70524e-48
47 10 8 10 5 2.38638e-48
47 6 10 8 12 3.7573e-48
47 8 12 6 10 4.57893e-48
47 10 8 12 6 0.102295
47 12 6 10 8 7.78082e-48
47 6 6 6 9 4.14217e-48
47 6 6 9 6 6.28507e-48
47 6 9 6 6 4.91272e-48
47 9 6 6 6 7.01629e-48
47 7 11 11 9 9.53249e-48
47 9 7 11 11 4.54784e-48
47 11 9 7 11 4.44419e-48
47 11 11 9 7 4.83539e-48
47 4 8 12 5 0.00055265
47 5 4 8 12 6.352e-50
47 8 12 5 4 9.31284e-50
47 12 5 4 8 5.6384e-50
47 4 4 7 10 4.92646e-48
47 4 7 10 4 6.7179e-48
47 7 10 4 4 7.76451e-48
47 10 4 4 7 5.33038e-48
47 4 8 6 9 4.38582e-48
47 6 9 4 8 2.73573e-48
47 8 6 9 4 6.43951e-48
47 9 4 8 6 5.85437e-48
47 4 4 4 11 4.98364e-48
47 4 4 11 4 8.76789e-48
47 4 11 4 4 6.75736e-48
47 11 4 4 4 6.01946e-48
47 5 6 9 10 3.99817e-48
47 6 9 10 5 2.15424e-48
47 9 10 5 6 5.84842e-48
47 10 5 6 9 3.44155e-48
47 6 6 11 10 4.03147e-48
47 6 11 10 6 5.17767e-48
47 10 6 6 11 4.35356e-48
47 11 10 6 6 5.67519e-48
47 5 6 8 7 6.20071e-48
47 6 8 7 5 2.43213e-48
47 7 5 6 8 4.60595e-48
47 8 7 5 6 9.03323e-48
47 5 6 6 8 4.58785e-48
47 6 6 8 5 2.84355e-48
47 6 8 5 6 5.57451e-48
47 8 5 6 6 5.8029e-48
47 5 6 7 8 6.13213e-48
47 6 7 8 5 2.64103e-48
47 7 8 5 6 1.24473e-47
47 8 5 6 7 4.46654e-48
47 4 8 9 6 7.80251e-48
47 6 4 8 9 4.0523e-48
47 8 9 6 4 5.90155e-48
47 9 6 4 8 4.58099e-48
47 4 12 6 10 4.8152e-48
47 6 10 4 12 3.74086e-48
47 10 4 12 6 0.113375
47 12 6 10 4 1.06572e-47
47 4 5 12 12 0.0520616
47 5 12 12 4 0.0709096
47 12 4 5 12 6.70124e-48
47 12 12 4 5 4.06156e-48
47 5 11 6 12 4.07681e-48
47 6 12 5 11 3.29605e-48
47 11 6 12 5 0.0451135
47 12 5 11 6 9.02403e-48
47 6 6 11 9 6.04213e-48
47 6 11 9 6 5.50883e-48
47 9 6 6 11 4.16418e-48
47 11 9 6 6 6.94975e-48
47 4 10 12 7 0.0555456
47 7 4 10 12 6.15988e-48
47 10 12 7 4 5.56036e-48
47 12 7 4 10 4.15569e-48
47 4 7 7 8 5.02368e-48
47 7 7 8 4 8.17317e-48
47 7 8 4 7 6.62718e-48
47 8 4 7 7 5.90611e-48
47 4 6 10 6 8.66017e-48
47 6 4 6 10 2.23627e-48
47 6 10 6 4 2.98031e-48
47 10 6 4 6 7.61276e-48
47 4 7 8 9 6.01673e-48
47 7 8 9 4 7.78964e-48
47 8 9 4 7 5.59903e-48
47 9 4 7 8 4.21207e-48
47 5 6 9 11 4.21756e-48
47 6 9 11 5 2.61306e-48
47 9 11 5 6 6.27673e-48
47 11 5 6 9 3.2603e-48
47 4 8 9 9 5.38775e-48
47 8 9 9 4 6.18332e-48
47 9 4 8 9 4.73974e-48
47 9 9 4 8 3.75169e-48
47 5 8 10 10 3.30318e-48
47 8 10 10 5 2.95279e-48
47 10 5 8 10 2.88197e-48
47 10 10 5 8 3.993e-48
47 6 10 12 7 0.0358032
47 7 6 10 12 7.19385e-48
47 10 12 7 6 7.07275e-48
47 12 7 6 10 3.78388e-48
47 5 12 11 7 6.94688e-48
47 7 5 12 11 0.064855
47 11 7 5 12 5.54823e-48
47 12 11 7 5 4.77692e-48
47 6 7 10 12 3.55237e-48
47 7 10 12 6 0.123303
47 10 12 6 7 4.83528e-48
47 12 6 7 10 6.46452e-48
47 6 12 8 7 3.87713e-48
47 7 6 12 8 0.0940664
47 8 7 6 12 4.73054e-48
47 12 8 7 6 9.63564e-48
47 5 8 6 6 5.9381e-48
47 6 5 8 6 4.17222e-48
47 6 6 5 8 3.9824e-48
47 8 6 6 5 3.65692e-48
47 4 11 10 8 5.53452e-48
47 8 4 11 10 6.1133e-48
47 10 8 4 11 4.43424e-48
47 11 10 8 4 5.90784e-48
47 4 5 7 5 4.26514e-50
47 5 4 5 7 7.71079e-50
47 5 7 5 4 8.5426e-50
47 7 5 4 5 5.04402e-50
47 4 5 10 9 4.11138e-48
47 5 10 9 4 4.36266e-48
47 9 4 5 10 3.29883e-48
47 10 9 4 5 2.80918e-48
47 4 11 7 7 6.3679e-48
47 7 4 11 7 9.77141e-48
47 7 7 4 11 6.15318e-48
47 11 7 7 4 6.28445e-48
48 7 9 7 9 3.65164e-05
48 9 7 9 7 8.66243e-05
48 4 5 4 5 0.0248931
48 5 4 5 4 0.0142607
48 5 8 6 9 0.00557724
48 6 9 5 8 0.00570258
48 8 6 9 5 4.58523e-46
48 9 5 8 6 3.87569e-46
48 5 7 6 12 0.00949113
48 6 12 5 7 0.0170268
48 7 6 12 5 0.00240559
48 12 5 7 6 0.00137598
48 4 7 9 6 0.00672377
48 6 4 7 9 0.00407981
48 7 9 6 4 0.00700566
48 9 6 4 7 0.00376057
48 5 9 6 8 0.00751292
48 6 8 5 9 0.00501394
48 8 5 9 6 3.71736e-46
48 9 6 8 5 5.66204e-46
48 9 10 11 12 8.99987e-48
48 10 11 12 9 1.43724e-05
48 11 12 9 10 0.000273967
48 12 9 10 11 2.19803e-07
48 8 9 11 10 2.63373e-47
48 9 11 10 8 6.86908e-05
48 10 8 9 11 2.63841e-07
48 11 10 8 9 9.06071e-91
48 5 5 10 9 0.00118763
48 5 10 9 5 5.53613e-46
48 9 5 5 10 0.00419232
48 10 9 5 5 0.00253692
48 7 9 9 11 2.71146e-05
48 9 9 11 7 0.00612664
48 9 11 7 9 0.00240263
48 11 7 9 9 0.00309554
48 4 4 6 6 0.0237378
48 4 6 6 4 0.00891414
48 6 4 4 6 0.0179786
48 6 6 4 4 0.00675139
48 7 7 10 9 0.00175479
48 7 10 9 7 3.66427e-46
48 9 7 7 10 0.0045401
48 10 9 7 7 0.0012307
48 7 8 9 12 0.004783
48 8 9 12 7 3.95172e-46
48 9 12 7 8 0.0057422
48 12 7 8 9 2.78139e-46
48 6 8 7 12 0.00817214
48 7 12 6 8 0.0217944
48 8 7 12 6 5.44192e-46
48 12 6 8 7 3.83443e-46
48 5 11 9 6 0.00736919
48 6 5 11 9 0.0049983
48 9 6 5 11 2.26572e-05
48 11 9 6 5 0.0191882
48 5 10 8 10 1.36748e-88
48 8 10 5 10 1.2226e-88
48 10 5 10 8 0.000960825
48 10 8 10 5 0.00288487
48 6 10 8 12 1.86554e-88
48 8 12 6 10 7.30711e-45
48 10 8 12 6 0.00235126
48 12 6 10 8 0.00191598
48 6 6 6 9 0.00634443
48 6 6 9 6 0.00515418
48 6 9 6 6 0.0175647
48 9 6 6 6 0.00632957
48 7 11 11 9 0.00788954
48 9 7 11 11 6.814e-05
48 11 9 7 11 4.14024e-05
48 11 11 9 7 0.0113717
48 4 8 12 5 0.000108602
48 5 4 8 12 1.43178e-47
48 8 12 5 4 1.73608e-47
48 12 5 4 8 3.47424e-05
48 4 4 7 10 0.015375
48 4 7 10 4 0.00635923
48 7 10 4 4 7.20765e-46
48 10 4 4 7 0.0053664
48 4 8 6 9 0.0092678
48 6 9 4 8 0.00868823
48 8 6 9 4 2.92066e-46
48 9 4 8 6 8.82483e-46
48 4 4 4 11 0.000146707
48 4 4 11 4 0.018121
48 4 11 4 4 0.0181772
48 11 4 4 4 0.014177
48 5 6 9 10 0.00469797
48 6 9 10 5 0.0085155
48 9 10 5 6 4.75597e-46
48 10 5 6 9 0.00159433
48 6 6 11 10 0.0189655
48 6 11 10 6 0.0136376
48 10 6 6 11 2.87601e-05
48 11 10 6 6 1.95504e-45
48 5 6 8 7 5.52748e-46
48 6 8 7 5 0.0108159
48 7 5 6 8 0.00594981
48 8 7 5 6 8.21823e-46
48 5 6 6 8 0.00620446
48 6 6 8 5 1.29758e-45
48 6 8 5 6 0.0114636
48 8 5 6 6 1.04619e-45
48 5 6 7 8 0.00232308
48 6 7 8 5 2.29205e-45
48 7 8 5 6 0.00708933
48 8 5 6 7 1.11125e-45
48 4 8 9 6 0.00882764
48 6 4 8 9 1.03711e-45
48 8 9 6 4 1.16698e-45
48 9 6 4 8 0.00367085
48 4 12 6 10 0.0830274
48 6 10 4 12 1.73758e-45
48 10 4 12 6 0.00275978
48 12 6 10 4 0.00188891
48 4 5 12 12 0.00299826
48 5 12 12 4 0.00557185
48 12 4 5 12 0.00430396
48 12 12 4 5 0.0139617
48 5 11 6 12 0.0173917
48 6 12 5 11 0.000157256
48 11 6 12 5 0.00422267
48 12 5 11 6 0.00386199
48 6 6 11 9 0.00570956
48 6 11 9 6 0.0142865
48 9 6 6 11 5.31742e-05
48 11 9 6 6 0.0163282
48 4 10 12 7 4.9742e-46
48 7 4 10 12 0.00495832
48 10 12 7 4 0.00283291
48 12 7 4 10 0.00796178
48 4 7 7 8 0.00502045
48 7 7 8 4 6.64749e-46
48 7 8 4 7 0.0084469
48 8 4 7 7 6.97527e-46
48 4 6 10 6 0.00424745
48 6 4 6 10 0.0423091
48 6 10 6 4 1.58553e-45
48 10 6 4 6 0.00223838
48 4 7 8 9 6.95057e-46
48 7 8 9 4 0.00420649
48 8 9 4 7 9.48518e-46
48 9 4 7 8 0.00372364
48 5 6 9 11 2.07846e-05
48 6 9 11 5 0.0172864
48 9 11 5 6 0.00695675
48 11 5 6 9 0.00480475
48 4 8 9 9 0.00413241
48 8 9 9 4 4.43801e-46
48 9 4 8 9 4.84357e-46
48 9 9 4 8 0.00475743
48 5 8 10 10 0.00923561
48 8 10 10 5 9.32703e-89
48 10 5 8 10 4.47615e-46
48 10 10 5 8 2.36845e-46
48 6 10 12 7 5.4448e-46
48 7 6 10 12 0.00233382
48 10 12 7 6 0.00355082
48 12 7 6 10 0.0115068
48 5 12 11 7 0.0217851
48 7 5 12 11 1.76807e-05
48 11 7 5 12 0.00855963
48 12 11 7 5 0.00601284
48 6 7 10 12 0.0079138
48 7 10 12 6 3.76333e-46
48 10 12 6 7 0.0119586
48 12 6 7 10 0.00289557
48 6 12 8 7 3.12615e-45
48 7 6 12 8 0.00174453
48 8 7 6 12 1.55797e-45
48 12 8 7 6 0.00299607
48 5 8 6 6 0.0133444
48 6 5 8 6 9.29495e-46
48 6 6 5 8 0.00492837
48 8 6 6 5 1.35044e-45
48 4 11 10 8 0.0121029
48 8 4 11 10 3.88884e-45
48 10 8 4 11 4.32375e-05
48 11 10 8 4 1.39091e-88
48 4 5 7 5 6.98028e-05
48 5 4 5 7 9.83844e-05
48 5 7 5 4 6.14402e-05
48 7 5 4 5 8.73191e-05
48 4 5 10 9 0.00200158
48 5 10 9 4 3.57652e-46
48 9 4 5 10 0.00968157
48 10 9 4 5 0.00392012
48 4 11 7 7 0.0103572
48 7 4 11 7 0.0129162
48 7 7 4 11 6.5302e-05
48 11 7 7 4 0.00504459
49 7 9 7 9 0.00111225
49 9 7 9 7 1.34501e-49
49 4 5 4 5 6.20374e-48
49 5 4 5 4 1.76023e-47
49 5 8 6 9 5.2447e-48
49 6 9 5 8 2.09638e-48
49 8 6 9 5 5.57398e-48
49 9 5 8 6 3.33825e-48
49 5 7 6 12 9.69498e-48
49 6 12 5 7 1.3215e-48
49 7 6 12 5 0.0586644
49 12 5 7 6 7.25805e-48
49 4 7 9 6 8.09166e-48
49 6 4 7 9 6.99412e-48
49 7 9 6 4 0.0335319
49 9 6 4 7 2.88106e-48
49 5 9 6 8 2.72527e-48
49 6 8 5 9 4.77835e-48
49 8 5 9 6 4.62388e-48
49 9 6 8 5 4.76623e-48
49 9 10 11 12 3.65516e-50
49 10 11 12 9 9.84511e-50
49 11 12 9 10 2.09798e-50
49 12 9 10 11 3.71366e-50
49 8 9 11 10 2.10102e-50
49 9 11 10 8 6.58408e-50
49 10 8 9 11 6.20449e-50
49 11 10 8 9 5.42766e-50
49 5 5 10 9 3.76378e-48
49 5 10 9 5 3.20062e-48
49 9 5 5 10 2.41846e-48
49 10 9 5 5 2.54366e-48
49 7 9 9 11 0.029343
49 9 9 11 7 1.57356e-48
49 9 11 7 9 9.92827e-48
49 11 7 9 9 1.03251e-47
49 4 4 6 6 6.00159e-48
49 4 6 6 4 7.11855e-48
49 6 4 4 6 3.60138e-48
49 6 6 4 4 4.27164e-48
49 7 7 10 9 0.0579045
49 7 10 9 7 0.0215651
49 9 7 7 10 5.15182e-48
49 10 9 7 7 2.37307e-48
49 7 8 9 12 0.0682232
49 8 9 12 7 2.55805e-48
49 9 12 7 8 2.35844e-48
49 12 7 8 9 1.01234e-47
49 6 8 7 12 8.36523e-48
49 7 12 6 8 0.0208406
49 8 7 12 6 1.02594e-47
49 12 6 8 7 6.27991e-48
49 5 11 9 6 9.44572e-48
49 6 5 11 9 3.20491e-48
49 9 6 5 11 6.16632e-48
49 11 9 6 5 3.59362e-48
49 5 10 8 10 1.83557e-48
49 8 10 5 10 2.01974e-48
49 10 5 10 8 2.40691e-48
49 10 8 10 5 3.09862e-48
49 6 10 8 12 4.29394e-48
49 8 12 6 10 1.8339e-48
49 10 8 12 6 6.99137e-48
49 12 6 10 8 7.59616e-48
49 6 6 6 9 6.98633e-48
49 6 6 9 6 7.13074e-48
49 6 9 6 6 3.27333e-48
49 9 6 6 6 7.36394e-48
49 7 11 11 9 0.0674441
49 9 7 11 11 5.53316e-48
49 11 9 7 11 5.04546e-48
49 11 11 9 7 7.43694e-48
49 4 8 12 5 6.37748e-50
49 5 4 8 12 9.26067e-50
49 8 12 5 4 3.42505e-50
49 12 5 4 8 4.1625e-50
49 4 4 7 10 5.23981e-48
49 4 7 10 4 7.58953e-48
49 7 10 4 4 0.0280591
49 10 4 4 7 2.89739e-48
49 4 8 6 9 4.92743e-48
49 6 9 4 8 1.41177e-48
49 8 6 9 4 7.10115e-48
49 9 4 8 6 4.70397e-48
49 4 4 4 11 3.83524e-48
49 4 4 11 4 5.2146e-48
49 4 11 4 4 6.02436e-48
49 11 4 4 4 5.70808e-48
49 5 6 9 10 4.85272e-48
49 6 9 10 5 2.09922e-48
49 9 10 5 6 3.65882e-48
49 10 5 6 9 4.48525e-48
49 6 6 11 10 3.06866e-48
49 6 11 10 6 6.3649e-48
49 10 6 6 11 6.31214e-48
49 11 10 6 6 4.88188e-48
49 5 6 8 7 4.76061e-48
49 6 8 7 5 5.53843e-48
49 7 5 6 8 0.0371138
49 8 7 5 6 9.11692e-48
49 5 6 6 8 6.2629e-48
49 6 6 8 5 4.86879e-48
49 6 8 5 6 5.145e-48
49 8 5 6 6 4.87785e-48
49 5 6 7 8 9.00186e-48
49 6 7 8 5 6.22296e-48
49 7 8 5 6 0.063797
49 8 5 6 7 3.58213e-48
49 4 8 9 6 5.89668e-48
49 6 4 8 9 5.23243e-48
49 8 9 6 4 3.82195e-48
49 9 6 4 8 3.72378e-48
49 4 12 6 10 1.82587e-48
49 6 10 4 12 3.37185e-48
49 10 4 12 6 8.28616e-48
49 12 6 10 4 1.04788e-47
49 4 5 12 12 5.74281e-48
49 5 12 12 4 2.89516e-48
49 12 4 5 12 1.00969e-47
49 12 12 4 5 1.794e-48
49 5 11 6 12 1.06981e-47
49 6 12 5 11 1.91645e-48
49 11 6 12 5 8.05885e-48
49 12 5 11 6 4.71531e-48
49 6 6 11 9 5.58657e-48
49 6 11 9 6 8.61229e-48
49 9 6 6 11 6.71586e-48
49 11 9 6 6 4.77478e-48
49 4 10 12 7 2.40925e-48
49 7 4 10 12 0.0552894
49 10 12 7 4 2.8292e-48
49 12 7 4 10 4.04006e-48
49 4 7 7 8 7.95862e-48
49 7 7 8 4 0.0723777
49 7 8 4 7 0.0232293
49 8 4 7 7 5.34162e-48
49 4 6 10 6 5.46924e-48
49 6 4 6 10 3.12445e-48
49 6 10 6 4 3.23199e-48
49 10 6 4 6 4.3103e-48
49 4 7 8 9 7.52157e-48
49 7 8 9 4 0.0600313
49 8 9 4 7 1.597e-48
49 9 4 7 8 6.17402e-48
49 5 6 9 11 6.63747e-48
49 6 9 11 5 1.83327e-48
49 9 11 5 6 7.5994e-48
49 11 5 6 9 5.44056e-48
49 4 8 9 9 5.8614e-48
49 8 9 9 4 3.87762e-48
49 9 4 8 9 5.48226e-48
49 9 9 4 8 1.73428e-48
49 5 8 10 10 2.96636e-48
49 8 10 10 5 2.69373e-48
49 10 5 8 10 2.35255e-48
49 10 10 5 8 2.89855e-48
49 6 10 12 7 2.1937e-48
49 7 6 10 12 0.0641704
49 10 12 7 6 2.76842e-48
49 12 7 6 10 6.13027e-48
49 5 12 11 7 1.48246e-48
49 7 5 12 11 0.0478945
49 11 7 5 12 1.39042e-47
49 12 11 7 5 1.35064e-47
49 6 7 10 12 7.85247e-48
49 7 10 12 6 0.0439732
49 10 12 6 7 1.67918e-48
49 12 6 7 10 8.18408e-48
49 6 12 8 7 1.27206e-48
49 7 6 12 8 0.0608104
49 8 7 6 12 1.02686e-47
49 12 8 7 6 9.68573e-48
49 5 8 6 6 5.9097e-48
49 6 5 8 6 3.56863e-48
49 6 6 5 8 5.04164e-48
49 8 6 6 5 6.15352e-48
49 4 11 10 8 6.21634e-48
49 8 4 11 10 3.50099e-48
49 10 8 4 11 3.63014e-48
49 11 10 8 4 5.02619e-48
49 4 5 7 5 7.01116e-50
49 5 4 5 7 6.55448e-50
49 5 7 5 4 1.35309e-49
49 7 5 4 5 0.000362953
49 4 5 10 9 3.5864e-48
49 5 10 9 4 4.13554e-48
49 9 4 5 10 3.45636e-48
49 10 9 4 5 1.73735e-48
49 4 11 7 7 7.46709e-48
49 7 4 11 7 0.0334597
49 7 7 4 11 0.0508022
49 11 7 7 4 1.46056e-47
50 7 9 7 9 5.02662e-05
50 9 7 9 7 4.15999e-47
50 4 5 4 5 2.66139e-45
50 5 4 5 4 0.0150491
50 5 8 6 9 0.0051165
50 6 9 5 8 0.0398998
50 8 6 9 5 0.0112256
50 9 5 8 6 5.76498e-46
50 5 7 6 12 6.15327e-46
50 6 12 5 7 0.0638759
50 7 6 12 5 0.00369008
50 12 5 7 6 2.30506e-05
50 4 7 9 6 2.56988e-88
50 6 4 7 9 0.00515267
50 7 9 6 4 0.00301135
50 9 6 4 7 0.00480511
50 5 9 6 8 0.0095861
50 6 8 5 9 0.0252232
50 8 5 9 6 0.0139052
50 9 6 8 5 5.51222e-46
50 9 10 11 12 5.59842e-06
50 10 11 12 9 2.71819e-07
50 11 12 9 10 0.000599077
50 12 9 10 11 3.36429e-09
50 8 9 11 10 4.59157e-05
50 9 11 10 8 5.23549e-09
50 10 8 9 11 0.000111222
50 11 10 8 9 8.21446e-48
50 5 5 10 9 3.266e-05
50 5 10 9 5 0.00304203
50 9 5 5 10 0.0091349
50 10 9 5 5 0.0119105
50 7 9 9 11 0.00394739
50 9 9 11 7 0.00176384
50 9 11 7 9 8.77159e-06
50 11 7 9 9 2.63464e-45
50 4 4 6 6 1.01262e-45
50 4 6 6 4 5.24858e-46
50 6 4 4 6 0.0122464
50 6 6 4 4 0.0063475
50 7 7 10 9 5.41406e-48
50 7 10 9 7 0.00303384
50 9 7 7 10 4.65461e-46
50 10 9 7 7 0.00365118
50 7 8 9 12 0.00745945
50 8 9 12 7 0.0146601
50 9 12 7 8 0.0144434
50 12 7 8 9 1.07416e-90
50 6 8 7 12 0.00786009
50 7 12 6 8 0.0268388
50 8 7 12 6 2.30805e-45
50 12 6 8 7 7.41769e-48
50 5 11 9 6 2.90566e-05
50 6 5 11 9 0.00279075
50 9 6 5 11 0.00449439
50 11 9 6 5 0.013956
50 5 10 8 10 2.83032e-46
50 8 10 5 10 0.00831132
50 10 5 10 8 0.000102507
50 10 8 10 5 8.21291e-05
50 6 10 8 12 6.8773e-46
50 8 12 6 10 0.0384894
50 10 8 12 6 0.0125287
50 12 6 10 8 9.27787e-07
50 6 6 6 9 0.00842847
50 6 6 9 6 0.0145503
50 6 9 6 6 0.0132322
50 9 6 6 6 0.00425597
50 7 11 11 9 4.67627e-06
50 9 7 11 11 1.72727e-46
50 11 9 7 11 0.00432647
50 11 11 9 7 9.69371e-05
50 4 8 12 5 2.24479e-47
50 5 4 8 12 6.74326e-48
50 8 12 5 4 0.000444989
50 12 5 4 8 1.33557e-06
50 4 4 7 10 6.77471e-46
50 4 7 10 4 1.2923e-90
50 7 10 4 4 0.00153172
50 10 4 4 7 0.00930257
50 4 8 6 9 1.11635e-45
50 6 9 4 8 0.0232423
50 8 6 9 4 0.00730946
50 9 4 8 6 6.36296e-46
50 4 4 4 11 7.05902e-46
50 4 4 11 4 2.17366e-46
50 4 11 4 4 3.13413e-48
50 11 4 4 4 0.00953077
50 5 6 9 10 0.00618399
50 6 9 10 5 0.000124421
50 9 10 5 6 0.00411486
50 10 5 6 9 0.00526502
50 6 6 11 10 0.00317812
50 6 11 10 6 4.82674e-07
50 10 6 6 11 0.00328888
50 11 10 6 6 0.00578667
50 5 6 8 7 6.62026e-46
50 6 8 7 5 0.0103903
50 7 5 6 8 0.00931391
50 8 7 5 6 3.67794e-45
50 5 6 6 8 0.00795553
50 6 6 8 5 1.42229e-45
50 6 8 5 6 0.0328633
50 8 5 6 6 0.0104946
50 5 6 7 8 0.00460944
50 6 7 8 5 3.70856e-88
50 7 8 5 6 0.0136754
50 8 5 6 7 0.0144639
50 4 8 9 6 2.25956e-45
50 6 4 8 9 1.47744e-45
50 8 9 6 4 0.00779376
50 9 6 4 8 0.00876487
50 4 12 6 10 3.83674e-45
50 6 10 4 12 0.00537473
50 10 4 12 6 0.00913895
50 12 6 10 4 3.19887e-07
50 4 5 12 12 7.95501e-46
50 5 12 12 4 0.0090432
50 12 4 5 12 7.18507e-05
50 12 12 4 5 0.000144447
50 5 11 6 12 1.5273e-05
50 6 12 5 11 0.0350167
50 11 6 12 5 0.011204
50 12 5 11 6 1.38642e-05
50 6 6 11 9 0.00251529
50 6 11 9 6 8.06411e-05
50 9 6 6 11 0.00275362
50 11 9 6 6 0.0143169
50 4 10 12 7 5.46493e-46
50 7 4 10 12 3.01327e-05
50 10 12 7 4 0.00550308
50 12 7 4 10 9.81378e-48
50 4 7 7 8 1.93072e-88
50 7 7 8 4 7.39842e-89
50 7 8 4 7 0.00808346
50 8 4 7 7 0.00681011
50 4 6 10 6 6.89586e-48
50 6 4 6 10 0.0131349
50 6 10 6 4 0.00341906
50 10 6 4 6 0.00486766
50 4 7 8 9 2.18211e-131
50 7 8 9 4 0.00669817
50 8 9 4 7 0.0141965
50 9 4 7 8 0.00577128
50 5 6 9 11 0.00315666
50 6 9 11 5 0.00358217
50 9 11 5 6 3.58268e-05
50 11 5 6 9 0.0094158
50 4 8 9 9 1.85615e-45
50 8 9 9 4 0.0110525
50 9 4 8 9 6.12844e-46
50 9 9 4 8 0.0113037
50 5 8 10 10 7.53551e-05
50 8 10 10 5 4.80958e-05
50 10 5 8 10 9.81429e-46
50 10 10 5 8 0.0109718
50 6 10 12 7 0.00652199
50 7 6 10 12 2.30863e-05
50 10 12 7 6 0.00813442
50 12 7 6 10 9.68436e-48
50 5 12 11 7 0.00494227
50 7 5 12 11 0.00319146
50 11 7 5 12 3.54182e-45
50 12 11 7 5 1.31818e-07
50 6 7 10 12 1.71732e-47
50 7 10 12 6 0.00233776
50 10 12 6 7 0.0229708
50 12 6 7 10 2.55473e-05
50 6 12 8 7 5.34399e-45
50 7 6 12 8 0.00782206
50 8 7 6 12 1.51171e-45
50 12 8 7 6 3.91484e-05
50 5 8 6 6 0.00697626
50 6 5 8 6 1.55667e-45
50 6 6 5 8 0.0346525
50 8 6 6 5 0.00886613
50 4 11 10 8 9.52602e-50
50 8 4 11 10 0.00418562
50 10 8 4 11 0.00715866
50 11 10 8 4 6.09337e-46
50 4 5 7 5 7.88516e-48
50 5 4 5 7 0.000158869
50 5 7 5 4 1.55787e-47
50 7 5 4 5 6.8489e-05
50 4 5 10 9 7.2273e-48
50 5 10 9 4 0.00200897
50 9 4 5 10 0.0102258
50 10 9 4 5 0.00703676
50 4 11 7 7 2.88723e-48
50 7 4 11 7 0.00173927
50 7 7 4 11 5.53874e-46
50 11 7 7 4 8.60964e-46
51 7 9 7 9 1.80416e-49
51 9 7 9 7 2.66412e-50
51 4 5 4 5 1.27157e-47
51 5 4 5 4 1.9839e-47
51 5 8 6 9 7.75692e-48
51 6 9 5 8 1.88827e-48
51 8 6 9 5 8.38616e-48
51 9 5 8 6 2.5194e-48
51 5 7 6 12 4.59685e-48
51 6 12 5 7 3.61363e-48
51 7 6 12 5 9.67044e-48
51 12 5 7 6 6.19599e-48
51 4 7 9 6 6.08089e-48
51 6 4 7 9 7.41066e-48
51 7 9 6 4 2.97805e-48
51 9 6 4 7 2.60271e-48
51 5 9 6 8 3.3423e-48
51 6 8 5 9 5.19045e-48
51 8 5 9 6 1.00321e-47
51 9 6 8 5 2.4944e-48
51 9 10 11 12 2.69158e-50
51 10 11 12 9 6.82742e-50
51 11 12 9 10 5.71497e-50
51 12 9 10 11 0.000268383
51 8 9 11 10 8.74609e-50
51 9 11 10 8 0.000169081
51 10 8 9 11 3.56523e-50
51 11 10 8 9 6.37379e-50
51 5 5 10 9 0.0783134
51 5 10 9 5 3.23661e-48
51 9 5 5 10 1.82527e-48
51 10 9 5 5 1.89587e-48
51 7 9 9 11 3.32388e-48
51 9 9 11 7 1.42643e-48
51 9 11 7 9 2.67479e-48
51 11 7 9 9 3.91624e-48
51 4 4 6 6 1.2439e-47
51 4 6 6 4 7.75926e-48
51 6 4 4 6 6.56962e-48
51 6 6 4 4 4.09804e-48
51 7 7 10 9 0.0474987
51 7 10 9 7 3.07212e-48
51 9 7 7 10 1.15326e-48
51 10 9 7 7 1.87461e-48
51 7 8 9 12 7.85728e-48
51 8 9 12 7 6.51279e-48
51 9 12 7 8 2.4684e-48
51 12 7 8 9 4.84416e-48
51 6 8 7 12 5.15494e-48
51 7 12 6 8 6.9349e-48
51 8 7 12 6 1.14992e-47
51 12 6 8 7 7.15363e-48
51 5 11 9 6 7.75764e-48
51 6 5 11 9 6.13862e-48
51 9 6 5 11 2.98108e-48
51 11 9 6 5 2.11561e-48
51 5 10 8 10 4.03679e-48
51 8 10 5 10 5.16926e-48
51 10 5 10 8 0.0217977
51 10 8 10 5 0.0206674
51 6 10 8 12 4.00244e-48
51 8 12 6 10 1.09737e-47
51 10 8 12 6 8.3222e-48
51 12 6 10 8 0.0692826
51 6 6 6 9 7.89927e-48
51 6 6 9 6 7.99915e-48
51 6 9 6 6 3.25949e-48
51 9 6 6 6 4.55328e-48
51 7 11 11 9 1.05382e-47
51 9 7 11 11 1.44535e-48
51 11 9 7 11 2.80756e-48
51 11 11 9 7 3.02274e-48
51 4 8 12 5 9.51257e-50
51 5 4 8 12 1.64375e-49
51 8 12 5 4 1.17912e-49
51 12 5 4 8 4.82215e-50
51 4 4 7 10 1.11125e-47
51 4 7 10 4 0.0356625
51 7 10 4 4 3.89915e-48
51 10 4 4 7 4.50895e-48
51 4 8 6 9 8.48398e-48
51 6 9 4 8 1.77404e-48
51 8 6 9 4 8.79255e-48
51 9 4 8 6 3.85241e-48
51 4 4 4 11 8.6706e-48
51 4 4 11 4 1.04486e-47
51 4 11 4 4 4.92594e-48
51 11 4 4 4 5.06635e-48
51 5 6 9 10 9.74227e-48
51 6 9 10 5 0.016401
51 9 10 5 6 2.32593e-48
51 10 5 6 9 4.58257e-48
51 6 6 11 10 6.69086e-48
51 6 11 10 6 0.0379199
51 10 6 6 11 4.36703e-48
51 11 10 6 6 4.19038e-48
51 5 6 8 7 9.69184e-48
51 6 8 7 5 2.89751e-48
51 7 5 6 8 4.77119e-48
51 8 7 5 6 8.71719e-48
51 5 6 6 8 8.37889e-48
51 6 6 8 5 4.47643e-48
51 6 8 5 6 5.36917e-48
51 8 5 6 6 1.0248e-47
51 5 6 7 8 1.11992e-47
51 6 7 8 5 2.02435e-48
51 7 8 5 6 1.12043e-47
51 8 5 6 7 6.59801e-48
51 4 8 9 6 1.0073e-47
51 6 4 8 9 7.83605e-48
51 8 9 6 4 4.2007e-48
51 9 6 4 8 2.90562e-48
51 4 12 6 10 9.9327e-48
51 6 10 4 12 3.98492e-48
51 10 4 12 6 1.23587e-47
51 12 6 10 4 0.0668882
51 4 5 12 12 1.16502e-47
51 5 12 12 4 9.12408e-48
51 12 4 5 12 9.11355e-48
51 12 12 4 5 4.57473e-48
51 5 11 6 12 6.45349e-48
51 6 12 5 11 3.91248e-48
51 11 6 12 5 7.24709e-48
51 12 5 11 6 7.89627e-48
51 6 6 11 9 1.15226e-47
51 6 11 9 6 4.3489e-48
51 9 6 6 11 2.71805e-48
51 11 9 6 6 4.3651e-48
51 4 10 12 7 5.23581e-48
51 7 4 10 12 0.0941327
51 10 12 7 4 3.54255e-48
51 12 7 4 10 2.59113e-48
51 4 7 7 8 4.07832e-48
51 7 7 8 4 3.26096e-48
51 7 8 4 7 4.98989e-48
51 8 4 7 7 9.92843e-48
51 4 6 10 6 0.137055
51 6 4 6 10 3.76339e-48
51 6 10 6 4 1.60142e-48
51 10 6 4 6 7.5923e-48
51 4 7 8 9 7.48828e-48
51 7 8 9 4 4.83058e-48
51 8 9 4 7 4.83893e-48
51 9 4 7 8 2.70902e-48
51 5 6 9 11 7.9266e-48
51 6 9 11 5 2.14444e-48
51 9 11 5 6 2.5266e-48
51 11 5 6 9 5.24462e-48
51 4 8 9 9 1.04221e-47
51 8 9 9 4 4.40126e-48
51 9 4 8 9 4.6734e-48
51 9 9 4 8 1.24051e-48
51 5 8 10 10 0.0565081
51 8 10 10 5 0.0411545
51 10 5 8 10 3.33966e-48
51 10 10 5 8 2.38525e-48
51 6 10 12 7 2.51787e-48
51 7 6 10 12 0.108416
51 10 12 7 6 6.54082e-48
51 12 7 6 10 2.3593e-48
51 5 12 11 7 1.00686e-47
51 7 5 12 11 7.45222e-48
51 11 7 5 12 4.44529e-48
51 12 11 7 5 3.59911e-48
51 6 7 10 12 0.0278919
51 7 10 12 6 9.6883e-48
51 10 12 6 7 3.74038e-48
51 12 6 7 10 8.27834e-48
51 6 12 8 7 3.82743e-48
51 7 6 12 8 1.17877e-47
51 8 7 6 12 6.23472e-48
51 12 8 7 6 7.16094e-48
51 5 8 6 6 8.3971e-48
51 6 5 8 6 4.73151e-48
51 6 6 5 8 4.95383e-48
51 8 6 6 5 8.96492e-48
51 4 11 10 8 0.0531005
51 8 4 11 10 1.6021e-47
51 10 8 4 11 3.3661e-48
51 11 10 8 4 3.00519e-48
51 4 5 7 5 8.01909e-50
51 5 4 5 7 1.22208e-49
51 5 7 5 4 5.35443e-50
51 7 5 4 5 6.61239e-50
51 4 5 10 9 0.0868721
51 5 10 9 4 3.44172e-48
51 9 4 5 10 2.83072e-48
51 10 9 4 5 1.80651e-48
51 4 11 7 7 5.63623e-48
51 7 4 11 7 9.85802e-48
51 7 7 4 11 3.58423e-48
51 11 7 7 4 2.53985e-48
52 7 9 7 9 2.23151e-05
52 9 7 9 7 0.000168148
52 4 5 4 5 0.00372179
52 5 4 5 4 0.0279598
52 5 8 6 9 0.00249289
52 6 9 5 8 0.00889875
52 8 6 9 5 0.0144052
52 9 5 8 6 2.53812e-46
52 5 7 6 12 5.15744e-46
52 6 12 5 7 0.00711084
52 7 6 12 5 0.00463784
52 12 5 7 6 0.00201835
52 4 7 9 6 0.00590885
52 6 4 7 9 0.00118733
52 7 9 6 4 0.00316527
52 9 6 4 7 0.00489486
52 5 9 6 8 0.00572104
52 6 8 5 9 0.00459256
52 8 5 9 6 0.00334369
52 9 6 8 5 1.2951e-45
52 9 10 11 12 2.95903e-90
52 10 11 12 9 3.02332e-06
52 11 12 9 10 8.63754e-06
52 12 9 10 11 8.35529e-05
52 8 9 11 10 4.60941e-48
52 9 11 10 8 3.82376e-05
52 10 8 9 11 0.000214427
52 11 10 8 9 2.03601e-48
52 5 5 10 9 0.00033135
52 5 10 9 5 0.050295
52 9 5 5 10 0.00130496
52 10 9 5 5 0.0149542
52 7 9 9 11 0.012577
52 9 9 11 7 1.36698e-45
52 9 11 7 9 0.0007063
52 11 7 9 9 0.000429758
52 4 4 6 6 0.00981326
52 4 6 6 4 0.00305523
52 6 4 4 6 0.00665118
52 6 6 4 4 0.00207076
52 7 7 10 9 0.000362849
52 7 10 9 7 0.0274957
52 9 7 7 10 0.000816616
52 10 9 7 7 0.00467181
52 7 8 9 12 2.42948e-45
52 8 9 12 7 0.00361666
52 9 12 7 8 0.00108712
52 12 7 8 9 6.22498e-47
52 6 8 7 12 1.67445e-45
52 7 12 6 8 0.00153342
52 8 7 12 6 0.00178202
52 12 6 8 7 1.39194e-45
52 5 11 9 6 0.0184944
52 6 5 11 9 5.51202e-47
52 9 6 5 11 0.0177517
52 11 9 6 5 0.00681318
52 5 10 8 10 8.1566e-46
52 8 10 5 10 0.00872742
52 10 5 10 8 0.000574898
52 10 8 10 5 0.0105877
52 6 10 8 12 3.08194e-88
52 8 12 6 10 0.000932918
52 10 8 12 6 0.00605803
52 12 6 10 8 0.00473872
52 6 6 6 9 0.00147251
52 6 6 9 6 0.0197434
52 6 9 6 6 0.0121969
52 9 6 6 6 0.0103094
52 7 11 11 9 1.5195e-46
52 9 7 11 11 6.0556e-46
52 11 9 7 11 0.00420795
52 11 11 9 7 0.00795625
52 4 8 12 5 0.000104154
52 5 4 8 12 2.16259e-90
52 8 12 5 4 2.50681e-05
52 12 5 4 8 8.08515e-06
52 4 4 7 10 0.0025246
52 4 7 10 4 0.00128174
52 7 10 4 4 0.00400148
52 10 4 4 7 0.00448371
52 4 8 6 9 0.00162102
52 6 9 4 8 0.00231684
52 8 6 9 4 0.0041863
52 9 4 8 6 1.1108e-45
52 4 4 4 11 0.00498545
52 4 4 11 4 5.67199e-46
52 4 11 4 4 0.00142938
52 11 4 4 4 0.00122356
52 5 6 9 10 0.00622697
52 6 9 10 5 0.0117738
52 9 10 5 6 0.039993
52 10 5 6 9 0.000208125
52 6 6 11 10 5.30605e-46
52 6 11 10 6 0.00866777
52 10 6 6 11 0.00646153
52 11 10 6 6 0.0122708
52 5 6 8 7 1.81993e-45
52 6 8 7 5 0.0217681
52 7 5 6 8 0.00122187
52 8 7 5 6 0.00831934
52 5 6 6 8 0.00658023
52 6 6 8 5 1.76233e-45
52 6 8 5 6 0.0437535
52 8 5 6 6 0.00237585
52 5 6 7 8 0.00596366
52 6 7 8 5 8.65505e-46
52 7 8 5 6 0.0409921
52 8 5 6 7 0.00273114
52 4 8 9 6 0.0254831
52 6 4 8 9 1.86021e-46
52 8 9 6 4 0.0030322
52 9 6 4 8 0.00229603
52 4 12 6 10 0.00100396
52 6 10 4 12 1.42088e-45
52 10 4 12 6 0.00403323
52 12 6 10 4 0.00385817
52 4 5 12 12 8.63903e-47
52 5 12 12 4 0.000629904
52 12 4 5 12 2.07608e-45
52 12 12 4 5 0.00201499
52 5 11 6 12 1.05613e-45
52 6 12 5 11 0.00675537
52 11 6 12 5 0.00291895
52 12 5 11 6 4.12589e-46
52 6 6 11 9 2.33615e-46
52 6 11 9 6 0.0170034
52 9 6 6 11 0.00964124
52 11 9 6 6 0.00615882
52 4 10 12 7 0.00717466
52 7 4 10 12 7.62869e-46
52 10 12 7 4 0.000548841
52 12 7 4 10 0.000603096
52 4 7 7 8 0.00140219
52 7 7 8 4 1.73499e-46
52 7 8 4 7 0.00903276
52 8 4 7 7 0.00797568
52 4 6 10 6 0.00716943
52 6 4 6 10 0.00347828
52 6 10 6 4 0.00786848
52 10 6 4 6 0.00333588
52 4 7 8 9 5.52114e-47
52 7 8 9 4 0.00957512
52 8 9 4 7 0.00458588
52 9 4 7 8 0.00395492
52 5 6 9 11 0.0186891
52 6 9 11 5 1.99207e-45
52 9 11 5 6 0.0152129
52 11 5 6 9 0.000163259
52 4 8 9 9 0.00286284
52 8 9 9 4 0.00456738
52 9 4 8 9 1.46312e-46
52 9 9 4 8 0.00213655
52 5 8 10 10 0.00597034
52 8 10 10 5 0.0186959
52 10 5 8 10 5.96039e-47
52 10 10 5 8 0.0128342
52 6 10 12 7 0.00951752
52 7 6 10 12 6.93151e-46
52 10 12 7 6 0.00160175
52 12 7 6 10 0.00118038
52 5 12 11 7 7.82688e-46
52 7 5 12 11 0.00108643
52 11 7 5 12 5.1774e-46
52 12 11 7 5 0.00957149
52 6 7 10 12 4.31352e-46
52 7 10 12 6 0.00920866
52 10 12 6 7 0.00241189
52 12 6 7 10 0.00258597
52 6 12 8 7 4.50726e-46
52 7 6 12 8 0.00185808
52 8 7 6 12 3.49787e-46
52 12 8 7 6 0.0148921
52 5 8 6 6 0.0248541
52 6 5 8 6 3.61438e-46
52 6 6 5 8 0.0107111
52 8 6 6 5 0.0107115
52 4 11 10 8 0.00330096
52 8 4 11 10 4.91045e-46
52 10 8 4 11 0.00655123
52 11 10 8 4 5.59343e-46
52 4 5 7 5 3.42097e-05
52 5 4 5 7 0.000486066
52 5 7 5 4 6.4652e-05
52 7 5 4 5 2.3969e-05
52 4 5 10 9 0.000218527
52 5 10 9 4 0.0148241
52 9 4 5 10 0.00579233
52 10 9 4 5 0.00394879
52 4 11 7 7 0.00672727
52 7 4 11 7 1.87037e-45
52 7 7 4 11 0.00218668
52 11 7 7 4 0.000765957
53 3 0 2 4 0.0347081
53 1 0 2 9 0.0635337
53 2 0 1 8 0.0748339
53 1 0 2 8 0.0450389
53 1 0 1 10 0.0769727
53 1 0 1 4 0.0350567
53 2 0 2 10 0.0755035
53 2 0 2 11 0.0891059
53 1 0 2 6 0.0297513
53 3 0 2 10 0.0376433
53 3 0 3 12 0.0256638
53 1 0 3 6 0.0261206
53 2 0 1 6 0.10337
53 3 0 2 5 0.0193672
53 2 0 3 7 0.0252751
53 3 0 3 10 0.0327868
53 2 0 3 9 0.025603
53 3 0 3 9 0.0263129
53 2 0 2 6 0.0270298
53 2 0 3 8 0.034814
53 3 0 1 8 0.0767214
53 2 0 3 4 0.0147879
54 2 4 3 0 0.0724099
54 2 9 1 0 0.112773
54 1 8 2 0 0.0271828
54 2 8 1 0 0.0224608
54 1 10 1 0 9.73025e-45
54 1 4 1 0 0.037766
54 2 10 2 0 1.90999e-44
54 2 11 2 0 2.36075e-44
54 2 6 1 0 0.0668216
54 2 10 3 0 9.21535e-45
54 3 12 3 0 0.0355656
54 3 6 1 0 0.0560619
54 1 6 2 0 0.169107
54 2 5 3 0 0.0345189
54 3 7 2 0 0.109996
54 3 10 3 0 7.67003e-45
54 3 9 2 0 0.0524308
54 3 9 3 0 0.0521462
54 2 6 2 0 0.0732945
54 3 8 2 0 0.0200301
54 1 8 3 0 0.0269695
54 3 4 2 0 0.0304641
55 7 9 7 9 3.3397e-49
55 9 7 9 7 7.8099e-50
55 4 5 4 5 9.02308e-48
55 5 4 5 4 3.71723e-47
55 5 8 6 9 8.06231e-48
55 6 9 5 8 2.20824e-47
55 8 6 9 5 1.29942e-48
55 9 5 8 6 4.33723e-48
55 5 7 6 12 3.00843e-48
55 6 12 5 7 1.14734e-47
55 7 6 12 5 5.38377e-48
55 12 5 7 6 7.54565e-48
55 4 7 9 6 4.53535e-48
55 6 4 7 9 1.33864e-47
55 7 9 6 4 1.04135e-47
55 9 6 4 7 5.41292e-48
55 5 9 6 8 1.169e-47
55 6 8 5 9 1.8038e-47
55 8 5 9 6 4.91258e-48
55 9 6 8 5 1.35878e-48
55 9 10 11 12 2.28351e-50
55 10 11 12 9 0.00219047
55 11 12 9 10 2.74612e-49
55 12 9 10 11 5.23613e-50
55 8 9 11 10 1.44312e-49
55 9 11 10 8 0.00118518
55 10 8 9 11 8.50974e-50
55 11 10 8 9 1.05696e-49
55 5 5 10 9 6.28589e-48
55 5 10 9 5 1.78558e-48
55 9 5 5 10 2.47979e-47
55 10 9 5 5 3.72611e-48
55 7 9 9 11 7.47531e-48
55 9 9 11 7 2.83703e-48
55 9 11 7 9 0.107575
55 11 7 9 9 9.40107e-48
55 4 4 6 6 5.68024e-48
55 4 6 6 4 6.07296e-48
55 6 4 4 6 1.5155e-47
55 6 6 4 4 1.62027e-47
55 7 7 10 9 7.13399e-48
55 7 10 9 7 3.4178e-48
55 9 7 7 10 1.74395e-47
55 10 9 7 7 4.41952e-48
55 7 8 9 12 2.99046e-48
55 8 9 12 7 7.12843e-48
55 9 12 7 8 1.92785e-47
55 12 7 8 9 5.23172e-48
55 6 8 7 12 5.58251e-48
55 7 12 6 8 2.40687e-47
55 8 7 12 6 1.50395e-47
55 12 6 8 7 2.41153e-48
55 5 11 9 6 0.068059
55 6 5 11 9 9.81202e-48
55 9 6 5 11 1.13442e-47
55 11 9 6 5 3.59714e-48
55 5 10 8 10 1.00497e-47
55 8 10 5 10 1.9812e-47
55 10 5 10 8 8.14424e-48
55 10 8 10 5 1.63104e-48
55 6 10 8 12 3.12107e-48
55 8 12 6 10 2.41367e-47
55 10 8 12 6 1.85249e-47
55 12 6 10 8 7.80377e-48
55 6 6 6 9 1.07383e-47
55 6 6 9 6 6.95724e-48
55 6 9 6 6 9.95329e-48
55 9 6 6 6 6.41035e-48
55 7 11 11 9 0.107569
55 9 7 11 11 6.85221e-48
55 11 9 7 11 1.53566e-47
55 11 11 9 7 0.0563754
55 4 8 12 5 5.48842e-50
55 5 4 8 12 2.73455e-50
55 8 12 5 4 2.20231e-49
55 12 5 4 8 2.31571e-49
55 4 4 7 10 1.84413e-47
55 4 7 10 4 5.83855e-48
55 7 10 4 4 1.95651e-47
55 10 4 4 7 7.64425e-48
55 4 8 6 9 6.31316e-48
55 6 9 4 8 2.24409e-47
55 8 6 9 4 4.53413e-48
55 9 4 8 6 4.07486e-48
55 4 4 4 11 1.15763e-47
55 4 4 11 4 5.90801e-48
55 4 11 4 4 0.14065
55 11 4 4 4 2.16575e-47
55 5 6 9 10 1.18788e-47
55 6 9 10 5 2.30895e-48
55 9 10 5 6 1.06611e-47
55 10 5 6 9 9.35151e-48
55 6 6 11 10 1.64493e-47
55 6 11 10 6 0.0831179
55 10 6 6 11 7.90398e-48
55 11 10 6 6 1.07085e-47
55 5 6 8 7 2.9257e-48
55 6 8 7 5 4.6549e-48
55 7 5 6 8 1.82458e-47
55 8 7 5 6 1.188e-47
55 5 6 6 8 1.19415e-47
55 6 6 8 5 2.15516e-48
55 6 8 5 6 1.70792e-47
55 8 5 6 6 7.17936e-48
55 5 6 7 8 1.67673e-47
55 6 7 8 5 2.88059e-48
55 7 8 5 6 1.88251e-47
55 8 5 6 7 4.65882e-48
55 4 8 9 6 4.79568e-48
55 6 4 8 9 8.00323e-48
55 8 9 6 4 7.60545e-48
55 9 6 4 8 1.69456e-47
55 4 12 6 10 2.31773e-47
55 6 10 4 12 7.66775e-48
55 10 4 12 6 1.84438e-47
55 12 6 10 4 5.7791e-48
55 4 5 12 12 4.94424e-48
55 5 12 12 4 2.42343e-47
55 12 4 5 12 3.8624e-48
55 12 12 4 5 4.59541e-48
55 5 11 6 12 0.0355683
55 6 12 5 11 2.45863e-47
55 11 6 12 5 6.52912e-48
55 12 5 11 6 5.2282e-48
55 6 6 11 9 8.94627e-48
55 6 11 9 6 0.0941483
55 9 6 6 11 7.63345e-48
55 11 9 6 6 1.13934e-47
55 4 10 12 7 5.95248e-48
55 7 4 10 12 2.43198e-48
55 10 12 7 4 1.36773e-47
55 12 7 4 10 2.18655e-47
55 4 7 7 8 1.29206e-47
55 7 7 8 4 8.15693e-48
55 7 8 4 7 9.1401e-48
55 8 4 7 7 4.52489e-48
55 4 6 10 6 3.50174e-48
55 6 4 6 10 2.04908e-47
55 6 10 6 4 1.038e-47
55 10 6 4 6 1.00962e-47
55 4 7 8 9 5.18492e-48
55 7 8 9 4 9.07691e-48
55 8 9 4 7 5.96958e-48
55 9 4 7 8 1.43237e-47
55 5 6 9 11 5.57327e-48
55 6 9 11 5 2.43635e-48
55 9 11 5 6 0.11997
55 11 5 6 9 1.25458e-47
55 4 8 9 9 5.42092e-48
55 8 9 9 4 5.56994e-48
55 9 4 8 9 5.40053e-48
55 9 9 4 8 1.77546e-47
55 5 8 10 10 1.31619e-47
55 8 10 10 5 1.55134e-48
55 10 5 8 10 1.28177e-47
55 10 10 5 8 1.99142e-47
55 6 10 12 7 9.86614e-48
55 7 6 10 12 2.21439e-48
55 10 12 7 6 1.16482e-47
55 12 7 6 10 1.35838e-47
55 5 12 11 7 5.4607e-48
55 7 5 12 11 2.61556e-47
55 11 7 5 12 8.31448e-48
55 12 11 7 5 0.0345213
55 6 7 10 12 3.18784e-48
55 7 10 12 6 1.98946e-47
55 10 12 6 7 6.39083e-48
55 12 6 7 10 1.69407e-47
55 6 12 8 7 5.32698e-48
55 7 6 12 8 2.84731e-47
55 8 7 6 12 2.7536e-48
55 12 8 7 6 7.99209e-48
55 5 8 6 6 7.98868e-48
55 6 5 8 6 7.19914e-48
55 6 6 5 8 2.36064e-47
55 8 6 6 5 1.98729e-48
55 4 11 10 8 0.0954448
55 8 4 11 10 1.36252e-47
55 10 8 4 11 1.68469e-47
55 11 10 8 4 9.8893e-48
55 4 5 7 5 4.07857e-50
55 5 4 5 7 1.06453e-49
55 5 7 5 4 2.34425e-49
55 7 5 4 5 8.54205e-50
55 4 5 10 9 4.99216e-48
55 5 10 9 4 6.31917e-48
55 9 4 5 10 2.36292e-47
55 10 9 4 5 3.84046e-48
55 4 11 7 7 0.053625
55 7 4 11 7 4.71761e-48
55 7 7 4 11 2.03562e-47
55 11 7 7 4 1.81836e-47
56 12 9 10 11 1
57 7 9 7 9 0.00144215
57 9 7 9 7 8.5866e-50
57 4 5 4 5 2.08859e-47
57 5 4 5 4 1.21273e-47
57 5 8 6 9 0.0608271
57 6 9 5 8 3.46867e-48
57 8 6 9 5 3.20615e-48
57 9 5 8 6 3.04794e-48
57 5 7 6 12 1.2056e-47
57 6 12 5 7 4.30196e-48
57 7 6 12 5 1.13852e-47
57 12 5 7 6 4.69458e-48
57 4 7 9 6 3.16159e-48
57 6 4 7 9 0.0669653
57 7 9 6 4 7.00858e-48
57 9 6 4 7 5.41764e-48
57 5 9 6 8 5.46254e-48
57 6 8 5 9 0.045747
57 8 5 9 6 3.66369e-48
57 9 6 8 5 3.15914e-48
57 9 10 11 12 4.63393e-50
57 10 11 12 9 0.000680006
57 11 12 9 10 2.71574e-50
57 12 9 10 11 1.77264e-50
57 8 9 11 10 2.42104e-50
57 9 11 10 8 3.89946e-50
57 10 8 9 11 4.54312e-50
57 11 10 8 9 0.000432023
57 5 5 10 9 0.0412313
57 5 10 9 5 4.49975e-48
57 9 5 5 10 4.56389e-48
57 10 9 5 5 2.56377e-48
57 7 9 9 11 4.16263e-48
57 9 9 11 7 1.81528e-48
57 9 11 7 9 0.0514544
57 11 7 9 9 0.032677
57 4 4 6 6 5.55818e-48
57 4 6 6 4 7.31721e-48
57 6 4 4 6 6.22335e-48
57 6 6 4 4 8.19289e-48
57 7 7 10 9 0.0408968
57 7 10 9 7 5.471e-48
57 9 7 7 10 4.87241e-48
57 10 9 7 7 3.3551e-48
57 7 8 9 12 6.7854e-48
57 8 9 12 7 4.20286e-48
57 9 12 7 8 4.0837e-48
57 12 7 8 9 0.0221994
57 6 8 7 12 1.17071e-47
57 7 12 6 8 9.71447e-48
57 8 7 12 6 6.72199e-48
57 12 6 8 7 2.86146e-48
57 5 11 9 6 4.25373e-48
57 6 5 11 9 0.0558121
57 9 6 5 11 5.14078e-48
57 11 9 6 5 5.12056e-48
57 5 10 8 10 3.70992e-48
57 8 10 5 10 3.71217e-48
57 10 5 10 8 3.39834e-48
57 10 8 10 5 2.31934e-48
57 6 10 8 12 8.32818e-48
57 8 12 6 10 5.68687e-48
57 10 8 12 6 5.93116e-48
57 12 6 10 8 2.73511e-48
57 6 6 6 9 0.101331
57 6 6 9 6 4.82333e-48
57 6 9 6 6 5.99203e-48
57 9 6 6 6 6.32309e-48
57 7 11 11 9 0.0562805
57 9 7 11 11 4.07142e-48
57 11 9 7 11 5.37969e-48
57 11 11 9 7 4.42771e-48
57 4 8 12 5 8.16846e-50
57 5 4 8 12 6.59366e-50
57 8 12 5 4 3.84166e-50
57 12 5 4 8 7.07525e-50
57 4 4 7 10 5.96693e-48
57 4 7 10 4 3.57551e-48
57 7 10 4 4 1.109e-47
57 10 4 4 7 5.67201e-48
57 4 8 6 9 0.0501134
57 6 9 4 8 4.63014e-48
57 8 6 9 4 3.0122e-48
57 9 4 8 6 2.0716e-48
57 4 4 4 11 6.83565e-48
57 4 4 11 4 3.10419e-48
57 4 11 4 4 6.7458e-48
57 11 4 4 4 5.66218e-48
57 5 6 9 10 4.35345e-48
57 6 9 10 5 2.86519e-48
57 9 10 5 6 3.69889e-48
57 10 5 6 9 0.0812825
57 6 6 11 10 4.91008e-48
57 6 11 10 6 4.37325e-48
57 10 6 6 11 9.3208e-48
57 11 10 6 6 7.50189e-48
57 5 6 8 7 5.00624e-48
57 6 8 7 5 8.87482e-48
57 7 5 6 8 1.74823e-47
57 8 7 5 6 4.29086e-48
57 5 6 6 8 1.01718e-47
57 6 6 8 5 5.57462e-48
57 6 8 5 6 5.03728e-48
57 8 5 6 6 8.47516e-48
57 5 6 7 8 9.96758e-48
57 6 7 8 5 6.38244e-48
57 7 8 5 6 6.63629e-48
57 8 5 6 7 1.13279e-47
57 4 8 9 6 2.79679e-48
57 6 4 8 9 0.0389243
57 8 9 6 4 4.38745e-48
57 9 6 4 8 5.72862e-48
57 4 12 6 10 6.25691e-48
57 6 10 4 12 1.48551e-47
57 10 4 12 6 6.25948e-48
57 12 6 10 4 2.72313e-48
57 4 5 12 12 1.18596e-47
57 5 12 12 4 5.69693e-48
57 12 4 5 12 3.56973e-48
57 12 12 4 5 2.95321e-48
57 5 11 6 12 1.34458e-47
57 6 12 5 11 5.48249e-48
57 11 6 12 5 7.86301e-48
57 12 5 11 6 2.6757e-48
57 6 6 11 9 0.0484647
57 6 11 9 6 5.27412e-48
57 9 6 6 11 9.22342e-48
57 11 9 6 6 4.66876e-48
57 4 10 12 7 6.87458e-48
57 7 4 10 12 5.49381e-48
57 10 12 7 4 3.8015e-48
57 12 7 4 10 3.71171e-48
57 4 7 7 8 6.92225e-48
57 7 7 8 4 5.81628e-48
57 7 8 4 7 8.71742e-48
57 8 4 7 7 5.55486e-48
57 4 6 10 6 2.67659e-48
57 6 4 6 10 8.09304e-48
57 6 10 6 4 9.99225e-48
57 10 6 4 6 4.78809e-48
57 4 7 8 9 0.0333807
57 7 8 9 4 5.04147e-48
57 8 9 4 7 3.7359e-48
57 9 4 7 8 5.21084e-48
57 5 6 9 11 5.28069e-48
57 6 9 11 5 2.92506e-48
57 9 11 5 6 3.58616e-48
57 11 5 6 9 0.0846122
57 4 8 9 9 0.0271849
57 8 9 9 4 2.02995e-48
57 9 4 8 9 0.0236089
57 9 9 4 8 3.29268e-48
57 5 8 10 10 3.24663e-48
57 8 10 10 5 3.37174e-48
57 10 5 8 10 4.16528e-48
57 10 10 5 8 4.69132e-48
57 6 10 12 7 9.70687e-48
57 7 6 10 12 6.58537e-48
57 10 12 7 6 3.46138e-48
57 12 7 6 10 4.68076e-48
57 5 12 11 7 3.49671e-48
57 7 5 12 11 2.04794e-47
57 11 7 5 12 7.62386e-48
57 12 11 7 5 5.74171e-48
57 6 7 10 12 6.79412e-48
57 7 10 12 6 1.13584e-47
57 10 12 6 7 5.6049e-48
57 12 6 7 10 4.75607e-48
57 6 12 8 7 3.61353e-48
57 7 6 12 8 1.20588e-47
57 8 7 6 12 1.01328e-47
57 12 8 7 6 3.39357e-48
57 5 8 6 6 7.00919e-48
57 6 5 8 6 5.62847e-48
57 6 6 5 8 6.7593e-48
57 8 6 6 5 7.76157e-48
57 4 11 10 8 4.10115e-48
57 8 4 11 10 3.16508e-48
57 10 8 4 11 7.0134e-48
57 11 10 8 4 4.39677e-48
57 4 5 7 5 1.33745e-49
57 5 4 5 7 7.64802e-50
57 5 7 5 4 8.62445e-50
57 7 5 4 5 2.01328e-49
57 4 5 10 9 0.0344523
57 5 10 9 4 4.28767e-48
57 9 4 5 10 3.14607e-48
57 10 9 4 5 3.47091e-48
57 4 11 7 7 8.02373e-48
57 7 4 11 7 5.558e-48
57 7 7 4 11 1.38017e-47
57 11 7 7 4 7.59467e-48
58 7 9 7 9 1.0749e-08
58 9 7 9 7 0.000164354
58 4 5 4 5 0.0369044
58 5 4 5 4 0.00652338
58 5 8 6 9 2.97514e-05
58 6 9 5 8 0.00404082
58 8 6 9 5 0.0089969
58 9 5 8 6 0.00376493
58 5 7 6 12 8.91321e-46
58 6 12 5 7 0.00745679
58 7 6 12 5 0.000221609
58 12 5 7 6 0.00877668
58 4 7 9 6 0.00498063
58 6 4 7 9 2.6346e-05
58 7 9 6 4 4.28566e-05
58 9 6 4 7 0.0168973
58 5 9 6 8 0.00489901
58 6 8 5 9 2.90647e-05
58 8 5 9 6 0.00197953
58 9 6 8 5 0.0202668
58 9 10 11 12 1.29882e-90
58 10 11 12 9 3.54502e-49
58 11 12 9 10 4.44653e-07
58 12 9 10 11 0.000109225
58 8 9 11 10 7.42109e-08
58 9 11 10 8 1.66499e-47
58 10 8 9 11 4.81589e-05
58 11 10 8 9 2.03877e-49
58 5 5 10 9 3.09863e-05
58 5 10 9 5 5.40087e-46
58 9 5 5 10 1.86095e-05
58 10 9 5 5 0.0134854
58 7 9 9 11 2.57306e-05
58 9 9 11 7 0.00352256
58 9 11 7 9 1.30838e-47
58 11 7 9 9 0.00012844
58 4 4 6 6 0.00456202
58 4 6 6 4 0.0168483
58 6 4 4 6 0.0022394
58 6 6 4 4 0.00827049
58 7 7 10 9 5.66198e-07
58 7 10 9 7 3.58751e-48
58 9 7 7 10 1.75406e-05
58 10 9 7 7 0.0046207
58 7 8 9 12 3.02413e-48
58 8 9 12 7 0.0044145
58 9 12 7 8 0.0206962
58 12 7 8 9 0.000274246
58 6 8 7 12 2.72614e-46
58 7 12 6 8 0.000226386
58 8 7 12 6 0.00693282
58 12 6 8 7 0.0283999
58 5 11 9 6 3.01214e-46
58 6 5 11 9 3.25102e-05
58 9 6 5 11 0.0178355
58 11 9 6 5 0.0168559
58 5 10 8 10 8.56076e-49
58 8 10 5 10 1.427e-48
58 10 5 10 8 0.0082412
58 10 8 10 5 0.0054947
58 6 10 8 12 7.77606e-89
58 8 12 6 10 3.69704e-05
58 10 8 12 6 0.00692371
58 12 6 10 8 0.0452151
58 6 6 6 9 0.000135801
58 6 6 9 6 0.00401739
58 6 9 6 6 0.00276968
58 9 6 6 6 0.0154415
58 7 11 11 9 7.85645e-50
58 9 7 11 11 0.00749084
58 11 9 7 11 0.0065442
58 11 11 9 7 1.04946e-45
58 4 8 12 5 0.000127554
58 5 4 8 12 4.20447e-48
58 8 12 5 4 0.000134159
58 12 5 4 8 0.000397295
58 4 4 7 10 1.10471e-05
58 4 7 10 4 0.00731676
58 7 10 4 4 8.75602e-48
58 10 4 4 7 0.00840399
58 4 8 6 9 6.26279e-05
58 6 9 4 8 0.00465152
58 8 6 9 4 0.00508796
58 9 4 8 6 0.00285159
58 4 4 4 11 0.00687378
58 4 4 11 4 0.00346194
58 4 11 4 4 1.47924e-45
58 11 4 4 4 0.00873413
58 5 6 9 10 1.28029e-05
58 6 9 10 5 0.00340522
58 9 10 5 6 8.94273e-46
58 10 5 6 9 0.000162226
58 6 6 11 10 1.27741e-05
58 6 11 10 6 3.12044e-46
58 10 6 6 11 0.0257366
58 11 10 6 6 1.32911e-45
58 5 6 8 7 0.00554376
58 6 8 7 5 0.00273495
58 7 5 6 8 8.85876e-05
58 8 7 5 6 0.00513931
58 5 6 6 8 0.0137964
58 6 6 8 5 0.0102372
58 6 8 5 6 0.00166936
58 8 5 6 6 0.00384331
58 5 6 7 8 0.00978286
58 6 7 8 5 0.00765987
58 7 8 5 6 2.55639e-05
58 8 5 6 7 0.00517077
58 4 8 9 6 0.00217225
58 6 4 8 9 2.94037e-05
58 8 9 6 4 0.00411273
58 9 6 4 8 0.0304058
58 4 12 6 10 6.60659e-05
58 6 10 4 12 1.26666e-88
58 10 4 12 6 0.00920019
58 12 6 10 4 0.0299099
58 4 5 12 12 1.5811e-45
58 5 12 12 4 0.0108899
58 12 4 5 12 2.16041e-45
58 12 12 4 5 0.08418
58 5 11 6 12 1.14168e-88
58 6 12 5 11 0.00911611
58 11 6 12 5 0.0495945
58 12 5 11 6 0.0082533
58 6 6 11 9 7.75443e-05
58 6 11 9 6 3.29719e-46
58 9 6 6 11 0.0217493
58 11 9 6 6 0.00812834
58 4 10 12 7 1.19346e-45
58 7 4 10 12 3.51864e-48
58 10 12 7 4 0.0149891
58 12 7 4 10 6.80873e-05
58 4 7 7 8 0.0113447
58 7 7 8 4 4.88403e-05
58 7 8 4 7 2.91495e-05
58 8 4 7 7 0.00204463
58 4 6 10 6 0.00736395
58 6 4 6 10 7.15466e-06
58 6 10 6 4 5.34926e-46
58 10 6 4 6 0.0173726
58 4 7 8 9 0.00011756
58 7 8 9 4 1.78988e-05
58 8 9 4 7 0.00392984
58 9 4 7 8 0.0063991
58 5 6 9 11 0.00481052
58 6 9 11 5 0.00305201
58 9 11 5 6 9.67142e-46
58 11 5 6 9 0.000155491
58 4 8 9 9 4.04787e-05
58 8 9 9 4 0.00226719
58 9 4 8 9 6.23026e-05
58 9 9 4 8 0.0115558
58 5 8 10 10 3.51128e-06
58 8 10 10 5 7.26632e-46
58 10 5 8 10 1.87805e-05
58 10 10 5 8 2.27502e-45
58 6 10 12 7 5.82274e-46
58 7 6 10 12 1.03964e-47
58 10 12 7 6 0.0119918
58 12 7 6 10 6.76721e-05
58 5 12 11 7 0.00557079
58 7 5 12 11 7.41126e-05
58 11 7 5 12 2.75767e-45
58 12 11 7 5 4.18443e-45
58 6 7 10 12 6.03053e-46
58 7 10 12 6 7.86802e-48
58 10 12 6 7 0.0270112
58 12 6 7 10 7.61344e-05
58 6 12 8 7 0.00591475
58 7 6 12 8 0.00021265
58 8 7 6 12 1.1785e-45
58 12 8 7 6 0.00561514
58 5 8 6 6 0.00178825
58 6 5 8 6 0.00199018
58 6 6 5 8 0.0119087
58 8 6 6 5 0.0182799
58 4 11 10 8 1.4507e-45
58 8 4 11 10 5.95256e-06
58 10 8 4 11 0.00791706
58 11 10 8 4 1.23177e-45
58 4 5 7 5 0.000134775
58 5 4 5 7 3.63848e-05
58 5 7 5 4 7.47324e-05
58 7 5 4 5 1.42877e-06
58 4 5 10 9 6.61552e-05
58 5 10 9 4 3.09776e-46
58 9 4 5 10 1.42955e-05
58 10 9 4 5 0.0157444
58 4 11 7 7 8.87467e-46
58 7 4 11 7 2.20184e-05
58 7 7 4 11 8.97947e-05
58 11 7 7 4 0.0107627
59 7 9 7 9 2.51295e-49
59 9 7 9 7 2.41053e-50
59 4 5 4 5 1.53896e-47
59 5 4 5 4 2.09546e-47
59 5 8 6 9 1.32652e-47
59 6 9 5 8 5.75422e-48
59 8 6 9 5 2.69011e-48
59 9 5 8 6 3.15438e-48
59 5 7 6 12 1.67706e-47
59 6 12 5 7 6.58975e-48
59 7 6 12 5 7.68109e-48
59 12 5 7 6 1.06921e-47
59 4 7 9 6 6.57852e-48
59 6 4 7 9 1.26183e-47
59 7 9 6 4 6.97266e-48
59 9 6 4 7 1.19934e-48
59 5 9 6 8 6.66593e-48
59 6 8 5 9 1.35624e-47
59 8 5 9 6 6.209e-48
59 9 6 8 5 1.61867e-48
59 9 10 11 12 2.78744e-50
59 10 11 12 9 0.000513108
59 11 12 9 10 3.78471e-50
59 12 9 10 11 4.50657e-50
59 8 9 11 10 2.64812e-50
59 9 11 10 8 0.00017595
59 10 8 9 11 2.13779e-50
59 11 10 8 9 7.43162e-50
59 5 5 10 9 8.10685e-48
59 5 10 9 5 5.23744e-48
59 9 5 5 10 1.80002e-48
59 10 9 5 5 2.13467e-48
59 7 9 9 11 4.74369e-48
59 9 9 11 7 7.80794e-49
59 9 11 7 9 0.0408439
59 11 7 9 9 5.40576e-48
59 4 4 6 6 1.11436e-47
59 4 6 6 4 5.00383e-48
59 6 4 4 6 1.60648e-47
59 6 6 4 4 7.21362e-48
59 7 7 10 9 6.05628e-48
59 7 10 9 7 2.09062e-48
59 9 7 7 10 1.58702e-48
59 10 9 7 7 1.00563e-48
59 7 8 9 12 8.11323e-48
59 8 9 12 7 3.45482e-48
59 9 12 7 8 2.53678e-48
59 12 7 8 9 6.55335e-48
59 6 8 7 12 1.78288e-47
59 7 12 6 8 9.03418e-48
59 8 7 12 6 1.40461e-47
59 12 6 8 7 2.30749e-48
59 5 11 9 6 0.121875
59 6 5 11 9 8.77656e-48
59 9 6 5 11 2.72264e-48
59 11 9 6 5 6.74536e-48
59 5 10 8 10 3.58297e-48
59 8 10 5 10 3.05593e-48
59 10 5 10 8 9.48589e-49
59 10 8 10 5 1.32168e-48
59 6 10 8 12 1.29707e-47
59 8 12 6 10 6.71814e-48
59 10 8 12 6 6.38768e-48
59 12 6 10 8 2.93728e-48
59 6 6 6 9 1.45692e-47
59 6 6 9 6 1.02734e-47
59 6 9 6 6 1.98786e-47
59 9 6 6 6 5.1568e-48
59 7 11 11 9 0.0768055
59 9 7 11 11 1.95643e-48
59 11 9 7 11 6.57563e-48
59 11 11 9 7 0.0247626
59 4 8 12 5 9.63572e-50
59 5 4 8 12 1.37815e-49
59 8 12 5 4 8.76235e-50
59 12 5 4 8 5.90198e-50
59 4 4 7 10 4.09262e-48
59 4 7 10 4 3.77084e-48
59 7 10 4 4 6.95325e-48
59 10 4 4 7 1.32882e-48
59 4 8 6 9 8.41373e-48
59 6 9 4 8 5.60065e-48
59 8 6 9 4 2.40685e-48
59 9 4 8 6 2.96356e-48
59 4 4 4 11 6.48937e-48
59 4 4 11 4 3.20927e-48
59 4 11 4 4 0.06151
59 11 4 4 4 5.52703e-48
59 5 6 9 10 3.46354e-48
59 6 9 10 5 5.92071e-48
59 9 10 5 6 4.75278e-48
59 10 5 6 9 4.00945e-48
59 6 6 11 10 3.52652e-48
59 6 11 10 6 0.13012
59 10 6 6 11 2.68556e-48
59 11 10 6 6 1.22593e-47
59 5 6 8 7 3.3244e-48
59 6 8 7 5 1.05797e-47
59 7 5 6 8 6.84853e-48
59 8 7 5 6 1.12542e-47
59 5 6 6 8 6.80936e-48
59 6 6 8 5 6.37398e-48
59 6 8 5 6 1.89031e-47
59 8 5 6 6 1.22727e-47
59 5 6 7 8 6.64268e-48
59 6 7 8 5 8.51948e-48
59 7 8 5 6 1.66319e-47
59 8 5 6 7 4.13275e-48
59 4 8 9 6 6.95613e-48
59 6 4 8 9 9.8168e-48
59 8 9 6 4 5.46036e-48
59 9 6 4 8 1.70347e-48
59 4 12 6 10 7.40351e-48
59 6 10 4 12 1.87081e-47
59 10 4 12 6 6.35972e-48
59 12 6 10 4 3.88033e-48
59 4 5 12 12 1.21974e-47
59 5 12 12 4 1.34683e-47
59 12 4 5 12 1.00479e-47
59 12 12 4 5 8.14836e-48
59 5 11 6 12 0.198277
59 6 12 5 11 1.46497e-47
59 11 6 12 5 6.68914e-48
59 12 5 11 6 7.02992e-48
59 6 6 11 9 8.00217e-48
59 6 11 9 6 0.139024
59 9 6 6 11 3.3059e-48
59 11 9 6 6 1.30434e-47
59 4 10 12 7 3.31082e-48
59 7 4 10 12 6.99502e-48
59 10 12 7 4 2.51881e-48
59 12 7 4 10 3.85401e-48
59 4 7 7 8 4.1462e-48
59 7 7 8 4 4.93777e-48
59 7 8 4 7 4.0135e-48
59 8 4 7 7 2.78872e-48
59 4 6 10 6 5.38485e-48
59 6 4 6 10 6.66338e-48
59 6 10 6 4 8.70678e-48
59 10 6 4 6 3.38206e-48
59 4 7 8 9 6.24721e-48
59 7 8 9 4 4.49364e-48
59 8 9 4 7 2.81067e-48
59 9 4 7 8 1.8848e-48
59 5 6 9 11 5.37291e-48
59 6 9 11 5 5.2545e-48
59 9 11 5 6 0.0534831
59 11 5 6 9 9.75706e-48
59 4 8 9 9 5.34163e-48
59 8 9 9 4 2.95669e-48
59 9 4 8 9 2.66821e-48
59 9 9 4 8 1.7848e-48
59 5 8 10 10 4.06853e-48
59 8 10 10 5 3.40488e-48
59 10 5 8 10 1.19083e-48
59 10 10 5 8 1.63985e-48
59 6 10 12 7 5.58657e-48
59 7 6 10 12 6.36917e-48
59 10 12 7 6 5.10756e-48
59 12 7 6 10 4.51098e-48
59 5 12 11 7 4.52473e-48
59 7 5 12 11 1.22649e-47
59 11 7 5 12 1.21411e-47
59 12 11 7 5 0.0801243
59 6 7 10 12 1.14864e-47
59 7 10 12 6 1.73286e-47
59 10 12 6 7 2.09309e-48
59 12 6 7 10 3.90855e-48
59 6 12 8 7 4.99129e-48
59 7 6 12 8 5.839e-48
59 8 7 6 12 1.08341e-47
59 12 8 7 6 1.13247e-47
59 5 8 6 6 1.93484e-47
59 6 5 8 6 1.29988e-47
59 6 6 5 8 6.15134e-48
59 8 6 6 5 5.56447e-48
59 4 11 10 8 0.0345556
59 8 4 11 10 2.50021e-48
59 10 8 4 11 3.03817e-48
59 11 10 8 4 4.29882e-48
59 4 5 7 5 9.10563e-50
59 5 4 5 7 7.41455e-50
59 5 7 5 4 1.32149e-49
59 7 5 4 5 1.18395e-49
59 4 5 10 9 5.21508e-48
59 5 10 9 4 4.75261e-48
59 9 4 5 10 1.71518e-48
59 10 9 4 5 2.10725e-48
59 4 11 7 7 0.0379289
59 7 4 11 7 2.57309e-48
59 7 7 4 11 9.27319e-48
59 11 7 7 4 6.07428e-48
60 10 8 9 11 1
61 7 9 7 9 1.89535e-49
61 9 7 9 7 5.23617e-50
61 4 5 4 5 5.5199e-48
61 5 4 5 4 1.71889e-47
61 5 8 6 9 1.16186e-47
61 6 9 5 8 0.0523844
61 8 6 9 5 2.09367e-48
61 9 5 8 6 1.57316e-48
61 5 7 6 12 6.54533e-48
61 6 12 5 7 1.69868e-48
61 7 6 12 5 4.12084e-48
61 12 5 7 6 2.99445e-48
61 4 7 9 6 1.46631e-48
61 6 4 7 9 6.27994e-48
61 7 9 6 4 9.15133e-48
61 9 6 4 7 7.10783e-48
61 5 9 6 8 0.104132
61 6 8 5 9 6.92265e-48
61 8 5 9 6 6.33676e-49
61 9 6 8 5 6.15618e-48
61 9 10 11 12 3.34866e-49
61 10 11 12 9 3.57167e-50
61 11 12 9 10 7.46503e-51
61 12 9 10 11 7.86557e-50
61 8 9 11 10 1.02527e-49
61 9 11 10 8 0.00046683
61 10 8 9 11 4.55314e-50
61 11 10 8 9 1.00129e-49
61 5 5 10 9 8.94122e-49
61 5 10 9 5 7.61766e-48
61 9 5 5 10 1.79488e-48
61 10 9 5 5 4.13533e-48
61 7 9 9 11 4.2991e-48
61 9 9 11 7 1.2594e-47
61 9 11 7 9 8.38053e-48
61 11 7 9 9 1.05465e-48
61 4 4 6 6 7.75041e-48
61 4 6 6 4 7.52701e-48
61 6 4 4 6 5.62449e-48
61 6 6 4 4 5.46237e-48
61 7 7 10 9 1.21283e-48
61 7 10 9 7 5.88544e-48
61 9 7 7 10 3.50766e-48
61 10 9 7 7 4.60307e-48
61 7 8 9 12 6.04339e-48
61 8 9 12 7 4.47684e-48
61 9 12 7 8 0.0250383
61 12 7 8 9 5.06837e-48
61 6 8 7 12 1.39792e-47
61 7 12 6 8 0.0285433
61 8 7 12 6 1.89181e-48
61 12 6 8 7 1.06326e-47
61 5 11 9 6 3.83392e-48
61 6 5 11 9 2.60401e-48
61 9 6 5 11 7.63317e-48
61 11 9 6 5 7.33646e-48
61 5 10 8 10 1.14402e-47
61 8 10 5 10 7.56063e-48
61 10 5 10 8 0.00453516
61 10 8 10 5 2.34359e-48
61 6 10 8 12 1.8533e-47
61 8 12 6 10 2.45693e-48
61 10 8 12 6 4.49434e-48
61 12 6 10 8 0.052187
61 6 6 6 9 7.50751e-48
61 6 6 9 6 2.62222e-48
61 6 9 6 6 8.88535e-48
61 9 6 6 6 8.55221e-48
61 7 11 11 9 1.04442e-47
61 9 7 11 11 7.4631e-48
61 11 9 7 11 7.1972e-48
61 11 11 9 7 2.78257e-48
61 4 8 12 5 9.34914e-50
61 5 4 8 12 1.22653e-49
61 8 12 5 4 1.82207e-50
61 12 5 4 8 0.000434925
61 4 4 7 10 7.76928e-48
61 4 7 10 4 1.67193e-48
61 7 10 4 4 1.46307e-47
61 10 4 4 7 5.07927e-48
61 4 8 6 9 1.03383e-47
61 6 9 4 8 0.0617852
61 8 6 9 4 1.96701e-48
61 9 4 8 6 5.47223e-48
61 4 4 4 11 9.24591e-48
61 4 4 11 4 1.02915e-47
61 4 11 4 4 8.0531e-48
61 11 4 4 4 4.94438e-48
61 5 6 9 10 3.27968e-48
61 6 9 10 5 3.38821e-48
61 9 10 5 6 1.23419e-47
61 10 5 6 9 1.58045e-48
61 6 6 11 10 8.024e-48
61 6 11 10 6 2.86789e-48
61 10 6 6 11 6.34782e-48
61 11 10 6 6 1.11955e-47
61 5 6 8 7 6.86983e-48
61 6 8 7 5 1.05972e-47
61 7 5 6 8 0.025999
61 8 7 5 6 2.21679e-48
61 5 6 6 8 0.0898774
61 6 6 8 5 5.52046e-48
61 6 8 5 6 7.07161e-48
61 8 5 6 6 1.85327e-48
61 5 6 7 8 0.0822396
61 6 7 8 5 3.60275e-48
61 7 8 5 6 8.20354e-48
61 8 5 6 7 2.47709e-48
61 4 8 9 6 4.23371e-48
61 6 4 8 9 5.63227e-48
61 8 9 6 4 7.81472e-48
61 9 6 4 8 0.0697252
61 4 12 6 10 3.36813e-48
61 6 10 4 12 2.22564e-47
61 10 4 12 6 3.45582e-48
61 12 6 10 4 5.60072e-48
61 4 5 12 12 1.93239e-48
61 5 12 12 4 1.69808e-48
61 12 4 5 12 1.37005e-47
61 12 12 4 5 3.86619e-48
61 5 11 6 12 1.53215e-47
61 6 12 5 11 2.16482e-48
61 11 6 12 5 3.12284e-48
61 12 5 11 6 4.34567e-48
61 6 6 11 9 8.5372e-48
61 6 11 9 6 3.43042e-48
61 9 6 6 11 1.2475e-47
61 11 9 6 6 6.68914e-48
61 4 10 12 7 9.50351e-48
61 7 4 10 12 3.59439e-48
61 10 12 7 4 1.26507e-48
61 12 7 4 10 5.29295e-48
61 4 7 7 8 0.035161
61 7 7 8 4 2.89098e-48
61 7 8 4 7 9.52171e-48
61 8 4 7 7 5.80488e-48
61 4 6 10 6 2.19571e-48
61 6 4 6 10 7.54039e-48
61 6 10 6 4 1.54336e-47
61 10 6 4 6 3.16309e-48
61 4 7 8 9 3.03976e-48
61 7 8 9 4 4.49017e-48
61 8 9 4 7 6.45467e-48
61 9 4 7 8 0.0827604
61 5 6 9 11 3.97821e-48
61 6 9 11 5 1.03127e-47
61 9 11 5 6 6.37061e-48
61 11 5 6 9 1.60428e-48
61 4 8 9 9 4.43585e-48
61 8 9 9 4 2.85984e-48
61 9 4 8 9 6.72235e-48
61 9 9 4 8 0.0864617
61 5 8 10 10 4.58796e-48
61 8 10 10 5 4.98854e-48
61 10 5 8 10 1.08251e-48
61 10 10 5 8 0.0731209
61 6 10 12 7 8.96617e-48
61 7 6 10 12 3.17846e-48
61 10 12 7 6 1.15189e-48
61 12 7 6 10 6.88116e-48
61 5 12 11 7 4.14371e-48
61 7 5 12 11 1.9633e-48
61 11 7 5 12 3.16828e-48
61 12 11 7 5 1.65429e-47
61 6 7 10 12 2.12277e-48
61 7 10 12 6 9.23842e-48
61 10 12 6 7 1.99752e-48
61 12 6 7 10 1.14536e-47
61 6 12 8 7 1.87259e-48
61 7 6 12 8 0.0404913
61 8 7 6 12 4.76855e-48
61 12 8 7 6 1.52048e-47
61 5 8 6 6 1.24205e-47
61 6 5 8 6 1.4763e-48
61 6 6 5 8 0.0473159
61 8 6 6 5 6.40792e-48
61 4 11 10 8 0.0373411
61 8 4 11 10 8.42178e-48
61 10 8 4 11 8.61999e-48
61 11 10 8 4 9.45363e-48
61 4 5 7 5 3.40263e-50
61 5 4 5 7 1.08401e-49
61 5 7 5 4 5.14027e-50
61 7 5 4 5 3.13058e-50
61 4 5 10 9 8.06906e-49
61 5 10 9 4 7.25864e-48
61 9 4 5 10 6.33228e-48
61 10 9 4 5 4.94683e-48
61 4 11 7 7 9.22073e-48
61 7 4 11 7 1.08415e-47
61 7 7 4 11 4.61868e-48
61 11 7 7 4 2.68453e-48
62 3 0 2 4 0.0427424
62 1 0 2 9 0.17842
62 2 0 1 8 5.50096e-45
62 1 0 2 8 6.86822e-45
62 1 0 1 10 0.0143845
62 1 0 1 4 0.0212972
62 2 0 2 10 0.0336096
62 2 0 2 11 0.0378153
62 1 0 2 6 0.0864585
62 3 0 2 10 0.0142602
62 3 0 3 12 0.0535776
62 1 0 3 6 0.0664016
62 2 0 1 6 0.144803
62 3 0 2 5 0.0309739
62 2 0 3 7 0.0351595
62 3 0 3 10 0.010865
62 2 0 3 9 0.0673964
62 3 0 3 9 0.058946
62 2 0 2 6 0.0841695
62 2 0 3 8 4.9764e-45
62 3 0 1 8 4.79953e-45
62 2 0 3 4 0.0187192
63 2 4 3 0 0.0542776
63 2 9 1 0 0.0879977
63 1 8 2 0 0.0644998
63 2 8 1 0 0.0389638
63 1 10 1 0 0.039916
63 1 4 1 0 0.0467733
63 2 10 2 0 0.0618814
63 2 11 2 0 0.130682
63 2 6 1 0 0.027633
63 2 10 3 0 0.0228803
63 3 12 3 0 0.0190772
63 3 6 1 0 0.0195485
63 1 6 2 0 0.0956536
63 2 5 3 0 0.026691
63 3 7 2 0 0.0481618
63 3 10 3 0 0.0160577
63 3 9 2 0 0.0358552
63 3 9 3 0 0.0273281
63 2 6 2 0 0.0315028
63 3 8 2 0 0.0304524
63 1 8 3 0 0.0490408
63 3 4 2 0 0.0251261
64 7 9 7 9 0.000116386
64 9 7 9 7 0.000436629
64 4 5 4 5 0.00364002
64 5 4 5 4 0.00142272
64 5 8 6 9 0.00376034
64 6 9 5 8 0.000447851
64 8 6 9 5 4.80949e-46
64 9 5 8 6 0.0158892
64 5 7 6 12 0.00113156
64 6 12 5 7 4.40002e-47
64 7 6 12 5 0.00187118
64 12 5 7 6 0.000119553
64 4 7 9 6 0.0120138
64 6 4 7 9 0.0004201
64 7 9 6 4 0.00385241
64 9 6 4 7 0.00678582
64 5 9 6 8 0.00294358
64 6 8 5 9 0.000677615
64 8 5 9 6 2.59274e-45
64 9 6 8 5 0.00349092
64 9 10 11 12 3.22263e-05
64 10 11 12 9 0.000143081
64 11 12 9 10 8.29586e-47
64 12 9 10 11 1.52575e-06
64 8 9 11 10 1.67805e-47
64 9 11 10 8 0.000811658
64 10 8 9 11 0.000418965
64 11 10 8 9 0.00012539
64 5 5 10 9 0.00973749
64 5 10 9 5 0.00167845
64 9 5 5 10 0.0118874
64 10 9 5 5 0.000598396
64 7 9 9 11 0.00950192
64 9 9 11 7 0.00321917
64 9 11 7 9 0.015401
64 11 7 9 9 0.0264236
64 4 4 6 6 0.00112518
64 4 6 6 4 0.00337751
64 6 4 4 6 0.000539221
64 6 6 4 4 0.00161861
64 7 7 10 9 0.0235779
64 7 10 9 7 0.00594515
64 9 7 7 10 0.0351234
64 10 9 7 7 0.00258639
64 7 8 9 12 0.00556982
64 8 9 12 7 2.74016e-46
64 9 12 7 8 4.16213e-45
64 12 7 8 9 0.000160363
64 6 8 7 12 0.000523295
64 7 12 6 8 2.40002e-45
64 8 7 12 6 1.84788e-45
64 12 6 8 7 5.82149e-05
64 5 11 9 6 0.0109183
64 6 5 11 9 0.00158724
64 9 6 5 11 0.00581572
64 11 9 6 5 0.00118108
64 5 10 8 10 0.00739356
64 8 10 5 10 7.32587e-46
64 10 5 10 8 0.0443695
64 10 8 10 5 0.00768661
64 6 10 8 12 0.000413446
64 8 12 6 10 4.25671e-88
64 10 8 12 6 0.0185854
64 12 6 10 8 0.000464195
64 6 6 6 9 0.00113699
64 6 6 9 6 0.00300574
64 6 9 6 6 0.000701807
64 9 6 6 6 0.0119962
64 7 11 11 9 0.0110426
64 9 7 11 11 0.0223815
64 11 9 7 11 0.00662864
64 11 11 9 7 0.0122693
64 4 8 12 5 1.72032e-05
64 5 4 8 12 4.82179e-06
64 8 12 5 4 1.14045e-90
64 12 5 4 8 3.03794e-06
64 4 4 7 10 0.00314918
64 4 7 10 4 0.015957
64 7 10 4 4 0.0103632
64 10 4 4 7 0.00224074
64 4 8 6 9 0.00382914
64 6 9 4 8 0.00131992
64 8 6 9 4 2.0086e-45
64 9 4 8 6 0.00446282
64 4 4 4 11 0.00182184
64 4 4 11 4 0.00150075
64 4 11 4 4 0.00678479
64 11 4 4 4 0.00429476
64 5 6 9 10 0.0165858
64 6 9 10 5 0.000442288
64 9 10 5 6 0.00506601
64 10 5 6 9 0.0105716
64 6 6 11 10 0.00299575
64 6 11 10 6 0.00440998
64 10 6 6 11 0.0105869
64 11 10 6 6 0.00826843
64 5 6 8 7 0.00228819
64 6 8 7 5 0.000517491
64 7 5 6 8 0.0147841
64 8 7 5 6 7.67739e-46
64 5 6 6 8 0.00584623
64 6 6 8 5 0.000405615
64 6 8 5 6 0.0008307
64 8 5 6 6 1.20233e-45
64 5 6 7 8 0.00826994
64 6 7 8 5 0.000676809
64 7 8 5 6 0.00581585
64 8 5 6 7 5.92462e-46
64 4 8 9 6 0.0118686
64 6 4 8 9 0.000495933
64 8 9 6 4 5.49869e-46
64 9 6 4 8 0.0264529
64 4 12 6 10 1.61721e-45
64 6 10 4 12 0.000450459
64 10 4 12 6 0.0046675
64 12 6 10 4 0.000300296
64 4 5 12 12 0.00110255
64 5 12 12 4 7.25929e-46
64 12 4 5 12 3.21449e-06
64 12 12 4 5 5.41494e-48
64 5 11 6 12 0.00105362
64 6 12 5 11 1.11823e-46
64 11 6 12 5 0.00241056
64 12 5 11 6 0.000127649
64 6 6 11 9 0.00147058
64 6 11 9 6 0.00399911
64 9 6 6 11 0.0128648
64 11 9 6 6 0.00542049
64 4 10 12 7 0.00146926
64 7 4 10 12 0.00142716
64 10 12 7 4 2.05011e-45
64 12 7 4 10 0.000329308
64 4 7 7 8 0.0103456
64 7 7 8 4 0.01457
64 7 8 4 7 0.00621858
64 8 4 7 7 1.7331e-46
64 4 6 10 6 0.00928102
64 6 4 6 10 0.000707187
64 6 10 6 4 0.000981164
64 10 6 4 6 0.0132473
64 4 7 8 9 0.00669593
64 7 8 9 4 0.0239974
64 8 9 4 7 3.50027e-46
64 9 4 7 8 0.00751235
64 5 6 9 11 0.00818967
64 6 9 11 5 0.000184058
64 9 11 5 6 0.00671452
64 11 5 6 9 0.00882043
64 4 8 9 9 0.0103619
64 8 9 9 4 1.2691e-45
64 9 4 8 9 0.00456826
64 9 9 4 8 0.0142552
64 5 8 10 10 0.0267731
64 8 10 10 5 5.98694e-46
64 10 5 8 10 0.0319353
64 10 10 5 8 0.00711146
64 6 10 12 7 0.000495839
64 7 6 10 12 0.00441695
64 10 12 7 6 2.11374e-45
64 12 7 6 10 0.0002319
64 5 12 11 7 4.03655e-46
64 7 5 12 11 0.0116739
64 11 7 5 12 0.00169954
64 12 11 7 5 3.77126e-05
64 6 7 10 12 0.00124973
64 7 10 12 6 0.00836342
64 10 12 6 7 8.74121e-46
64 12 6 7 10 0.000233391
64 6 12 8 7 1.33595e-46
64 7 6 12 8 0.0135587
64 8 7 6 12 3.4042e-46
64 12 8 7 6 0.000150077
64 5 8 6 6 0.00482421
64 6 5 8 6 0.00193203
64 6 6 5 8 0.000930831
64 8 6 6 5 2.334e-46
64 4 11 10 8 0.0235175
64 8 4 11 10 9.0624e-46
64 10 8 4 11 0.0232185
64 11 10 8 4 0.0125469
64 4 5 7 5 1.87896e-05
64 5 4 5 7 3.74557e-06
64 5 7 5 4 3.80723e-05
64 7 5 4 5 4.45661e-05
64 4 5 10 9 0.0100567
64 5 10 9 4 0.00710946
64 9 4 5 10 0.00338632
64 10 9 4 5 0.00178869
64 4 11 7 7 0.00271571
64 7 4 11 7 0.00142476
64 7 7 4 11 0.0175807
64 11 7 7 4 0.0174734
65 7 9 7 9 7.40045e-50
65 9 7 9 7 2.63017e-49
65 4 5 4 5 3.51523e-47
65 5 4 5 4 5.63946e-48
65 5 8 6 9 2.29038e-48
65 6 9 5 8 1.36898e-48
65 8 6 9 5 1.13874e-47
65 9 5 8 6 1.27408e-47
65 5 7 6 12 7.01089e-48
65 6 12 5 7 2.51795e-48
65 7 6 12 5 4.37127e-48
65 12 5 7 6 8.68052e-48
65 4 7 9 6 9.38602e-48
65 6 4 7 9 2.55046e-48
65 7 9 6 4 5.72768e-48
65 9 6 4 7 8.99935e-48
65 5 9 6 8 5.20018e-48
65 6 8 5 9 7.1414e-49
65 8 5 9 6 1.34211e-47
65 9 6 8 5 1.28036e-47
65 9 10 11 12 4.09504e-50
65 10 11 12 9 0.000159482
65 11 12 9 10 8.928e-50
65 12 9 10 11 1.76415e-49
65 8 9 11 10 4.96909e-50
65 9 11 10 8 1.22307e-49
65 10 8 9 11 0.00053664
65 11 10 8 9 5.50195e-50
65 5 5 10 9 1.40663e-47
65 5 10 9 5 5.76021e-48
65 9 5 5 10 1.62704e-48
65 10 9 5 5 0.0204757
65 7 9 9 11 7.33365e-48
65 9 9 11 7 6.71602e-48
65 9 11 7 9 2.11112e-48
65 11 7 9 9 7.52683e-48
65 4 4 6 6 6.12718e-48
65 4 6 6 4 6.5897e-48
65 6 4 4 6 6.74819e-48
65 6 6 4 4 7.2576e-48
65 7 7 10 9 9.32222e-48
65 7 10 9 7 4.80717e-48
65 9 7 7 10 2.3003e-48
65 10 9 7 7 0.0364531
65 7 8 9 12 6.06125e-48
65 8 9 12 7 3.47825e-48
65 9 12 7 8 4.88785e-48
65 12 7 8 9 9.70377e-48
65 6 8 7 12 2.84097e-48
65 7 12 6 8 8.19168e-48
65 8 7 12 6 4.0267e-48
65 12 6 8 7 1.93847e-47
65 5 11 9 6 7.75634e-48
65 6 5 11 9 6.20912e-48
65 9 6 5 11 2.07224e-48
65 11 9 6 5 9.11126e-48
65 5 10 8 10 2.76591e-48
65 8 10 5 10 5.74261e-49
65 10 5 10 8 0.146618
65 10 8 10 5 0.0828211
65 6 10 8 12 5.95585e-48
65 8 12 6 10 5.65788e-48
65 10 8 12 6 0.0210353
65 12 6 10 8 2.39288e-47
65 6 6 6 9 4.43241e-48
65 6 6 9 6 9.92948e-48
65 6 9 6 6 5.65677e-48
65 9 6 6 6 7.43411e-48
65 7 11 11 9 3.98462e-48
65 9 7 11 11 6.63064e-48
65 11 9 7 11 4.8203e-48
65 11 11 9 7 1.02951e-47
65 4 8 12 5 3.03453e-50
65 5 4 8 12 1.47456e-49
65 8 12 5 4 3.54966e-50
65 12 5 4 8 1.77507e-49
65 4 4 7 10 2.84029e-48
65 4 7 10 4 1.65394e-47
65 7 10 4 4 4.52692e-48
65 10 4 4 7 0.084909
65 4 8 6 9 2.15183e-48
65 6 9 4 8 4.9442e-48
65 8 6 9 4 9.06726e-48
65 9 4 8 6 8.71022e-48
65 4 4 4 11 6.99017e-48
65 4 4 11 4 7.15164e-48
65 4 11 4 4 6.03586e-48
65 11 4 4 4 9.80764e-48
65 5 6 9 10 6.31264e-48
65 6 9 10 5 1.50412e-47
65 9 10 5 6 1.11358e-48
65 10 5 6 9 0.0550274
65 6 6 11 10 4.23972e-48
65 6 11 10 6 1.07082e-47
65 10 6 6 11 0.0575022
65 11 10 6 6 4.34159e-48
65 5 6 8 7 1.46949e-47
65 6 8 7 5 3.20914e-48
65 7 5 6 8 9.29523e-48
65 8 7 5 6 2.62384e-48
65 5 6 6 8 6.98111e-48
65 6 6 8 5 1.30791e-47
65 6 8 5 6 1.22354e-48
65 8 5 6 6 1.02644e-47
65 5 6 7 8 5.70296e-48
65 6 7 8 5 1.39254e-47
65 7 8 5 6 1.63539e-48
65 8 5 6 7 1.27076e-47
65 4 8 9 6 5.65191e-48
65 6 4 8 9 6.08893e-48
65 8 9 6 4 6.05646e-48
65 9 6 4 8 7.61829e-48
65 4 12 6 10 5.63312e-48
65 6 10 4 12 4.7327e-48
65 10 4 12 6 0.0366285
65 12 6 10 4 2.74134e-47
65 4 5 12 12 4.85005e-48
65 5 12 12 4 4.09196e-48
65 12 4 5 12 3.0336e-48
65 12 12 4 5 1.59536e-47
65 5 11 6 12 5.47658e-48
65 6 12 5 11 2.10687e-48
65 11 6 12 5 5.57082e-48
65 12 5 11 6 1.45362e-47
65 6 6 11 9 5.19243e-48
65 6 11 9 6 7.07197e-48
65 9 6 6 11 6.59472e-48
65 11 9 6 6 8.25147e-48
65 4 10 12 7 1.68585e-48
65 7 4 10 12 1.47862e-47
65 10 12 7 4 0.0451746
65 12 7 4 10 5.82529e-48
65 4 7 7 8 4.20008e-48
65 7 7 8 4 1.09116e-47
65 7 8 4 7 5.38367e-48
65 8 4 7 7 5.22518e-48
65 4 6 10 6 1.56035e-47
65 6 4 6 10 2.9799e-48
65 6 10 6 4 2.63565e-48
65 10 6 4 6 0.0740907
65 4 7 8 9 7.20978e-48
65 7 8 9 4 5.68733e-48
65 8 9 4 7 8.5393e-48
65 9 4 7 8 3.95559e-48
65 5 6 9 11 8.99024e-48
65 6 9 11 5 6.80937e-48
65 9 11 5 6 1.54827e-48
65 11 5 6 9 7.19486e-48
65 4 8 9 9 3.53071e-48
65 8 9 9 4 8.47564e-48
65 9 4 8 9 6.37965e-48
65 9 9 4 8 6.07369e-48
65 5 8 10 10 5.44189e-48
65 8 10 10 5 9.93256e-48
65 10 5 8 10 0.0778149
65 10 10 5 8 0.00903658
65 6 10 12 7 1.53501e-48
65 7 6 10 12 1.69697e-47
65 10 12 7 6 0.0482067
65 12 7 6 10 4.81597e-48
65 5 12 11 7 1.20915e-47
65 7 5 12 11 4.93191e-48
65 11 7 5 12 3.44105e-48
65 12 11 7 5 6.70463e-48
65 6 7 10 12 1.60476e-47
65 7 10 12 6 1.96742e-48
65 10 12 6 7 0.0867301
65 12 6 7 10 4.38673e-48
65 6 12 8 7 1.28452e-47
65 7 6 12 8 3.41015e-48
65 8 7 6 12 7.42568e-48
65 12 8 7 6 3.8253e-48
65 5 8 6 6 4.10658e-48
65 6 5 8 6 1.36201e-47
65 6 6 5 8 1.92327e-48
65 8 6 6 5 9.11404e-48
65 4 11 10 8 1.15476e-47
65 8 4 11 10 4.89163e-48
65 10 8 4 11 0.0417784
65 11 10 8 4 7.43408e-48
65 4 5 7 5 1.23022e-49
65 5 4 5 7 3.8607e-50
65 5 7 5 4 3.57085e-50
65 7 5 4 5 2.21686e-49
65 4 5 10 9 1.34034e-47
65 5 10 9 4 4.65182e-48
65 9 4 5 10 1.12815e-48
65 10 9 4 5 0.0750018
65 4 11 7 7 4.25925e-48
65 7 4 11 7 9.09398e-48
65 7 7 4 11 8.22131e-48
65 11 7 7 4 6.40124e-48
66 7 9 7 9 9.63798e-05
66 9 7 9 7 2.05064e-47
66 4 5 4 5 4.89713e-45
66 5 4 5 4 0.00192833
66 5 8 6 9 0.00221482
66 6 9 5 8 0.00560614
66 8 6 9 5 0.0179433
66 9 5 8 6 0.00402798
66 5 7 6 12 0.0042389
66 6 12 5 7 5.55649e-46
66 7 6 12 5 0.00408442
66 12 5 7 6 2.33472e-05
66 4 7 9 6 6.92269e-46
66 6 4 7 9 0.00652168
66 7 9 6 4 0.00443595
66 9 6 4 7 8.77488e-46
66 5 9 6 8 0.00536684
66 6 8 5 9 0.0027402
66 8 5 9 6 0.00853448
66 9 6 8 5 0.0100302
66 9 10 11 12 4.89025e-05
66 10 11 12 9 2.83858e-05
66 11 12 9 10 3.20603e-05
66 12 9 10 11 2.85099e-09
66 8 9 11 10 1.52335e-05
66 9 11 10 8 0.000132448
66 10 8 9 11 3.31806e-07
66 11 10 8 9 0.000201047
66 5 5 10 9 0.00625106
66 5 10 9 5 0.00314018
66 9 5 5 10 0.000147058
66 10 9 5 5 0.00418996
66 7 9 9 11 1.64171e-05
66 9 9 11 7 7.61739e-46
66 9 11 7 9 0.00161246
66 11 7 9 9 0.0187457
66 4 4 6 6 5.78683e-46
66 4 6 6 4 8.36843e-46
66 6 4 4 6 0.00745331
66 6 6 4 4 0.0107784
66 7 7 10 9 0.00801273
66 7 10 9 7 6.14827e-46
66 9 7 7 10 0.000243322
66 10 9 7 7 1.05895e-45
66 7 8 9 12 0.0127706
66 8 9 12 7 9.0248e-46
66 9 12 7 8 0.00561609
66 12 7 8 9 6.08241e-05
66 6 8 7 12 0.0150786
66 7 12 6 8 0.0109359
66 8 7 12 6 0.00290865
66 12 6 8 7 1.65275e-47
66 5 11 9 6 0.00163453
66 6 5 11 9 0.0113501
66 9 6 5 11 3.18926e-06
66 11 9 6 5 0.0299638
66 5 10 8 10 0.000261709
66 8 10 5 10 0.000163104
66 10 5 10 8 0.0348873
66 10 8 10 5 0.0247454
66 6 10 8 12 0.0211532
66 8 12 6 10 0.00128067
66 10 8 12 6 0.00335356
66 12 6 10 8 0.000258268
66 6 6 6 9 0.01076
66 6 6 9 6 0.0103969
66 6 9 6 6 0.00742669
66 9 6 6 6 0.00292762
66 7 11 11 9 0.00341064
66 9 7 11 11 8.66231e-06
66 11 9 7 11 3.51973e-05
66 11 11 9 7 2.94859e-45
66 4 8 12 5 9.29726e-48
66 5 4 8 12 0.000111888
66 8 12 5 4 3.32689e-05
66 12 5 4 8 1.50472e-06
66 4 4 7 10 8.66738e-47
66 4 7 10 4 1.71987e-45
66 7 10 4 4 0.00328651
66 10 4 4 7 1.99872e-45
66 4 8 6 9 7.40646e-46
66 6 9 4 8 0.0212398
66 8 6 9 4 0.0100755
66 9 4 8 6 0.00357867
66 4 4 4 11 2.70656e-48
66 4 4 11 4 8.88758e-46
66 4 11 4 4 6.42138e-46
66 11 4 4 4 0.019135
66 5 6 9 10 0.000489704
66 6 9 10 5 0.0376287
66 9 10 5 6 0.00046831
66 10 5 6 9 0.00889536
66 6 6 11 10 0.00139814
66 6 11 10 6 0.00979643
66 10 6 6 11 2.22928e-05
66 11 10 6 6 0.00698203
66 5 6 8 7 9.8744e-46
66 6 8 7 5 0.0118485
66 7 5 6 8 0.0113835
66 8 7 5 6 0.00176079
66 5 6 6 8 0.00602888
66 6 6 8 5 0.0285832
66 6 8 5 6 0.00212463
66 8 5 6 6 0.00684835
66 5 6 7 8 0.00511316
66 6 7 8 5 0.0252991
66 7 8 5 6 0.00122794
66 8 5 6 7 2.1185e-45
66 4 8 9 6 8.39082e-46
66 6 4 8 9 0.0154213
66 8 9 6 4 0.00843836
66 9 6 4 8 0.00981681
66 4 12 6 10 1.38887e-46
66 6 10 4 12 0.0161979
66 10 4 12 6 0.00354068
66 12 6 10 4 0.000122238
66 4 5 12 12 9.96638e-46
66 5 12 12 4 0.00126331
66 12 4 5 12 2.68296e-05
66 12 12 4 5 8.63669e-05
66 5 11 6 12 0.00336747
66 6 12 5 11 7.69832e-06
66 11 6 12 5 0.015587
66 12 5 11 6 3.63221e-05
66 6 6 11 9 0.0121576
66 6 11 9 6 0.00626034
66 9 6 6 11 1.07449e-05
66 11 9 6 6 0.0140272
66 4 10 12 7 4.50731e-89
66 7 4 10 12 0.0195213
66 10 12 7 4 0.00510246
66 12 7 4 10 4.95568e-06
66 4 7 7 8 1.11426e-45
66 7 7 8 4 0.00604491
66 7 8 4 7 1.05958e-45
66 8 4 7 7 1.17529e-45
66 4 6 10 6 1.43068e-45
66 6 4 6 10 0.00103371
66 6 10 6 4 0.0044658
66 10 6 4 6 0.00687946
66 4 7 8 9 1.26772e-45
66 7 8 9 4 0.00587827
66 8 9 4 7 2.15931e-45
66 9 4 7 8 0.00541831
66 5 6 9 11 9.2714e-06
66 6 9 11 5 0.0166809
66 9 11 5 6 0.000486919
66 11 5 6 9 0.0176562
66 4 8 9 9 1.15825e-45
66 8 9 9 4 0.0112551
66 9 4 8 9 0.00579192
66 9 9 4 8 0.00935306
66 5 8 10 10 0.000730042
66 8 10 10 5 0.0182858
66 10 5 8 10 0.00182178
66 10 10 5 8 0.00298598
66 6 10 12 7 4.84353e-46
66 7 6 10 12 0.0220817
66 10 12 7 6 0.00399118
66 12 7 6 10 4.13466e-06
66 5 12 11 7 6.48592e-46
66 7 5 12 11 7.69431e-06
66 11 7 5 12 0.0106893
66 12 11 7 5 3.77774e-05
66 6 7 10 12 0.0401462
66 7 10 12 6 0.00107429
66 10 12 6 7 1.72823e-45
66 12 6 7 10 4.70335e-06
66 6 12 8 7 3.08576e-45
66 7 6 12 8 0.00543893
66 8 7 6 12 0.014671
66 12 8 7 6 2.20519e-05
66 5 8 6 6 0.00179713
66 6 5 8 6 0.0120122
66 6 6 5 8 0.00659051
66 8 6 6 5 0.0150678
66 4 11 10 8 2.95588e-45
66 8 4 11 10 0.00127315
66 10 8 4 11 2.68562e-05
66 11 10 8 4 0.0167712
66 4 5 7 5 1.79564e-47
66 5 4 5 7 2.41787e-48
66 5 7 5 4 1.00044e-05
66 7 5 4 5 0.000157604
66 4 5 10 9 2.12011e-45
66 5 10 9 4 0.00178834
66 9 4 5 10 0.000132512
66 10 9 4 5 0.0161001
66 4 11 7 7 8.69546e-89
66 7 4 11 7 1.05632e-45
66 7 7 4 11 1.33103e-05
66 11 7 7 4 0.0107213
67 7 9 7 9 0.000106495
67 9 7 9 7 7.44853e-05
67 4 5 4 5 0.0358488
67 5 4 5 4 0.00106809
67 5 8 6 9 0.00355003
67 6 9 5 8 0.00070266
67 8 6 9 5 0.00604034
67 9 5 8 6 0.00479853
67 5 7 6 12 0.00108057
67 6 12 5 7 0.00224595
67 7 6 12 5 0.00290065
67 12 5 7 6 0.00484187
67 4 7 9 6 0.0105613
67 6 4 7 9 0.00249029
67 7 9 6 4 0.00364563
67 9 6 4 7 0.00357743
67 5 9 6 8 0.00177276
67 6 8 5 9 0.00166657
67 8 5 9 6 0.00992243
67 9 6 8 5 0.00345979
67 9 10 11 12 2.936e-06
67 10 11 12 9 4.83967e-05
67 11 12 9 10 5.70413e-05
67 12 9 10 11 4.3708e-05
67 8 9 11 10 6.13767e-05
67 9 11 10 8 5.91506e-05
67 10 8 9 11 4.39579e-05
67 11 10 8 9 2.70687e-05
67 5 5 10 9 0.0126567
67 5 10 9 5 0.00124356
67 9 5 5 10 0.000911889
67 10 9 5 5 0.00114939
67 7 9 9 11 0.0031368
67 9 9 11 7 0.00211261
67 9 11 7 9 0.00221989
67 11 7 9 9 0.00392592
67 4 4 6 6 0.00639574
67 4 6 6 4 0.00711037
67 6 4 4 6 0.00426601
67 6 6 4 4 0.00474268
67 7 7 10 9 0.0145827
67 7 10 9 7 0.00355724
67 9 7 7 10 0.00110023
67 10 9 7 7 0.003443
67 7 8 9 12 0.00317637
67 8 9 12 7 0.00205135
67 9 12 7 8 0.00100108
67 12 7 8 9 0.00875001
67 6 8 7 12 0.00131949
67 7 12 6 8 0.00660098
67 8 7 12 6 0.00216462
67 12 6 8 7 0.0148586
67 5 11 9 6 0.00758716
67 6 5 11 9 0.0105024
67 9 6 5 11 0.000334785
67 11 9 6 5 0.00232329
67 5 10 8 10 0.00193166
67 8 10 5 10 0.000488808
67 10 5 10 8 0.0117775
67 10 8 10 5 0.010115
67 6 10 8 12 0.00133787
67 8 12 6 10 0.00838655
67 10 8 12 6 0.00304607
67 12 6 10 8 0.0107681
67 6 6 6 9 0.00850406
67 6 6 9 6 0.00954702
67 6 9 6 6 0.00505842
67 9 6 6 6 0.00294762
67 7 11 11 9 0.0153199
67 9 7 11 11 0.000953308
67 11 9 7 11 0.000765567
67 11 11 9 7 0.00860486
67 4 8 12 5 3.96301e-05
67 5 4 8 12 1.76045e-05
67 8 12 5 4 1.45084e-05
67 12 5 4 8 7.5351e-05
67 4 4 7 10 0.00459619
67 4 7 10 4 0.0127202
67 7 10 4 4 0.00206845
67 10 4 4 7 0.00670606
67 4 8 6 9 0.00929444
67 6 9 4 8 0.00284462
67 8 6 9 4 0.00439712
67 9 4 8 6 0.00208164
67 4 4 4 11 0.00333258
67 4 4 11 4 0.00431686
67 4 11 4 4 0.0111826
67 11 4 4 4 0.00161634
67 5 6 9 10 0.00600663
67 6 9 10 5 0.00838561
67 9 10 5 6 0.000219311
67 10 5 6 9 0.0113679
67 6 6 11 10 0.00833012
67 6 11 10 6 0.021319
67 10 6 6 11 0.00377337
67 11 10 6 6 0.00128194
67 5 6 8 7 0.0100779
67 6 8 7 5 0.00318699
67 7 5 6 8 0.00821492
67 8 7 5 6 0.00155046
67 5 6 6 8 0.00306853
67 6 6 8 5 0.0102771
67 6 8 5 6 0.0017159
67 8 5 6 6 0.00910007
67 5 6 7 8 0.00211925
67 6 7 8 5 0.00851433
67 7 8 5 6 0.00262348
67 8 5 6 7 0.0124006
67 4 8 9 6 0.0122339
67 6 4 8 9 0.00704143
67 8 9 6 4 0.00273159
67 9 6 4 8 0.00194349
67 4 12 6 10 0.015493
67 6 10 4 12 0.000967079
67 10 4 12 6 0.00213301
67 12 6 10 4 0.0108671
67 4 5 12 12 0.00187735
67 5 12 12 4 0.00101307
67 12 4 5 12 0.000328501
67 12 12 4 5 0.00594973
67 5 11 6 12 0.00204488
67 6 12 5 11 0.000856123
67 11 6 12 5 0.00135392
67 12 5 11 6 0.00891271
67 6 6 11 9 0.00925816
67 6 11 9 6 0.0128178
67 9 6 6 11 0.00131116
67 11 9 6 6 0.00309134
67 4 10 12 7 0.00145397
67 7 4 10 12 0.00342281
67 10 12 7 4 0.00269006
67 12 7 4 10 0.00526536
67 4 7 7 8 0.00338441
67 7 7 8 4 0.00697705
67 7 8 4 7 0.0106558
67 8 4 7 7 0.00273541
67 4 6 10 6 0.0247846
67 6 4 6 10 0.00379243
67 6 10 6 4 0.00115585
67 10 6 4 6 0.00883158
67 4 7 8 9 0.0162094
67 7 8 9 4 0.00582619
67 8 9 4 7 0.00620541
67 9 4 7 8 0.000563814
67 5 6 9 11 0.00233926
67 6 9 11 5 0.00385149
67 9 11 5 6 0.000940347
67 11 5 6 9 0.00548635
67 4 8 9 9 0.0127174
67 8 9 9 4 0.0031878
67 9 4 8 9 0.00253711
67 9 9 4 8 0.00120172
67 5 8 10 10 0.00851398
67 8 10 10 5 0.00353755
67 10 5 8 10 0.0177373
67 10 10 5 8 0.00041492
67 6 10 12 7 0.000880254
67 7 6 10 12 0.00652576
67 10 12 7 6 0.00461327
67 12 7 6 10 0.00477913
67 5 12 11 7 0.00665705
67 7 5 12 11 0.00228726
67 11 7 5 12 0.000334545
67 12 11 7 5 0.00505799
67 6 7 10 12 0.00419793
67 7 10 12 6 0.00117248
67 10 12 6 7 0.010806
67 12 6 7 10 0.00472968
67 6 12 8 7 0.0141185
67 7 6 12 8 0.00234849
67 8 7 6 12 0.0017189
67 12 8 7 6 0.00336679
67 5 8 6 6 0.00382505
67 6 5 8 6 0.0149165
67 6 6 5 8 0.00127281
67 8 6 6 5 0.00579729
67 4 11 10 8 0.024424
67 8 4 11 10 0.00468946
67 10 8 4 11 0.00373792
67 11 10 8 4 0.00136765
67 4 5 7 5 0.000116449
67 5 4 5 7 1.29343e-05
67 5 7 5 4 8.74227e-06
67 7 5 4 5 0.000171949
67 4 5 10 9 0.0336082
67 5 10 9 4 0.000918138
67 9 4 5 10 0.000401211
67 10 9 4 5 0.00471934
67 4 11 7 7 0.0129561
67 7 4 11 7 0.00738521
67 7 7 4 11 0.00385352
67 11 7 7 4 0.00126574
68 7 9 7 9 5.19234e-05
68 9 7 9 7 0.000562617
68 4 5 4 5 0.00694187
68 5 4 5 4 2.99049e-46
68 5 8 6 9 0.00237992
68 6 9 5 8 0.00142685
68 8 6 9 5 2.33162e-45
68 9 5 8 6 0.0174743
68 5 7 6 12 0.00198143
68 6 12 5 7 1.02725e-05
68 7 6 12 5 0.00541146
68 12 5 7 6 9.72756e-06
68 4 7 9 6 0.00295445
68 6 4 7 9 2.6134e-46
68 7 9 6 4 0.00640275
68 9 6 4 7 0.0369177
68 5 9 6 8 0.00215362
68 6 8 5 9 0.00186754
68 8 5 9 6 8.59022e-46
68 9 6 8 5 0.0561762
68 9 10 11 12 8.50769e-05
68 10 11 12 9 3.57185e-05
68 11 12 9 10 3.45595e-07
68 12 9 10 11 7.91629e-07
68 8 9 11 10 5.61896e-48
68 9 11 10 8 0.000645059
68 10 8 9 11 0.000314227
68 11 10 8 9 5.14564e-05
68 5 5 10 9 0.00203094
68 5 10 9 5 0.00203311
68 9 5 5 10 0.00174332
68 10 9 5 5 0.00388386
68 7 9 9 11 0.00960478
68 9 9 11 7 0.0166881
68 9 11 7 9 0.00651804
68 11 7 9 9 0.00532448
68 4 4 6 6 4.61475e-46
68 4 6 6 4 0.00346126
68 6 4 4 6 1.26613e-45
68 6 6 4 4 0.00949656
68 7 7 10 9 0.00717248
68 7 10 9 7 0.00492848
68 9 7 7 10 0.00295967
68 10 9 7 7 0.00452596
68 7 8 9 12 0.0190167
68 8 9 12 7 4.07082e-46
68 9 12 7 8 3.85585e-05
68 12 7 8 9 2.67739e-05
68 6 8 7 12 0.00544016
68 7 12 6 8 4.0874e-05
68 8 7 12 6 3.49698e-46
68 12 6 8 7 0.000107057
68 5 11 9 6 0.0052855
68 6 5 11 9 0.00205219
68 9 6 5 11 0.00867419
68 11 9 6 5 0.011292
68 5 10 8 10 0.000904644
68 8 10 5 10 6.61812e-47
68 10 5 10 8 0.0115305
68 10 8 10 5 0.046379
68 6 10 8 12 0.0057559
68 8 12 6 10 3.23881e-48
68 10 8 12 6 0.00879566
68 12 6 10 8 0.000124784
68 6 6 6 9 0.00588375
68 6 6 9 6 0.0140589
68 6 9 6 6 0.00666164
68 9 6 6 6 0.0315788
68 7 11 11 9 0.00605865
68 9 7 11 11 0.0133248
68 11 9 7 11 0.00396389
68 11 11 9 7 0.0195292
68 4 8 12 5 2.97243e-05
68 5 4 8 12 9.35507e-48
68 8 12 5 4 1.82032e-50
68 12 5 4 8 3.10607e-07
68 4 4 7 10 1.16227e-46
68 4 7 10 4 0.00458527
68 7 10 4 4 0.0044122
68 10 4 4 7 2.69694e-45
68 4 8 6 9 0.00248196
68 6 9 4 8 0.00566218
68 8 6 9 4 1.56874e-45
68 9 4 8 6 4.63031e-45
68 4 4 4 11 5.70037e-46
68 4 4 11 4 3.62513e-46
68 4 11 4 4 0.00421939
68 11 4 4 4 1.63637e-45
68 5 6 9 10 0.00280129
68 6 9 10 5 0.0171558
68 9 10 5 6 0.00290097
68 10 5 6 9 0.0040678
68 6 6 11 10 0.00438822
68 6 11 10 6 0.0206957
68 10 6 6 11 0.0166303
68 11 10 6 6 0.00461632
68 5 6 8 7 0.00789556
68 6 8 7 5 0.00678824
68 7 5 6 8 0.00486891
68 8 7 5 6 2.84876e-46
68 5 6 6 8 0.00374094
68 6 6 8 5 0.0205849
68 6 8 5 6 0.00367289
68 8 5 6 6 7.07042e-46
68 5 6 7 8 0.00190324
68 6 7 8 5 0.0122184
68 7 8 5 6 0.00539098
68 8 5 6 7 8.50926e-46
68 4 8 9 6 0.00695333
68 6 4 8 9 1.01151e-45
68 8 9 6 4 8.7153e-46
68 9 6 4 8 0.0314702
68 4 12 6 10 9.09663e-06
68 6 10 4 12 0.00450027
68 10 4 12 6 8.71237e-46
68 12 6 10 4 0.000126236
68 4 5 12 12 0.000631195
68 5 12 12 4 4.26565e-06
68 12 4 5 12 1.77149e-48
68 12 12 4 5 2.77904e-07
68 5 11 6 12 0.00371948
68 6 12 5 11 9.63691e-06
68 11 6 12 5 0.00646063
68 12 5 11 6 2.03651e-05
68 6 6 11 9 0.0053666
68 6 11 9 6 0.0134143
68 9 6 6 11 0.0305319
68 11 9 6 6 0.00999658
68 4 10 12 7 0.000488503
68 7 4 10 12 2.68881e-45
68 10 12 7 4 1.96578e-05
68 12 7 4 10 1.58369e-05
68 4 7 7 8 0.000867399
68 7 7 8 4 0.00888374
68 7 8 4 7 0.0189561
68 8 4 7 7 8.44587e-89
68 4 6 10 6 0.00897671
68 6 4 6 10 4.90992e-46
68 6 10 6 4 0.00235475
68 10 6 4 6 0.0195311
68 4 7 8 9 0.00214825
68 7 8 9 4 0.0166551
68 8 9 4 7 1.37285e-45
68 9 4 7 8 1.26966e-45
68 5 6 9 11 0.00498411
68 6 9 11 5 0.00638716
68 9 11 5 6 0.00796616
68 11 5 6 9 0.00314198
68 4 8 9 9 0.00378404
68 8 9 9 4 1.13329e-45
68 9 4 8 9 2.95443e-45
68 9 9 4 8 0.0193905
68 5 8 10 10 0.00536129
68 8 10 10 5 1.40556e-45
68 10 5 8 10 0.00581627
68 10 10 5 8 0.00143953
68 6 10 12 7 0.00111539
68 7 6 10 12 0.0248967
68 10 12 7 6 2.42678e-05
68 12 7 6 10 1.31795e-05
68 5 12 11 7 1.52613e-05
68 7 5 12 11 0.00208016
68 11 7 5 12 0.00251787
68 12 11 7 5 3.21996e-05
68 6 7 10 12 0.0119524
68 7 10 12 6 0.00161492
68 10 12 6 7 6.81513e-05
68 12 6 7 10 1.3411e-05
68 6 12 8 7 5.85215e-05
68 7 6 12 8 0.00403963
68 8 7 6 12 8.25797e-46
68 12 8 7 6 2.92081e-05
68 5 8 6 6 0.00489822
68 6 5 8 6 0.00670093
68 6 6 5 8 0.00259374
68 8 6 6 5 2.00834e-45
68 4 11 10 8 0.00871212
68 8 4 11 10 8.87102e-89
68 10 8 4 11 0.0261543
68 11 10 8 4 0.00689875
68 4 5 7 5 1.52302e-05
68 5 4 5 7 2.30235e-48
68 5 7 5 4 8.51678e-06
68 7 5 4 5 0.000120555
68 4 5 10 9 0.00214815
68 5 10 9 4 0.00138736
68 9 4 5 10 4.68512e-46
68 10 9 4 5 0.0156316
68 4 11 7 7 0.00209916
68 7 4 11 7 1.42757e-45
68 7 7 4 11 0.00830386
68 11 7 7 4 0.00301148
69 7 9 7 9 8.85947e-50
69 9 7 9 7 0.00145873
69 4 5 4 5 1.81422e-47
69 5 4 5 4 6.96112e-48
69 5 8 6 9 4.32361e-48
69 6 9 5 8 1.08632e-48
69 8 6 9 5 5.25232e-48
69 9 5 8 6 0.121504
69 5 7 6 12 4.55611e-48
69 6 12 5 7 2.6075e-48
69 7 6 12 5 2.43808e-48
69 12 5 7 6 7.61737e-48
69 4 7 9 6 9.58193e-48
69 6 4 7 9 4.28905e-48
69 7 9 6 4 5.05366e-48
69 9 6 4 7 0.0485151
69 5 9 6 8 4.14343e-48
69 6 8 5 9 1.34259e-48
69 8 5 9 6 1.05864e-47
69 9 6 8 5 0.0713987
69 9 10 11 12 0.000295142
69 10 11 12 9 2.31728e-50
69 11 12 9 10 1.11052e-49
69 12 9 10 11 1.37036e-49
69 8 9 11 10 4.36003e-50
69 9 11 10 8 0.000928324
69 10 8 9 11 5.74586e-50
69 11 10 8 9 1.04046e-49
69 5 5 10 9 1.4095e-47
69 5 10 9 5 4.23129e-48
69 9 5 5 10 0.0114956
69 10 9 5 5 1.40865e-48
69 7 9 9 11 4.88514e-48
69 9 9 11 7 0.0388477
69 9 11 7 9 0.0242876
69 11 7 9 9 8.37073e-48
69 4 4 6 6 1.0002e-47
69 4 6 6 4 4.92287e-48
69 6 4 4 6 1.11097e-47
69 6 6 4 4 5.46808e-48
69 7 7 10 9 1.20896e-47
69 7 10 9 7 3.74977e-48
69 9 7 7 10 0.019973
69 10 9 7 7 2.52871e-48
69 7 8 9 12 4.8312e-48
69 8 9 12 7 2.43308e-48
69 9 12 7 8 0.052207
69 12 7 8 9 1.40641e-47
69 6 8 7 12 2.51916e-48
69 7 12 6 8 9.97317e-48
69 8 7 12 6 4.97091e-48
69 12 6 8 7 1.23732e-47
69 5 11 9 6 7.93671e-48
69 6 5 11 9 5.75085e-48
69 9 6 5 11 0.0127032
69 11 9 6 5 5.83897e-48
69 5 10 8 10 3.95681e-48
69 8 10 5 10 7.38541e-49
69 10 5 10 8 9.96757e-48
69 10 8 10 5 8.45665e-48
69 6 10 8 12 5.59452e-48
69 8 12 6 10 8.27909e-48
69 10 8 12 6 4.03879e-48
69 12 6 10 8 1.60019e-47
69 6 6 6 9 4.7509e-48
69 6 6 9 6 8.30473e-48
69 6 9 6 6 6.57355e-48
69 9 6 6 6 0.0678576
69 7 11 11 9 4.78751e-48
69 9 7 11 11 0.0456439
69 11 9 7 11 3.57213e-48
69 11 11 9 7 6.1691e-48
69 4 8 12 5 2.9808e-50
69 5 4 8 12 1.44292e-49
69 8 12 5 4 4.76598e-50
69 12 5 4 8 1.13903e-49
69 4 4 7 10 3.61331e-48
69 4 7 10 4 1.49496e-47
69 7 10 4 4 5.43193e-48
69 10 4 4 7 8.82396e-48
69 4 8 6 9 4.06206e-48
69 6 9 4 8 3.97308e-48
69 8 6 9 4 5.75799e-48
69 9 4 8 6 0.146127
69 4 4 4 11 7.76044e-48
69 4 4 11 4 8.12136e-48
69 4 11 4 4 5.56373e-48
69 11 4 4 4 1.22596e-47
69 5 6 9 10 4.351e-48
69 6 9 10 5 9.55486e-48
69 9 10 5 6 0.0161221
69 10 5 6 9 5.99607e-48
69 6 6 11 10 3.14973e-48
69 6 11 10 6 1.27774e-47
69 10 6 6 11 4.11256e-48
69 11 10 6 6 6.80324e-48
69 5 6 8 7 9.37977e-48
69 6 8 7 5 2.90009e-48
69 7 5 6 8 5.91414e-48
69 8 7 5 6 3.13825e-48
69 5 6 6 8 4.70968e-48
69 6 6 8 5 7.86183e-48
69 6 8 5 6 2.11153e-48
69 8 5 6 6 9.5248e-48
69 5 6 7 8 3.63836e-48
69 6 7 8 5 1.0217e-47
69 7 8 5 6 2.82228e-48
69 8 5 6 7 6.90544e-48
69 4 8 9 6 8.32523e-48
69 6 4 8 9 1.19952e-47
69 8 9 6 4 5.34375e-48
69 9 6 4 8 0.0480869
69 4 12 6 10 8.24284e-48
69 6 10 4 12 4.04722e-48
69 10 4 12 6 6.62505e-48
69 12 6 10 4 2.03002e-47
69 4 5 12 12 2.50331e-48
69 5 12 12 4 5.67066e-48
69 12 4 5 12 2.66868e-48
69 12 12 4 5 1.57553e-47
69 5 11 6 12 3.56732e-48
69 6 12 5 11 2.51241e-48
69 11 6 12 5 3.10713e-48
69 12 5 11 6 1.23588e-47
69 6 6 11 9 5.09928e-48
69 6 11 9 6 7.23643e-48
69 9 6 6 11 0.0405929
69 11 9 6 6 9.58877e-48
69 4 10 12 7 1.59019e-48
69 7 4 10 12 1.29467e-47
69 10 12 7 4 6.2082e-48
69 12 7 4 10 5.81453e-48
69 4 7 7 8 3.27066e-48
69 7 7 8 4 1.10224e-47
69 7 8 4 7 5.50977e-48
69 8 4 7 7 4.72359e-48
69 4 6 10 6 1.52182e-47
69 6 4 6 10 4.00872e-48
69 6 10 6 4 3.13581e-48
69 10 6 4 6 7.92496e-48
69 4 7 8 9 1.04494e-47
69 7 8 9 4 6.3607e-48
69 8 9 4 7 5.86071e-48
69 9 4 7 8 0.0388417
69 5 6 9 11 5.07053e-48
69 6 9 11 5 3.99822e-48
69 9 11 5 6 0.0172195
69 11 5 6 9 7.27316e-48
69 4 8 9 9 5.66555e-48
69 8 9 9 4 6.35685e-48
69 9 4 8 9 0.116594
69 9 9 4 8 0.045279
69 5 8 10 10 7.70321e-48
69 8 10 10 5 8.50822e-48
69 10 5 8 10 7.10577e-48
69 10 10 5 8 1.04229e-48
69 6 10 12 7 1.44791e-48
69 7 6 10 12 8.95584e-48
69 10 12 7 6 8.72535e-48
69 12 7 6 10 4.76642e-48
69 5 12 11 7 1.15196e-47
69 7 5 12 11 3.17232e-48
69 11 7 5 12 2.22706e-48
69 12 11 7 5 4.20902e-48
69 6 7 10 12 1.03375e-47
69 7 10 12 6 3.16898e-48
69 10 12 6 7 9.72107e-48
69 12 6 7 10 3.36368e-48
69 6 12 8 7 1.47965e-47
69 7 6 12 8 2.36481e-48
69 8 7 6 12 4.82567e-48
69 12 8 7 6 6.26849e-48
69 5 8 6 6 7.11605e-48
69 6 5 8 6 1.40011e-47
69 6 6 5 8 1.29219e-48
69 8 6 6 5 4.94532e-48
69 4 11 10 8 9.44771e-48
69 8 4 11 10 6.0292e-48
69 10 8 4 11 5.30727e-48
69 11 10 8 4 9.7983e-48
69 4 5 7 5 5.95347e-50
69 5 4 5 7 3.67552e-50
69 5 7 5 4 3.24278e-50
69 7 5 4 5 1.14413e-49
69 4 5 10 9 1.34307e-47
69 5 10 9 4 4.70465e-48
69 9 4 5 10 0.0140218
69 10 9 4 5 5.22524e-48
69 4 11 7 7 2.83936e-48
69 7 4 11 7 7.96505e-48
69 7 7 4 11 6.71496e-48
69 11 7 7 4 5.51986e-48
70 7 9 7 9 0.000151677
70 9 7 9 7 1.24066e-47
70 4 5 4 5 0.0107214
70 5 4 5 4 0.0157588
70 5 8 6 9 0.00490523
70 6 9 5 8 3.56755e-46
70 8 6 9 5 5.62098e-46
70 9 5 8 6 9.24266e-46
70 5 7 6 12 0.00290609
70 6 12 5 7 0.000747509
70 7 6 12 5 0.00186333
70 12 5 7 6 0.00196135
70 4 7 9 6 0.0167602
70 6 4 7 9 0.0027217
70 7 9 6 4 0.0253304
70 9 6 4 7 3.09043e-46
70 5 9 6 8 1.73456e-45
70 6 8 5 9 0.00119492
70 8 5 9 6 7.87424e-46
70 9 6 8 5 7.81444e-46
70 9 10 11 12 1.21048e-47
70 10 11 12 9 2.25797e-05
70 11 12 9 10 1.15299e-48
70 12 9 10 11 0.000110656
70 8 9 11 10 3.92909e-48
70 9 11 10 8 3.81509e-90
70 10 8 9 11 7.87751e-05
70 11 10 8 9 1.9239e-47
70 5 5 10 9 0.00574616
70 5 10 9 5 0.0246328
70 9 5 5 10 1.98788e-47
70 10 9 5 5 0.00401958
70 7 9 9 11 0.011732
70 9 9 11 7 9.7461e-46
70 9 11 7 9 3.80992e-46
70 11 7 9 9 4.51558e-46
70 4 4 6 6 0.018217
70 4 6 6 4 0.00918262
70 6 4 4 6 0.014496
70 6 6 4 4 0.00730699
70 7 7 10 9 0.0109618
70 7 10 9 7 0.0126602
70 9 7 7 10 6.48875e-47
70 10 9 7 7 0.00353486
70 7 8 9 12 0.00448941
70 8 9 12 7 2.18419e-46
70 9 12 7 8 4.80239e-89
70 12 7 8 9 0.00363558
70 6 8 7 12 0.00151583
70 7 12 6 8 9.98465e-46
70 8 7 12 6 4.66918e-46
70 12 6 8 7 0.00240755
70 5 11 9 6 0.0261975
70 6 5 11 9 0.00259101
70 9 6 5 11 1.19874e-46
70 11 9 6 5 1.08065e-45
70 5 10 8 10 0.00462134
70 8 10 5 10 8.96513e-47
70 10 5 10 8 9.08975e-46
70 10 8 10 5 0.0153685
70 6 10 8 12 0.0100434
70 8 12 6 10 1.20905e-46
70 10 8 12 6 0.00557172
70 12 6 10 8 9.60883e-46
70 6 6 6 9 0.00275082
70 6 6 9 6 0.00987244
70 6 9 6 6 0.0194522
70 9 6 6 6 1.093e-45
70 7 11 11 9 0.0113587
70 9 7 11 11 7.17954e-46
70 11 9 7 11 4.3125e-46
70 11 11 9 7 5.58075e-46
70 4 8 12 5 3.3953e-05
70 5 4 8 12 8.2717e-05
70 8 12 5 4 4.44096e-48
70 12 5 4 8 3.41187e-48
70 4 4 7 10 0.00113187
70 4 7 10 4 0.0329941
70 7 10 4 4 0.0468554
70 10 4 4 7 0.00620161
70 4 8 6 9 0.00463937
70 6 9 4 8 1.19953e-45
70 8 6 9 4 9.78899e-46
70 9 4 8 6 2.48076e-45
70 4 4 4 11 0.00761274
70 4 4 11 4 0.0263074
70 4 11 4 4 0.0207822
70 11 4 4 4 1.58931e-45
70 5 6 9 10 0.00126418
70 6 9 10 5 0.0229822
70 9 10 5 6 1.23831e-45
70 10 5 6 9 0.00237983
70 6 6 11 10 0.000997144
70 6 11 10 6 0.0333637
70 10 6 6 11 0.0035045
70 11 10 6 6 2.99236e-45
70 5 6 8 7 0.00503946
70 6 8 7 5 0.00374224
70 7 5 6 8 5.77906e-46
70 8 7 5 6 4.67089e-46
70 5 6 6 8 7.73976e-46
70 6 6 8 5 0.00620564
70 6 8 5 6 0.00377037
70 8 5 6 6 6.92297e-46
70 5 6 7 8 5.24386e-46
70 6 7 8 5 0.00945768
70 7 8 5 6 0.00666979
70 8 5 6 7 2.20833e-46
70 4 8 9 6 0.0195219
70 6 4 8 9 0.00732029
70 8 9 6 4 2.26143e-45
70 9 6 4 8 7.90248e-89
70 4 12 6 10 0.00135158
70 6 10 4 12 0.00774297
70 10 4 12 6 0.00726464
70 12 6 10 4 0.0137439
70 4 5 12 12 0.000473557
70 5 12 12 4 0.00371924
70 12 4 5 12 0.00064226
70 12 12 4 5 0.00343179
70 5 11 6 12 0.00432267
70 6 12 5 11 0.000980902
70 11 6 12 5 1.39291e-46
70 12 5 11 6 0.00504234
70 6 6 11 9 0.0041031
70 6 11 9 6 0.0191652
70 9 6 6 11 3.91786e-46
70 11 9 6 6 2.20281e-45
70 4 10 12 7 0.00306882
70 7 4 10 12 0.00942798
70 10 12 7 4 0.00568487
70 12 7 4 10 0.000630222
70 4 7 7 8 5.56517e-46
70 7 7 8 4 0.021452
70 7 8 4 7 0.00526689
70 8 4 7 7 2.95668e-46
70 4 6 10 6 0.0223786
70 6 4 6 10 0.00114119
70 6 10 6 4 0.0227376
70 10 6 4 6 0.0101302
70 4 7 8 9 0.00750855
70 7 8 9 4 0.0201358
70 8 9 4 7 7.66418e-46
70 9 4 7 8 7.78293e-89
70 5 6 9 11 0.00450153
70 6 9 11 5 0.0132461
70 9 11 5 6 6.04152e-46
70 11 5 6 9 1.83058e-46
70 4 8 9 9 0.00662183
70 8 9 9 4 2.75297e-45
70 9 4 8 9 9.866e-46
70 9 9 4 8 1.89551e-88
70 5 8 10 10 0.0034692
70 8 10 10 5 4.37841e-45
70 10 5 8 10 0.000935883
70 10 10 5 8 8.02311e-46
70 6 10 12 7 0.00222708
70 7 6 10 12 0.00521895
70 10 12 7 6 0.00624303
70 12 7 6 10 0.000574759
70 5 12 11 7 0.00585011
70 7 5 12 11 0.00100971
70 11 7 5 12 8.65117e-47
70 12 11 7 5 0.00347395
70 6 7 10 12 0.00533781
70 7 10 12 6 0.0146623
70 10 12 6 7 0.00348942
70 12 6 7 10 0.000303334
70 6 12 8 7 0.00365921
70 7 6 12 8 2.54644e-46
70 8 7 6 12 2.75975e-46
70 12 8 7 6 0.00453186
70 5 8 6 6 0.0161973
70 6 5 8 6 0.00768109
70 6 6 5 8 1.66589e-46
70 8 6 6 5 5.1717e-46
70 4 11 10 8 3.51332e-45
70 8 4 11 10 2.66535e-46
70 10 8 4 11 0.00639099
70 11 10 8 4 4.65202e-45
70 4 5 7 5 3.43286e-05
70 5 4 5 7 2.8606e-05
70 5 7 5 4 6.88929e-05
70 7 5 4 5 7.13235e-05
70 4 5 10 9 0.00551203
70 5 10 9 4 0.0435085
70 9 4 5 10 5.41142e-47
70 10 9 4 5 0.0137074
70 4 11 7 7 0.00355765
70 7 4 11 7 0.0093568
70 7 7 4 11 0.00652088
70 11 7 7 4 6.55236e-46
71 3 0 2 4 0.0854863
71 1 0 2 9 0.0465345
71 2 0 1 8 1.95545e-47
71 1 0 2 8 0.0594075
71 1 0 1 10 1.21102e-47
71 1 0 1 4 1.03156e-47
71 2 0 2 10 0.0837415
71 2 0 2 11 0.122237
71 1 0 2 6 0.0337489
71 3 0 2 10 0.0495728
71 3 0 3 12 0.0351619
71 1 0 3 6 0.0407915
71 2 0 1 6 2.32295e-47
71 3 0 2 5 0.0441624
71 2 0 3 7 0.118804
71 3 0 3 10 0.0594414
71 2 0 3 9 0.0305087
71 3 0 3 9 0.0372291
71 2 0 2 6 0.0362345
71 2 0 3 8 0.0747081
71 3 0 1 8 2.38038e-47
71 2 0 3 4 0.0422303
72 2 3 0 0 0.52382
72 1 2 0 0 0.260829
72 3 2 0 0 0.215351
73 4 3 0 2 0.087163
73 9 1 0 2 0.068936
73 8 2 0 1 1.32297e-47
73 8 1 0 2 0.0486924
73 10 1 0 1 1.682e-47
73 4 1 0 1 1.66534e-47
73 10 2 0 2 0.0683705
73 11 2 0 2 0.0459656
73 6 1 0 2 0.0349664
73 10 3 0 2 0.0434858
73 12 3 0 3 0.0643548
73 6 1 0 3 0.0588765
73 6 2 0 1 1.98663e-47
73 5 3 0 2 0.0524465
73 7 2 0 3 0.111343
73 10 3 0 3 0.0726396
73 9 2 0 3 0.0438575
73 9 3 0 3 0.0575014
73 6 2 0 2 0.0261507
73 8 2 0 3 0.0594207
73 8 3 0 1 1.73033e-47
73 4 2 0 3 0.0558295
74 4 3 0 2 0.137179
74 9 1 0 2 0.000276332
74 8 2 0 1 0.0168858
74 8 1 0 2 0.0228277
74 10 1 0 1 0.0437083
74 4 1 0 1 0.0655986
74 10 2 0 2 0.0924939
74 11 2 0 2 1.29815e-44
74 6 1 0 2 0.0441734
74 10 3 0 2 0.0451489
74 12 3 0 3 0.0578266
74 6 1 0 3 0.0474254
74 6 2 0 1 0.0683279
74 5 3 0 2 0.0295123
74 7 2 0 3 0.129834
74 10 3 0 3 0.0480875
74 9 2 0 3 0.000133453
74 9 3 0 3 0.000134282
74 6 2 0 2 0.0393308
74 8 2 0 3 0.0211464
74 8 3 0 1 0.0169494
74 4 2 0 3 0.0729999
75 4 3 0 2 0.0571515
75 9 1 0 2 0.0511678
75 8 2 0 1 0.0361506
75 8 1 0 2 0.0380018
75 10 1 0 1 0.0445646
75 4 1 0 1 0.0299486
75 10 2 0 2 0.0878763
75 11 2 0 2 0.0463789
75 6 1 0 2 0.0391153
75 10 3 0 2 0.042008
75 12 3 0 3 0.0372852
75 6 1 0 3 0.0452016
75 6 2 0 1 0.07781
75 5 3 0 2 0.041322
75 7 2 0 3 0.0714838
75 10 3 0 3 0.0481586
75 9 2 0 3 0.0291167
75 9 3 0 3 0.0286918
75 6 2 0 2 0.038125
75 8 2 0 3 0.0414789
75 8 3 0 1 0.0355364
75 4 2 0 3 0.0334267
76 4 3 0 2 0.0575828
76 9 1 0 2 0.0681292
76 8 2 0 1 0.0402767
76 8 1 0 2 0.0376705
76 10 1 0 1 0.0549774
76 4 1 0 1 0.0402974
76 10 2 0 2 0.0909227
76 11 2 0 2 0.0823519
76 6 1 0 2 0.0344865
76 10 3 0 2 0.0388053
76 12 3 0 3 0.0247703
76 6 1 0 3 0.0336826
76 6 2 0 1 0.0771042
76 5 3 0 2 0.0192633
76 7 2 0 3 0.0686728
76 10 3 0 3 0.0375994
76 9 2 0 3 0.0318127
76 9 3 0 3 0.0279882
76 6 2 0 2 0.0326352
76 8 2 0 3 0.0337402
76 8 3 0 1 0.0353484
76 4 2 0 3 0.0318823
77 4 3 0 2 0.0958454
77 9 1 0 2 0.0859807
77 8 2 0 1 0.0343417
77 8 1 0 2 0.0518964
77 10 1 0 1 0.0552828
77 4 1 0 1 0.0807367
77 10 2 0 2 0.0571885
77 11 2 0 2 0.0543843
77 6 1 0 2 0.0425352
77 10 3 0 2 0.0324176
77 12 3 0 3 0.0307068
77 6 1 0 3 0.0365273
77 6 2 0 1 0.0588586
77 5 3 0 2 0.0441049
77 7 2 0 3 0.0383117
77 10 3 0 3 0.0276175
77 9 2 0 3 0.021964
77 9 3 0 3 0.025665
77 6 2 0 2 0.0250447
77 8 2 0 3 0.0254289
77 8 3 0 1 0.0400306
77 4 2 0 3 0.0351307
78 4 3 0 2 0.0696908
78 9 1 0 2 0.000633748
78 8 2 0 1 0.125934
78 8 1 0 2 0.0865627
78 10 1 0 1 0.000199828
78 4 1 0 1 0.0369716
78 10 2 0 2 0.000350682
78 11 2 0 2 0.0847936
78 6 1 0 2 0.0172482
78 10 3 0 2 0.000186061
78 12 3 0 3 6.46147e-45
78 6 1 0 3 0.0191133
78 6 2 0 1 0.0524726
78 5 3 0 2 0.071559
78 7 2 0 3 0.135307
78 10 3 0 3 0.000204541
78 9 2 0 3 0.000403442
78 9 3 0 3 0.000441244
78 6 2 0 2 0.019613
78 8 2 0 3 0.1057
78 8 3 0 1 0.137398
78 4 2 0 3 0.0352163
79 4 3 0 2 0.0896938
79 9 1 0 2 0.129633
79 8 2 0 1 0.0225942
79 8 1 0 2 0.0283882
79 10 1 0 1 0.0302771
79 4 1 0 1 0.037519
79 10 2 0 2 0.0957784
79 11 2 0 2 0.0788537
79 6 1 0 2 0.0318456
79 10 3 0 2 0.0357534
79 12 3 0 3 0.0399183
79 6 1 0 3 0.0222701
79 6 2 0 1 0.0530012
79 5 3 0 2 0.0338824
79 7 2 0 3 0.0385923
79 10 3 0 3 0.0248042
79 9 2 0 3 0.0517172
79 9 3 0 3 0.0397961
79 6 2 0 2 0.0359602
79 8 2 0 3 0.0217238
79 8 3 0 1 0.0173439
79 4 2 0 3 0.0406542
80 3 0 0 2 0.438876
80 2 0 0 1 0.279931
80 2 0 0 3 0.281193
