0 0 1 2 0 0.493292
0 0 1 3 0 0.273197
0 0 3 1 0 0.233511
1 0 3 10 2 2.28129e-47
1 0 1 11 2 1.52195e-47
1 0 3 5 2 9.04431e-48
1 0 3 9 3 0.0294472
1 0 3 12 2 8.54862e-48
1 0 2 6 3 0.069124
1 0 3 5 3 0.0217144
1 0 3 6 2 1.60439e-47
1 0 2 8 1 0.0882668
1 0 2 7 2 1.49271e-47
1 0 2 4 1 0.115917
1 0 2 8 3 0.0577019
1 0 3 4 2 7.79299e-48
1 0 1 9 1 0.0676983
1 0 3 11 1 0.132771
1 0 1 10 2 1.84919e-47
1 0 1 12 3 0.0361065
1 0 2 5 3 0.0194187
1 0 2 7 1 0.108238
1 0 1 7 1 0.0934847
1 0 2 9 2 1.10705e-47
1 0 2 12 1 0.0632618
1 0 1 8 2 1.1459e-47
1 0 3 8 1 0.0968495
2 0 3 10 2 0.110305
2 0 1 11 2 0.0246342
2 0 3 5 2 0.0299714
2 0 3 9 3 0.0138916
2 0 3 12 2 0.137801
2 0 2 6 3 1.03182e-44
2 0 3 5 3 0.017739
2 0 3 6 2 8.36741e-45
2 0 2 8 1 0.0263978
2 0 2 7 2 7.60143e-45
2 0 2 4 1 0.0449205
2 0 2 8 3 0.0639819
2 0 3 4 2 0.0391202
2 0 1 9 1 0.0100104
2 0 3 11 1 0.012295
2 0 1 10 2 0.10391
2 0 1 12 3 0.166745
2 0 2 5 3 0.0184182
2 0 2 7 1 3.66481e-45
2 0 1 7 1 3.16831e-45
2 0 2 9 2 0.0245966
2 0 2 12 1 0.0787224
2 0 1 8 2 0.0515916
2 0 3 8 1 0.0249472
3 0 3 10 2 0.0443638
3 0 1 11 2 0.0129037
3 0 3 5 2 0.0267231
3 0 3 9 3 0.0308025
3 0 3 12 2 0.0193133
3 0 2 6 3 0.0797978
3 0 3 5 3 0.0512708
3 0 3 6 2 0.0219492
3 0 2 8 1 0.047294
3 0 2 7 2 0.023348
3 0 2 4 1 0.0949546
3 0 2 8 3 0.101261
3 0 3 4 2 0.0247777
3 0 1 9 1 0.0247184
3 0 3 11 1 0.0240236
3 0 1 10 2 0.0411125
3 0 1 12 3 0.0745246
3 0 2 5 3 0.0484155
3 0 2 7 1 0.0413069
3 0 1 7 1 0.0386264
3 0 2 9 2 0.0153017
3 0 2 12 1 0.0368223
3 0 1 8 2 0.0272451
3 0 3 8 1 0.0491433
4 0 3 10 2 0.0588014
4 0 1 11 2 0.0389632
4 0 3 5 2 0.0479792
4 0 3 9 3 0.0356243
4 0 3 12 2 0.0523351
4 0 2 6 3 0.0656237
4 0 3 5 3 0.0333604
4 0 3 6 2 0.053545
4 0 2 8 1 0.0221156
4 0 2 7 2 0.0384666
4 0 2 4 1 0.0592421
4 0 2 8 3 0.0574517
4 0 3 4 2 0.0556382
4 0 1 9 1 0.0228587
4 0 3 11 1 0.0223342
4 0 1 10 2 0.0528653
4 0 1 12 3 0.0710017
4 0 2 5 3 0.0293036
4 0 2 7 1 0.0203275
4 0 1 7 1 0.0198248
4 0 2 9 2 0.0454237
4 0 2 12 1 0.0277237
4 0 1 8 2 0.0444853
4 0 3 8 1 0.0247049
5 0 3 10 2 0.0427652
5 0 1 11 2 0.0274498
5 0 3 5 2 0.0379629
5 0 3 9 3 0.0416376
5 0 3 12 2 0.0239056
5 0 2 6 3 0.071651
5 0 3 5 3 0.0431161
5 0 3 6 2 0.0264834
5 0 2 8 1 0.03634
5 0 2 7 2 0.03517
5 0 2 4 1 0.0558767
5 0 2 8 3 0.105527
5 0 3 4 2 0.026573
5 0 1 9 1 0.0321283
5 0 3 11 1 0.0171044
5 0 1 10 2 0.0516827
5 0 1 12 3 0.0712116
5 0 2 5 3 0.051184
5 0 2 7 1 0.0271581
5 0 1 7 1 0.0263446
5 0 2 9 2 0.0439263
5 0 2 12 1 0.0250087
5 0 1 8 2 0.0497557
5 0 3 8 1 0.0300374
6 0 3 10 2 0.0417528
6 0 1 11 2 0.101563
6 0 3 5 2 0.0487381
6 0 3 9 3 8.39207e-45
6 0 3 12 2 0.0333353
6 0 2 6 3 0.0789312
6 0 3 5 3 0.0456199
6 0 3 6 2 0.0527778
6 0 2 8 1 0.0222272
6 0 2 7 2 0.0730548
6 0 2 4 1 0.0202967
6 0 2 8 3 0.0632068
6 0 3 4 2 0.0170997
6 0 1 9 1 5.29172e-45
6 0 3 11 1 0.0665553
6 0 1 10 2 0.0403801
6 0 1 12 3 0.0654917
6 0 2 5 3 0.0363239
6 0 2 7 1 0.0474765
6 0 1 7 1 0.0549482
6 0 2 9 2 7.20522e-45
6 0 2 12 1 0.0196853
6 0 1 8 2 0.043144
6 0 3 8 1 0.0273916
7 0 3 10 2 0.0211022
7 0 1 11 2 0.045733
7 0 3 5 2 0.0290213
7 0 3 9 3 0.0392799
7 0 3 12 2 0.0215687
7 0 2 6 3 0.0791807
7 0 3 5 3 0.0262299
7 0 3 6 2 0.0272471
7 0 2 8 1 0.0395512
7 0 2 7 2 0.0512517
7 0 2 4 1 0.0630546
7 0 2 8 3 0.0876676
7 0 3 4 2 0.0213098
7 0 1 9 1 0.0457309
7 0 3 11 1 0.0257964
7 0 1 10 2 0.0293711
7 0 1 12 3 0.0588859
7 0 2 5 3 0.0420284
7 0 2 7 1 0.0412603
7 0 1 7 1 0.0341517
7 0 2 9 2 0.0702848
7 0 2 12 1 0.0317514
7 0 1 8 2 0.0443207
7 0 3 8 1 0.0242207
8 0 0 1 2 0.506035
8 0 0 1 3 0.235775
8 0 0 3 1 0.25819
9 3 10 2 0 0.0404904
9 1 11 2 0 0.0335194
9 3 5 2 0 0.0430594
9 3 9 3 0 0.0240956
9 3 12 2 0 0.0294723
9 2 6 3 0 0.083416
9 3 5 3 0 0.0315237
9 3 6 2 0 0.0354373
9 2 8 1 0 0.0316255
9 2 7 2 0 0.0595135
9 2 4 1 0 0.0643744
9 2 8 3 0 0.0973944
9 3 4 2 0 0.0373166
9 1 9 1 0 0.0178967
9 3 11 1 0 0.0124361
9 1 10 2 0 0.0499528
9 1 12 3 0 0.0577706
9 2 5 3 0 0.0505107
9 2 7 1 0 0.0279327
9 1 7 1 0 0.0204931
9 2 9 2 0 0.0532276
9 2 12 1 0 0.0252945
9 1 8 2 0 0.0538798
9 3 8 1 0 0.0193671
10 4 10 11 8 1.52972e-88
10 8 4 10 11 0.00240806
10 10 11 8 4 1.49488e-46
10 11 8 4 10 0.03027
10 6 11 7 7 1.22051e-05
10 7 6 11 7 8.83138e-48
10 7 7 6 11 3.55418e-05
10 11 7 7 6 1.10501e-05
10 8 8 9 9 0.000143674
10 8 9 9 8 9.29795e-05
10 9 8 8 9 0.000122615
10 9 9 8 8 7.93506e-05
10 5 6 11 8 5.15068e-46
10 6 11 8 5 0.0028534
10 8 5 6 11 0.00340655
10 11 8 5 6 0.0280871
10 7 10 9 11 4.2858e-46
10 9 11 7 10 0.0036638
10 10 9 11 7 7.27939e-89
10 11 7 10 9 0.00214108
10 7 7 9 12 0.00239318
10 7 9 12 7 0.00782123
10 9 12 7 7 1.91562e-46
10 12 7 7 9 0.00134215
10 8 8 11 10 3.06954e-45
10 8 11 10 8 0.00631569
10 10 8 8 11 2.60467e-46
10 11 10 8 8 4.60784e-46
10 4 4 7 11 0.00123955
10 4 7 11 4 3.4703e-46
10 7 11 4 4 0.0130618
10 11 4 4 7 0.00786584
10 6 12 11 8 6.95597e-89
10 8 6 12 11 0.00462602
10 11 8 6 12 0.0305049
10 12 11 8 6 0.0093462
10 8 12 11 10 2.51191e-88
10 10 8 12 11 5.86675e-46
10 11 10 8 12 9.47252e-46
10 12 11 10 8 0.0106567
10 6 12 8 7 1.64583e-46
10 7 6 12 8 0.0049027
10 8 7 6 12 0.00641578
10 12 8 7 6 0.00649257
10 8 8 9 12 0.013572
10 8 9 12 8 0.0111257
10 9 12 8 8 4.61074e-46
10 12 8 8 9 0.0128789
10 6 10 8 10 3.42632e-46
10 8 10 6 10 2.11968e-45
10 10 6 10 8 1.92101e-46
10 10 8 10 6 5.74595e-46
10 4 4 8 8 0.0027036
10 4 8 8 4 0.00500579
10 8 4 4 8 0.0100856
10 8 8 4 4 0.0186739
10 6 8 9 9 0.0050349
10 8 9 9 6 0.00940712
10 9 6 8 9 0.00414744
10 9 9 6 8 0.017203
10 5 9 9 10 0.00422789
10 9 9 10 5 0.00779225
10 9 10 5 9 1.91625e-45
10 10 5 9 9 9.12868e-47
10 6 7 6 11 0.00149976
10 6 11 6 7 0.00539107
10 7 6 11 6 1.20637e-45
10 11 6 7 6 0.00201188
10 4 10 7 8 2.92797e-46
10 7 8 4 10 0.0347412
10 8 4 10 7 0.0027785
10 10 7 8 4 4.79839e-47
10 6 9 7 8 0.00146484
10 7 8 6 9 0.0236937
10 8 6 9 7 0.00285172
10 9 7 8 6 0.00182594
10 4 5 4 6 0.00829349
10 4 6 4 5 0.0159352
10 5 4 6 4 0.00288168
10 6 4 5 4 0.00300941
10 4 11 10 9 0.00922492
10 9 4 11 10 1.21456e-45
10 10 9 4 11 9.18467e-46
10 11 10 9 4 3.95558e-46
10 5 12 7 12 2.89071e-46
10 7 12 5 12 3.16004e-45
10 12 5 12 7 0.00406233
10 12 7 12 5 0.00585616
10 4 5 5 6 0.00921853
10 5 5 6 4 0.00207748
10 5 6 4 5 0.0102274
10 6 4 5 5 0.00673434
10 6 9 7 11 0.00105698
10 7 11 6 9 0.0154152
10 9 7 11 6 5.26327e-46
10 11 6 9 7 0.00231957
10 5 10 9 8 3.5101e-48
10 8 5 10 9 2.86647e-05
10 9 8 5 10 0.000363806
10 10 9 8 5 3.96441e-48
10 5 10 8 12 5.26469e-46
10 8 12 5 10 2.5452e-45
10 10 8 12 5 8.70769e-46
10 12 5 10 8 0.00305238
10 6 11 7 8 1.49863e-05
10 7 8 6 11 0.000173984
10 8 6 11 7 9.67103e-48
10 11 7 8 6 2.04748e-05
10 4 11 8 9 0.00656677
10 8 9 4 11 0.0175826
10 9 4 11 8 7.88148e-46
10 11 8 9 4 0.00482511
10 6 8 9 8 0.00391206
10 8 6 8 9 0.00436546
10 8 9 8 6 0.00845025
10 9 8 6 8 0.0206544
10 4 5 7 8 0.00094444
10 5 7 8 4 0.000589254
10 7 8 4 5 0.0342609
10 8 4 5 7 0.00819724
10 7 7 12 9 0.00308685
10 7 12 9 7 3.8674e-46
10 9 7 7 12 0.00122912
10 12 9 7 7 0.00352605
10 4 5 7 7 0.000763735
10 5 7 7 4 0.000315771
10 7 4 5 7 0.00743269
10 7 7 4 5 0.00694945
10 4 8 8 6 0.00997586
10 6 4 8 8 0.00126803
10 8 6 4 8 0.0124417
10 8 8 6 4 0.0145246
10 4 4 8 7 0.00241431
10 4 8 7 4 0.00296228
10 7 4 4 8 0.0100987
10 8 7 4 4 0.00418284
10 4 6 10 11 0.00360677
10 6 10 11 4 5.91896e-89
10 10 11 4 6 1.34933e-45
10 11 4 6 10 0.0104905
10 6 12 7 9 1.39446e-46
10 7 9 6 12 0.0237302
10 9 6 12 7 0.00412676
10 12 7 9 6 0.00271782
10 4 8 8 8 0.00717193
10 8 4 8 8 0.00263193
10 8 8 4 8 0.0267546
10 8 8 8 4 0.0048731
10 4 12 6 8 1.54936e-45
10 6 8 4 12 0.0234697
10 8 4 12 6 0.0073033
10 12 6 8 4 0.0033867
10 7 9 8 8 7.36319e-05
10 8 7 9 8 2.20158e-05
10 8 8 7 9 6.72434e-05
10 9 8 8 7 7.49053e-05
10 4 8 8 7 0.00639464
10 7 4 8 8 0.00263127
10 8 7 4 8 0.0059836
10 8 8 7 4 0.0028793
10 5 5 10 9 0.00127768
10 5 10 9 5 3.70655e-46
10 9 5 5 10 0.00668448
10 10 9 5 5 1.14165e-45
10 5 7 6 8 0.00209056
10 6 8 5 7 0.00870393
10 7 6 8 5 0.00345421
10 8 5 7 6 0.00106248
10 7 12 11 8 1.55875e-88
10 8 7 12 11 0.00240256
10 11 8 7 12 0.00653036
10 12 11 8 7 0.00646974
10 4 12 8 10 6.41436e-46
10 8 10 4 12 3.19775e-45
10 10 4 12 8 2.19622e-46
10 12 8 10 4 0.00819209
10 4 6 5 11 0.00791514
10 5 11 4 6 0.0123257
10 6 5 11 4 1.42016e-46
10 11 4 6 5 0.00769544
10 5 5 12 6 0.00230027
10 5 12 6 5 1.02921e-45
10 6 5 5 12 0.00469812
10 12 6 5 5 0.0213914
10 4 8 9 8 0.00871842
10 8 4 8 9 0.00369892
10 8 9 8 4 0.00443214
10 9 8 4 8 0.0277564
10 4 7 8 9 0.00197683
10 7 8 9 4 0.00519357
10 8 9 4 7 0.0190263
10 9 4 7 8 0.00141478
10 4 7 5 7 0.0048861
10 5 7 4 7 0.00282127
10 7 4 7 5 0.00194772
10 7 5 7 4 0.000627486
11 4 10 11 8 4.22769e-48
11 8 4 10 11 0.0507583
11 10 11 8 4 6.76806e-48
11 11 8 4 10 3.99209e-48
11 6 11 7 7 6.87914e-50
11 7 6 11 7 6.14108e-50
11 7 7 6 11 4.61723e-50
11 11 7 7 6 5.60782e-50
11 8 8 9 9 3.85181e-50
11 8 9 9 8 3.68677e-50
11 9 8 8 9 4.05726e-50
11 9 9 8 8 3.88341e-50
11 5 6 11 8 8.47439e-48
11 6 11 8 5 5.57122e-48
11 8 5 6 11 5.94579e-48
11 11 8 5 6 5.40883e-48
11 7 10 9 11 3.54976e-48
11 9 11 7 10 6.23034e-48
11 10 9 11 7 6.45143e-48
11 11 7 10 9 0.0369287
11 7 7 9 12 3.55861e-48
11 7 9 12 7 2.69757e-48
11 9 12 7 7 5.32408e-48
11 12 7 7 9 4.90678e-48
11 8 8 11 10 5.50509e-48
11 8 11 10 8 0.054811
11 10 8 8 11 5.38275e-48
11 11 10 8 8 3.23941e-48
11 4 4 7 11 3.76242e-48
11 4 7 11 4 6.12918e-48
11 7 11 4 4 4.95485e-48
11 11 4 4 7 5.3541e-48
11 6 12 11 8 7.30827e-48
11 8 6 12 11 5.55971e-48
11 11 8 6 12 4.42302e-48
11 12 11 8 6 7.27489e-48
11 8 12 11 10 6.80612e-48
11 10 8 12 11 1.08717e-47
11 11 10 8 12 3.89546e-48
11 12 11 10 8 0.124714
11 6 12 8 7 3.9978e-48
11 7 6 12 8 4.475e-48
11 8 7 6 12 4.37989e-48
11 12 8 7 6 7.4497e-48
11 8 8 9 12 4.14197e-48
11 8 9 12 8 3.32084e-48
11 9 12 8 8 4.48555e-48
11 12 8 8 9 3.9086e-48
11 6 10 8 10 4.70942e-48
11 8 10 6 10 5.01537e-48
11 10 6 10 8 0.106505
11 10 8 10 6 0.10771
11 4 4 8 8 2.9818e-48
11 4 8 8 4 3.06928e-48
11 8 4 4 8 4.85353e-48
11 8 8 4 4 4.99591e-48
11 6 8 9 9 3.9429e-48
11 8 9 9 6 3.18784e-48
11 9 6 8 9 3.46893e-48
11 9 9 6 8 4.2335e-48
11 5 9 9 10 3.45274e-48
11 9 9 10 5 0.0484946
11 9 10 5 9 4.13368e-48
11 10 5 9 9 6.24409e-48
11 6 7 6 11 6.1897e-48
11 6 11 6 7 6.72131e-48
11 7 6 11 6 5.7047e-48
11 11 6 7 6 4.87019e-48
11 4 10 7 8 3.38406e-48
11 7 8 4 10 3.74302e-48
11 8 4 10 7 0.0607957
11 10 7 8 4 7.46528e-48
11 6 9 7 8 3.23776e-48
11 7 8 6 9 2.46545e-48
11 8 6 9 7 4.72622e-48
11 9 7 8 6 5.32497e-48
11 4 5 4 6 5.87464e-48
11 4 6 4 5 5.04704e-48
11 5 4 6 4 9.23271e-48
11 6 4 5 4 9.36463e-48
11 4 11 10 9 0.0334857
11 9 4 11 10 9.90806e-48
11 10 9 4 11 5.12336e-48
11 11 10 9 4 5.69742e-48
11 5 12 7 12 6.95397e-48
11 7 12 5 12 5.14075e-48
11 12 5 12 7 1.76994e-47
11 12 7 12 5 1.62648e-47
11 4 5 5 6 8.40444e-48
11 5 5 6 4 1.4084e-47
11 5 6 4 5 1.08804e-47
11 6 4 5 5 1.2058e-47
11 6 9 7 11 2.82842e-48
11 7 11 6 9 2.47358e-48
11 9 7 11 6 8.34355e-48
11 11 6 9 7 4.3267e-48
11 5 10 9 8 7.14061e-50
11 8 5 10 9 0.000542652
11 9 8 5 10 8.06695e-50
11 10 9 8 5 5.08996e-50
11 5 10 8 12 5.25929e-48
11 8 12 5 10 5.79927e-48
11 10 8 12 5 1.31907e-47
11 12 5 10 8 0.151639
11 6 11 7 8 6.72117e-50
11 7 8 6 11 4.26525e-50
11 8 6 11 7 7.31401e-50
11 11 7 8 6 4.5709e-50
11 4 11 8 9 1.85509e-48
11 8 9 4 11 2.51648e-48
11 9 4 11 8 8.53495e-48
11 11 8 9 4 4.87304e-48
11 6 8 9 8 5.96187e-48
11 8 6 8 9 2.48343e-48
11 8 9 8 6 2.40393e-48
11 9 8 6 8 6.68783e-48
11 4 5 7 8 5.01031e-48
11 5 7 8 4 6.43097e-48
11 7 8 4 5 4.84935e-48
11 8 4 5 7 6.3807e-48
11 7 7 12 9 3.03532e-48
11 7 12 9 7 3.52239e-48
11 9 7 7 12 5.57719e-48
11 12 9 7 7 4.52163e-48
11 4 5 7 7 5.09186e-48
11 5 7 7 4 7.83415e-48
11 7 4 5 7 5.31962e-48
11 7 7 4 5 5.21246e-48
11 4 8 8 6 3.03936e-48
11 6 4 8 8 5.01887e-48
11 8 6 4 8 4.89185e-48
11 8 8 6 4 5.50172e-48
11 4 4 8 7 3.34638e-48
11 4 8 7 4 4.12891e-48
11 7 4 4 8 4.46841e-48
11 8 7 4 4 5.93004e-48
11 4 6 10 11 0.050559
11 6 10 11 4 1.00969e-47
11 10 11 4 6 1.07812e-47
11 11 4 6 10 6.06016e-48
11 6 12 7 9 3.14841e-48
11 7 9 6 12 2.13631e-48
11 9 6 12 7 7.56954e-48
11 12 7 9 6 8.65948e-48
11 4 8 8 8 2.55674e-48
11 8 4 8 8 3.56624e-48
11 8 8 4 8 4.16165e-48
11 8 8 8 4 3.67085e-48
11 4 12 6 8 4.19602e-48
11 6 8 4 12 6.23792e-48
11 8 4 12 6 7.58379e-48
11 12 6 8 4 8.69579e-48
11 7 9 8 8 2.25357e-50
11 8 7 9 8 6.08665e-50
11 8 8 7 9 3.44027e-50
11 9 8 8 7 6.06176e-50
11 4 8 8 7 2.86491e-48
11 7 4 8 8 3.27819e-48
11 8 7 4 8 4.93216e-48
11 8 8 7 4 4.93054e-48
11 5 5 10 9 0.0661303
11 5 10 9 5 7.46227e-48
11 9 5 5 10 9.70289e-48
11 10 9 5 5 6.70024e-48
11 5 7 6 8 6.67046e-48
11 6 8 5 7 6.3969e-48
11 7 6 8 5 3.47969e-48
11 8 5 7 6 5.91819e-48
11 7 12 11 8 5.155e-48
11 8 7 12 11 6.05344e-48
11 11 8 7 12 4.28057e-48
11 12 11 8 7 7.40527e-48
11 4 12 8 10 2.60247e-48
11 8 10 4 12 4.14966e-48
11 10 4 12 8 1.04002e-47
11 12 8 10 4 0.106926
11 4 6 5 11 3.94709e-48
11 5 11 4 6 6.90842e-48
11 6 5 11 4 1.11198e-47
11 11 4 6 5 5.8402e-48
11 5 5 12 6 1.38184e-47
11 5 12 6 5 9.26567e-48
11 6 5 5 12 1.05209e-47
11 12 6 5 5 1.44465e-47
11 4 8 9 8 3.70234e-48
11 8 4 8 9 2.57548e-48
11 8 9 8 4 2.53744e-48
11 9 8 4 8 6.34779e-48
11 4 7 8 9 1.919e-48
11 7 8 9 4 4.28498e-48
11 8 9 4 7 2.82674e-48
11 9 4 7 8 6.40712e-48
11 4 7 5 7 5.30257e-48
11 5 7 4 7 7.99039e-48
11 7 4 7 5 5.45915e-48
11 7 5 7 4 6.46753e-48
12 4 10 11 8 0.00363871
12 8 4 10 11 0.0140201
12 10 11 8 4 0.00142645
12 11 8 4 10 7.46592e-46
12 6 11 7 7 1.64326e-05
12 7 6 11 7 1.19173e-05
12 7 7 6 11 0.000101419
12 11 7 7 6 6.02506e-05
12 8 8 9 9 5.16034e-05
12 8 9 9 8 6.60648e-05
12 9 8 8 9 2.95246e-05
12 9 9 8 8 3.77987e-05
12 5 6 11 8 0.00712012
12 6 11 8 5 0.00501017
12 8 5 6 11 0.0146391
12 11 8 5 6 0.00544686
12 7 10 9 11 0.0129428
12 9 11 7 10 8.29392e-46
12 10 9 11 7 0.000660068
12 11 7 10 9 0.00172759
12 7 7 9 12 5.07249e-46
12 7 9 12 7 0.00105345
12 9 12 7 7 0.00152785
12 12 7 7 9 0.00550884
12 8 8 11 10 6.08377e-46
12 8 11 10 8 0.00365628
12 10 8 8 11 0.00533241
12 11 10 8 8 0.00240543
12 4 4 7 11 0.0172526
12 4 7 11 4 0.00279971
12 7 11 4 4 0.00488181
12 11 4 4 7 0.00236752
12 6 12 11 8 0.00529818
12 8 6 12 11 0.0271784
12 11 8 6 12 5.13331e-46
12 12 11 8 6 0.0064312
12 8 12 11 10 7.55743e-46
12 10 8 12 11 0.0186294
12 11 10 8 12 4.07291e-46
12 12 11 10 8 0.00806103
12 6 12 8 7 0.000700007
12 7 6 12 8 0.00664101
12 8 7 6 12 5.77388e-46
12 12 8 7 6 0.0122008
12 8 8 9 12 8.23314e-46
12 8 9 12 8 0.00657442
12 9 12 8 8 0.00345591
12 12 8 8 9 0.00324071
12 6 10 8 10 4.89566e-46
12 8 10 6 10 7.7049e-46
12 10 6 10 8 0.00368038
12 10 8 10 6 0.00388336
12 4 4 8 8 0.00308641
12 4 8 8 4 0.00170499
12 8 4 4 8 0.0122744
12 8 8 4 4 0.00678061
12 6 8 9 9 0.00436796
12 8 9 9 6 0.00671976
12 9 6 8 9 0.00284612
12 9 9 6 8 0.00503539
12 5 9 9 10 6.69234e-46
12 9 9 10 5 0.0056927
12 9 10 5 9 0.00420287
12 10 5 9 9 0.00265744
12 6 7 6 11 0.0133213
12 6 11 6 7 0.00123119
12 7 6 11 6 0.00557155
12 11 6 7 6 0.00694298
12 4 10 7 8 0.00479627
12 7 8 4 10 7.89713e-46
12 8 4 10 7 0.00141188
12 10 7 8 4 0.00155427
12 6 9 7 8 0.00488308
12 7 8 6 9 0.00217567
12 8 6 9 7 0.00175825
12 9 7 8 6 0.00408133
12 4 5 4 6 0.00982421
12 4 6 4 5 0.0141124
12 5 4 6 4 0.00765366
12 6 4 5 4 0.00780642
12 4 11 10 9 0.0018994
12 9 4 11 10 1.19302e-45
12 10 9 4 11 0.0141038
12 11 10 9 4 0.00455441
12 5 12 7 12 1.20729e-45
12 7 12 5 12 7.02401e-46
12 12 5 12 7 0.00502519
12 12 7 12 5 0.0292867
12 4 5 5 6 0.00814827
12 5 5 6 4 0.00732483
12 5 6 4 5 0.0289985
12 6 4 5 5 0.0204988
12 6 9 7 11 0.0118586
12 7 11 6 9 0.00187763
12 9 7 11 6 0.0061885
12 11 6 9 7 0.00120412
12 5 10 9 8 9.47744e-05
12 8 5 10 9 3.21016e-05
12 9 8 5 10 9.94307e-48
12 10 9 8 5 3.22848e-05
12 5 10 8 12 6.27775e-46
12 8 12 5 10 8.44535e-46
12 10 8 12 5 0.0114011
12 12 5 10 8 0.00915892
12 6 11 7 8 6.86904e-05
12 7 8 6 11 0.000110258
12 8 6 11 7 1.68181e-05
12 11 7 8 6 3.08175e-05
12 4 11 8 9 0.00122344
12 8 9 4 11 0.0175284
12 9 4 11 8 0.00811426
12 11 8 9 4 0.00353848
12 6 8 9 8 0.00695941
12 8 6 8 9 0.00239594
12 8 9 8 6 0.00323655
12 9 8 6 8 0.00626663
12 4 5 7 8 0.0051849
12 5 7 8 4 0.00289336
12 7 8 4 5 0.0113276
12 8 4 5 7 0.00218661
12 7 7 12 9 0.0032217
12 7 12 9 7 0.000985544
12 9 7 7 12 8.15372e-46
12 12 9 7 7 0.00186774
12 4 5 7 7 0.00123161
12 5 7 7 4 0.00561679
12 7 4 5 7 0.00153849
12 7 7 4 5 0.010346
12 4 8 8 6 0.0028885
12 6 4 8 8 0.00479422
12 8 6 4 8 0.0108869
12 8 8 6 4 0.00416814
12 4 4 8 7 0.0008096
12 4 8 7 4 0.00365505
12 7 4 4 8 0.00953687
12 8 7 4 4 0.00683888
12 4 6 10 11 0.0110114
12 6 10 11 4 0.00551439
12 10 11 4 6 0.00851023
12 11 4 6 10 8.10541e-46
12 6 12 7 9 0.00356695
12 7 9 6 12 3.5505e-46
12 9 6 12 7 0.00264579
12 12 7 9 6 0.0118397
12 4 8 8 8 0.00206559
12 8 4 8 8 0.00411977
12 8 8 4 8 0.00821467
12 8 8 8 4 0.00227584
12 4 12 6 8 0.00416229
12 6 8 4 12 1.43361e-45
12 8 4 12 6 0.0178263
12 12 6 8 4 0.00588967
12 7 9 8 8 2.17675e-05
12 8 7 9 8 7.30116e-05
12 8 8 7 9 4.69117e-05
12 9 8 8 7 1.08642e-05
12 4 8 8 7 0.000540989
12 7 4 8 8 0.00319601
12 8 7 4 8 0.00827245
12 8 8 7 4 0.00487125
12 5 5 10 9 0.00334106
12 5 10 9 5 0.0138883
12 9 5 5 10 9.61301e-46
12 10 9 5 5 0.00539379
12 5 7 6 8 0.00533361
12 6 8 5 7 0.00141483
12 7 6 8 5 0.00418623
12 8 5 7 6 0.00804052
12 7 12 11 8 0.00381418
12 8 7 12 11 0.0223019
12 11 8 7 12 6.47859e-46
12 12 11 8 7 0.00130075
12 4 12 8 10 2.6756e-46
12 8 10 4 12 1.26967e-45
12 10 4 12 8 0.00821332
12 12 8 10 4 0.00552461
12 4 6 5 11 0.0126853
12 5 11 4 6 0.0117842
12 6 5 11 4 0.00443422
12 11 4 6 5 0.00864824
12 5 5 12 6 0.0174037
12 5 12 6 5 0.0122845
12 6 5 5 12 1.12676e-45
12 12 6 5 5 0.0253255
12 4 8 9 8 0.00468306
12 8 4 8 9 0.00282354
12 8 9 8 4 0.00199689
12 9 8 4 8 0.0106557
12 4 7 8 9 0.00125019
12 7 8 9 4 0.00351018
12 8 9 4 7 0.00165545
12 9 4 7 8 0.0100307
12 4 7 5 7 0.00107983
12 5 7 4 7 0.00267524
12 7 4 7 5 0.011893
12 7 5 7 4 0.00433452
13 4 10 11 8 0.00387793
13 8 4 10 11 0.00422895
13 10 11 8 4 0.0103442
13 11 8 4 10 0.00381047
13 6 11 7 7 0.000124712
13 7 6 11 7 7.36963e-05
13 7 7 6 11 2.97935e-05
13 11 7 7 6 8.99349e-05
13 8 8 9 9 4.40365e-05
13 8 9 9 8 1.96957e-05
13 9 8 8 9 0.000104794
13 9 9 8 8 4.68701e-05
13 5 6 11 8 0.00787849
13 6 11 8 5 0.0080653
13 8 5 6 11 0.00354843
13 11 8 5 6 0.00907996
13 7 10 9 11 0.0018252
13 9 11 7 10 0.006266
13 10 9 11 7 0.0101202
13 11 7 10 9 0.00450531
13 7 7 9 12 0.000935494
13 7 9 12 7 0.00147564
13 9 12 7 7 0.00538081
13 12 7 7 9 0.00923914
13 8 8 11 10 0.00567021
13 8 11 10 8 0.00445644
13 10 8 8 11 0.00884666
13 11 10 8 8 0.0035168
13 4 4 7 11 0.00454936
13 4 7 11 4 0.00646859
13 7 11 4 4 0.0056667
13 11 4 4 7 0.00734374
13 6 12 11 8 0.00481982
13 8 6 12 11 0.0021609
13 11 8 6 12 0.00220248
13 12 11 8 6 0.0163847
13 8 12 11 10 0.00370809
13 10 8 12 11 0.00589146
13 11 10 8 12 0.00261677
13 12 11 10 8 0.0106681
13 6 12 8 7 0.00443691
13 7 6 12 8 0.00135734
13 8 7 6 12 0.00160157
13 12 8 7 6 0.0166038
13 8 8 9 12 0.00158204
13 8 9 12 8 0.00132819
13 9 12 8 8 0.00330884
13 12 8 8 9 0.0106748
13 6 10 8 10 0.00424631
13 8 10 6 10 0.00253109
13 10 6 10 8 0.00653194
13 10 8 10 6 0.0151864
13 4 4 8 8 0.00329636
13 4 8 8 4 0.00493441
13 8 4 4 8 0.00442515
13 8 8 4 4 0.00662414
13 6 8 9 9 0.00455442
13 8 9 9 6 0.00278369
13 9 6 8 9 0.00637053
13 9 9 6 8 0.00288943
13 5 9 9 10 0.00163126
13 9 9 10 5 0.00397532
13 9 10 5 9 0.00587804
13 10 5 9 9 0.00450474
13 6 7 6 11 0.00437151
13 6 11 6 7 0.00745186
13 7 6 11 6 0.00755239
13 11 6 7 6 0.00744821
13 4 10 7 8 0.00326005
13 7 8 4 10 0.00324815
13 8 4 10 7 0.00634474
13 10 7 8 4 0.00910423
13 6 9 7 8 0.00366921
13 7 8 6 9 0.00334087
13 8 6 9 7 0.00307343
13 9 7 8 6 0.0090503
13 4 5 4 6 0.00670812
13 4 6 4 5 0.00430857
13 5 4 6 4 0.00738884
13 6 4 5 4 0.00911993
13 4 11 10 9 0.00491318
13 9 4 11 10 0.00821959
13 10 9 4 11 0.00585606
13 11 10 9 4 0.00320682
13 5 12 7 12 0.00312553
13 7 12 5 12 0.00157103
13 12 5 12 7 0.00811647
13 12 7 12 5 0.00645081
13 4 5 5 6 0.00861859
13 5 5 6 4 0.00886346
13 5 6 4 5 0.0101007
13 6 4 5 5 0.0109135
13 6 9 7 11 0.00379145
13 7 11 6 9 0.00313205
13 9 7 11 6 0.0124854
13 11 6 9 7 0.00285679
13 5 10 9 8 3.56284e-05
13 8 5 10 9 5.56678e-05
13 9 8 5 10 6.77644e-05
13 10 9 8 5 6.69627e-05
13 5 10 8 12 0.00368682
13 8 12 5 10 0.00258979
13 10 8 12 5 0.00661143
13 12 5 10 8 0.0088365
13 6 11 7 8 8.22378e-05
13 7 8 6 11 3.69131e-05
13 8 6 11 7 9.50844e-05
13 11 7 8 6 7.92758e-05
13 4 11 8 9 0.00438441
13 8 9 4 11 0.00290154
13 9 4 11 8 0.00848317
13 11 8 9 4 0.00359543
13 6 8 9 8 0.00371824
13 8 6 8 9 0.00458368
13 8 9 8 6 0.00476634
13 9 8 6 8 0.00527423
13 4 5 7 8 0.00402756
13 5 7 8 4 0.00838277
13 7 8 4 5 0.00551608
13 8 4 5 7 0.00774097
13 7 7 12 9 0.00178809
13 7 12 9 7 0.00157303
13 9 7 7 12 0.00331804
13 12 9 7 7 0.00790591
13 4 5 7 7 0.00606461
13 5 7 7 4 0.00944273
13 7 4 5 7 0.00595737
13 7 7 4 5 0.00442072
13 4 8 8 6 0.00678466
13 6 4 8 8 0.0057532
13 8 6 4 8 0.00391751
13 8 8 6 4 0.00513342
13 4 4 8 7 0.00548124
13 4 8 7 4 0.00613803
13 7 4 4 8 0.00376072
13 8 7 4 4 0.00586241
13 4 6 10 11 0.00360505
13 6 10 11 4 0.0113054
13 10 11 4 6 0.0183857
13 11 4 6 10 0.00329507
13 6 12 7 9 0.00403886
13 7 9 6 12 0.000837008
13 9 6 12 7 0.00366678
13 12 7 9 6 0.00685378
13 4 8 8 8 0.00349167
13 8 4 8 8 0.00404617
13 8 8 4 8 0.00468735
13 8 8 8 4 0.00605683
13 4 12 6 8 0.00171408
13 6 8 4 12 0.00439235
13 8 4 12 6 0.00463733
13 12 6 8 4 0.0107328
13 7 9 8 8 2.52337e-05
13 8 7 9 8 2.80135e-05
13 8 8 7 9 8.25799e-05
13 9 8 8 7 0.000125254
13 4 8 8 7 0.00579703
13 7 4 8 8 0.00343333
13 8 7 4 8 0.00414193
13 8 8 7 4 0.00752259
13 5 5 10 9 0.00718808
13 5 10 9 5 0.00407353
13 9 5 5 10 0.00518837
13 10 9 5 5 0.00636141
13 5 7 6 8 0.0041768
13 6 8 5 7 0.00968628
13 7 6 8 5 0.00350208
13 8 5 7 6 0.00798077
13 7 12 11 8 0.00310615
13 8 7 12 11 0.00246725
13 11 8 7 12 0.00348544
13 12 11 8 7 0.0151182
13 4 12 8 10 0.0015691
13 8 10 4 12 0.0022062
13 10 4 12 8 0.00385692
13 12 8 10 4 0.0115231
13 4 6 5 11 0.00327172
13 5 11 4 6 0.0125924
13 6 5 11 4 0.0103893
13 11 4 6 5 0.00416238
13 5 5 12 6 0.00704042
13 5 12 6 5 0.00450315
13 6 5 5 12 0.00423502
13 12 6 5 5 0.0119591
13 4 8 9 8 0.00222681
13 8 4 8 9 0.00541196
13 8 9 8 4 0.00362338
13 9 8 4 8 0.00711382
13 4 7 8 9 0.00361898
13 7 8 9 4 0.00287432
13 8 9 4 7 0.00408259
13 9 4 7 8 0.00668821
13 4 7 5 7 0.00577336
13 5 7 4 7 0.0105344
13 7 4 7 5 0.00578414
13 7 5 7 4 0.00579823
14 4 10 11 8 0.00377497
14 8 4 10 11 0.012861
14 10 11 8 4 0.0030386
14 11 8 4 10 0.00222684
14 6 11 7 7 3.24184e-05
14 7 6 11 7 0.000121364
14 7 7 6 11 6.6172e-05
14 11 7 7 6 4.43376e-05
14 8 8 9 9 1.49729e-05
14 8 9 9 8 3.65698e-05
14 9 8 8 9 4.16343e-05
14 9 9 8 8 0.000101688
14 5 6 11 8 0.0151568
14 6 11 8 5 0.00359089
14 8 5 6 11 0.00618156
14 11 8 5 6 3.22691e-46
14 7 10 9 11 0.00171606
14 9 11 7 10 0.0021323
14 10 9 11 7 0.016462
14 11 7 10 9 0.00567551
14 7 7 9 12 0.00147636
14 7 9 12 7 0.00630134
14 9 12 7 7 0.00591072
14 12 7 7 9 0.0070285
14 8 8 11 10 0.0042974
14 8 11 10 8 0.0033386
14 10 8 8 11 0.00469126
14 11 10 8 8 0.0024019
14 4 4 7 11 0.00558516
14 4 7 11 4 0.00841513
14 7 11 4 4 0.00312519
14 11 4 4 7 0.00749796
14 6 12 11 8 0.0126778
14 8 6 12 11 0.0136612
14 11 8 6 12 0.00204402
14 12 11 8 6 0.00522467
14 8 12 11 10 0.0112061
14 10 8 12 11 0.00752626
14 11 10 8 12 0.00317661
14 12 11 10 8 0.00776948
14 6 12 8 7 0.00688266
14 7 6 12 8 0.00527681
14 8 7 6 12 0.00448624
14 12 8 7 6 0.00439574
14 8 8 9 12 0.00114735
14 8 9 12 8 0.00785343
14 9 12 8 8 0.00629043
14 12 8 8 9 0.00466423
14 6 10 8 10 0.00371902
14 8 10 6 10 0.00298037
14 10 6 10 8 0.011385
14 10 8 10 6 0.00558301
14 4 4 8 8 0.00358902
14 4 8 8 4 0.00208765
14 8 4 4 8 0.00752014
14 8 8 4 4 0.00437429
14 6 8 9 9 0.00143974
14 8 9 9 6 0.0035037
14 9 6 8 9 0.0081343
14 9 9 6 8 0.00783588
14 5 9 9 10 0.00272955
14 9 9 10 5 0.0132151
14 9 10 5 9 4.79226e-46
14 10 5 9 9 0.00169776
14 6 7 6 11 0.00969669
14 6 11 6 7 0.00325084
14 7 6 11 6 0.010868
14 11 6 7 6 0.00504861
14 4 10 7 8 0.00179688
14 7 8 4 10 0.00228176
14 8 4 10 7 0.00988785
14 10 7 8 4 0.0069683
14 6 9 7 8 0.00623643
14 7 8 6 9 0.00174733
14 8 6 9 7 0.00312662
14 9 7 8 6 0.00683724
14 4 5 4 6 0.00460081
14 4 6 4 5 0.00812358
14 5 4 6 4 0.0094509
14 6 4 5 4 1.29074e-45
14 4 11 10 9 0.00257378
14 9 4 11 10 0.0132466
14 10 9 4 11 0.0185082
14 11 10 9 4 0.00154878
14 5 12 7 12 0.007508
14 7 12 5 12 7.01688e-46
14 12 5 12 7 0.0135752
14 12 7 12 5 0.0188503
14 4 5 5 6 5.66439e-46
14 5 5 6 4 0.00804367
14 5 6 4 5 0.0191474
14 6 4 5 5 1.63526e-45
14 6 9 7 11 0.00975571
14 7 11 6 9 0.00146957
14 9 7 11 6 0.0124077
14 11 6 9 7 0.00225073
14 5 10 9 8 2.00531e-05
14 8 5 10 9 6.61177e-05
14 9 8 5 10 4.33134e-48
14 10 9 8 5 0.000105634
14 5 10 8 12 0.00487561
14 8 12 5 10 7.46725e-46
14 10 8 12 5 0.00552139
14 12 5 10 8 0.0122438
14 6 11 7 8 2.75562e-05
14 7 8 6 11 3.50735e-05
14 8 6 11 7 0.000168204
14 11 7 8 6 5.24725e-05
14 4 11 8 9 0.00148348
14 8 9 4 11 0.0141206
14 9 4 11 8 0.0127987
14 11 8 9 4 0.00106204
14 6 8 9 8 0.00141053
14 8 6 8 9 0.00662123
14 8 9 8 6 0.00793034
14 9 8 6 8 0.00314318
14 4 5 7 8 0.00231736
14 5 7 8 4 0.0083351
14 7 8 4 5 0.00359009
14 8 4 5 7 9.7794e-46
14 7 7 12 9 0.00421311
14 7 12 9 7 0.0018483
14 9 7 7 12 0.00489542
14 12 9 7 7 0.0108999
14 4 5 7 7 0.002707
14 5 7 7 4 0.00699317
14 7 4 5 7 7.00631e-46
14 7 7 4 5 0.00672549
14 4 8 8 6 0.0020816
14 6 4 8 8 0.00694035
14 8 6 4 8 0.00889428
14 8 8 6 4 0.00323522
14 4 4 8 7 0.00462972
14 4 8 7 4 0.00193422
14 7 4 4 8 0.00594959
14 8 7 4 4 0.00904919
14 4 6 10 11 0.0122909
14 6 10 11 4 0.0113982
14 10 11 4 6 0.00512964
14 11 4 6 10 0.004421
14 6 12 7 9 0.00501256
14 7 9 6 12 0.00424906
14 9 6 12 7 0.0105004
14 12 7 9 6 0.00430779
14 4 8 8 8 0.00158033
14 8 4 8 8 0.00525
14 8 8 4 8 0.0033113
14 8 8 8 4 0.0030538
14 4 12 6 8 0.00386673
14 6 8 4 12 0.00512761
14 8 4 12 6 0.00982615
14 12 6 8 4 0.016907
14 7 9 8 8 5.7657e-05
14 8 7 9 8 2.67184e-05
14 8 8 7 9 2.76453e-05
14 9 8 8 7 4.63269e-05
14 4 8 8 7 0.00203543
14 7 4 8 8 0.00414714
14 8 7 4 8 0.00683956
14 8 8 7 4 0.00282499
14 5 5 10 9 0.00720276
14 5 10 9 5 0.00226904
14 9 5 5 10 5.66021e-46
14 10 9 5 5 1.25948e-45
14 5 7 6 8 0.00555343
14 6 8 5 7 4.72937e-46
14 7 6 8 5 0.00559305
14 8 5 7 6 0.00370956
14 7 12 11 8 0.00818084
14 8 7 12 11 0.0113447
14 11 8 7 12 0.00192745
14 12 11 8 7 0.00551699
14 4 12 8 10 0.00302488
14 8 10 4 12 0.00452932
14 10 4 12 8 0.00782951
14 12 8 10 4 0.00874448
14 4 6 5 11 9.04229e-46
14 5 11 4 6 0.00456408
14 6 5 11 4 0.0109343
14 11 4 6 5 0.00517415
14 5 5 12 6 0.00892977
14 5 12 6 5 0.0101079
14 6 5 5 12 8.0861e-46
14 12 6 5 5 2.50321e-45
14 4 8 9 8 0.000762426
14 8 4 8 9 0.0058516
14 8 9 8 4 0.0083133
14 9 8 4 8 0.00444216
14 4 7 8 9 0.00319052
14 7 8 9 4 0.00102058
14 8 9 4 7 0.0101814
14 9 4 7 8 0.00571346
14 4 7 5 7 5.94704e-46
14 5 7 4 7 0.0113853
14 7 4 7 5 0.00515006
14 7 5 7 4 0.00345975
15 4 10 11 8 4.25303e-48
15 8 4 10 11 1.08423e-47
15 10 11 8 4 7.56074e-48
15 11 8 4 10 4.53632e-48
15 6 11 7 7 1.04599e-49
15 7 6 11 7 7.27002e-50
15 7 7 6 11 7.86023e-50
15 11 7 7 6 7.33713e-50
15 8 8 9 9 0.00065786
15 8 9 9 8 0.000475422
15 9 8 8 9 7.34195e-50
15 9 9 8 8 5.30588e-50
15 5 6 11 8 1.03166e-47
15 6 11 8 5 7.16546e-48
15 8 5 6 11 1.05359e-47
15 11 8 5 6 7.14123e-48
15 7 10 9 11 0.0522697
15 9 11 7 10 7.3533e-48
15 10 9 11 7 9.64688e-48
15 11 7 10 9 7.17672e-48
15 7 7 9 12 0.0345414
15 7 9 12 7 3.86288e-48
15 9 12 7 7 9.08223e-48
15 12 7 7 9 9.97507e-48
15 8 8 11 10 6.33012e-48
15 8 11 10 8 7.56952e-48
15 10 8 8 11 9.65579e-48
15 11 10 8 8 3.62895e-48
15 4 4 7 11 6.61653e-48
15 4 7 11 4 6.53033e-48
15 7 11 4 4 5.30077e-48
15 11 4 4 7 7.71453e-48
15 6 12 11 8 1.01421e-47
15 8 6 12 11 1.05787e-47
15 11 8 6 12 5.45742e-48
15 12 11 8 6 1.13094e-47
15 8 12 11 10 9.08685e-48
15 10 8 12 11 1.95022e-47
15 11 10 8 12 4.44093e-48
15 12 11 10 8 1.91919e-47
15 6 12 8 7 6.75897e-48
15 7 6 12 8 4.34849e-48
15 8 7 6 12 5.41923e-48
15 12 8 7 6 1.10905e-47
15 8 8 9 12 0.0479769
15 8 9 12 8 4.61603e-48
15 9 12 8 8 6.28086e-48
15 12 8 8 9 8.01821e-48
15 6 10 8 10 4.87412e-48
15 8 10 6 10 5.3284e-48
15 10 6 10 8 1.16491e-47
15 10 8 10 6 1.36969e-47
15 4 4 8 8 3.16692e-48
15 4 8 8 4 3.29995e-48
15 8 4 4 8 5.80871e-48
15 8 8 4 4 6.0527e-48
15 6 8 9 9 0.0656023
15 8 9 9 6 0.0447643
15 9 6 8 9 5.87942e-48
15 9 9 6 8 5.78421e-48
15 5 9 9 10 0.0442064
15 9 9 10 5 7.35987e-48
15 9 10 5 9 6.91136e-48
15 10 5 9 9 0.0821383
15 6 7 6 11 1.21391e-47
15 6 11 6 7 1.02199e-47
15 7 6 11 6 6.03642e-48
15 11 6 7 6 6.02249e-48
15 4 10 7 8 3.40434e-48
15 7 8 4 10 3.63951e-48
15 8 4 10 7 9.55493e-48
15 10 7 8 4 7.91423e-48
15 6 9 7 8 4.3843e-48
15 7 8 6 9 3.83817e-48
15 8 6 9 7 0.0613825
15 9 7 8 6 6.92974e-48
15 4 5 4 6 6.07539e-48
15 4 6 4 5 5.30384e-48
15 5 4 6 4 1.15592e-47
15 6 4 5 4 1.07813e-47
15 4 11 10 9 6.15798e-48
15 9 4 11 10 1.09237e-47
15 10 9 4 11 1.04123e-47
15 11 10 9 4 0.0584695
15 5 12 7 12 1.06799e-47
15 7 12 5 12 6.302e-48
15 12 5 12 7 2.57134e-47
15 12 7 12 5 2.27076e-47
15 4 5 5 6 8.69163e-48
15 5 5 6 4 1.57674e-47
15 5 6 4 5 1.36495e-47
15 6 4 5 5 1.4487e-47
15 6 9 7 11 6.34169e-48
15 7 11 6 9 4.0212e-48
15 9 7 11 6 1.0858e-47
15 11 6 9 7 0.055532
15 5 10 9 8 0.00079554
15 8 5 10 9 9.39308e-50
15 9 8 5 10 9.11758e-50
15 10 9 8 5 6.43793e-50
15 5 10 8 12 6.42747e-48
15 8 12 5 10 7.74262e-48
15 10 8 12 5 1.47262e-47
15 12 5 10 8 1.94919e-47
15 6 11 7 8 8.38866e-50
15 7 8 6 11 7.32716e-50
15 8 6 11 7 1.02394e-49
15 11 7 8 6 5.98045e-50
15 4 11 8 9 3.16489e-48
15 8 9 4 11 5.79188e-48
15 9 4 11 8 1.00403e-47
15 11 8 9 4 0.0541258
15 6 8 9 8 0.0661062
15 8 6 8 9 4.28222e-48
15 8 9 8 6 3.63868e-48
15 9 8 6 8 8.06531e-48
15 4 5 7 8 4.75835e-48
15 5 7 8 4 8.17952e-48
15 7 8 4 5 5.18459e-48
15 8 4 5 7 9.30327e-48
15 7 7 12 9 4.68269e-48
15 7 12 9 7 0.0479566
15 9 7 7 12 6.78287e-48
15 12 9 7 7 8.53221e-48
15 4 5 7 7 5.89133e-48
15 5 7 7 4 9.96422e-48
15 7 4 5 7 6.55874e-48
15 7 7 4 5 5.52251e-48
15 4 8 8 6 3.60356e-48
15 6 4 8 8 5.85144e-48
15 8 6 4 8 5.62141e-48
15 8 8 6 4 6.66551e-48
15 4 4 8 7 4.3299e-48
15 4 8 7 4 4.43921e-48
15 7 4 4 8 4.52219e-48
15 8 7 4 4 7.1196e-48
15 4 6 10 11 9.20237e-48
15 6 10 11 4 1.10104e-47
15 10 11 4 6 1.32814e-47
15 11 4 6 10 6.71733e-48
15 6 12 7 9 6.55616e-48
15 7 9 6 12 2.55539e-48
15 9 6 12 7 1.04162e-47
15 12 7 9 6 0.118517
15 4 8 8 8 2.78378e-48
15 8 4 8 8 4.26808e-48
15 8 8 4 8 5.10597e-48
15 8 8 8 4 4.44736e-48
15 4 12 6 8 5.30461e-48
15 6 8 4 12 7.5873e-48
15 8 4 12 6 9.88347e-48
15 12 6 8 4 1.09952e-47
15 7 9 8 8 2.64889e-50
15 8 7 9 8 0.00068654
15 8 8 7 9 6.33357e-50
15 9 8 8 7 8.90594e-50
15 4 8 8 7 3.80018e-48
15 7 4 8 8 3.31764e-48
15 8 7 4 8 5.9967e-48
15 8 8 7 4 5.97351e-48
15 5 5 10 9 1.21267e-47
15 5 10 9 5 0.0856728
15 9 5 5 10 9.56565e-48
15 10 9 5 5 8.47465e-48
15 5 7 6 8 8.5918e-48
15 6 8 5 7 9.31454e-48
15 7 6 8 5 3.48443e-48
15 8 5 7 6 6.89677e-48
15 7 12 11 8 6.20985e-48
15 8 7 12 11 1.21866e-47
15 11 8 7 12 5.28165e-48
15 12 11 8 7 1.28795e-47
15 4 12 8 10 3.08343e-48
15 8 10 4 12 4.7871e-48
15 10 4 12 8 1.09908e-47
15 12 8 10 4 1.55599e-47
15 4 6 5 11 6.66485e-48
15 5 11 4 6 1.02105e-47
15 6 5 11 4 1.14474e-47
15 11 4 6 5 7.11789e-48
15 5 5 12 6 1.70596e-47
15 5 12 6 5 1.44097e-47
15 6 5 5 12 1.1162e-47
15 12 6 5 5 1.90626e-47
15 4 8 9 8 0.0373971
15 8 4 8 9 4.62513e-48
15 8 9 8 4 3.48289e-48
15 9 8 4 8 7.65524e-48
15 4 7 8 9 3.10691e-48
15 7 8 9 4 0.0407258
15 8 9 4 7 4.78688e-48
15 9 4 7 8 7.53717e-48
15 4 7 5 7 6.97015e-48
15 5 7 4 7 1.25384e-47
15 7 4 7 5 5.69332e-48
15 7 5 7 4 5.77949e-48
16 4 10 11 8 1.70346e-46
16 8 4 10 11 9.26067e-46
16 10 11 8 4 5.52171e-46
16 11 8 4 10 0.0171872
16 6 11 7 7 7.19779e-05
16 7 6 11 7 1.75989e-05
16 7 7 6 11 1.88567e-47
16 11 7 7 6 7.31055e-05
16 8 8 9 9 0.000145766
16 8 9 9 8 0.000230507
16 9 8 8 9 5.88568e-05
16 9 9 8 8 9.30736e-05
16 5 6 11 8 0.00272438
16 6 11 8 5 0.00217502
16 8 5 6 11 8.72782e-46
16 11 8 5 6 0.00363734
16 7 10 9 11 9.50881e-89
16 9 11 7 10 0.0182045
16 10 9 11 7 0.00434645
16 11 7 10 9 0.00356007
16 7 7 9 12 0.00462543
16 7 9 12 7 0.00662151
16 9 12 7 7 0.013072
16 12 7 7 9 0.0128282
16 8 8 11 10 0.00978765
16 8 11 10 8 0.00438821
16 10 8 8 11 8.36801e-46
16 11 10 8 8 1.86543e-46
16 4 4 7 11 1.40166e-45
16 4 7 11 4 6.50321e-46
16 7 11 4 4 1.2225e-45
16 11 4 4 7 0.0079189
16 6 12 11 8 0.00954458
16 8 6 12 11 8.46418e-46
16 11 8 6 12 0.00311916
16 12 11 8 6 0.00469458
16 8 12 11 10 0.0195233
16 10 8 12 11 2.21028e-45
16 11 10 8 12 8.13276e-47
16 12 11 10 8 0.0092589
16 6 12 8 7 0.00601498
16 7 6 12 8 0.00424929
16 8 7 6 12 0.00407982
16 12 8 7 6 0.0116733
16 8 8 9 12 0.00535621
16 8 9 12 8 0.0121407
16 9 12 8 8 0.00989501
16 12 8 8 9 0.00613281
16 6 10 8 10 5.86095e-46
16 8 10 6 10 1.14871e-45
16 10 6 10 8 0.0035023
16 10 8 10 6 0.00497248
16 4 4 8 8 0.00421578
16 4 8 8 4 5.51165e-46
16 8 4 4 8 0.0139298
16 8 8 4 4 1.82116e-45
16 6 8 9 9 0.0129393
16 8 9 9 6 0.0127944
16 9 6 8 9 0.00230097
16 9 9 6 8 0.0161929
16 5 9 9 10 0.0309691
16 9 9 10 5 0.00356456
16 9 10 5 9 2.43517e-46
16 10 5 9 9 0.00521268
16 6 7 6 11 2.20154e-45
16 6 11 6 7 0.00679975
16 7 6 11 6 0.00155631
16 11 6 7 6 0.00287582
16 4 10 7 8 3.84518e-46
16 7 8 4 10 0.0209954
16 8 4 10 7 0.0046852
16 10 7 8 4 9.04468e-46
16 6 9 7 8 0.0129554
16 7 8 6 9 0.00662908
16 8 6 9 7 0.00519768
16 9 7 8 6 0.00471793
16 4 5 4 6 0.00368139
16 4 6 4 5 0.00258969
16 5 4 6 4 2.11675e-45
16 6 4 5 4 1.33127e-45
16 4 11 10 9 0.00259862
16 9 4 11 10 0.0146549
16 10 9 4 11 2.58924e-45
16 11 10 9 4 9.04369e-89
16 5 12 7 12 0.00806486
16 7 12 5 12 0.00410418
16 12 5 12 7 0.00833901
16 12 7 12 5 0.0131871
16 4 5 5 6 0.00244089
16 5 5 6 4 1.20218e-45
16 5 6 4 5 0.00460266
16 6 4 5 5 0.00577589
16 6 9 7 11 1.80671e-45
16 7 11 6 9 0.00452104
16 9 7 11 6 0.00432686
16 11 6 9 7 0.00363652
16 5 10 9 8 9.06364e-48
16 8 5 10 9 2.44977e-05
16 9 8 5 10 0.000180567
16 10 9 8 5 3.6082e-05
16 5 10 8 12 1.08214e-46
16 8 12 5 10 0.0244284
16 10 8 12 5 0.00697624
16 12 5 10 8 0.00598317
16 6 11 7 8 0.000104292
16 7 8 6 11 1.72559e-47
16 8 6 11 7 2.10506e-05
16 11 7 8 6 3.61009e-05
16 4 11 8 9 0.00194937
16 8 9 4 11 2.08278e-45
16 9 4 11 8 0.00662795
16 11 8 9 4 1.63718e-45
16 6 8 9 8 0.0184404
16 8 6 8 9 0.00192141
16 8 9 8 6 0.00431388
16 9 8 6 8 0.0145934
16 4 5 7 8 0.00435316
16 5 7 8 4 9.61093e-46
16 7 8 4 5 0.00593082
16 8 4 5 7 0.00572299
16 7 7 12 9 0.00675106
16 7 12 9 7 0.0136099
16 9 7 7 12 0.00460649
16 12 9 7 7 0.0130461
16 4 5 7 7 0.00298316
16 5 7 7 4 1.9325e-45
16 7 4 5 7 0.00475079
16 7 7 4 5 0.00643526
16 4 8 8 6 0.00284272
16 6 4 8 8 0.00673519
16 8 6 4 8 0.00661578
16 8 8 6 4 1.72583e-45
16 4 4 8 7 0.00319031
16 4 8 7 4 1.22383e-45
16 7 4 4 8 0.0127694
16 8 7 4 4 2.18214e-45
16 4 6 10 11 3.97113e-46
16 6 10 11 4 4.75923e-89
16 10 11 4 6 0.00849624
16 11 4 6 10 0.0217864
16 6 12 7 9 0.0123024
16 7 9 6 12 0.0034406
16 9 6 12 7 0.00417321
16 12 7 9 6 0.0185599
16 4 8 8 8 0.00372525
16 8 4 8 8 0.00551888
16 8 8 4 8 0.012309
16 8 8 8 4 7.2153e-46
16 4 12 6 8 0.015742
16 6 8 4 12 0.00580048
16 8 4 12 6 0.00985236
16 12 6 8 4 7.24721e-46
16 7 9 8 8 6.27284e-05
16 8 7 9 8 0.000219157
16 8 8 7 9 9.60829e-05
16 9 8 8 7 5.58878e-05
16 4 8 8 7 0.00281474
16 7 4 8 8 0.00505133
16 8 7 4 8 0.014726
16 8 8 7 4 1.59963e-45
16 5 5 10 9 0.00224861
16 5 10 9 5 3.93353e-46
16 9 5 5 10 0.00784629
16 10 9 5 5 0.00408246
16 5 7 6 8 0.0129086
16 6 8 5 7 0.00512739
16 7 6 8 5 0.00104925
16 8 5 7 6 0.00361288
16 7 12 11 8 0.00773033
16 8 7 12 11 2.03458e-45
16 11 8 7 12 0.0031221
16 12 11 8 7 0.00501981
16 4 12 8 10 0.0116522
16 8 10 4 12 2.10235e-46
16 10 4 12 8 0.0128523
16 12 8 10 4 1.4393e-45
16 4 6 5 11 3.60821e-46
16 5 11 4 6 0.00671556
16 6 5 11 4 4.00782e-46
16 11 4 6 5 0.00457781
16 5 5 12 6 0.00503414
16 5 12 6 5 0.0119013
16 6 5 5 12 0.00163802
16 12 6 5 5 0.00348697
16 4 8 9 8 0.0120648
16 8 4 8 9 0.00422867
16 8 9 8 4 8.74253e-46
16 9 8 4 8 0.0160964
16 4 7 8 9 0.00299461
16 7 8 9 4 1.87561e-45
16 8 9 4 7 0.00988224
16 9 4 7 8 0.0140311
16 4 7 5 7 0.00452023
16 5 7 4 7 0.0121167
16 7 4 7 5 0.00576606
16 7 5 7 4 7.54794e-46
17 2 0 3 10 9.9784e-48
17 2 0 1 11 1.3444e-47
17 2 0 3 5 1.01319e-47
17 3 0 3 9 0.0296987
17 2 0 3 12 1.02603e-47
17 3 0 2 6 0.0505216
17 3 0 3 5 0.024549
17 2 0 3 6 8.84306e-48
17 1 0 2 8 0.0852259
17 2 0 2 7 8.9734e-48
17 1 0 2 4 0.174638
17 3 0 2 8 0.056418
17 2 0 3 4 8.96584e-48
17 1 0 1 9 0.105078
17 1 0 3 11 0.0749987
17 2 0 1 10 1.26054e-47
17 3 0 1 12 0.0681571
17 3 0 2 5 0.0288464
17 1 0 2 7 0.0648454
17 1 0 1 7 0.0664276
17 2 0 2 9 1.4537e-47
17 1 0 2 12 0.0994275
17 2 0 1 8 1.31677e-47
17 1 0 3 8 0.0711684
18 3 10 2 0 0.0338514
18 1 11 2 0 0.0312233
18 3 5 2 0 6.19755e-45
18 3 9 3 0 0.0441772
18 3 12 2 0 0.0375956
18 2 6 3 0 0.202036
18 3 5 3 0 6.47863e-45
18 3 6 2 0 0.128
18 2 8 1 0 0.0146729
18 2 7 2 0 0.0328821
18 2 4 1 0 0.0646319
18 2 8 3 0 0.0504207
18 3 4 2 0 0.0623454
18 1 9 1 0 0.0222388
18 3 11 1 0 0.0196015
18 1 10 2 0 0.0315832
18 1 12 3 0 0.0795784
18 2 5 3 0 4.87487e-45
18 2 7 1 0 0.0197494
18 1 7 1 0 0.0233338
18 2 9 2 0 0.0320952
18 2 12 1 0 0.0193901
18 1 8 2 0 0.031459
18 3 8 1 0 0.0191341
19 4 10 11 8 1.10509e-47
19 8 4 10 11 3.48341e-48
19 10 11 8 4 3.73586e-48
19 11 8 4 10 2.94335e-48
19 6 11 7 7 5.42837e-50
19 7 6 11 7 5.35133e-50
19 7 7 6 11 5.07547e-50
19 11 7 7 6 4.39276e-50
19 8 8 9 9 5.50281e-50
19 8 9 9 8 5.21312e-50
19 9 8 8 9 5.03295e-50
19 9 9 8 8 4.76799e-50
19 5 6 11 8 4.82074e-48
19 6 11 8 5 9.21863e-48
19 8 5 6 11 0.0508231
19 11 8 5 6 2.76859e-48
19 7 10 9 11 4.59906e-48
19 9 11 7 10 8.7267e-48
19 10 9 11 7 5.08772e-48
19 11 7 10 9 3.16091e-48
19 7 7 9 12 6.8847e-48
19 7 9 12 7 2.18021e-48
19 9 12 7 7 3.23222e-48
19 12 7 7 9 4.21895e-48
19 8 8 11 10 7.88161e-48
19 8 11 10 8 5.02829e-48
19 10 8 8 11 3.24716e-48
19 11 10 8 8 3.1095e-48
19 4 4 7 11 7.00715e-48
19 4 7 11 4 6.39985e-48
19 7 11 4 4 4.09305e-48
19 11 4 4 7 1.90872e-48
19 6 12 11 8 9.25121e-48
19 8 6 12 11 3.6989e-48
19 11 8 6 12 4.95985e-48
19 12 11 8 6 5.0107e-48
19 8 12 11 10 1.59188e-47
19 10 8 12 11 3.59993e-48
19 11 10 8 12 8.20839e-48
19 12 11 10 8 4.37647e-48
19 6 12 8 7 3.34391e-48
19 7 6 12 8 3.42614e-48
19 8 7 6 12 9.16335e-48
19 12 8 7 6 3.2424e-48
19 8 8 9 12 6.13723e-48
19 8 9 12 8 3.62588e-48
19 9 12 8 8 4.29475e-48
19 12 8 8 9 3.00479e-48
19 6 10 8 10 9.68466e-48
19 8 10 6 10 1.08839e-47
19 10 6 10 8 5.0622e-48
19 10 8 10 6 4.8754e-48
19 4 4 8 8 5.62086e-48
19 4 8 8 4 2.90819e-48
19 8 4 4 8 4.43327e-48
19 8 8 4 4 2.29374e-48
19 6 8 9 9 4.72743e-48
19 8 9 9 6 5.47336e-48
19 9 6 8 9 5.48667e-48
19 9 9 6 8 4.60336e-48
19 5 9 9 10 3.6583e-48
19 9 9 10 5 4.89747e-48
19 9 10 5 9 6.23673e-48
19 10 5 9 9 0.0574756
19 6 7 6 11 4.95644e-48
19 6 11 6 7 4.75974e-48
19 7 6 11 6 9.39463e-48
19 11 6 7 6 4.29197e-48
19 4 10 7 8 8.97775e-48
19 7 8 4 10 5.234e-48
19 8 4 10 7 2.67765e-48
19 10 7 8 4 2.99038e-48
19 6 9 7 8 5.33412e-48
19 7 8 6 9 5.05557e-48
19 8 6 9 7 2.61339e-48
19 9 7 8 6 4.29477e-48
19 4 5 4 6 0.0964394
19 4 6 4 5 1.13932e-47
19 5 4 6 4 2.5681e-48
19 6 4 5 4 3.73327e-48
19 4 11 10 9 1.10611e-47
19 9 4 11 10 1.02175e-47
19 10 9 4 11 5.33724e-48
19 11 10 9 4 2.28036e-48
19 5 12 7 12 1.12923e-47
19 7 12 5 12 1.47394e-47
19 12 5 12 7 0.0230191
19 12 7 12 5 4.88629e-48
19 4 5 5 6 0.122323
19 5 5 6 4 0.0340842
19 5 6 4 5 6.97661e-48
19 6 4 5 5 1.08961e-47
19 6 9 7 11 4.66503e-48
19 7 11 6 9 7.92144e-48
19 9 7 11 6 6.54333e-48
19 11 6 9 7 1.45332e-48
19 5 10 9 8 3.87594e-50
19 8 5 10 9 0.00068501
19 9 8 5 10 5.35814e-50
19 10 9 8 5 8.54274e-50
19 5 10 8 12 8.81576e-48
19 8 12 5 10 1.0195e-47
19 10 8 12 5 5.80076e-48
19 12 5 10 8 0.0345948
19 6 11 7 8 8.25476e-50
19 7 8 6 11 4.13698e-50
19 8 6 11 7 5.53208e-50
19 11 7 8 6 3.62815e-50
19 4 11 8 9 9.90526e-48
19 8 9 4 11 4.13103e-48
19 9 4 11 8 5.676e-48
19 11 8 9 4 1.17199e-48
19 6 8 9 8 3.37725e-48
19 8 6 8 9 6.36376e-48
19 8 9 8 6 5.80626e-48
19 9 8 6 8 3.47136e-48
19 4 5 7 8 0.0810939
19 5 7 8 4 1.96159e-48
19 7 8 4 5 5.81425e-48
19 8 4 5 7 3.31998e-48
19 7 7 12 9 4.37197e-48
19 7 12 9 7 2.87507e-48
19 9 7 7 12 8.02538e-48
19 12 9 7 7 2.18149e-48
19 4 5 7 7 0.0529512
19 5 7 7 4 2.35821e-48
19 7 4 5 7 3.18883e-48
19 7 7 4 5 7.08287e-48
19 4 8 8 6 5.96152e-48
19 6 4 8 8 4.66723e-48
19 8 6 4 8 4.88211e-48
19 8 8 6 4 2.7138e-48
19 4 4 8 7 4.05297e-48
19 4 8 7 4 3.86083e-48
19 7 4 4 8 4.70223e-48
19 8 7 4 4 3.08563e-48
19 4 6 10 11 6.44947e-48
19 6 10 11 4 7.63713e-48
19 10 11 4 6 1.01551e-47
19 11 4 6 10 5.60184e-48
19 6 12 7 9 8.56127e-48
19 7 9 6 12 9.51796e-48
19 9 6 12 7 1.99492e-48
19 12 7 9 6 3.0768e-48
19 4 8 8 8 4.13005e-48
19 8 4 8 8 3.95161e-48
19 8 8 4 8 3.25744e-48
19 8 8 8 4 2.04453e-48
19 4 12 6 8 9.80663e-48
19 6 8 4 12 8.99528e-48
19 8 4 12 6 5.60082e-48
19 12 6 8 4 2.36219e-48
19 7 9 8 8 5.16444e-50
19 8 7 9 8 4.65613e-50
19 8 8 7 9 6.82322e-50
19 9 8 8 7 2.28263e-50
19 4 8 8 7 2.97341e-48
19 7 4 8 8 4.18487e-48
19 8 7 4 8 4.37526e-48
19 8 8 7 4 2.71007e-48
19 5 5 10 9 0.0403389
19 5 10 9 5 5.38553e-48
19 9 5 5 10 0.0654338
19 10 9 5 5 8.21864e-48
19 5 7 6 8 3.072e-48
19 6 8 5 7 2.3937e-48
19 7 6 8 5 6.45316e-48
19 8 5 7 6 0.0683689
19 7 12 11 8 8.95792e-48
19 8 7 12 11 3.57977e-48
19 11 8 7 12 5.3488e-48
19 12 11 8 7 2.69887e-48
19 4 12 8 10 1.06495e-47
19 8 10 4 12 1.18659e-47
19 10 4 12 8 4.0142e-48
19 12 8 10 4 1.40931e-48
19 4 6 5 11 5.94824e-48
19 5 11 4 6 4.95503e-48
19 6 5 11 4 0.0513137
19 11 4 6 5 4.62886e-48
19 5 5 12 6 0.0429055
19 5 12 6 5 8.17829e-48
19 6 5 5 12 0.136568
19 12 6 5 5 6.50121e-48
19 4 8 9 8 4.25135e-48
19 8 4 8 9 6.0402e-48
19 8 9 8 4 2.96063e-48
19 9 8 4 8 3.06681e-48
19 4 7 8 9 7.4358e-48
19 7 8 9 4 1.95453e-48
19 8 9 4 7 2.97806e-48
19 9 4 7 8 4.32452e-48
19 4 7 5 7 4.55841e-48
19 5 7 4 7 2.20069e-48
19 7 4 7 5 9.14423e-48
19 7 5 7 4 0.0415819
20 10 9 8 5 1
21 4 10 11 8 7.73251e-48
21 8 4 10 11 5.89109e-48
21 10 11 8 4 7.94271e-48
21 11 8 4 10 5.39247e-48
21 6 11 7 7 7.51859e-50
21 7 6 11 7 7.97926e-50
21 7 7 6 11 5.64271e-50
21 11 7 7 6 7.21415e-50
21 8 8 9 9 0.000451949
21 8 9 9 8 1.40998e-50
21 9 8 8 9 0.000482044
21 9 9 8 8 1.50388e-50
21 5 6 11 8 6.50597e-48
21 6 11 8 5 6.82117e-48
21 8 5 6 11 6.54789e-48
21 11 8 5 6 8.03624e-48
21 7 10 9 11 5.12885e-48
21 9 11 7 10 5.61085e-48
21 10 9 11 7 4.81309e-48
21 11 7 10 9 0.0531827
21 7 7 9 12 4.25894e-48
21 7 9 12 7 2.2874e-48
21 9 12 7 7 3.32366e-48
21 12 7 7 9 0.0901448
21 8 8 11 10 9.66312e-48
21 8 11 10 8 4.11997e-48
21 10 8 8 11 1.11443e-47
21 11 10 8 8 3.98343e-48
21 4 4 7 11 1.01356e-47
21 4 7 11 4 1.12422e-47
21 7 11 4 4 4.96532e-48
21 11 4 4 7 3.99306e-48
21 6 12 11 8 6.12324e-48
21 8 6 12 11 7.26121e-48
21 11 8 6 12 4.71803e-48
21 12 11 8 6 9.8722e-48
21 8 12 11 10 1.03846e-47
21 10 8 12 11 1.73164e-47
21 11 10 8 12 8.04549e-48
21 12 11 10 8 9.55423e-48
21 6 12 8 7 4.51478e-48
21 7 6 12 8 4.19628e-48
21 8 7 6 12 3.89212e-48
21 12 8 7 6 1.05746e-47
21 8 8 9 12 4.38812e-48
21 8 9 12 8 1.82416e-48
21 9 12 8 8 2.49031e-48
21 12 8 8 9 0.0872637
21 6 10 8 10 8.48404e-48
21 8 10 6 10 5.02788e-48
21 10 6 10 8 7.03254e-48
21 10 8 10 6 1.11566e-47
21 4 4 8 8 4.77416e-48
21 4 8 8 4 7.21656e-48
21 8 4 4 8 2.86784e-48
21 8 8 4 4 4.33499e-48
21 6 8 9 9 0.0425803
21 8 9 9 6 1.53709e-48
21 9 6 8 9 0.0331249
21 9 9 6 8 8.3968e-49
21 5 9 9 10 2.01866e-48
21 9 9 10 5 1.68367e-48
21 9 10 5 9 0.0462859
21 10 5 9 9 0.0731031
21 6 7 6 11 5.40623e-48
21 6 11 6 7 4.0109e-48
21 7 6 11 6 7.79619e-48
21 11 6 7 6 5.74039e-48
21 4 10 7 8 6.52878e-48
21 7 8 4 10 6.18359e-48
21 8 4 10 7 4.71553e-48
21 10 7 8 4 8.56954e-48
21 6 9 7 8 1.99594e-48
21 7 8 6 9 0.0356222
21 8 6 9 7 2.87205e-48
21 9 7 8 6 3.76143e-48
21 4 5 4 6 1.01629e-47
21 4 6 4 5 6.88727e-48
21 5 4 6 4 4.44539e-48
21 6 4 5 4 8.44258e-48
21 4 11 10 9 0.0824574
21 9 4 11 10 7.28212e-48
21 10 9 4 11 4.17994e-48
21 11 10 9 4 4.25435e-48
21 5 12 7 12 1.02293e-47
21 7 12 5 12 1.08171e-47
21 12 5 12 7 1.99419e-47
21 12 7 12 5 1.65943e-47
21 4 5 5 6 2.12601e-47
21 5 5 6 4 8.94174e-48
21 5 6 4 5 7.68963e-48
21 6 4 5 5 1.20782e-47
21 6 9 7 11 3.12739e-48
21 7 11 6 9 0.0320513
21 9 7 11 6 5.24132e-48
21 11 6 9 7 2.76856e-48
21 5 10 9 8 4.07392e-50
21 8 5 10 9 0.000861279
21 9 8 5 10 8.20715e-50
21 10 9 8 5 4.4871e-50
21 5 10 8 12 9.40893e-48
21 8 12 5 10 9.45584e-48
21 10 8 12 5 1.47548e-47
21 12 5 10 8 1.31865e-47
21 6 11 7 8 6.12835e-50
21 7 8 6 11 5.94224e-50
21 8 6 11 7 7.37944e-50
21 11 7 8 6 6.26848e-50
21 4 11 8 9 0.0641815
21 8 9 4 11 2.0946e-48
21 9 4 11 8 3.74263e-48
21 11 8 9 4 3.66934e-48
21 6 8 9 8 3.46116e-48
21 8 6 8 9 0.0437237
21 8 9 8 6 2.16402e-48
21 9 8 6 8 2.18777e-48
21 4 5 7 8 9.92263e-48
21 5 7 8 4 6.86942e-48
21 7 8 4 5 6.02072e-48
21 8 4 5 7 6.6083e-48
21 7 7 12 9 0.0577864
21 7 12 9 7 2.98125e-48
21 9 7 7 12 4.92321e-48
21 12 9 7 7 3.69986e-48
21 4 5 7 7 1.20877e-47
21 5 7 7 4 7.84993e-48
21 7 4 5 7 7.09498e-48
21 7 7 4 5 5.67687e-48
21 4 8 8 6 7.9472e-48
21 6 4 8 8 4.19955e-48
21 8 6 4 8 3.00921e-48
21 8 8 6 4 3.76199e-48
21 4 4 8 7 6.42239e-48
21 4 8 7 4 9.10668e-48
21 7 4 4 8 3.40017e-48
21 8 7 4 4 4.51369e-48
21 4 6 10 11 1.07587e-47
21 6 10 11 4 1.09416e-47
21 10 11 4 6 9.14485e-48
21 11 4 6 10 4.98011e-48
21 6 12 7 9 0.0517593
21 7 9 6 12 1.68979e-48
21 9 6 12 7 3.58335e-48
21 12 7 9 6 6.15673e-48
21 4 8 8 8 5.30253e-48
21 8 4 8 8 3.24219e-48
21 8 8 4 8 3.18523e-48
21 8 8 8 4 4.90085e-48
21 4 12 6 8 3.87425e-48
21 6 8 4 12 7.3805e-48
21 8 4 12 6 6.68745e-48
21 12 6 8 4 9.50977e-48
21 7 9 8 8 2.07216e-50
21 8 7 9 8 3.36782e-50
21 8 8 7 9 0.000706941
21 9 8 8 7 4.6409e-50
21 4 8 8 7 7.12214e-48
21 7 4 8 8 3.83806e-48
21 8 7 4 8 3.31141e-48
21 8 8 7 4 6.17489e-48
21 5 5 10 9 0.0957331
21 5 10 9 5 5.36275e-48
21 9 5 5 10 1.00489e-47
21 10 9 5 5 5.61347e-48
21 5 7 6 8 3.21897e-48
21 6 8 5 7 7.89837e-48
21 7 6 8 5 5.34246e-48
21 8 5 7 6 8.39065e-48
21 7 12 11 8 6.04333e-48
21 8 7 12 11 8.62889e-48
21 11 8 7 12 8.36292e-48
21 12 11 8 7 9.55425e-48
21 4 12 8 10 7.86342e-48
21 8 10 4 12 5.29001e-48
21 10 4 12 8 7.12998e-48
21 12 8 10 4 1.03554e-47
21 4 6 5 11 1.12151e-47
21 5 11 4 6 5.45283e-48
21 6 5 11 4 1.23697e-47
21 11 4 6 5 3.60687e-48
21 5 5 12 6 1.4655e-47
21 5 12 6 5 5.58104e-48
21 6 5 5 12 1.85291e-47
21 12 6 5 5 1.66823e-47
21 4 8 9 8 4.11279e-48
21 8 4 8 9 0.0435552
21 8 9 8 4 2.05399e-48
21 9 8 4 8 2.63507e-48
21 4 7 8 9 0.064942
21 7 8 9 4 3.94609e-48
21 8 9 4 7 1.5724e-48
21 9 4 7 8 2.96357e-48
21 4 7 5 7 1.09895e-47
21 5 7 4 7 5.86525e-48
21 7 4 7 5 7.55219e-48
21 7 5 7 4 1.06184e-47
22 4 10 11 8 0.00489767
22 8 4 10 11 3.79815e-45
22 10 11 8 4 0.00102295
22 11 8 4 10 0.00377135
22 6 11 7 7 8.05309e-05
22 7 6 11 7 0.000114401
22 7 7 6 11 6.89233e-05
22 11 7 7 6 1.92504e-05
22 8 8 9 9 6.49798e-48
22 8 9 9 8 3.98964e-05
22 9 8 8 9 2.12117e-48
22 9 9 8 8 1.30236e-05
22 5 6 11 8 0.0046166
22 6 11 8 5 0.00244572
22 8 5 6 11 0.0101385
22 11 8 5 6 0.00196535
22 7 10 9 11 0.0167432
22 9 11 7 10 0.00179338
22 10 9 11 7 0.00724407
22 11 7 10 9 5.16772e-89
22 7 7 9 12 0.00161836
22 7 9 12 7 0.0069846
22 9 12 7 7 0.00953305
22 12 7 7 9 3.72397e-46
22 8 8 11 10 0.00159878
22 8 11 10 8 5.43144e-46
22 10 8 8 11 0.00475489
22 11 10 8 8 0.00246805
22 4 4 7 11 0.0289523
22 4 7 11 4 0.00104446
22 7 11 4 4 0.00379914
22 11 4 4 7 0.0463102
22 6 12 11 8 0.00457199
22 8 6 12 11 0.0212061
22 11 8 6 12 0.00244383
22 12 11 8 6 0.00226952
22 8 12 11 10 0.00497089
22 10 8 12 11 0.0150329
22 11 10 8 12 0.00290137
22 12 11 10 8 8.76167e-46
22 6 12 8 7 0.00618446
22 7 6 12 8 0.00530946
22 8 7 6 12 0.00184242
22 12 8 7 6 0.00270185
22 8 8 9 12 0.00253696
22 8 9 12 8 0.00335755
22 9 12 8 8 0.0021903
22 12 8 8 9 2.7902e-46
22 6 10 8 10 0.00198644
22 8 10 6 10 0.00510403
22 10 6 10 8 1.13844e-45
22 10 8 10 6 5.42681e-46
22 4 4 8 8 0.00461929
22 4 8 8 4 0.000733994
22 8 4 4 8 0.0181384
22 8 8 4 4 0.00288215
22 6 8 9 9 4.43824e-46
22 8 9 9 6 0.00317264
22 9 6 8 9 3.53856e-46
22 9 9 6 8 0.0022856
22 5 9 9 10 0.00217972
22 9 9 10 5 4.63166e-46
22 9 10 5 9 5.27767e-46
22 10 5 9 9 6.31944e-46
22 6 7 6 11 0.00593475
22 6 11 6 7 0.00851587
22 7 6 11 6 0.00396452
22 11 6 7 6 0.00456376
22 4 10 7 8 0.0058491
22 7 8 4 10 0.00391259
22 8 4 10 7 3.35829e-45
22 10 7 8 4 0.00063034
22 6 9 7 8 0.00207553
22 7 8 6 9 4.15147e-46
22 8 6 9 7 0.0142435
22 9 7 8 6 0.000679659
22 4 5 4 6 0.00847586
22 4 6 4 5 0.0250467
22 5 4 6 4 0.00537822
22 6 4 5 4 0.00339751
22 4 11 10 9 1.27933e-88
22 9 4 11 10 0.00432237
22 10 9 4 11 0.0270014
22 11 10 9 4 0.00324793
22 5 12 7 12 0.00712176
22 7 12 5 12 0.00552509
22 12 5 12 7 0.0153585
22 12 7 12 5 0.00663428
22 4 5 5 6 0.00395041
22 5 5 6 4 0.00240519
22 5 6 4 5 0.0282405
22 6 4 5 5 0.0134696
22 6 9 7 11 0.00605494
22 7 11 6 9 5.3291e-46
22 9 7 11 6 0.00106169
22 11 6 9 7 0.0122418
22 5 10 9 8 7.27085e-05
22 8 5 10 9 9.59801e-91
22 9 8 5 10 1.3731e-05
22 10 9 8 5 3.19768e-05
22 5 10 8 12 0.00312471
22 8 12 5 10 0.00478106
22 10 8 12 5 0.0075103
22 12 5 10 8 7.06202e-46
22 6 11 7 8 3.19162e-05
22 7 8 6 11 8.90779e-05
22 8 6 11 7 0.000131162
22 11 7 8 6 1.0549e-05
22 4 11 8 9 3.42208e-46
22 8 9 4 11 0.0187499
22 9 4 11 8 0.00477979
22 11 8 9 4 0.00128013
22 6 8 9 8 0.00249237
22 8 6 8 9 4.87903e-46
22 8 9 8 6 0.00142799
22 9 8 6 8 0.00209049
22 4 5 7 8 0.00338463
22 5 7 8 4 0.000574916
22 7 8 4 5 0.00894803
22 8 4 5 7 0.0191515
22 7 7 12 9 3.55218e-46
22 7 12 9 7 0.0142132
22 9 7 7 12 0.0011255
22 12 9 7 7 0.00759247
22 4 5 7 7 0.00847979
22 5 7 7 4 0.00104173
22 7 4 5 7 0.0165862
22 7 7 4 5 0.00687458
22 4 8 8 6 0.00149678
22 6 4 8 8 0.00362303
22 8 6 4 8 0.0123295
22 8 8 6 4 0.0014792
22 4 4 8 7 0.0127801
22 4 8 7 4 0.00146868
22 7 4 4 8 0.0173471
22 8 7 4 4 0.00244522
22 4 6 10 11 3.65349e-45
22 6 10 11 4 0.00243421
22 10 11 4 6 0.0115913
22 11 4 6 10 0.00771903
22 6 12 7 9 7.91243e-46
22 7 9 6 12 0.0022558
22 9 6 12 7 0.0110664
22 12 7 9 6 0.00252848
22 4 8 8 8 0.00136907
22 8 4 8 8 0.00385829
22 8 8 4 8 0.00537589
22 8 8 8 4 0.000613072
22 4 12 6 8 0.00909642
22 6 8 4 12 0.00525607
22 8 4 12 6 0.0118118
22 12 6 8 4 0.00200893
22 7 9 8 8 1.51206e-05
22 8 7 9 8 2.72576e-05
22 8 8 7 9 5.15253e-48
22 9 8 8 7 2.90161e-05
22 4 8 8 7 0.00378193
22 7 4 8 8 0.00368427
22 8 7 4 8 0.00455387
22 8 8 7 4 0.00122483
22 5 5 10 9 8.75962e-89
22 5 10 9 5 0.0104484
22 9 5 5 10 0.00140076
22 10 9 5 5 0.00473694
22 5 7 6 8 0.00214956
22 6 8 5 7 0.0044282
22 7 6 8 5 0.00362675
22 8 5 7 6 0.00256779
22 7 12 11 8 0.00502078
22 8 7 12 11 0.00845823
22 11 8 7 12 0.00218528
22 12 11 8 7 0.00619262
22 4 12 8 10 0.00272998
22 8 10 4 12 0.0113718
22 10 4 12 8 0.0124584
22 12 8 10 4 2.62211e-46
22 4 6 5 11 0.015498
22 5 11 4 6 0.00786403
22 6 5 11 4 0.00104776
22 11 4 6 5 0.0131313
22 5 5 12 6 0.00472525
22 5 12 6 5 0.0144461
22 6 5 5 12 0.00244949
22 12 6 5 5 0.0115643
22 4 8 9 8 0.00332153
22 8 4 8 9 7.50251e-46
22 8 9 8 4 0.000731946
22 9 8 4 8 0.00425754
22 4 7 8 9 1.97759e-46
22 7 8 9 4 0.00124551
22 8 9 4 7 0.0155479
22 9 4 7 8 0.00535347
22 4 7 5 7 0.00563034
22 5 7 4 7 0.0136207
22 7 4 7 5 0.0125489
22 7 5 7 4 0.00141554
23 4 10 11 8 7.08524e-48
23 8 4 10 11 2.00878e-48
23 10 11 8 4 4.9458e-48
23 11 8 4 10 0.0206269
23 6 11 7 7 7.24682e-50
23 7 6 11 7 8.59873e-50
23 7 7 6 11 3.52932e-50
23 11 7 7 6 7.32384e-50
23 8 8 9 9 0.000277433
23 8 9 9 8 2.26211e-50
23 9 8 8 9 0.000305198
23 9 9 8 8 2.48849e-50
23 5 6 11 8 6.72882e-48
23 6 11 8 5 4.27206e-48
23 8 5 6 11 3.27601e-48
23 11 8 5 6 0.0546919
23 7 10 9 11 2.26266e-48
23 9 11 7 10 2.97846e-48
23 10 9 11 7 7.48218e-48
23 11 7 10 9 4.83853e-48
23 7 7 9 12 1.52568e-48
23 7 9 12 7 3.83019e-48
23 9 12 7 7 3.8213e-48
23 12 7 7 9 7.82664e-48
23 8 8 11 10 0.0291684
23 8 11 10 8 2.97393e-48
23 10 8 8 11 0.0189369
23 11 10 8 8 3.89279e-48
23 4 4 7 11 4.35006e-48
23 4 7 11 4 8.42546e-48
23 7 11 4 4 6.24006e-48
23 11 4 4 7 4.99449e-48
23 6 12 11 8 6.27115e-48
23 8 6 12 11 2.74755e-48
23 11 8 6 12 0.0256125
23 12 11 8 6 7.57588e-48
23 8 12 11 10 6.35031e-48
23 10 8 12 11 0.0264016
23 11 10 8 12 4.5131e-48
23 12 11 10 8 5.54082e-48
23 6 12 8 7 3.90816e-48
23 7 6 12 8 3.03515e-48
23 8 7 6 12 2.4682e-48
23 12 8 7 6 0.0519488
23 8 8 9 12 0.0108504
23 8 9 12 8 2.76229e-48
23 9 12 8 8 2.2415e-48
23 12 8 8 9 0.0452727
23 6 10 8 10 3.26763e-48
23 8 10 6 10 3.82158e-48
23 10 6 10 8 3.18641e-48
23 10 8 10 6 0.0331936
23 4 4 8 8 3.13314e-48
23 4 8 8 4 0.0308802
23 8 4 4 8 2.83061e-48
23 8 8 4 4 0.0278985
23 6 8 9 9 0.0231869
23 8 9 9 6 2.76911e-48
23 9 6 8 9 3.58637e-48
23 9 9 6 8 2.43238e-48
23 5 9 9 10 1.82051e-48
23 9 9 10 5 1.96227e-48
23 9 10 5 9 5.94722e-48
23 10 5 9 9 3.58329e-48
23 6 7 6 11 2.88343e-48
23 6 11 6 7 5.6319e-48
23 7 6 11 6 8.87511e-48
23 11 6 7 6 7.15581e-48
23 4 10 7 8 5.71618e-48
23 7 8 4 10 0.0206396
23 8 4 10 7 3.1406e-48
23 10 7 8 4 3.95887e-48
23 6 9 7 8 3.59082e-48
23 7 8 6 9 0.0418916
23 8 6 9 7 2.24889e-48
23 9 7 8 6 2.61343e-48
23 4 5 4 6 7.12061e-48
23 4 6 4 5 5.26325e-48
23 5 4 6 4 6.47858e-48
23 6 4 5 4 6.59079e-48
23 4 11 10 9 7.53886e-48
23 9 4 11 10 3.51161e-48
23 10 9 4 11 3.53623e-48
23 11 10 9 4 4.19887e-48
23 5 12 7 12 6.8744e-48
23 7 12 5 12 6.65245e-48
23 12 5 12 7 8.02454e-48
23 12 7 12 5 6.2658e-48
23 4 5 5 6 1.25012e-47
23 5 5 6 4 9.26845e-48
23 5 6 4 5 7.0165e-48
23 6 4 5 5 7.36637e-48
23 6 9 7 11 3.06197e-48
23 7 11 6 9 7.07535e-48
23 9 7 11 6 4.57982e-48
23 11 6 9 7 2.58446e-48
23 5 10 9 8 3.36909e-50
23 8 5 10 9 5.4694e-50
23 9 8 5 10 0.00021668
23 10 9 8 5 4.33088e-50
23 5 10 8 12 4.69841e-48
23 8 12 5 10 5.15826e-48
23 10 8 12 5 0.0343089
23 12 5 10 8 4.72116e-48
23 6 11 7 8 5.55693e-50
23 7 8 6 11 0.000266877
23 8 6 11 7 7.64438e-50
23 11 7 8 6 5.29573e-50
23 4 11 8 9 6.91491e-48
23 8 9 4 11 2.57176e-48
23 9 4 11 8 3.4074e-48
23 11 8 9 4 0.02002
23 6 8 9 8 0.0132262
23 8 6 8 9 4.82819e-48
23 8 9 8 6 4.10103e-48
23 9 8 6 8 0.0170164
23 4 5 7 8 5.56562e-48
23 5 7 8 4 4.88788e-48
23 7 8 4 5 0.0314907
23 8 4 5 7 5.81863e-48
23 7 7 12 9 4.85062e-48
23 7 12 9 7 2.87694e-48
23 9 7 7 12 2.10123e-48
23 12 9 7 7 6.40808e-48
23 4 5 7 7 7.20691e-48
23 5 7 7 4 6.71206e-48
23 7 4 5 7 6.49883e-48
23 7 7 4 5 4.1351e-48
23 4 8 8 6 0.0359431
23 6 4 8 8 2.75061e-48
23 8 6 4 8 3.1172e-48
23 8 8 6 4 0.0317059
23 4 4 8 7 4.48021e-48
23 4 8 7 4 0.0468273
23 7 4 4 8 3.49123e-48
23 8 7 4 4 4.04545e-48
23 4 6 10 11 3.42217e-48
23 6 10 11 4 1.06303e-47
23 10 11 4 6 8.04561e-48
23 11 4 6 10 4.06477e-48
23 6 12 7 9 7.21794e-48
23 7 9 6 12 2.98118e-48
23 9 6 12 7 2.5966e-48
23 12 7 9 6 3.33214e-48
23 4 8 8 8 0.0213572
23 8 4 8 8 2.39387e-48
23 8 8 4 8 0.019295
23 8 8 8 4 0.023594
23 4 12 6 8 5.53415e-48
23 6 8 4 12 0.0227652
23 8 4 12 6 4.97482e-48
23 12 6 8 4 6.28995e-48
23 7 9 8 8 3.63805e-50
23 8 7 9 8 2.02042e-50
23 8 8 7 9 0.000548573
23 9 8 8 7 0.000219178
23 4 8 8 7 0.0304924
23 7 4 8 8 2.948e-48
23 8 7 4 8 2.79358e-48
23 8 8 7 4 0.0357231
23 5 5 10 9 6.45188e-48
23 5 10 9 5 3.68099e-48
23 9 5 5 10 3.07455e-48
23 10 9 5 5 6.07841e-48
23 5 7 6 8 3.77417e-48
23 6 8 5 7 0.0378627
23 7 6 8 5 3.57453e-48
23 8 5 7 6 5.9457e-48
23 7 12 11 8 7.25825e-48
23 8 7 12 11 2.65906e-48
23 11 8 7 12 0.0311636
23 12 11 8 7 6.94058e-48
23 4 12 8 10 3.39849e-48
23 8 10 4 12 3.32738e-48
23 10 4 12 8 3.25467e-48
23 12 8 10 4 0.033989
23 4 6 5 11 4.7162e-48
23 5 11 4 6 7.38908e-48
23 6 5 11 4 7.69906e-48
23 11 4 6 5 4.61319e-48
23 5 5 12 6 8.22896e-48
23 5 12 6 5 7.90066e-48
23 6 5 5 12 5.55856e-48
23 12 6 5 5 9.67101e-48
23 4 8 9 8 0.0157473
23 8 4 8 9 4.58271e-48
23 8 9 8 4 3.6828e-48
23 9 8 4 8 0.0156506
23 4 7 8 9 5.19097e-48
23 7 8 9 4 0.018787
23 8 9 4 7 3.77084e-48
23 9 4 7 8 2.57811e-48
23 4 7 5 7 7.35104e-48
23 5 7 4 7 5.58189e-48
23 7 4 7 5 5.78568e-48
23 7 5 7 4 7.4057e-48
24 9 9 8 8 1
25 4 10 11 8 9.61652e-48
25 8 4 10 11 4.37352e-48
25 10 11 8 4 5.66159e-48
25 11 8 4 10 1.61515e-47
25 6 11 7 7 6.81556e-50
25 7 6 11 7 7.37601e-50
25 7 7 6 11 7.09656e-50
25 11 7 7 6 1.2044e-49
25 8 8 9 9 0.000455546
25 8 9 9 8 5.19164e-50
25 9 8 8 9 0.000517606
25 9 9 8 8 5.8989e-50
25 5 6 11 8 6.51523e-48
25 6 11 8 5 6.9848e-48
25 8 5 6 11 9.6512e-48
25 11 8 5 6 1.58587e-47
25 7 10 9 11 9.9812e-48
25 9 11 7 10 6.26064e-48
25 10 9 11 7 7.32964e-48
25 11 7 10 9 0.0808613
25 7 7 9 12 3.6153e-48
25 7 9 12 7 6.45527e-48
25 9 12 7 7 6.98101e-48
25 12 7 7 9 0.0402495
25 8 8 11 10 6.54154e-48
25 8 11 10 8 3.84478e-48
25 10 8 8 11 6.76726e-48
25 11 10 8 8 1.72223e-47
25 4 4 7 11 7.51081e-48
25 4 7 11 4 6.09858e-48
25 7 11 4 4 7.68738e-48
25 11 4 4 7 1.11686e-47
25 6 12 11 8 8.10285e-48
25 8 6 12 11 8.39245e-48
25 11 8 6 12 1.5286e-47
25 12 11 8 6 6.63046e-48
25 8 12 11 10 1.55336e-47
25 10 8 12 11 8.62306e-48
25 11 10 8 12 3.47846e-47
25 12 11 10 8 5.17347e-48
25 6 12 8 7 8.70249e-48
25 7 6 12 8 4.63357e-48
25 8 7 6 12 5.1236e-48
25 12 8 7 6 5.35617e-48
25 8 8 9 12 4.42305e-48
25 8 9 12 8 5.38847e-48
25 9 12 8 8 5.90862e-48
25 12 8 8 9 0.0499293
25 6 10 8 10 1.49568e-47
25 8 10 6 10 1.51738e-47
25 10 6 10 8 4.92102e-48
25 10 8 10 6 5.46196e-48
25 4 4 8 8 3.99635e-48
25 4 8 8 4 6.4689e-48
25 8 4 4 8 3.6972e-48
25 8 8 4 4 5.98466e-48
25 6 8 9 9 0.0379688
25 8 9 9 6 5.65967e-48
25 9 6 8 9 0.0508384
25 9 9 6 8 4.98794e-48
25 5 9 9 10 7.6928e-48
25 9 9 10 5 5.32443e-48
25 9 10 5 9 0.0926482
25 10 5 9 9 0.0447865
25 6 7 6 11 6.2959e-48
25 6 11 6 7 6.21991e-48
25 7 6 11 6 7.20677e-48
25 11 6 7 6 1.5539e-47
25 4 10 7 8 1.04701e-47
25 7 8 4 10 8.15573e-48
25 8 4 10 7 3.50079e-48
25 10 7 8 4 4.58719e-48
25 6 9 7 8 5.63057e-48
25 7 8 6 9 0.0508221
25 8 6 9 7 4.13771e-48
25 9 7 8 6 3.56036e-48
25 4 5 4 6 1.25885e-47
25 4 6 4 5 1.23541e-47
25 5 4 6 4 6.41605e-48
25 6 4 5 4 6.3439e-48
25 4 11 10 9 0.069951
25 9 4 11 10 5.01287e-48
25 10 9 4 11 1.29813e-47
25 11 10 9 4 1.88017e-47
25 5 12 7 12 2.04212e-47
25 7 12 5 12 2.07703e-47
25 12 5 12 7 9.23527e-48
25 12 7 12 5 6.86359e-48
25 4 5 5 6 1.73505e-47
25 5 5 6 4 1.36405e-47
25 5 6 4 5 1.57041e-47
25 6 4 5 5 9.07578e-48
25 6 9 7 11 8.82237e-48
25 7 11 6 9 0.0536767
25 9 7 11 6 3.40589e-48
25 11 6 9 7 8.65359e-48
25 5 10 9 8 8.58883e-50
25 8 5 10 9 0.000675821
25 9 8 5 10 8.12891e-50
25 10 9 8 5 9.95347e-50
25 5 10 8 12 1.94058e-47
25 8 12 5 10 1.90047e-47
25 10 8 12 5 7.34743e-48
25 12 5 10 8 6.00381e-48
25 6 11 7 8 5.55531e-50
25 7 8 6 11 8.47778e-50
25 8 6 11 7 7.14021e-50
25 11 7 8 6 1.18216e-49
25 4 11 8 9 0.0675333
25 8 9 4 11 1.05633e-47
25 9 4 11 8 2.57636e-48
25 11 8 9 4 8.02425e-48
25 6 8 9 8 3.0863e-48
25 8 6 8 9 0.0616247
25 8 9 8 6 7.79508e-48
25 9 8 6 8 3.55763e-48
25 4 5 7 8 7.77169e-48
25 5 7 8 4 6.18004e-48
25 7 8 4 5 7.94093e-48
25 8 4 5 7 5.61303e-48
25 7 7 12 9 0.0393532
25 7 12 9 7 6.34357e-48
25 9 7 7 12 4.12533e-48
25 12 9 7 7 6.8458e-48
25 4 5 7 7 9.46741e-48
25 5 7 7 4 6.25183e-48
25 7 4 5 7 5.75745e-48
25 7 7 4 5 6.60024e-48
25 4 8 8 6 7.12384e-48
25 6 4 8 8 3.42103e-48
25 8 6 4 8 5.93786e-48
25 8 8 6 4 5.61796e-48
25 4 4 8 7 5.37605e-48
25 4 8 7 4 7.22653e-48
25 7 4 4 8 4.18784e-48
25 8 7 4 4 5.49303e-48
25 4 6 10 11 1.11133e-47
25 6 10 11 4 1.32423e-47
25 10 11 4 6 9.1261e-48
25 11 4 6 10 1.50675e-47
25 6 12 7 9 0.0883214
25 7 9 6 12 8.8067e-48
25 9 6 12 7 4.50992e-48
25 12 7 9 6 3.17417e-48
25 4 8 8 8 4.75317e-48
25 8 4 8 8 2.98551e-48
25 8 8 4 8 4.39736e-48
25 8 8 8 4 4.83264e-48
25 4 12 6 8 1.16213e-47
25 6 8 4 12 9.01387e-48
25 8 4 12 6 5.0499e-48
25 12 6 8 4 7.77709e-48
25 7 9 8 8 7.13107e-50
25 8 7 9 8 2.99241e-50
25 8 8 7 9 0.000617115
25 9 8 8 7 4.98327e-50
25 4 8 8 7 6.38426e-48
25 7 4 8 8 3.37647e-48
25 8 7 4 8 4.02989e-48
25 8 8 7 4 5.39029e-48
25 5 5 10 9 0.0777464
25 5 10 9 5 1.1306e-47
25 9 5 5 10 9.82378e-48
25 10 9 5 5 1.1486e-47
25 5 7 6 8 4.38567e-48
25 6 8 5 7 6.35553e-48
25 7 6 8 5 7.19366e-48
25 8 5 7 6 7.22932e-48
25 7 12 11 8 8.63634e-48
25 8 7 12 11 6.15088e-48
25 11 8 7 12 1.58385e-47
25 12 11 8 7 6.41691e-48
25 4 12 8 10 1.55751e-47
25 8 10 4 12 1.4759e-47
25 10 4 12 8 3.31558e-48
25 12 8 10 4 4.7769e-48
25 4 6 5 11 1.32542e-47
25 5 11 4 6 9.14559e-48
25 6 5 11 4 7.31162e-48
25 11 4 6 5 1.09127e-47
25 5 5 12 6 1.21057e-47
25 5 12 6 5 1.90602e-47
25 6 5 5 12 1.4716e-47
25 12 6 5 5 1.25844e-47
25 4 8 9 8 3.76849e-48
25 8 4 8 9 0.040107
25 8 9 8 4 7.39875e-48
25 9 8 4 8 3.96135e-48
25 4 7 8 9 0.0513161
25 7 8 9 4 3.79998e-48
25 8 9 4 7 7.9298e-48
25 9 4 7 8 2.63066e-48
25 4 7 5 7 8.00999e-48
25 5 7 4 7 7.38748e-48
25 7 4 7 5 5.88158e-48
25 7 5 7 4 8.74039e-48
26 2 0 3 10 0.0455646
26 2 0 1 11 0.133264
26 2 0 3 5 0.0619015
26 3 0 3 9 5.48164e-45
26 2 0 3 12 0.0334441
26 3 0 2 6 0.0547692
26 3 0 3 5 0.0320303
26 2 0 3 6 0.0576953
26 1 0 2 8 0.0205072
26 2 0 2 7 0.108266
26 1 0 2 4 0.0196991
26 3 0 2 8 0.0455163
26 2 0 3 4 0.0204076
26 1 0 1 9 4.73165e-45
26 1 0 3 11 0.0578894
26 2 0 1 10 0.0470831
26 3 0 1 12 0.0388089
26 3 0 2 5 0.0292835
26 1 0 2 7 0.0498328
26 1 0 1 7 0.0536688
26 2 0 2 9 9.77544e-45
26 1 0 2 12 0.0160611
26 2 0 1 8 0.0522975
26 1 0 3 8 0.0220098
27 3 10 2 0 0.0302784
27 1 11 2 0 0.0202921
27 3 5 2 0 0.0732504
27 3 9 3 0 0.0326854
27 3 12 2 0 0.0440284
27 2 6 3 0 0.0781723
27 3 5 3 0 0.0702782
27 3 6 2 0 0.0426993
27 2 8 1 0 0.0267533
27 2 7 2 0 0.0298242
27 2 4 1 0 0.059389
27 2 8 3 0 0.0747714
27 3 4 2 0 0.0401709
27 1 9 1 0 0.0191123
27 3 11 1 0 0.0152164
27 1 10 2 0 0.0266884
27 1 12 3 0 0.0808069
27 2 5 3 0 0.0668297
27 2 7 1 0 0.0202137
27 1 7 1 0 0.0178534
27 2 9 2 0 0.0326977
27 2 12 1 0 0.0323838
27 1 8 2 0 0.0379985
27 3 8 1 0 0.0276059
28 4 10 11 8 0.00748149
28 8 4 10 11 7.0929e-46
28 10 11 8 4 0.00623358
28 11 8 4 10 0.00374768
28 6 11 7 7 5.3498e-05
28 7 6 11 7 6.3933e-05
28 7 7 6 11 5.45482e-05
28 11 7 7 6 2.29023e-05
28 8 8 9 9 1.17672e-47
28 8 9 9 8 2.37577e-48
28 9 8 8 9 4.53434e-05
28 9 9 8 8 9.15475e-06
28 5 6 11 8 0.0165325
28 6 11 8 5 0.00785836
28 8 5 6 11 8.11501e-89
28 11 8 5 6 0.00380574
28 7 10 9 11 0.00893333
28 9 11 7 10 0.00687134
28 10 9 11 7 0.0016391
28 11 7 10 9 0.00159251
28 7 7 9 12 0.00782678
28 7 9 12 7 0.00152457
28 9 12 7 7 0.00200231
28 12 7 7 9 0.00399572
28 8 8 11 10 1.35303e-45
28 8 11 10 8 1.00055e-45
28 10 8 8 11 0.0044562
28 11 10 8 8 0.00293102
28 4 4 7 11 0.00589974
28 4 7 11 4 0.0028213
28 7 11 4 4 0.0139431
28 11 4 4 7 0.00359209
28 6 12 11 8 0.00515568
28 8 6 12 11 4.28646e-46
28 11 8 6 12 0.00491122
28 12 11 8 6 0.0105938
28 8 12 11 10 1.70533e-45
28 10 8 12 11 0.00647472
28 11 10 8 12 0.00673142
28 12 11 10 8 0.00894005
28 6 12 8 7 0.00215255
28 7 6 12 8 0.00510213
28 8 7 6 12 8.25332e-46
28 12 8 7 6 0.00636035
28 8 8 9 12 1.21254e-45
28 8 9 12 8 1.99197e-46
28 9 12 8 8 0.0025642
28 12 8 8 9 0.0060673
28 6 10 8 10 0.00643394
28 8 10 6 10 1.60526e-45
28 10 6 10 8 0.00341737
28 10 8 10 6 0.00678989
28 4 4 8 8 0.00559254
28 4 8 8 4 0.00269728
28 8 4 4 8 1.38228e-45
28 8 8 4 4 6.66673e-46
28 6 8 9 9 0.00453009
28 8 9 9 6 2.42358e-46
28 9 6 8 9 0.00232807
28 9 9 6 8 0.000879326
28 5 9 9 10 0.00524728
28 9 9 10 5 0.000792237
28 9 10 5 9 0.00572515
28 10 5 9 9 7.68007e-46
28 6 7 6 11 0.00206673
28 6 11 6 7 0.00495674
28 7 6 11 6 0.00989563
28 11 6 7 6 0.00211546
28 4 10 7 8 0.00599778
28 7 8 4 10 0.0140541
28 8 4 10 7 6.68505e-46
28 10 7 8 4 0.00244965
28 6 9 7 8 0.000943366
28 7 8 6 9 0.0114262
28 8 6 9 7 3.08034e-46
28 9 7 8 6 0.001989
28 4 5 4 6 8.9133e-46
28 4 6 4 5 0.00535851
28 5 4 6 4 0.0242608
28 6 4 5 4 0.00537671
28 4 11 10 9 0.00854503
28 9 4 11 10 0.00928198
28 10 9 4 11 0.00189915
28 11 10 9 4 0.00251667
28 5 12 7 12 0.0440527
28 7 12 5 12 0.0238748
28 12 5 12 7 6.09463e-46
28 12 7 12 5 0.00613967
28 4 5 5 6 1.08208e-45
28 5 5 6 4 2.38259e-45
28 5 6 4 5 0.0290785
28 6 4 5 5 0.0130774
28 6 9 7 11 0.000741544
28 7 11 6 9 0.0181675
28 9 7 11 6 0.0028912
28 11 6 9 7 0.000938194
28 5 10 9 8 0.00026498
28 8 5 10 9 1.08128e-90
28 9 8 5 10 5.46103e-05
28 10 9 8 5 2.34914e-05
28 5 10 8 12 0.0482297
28 8 12 5 10 1.41562e-45
28 10 8 12 5 0.0104174
28 12 5 10 8 5.95343e-46
28 6 11 7 8 7.38205e-05
28 7 8 6 11 8.92478e-05
28 8 6 11 7 5.72225e-48
28 11 7 8 6 2.00913e-05
28 4 11 8 9 0.00815116
28 8 9 4 11 2.01096e-46
28 9 4 11 8 0.00598592
28 11 8 9 4 0.00156984
28 6 8 9 8 0.00343685
28 8 6 8 9 5.89513e-46
28 8 9 8 6 2.36481e-46
28 9 8 6 8 0.00330424
28 4 5 7 8 5.62106e-46
28 5 7 8 4 0.00803213
28 7 8 4 5 0.0162656
28 8 4 5 7 1.09188e-45
28 7 7 12 9 0.00648487
28 7 12 9 7 0.00518609
28 9 7 7 12 0.00313331
28 12 9 7 7 0.000974026
28 4 5 7 7 4.04484e-46
28 5 7 7 4 0.00909127
28 7 4 5 7 0.0121131
28 7 7 4 5 0.0098713
28 4 8 8 6 0.00498844
28 6 4 8 8 0.00504718
28 8 6 4 8 6.20556e-46
28 8 8 6 4 6.07343e-46
28 4 4 8 7 0.00444403
28 4 8 7 4 0.00337135
28 7 4 4 8 0.0169341
28 8 7 4 4 4.46788e-46
28 4 6 10 11 0.00220727
28 6 10 11 4 0.00605193
28 10 11 4 6 0.019752
28 11 4 6 10 0.00634501
28 6 12 7 9 0.00443346
28 7 9 6 12 0.00398857
28 9 6 12 7 0.00129835
28 12 7 9 6 0.00347205
28 4 8 8 8 0.00355686
28 8 4 8 8 9.53606e-46
28 8 8 4 8 8.79132e-46
28 8 8 8 4 4.59924e-46
28 4 12 6 8 0.00524328
28 6 8 4 12 0.00946471
28 8 4 12 6 1.72111e-45
28 12 6 8 4 0.00256921
28 7 9 8 8 2.50042e-05
28 8 7 9 8 5.26767e-48
28 8 8 7 9 1.26355e-47
28 9 8 8 7 2.4068e-05
28 4 8 8 7 0.00282204
28 7 4 8 8 0.0116644
28 8 7 4 8 5.88263e-46
28 8 8 7 4 5.73973e-46
28 5 5 10 9 2.32653e-45
28 5 10 9 5 0.0330428
28 9 5 5 10 5.70114e-46
28 10 9 5 5 0.00279486
28 5 7 6 8 0.0116203
28 6 8 5 7 0.00305357
28 7 6 8 5 0.00658061
28 8 5 7 6 1.11679e-88
28 7 12 11 8 0.0128672
28 8 7 12 11 4.38809e-46
28 11 8 7 12 0.00501226
28 12 11 8 7 0.00647194
28 4 12 8 10 0.00493009
28 8 10 4 12 2.29557e-45
28 10 4 12 8 0.00928018
28 12 8 10 4 0.00305532
28 4 6 5 11 0.00268169
28 5 11 4 6 0.0481749
28 6 5 11 4 4.21895e-46
28 11 4 6 5 0.00546238
28 5 5 12 6 3.56464e-45
28 5 12 6 5 0.0347767
28 6 5 5 12 1.17574e-45
28 12 6 5 5 0.00728698
28 4 8 9 8 0.00398054
28 8 4 8 9 1.37255e-45
28 8 9 8 4 1.33653e-46
28 9 8 4 8 0.00379115
28 4 7 8 9 0.00300409
28 7 8 9 4 0.00552105
28 8 9 4 7 1.77751e-46
28 9 4 7 8 0.00450049
28 4 7 5 7 0.00266537
28 5 7 4 7 0.0119142
28 7 4 7 5 0.0215357
28 7 5 7 4 8.69559e-46
29 4 10 11 8 1.38437e-48
29 8 4 10 11 0.0198493
29 10 11 8 4 5.81258e-48
29 11 8 4 10 9.33943e-48
29 6 11 7 7 1.14708e-49
29 7 6 11 7 5.62199e-50
29 7 7 6 11 6.54192e-50
29 11 7 7 6 7.34824e-50
29 8 8 9 9 0.000334623
29 8 9 9 8 0.000146379
29 9 8 8 9 2.86568e-50
29 9 9 8 8 1.25357e-50
29 5 6 11 8 3.75003e-48
29 6 11 8 5 8.2166e-48
29 8 5 6 11 0.0481421
29 11 8 5 6 1.03019e-47
29 7 10 9 11 2.51916e-48
29 9 11 7 10 1.03986e-47
29 10 9 11 7 3.1335e-48
29 11 7 10 9 3.17153e-48
29 7 7 9 12 6.35916e-48
29 7 9 12 7 1.99242e-48
29 9 12 7 7 2.74912e-48
29 12 7 7 9 2.7437e-48
29 8 8 11 10 0.047279
29 8 11 10 8 0.0414684
29 10 8 8 11 5.31942e-48
29 11 10 8 8 1.14127e-48
29 4 4 7 11 3.24078e-48
29 4 7 11 4 3.99721e-48
29 7 11 4 4 9.38857e-48
29 11 4 4 7 4.76963e-48
29 6 12 11 8 2.26004e-48
29 8 6 12 11 0.0393961
29 11 8 6 12 1.37844e-47
29 12 11 8 6 9.05403e-48
29 8 12 11 10 0.0314843
29 10 8 12 11 1.04436e-47
29 11 10 8 12 3.4174e-48
29 12 11 10 8 9.02817e-48
29 6 12 8 7 1.93461e-48
29 7 6 12 8 2.66427e-48
29 8 7 6 12 0.0523364
29 12 8 7 6 7.15703e-48
29 8 8 9 12 0.0664333
29 8 9 12 8 0.0101825
29 9 12 8 8 1.26525e-48
29 12 8 8 9 2.58125e-48
29 6 10 8 10 1.77276e-48
29 8 10 6 10 0.0218017
29 10 6 10 8 4.06798e-48
29 10 8 10 6 8.87453e-48
29 4 4 8 8 1.14466e-48
29 4 8 8 4 2.89534e-48
29 8 4 4 8 0.0153238
29 8 8 4 4 0.0387608
29 6 8 9 9 3.93215e-48
29 8 9 9 6 0.0207473
29 9 6 8 9 1.86185e-48
29 9 9 6 8 1.8116e-48
29 5 9 9 10 2.74091e-48
29 9 9 10 5 2.41658e-48
29 9 10 5 9 1.34086e-48
29 10 5 9 9 3.55795e-48
29 6 7 6 11 6.39183e-48
29 6 11 6 7 1.24126e-47
29 7 6 11 6 5.59758e-48
29 11 6 7 6 6.85551e-48
29 4 10 7 8 1.35715e-48
29 7 8 4 10 7.47577e-48
29 8 4 10 7 0.0193962
29 10 7 8 4 2.92483e-48
29 6 9 7 8 1.40334e-48
29 7 8 6 9 3.55296e-48
29 8 6 9 7 0.0353788
29 9 7 8 6 3.23347e-48
29 4 5 4 6 7.94403e-48
29 4 6 4 5 8.04555e-48
29 5 4 6 4 3.27583e-48
29 6 4 5 4 3.04122e-48
29 4 11 10 9 5.99518e-48
29 9 4 11 10 3.72301e-48
29 10 9 4 11 4.50363e-48
29 11 10 9 4 2.6544e-48
29 5 12 7 12 6.65197e-48
29 7 12 5 12 6.83949e-48
29 12 5 12 7 8.20303e-48
29 12 7 12 5 8.86631e-48
29 4 5 5 6 9.69264e-48
29 5 5 6 4 7.44167e-48
29 5 6 4 5 1.15102e-47
29 6 4 5 5 6.03466e-48
29 6 9 7 11 2.2981e-48
29 7 11 6 9 5.5274e-48
29 9 7 11 6 4.95157e-48
29 11 6 9 7 5.97536e-48
29 5 10 9 8 1.99839e-50
29 8 5 10 9 0.000227369
29 9 8 5 10 8.92782e-50
29 10 9 8 5 2.67798e-50
29 5 10 8 12 2.91185e-48
29 8 12 5 10 0.0337817
29 10 8 12 5 1.09442e-47
29 12 5 10 8 4.50739e-48
29 6 11 7 8 7.32816e-50
29 7 8 6 11 8.54314e-50
29 8 6 11 7 0.000425118
29 11 7 8 6 5.00393e-50
29 4 11 8 9 3.48343e-48
29 8 9 4 11 0.0214731
29 9 4 11 8 1.86763e-48
29 11 8 9 4 6.08404e-48
29 6 8 9 8 4.40827e-48
29 8 6 8 9 0.0130252
29 8 9 8 6 0.01243
29 9 8 6 8 4.6428e-48
29 4 5 7 8 3.42839e-48
29 5 7 8 4 2.8478e-48
29 7 8 4 5 9.13213e-48
29 8 4 5 7 0.0262762
29 7 7 12 9 2.26889e-48
29 7 12 9 7 2.94371e-48
29 9 7 7 12 6.15783e-48
29 12 9 7 7 2.49824e-48
29 4 5 7 7 5.3286e-48
29 5 7 7 4 4.15245e-48
29 7 4 5 7 3.45037e-48
29 7 7 4 5 6.94357e-48
29 4 8 8 6 4.47332e-48
29 6 4 8 8 1.26055e-48
29 8 6 4 8 0.0274508
29 8 8 6 4 0.0392125
29 4 4 8 7 1.96464e-48
29 4 8 7 4 4.66207e-48
29 7 4 4 8 2.22205e-48
29 8 7 4 4 0.0325452
29 4 6 10 11 6.16559e-48
29 6 10 11 4 2.27271e-48
29 10 11 4 6 2.08465e-47
29 11 4 6 10 5.56846e-48
29 6 12 7 9 1.60828e-48
29 7 9 6 12 3.50358e-48
29 9 6 12 7 4.47811e-48
29 12 7 9 6 6.18833e-48
29 4 8 8 8 2.29562e-48
29 8 4 8 8 0.00780262
29 8 8 4 8 0.0307321
29 8 8 8 4 0.0197363
29 4 12 6 8 2.69011e-48
29 6 8 4 12 1.31675e-47
29 8 4 12 6 0.0264388
29 12 6 8 4 3.39935e-48
29 7 9 8 8 1.11964e-50
29 8 7 9 8 0.000277327
29 8 8 7 9 0.000284215
29 9 8 8 7 4.85486e-50
29 4 8 8 7 3.93401e-48
29 7 4 8 8 1.12968e-48
29 8 7 4 8 0.0257641
29 8 8 7 4 0.0317302
29 5 5 10 9 3.22622e-48
29 5 10 9 5 3.38132e-48
29 9 5 5 10 6.83707e-48
29 10 9 5 5 4.33847e-48
29 5 7 6 8 3.72705e-48
29 6 8 5 7 7.073e-48
29 7 6 8 5 3.45068e-48
29 8 5 7 6 0.037834
29 7 12 11 8 2.18725e-48
29 8 7 12 11 0.03993
29 11 8 7 12 1.20454e-47
29 12 11 8 7 8.59871e-48
29 4 12 8 10 2.16125e-48
29 8 10 4 12 0.0284742
29 10 4 12 8 2.27861e-48
29 12 8 10 4 5.24467e-48
29 4 6 5 11 6.21305e-48
29 5 11 4 6 1.50982e-47
29 6 5 11 4 4.27061e-48
29 11 4 6 5 5.05981e-48
29 5 5 12 6 8.3531e-48
29 5 12 6 5 6.38261e-48
29 6 5 5 12 1.20594e-47
29 12 6 5 5 1.07109e-47
29 4 8 9 8 4.18414e-48
29 8 4 8 9 0.00760005
29 8 9 8 4 0.00840935
29 9 8 4 8 4.797e-48
29 4 7 8 9 1.64387e-48
29 7 8 9 4 4.56724e-48
29 8 9 4 7 0.0196785
29 9 4 7 8 1.71709e-48
29 4 7 5 7 6.33891e-48
29 5 7 4 7 7.4326e-48
29 7 4 7 5 3.64583e-48
29 7 5 7 4 4.17388e-48
30 4 10 11 8 8.5766e-89
30 8 4 10 11 0.00855294
30 10 11 8 4 0.0053665
30 11 8 4 10 6.51518e-46
30 6 11 7 7 7.3372e-05
30 7 6 11 7 1.30669e-47
30 7 7 6 11 2.28329e-05
30 11 7 7 6 9.51599e-48
30 8 8 9 9 0.000134758
30 8 9 9 8 6.77455e-05
30 9 8 8 9 2.50615e-05
30 9 9 8 8 1.25989e-05
30 5 6 11 8 4.04622e-46
30 6 11 8 5 0.000909207
30 8 5 6 11 0.00203942
30 11 8 5 6 4.27528e-46
30 7 10 9 11 0.000585755
30 9 11 7 10 0.0126098
30 10 9 11 7 1.97916e-45
30 11 7 10 9 2.89414e-45
30 7 7 9 12 0.00468959
30 7 9 12 7 0.00808211
30 9 12 7 7 0.0144465
30 12 7 7 9 0.00450924
30 8 8 11 10 1.81148e-45
30 8 11 10 8 0.0236613
30 10 8 8 11 0.000641315
30 11 10 8 8 8.13833e-47
30 4 4 7 11 4.95275e-46
30 4 7 11 4 3.09421e-88
30 7 11 4 4 0.00746951
30 11 4 4 7 1.26535e-45
30 6 12 11 8 1.67376e-45
30 8 6 12 11 0.00686259
30 11 8 6 12 1.27805e-45
30 12 11 8 6 0.000737539
30 8 12 11 10 5.11479e-45
30 10 8 12 11 0.0105023
30 11 10 8 12 1.1853e-46
30 12 11 10 8 0.0106426
30 6 12 8 7 0.00176108
30 7 6 12 8 0.0133324
30 8 7 6 12 0.0145943
30 12 8 7 6 0.00242162
30 8 8 9 12 0.00759665
30 8 9 12 8 0.0143129
30 9 12 8 8 0.0027389
30 12 8 8 9 0.000781991
30 6 10 8 10 0.00071434
30 8 10 6 10 0.0104977
30 10 6 10 8 0.0444339
30 10 8 10 6 0.0314575
30 4 4 8 8 3.41599e-46
30 4 8 8 4 2.58873e-46
30 8 4 4 8 0.0114893
30 8 8 4 4 0.0087069
30 6 8 9 9 0.00575516
30 8 9 9 6 0.00522203
30 9 6 8 9 0.0027287
30 9 9 6 8 0.00790722
30 5 9 9 10 0.00135483
30 9 9 10 5 0.00802728
30 9 10 5 9 0.00331194
30 10 5 9 9 0.0108505
30 6 7 6 11 0.00193879
30 6 11 6 7 0.00980172
30 7 6 11 6 1.02533e-45
30 11 6 7 6 9.64761e-46
30 4 10 7 8 5.2684e-46
30 7 8 4 10 0.00425337
30 8 4 10 7 0.0396184
30 10 7 8 4 0.00491701
30 6 9 7 8 0.00302351
30 7 8 6 9 0.0094621
30 8 6 9 7 0.0096188
30 9 7 8 6 0.00138451
30 4 5 4 6 4.57921e-46
30 4 6 4 5 7.66727e-46
30 5 4 6 4 0.00943547
30 6 4 5 4 0.00951285
30 4 11 10 9 4.64948e-45
30 9 4 11 10 3.73771e-45
30 10 9 4 11 0.00213079
30 11 10 9 4 6.84269e-46
30 5 12 7 12 0.00553446
30 7 12 5 12 0.00877858
30 12 5 12 7 0.00653646
30 12 7 12 5 0.00847067
30 4 5 5 6 4.87243e-46
30 5 5 6 4 0.0038188
30 5 6 4 5 0.00185198
30 6 4 5 5 0.00602233
30 6 9 7 11 0.000720775
30 7 11 6 9 0.012467
30 9 7 11 6 1.1903e-45
30 11 6 9 7 8.33004e-46
30 5 10 9 8 1.02254e-05
30 8 5 10 9 0.00020539
30 9 8 5 10 6.31737e-05
30 10 9 8 5 1.83352e-05
30 5 10 8 12 0.000263876
30 8 12 5 10 0.0169944
30 10 8 12 5 0.0317494
30 12 5 10 8 0.00491084
30 6 11 7 8 6.7926e-05
30 7 8 6 11 1.93353e-05
30 8 6 11 7 2.36273e-47
30 11 7 8 6 1.84208e-48
30 4 11 8 9 3.43264e-46
30 8 9 4 11 0.00105013
30 9 4 11 8 2.3519e-45
30 11 8 9 4 9.65395e-46
30 6 8 9 8 0.0037666
30 8 6 8 9 0.00320079
30 8 9 8 6 0.00113918
30 9 8 6 8 0.0102942
30 4 5 7 8 6.41238e-46
30 5 7 8 4 0.000662957
30 7 8 4 5 0.00273696
30 8 4 5 7 0.011856
30 7 7 12 9 0.017897
30 7 12 9 7 0.00846813
30 9 7 7 12 0.00829544
30 12 9 7 7 0.00211144
30 4 5 7 7 6.87759e-46
30 5 7 7 4 0.00340059
30 7 4 5 7 0.00651055
30 7 7 4 5 0.00320923
30 4 8 8 6 1.65248e-46
30 6 4 8 8 0.00172303
30 8 6 4 8 0.00785059
30 8 8 6 4 0.019189
30 4 4 8 7 4.04592e-46
30 4 8 7 4 1.46635e-45
30 7 4 4 8 0.00696719
30 8 7 4 4 0.011274
30 4 6 10 11 8.04083e-46
30 6 10 11 4 8.48895e-46
30 10 11 4 6 0.0158524
30 11 4 6 10 3.71799e-45
30 6 12 7 9 0.0127842
30 7 9 6 12 0.00521552
30 9 6 12 7 0.0220535
30 12 7 9 6 0.00252087
30 4 8 8 8 1.55931e-46
30 8 4 8 8 0.00293459
30 8 8 4 8 0.00524456
30 8 8 8 4 0.00222391
30 4 12 6 8 3.36471e-45
30 6 8 4 12 0.00397221
30 8 4 12 6 0.0451073
30 12 6 8 4 0.00132619
30 7 9 8 8 7.89044e-06
30 8 7 9 8 0.000100546
30 8 8 7 9 0.00014661
30 9 8 8 7 1.71042e-05
30 4 8 8 7 1.844e-46
30 7 4 8 8 0.0017768
30 8 7 4 8 0.00678036
30 8 8 7 4 0.0125776
30 5 5 10 9 0.00390432
30 5 10 9 5 0.000726593
30 9 5 5 10 0.00378691
30 10 9 5 5 0.00516402
30 5 7 6 8 0.00286262
30 6 8 5 7 0.00263995
30 7 6 8 5 0.000869387
30 8 5 7 6 0.0048501
30 7 12 11 8 1.86391e-45
30 8 7 12 11 0.00640065
30 11 8 7 12 9.04648e-46
30 12 11 8 7 0.000888783
30 4 12 8 10 4.96237e-46
30 8 10 4 12 0.0038397
30 10 4 12 8 0.0691559
30 12 8 10 4 0.00960903
30 4 6 5 11 1.78988e-46
30 5 11 4 6 0.00158987
30 6 5 11 4 7.6856e-46
30 11 4 6 5 1.77962e-45
30 5 5 12 6 0.0034015
30 5 12 6 5 0.0056604
30 6 5 5 12 0.00248331
30 12 6 5 5 0.0023177
30 4 8 9 8 7.80537e-46
30 8 4 8 9 0.00489632
30 8 9 8 4 0.00186537
30 9 8 4 8 0.00488228
30 4 7 8 9 2.94962e-46
30 7 8 9 4 0.00591071
30 8 9 4 7 0.00456198
30 9 4 7 8 0.0135491
30 4 7 5 7 7.9659e-46
30 5 7 4 7 0.00180832
30 7 4 7 5 0.00847144
30 7 5 7 4 0.00541585
31 4 10 11 8 7.39374e-48
31 8 4 10 11 6.25565e-48
31 10 11 8 4 6.78408e-48
31 11 8 4 10 2.26305e-48
31 6 11 7 7 0.000388751
31 7 6 11 7 4.52786e-50
31 7 7 6 11 5.79762e-50
31 11 7 7 6 0.000340706
31 8 8 9 9 5.63783e-50
31 8 9 9 8 5.44839e-50
31 9 8 8 9 3.64504e-50
31 9 9 8 8 3.52257e-50
31 5 6 11 8 8.91957e-48
31 6 11 8 5 3.72162e-48
31 8 5 6 11 5.68311e-48
31 11 8 5 6 4.90997e-48
31 7 10 9 11 5.35127e-48
31 9 11 7 10 0.0199509
31 10 9 11 7 5.75379e-48
31 11 7 10 9 4.42009e-48
31 7 7 9 12 1.90148e-48
31 7 9 12 7 3.62876e-48
31 9 12 7 7 0.0215514
31 12 7 7 9 0.0418513
31 8 8 11 10 2.96772e-48
31 8 11 10 8 7.1229e-48
31 10 8 8 11 6.21139e-48
31 11 10 8 8 3.40982e-48
31 4 4 7 11 0.0697249
31 4 7 11 4 8.23101e-48
31 7 11 4 4 7.49108e-48
31 11 4 4 7 3.89076e-48
31 6 12 11 8 5.86235e-48
31 8 6 12 11 4.98578e-48
31 11 8 6 12 2.53243e-48
31 12 11 8 6 5.70401e-48
31 8 12 11 10 3.3727e-48
31 10 8 12 11 1.25454e-47
31 11 10 8 12 1.93181e-48
31 12 11 10 8 1.41111e-47
31 6 12 8 7 2.14589e-48
31 7 6 12 8 4.93073e-48
31 8 7 6 12 1.72045e-48
31 12 8 7 6 0.0519454
31 8 8 9 12 2.25523e-48
31 8 9 12 8 4.90762e-48
31 9 12 8 8 2.92485e-48
31 12 8 8 9 4.98108e-48
31 6 10 8 10 1.66037e-48
31 8 10 6 10 2.34179e-48
31 10 6 10 8 8.38662e-48
31 10 8 10 6 9.0392e-48
31 4 4 8 8 5.38013e-48
31 4 8 8 4 5.71334e-48
31 8 4 4 8 5.01235e-48
31 8 8 4 4 5.32278e-48
31 6 8 9 9 4.35768e-48
31 8 9 9 6 3.51897e-48
31 9 6 8 9 2.18427e-48
31 9 9 6 8 3.84013e-48
31 5 9 9 10 3.09278e-48
31 9 9 10 5 3.47947e-48
31 9 10 5 9 3.21658e-48
31 10 5 9 9 6.15742e-48
31 6 7 6 11 4.31418e-48
31 6 11 6 7 4.09429e-48
31 7 6 11 6 4.69513e-48
31 11 6 7 6 0.028746
31 4 10 7 8 0.054905
31 7 8 4 10 2.74481e-48
31 8 4 10 7 4.5287e-48
31 10 7 8 4 5.17502e-48
31 6 9 7 8 0.0335176
31 7 8 6 9 4.90879e-48
31 8 6 9 7 2.56171e-48
31 9 7 8 6 2.03553e-48
31 4 5 4 6 6.61895e-48
31 4 6 4 5 5.24131e-48
31 5 4 6 4 1.1422e-47
31 6 4 5 4 6.73203e-48
31 4 11 10 9 9.629e-48
31 9 4 11 10 2.9296e-48
31 10 9 4 11 7.55993e-48
31 11 10 9 4 5.52872e-48
31 5 12 7 12 0.0419564
31 7 12 5 12 3.49995e-48
31 12 5 12 7 8.90276e-48
31 12 7 12 5 8.66428e-48
31 4 5 5 6 9.46926e-48
31 5 5 6 4 1.45659e-47
31 5 6 4 5 8.40366e-48
31 6 4 5 5 6.89983e-48
31 6 9 7 11 0.0324165
31 7 11 6 9 5.13764e-48
31 9 7 11 6 3.18942e-48
31 11 6 9 7 2.46609e-48
31 5 10 9 8 9.28787e-50
31 8 5 10 9 6.39577e-50
31 9 8 5 10 2.66925e-50
31 10 9 8 5 4.97817e-50
31 5 10 8 12 3.2229e-48
31 8 12 5 10 2.87377e-48
31 10 8 12 5 1.00889e-47
31 12 5 10 8 1.22867e-47
31 6 11 7 8 0.000567613
31 7 8 6 11 7.42362e-50
31 8 6 11 7 3.96435e-50
31 11 7 8 6 2.99347e-50
31 4 11 8 9 4.94881e-48
31 8 9 4 11 4.11729e-48
31 9 4 11 8 5.41013e-48
31 11 8 9 4 5.45958e-48
31 6 8 9 8 5.20258e-48
31 8 6 8 9 2.54766e-48
31 8 9 8 6 2.65363e-48
31 9 8 6 8 4.74408e-48
31 4 5 7 8 0.0701114
31 5 7 8 4 6.42313e-48
31 7 8 4 5 5.59431e-48
31 8 4 5 7 4.40942e-48
31 7 7 12 9 4.35994e-48
31 7 12 9 7 3.40616e-48
31 9 7 7 12 0.0124747
31 12 9 7 7 0.0361173
31 4 5 7 7 0.0476794
31 5 7 7 4 0.0725897
31 7 4 5 7 5.00065e-48
31 7 7 4 5 4.33814e-48
31 4 8 8 6 4.58409e-48
31 6 4 8 8 3.91365e-48
31 8 6 4 8 3.96241e-48
31 8 8 6 4 5.86168e-48
31 4 4 8 7 4.04035e-48
31 4 8 7 4 0.071302
31 7 4 4 8 6.27724e-48
31 8 7 4 4 4.55804e-48
31 4 6 10 11 8.5388e-48
31 6 10 11 4 7.03541e-48
31 10 11 4 6 8.75607e-48
31 11 4 6 10 3.06984e-48
31 6 12 7 9 0.0296732
31 7 9 6 12 2.02328e-48
31 9 6 12 7 2.51831e-48
31 12 7 9 6 4.69553e-48
31 4 8 8 8 5.16251e-48
31 8 4 8 8 3.68293e-48
31 8 8 4 8 4.80961e-48
31 8 8 8 4 3.91103e-48
31 4 12 6 8 7.78812e-48
31 6 8 4 12 2.56458e-48
31 8 4 12 6 5.85014e-48
31 12 6 8 4 5.65366e-48
31 7 9 8 8 4.53028e-50
31 8 7 9 8 5.07481e-50
31 8 8 7 9 0.000467146
31 9 8 8 7 2.87737e-50
31 4 8 8 7 3.87093e-48
31 7 4 8 8 4.60522e-48
31 8 7 4 8 4.11224e-48
31 8 8 7 4 0.0487339
31 5 5 10 9 1.01279e-47
31 5 10 9 5 7.1226e-48
31 9 5 5 10 2.39838e-48
31 10 9 5 5 6.55308e-48
31 5 7 6 8 7.2268e-48
31 6 8 5 7 3.73539e-48
31 7 6 8 5 2.81349e-48
31 8 5 7 6 0.0354062
31 7 12 11 8 7.44948e-48
31 8 7 12 11 5.58777e-48
31 11 8 7 12 0.022737
31 12 11 8 7 5.20149e-48
31 4 12 8 10 2.25317e-48
31 8 10 4 12 1.95696e-48
31 10 4 12 8 9.6866e-48
31 12 8 10 4 1.06918e-47
31 4 6 5 11 6.18426e-48
31 5 11 4 6 8.084e-48
31 6 5 11 4 6.68265e-48
31 11 4 6 5 4.65407e-48
31 5 5 12 6 1.15794e-47
31 5 12 6 5 9.38594e-48
31 6 5 5 12 3.23122e-48
31 12 6 5 5 7.4764e-48
31 4 8 9 8 7.47568e-48
31 8 4 8 9 3.36856e-48
31 8 9 8 4 3.45699e-48
31 9 8 4 8 4.50288e-48
31 4 7 8 9 3.54037e-48
31 7 8 9 4 6.21019e-48
31 8 9 4 7 2.79537e-48
31 9 4 7 8 0.0376775
31 4 7 5 7 5.16877e-48
31 5 7 4 7 5.7928e-48
31 7 4 7 5 0.0522084
31 7 5 7 4 0.0649597
32 4 10 11 8 0.00319782
32 8 4 10 11 0.0015212
32 10 11 8 4 0.0128773
32 11 8 4 10 0.00136752
32 6 11 7 7 0.000114845
32 7 6 11 7 1.69801e-05
32 7 7 6 11 1.09225e-05
32 11 7 7 6 4.05454e-06
32 8 8 9 9 0.000111111
32 8 9 9 8 6.56057e-05
32 9 8 8 9 0.000115511
32 9 9 8 8 6.82036e-05
32 5 6 11 8 0.000832623
32 6 11 8 5 0.0218069
32 8 5 6 11 1.68463e-46
32 11 8 5 6 0.000309335
32 7 10 9 11 0.0036599
32 9 11 7 10 0.0105589
32 10 9 11 7 0.00119619
32 11 7 10 9 0.000974668
32 7 7 9 12 0.00681176
32 7 9 12 7 0.00386411
32 9 12 7 7 0.0059665
32 12 7 7 9 0.0031545
32 8 8 11 10 0.00128429
32 8 11 10 8 0.00800627
32 10 8 8 11 0.00154582
32 11 10 8 8 0.00258048
32 4 4 7 11 0.00225091
32 4 7 11 4 0.00210461
32 7 11 4 4 0.0172439
32 11 4 4 7 0.00279081
32 6 12 11 8 0.000966809
32 8 6 12 11 0.0014226
32 11 8 6 12 0.00139678
32 12 11 8 6 0.00263132
32 8 12 11 10 0.00122022
32 10 8 12 11 0.00183262
32 11 10 8 12 0.00442174
32 12 11 10 8 0.00687029
32 6 12 8 7 0.00454478
32 7 6 12 8 0.0041411
32 8 7 6 12 0.0049287
32 12 8 7 6 0.00122591
32 8 8 9 12 0.00991321
32 8 9 12 8 0.00372276
32 9 12 8 8 0.0057143
32 12 8 8 9 0.00456366
32 6 10 8 10 0.0105343
32 8 10 6 10 0.00956856
32 10 6 10 8 0.00459431
32 10 8 10 6 0.00186792
32 4 4 8 8 0.0086503
32 4 8 8 4 0.00960067
32 8 4 4 8 0.00955634
32 8 8 4 4 0.0106063
32 6 8 9 9 0.0076027
32 8 9 9 6 0.00191626
32 9 6 8 9 0.00829846
32 9 9 6 8 0.00423897
32 5 9 9 10 0.00252718
32 9 9 10 5 0.00903762
32 9 10 5 9 0.0105036
32 10 5 9 9 9.55082e-46
32 6 7 6 11 0.000940351
32 6 11 6 7 0.00892787
32 7 6 11 6 0.000434023
32 11 6 7 6 0.000385047
32 4 10 7 8 0.0128389
32 7 8 4 10 0.00618881
32 8 4 10 7 0.00777215
32 10 7 8 4 0.00692982
32 6 9 7 8 0.0029618
32 7 8 6 9 0.00452939
32 8 6 9 7 0.00818864
32 9 7 8 6 0.00229127
32 4 5 4 6 4.77786e-46
32 4 6 4 5 0.021984
32 5 4 6 4 0.00585644
32 6 4 5 4 0.00668044
32 4 11 10 9 0.0120404
32 9 4 11 10 0.00238663
32 10 9 4 11 0.00151641
32 11 10 9 4 0.0051195
32 5 12 7 12 0.0044662
32 7 12 5 12 0.00460023
32 12 5 12 7 8.30589e-46
32 12 7 12 5 0.0102863
32 4 5 5 6 3.0603e-46
32 5 5 6 4 7.62173e-46
32 5 6 4 5 0.0150136
32 6 4 5 5 0.0146543
32 6 9 7 11 0.000744636
32 7 11 6 9 0.00715727
32 9 7 11 6 0.000512888
32 11 6 9 7 0.00161654
32 5 10 9 8 0.000111593
32 8 5 10 9 8.27974e-48
32 9 8 5 10 5.27605e-05
32 10 9 8 5 0.000110985
32 5 10 8 12 0.0125699
32 8 12 5 10 0.00316972
32 10 8 12 5 0.0159347
32 12 5 10 8 5.08062e-46
32 6 11 7 8 9.13995e-05
32 7 8 6 11 1.31309e-05
32 8 6 11 7 1.94299e-05
32 11 7 8 6 4.6121e-06
32 4 11 8 9 0.012965
32 8 9 4 11 0.00134555
32 9 4 11 8 0.00226947
32 11 8 9 4 0.00213677
32 6 8 9 8 0.00669345
32 8 6 8 9 0.00646042
32 8 9 8 6 0.0015509
32 9 8 6 8 0.00632059
32 4 5 7 8 8.88562e-46
32 5 7 8 4 0.00489668
32 7 8 4 5 0.0182552
32 8 4 5 7 0.00690531
32 7 7 12 9 0.00441154
32 7 12 9 7 0.0058096
32 9 7 7 12 0.00725374
32 12 9 7 7 0.00286496
32 4 5 7 7 1.10861e-45
32 5 7 7 4 0.00427432
32 7 4 5 7 0.00599206
32 7 7 4 5 0.0150778
32 4 8 8 6 0.00265273
32 6 4 8 8 0.00679021
32 8 6 4 8 0.007208
32 8 8 6 4 0.00684534
32 4 4 8 7 0.011918
32 4 8 7 4 0.00925445
32 7 4 4 8 0.00915733
32 8 7 4 4 0.0096738
32 4 6 10 11 0.00162525
32 6 10 11 4 0.00431201
32 10 11 4 6 0.00556785
32 11 4 6 10 0.00136607
32 6 12 7 9 0.00358789
32 7 9 6 12 0.00344993
32 9 6 12 7 0.00759771
32 12 7 9 6 0.0014238
32 4 8 8 8 0.00660594
32 8 4 8 8 0.00721817
32 8 8 4 8 0.00729785
32 8 8 8 4 0.0080112
32 4 12 6 8 0.00475
32 6 8 4 12 0.0104191
32 8 4 12 6 0.00304356
32 12 6 8 4 0.00601378
32 7 9 8 8 4.47973e-05
32 8 7 9 8 7.85558e-05
32 8 8 7 9 7.63201e-05
32 9 8 8 7 0.000123362
32 4 8 8 7 0.00908734
32 7 4 8 8 0.0069061
32 8 7 4 8 0.00664597
32 8 8 7 4 0.00771037
32 5 5 10 9 4.58141e-46
32 5 10 9 5 0.0240529
32 9 5 5 10 6.07892e-46
32 10 9 5 5 0.00636294
32 5 7 6 8 0.00239182
32 6 8 5 7 0.00412135
32 7 6 8 5 0.0113146
32 8 5 7 6 2.47365e-46
32 7 12 11 8 0.00106188
32 8 7 12 11 0.00141649
32 11 8 7 12 0.001699
32 12 11 8 7 0.00973428
32 4 12 8 10 0.00468109
32 8 10 4 12 0.0212487
32 10 4 12 8 0.00683959
32 12 8 10 4 0.00452777
32 4 6 5 11 0.0010741
32 5 11 4 6 0.00292651
32 6 5 11 4 2.21985e-46
32 11 4 6 5 0.00299734
32 5 5 12 6 2.14822e-46
32 5 12 6 5 0.00685321
32 6 5 5 12 7.53651e-46
32 12 6 5 5 0.00741307
32 4 8 9 8 0.00891292
32 8 4 8 9 0.0089528
32 8 9 8 4 0.00586698
32 9 8 4 8 0.0102364
32 4 7 8 9 0.00654331
32 7 8 9 4 0.00906893
32 8 9 4 7 0.00644736
32 9 4 7 8 0.00854522
32 4 7 5 7 0.00562889
32 5 7 4 7 0.00600165
32 7 4 7 5 0.0169968
32 7 5 7 4 1.00838e-45
33 4 10 11 8 5.8325e-48
33 8 4 10 11 0.036233
33 10 11 8 4 1.19656e-47
33 11 8 4 10 3.24028e-48
33 6 11 7 7 9.16546e-50
33 7 6 11 7 5.74497e-50
33 7 7 6 11 3.51796e-50
33 11 7 7 6 5.99253e-50
33 8 8 9 9 0.000143943
33 8 9 9 8 0.000140576
33 9 8 8 9 4.69154e-50
33 9 9 8 8 4.5818e-50
33 5 6 11 8 6.3633e-48
33 6 11 8 5 7.60037e-48
33 8 5 6 11 0.0326843
33 11 8 5 6 7.5064e-48
33 7 10 9 11 2.62895e-48
33 9 11 7 10 6.19648e-48
33 10 9 11 7 4.39963e-48
33 11 7 10 9 3.58856e-48
33 7 7 9 12 1.50563e-48
33 7 9 12 7 1.91487e-48
33 9 12 7 7 3.74047e-48
33 12 7 7 9 2.9192e-48
33 8 8 11 10 0.0277176
33 8 11 10 8 0.0585126
33 10 8 8 11 6.54589e-48
33 11 10 8 8 7.53771e-48
33 4 4 7 11 5.56268e-48
33 4 7 11 4 5.26113e-48
33 7 11 4 4 7.29609e-48
33 11 4 4 7 5.60961e-48
33 6 12 11 8 5.90358e-48
33 8 6 12 11 0.027517
33 11 8 6 12 3.91226e-48
33 12 11 8 6 1.33515e-47
33 8 12 11 10 0.0369365
33 10 8 12 11 5.61146e-48
33 11 10 8 12 8.43798e-48
33 12 11 10 8 1.27389e-47
33 6 12 8 7 4.77082e-48
33 7 6 12 8 3.09454e-48
33 8 7 6 12 0.0174965
33 12 8 7 6 4.95511e-48
33 8 8 9 12 0.0133536
33 8 9 12 8 0.0162504
33 9 12 8 8 5.18112e-48
33 12 8 8 9 4.22589e-48
33 6 10 8 10 5.25854e-48
33 8 10 6 10 0.0239928
33 10 6 10 8 6.34941e-48
33 10 8 10 6 6.53416e-48
33 4 4 8 8 5.92174e-48
33 4 8 8 4 5.07184e-48
33 8 4 4 8 0.0299272
33 8 8 4 4 0.025632
33 6 8 9 9 1.69147e-48
33 8 9 9 6 0.0122182
33 9 6 8 9 3.96238e-48
33 9 9 6 8 2.45655e-48
33 5 9 9 10 1.1822e-48
33 9 9 10 5 1.99348e-48
33 9 10 5 9 4.11411e-48
33 10 5 9 9 2.27598e-48
33 6 7 6 11 3.43724e-48
33 6 11 6 7 6.66905e-48
33 7 6 11 6 5.82452e-48
33 11 6 7 6 6.16996e-48
33 4 10 7 8 4.94553e-48
33 7 8 4 10 2.59369e-48
33 8 4 10 7 0.0354566
33 10 7 8 4 6.03495e-48
33 6 9 7 8 2.82997e-48
33 7 8 6 9 2.158e-48
33 8 6 9 7 0.0148915
33 9 7 8 6 4.77929e-48
33 4 5 4 6 5.59614e-48
33 4 6 4 5 3.10774e-48
33 5 4 6 4 5.38221e-48
33 6 4 5 4 7.82061e-48
33 4 11 10 9 6.76779e-48
33 9 4 11 10 5.51798e-48
33 10 9 4 11 3.73683e-48
33 11 10 9 4 3.94325e-48
33 5 12 7 12 5.61853e-48
33 7 12 5 12 6.07985e-48
33 12 5 12 7 6.56381e-48
33 12 7 12 5 3.58932e-48
33 4 5 5 6 1.05025e-47
33 5 5 6 4 7.19196e-48
33 5 6 4 5 4.44603e-48
33 6 4 5 5 6.97305e-48
33 6 9 7 11 2.78687e-48
33 7 11 6 9 3.94533e-48
33 9 7 11 6 4.66859e-48
33 11 6 9 7 2.51512e-48
33 5 10 9 8 3.46799e-50
33 8 5 10 9 0.000324797
33 9 8 5 10 4.76445e-50
33 10 9 8 5 3.76497e-50
33 5 10 8 12 7.18973e-48
33 8 12 5 10 0.0360764
33 10 8 12 5 3.76138e-48
33 12 5 10 8 8.04809e-48
33 6 11 7 8 9.72307e-50
33 7 8 6 11 3.90028e-50
33 8 6 11 7 0.000434418
33 11 7 8 6 7.39614e-50
33 4 11 8 9 6.70186e-48
33 8 9 4 11 0.017817
33 9 4 11 8 6.16332e-48
33 11 8 9 4 2.80029e-48
33 6 8 9 8 2.37022e-48
33 8 6 8 9 0.02772
33 8 9 8 6 0.0278593
33 9 8 6 8 3.52477e-48
33 4 5 7 8 5.75618e-48
33 5 7 8 4 5.876e-48
33 7 8 4 5 2.71356e-48
33 8 4 5 7 0.0475353
33 7 7 12 9 1.91041e-48
33 7 12 9 7 1.90739e-48
33 9 7 7 12 3.06149e-48
33 12 9 7 7 3.03393e-48
33 4 5 7 7 5.38776e-48
33 5 7 7 4 4.72726e-48
33 7 4 5 7 6.24194e-48
33 7 7 4 5 2.43028e-48
33 4 8 8 6 5.61329e-48
33 6 4 8 8 6.52128e-48
33 8 6 4 8 0.0275662
33 8 8 6 4 0.0254838
33 4 4 8 7 6.12078e-48
33 4 8 7 4 4.50586e-48
33 7 4 4 8 4.33963e-48
33 8 7 4 4 0.0253503
33 4 6 10 11 5.78706e-48
33 6 10 11 4 8.19665e-48
33 10 11 4 6 1.1605e-47
33 11 4 6 10 4.80006e-48
33 6 12 7 9 2.90707e-48
33 7 9 6 12 1.77609e-48
33 9 6 12 7 3.1323e-48
33 12 7 9 6 2.40332e-48
33 4 8 8 8 4.6976e-48
33 8 4 8 8 0.0403659
33 8 8 4 8 0.0237406
33 8 8 8 4 0.0345726
33 4 12 6 8 4.0869e-48
33 6 8 4 12 3.80272e-48
33 8 4 12 6 0.0366225
33 12 6 8 4 7.74077e-48
33 7 9 8 8 4.09227e-50
33 8 7 9 8 0.000175639
33 8 8 7 9 0.000256725
33 9 8 8 7 5.98277e-50
33 4 8 8 7 4.84799e-48
33 7 4 8 8 5.84426e-48
33 8 7 4 8 0.0234434
33 8 8 7 4 0.030667
33 5 5 10 9 4.60866e-48
33 5 10 9 5 2.2571e-48
33 9 5 5 10 5.42592e-48
33 10 9 5 5 3.54177e-48
33 5 7 6 8 3.3329e-48
33 6 8 5 7 5.06126e-48
33 7 6 8 5 3.53078e-48
33 8 5 7 6 0.0389528
33 7 12 11 8 5.71344e-48
33 8 7 12 11 0.0252714
33 11 8 7 12 5.08416e-48
33 12 11 8 7 1.24526e-47
33 4 12 8 10 3.97482e-48
33 8 10 4 12 0.0265411
33 10 4 12 8 5.14712e-48
33 12 8 10 4 5.39064e-48
33 4 6 5 11 5.77113e-48
33 5 11 4 6 8.40496e-48
33 6 5 11 4 7.09645e-48
33 11 4 6 5 3.73551e-48
33 5 5 12 6 6.80599e-48
33 5 12 6 5 3.72983e-48
33 6 5 5 12 7.96628e-48
33 12 6 5 5 6.36383e-48
33 4 8 9 8 2.24971e-48
33 8 4 8 9 0.031456
33 8 9 8 4 0.0263112
33 9 8 4 8 3.70569e-48
33 4 7 8 9 3.17001e-48
33 7 8 9 4 2.10216e-48
33 8 9 4 7 0.0163514
33 9 4 7 8 4.90116e-48
33 4 7 5 7 5.34289e-48
33 5 7 4 7 4.07284e-48
33 7 4 7 5 4.00286e-48
33 7 5 7 4 5.99894e-48
34 4 10 11 8 1.00795e-45
34 8 4 10 11 0.00266562
34 10 11 8 4 0.0250659
34 11 8 4 10 8.67484e-46
34 6 11 7 7 3.43805e-05
34 7 6 11 7 4.50988e-05
34 7 7 6 11 2.12799e-05
34 11 7 7 6 8.13655e-48
34 8 8 9 9 0.00013236
34 8 9 9 8 0.000103962
34 9 8 8 9 9.37979e-05
34 9 9 8 8 7.36734e-05
34 5 6 11 8 0.00379399
34 6 11 8 5 0.00239063
34 8 5 6 11 0.0052774
34 11 8 5 6 1.08948e-45
34 7 10 9 11 0.00197499
34 9 11 7 10 0.00245011
34 10 9 11 7 0.0161127
34 11 7 10 9 1.36775e-45
34 7 7 9 12 0.00249519
34 7 9 12 7 0.00410077
34 9 12 7 7 0.00614308
34 12 7 7 9 0.00246343
34 8 8 11 10 0.00417231
34 8 11 10 8 0.00681588
34 10 8 8 11 0.00715506
34 11 10 8 8 1.07388e-45
34 4 4 7 11 3.85572e-46
34 4 7 11 4 1.54756e-45
34 7 11 4 4 0.0117229
34 11 4 4 7 1.0076e-45
34 6 12 11 8 0.00698995
34 8 6 12 11 0.0038307
34 11 8 6 12 1.19445e-45
34 12 11 8 6 0.00183614
34 8 12 11 10 0.00941248
34 10 8 12 11 0.00892245
34 11 10 8 12 1.32186e-45
34 12 11 10 8 0.00266793
34 6 12 8 7 0.00562166
34 7 6 12 8 0.00439603
34 8 7 6 12 0.00590594
34 12 8 7 6 0.00193014
34 8 8 9 12 0.00592888
34 8 9 12 8 0.00867689
34 9 12 8 8 0.00770022
34 12 8 8 9 0.00346759
34 6 10 8 10 0.00322929
34 8 10 6 10 0.00698229
34 10 6 10 8 0.0228704
34 10 8 10 6 0.0189512
34 4 4 8 8 7.56034e-46
34 4 8 8 4 1.99421e-45
34 8 4 4 8 0.00798254
34 8 8 4 4 0.0210558
34 6 8 9 9 0.00603972
34 8 9 9 6 0.00790655
34 9 6 8 9 0.00860875
34 9 9 6 8 0.00726876
34 5 9 9 10 0.00222582
34 9 9 10 5 0.00395794
34 9 10 5 9 0.00853781
34 10 5 9 9 0.0258814
34 6 7 6 11 0.0018005
34 6 11 6 7 0.00372603
34 7 6 11 6 0.00447308
34 11 6 7 6 1.09368e-45
34 4 10 7 8 1.17491e-45
34 7 8 4 10 0.00413564
34 8 4 10 7 0.00530936
34 10 7 8 4 0.0241254
34 6 9 7 8 0.00498358
34 7 8 6 9 0.00812705
34 8 6 9 7 0.00584429
34 9 7 8 6 0.00305604
34 4 5 4 6 2.10939e-45
34 4 6 4 5 1.35299e-45
34 5 4 6 4 0.00731848
34 6 4 5 4 0.00809824
34 4 11 10 9 1.82439e-45
34 9 4 11 10 0.0022811
34 10 9 4 11 0.0158827
34 11 10 9 4 2.18534e-45
34 5 12 7 12 0.00788849
34 7 12 5 12 0.0111808
34 12 5 12 7 0.00306592
34 12 7 12 5 0.00145108
34 4 5 5 6 2.0499e-45
34 5 5 6 4 0.0155423
34 5 6 4 5 0.00580244
34 6 4 5 5 0.00346542
34 6 9 7 11 0.00215659
34 7 11 6 9 0.00648099
34 9 7 11 6 0.00268296
34 11 6 9 7 7.43167e-46
34 5 10 9 8 4.02762e-05
34 8 5 10 9 0.000196809
34 9 8 5 10 3.84295e-05
34 10 9 8 5 0.000158942
34 5 10 8 12 0.00455709
34 8 12 5 10 0.0112451
34 10 8 12 5 0.0126114
34 12 5 10 8 0.00385009
34 6 11 7 8 4.07771e-05
34 7 8 6 11 2.83429e-05
34 8 6 11 7 7.60511e-05
34 11 7 8 6 8.12828e-48
34 4 11 8 9 1.35577e-45
34 8 9 4 11 0.00610127
34 9 4 11 8 0.00304862
34 11 8 9 4 1.64361e-45
34 6 8 9 8 0.00371636
34 8 6 8 9 0.013748
34 8 9 8 6 0.00894792
34 9 8 6 8 0.00569434
34 4 5 7 8 1.44301e-45
34 5 7 8 4 0.00576509
34 7 8 4 5 0.00479722
34 8 4 5 7 0.00587228
34 7 7 12 9 0.00473414
34 7 12 9 7 0.00522919
34 9 7 7 12 0.00303938
34 12 9 7 7 0.00221255
34 4 5 7 7 1.20806e-45
34 5 7 7 4 0.00573021
34 7 4 5 7 0.00345771
34 7 7 4 5 0.00357633
34 4 8 8 6 1.00027e-45
34 6 4 8 8 0.00318155
34 8 6 4 8 0.0127454
34 8 8 6 4 0.0181451
34 4 4 8 7 6.98945e-46
34 4 8 7 4 2.18887e-45
34 7 4 4 8 0.00519048
34 8 7 4 4 0.0173342
34 4 6 10 11 7.49937e-46
34 6 10 11 4 0.0104509
34 10 11 4 6 0.0233907
34 11 4 6 10 6.9829e-46
34 6 12 7 9 0.0107757
34 7 9 6 12 0.00591527
34 9 6 12 7 0.00388803
34 12 7 9 6 0.00127078
34 4 8 8 8 9.56671e-46
34 8 4 8 8 0.00507149
34 8 8 4 8 0.010101
34 8 8 8 4 0.0133772
34 4 12 6 8 2.5928e-45
34 6 8 4 12 0.00690847
34 8 4 12 6 0.00585661
34 12 6 8 4 0.00585186
34 7 9 8 8 6.73567e-05
34 8 7 9 8 5.90329e-05
34 8 8 7 9 0.000144759
34 9 8 8 7 4.69785e-05
34 4 8 8 7 8.83065e-46
34 7 4 8 8 0.00329253
34 8 7 4 8 0.00830275
34 8 8 7 4 0.0146603
34 5 5 10 9 0.00850685
34 5 10 9 5 0.00242898
34 9 5 5 10 0.00436051
34 10 9 5 5 0.016437
34 5 7 6 8 0.00311665
34 6 8 5 7 0.00387283
34 7 6 8 5 0.00319501
34 8 5 7 6 0.00840847
34 7 12 11 8 0.0078118
34 8 7 12 11 0.00269483
34 11 8 7 12 1.04217e-45
34 12 11 8 7 0.00175051
34 4 12 8 10 1.14526e-45
34 8 10 4 12 0.0117243
34 10 4 12 8 0.0116758
34 12 8 10 4 0.00499717
34 4 6 5 11 6.16981e-46
34 5 11 4 6 0.00415774
34 6 5 11 4 0.00954782
34 11 4 6 5 6.02513e-46
34 5 5 12 6 0.00526935
34 5 12 6 5 0.00657286
34 6 5 5 12 0.00746664
34 12 6 5 5 0.00253826
34 4 8 9 8 9.23085e-46
34 8 4 8 9 0.00900013
34 8 9 8 4 0.0186465
34 9 8 4 8 0.00690679
34 4 7 8 9 1.22378e-45
34 7 8 9 4 0.00734864
34 8 9 4 7 0.011397
34 9 4 7 8 0.00333268
34 4 7 5 7 8.9056e-46
34 5 7 4 7 0.00393009
34 7 4 7 5 0.00258172
34 7 5 7 4 0.0128126
35 2 0 3 10 0.0262569
35 2 0 1 11 0.0452232
35 2 0 3 5 0.0357767
35 3 0 3 9 0.0548
35 2 0 3 12 0.023359
35 3 0 2 6 0.0678237
35 3 0 3 5 0.0387203
35 2 0 3 6 0.0338844
35 1 0 2 8 0.0382176
35 2 0 2 7 0.0361084
35 1 0 2 4 0.0662641
35 3 0 2 8 0.0844616
35 2 0 3 4 0.032417
35 1 0 1 9 0.0414375
35 1 0 3 11 0.047309
35 2 0 1 10 0.0236661
35 3 0 1 12 0.0494528
35 3 0 2 5 0.0356869
35 1 0 2 7 0.034912
35 1 0 1 7 0.0325327
35 2 0 2 9 0.0471016
35 1 0 2 12 0.0237553
35 2 0 1 8 0.0401452
35 1 0 3 8 0.040688
36 3 10 2 0 0.052268
36 1 11 2 0 0.0356304
36 3 5 2 0 0.0483584
36 3 9 3 0 0.0500122
36 3 12 2 0 0.0387081
36 2 6 3 0 0.0685007
36 3 5 3 0 0.0449327
36 3 6 2 0 0.0503031
36 2 8 1 0 0.0277384
36 2 7 2 0 0.0341848
36 2 4 1 0 0.0569209
36 2 8 3 0 0.0693019
36 3 4 2 0 0.0462717
36 1 9 1 0 0.026735
36 3 11 1 0 0.0354183
36 1 10 2 0 0.0376511
36 1 12 3 0 0.0562275
36 2 5 3 0 0.032817
36 2 7 1 0 0.0251007
36 1 7 1 0 0.0235897
36 2 9 2 0 0.0396778
36 2 12 1 0 0.0236897
36 1 8 2 0 0.0386954
36 3 8 1 0 0.0372664
37 4 10 11 8 0.00549983
37 8 4 10 11 0.0064175
37 10 11 8 4 0.00252714
37 11 8 4 10 0.00424117
37 6 11 7 7 6.36317e-05
37 7 6 11 7 4.75403e-05
37 7 7 6 11 7.62191e-05
37 11 7 7 6 6.98448e-05
37 8 8 9 9 5.63144e-05
37 8 9 9 8 2.5522e-05
37 9 8 8 9 5.48877e-05
37 9 9 8 8 2.48754e-05
37 5 6 11 8 0.00449794
37 6 11 8 5 0.0105175
37 8 5 6 11 0.00888875
37 11 8 5 6 0.00460782
37 7 10 9 11 0.00271625
37 9 11 7 10 0.00776464
37 10 9 11 7 0.00113401
37 11 7 10 9 0.00617573
37 7 7 9 12 0.00668279
37 7 9 12 7 0.000907651
37 9 12 7 7 0.00159303
37 12 7 7 9 0.00418075
37 8 8 11 10 0.00629968
37 8 11 10 8 0.00637622
37 10 8 8 11 0.00207184
37 11 10 8 8 0.00296047
37 4 4 7 11 0.0103646
37 4 7 11 4 0.00684558
37 7 11 4 4 0.00485669
37 11 4 4 7 0.00415616
37 6 12 11 8 0.00357189
37 8 6 12 11 0.003366
37 11 8 6 12 0.00813884
37 12 11 8 6 0.0043264
37 8 12 11 10 0.00563959
37 10 8 12 11 0.00162333
37 11 10 8 12 0.00702414
37 12 11 10 8 0.00436309
37 6 12 8 7 0.00204247
37 7 6 12 8 0.00289011
37 8 7 6 12 0.0131421
37 12 8 7 6 0.00283973
37 8 8 9 12 0.00571051
37 8 9 12 8 0.00148937
37 9 12 8 8 0.00210004
37 12 8 8 9 0.00287004
37 6 10 8 10 0.00706926
37 8 10 6 10 0.0089374
37 10 6 10 8 0.00375545
37 10 8 10 6 0.00339438
37 4 4 8 8 0.00888317
37 4 8 8 4 0.00406044
37 8 4 4 8 0.00696145
37 8 8 4 4 0.00318203
37 6 8 9 9 0.00499919
37 8 9 9 6 0.00261483
37 9 6 8 9 0.00622163
37 9 9 6 8 0.00279183
37 5 9 9 10 0.00180761
37 9 9 10 5 0.00282419
37 9 10 5 9 0.00447758
37 10 5 9 9 0.00368209
37 6 7 6 11 0.00823459
37 6 11 6 7 0.00698244
37 7 6 11 6 0.00750544
37 11 6 7 6 0.00635304
37 4 10 7 8 0.00605067
37 7 8 4 10 0.00551231
37 8 4 10 7 0.00531255
37 10 7 8 4 0.00246718
37 6 9 7 8 0.00297572
37 7 8 6 9 0.00666887
37 8 6 9 7 0.00305253
37 9 7 8 6 0.00516396
37 4 5 4 6 0.0132422
37 4 6 4 5 0.0134597
37 5 4 6 4 0.00601557
37 6 4 5 4 0.00793047
37 4 11 10 9 0.0135034
37 9 4 11 10 0.00967975
37 10 9 4 11 0.00155835
37 11 10 9 4 0.00213332
37 5 12 7 12 0.00546666
37 7 12 5 12 0.0073198
37 12 5 12 7 0.00207236
37 12 7 12 5 0.00365601
37 4 5 5 6 0.01885
37 5 5 6 4 0.00734631
37 5 6 4 5 0.00900862
37 6 4 5 5 0.0194653
37 6 9 7 11 0.00262223
37 7 11 6 9 0.00956894
37 9 7 11 6 0.00539655
37 11 6 9 7 0.00216929
37 5 10 9 8 2.5892e-05
37 8 5 10 9 0.000113925
37 9 8 5 10 6.08642e-05
37 10 9 8 5 2.50967e-05
37 5 10 8 12 0.00628386
37 8 12 5 10 0.00571825
37 10 8 12 5 0.00254674
37 12 5 10 8 0.00457578
37 6 11 7 8 8.9173e-05
37 7 8 6 11 5.56232e-05
37 8 6 11 7 5.26179e-05
37 11 7 8 6 6.21045e-05
37 4 11 8 9 0.0107324
37 8 9 4 11 0.00234094
37 9 4 11 8 0.0056713
37 11 8 9 4 0.00180865
37 6 8 9 8 0.00361278
37 8 6 8 9 0.00803905
37 8 9 8 6 0.00329306
37 9 8 6 8 0.00445178
37 4 5 7 8 0.0109538
37 5 7 8 4 0.00334348
37 7 8 4 5 0.00633563
37 8 4 5 7 0.00634871
37 7 7 12 9 0.00391612
37 7 12 9 7 0.00133706
37 9 7 7 12 0.00825583
37 12 9 7 7 0.00100472
37 4 5 7 7 0.0077612
37 5 7 7 4 0.00373364
37 7 4 5 7 0.00569557
37 7 7 4 5 0.00862027
37 4 8 8 6 0.00696281
37 6 4 8 8 0.00782637
37 8 6 4 8 0.00603694
37 8 8 6 4 0.00452275
37 4 4 8 7 0.00695048
37 4 8 7 4 0.00500715
37 7 4 4 8 0.0068966
37 8 7 4 4 0.004781
37 4 6 10 11 0.00911222
37 6 10 11 4 0.00470447
37 10 11 4 6 0.00556049
37 11 4 6 10 0.0128041
37 6 12 7 9 0.00442505
37 7 9 6 12 0.0053985
37 9 6 12 7 0.00175493
37 12 7 9 6 0.0027293
37 4 8 8 8 0.00494324
37 8 4 8 8 0.00641261
37 8 8 4 8 0.00387385
37 8 8 8 4 0.00293116
37 4 12 6 8 0.00604767
37 6 8 4 12 0.0099354
37 8 4 12 6 0.00626821
37 12 6 8 4 0.00276841
37 7 9 8 8 2.80356e-05
37 8 7 9 8 5.38368e-05
37 8 8 7 9 7.7001e-05
37 9 8 8 7 2.73254e-05
37 4 8 8 7 0.00386177
37 7 4 8 8 0.00634306
37 8 7 4 8 0.00581147
37 8 8 7 4 0.00360899
37 5 5 10 9 0.00714132
37 5 10 9 5 0.00352932
37 9 5 5 10 0.00903051
37 10 9 5 5 0.00262201
37 5 7 6 8 0.00521791
37 6 8 5 7 0.00358221
37 7 6 8 5 0.00755608
37 8 5 7 6 0.00925344
37 7 12 11 8 0.00312624
37 8 7 12 11 0.0034992
37 11 8 7 12 0.00701344
37 12 11 8 7 0.00259128
37 4 12 8 10 0.0053567
37 8 10 4 12 0.00768867
37 10 4 12 8 0.00237211
37 12 8 10 4 0.00178976
37 4 6 5 11 0.00810008
37 5 11 4 6 0.00560522
37 6 5 11 4 0.00633514
37 11 4 6 5 0.0109468
37 5 5 12 6 0.00470315
37 5 12 6 5 0.00540792
37 6 5 5 12 0.0205675
37 12 6 5 5 0.00695832
37 4 8 9 8 0.00428618
37 8 4 8 9 0.00968965
37 8 9 8 4 0.00200728
37 9 8 4 8 0.00327384
37 4 7 8 9 0.00982643
37 7 8 9 4 0.0022046
37 8 9 4 7 0.00181742
37 9 4 7 8 0.00585144
37 4 7 5 7 0.00718083
37 5 7 4 7 0.00337634
37 7 4 7 5 0.0126298
37 7 5 7 4 0.00628387
38 4 10 11 8 0.0159254
38 8 4 10 11 6.06826e-46
38 10 11 8 4 1.07199e-45
38 11 8 4 10 0.000661022
38 6 11 7 7 1.43323e-47
38 7 6 11 7 0.000297625
38 7 7 6 11 4.76371e-05
38 11 7 7 6 7.37532e-05
38 8 8 9 9 1.52993e-05
38 8 9 9 8 5.79055e-05
38 9 8 8 9 2.69748e-05
38 9 9 8 8 0.000102096
38 5 6 11 8 0.0273366
38 6 11 8 5 1.21229e-45
38 8 5 6 11 0.00215819
38 11 8 5 6 0.00692889
38 7 10 9 11 0.00158722
38 9 11 7 10 1.2504e-45
38 10 9 11 7 0.0386069
38 11 7 10 9 7.88594e-46
38 7 7 9 12 0.00358754
38 7 9 12 7 7.65121e-46
38 9 12 7 7 9.54392e-46
38 12 7 7 9 0.00600913
38 8 8 11 10 0.00811187
38 8 11 10 8 8.7053e-89
38 10 8 8 11 0.00377291
38 11 10 8 8 0.00239633
38 4 4 7 11 0.0132678
38 4 7 11 4 0.0481705
38 7 11 4 4 1.11515e-46
38 11 4 4 7 0.00101145
38 6 12 11 8 4.84023e-45
38 8 6 12 11 1.39322e-45
38 11 8 6 12 0.00582727
38 12 11 8 6 1.122e-45
38 8 12 11 10 2.99176e-45
38 10 8 12 11 9.65588e-46
38 11 10 8 12 0.00421867
38 12 11 10 8 3.0392e-88
38 6 12 8 7 9.43416e-46
38 7 6 12 8 1.13513e-45
38 8 7 6 12 0.00438532
38 12 8 7 6 0.00489678
38 8 8 9 12 0.00221225
38 8 9 12 8 8.20674e-46
38 9 12 8 8 8.17146e-46
38 12 8 8 9 0.00295789
38 6 10 8 10 0.00406638
38 8 10 6 10 0.00227657
38 10 6 10 8 3.08394e-45
38 10 8 10 6 7.78472e-46
38 4 4 8 8 0.0081299
38 4 8 8 4 0.00605853
38 8 4 4 8 0.000491167
38 8 8 4 4 0.000366025
38 6 8 9 9 0.00294443
38 8 9 9 6 0.00446898
38 9 6 8 9 0.00824727
38 9 9 6 8 0.0110004
38 5 9 9 10 0.0051694
38 9 9 10 5 1.84788e-45
38 9 10 5 9 0.00351947
38 10 5 9 9 0.00208735
38 6 7 6 11 0.00971603
38 6 11 6 7 1.30636e-45
38 7 6 11 6 0.0265695
38 11 6 7 6 0.0149953
38 4 10 7 8 0.00518122
38 7 8 4 10 0.000381054
38 8 4 10 7 5.52973e-46
38 10 7 8 4 0.00726538
38 6 9 7 8 0.0125781
38 7 8 6 9 0.00148515
38 8 6 9 7 0.00572671
38 9 7 8 6 0.00443337
38 4 5 4 6 0.000902631
38 4 6 4 5 0.00480821
38 5 4 6 4 0.00537168
38 6 4 5 4 0.0213853
38 4 11 10 9 2.27347e-88
38 9 4 11 10 0.0301664
38 10 9 4 11 0.00225307
38 11 10 9 4 0.00376653
38 5 12 7 12 1.11351e-45
38 7 12 5 12 1.98109e-45
38 12 5 12 7 9.61481e-46
38 12 7 12 5 2.24882e-45
38 4 5 5 6 0.0139669
38 5 5 6 4 0.00355
38 5 6 4 5 0.00201669
38 6 4 5 5 0.0255012
38 6 9 7 11 0.0134138
38 7 11 6 9 3.7041e-46
38 9 7 11 6 0.0181071
38 11 6 9 7 0.0105371
38 5 10 9 8 1.61682e-05
38 8 5 10 9 2.50655e-48
38 9 8 5 10 9.68956e-05
38 10 9 8 5 0.000129302
38 5 10 8 12 0.00216479
38 8 12 5 10 1.54152e-45
38 10 8 12 5 9.86269e-46
38 12 5 10 8 9.87131e-46
38 6 11 7 8 1.5077e-47
38 7 8 6 11 2.88099e-05
38 8 6 11 7 0.000286851
38 11 7 8 6 5.67415e-05
38 4 11 8 9 8.93065e-46
38 8 9 4 11 0.000873171
38 9 4 11 8 0.0208247
38 11 8 9 4 0.00396531
38 6 8 9 8 0.00408933
38 8 6 8 9 0.00438001
38 8 9 8 6 0.00418468
38 9 8 6 8 0.00403657
38 4 5 7 8 0.00627015
38 5 7 8 4 0.00377243
38 7 8 4 5 0.000406598
38 8 4 5 7 0.00648655
38 7 7 12 9 3.58054e-46
38 7 12 9 7 4.39983e-46
38 9 7 7 12 0.00806895
38 12 9 7 7 0.0133144
38 4 5 7 7 0.00591836
38 5 7 7 4 0.00486883
38 7 4 5 7 0.00668266
38 7 7 4 5 0.000667561
38 4 8 8 6 0.00482548
38 6 4 8 8 0.00655226
38 8 6 4 8 0.00115491
38 8 8 6 4 0.00273367
38 4 4 8 7 0.00847408
38 4 8 7 4 0.00863484
38 7 4 4 8 0.00055879
38 8 7 4 4 0.000663623
38 4 6 10 11 5.5368e-45
38 6 10 11 4 0.0202099
38 10 11 4 6 2.00164e-46
38 11 4 6 10 0.0104312
38 6 12 7 9 9.22709e-46
38 7 9 6 12 0.00744974
38 9 6 12 7 1.94537e-45
38 12 7 9 6 0.00660866
38 4 8 8 8 0.00454786
38 8 4 8 8 0.00247638
38 8 8 4 8 0.000274758
38 8 8 8 4 0.00184543
38 4 12 6 8 2.20062e-45
38 6 8 4 12 0.00113355
38 8 4 12 6 5.95594e-46
38 12 6 8 4 0.0239858
38 7 9 8 8 5.43121e-05
38 8 7 9 8 3.39185e-05
38 8 8 7 9 1.79769e-05
38 9 8 8 7 3.43812e-05
38 4 8 8 7 0.00473306
38 7 4 8 8 0.00281296
38 8 7 4 8 0.000497381
38 8 8 7 4 0.00262611
38 5 5 10 9 2.33347e-46
38 5 10 9 5 0.00173648
38 9 5 5 10 0.0077393
38 10 9 5 5 0.0268292
38 5 7 6 8 0.00348502
38 6 8 5 7 0.0079764
38 7 6 8 5 0.00715889
38 8 5 7 6 0.0016836
38 7 12 11 8 2.24401e-45
38 8 7 12 11 6.47958e-46
38 11 8 7 12 0.00604532
38 12 11 8 7 1.18845e-45
38 4 12 8 10 1.72319e-45
38 8 10 4 12 0.000325852
38 10 4 12 8 1.1598e-45
38 12 8 10 4 1.1632e-45
38 4 6 5 11 0.0483115
38 5 11 4 6 7.73094e-47
38 6 5 11 4 0.0181925
38 11 4 6 5 0.00827937
38 5 5 12 6 3.59161e-46
38 5 12 6 5 9.71639e-46
38 6 5 5 12 0.0137316
38 12 6 5 5 0.05817
38 4 8 9 8 0.00530356
38 8 4 8 9 0.00194706
38 8 9 8 4 0.00549174
38 9 8 4 8 0.000564937
38 4 7 8 9 0.00567644
38 7 8 9 4 0.00214375
38 8 9 4 7 0.000746218
38 9 4 7 8 0.00635402
38 4 7 5 7 0.0210917
38 5 7 4 7 0.000571714
38 7 4 7 5 0.00510053
38 7 5 7 4 0.00282674
39 4 10 11 8 7.77466e-48
39 8 4 10 11 3.06523e-48
39 10 11 8 4 0.10651
39 11 8 4 10 1.18552e-47
39 6 11 7 7 0.000565149
39 7 6 11 7 6.46862e-50
39 7 7 6 11 2.96559e-50
39 11 7 7 6 8.64689e-50
39 8 8 9 9 2.16865e-50
39 8 9 9 8 3.42347e-50
39 9 8 8 9 2.76934e-50
39 9 9 8 8 4.37174e-50
39 5 6 11 8 7.20139e-48
39 6 11 8 5 0.079027
39 8 5 6 11 4.29979e-48
39 11 8 5 6 1.12562e-47
39 7 10 9 11 1.98332e-48
39 9 11 7 10 0.0673861
39 10 9 11 7 7.10606e-48
39 11 7 10 9 4.76256e-48
39 7 7 9 12 2.9635e-48
39 7 9 12 7 4.5668e-48
39 9 12 7 7 3.94008e-48
39 12 7 7 9 4.00998e-48
39 8 8 11 10 8.73841e-48
39 8 11 10 8 0.0465341
39 10 8 8 11 3.50623e-48
39 11 10 8 8 1.11371e-47
39 4 4 7 11 5.06689e-48
39 4 7 11 4 1.13037e-47
39 7 11 4 4 0.0857959
39 11 4 4 7 1.12591e-47
39 6 12 11 8 4.59598e-48
39 8 6 12 11 4.73552e-48
39 11 8 6 12 9.77953e-48
39 12 11 8 6 0.0860391
39 8 12 11 10 1.76493e-47
39 10 8 12 11 3.96442e-48
39 11 10 8 12 2.58854e-47
39 12 11 10 8 0.0657313
39 6 12 8 7 5.47213e-48
39 7 6 12 8 3.70181e-48
39 8 7 6 12 7.17875e-48
39 12 8 7 6 4.11559e-48
39 8 8 9 12 3.5486e-48
39 8 9 12 8 5.26244e-48
39 9 12 8 8 3.93783e-48
39 12 8 8 9 4.16459e-48
39 6 10 8 10 1.08215e-47
39 8 10 6 10 1.28195e-47
39 10 6 10 8 4.34379e-48
39 10 8 10 6 3.35274e-48
39 4 4 8 8 6.71896e-48
39 4 8 8 4 8.72752e-48
39 8 4 4 8 5.35953e-48
39 8 8 4 4 6.96171e-48
39 6 8 9 9 1.10509e-48
39 8 9 9 6 2.88061e-48
39 9 6 8 9 3.019e-48
39 9 9 6 8 2.63905e-48
39 5 9 9 10 5.67218e-48
39 9 9 10 5 3.4459e-48
39 9 10 5 9 4.86074e-48
39 10 5 9 9 2.10022e-48
39 6 7 6 11 2.30748e-48
39 6 11 6 7 0.0451804
39 7 6 11 6 4.69446e-48
39 11 6 7 6 8.4485e-48
39 4 10 7 8 7.35948e-48
39 7 8 4 10 6.23563e-48
39 8 4 10 7 5.17841e-48
39 10 7 8 4 9.18993e-48
39 6 9 7 8 3.08773e-48
39 7 8 6 9 2.00965e-48
39 8 6 9 7 3.3272e-48
39 9 7 8 6 3.15588e-48
39 4 5 4 6 8.46018e-48
39 4 6 4 5 1.26655e-47
39 5 4 6 4 1.02318e-47
39 6 4 5 4 1.12059e-47
39 4 11 10 9 0.0516011
39 9 4 11 10 7.29889e-48
39 10 9 4 11 4.89589e-48
39 11 10 9 4 9.46231e-48
39 5 12 7 12 1.7306e-47
39 7 12 5 12 1.94737e-47
39 12 5 12 7 1.13306e-47
39 12 7 12 5 1.25994e-47
39 4 5 5 6 1.78915e-47
39 5 5 6 4 1.4638e-47
39 5 6 4 5 1.6468e-47
39 6 4 5 5 1.42613e-47
39 6 9 7 11 2.38205e-48
39 7 11 6 9 0.0292123
39 9 7 11 6 2.82984e-48
39 11 6 9 7 4.65683e-48
39 5 10 9 8 4.53983e-50
39 8 5 10 9 4.42036e-50
39 9 8 5 10 9.21155e-50
39 10 9 8 5 1.14476e-49
39 5 10 8 12 1.97013e-47
39 8 12 5 10 2.72027e-47
39 10 8 12 5 7.92776e-48
39 12 5 10 8 6.03718e-48
39 6 11 7 8 0.000443295
39 7 8 6 11 2.41723e-50
39 8 6 11 7 8.98262e-50
39 11 7 8 6 1.04143e-49
39 4 11 8 9 0.0659193
39 8 9 4 11 4.40536e-48
39 9 4 11 8 3.06299e-48
39 11 8 9 4 4.86314e-48
39 6 8 9 8 1.31553e-48
39 8 6 8 9 5.43469e-48
39 8 9 8 6 6.62192e-48
39 9 8 6 8 1.99009e-48
39 4 5 7 8 7.16565e-48
39 5 7 8 4 1.24996e-47
39 7 8 4 5 5.72839e-48
39 8 4 5 7 1.29735e-47
39 7 7 12 9 2.83479e-48
39 7 12 9 7 2.72495e-48
39 9 7 7 12 4.44304e-48
39 12 9 7 7 6.69827e-48
39 4 5 7 7 9.07085e-48
39 5 7 7 4 1.0305e-47
39 7 4 5 7 9.27661e-48
39 7 7 4 5 6.97827e-48
39 4 8 8 6 5.71107e-48
39 6 4 8 8 3.93963e-48
39 8 6 4 8 5.90216e-48
39 8 8 6 4 6.06215e-48
39 4 4 8 7 9.39244e-48
39 4 8 7 4 7.94565e-48
39 7 4 4 8 4.23197e-48
39 8 7 4 4 9.36516e-48
39 4 6 10 11 4.76711e-48
39 6 10 11 4 9.52529e-48
39 10 11 4 6 0.0785146
39 11 4 6 10 1.66063e-47
39 6 12 7 9 2.97405e-48
39 7 9 6 12 5.55103e-48
39 9 6 12 7 3.61658e-48
39 12 7 9 6 2.62801e-48
39 4 8 8 8 4.93691e-48
39 8 4 8 8 5.62342e-48
39 8 8 4 8 3.93804e-48
39 8 8 8 4 7.30448e-48
39 4 12 6 8 7.32946e-48
39 6 8 4 12 5.6794e-48
39 8 4 12 6 6.51459e-48
39 12 6 8 4 1.36964e-47
39 7 9 8 8 5.47123e-50
39 8 7 9 8 3.0577e-50
39 8 8 7 9 3.99604e-50
39 9 8 8 7 4.05751e-50
39 4 8 8 7 6.89064e-48
39 7 4 8 8 4.43347e-48
39 8 7 4 8 5.28941e-48
39 8 8 7 4 6.63981e-48
39 5 5 10 9 4.64277e-48
39 5 10 9 5 6.90543e-48
39 9 5 5 10 1.21257e-47
39 10 9 5 5 1.55994e-47
39 5 7 6 8 4.87521e-48
39 6 8 5 7 5.54834e-48
39 7 6 8 5 7.484e-48
39 8 5 7 6 5.76386e-48
39 7 12 11 8 5.58537e-48
39 8 7 12 11 4.583e-48
39 11 8 7 12 1.15673e-47
39 12 11 8 7 0.112105
39 4 12 8 10 1.68515e-47
39 8 10 4 12 1.26304e-47
39 10 4 12 8 5.01147e-48
39 12 8 10 4 5.72812e-48
39 4 6 5 11 8.88382e-48
39 5 11 4 6 0.0794358
39 6 5 11 4 6.89873e-48
39 11 4 6 5 1.13477e-47
39 5 5 12 6 9.59465e-48
39 5 12 6 5 1.42081e-47
39 6 5 5 12 1.54967e-47
39 12 6 5 5 2.32814e-47
39 4 8 9 8 2.34515e-48
39 8 4 8 9 5.15836e-48
39 8 9 8 4 1.05774e-47
39 9 8 4 8 2.38882e-48
39 4 7 8 9 5.33411e-48
39 7 8 9 4 2.39892e-48
39 8 9 4 7 6.97978e-48
39 9 4 7 8 2.71918e-48
39 4 7 5 7 1.49627e-47
39 5 7 4 7 9.19941e-48
39 7 4 7 5 7.27259e-48
39 7 5 7 4 8.17528e-48
40 7 8 6 11 1
41 4 10 11 8 0.0382612
41 8 4 10 11 4.80984e-48
41 10 11 8 4 4.48494e-48
41 11 8 4 10 7.19397e-48
41 6 11 7 7 4.13445e-50
41 7 6 11 7 5.81821e-50
41 7 7 6 11 3.4286e-50
41 11 7 7 6 3.60714e-50
41 8 8 9 9 4.84365e-50
41 8 9 9 8 0.00021432
41 9 8 8 9 3.50921e-50
41 9 9 8 8 0.000155274
41 5 6 11 8 0.0547015
41 6 11 8 5 5.36833e-48
41 8 5 6 11 5.99299e-48
41 11 8 5 6 6.17633e-48
41 7 10 9 11 2.34325e-48
41 9 11 7 10 3.66153e-48
41 10 9 11 7 3.41623e-48
41 11 7 10 9 3.61347e-48
41 7 7 9 12 2.35881e-48
41 7 9 12 7 2.33163e-48
41 9 12 7 7 1.19345e-48
41 12 7 7 9 1.87374e-48
41 8 8 11 10 8.9406e-48
41 8 11 10 8 0.0408368
41 10 8 8 11 4.55031e-48
41 11 10 8 8 0.0218149
41 4 4 7 11 5.40538e-48
41 4 7 11 4 7.26891e-48
41 7 11 4 4 6.25461e-48
41 11 4 4 7 5.62956e-48
41 6 12 11 8 0.0259491
41 8 6 12 11 8.21581e-48
41 11 8 6 12 4.94741e-48
41 12 11 8 6 4.4397e-48
41 8 12 11 10 7.31125e-48
41 10 8 12 11 7.59649e-48
41 11 10 8 12 4.74937e-48
41 12 11 10 8 0.0351106
41 6 12 8 7 1.95511e-48
41 7 6 12 8 0.0289119
41 8 7 6 12 3.60295e-48
41 12 8 7 6 2.40273e-48
41 8 8 9 12 4.3629e-48
41 8 9 12 8 0.0262807
41 9 12 8 8 0.0118728
41 12 8 8 9 3.05888e-48
41 6 10 8 10 3.3801e-48
41 8 10 6 10 3.8394e-48
41 10 6 10 8 0.0281726
41 10 8 10 6 4.01247e-48
41 4 4 8 8 0.0338054
41 4 8 8 4 5.21216e-48
41 8 4 4 8 0.039017
41 8 8 4 4 6.0157e-48
41 6 8 9 9 2.96087e-48
41 8 9 9 6 2.51847e-48
41 9 6 8 9 2.89533e-48
41 9 9 6 8 0.0107815
41 5 9 9 10 2.69839e-48
41 9 9 10 5 1.65053e-48
41 9 10 5 9 2.15008e-48
41 10 5 9 9 3.06028e-48
41 6 7 6 11 3.24708e-48
41 6 11 6 7 3.92554e-48
41 7 6 11 6 5.68472e-48
41 11 6 7 6 4.06071e-48
41 4 10 7 8 0.0213982
41 7 8 4 10 5.63243e-48
41 8 4 10 7 3.85005e-48
41 10 7 8 4 2.96951e-48
41 6 9 7 8 0.0121334
41 7 8 6 9 2.74916e-48
41 8 6 9 7 3.42854e-48
41 9 7 8 6 2.15589e-48
41 4 5 4 6 9.74441e-48
41 4 6 4 5 9.44925e-48
41 5 4 6 4 4.18059e-48
41 6 4 5 4 4.6279e-48
41 4 11 10 9 7.81976e-48
41 9 4 11 10 5.48244e-48
41 10 9 4 11 4.44981e-48
41 11 10 9 4 2.8468e-48
41 5 12 7 12 3.8919e-48
41 7 12 5 12 4.31931e-48
41 12 5 12 7 5.8463e-48
41 12 7 12 5 4.92044e-48
41 4 5 5 6 1.17436e-47
41 5 5 6 4 6.67681e-48
41 5 6 4 5 1.04527e-47
41 6 4 5 5 6.62081e-48
41 6 9 7 11 2.0493e-48
41 7 11 6 9 3.42076e-48
41 9 7 11 6 3.16888e-48
41 11 6 9 7 3.17727e-48
41 5 10 9 8 0.00021462
41 8 5 10 9 6.01847e-50
41 9 8 5 10 5.05203e-50
41 10 9 8 5 3.01923e-50
41 5 10 8 12 4.71353e-48
41 8 12 5 10 5.75238e-48
41 10 8 12 5 6.47272e-48
41 12 5 10 8 0.0294024
41 6 11 7 8 0.000312635
41 7 8 6 11 4.25443e-50
41 8 6 11 7 8.19773e-50
41 11 7 8 6 4.48579e-50
41 4 11 8 9 6.91008e-48
41 8 9 4 11 4.79005e-48
41 9 4 11 8 0.02614
41 11 8 9 4 3.50725e-48
41 6 8 9 8 0.0207136
41 8 6 8 9 4.96343e-48
41 8 9 8 6 3.12793e-48
41 9 8 6 8 0.0170462
41 4 5 7 8 0.0389795
41 5 7 8 4 4.17176e-48
41 7 8 4 5 5.48408e-48
41 8 4 5 7 5.58306e-48
41 7 7 12 9 3.26986e-48
41 7 12 9 7 1.48049e-48
41 9 7 7 12 1.97161e-48
41 12 9 7 7 1.38538e-48
41 4 5 7 7 5.11845e-48
41 5 7 7 4 3.33093e-48
41 7 4 5 7 3.93451e-48
41 7 7 4 5 4.38835e-48
41 4 8 8 6 5.73987e-48
41 6 4 8 8 0.0234307
41 8 6 4 8 0.0465141
41 8 8 6 4 4.10348e-48
41 4 4 8 7 4.90199e-48
41 4 8 7 4 4.59567e-48
41 7 4 4 8 0.0303638
41 8 7 4 4 5.31579e-48
41 4 6 10 11 8.21787e-48
41 6 10 11 4 4.59833e-48
41 10 11 4 6 8.16971e-48
41 11 4 6 10 5.51879e-48
41 6 12 7 9 1.68815e-48
41 7 9 6 12 1.99373e-48
41 9 6 12 7 3.12183e-48
41 12 7 9 6 1.92606e-48
41 4 8 8 8 0.0355291
41 8 4 8 8 0.0278802
41 8 8 4 8 0.0410064
41 8 8 8 4 4.29861e-48
41 4 12 6 8 0.0245651
41 6 8 4 12 6.64523e-48
41 8 4 12 6 6.65994e-48
41 12 6 8 4 3.71307e-48
41 7 9 8 8 0.000182385
41 8 7 9 8 0.000263631
41 8 8 7 9 4.67012e-50
41 9 8 8 7 3.13428e-50
41 4 8 8 7 5.14397e-48
41 7 4 8 8 0.0216634
41 8 7 4 8 0.0361794
41 8 8 7 4 3.78431e-48
41 5 5 10 9 5.45769e-48
41 5 10 9 5 3.04533e-48
41 9 5 5 10 5.1904e-48
41 10 9 5 5 3.44271e-48
41 5 7 6 8 0.0225531
41 6 8 5 7 4.09692e-48
41 7 6 8 5 3.69296e-48
41 8 5 7 6 4.3148e-48
41 7 12 11 8 0.0259088
41 8 7 12 11 6.90103e-48
41 11 8 7 12 4.92717e-48
41 12 11 8 7 4.29671e-48
41 4 12 8 10 4.32167e-48
41 8 10 4 12 5.13925e-48
41 10 4 12 8 0.0306651
41 12 8 10 4 2.9662e-48
41 4 6 5 11 8.86438e-48
41 5 11 4 6 8.53735e-48
41 6 5 11 4 6.23076e-48
41 11 4 6 5 3.99701e-48
41 5 5 12 6 9.45408e-48
41 5 12 6 5 3.77926e-48
41 6 5 5 12 8.06461e-48
41 12 6 5 5 5.93688e-48
41 4 8 9 8 0.0312376
41 8 4 8 9 4.35183e-48
41 8 9 8 4 2.9689e-48
41 9 8 4 8 0.0261205
41 4 7 8 9 4.2908e-48
41 7 8 9 4 2.57525e-48
41 8 9 4 7 3.59585e-48
41 9 4 7 8 0.0137105
41 4 7 5 7 6.1396e-48
41 5 7 4 7 5.63543e-48
41 7 4 7 5 3.21052e-48
41 7 5 7 4 3.5841e-48
42 4 10 11 8 0.00741466
42 8 4 10 11 0.00463336
42 10 11 8 4 0.0104682
42 11 8 4 10 0.00995441
42 6 11 7 7 1.35996e-05
42 7 6 11 7 1.21342e-05
42 7 7 6 11 2.4853e-05
42 11 7 7 6 2.07962e-05
42 8 8 9 9 2.15906e-05
42 8 9 9 8 1.94791e-05
42 9 8 8 9 1.71967e-05
42 9 9 8 8 1.5515e-05
42 5 6 11 8 0.0021822
42 6 11 8 5 0.00213455
42 8 5 6 11 0.0031672
42 11 8 5 6 0.00274001
42 7 10 9 11 0.0017393
42 9 11 7 10 0.00204437
42 10 9 11 7 0.00234445
42 11 7 10 9 0.00316551
42 7 7 9 12 0.00247407
42 7 9 12 7 0.00127036
42 9 12 7 7 0.000719118
42 12 7 7 9 0.00178475
42 8 8 11 10 0.00415963
42 8 11 10 8 0.00439285
42 10 8 8 11 0.00384392
42 11 10 8 8 0.00221528
42 4 4 7 11 0.00404666
42 4 7 11 4 0.0167175
42 7 11 4 4 0.0121516
42 11 4 4 7 0.00463587
42 6 12 11 8 0.00387419
42 8 6 12 11 0.00431232
42 11 8 6 12 0.00678273
42 12 11 8 6 0.00681961
42 8 12 11 10 0.00601932
42 10 8 12 11 0.0110876
42 11 10 8 12 0.00568415
42 12 11 10 8 0.0117306
42 6 12 8 7 0.00187499
42 7 6 12 8 0.00284007
42 8 7 6 12 0.00610433
42 12 8 7 6 0.00396034
42 8 8 9 12 0.00406549
42 8 9 12 8 0.00303653
42 9 12 8 8 0.00182621
42 12 8 8 9 0.00311587
42 6 10 8 10 0.00743587
42 8 10 6 10 0.00938596
42 10 6 10 8 0.0113414
42 10 8 10 6 0.0181494
42 4 4 8 8 0.00604156
42 4 8 8 4 0.0136901
42 8 4 4 8 0.00705964
42 8 8 4 4 0.0159971
42 6 8 9 9 0.00253298
42 8 9 9 6 0.00258747
42 9 6 8 9 0.00142743
42 9 9 6 8 0.00229755
42 5 9 9 10 0.00234117
42 9 9 10 5 0.00192016
42 9 10 5 9 0.0014115
42 10 5 9 9 0.00313178
42 6 7 6 11 0.0046501
42 6 11 6 7 0.00341239
42 7 6 11 6 0.00276089
42 11 6 7 6 0.00203273
42 4 10 7 8 0.00442844
42 7 8 4 10 0.00807503
42 8 4 10 7 0.00346836
42 10 7 8 4 0.0106783
42 6 9 7 8 0.00125672
42 7 8 6 9 0.00186802
42 8 6 9 7 0.00132382
42 9 7 8 6 0.00245445
42 4 5 4 6 0.0298456
42 4 6 4 5 0.0148633
42 5 4 6 4 0.0115758
42 6 4 5 4 0.00919886
42 4 11 10 9 0.0112285
42 9 4 11 10 0.00494517
42 10 9 4 11 0.0103583
42 11 10 9 4 0.00749254
42 5 12 7 12 0.00343713
42 7 12 5 12 0.00366291
42 12 5 12 7 0.00727024
42 12 7 12 5 0.00842808
42 4 5 5 6 0.0107965
42 5 5 6 4 0.0116929
42 5 6 4 5 0.00626361
42 6 4 5 5 0.00326797
42 6 9 7 11 0.00110174
42 7 11 6 9 0.00174811
42 9 7 11 6 0.00272634
42 11 6 9 7 0.00115023
42 5 10 9 8 2.84967e-05
42 8 5 10 9 3.98268e-05
42 9 8 5 10 3.34399e-05
42 10 9 8 5 2.67477e-05
42 5 10 8 12 0.00542707
42 8 12 5 10 0.00450929
42 10 8 12 5 0.00861882
42 12 5 10 8 0.0107189
42 6 11 7 8 2.11852e-05
42 7 8 6 11 2.66156e-05
42 8 6 11 7 1.75995e-05
42 11 7 8 6 3.20461e-05
42 4 11 8 9 0.00403557
42 8 9 4 11 0.00398565
42 9 4 11 8 0.00222789
42 11 8 9 4 0.00495794
42 6 8 9 8 0.00314312
42 8 6 8 9 0.0016377
42 8 9 8 6 0.00236448
42 9 8 6 8 0.00316002
42 4 5 7 8 0.00355567
42 5 7 8 4 0.00483672
42 7 8 4 5 0.00351795
42 8 4 5 7 0.00147189
42 7 7 12 9 0.00208562
42 7 12 9 7 0.000976751
42 9 7 7 12 0.00188867
42 12 9 7 7 0.0011272
42 4 5 7 7 0.00226641
42 5 7 7 4 0.00311661
42 7 4 5 7 0.00100765
42 7 7 4 5 0.00326178
42 4 8 8 6 0.00893685
42 6 4 8 8 0.00339426
42 8 6 4 8 0.00652561
42 8 8 6 4 0.00970844
42 4 4 8 7 0.00425255
42 4 8 7 4 0.00974142
42 7 4 4 8 0.00533703
42 8 7 4 4 0.016379
42 4 6 10 11 0.0145331
42 6 10 11 4 0.0137743
42 10 11 4 6 0.0270961
42 11 4 6 10 0.00881554
42 6 12 7 9 0.00151747
42 7 9 6 12 0.00325549
42 9 6 12 7 0.00228964
42 12 7 9 6 0.00619494
42 4 8 8 8 0.00489365
42 8 4 8 8 0.00210442
42 8 8 4 8 0.0057183
42 8 8 8 4 0.00476859
42 4 12 6 8 0.0127694
42 6 8 4 12 0.0209605
42 8 4 12 6 0.00981824
42 12 6 8 4 0.0128707
42 7 9 8 8 1.18482e-05
42 8 7 9 8 2.41515e-05
42 8 8 7 9 1.23608e-05
42 9 8 8 7 1.32245e-05
42 4 8 8 7 0.00343924
42 7 4 8 8 0.00158847
42 8 7 4 8 0.00584579
42 8 8 7 4 0.00338793
42 5 5 10 9 0.00325763
42 5 10 9 5 0.00191475
42 9 5 5 10 0.00281936
42 10 9 5 5 0.00219453
42 5 7 6 8 0.00292438
42 6 8 5 7 0.00159761
42 7 6 8 5 0.00099424
42 8 5 7 6 0.00187912
42 7 12 11 8 0.00195794
42 8 7 12 11 0.00417175
42 11 8 7 12 0.00255608
42 12 11 8 7 0.00283415
42 4 12 8 10 0.0111478
42 8 10 4 12 0.0157256
42 10 4 12 8 0.0111883
42 12 8 10 4 0.0251278
42 4 6 5 11 0.00458767
42 5 11 4 6 0.00912932
42 6 5 11 4 0.00822665
42 11 4 6 5 0.00285678
42 5 5 12 6 0.00795103
42 5 12 6 5 0.00354399
42 6 5 5 12 0.00626595
42 12 6 5 5 0.00367702
42 4 8 9 8 0.00584771
42 8 4 8 9 0.0018519
42 8 9 8 4 0.00378599
42 9 8 4 8 0.00544254
42 4 7 8 9 0.00386067
42 7 8 9 4 0.00377187
42 8 9 4 7 0.00279804
42 9 4 7 8 0.0012479
42 4 7 5 7 0.00342233
42 5 7 4 7 0.00398682
42 7 4 7 5 0.000899641
42 7 5 7 4 0.00255796
43 4 10 11 8 0.0130242
43 8 4 10 11 0.0044607
43 10 11 8 4 0.00443155
43 11 8 4 10 0.00564071
43 6 11 7 7 4.30745e-05
43 7 6 11 7 6.63479e-05
43 7 7 6 11 4.36121e-05
43 11 7 7 6 4.6796e-05
43 8 8 9 9 2.54915e-05
43 8 9 9 8 7.30218e-05
43 9 8 8 9 3.77577e-05
43 9 9 8 8 0.000108159
43 5 6 11 8 0.00865956
43 6 11 8 5 0.00644602
43 8 5 6 11 0.00955532
43 11 8 5 6 0.0056063
43 7 10 9 11 0.00557172
43 9 11 7 10 0.00326961
43 10 9 11 7 0.00857437
43 11 7 10 9 0.00240717
43 7 7 9 12 0.00108483
43 7 9 12 7 0.002551
43 9 12 7 7 0.00665213
43 12 7 7 9 0.00210392
43 8 8 11 10 0.00557794
43 8 11 10 8 0.00479186
43 10 8 8 11 0.00931133
43 11 10 8 8 0.0137921
43 4 4 7 11 0.00696374
43 4 7 11 4 0.00519963
43 7 11 4 4 0.00318774
43 11 4 4 7 0.00517145
43 6 12 11 8 0.0131436
43 8 6 12 11 0.00573667
43 11 8 6 12 0.00377507
43 12 11 8 6 0.0055088
43 8 12 11 10 0.0132565
43 10 8 12 11 0.00568412
43 11 10 8 12 0.00901469
43 12 11 10 8 0.00672961
43 6 12 8 7 0.00880127
43 7 6 12 8 0.0030517
43 8 7 6 12 0.00196634
43 12 8 7 6 0.00427044
43 8 8 9 12 0.00211269
43 8 9 12 8 0.00471823
43 9 12 8 8 0.0113784
43 12 8 8 9 0.00378927
43 6 10 8 10 0.0074947
43 8 10 6 10 0.00641079
43 10 6 10 8 0.00753827
43 10 8 10 6 0.00424054
43 4 4 8 8 0.00652161
43 4 8 8 4 0.00605577
43 8 4 4 8 0.00468504
43 8 8 4 4 0.00435039
43 6 8 9 9 0.00175256
43 8 9 9 6 0.00409251
43 9 6 8 9 0.00376178
43 9 9 6 8 0.00636058
43 5 9 9 10 0.00313141
43 9 9 10 5 0.00567775
43 9 10 5 9 0.00309101
43 10 5 9 9 0.0024811
43 6 7 6 11 0.00451672
43 6 11 6 7 0.00352894
43 7 6 11 6 0.00521786
43 11 6 7 6 0.00688861
43 4 10 7 8 0.0107238
43 7 8 4 10 0.00351796
43 8 4 10 7 0.00310972
43 10 7 8 4 0.00395414
43 6 9 7 8 0.0065764
43 7 8 6 9 0.0018161
43 8 6 9 7 0.00395684
43 9 7 8 6 0.00313113
43 4 5 4 6 0.00870171
43 4 6 4 5 0.0120294
43 5 4 6 4 0.00265706
43 6 4 5 4 0.0029281
43 4 11 10 9 0.00312168
43 9 4 11 10 0.00386292
43 10 9 4 11 0.0124828
43 11 10 9 4 0.00598795
43 5 12 7 12 0.00655397
43 7 12 5 12 0.00571343
43 12 5 12 7 0.00572518
43 12 7 12 5 0.00422836
43 4 5 5 6 0.0102481
43 5 5 6 4 0.00634627
43 5 6 4 5 0.010797
43 6 4 5 5 0.00585701
43 6 9 7 11 0.00755691
43 7 11 6 9 0.0015485
43 9 7 11 6 0.00306843
43 11 6 9 7 0.00473429
43 5 10 9 8 6.16996e-05
43 8 5 10 9 4.00322e-05
43 9 8 5 10 4.2537e-05
43 10 9 8 5 0.000128581
43 5 10 8 12 0.00586229
43 8 12 5 10 0.00992153
43 10 8 12 5 0.0047718
43 12 5 10 8 0.00979048
43 6 11 7 8 5.49696e-05
43 7 8 6 11 5.86025e-05
43 8 6 11 7 9.08949e-05
43 11 7 8 6 5.92888e-05
43 4 11 8 9 0.00374427
43 8 9 4 11 0.0103841
43 9 4 11 8 0.00457477
43 11 8 9 4 0.00350159
43 6 8 9 8 0.00375759
43 8 6 8 9 0.00454544
43 8 9 8 6 0.00732456
43 9 8 6 8 0.00476076
43 4 5 7 8 0.0110383
43 5 7 8 4 0.00363172
43 7 8 4 5 0.00570296
43 8 4 5 7 0.0038819
43 7 7 12 9 0.000861214
43 7 12 9 7 0.00422929
43 9 7 7 12 0.00176922
43 12 9 7 7 0.00646185
43 4 5 7 7 0.00858859
43 5 7 7 4 0.00284623
43 7 4 5 7 0.00281355
43 7 7 4 5 0.00421419
43 4 8 8 6 0.00663439
43 6 4 8 8 0.00487578
43 8 6 4 8 0.00847248
43 8 8 6 4 0.00387272
43 4 4 8 7 0.00560349
43 4 8 7 4 0.00524097
43 7 4 4 8 0.00374979
43 8 7 4 4 0.00354998
43 4 6 10 11 0.0120543
43 6 10 11 4 0.00809465
43 10 11 4 6 0.00521177
43 11 4 6 10 0.00449536
43 6 12 7 9 0.00410753
43 7 9 6 12 0.00255982
43 9 6 12 7 0.00269341
43 12 7 9 6 0.00223496
43 4 8 8 8 0.00861032
43 8 4 8 8 0.00515848
43 8 8 4 8 0.00618554
43 8 8 8 4 0.00479002
43 4 12 6 8 0.0146535
43 6 8 4 12 0.00338458
43 8 4 12 6 0.00214902
43 12 6 8 4 0.00816094
43 7 9 8 8 9.20964e-05
43 8 7 9 8 3.92676e-05
43 8 8 7 9 3.47643e-05
43 9 8 8 7 6.12421e-05
43 4 8 8 7 0.00738672
43 7 4 8 8 0.00412235
43 8 7 4 8 0.00503969
43 8 8 7 4 0.00413912
43 5 5 10 9 0.00307114
43 5 10 9 5 0.00586847
43 9 5 5 10 0.0052026
43 10 9 5 5 0.00929842
43 5 7 6 8 0.00346847
43 6 8 5 7 0.00402465
43 7 6 8 5 0.00714561
43 8 5 7 6 0.00558917
43 7 12 11 8 0.0120005
43 8 7 12 11 0.00368501
43 11 8 7 12 0.00435715
43 12 11 8 7 0.00662359
43 4 12 8 10 0.0122545
43 8 10 4 12 0.00490327
43 10 4 12 8 0.00268468
43 12 8 10 4 0.00397758
43 4 6 5 11 0.011193
43 5 11 4 6 0.00356064
43 6 5 11 4 0.00619777
43 11 4 6 5 0.00542072
43 5 5 12 6 0.0038596
43 5 12 6 5 0.0122612
43 6 5 5 12 0.00477851
43 12 6 5 5 0.0115706
43 4 8 9 8 0.00525342
43 8 4 8 9 0.00262724
43 8 9 8 4 0.0069883
43 9 8 4 8 0.00558997
43 4 7 8 9 0.00313322
43 7 8 9 4 0.00204809
43 8 9 4 7 0.0067891
43 9 4 7 8 0.00353258
43 4 7 5 7 0.00516341
43 5 7 4 7 0.00393509
43 7 4 7 5 0.00401962
43 7 5 7 4 0.00479966
44 2 0 3 10 0.0505129
44 2 0 1 11 0.0378911
44 2 0 3 5 0.0394865
44 3 0 3 9 0.0406357
44 2 0 3 12 0.0383068
44 3 0 2 6 0.0858577
44 3 0 3 5 0.0343493
44 2 0 3 6 0.052508
44 1 0 2 8 0.025598
44 2 0 2 7 0.0333267
44 1 0 2 4 0.061031
44 3 0 2 8 0.0694875
44 2 0 3 4 0.044893
44 1 0 1 9 0.0271352
44 1 0 3 11 0.0239126
44 2 0 1 10 0.049386
44 3 0 1 12 0.0707068
44 3 0 2 5 0.0321758
44 1 0 2 7 0.0210855
44 1 0 1 7 0.0209704
44 2 0 2 9 0.0441646
44 1 0 2 12 0.0259088
44 2 0 1 8 0.0438558
44 1 0 3 8 0.0268143
45 3 10 2 0 0.0508169
45 1 11 2 0 0.0283507
45 3 5 2 0 0.0374056
45 3 9 3 0 0.0301499
45 3 12 2 0 0.0438454
45 2 6 3 0 0.0951843
45 3 5 3 0 0.0411776
45 3 6 2 0 0.0435312
45 2 8 1 0 0.0262871
45 2 7 2 0 0.0414398
45 2 4 1 0 0.0445616
45 2 8 3 0 0.0850143
45 3 4 2 0 0.0292029
45 1 9 1 0 0.0163805
45 3 11 1 0 0.0196064
45 1 10 2 0 0.0481586
45 1 12 3 0 0.0992726
45 2 5 3 0 0.0407595
45 2 7 1 0 0.0278495
45 1 7 1 0 0.0254067
45 2 9 2 0 0.0273623
45 2 12 1 0 0.0332859
45 1 8 2 0 0.0388924
45 3 8 1 0 0.0260584
46 4 10 11 8 0.00719223
46 8 4 10 11 0.00231295
46 10 11 8 4 0.00170268
46 11 8 4 10 0.00414661
46 6 11 7 7 2.53176e-05
46 7 6 11 7 4.27691e-48
46 7 7 6 11 8.06772e-06
46 11 7 7 6 3.53969e-05
46 8 8 9 9 7.81451e-05
46 8 9 9 8 8.61352e-05
46 9 8 8 9 3.73538e-05
46 9 9 8 8 4.11731e-05
46 5 6 11 8 7.66797e-46
46 6 11 8 5 0.00382235
46 8 5 6 11 0.00187547
46 11 8 5 6 0.00808512
46 7 10 9 11 0.00781094
46 9 11 7 10 0.00256154
46 10 9 11 7 0.00277525
46 11 7 10 9 0.00109419
46 7 7 9 12 0.0043239
46 7 9 12 7 0.00605205
46 9 12 7 7 0.00370196
46 12 7 7 9 0.00243568
46 8 8 11 10 0.00334161
46 8 11 10 8 0.00111583
46 10 8 8 11 0.00270033
46 11 10 8 8 0.00739404
46 4 4 7 11 0.00957392
46 4 7 11 4 0.00145433
46 7 11 4 4 0.00194426
46 11 4 4 7 0.0057474
46 6 12 11 8 0.00636929
46 8 6 12 11 1.12628e-45
46 11 8 6 12 0.00305342
46 12 11 8 6 0.00320666
46 8 12 11 10 0.00951244
46 10 8 12 11 0.00696611
46 11 10 8 12 0.0172712
46 12 11 10 8 0.00126732
46 6 12 8 7 0.00483848
46 7 6 12 8 1.23928e-45
46 8 7 6 12 0.00152576
46 12 8 7 6 0.00433254
46 8 8 9 12 0.00834038
46 8 9 12 8 0.00966588
46 9 12 8 8 0.00485864
46 12 8 8 9 0.00386078
46 6 10 8 10 0.0100792
46 8 10 6 10 0.00467812
46 10 6 10 8 3.24999e-46
46 10 8 10 6 0.00212074
46 4 4 8 8 0.00935099
46 4 8 8 4 0.0028962
46 8 4 4 8 0.00752868
46 8 8 4 4 0.0023318
46 6 8 9 9 0.00622628
46 8 9 9 6 0.00892888
46 9 6 8 9 5.934e-46
46 9 9 6 8 0.0015226
46 5 9 9 10 0.0100836
46 9 9 10 5 0.00170052
46 9 10 5 9 0.00986737
46 10 5 9 9 0.0081096
46 6 7 6 11 0.00072942
46 6 11 6 7 0.000873046
46 7 6 11 6 7.13155e-46
46 11 6 7 6 1.09241e-45
46 4 10 7 8 0.0115054
46 7 8 4 10 0.0043304
46 8 4 10 7 0.00219168
46 10 7 8 4 0.00134798
46 6 9 7 8 0.00551981
46 7 8 6 9 0.00191001
46 8 6 9 7 6.07987e-46
46 9 7 8 6 0.00157022
46 4 5 4 6 0.00989356
46 4 6 4 5 1.44718e-45
46 5 4 6 4 0.00355987
46 6 4 5 4 0.00984565
46 4 11 10 9 0.00214228
46 9 4 11 10 0.00540445
46 10 9 4 11 0.00460081
46 11 10 9 4 0.00774846
46 5 12 7 12 0.0302695
46 7 12 5 12 0.0319303
46 12 5 12 7 0.00830104
46 12 7 12 5 0.0065605
46 4 5 5 6 0.0212079
46 5 5 6 4 0.00306264
46 5 6 4 5 1.9457e-45
46 6 4 5 5 0.0261042
46 6 9 7 11 0.00407079
46 7 11 6 9 0.00139597
46 9 7 11 6 0.00118326
46 11 6 9 7 5.76717e-46
46 5 10 9 8 0.000161499
46 8 5 10 9 3.23292e-05
46 9 8 5 10 5.63742e-05
46 10 9 8 5 8.15745e-05
46 5 10 8 12 0.0225366
46 8 12 5 10 0.0200567
46 10 8 12 5 0.0119807
46 12 5 10 8 0.00230417
46 6 11 7 8 3.70368e-05
46 7 8 6 11 1.42539e-05
46 8 6 11 7 4.41371e-48
46 11 7 8 6 3.00181e-05
46 4 11 8 9 0.00429414
46 8 9 4 11 0.00384528
46 9 4 11 8 0.00372968
46 11 8 9 4 0.00304199
46 6 8 9 8 0.0048105
46 8 6 8 9 9.13101e-46
46 8 9 8 6 0.00656752
46 9 8 6 8 0.00106725
46 4 5 7 8 0.00851717
46 5 7 8 4 0.00197875
46 7 8 4 5 0.00537869
46 8 4 5 7 0.0099048
46 7 7 12 9 0.00462932
46 7 12 9 7 0.00648048
46 9 7 7 12 0.00256111
46 12 9 7 7 0.00330168
46 4 5 7 7 0.00578105
46 5 7 7 4 0.00231684
46 7 4 5 7 0.00953005
46 7 7 4 5 0.00302285
46 4 8 8 6 0.00591618
46 6 4 8 8 0.0076292
46 8 6 4 8 7.29959e-46
46 8 8 6 4 0.00109672
46 4 4 8 7 0.00700894
46 4 8 7 4 0.00374471
46 7 4 4 8 0.0079993
46 8 7 4 4 0.00144715
46 4 6 10 11 3.5588e-46
46 6 10 11 4 0.00483884
46 10 11 4 6 0.00444389
46 11 4 6 10 0.00519258
46 6 12 7 9 0.0107319
46 7 9 6 12 0.00370208
46 9 6 12 7 5.6441e-46
46 12 7 9 6 0.00280871
46 4 8 8 8 0.00415126
46 8 4 8 8 0.00696478
46 8 8 4 8 0.00334227
46 8 8 8 4 0.00215714
46 4 12 6 8 0.00532129
46 6 8 4 12 0.00757422
46 8 4 12 6 0.0226792
46 12 6 8 4 4.73922e-46
46 7 9 8 8 5.92682e-05
46 8 7 9 8 3.29906e-05
46 8 8 7 9 6.54333e-05
46 9 8 8 7 1.90456e-05
46 4 8 8 7 0.00310673
46 7 4 8 8 0.00738871
46 8 7 4 8 0.00207106
46 8 8 7 4 0.00278481
46 5 5 10 9 0.00394546
46 5 10 9 5 0.020197
46 9 5 5 10 0.00738619
46 10 9 5 5 0.0127794
46 5 7 6 8 0.001198
46 6 8 5 7 0.00400163
46 7 6 8 5 9.02858e-46
46 8 5 7 6 0.0075111
46 7 12 11 8 0.00666141
46 8 7 12 11 0.00345087
46 11 8 7 12 0.00837285
46 12 11 8 7 0.00181845
46 4 12 8 10 0.0121443
46 8 10 4 12 0.0141031
46 10 4 12 8 0.0152463
46 12 8 10 4 0.000866845
46 4 6 5 11 1.19634e-45
46 5 11 4 6 0.00485238
46 6 5 11 4 0.00266452
46 11 4 6 5 0.0047975
46 5 5 12 6 0.0233392
46 5 12 6 5 0.00876957
46 6 5 5 12 0.0208505
46 12 6 5 5 1.92941e-45
46 4 8 9 8 0.00616297
46 8 4 8 9 0.00984375
46 8 9 8 4 0.00336055
46 9 8 4 8 0.00237184
46 4 7 8 9 0.00318825
46 7 8 9 4 0.00297933
46 8 9 4 7 0.00341715
46 9 4 7 8 0.00559545
46 4 7 5 7 0.003578
46 5 7 4 7 0.00224412
46 7 4 7 5 0.0141524
46 7 5 7 4 0.00459224
47 4 10 11 8 4.69984e-48
47 8 4 10 11 6.19271e-48
47 10 11 8 4 8.05677e-48
47 11 8 4 10 6.62916e-48
47 6 11 7 7 6.26956e-50
47 7 6 11 7 1.04944e-49
47 7 7 6 11 0.000419704
47 11 7 7 6 5.57115e-50
47 8 8 9 9 4.84322e-50
47 8 9 9 8 5.3171e-50
47 9 8 8 9 2.70292e-50
47 9 9 8 8 2.96739e-50
47 5 6 11 8 1.37875e-47
47 6 11 8 5 6.06548e-48
47 8 5 6 11 0.00910085
47 11 8 5 6 7.30939e-48
47 7 10 9 11 2.95885e-48
47 9 11 7 10 6.28905e-48
47 10 9 11 7 7.10025e-48
47 11 7 10 9 4.48433e-48
47 7 7 9 12 4.92018e-48
47 7 9 12 7 5.11373e-48
47 9 12 7 7 9.39808e-49
47 12 7 7 9 3.10037e-48
47 8 8 11 10 7.501e-48
47 8 11 10 8 9.06011e-48
47 10 8 8 11 4.16517e-48
47 11 10 8 8 2.70774e-48
47 4 4 7 11 6.90233e-48
47 4 7 11 4 8.02968e-48
47 7 11 4 4 1.01596e-47
47 11 4 4 7 7.98779e-48
47 6 12 11 8 1.48998e-48
47 8 6 12 11 6.58631e-48
47 11 8 6 12 0.0705162
47 12 11 8 6 7.71015e-48
47 8 12 11 10 2.85869e-48
47 10 8 12 11 8.41256e-48
47 11 10 8 12 4.18663e-48
47 12 11 10 8 1.40915e-47
47 6 12 8 7 8.03246e-49
47 7 6 12 8 7.75973e-48
47 8 7 6 12 0.0421213
47 12 8 7 6 5.6466e-48
47 8 8 9 12 5.84065e-48
47 8 9 12 8 4.78936e-48
47 9 12 8 8 8.03434e-49
47 12 8 8 9 3.35942e-48
47 6 10 8 10 2.42011e-48
47 8 10 6 10 0.0396477
47 10 6 10 8 1.15575e-47
47 10 8 10 6 9.96886e-48
47 4 4 8 8 6.0034e-48
47 4 8 8 4 5.46965e-48
47 8 4 4 8 6.02884e-48
47 8 8 4 4 5.49282e-48
47 6 8 9 9 2.98985e-48
47 8 9 9 6 4.64847e-48
47 9 6 8 9 2.73959e-48
47 9 9 6 8 0.0300105
47 5 9 9 10 7.74202e-48
47 9 9 10 5 4.70233e-48
47 9 10 5 9 1.72221e-48
47 10 5 9 9 1.00375e-48
47 6 7 6 11 0.0254402
47 6 11 6 7 0.0568289
47 7 6 11 6 1.00016e-47
47 11 6 7 6 7.80213e-48
47 4 10 7 8 3.762e-48
47 7 8 4 10 6.80224e-48
47 8 4 10 7 8.02226e-48
47 10 7 8 4 4.67226e-48
47 6 9 7 8 2.81604e-48
47 7 8 6 9 0.0383577
47 8 6 9 7 6.05555e-48
47 9 7 8 6 2.29983e-48
47 4 5 4 6 1.74323e-48
47 4 6 4 5 1.25207e-47
47 5 4 6 4 0.133477
47 6 4 5 4 7.03269e-48
47 4 11 10 9 1.0286e-47
47 9 4 11 10 8.1014e-48
47 10 9 4 11 5.21343e-48
47 11 10 9 4 4.77432e-48
47 5 12 7 12 3.78265e-48
47 7 12 5 12 2.98035e-48
47 12 5 12 7 2.15894e-48
47 12 7 12 5 1.05526e-47
47 4 5 5 6 2.49392e-48
47 5 5 6 4 0.0296809
47 5 6 4 5 2.08398e-47
47 6 4 5 5 1.06338e-47
47 6 9 7 11 2.24155e-48
47 7 11 6 9 0.0538111
47 9 7 11 6 3.60353e-48
47 11 6 9 7 6.75617e-48
47 5 10 9 8 6.12874e-50
47 8 5 10 9 1.21433e-50
47 9 8 5 10 5.82364e-50
47 10 9 8 5 6.69182e-50
47 5 10 8 12 5.80398e-48
47 8 12 5 10 2.4358e-48
47 10 8 12 5 1.31874e-47
47 12 5 10 8 2.02311e-48
47 6 11 7 8 6.21566e-50
47 7 8 6 11 0.000527392
47 8 6 11 7 9.3712e-50
47 11 7 8 6 4.541e-50
47 4 11 8 9 5.28648e-48
47 8 9 4 11 3.307e-48
47 9 4 11 8 5.61705e-48
47 11 8 9 4 6.52958e-48
47 6 8 9 8 3.94309e-48
47 8 6 8 9 3.70178e-48
47 8 9 8 6 3.50538e-48
47 9 8 6 8 0.0360512
47 4 5 7 8 1.47047e-48
47 5 7 8 4 6.5047e-48
47 7 8 4 5 8.35066e-48
47 8 4 5 7 7.81097e-48
47 7 7 12 9 3.74215e-48
47 7 12 9 7 1.56522e-48
47 9 7 7 12 3.06318e-48
47 12 9 7 7 4.39298e-48
47 4 5 7 7 1.47275e-48
47 5 7 7 4 7.92397e-48
47 7 4 5 7 8.68544e-48
47 7 7 4 5 6.59861e-48
47 4 8 8 6 5.4626e-48
47 6 4 8 8 3.75964e-48
47 8 6 4 8 6.35992e-48
47 8 8 6 4 0.0561167
47 4 4 8 7 6.63978e-48
47 4 8 7 4 7.35798e-48
47 7 4 4 8 7.40294e-48
47 8 7 4 4 4.79305e-48
47 4 6 10 11 1.04645e-47
47 6 10 11 4 4.18678e-48
47 10 11 4 6 1.29436e-47
47 11 4 6 10 0.10574
47 6 12 7 9 7.35933e-49
47 7 9 6 12 0.0490167
47 9 6 12 7 5.13855e-48
47 12 7 9 6 4.82516e-48
47 4 8 8 8 4.54485e-48
47 8 4 8 8 4.42982e-48
47 8 8 4 8 4.5641e-48
47 8 8 8 4 4.03598e-48
47 4 12 6 8 0.0213302
47 6 8 4 12 5.30466e-48
47 8 4 12 6 9.52459e-48
47 12 6 8 4 7.74735e-48
47 7 9 8 8 4.33486e-50
47 8 7 9 8 4.90728e-50
47 8 8 7 9 4.32576e-50
47 9 8 8 7 3.47121e-50
47 4 8 8 7 5.01885e-48
47 7 4 8 8 5.43107e-48
47 8 7 4 8 3.97649e-48
47 8 8 7 4 5.42096e-48
47 5 5 10 9 1.85188e-48
47 5 10 9 5 7.54013e-48
47 9 5 5 10 1.1565e-48
47 10 9 5 5 8.80886e-48
47 5 7 6 8 0.062435
47 6 8 5 7 4.1695e-48
47 7 6 8 5 7.10341e-48
47 8 5 7 6 1.08348e-48
47 7 12 11 8 2.32438e-48
47 8 7 12 11 4.44709e-48
47 11 8 7 12 7.35629e-48
47 12 11 8 7 7.64986e-48
47 4 12 8 10 1.77172e-48
47 8 10 4 12 3.65944e-48
47 10 4 12 8 1.00034e-47
47 12 8 10 4 8.66218e-48
47 4 6 5 11 7.57894e-48
47 5 11 4 6 1.34041e-47
47 6 5 11 4 1.2173e-48
47 11 4 6 5 0.0965589
47 5 5 12 6 3.16583e-48
47 5 12 6 5 0.0428116
47 6 5 5 12 1.47717e-48
47 12 6 5 5 1.51143e-47
47 4 8 9 8 6.58126e-48
47 8 4 8 9 3.66787e-48
47 8 9 8 4 3.66874e-48
47 9 8 4 8 3.68845e-48
47 4 7 8 9 2.87514e-48
47 7 8 9 4 6.28355e-48
47 8 9 4 7 4.01769e-48
47 9 4 7 8 4.21668e-48
47 4 7 5 7 6.82891e-48
47 5 7 4 7 7.94489e-48
47 7 4 7 5 1.06475e-47
47 7 5 7 4 1.56586e-48
48 4 10 11 8 3.72387e-46
48 8 4 10 11 0.0303068
48 10 11 8 4 0.0551678
48 11 8 4 10 1.22219e-45
48 6 11 7 7 1.82497e-05
48 7 6 11 7 1.13971e-90
48 7 7 6 11 3.70065e-05
48 11 7 7 6 7.83207e-91
48 8 8 9 9 9.56959e-48
48 8 9 9 8 9.35879e-48
48 9 8 8 9 1.10598e-47
48 9 9 8 8 1.08161e-47
48 5 6 11 8 3.07814e-131
48 6 11 8 5 0.0137797
48 8 5 6 11 0.0181435
48 11 8 5 6 2.30862e-131
48 7 10 9 11 8.86164e-47
48 9 11 7 10 2.22587e-46
48 10 9 11 7 1.7147e-45
48 11 7 10 9 2.30903e-45
48 7 7 9 12 9.56343e-46
48 7 9 12 7 2.35005e-46
48 9 12 7 7 5.95404e-46
48 12 7 7 9 2.18305e-46
48 8 8 11 10 9.69104e-46
48 8 11 10 8 0.023564
48 10 8 8 11 0.0190987
48 11 10 8 8 4.3559e-46
48 4 4 7 11 0.00459118
48 4 7 11 4 4.39004e-45
48 7 11 4 4 0.0138545
48 11 4 4 7 3.66348e-45
48 6 12 11 8 1.39158e-45
48 8 6 12 11 2.49525e-88
48 11 8 6 12 1.97739e-45
48 12 11 8 6 2.75852e-88
48 8 12 11 10 3.57268e-45
48 10 8 12 11 1.79414e-45
48 11 10 8 12 1.48354e-45
48 12 11 10 8 2.43625e-45
48 6 12 8 7 0.016904
48 7 6 12 8 6.00057e-89
48 8 7 6 12 0.0275243
48 12 8 7 6 3.13534e-89
48 8 8 9 12 2.32738e-45
48 8 9 12 8 7.36556e-46
48 9 12 8 8 2.91154e-45
48 12 8 8 9 8.28896e-46
48 6 10 8 10 0.00170686
48 8 10 6 10 0.00233589
48 10 6 10 8 7.19e-45
48 10 8 10 6 5.32577e-45
48 4 4 8 8 0.0229642
48 4 8 8 4 0.0280458
48 8 4 4 8 0.0268184
48 8 8 4 4 0.0327528
48 6 8 9 9 3.11726e-46
48 8 9 9 6 1.39561e-88
48 9 6 8 9 2.22657e-88
48 9 9 6 8 4.82176e-46
48 5 9 9 10 5.91077e-89
48 9 9 10 5 1.92766e-45
48 9 10 5 9 2.51662e-89
48 10 5 9 9 2.44573e-45
48 6 7 6 11 0.00480553
48 6 11 6 7 0.00506003
48 7 6 11 6 1.52716e-131
48 11 6 7 6 1.10011e-131
48 4 10 7 8 0.000797781
48 7 8 4 10 0.00363475
48 8 4 10 7 0.0394713
48 10 7 8 4 0.0682363
48 6 9 7 8 0.000708016
48 7 8 6 9 0.0015458
48 8 6 9 7 2.63978e-88
48 9 7 8 6 2.91037e-88
48 4 5 4 6 7.83313e-45
48 4 6 4 5 8.10524e-45
48 5 4 6 4 3.45133e-45
48 6 4 5 4 2.27201e-45
48 4 11 10 9 0.0227165
48 9 4 11 10 1.67055e-88
48 10 9 4 11 0.0210282
48 11 10 9 4 7.9347e-89
48 5 12 7 12 2.42467e-45
48 7 12 5 12 3.40809e-45
48 12 5 12 7 3.03514e-88
48 12 7 12 5 2.99597e-88
48 4 5 5 6 7.94715e-88
48 5 5 6 4 5.84609e-45
48 5 6 4 5 1.06597e-87
48 6 4 5 5 2.41522e-45
48 6 9 7 11 0.000680078
48 7 11 6 9 0.00201351
48 9 7 11 6 2.45526e-131
48 11 6 9 7 2.50294e-131
48 5 10 9 8 3.79365e-91
48 8 5 10 9 0.000409746
48 9 8 5 10 9.87674e-91
48 10 9 8 5 0.000337573
48 5 10 8 12 1.48663e-45
48 8 12 5 10 3.625e-45
48 10 8 12 5 3.18007e-45
48 12 5 10 8 4.15462e-45
48 6 11 7 8 1.49133e-05
48 7 8 6 11 2.34813e-05
48 8 6 11 7 4.13191e-90
48 11 7 8 6 4.43012e-90
48 4 11 8 9 0.0141644
48 8 9 4 11 0.0119294
48 9 4 11 8 1.64037e-88
48 11 8 9 4 1.94823e-88
48 6 8 9 8 3.76396e-46
48 8 6 8 9 2.7292e-45
48 8 9 8 6 1.97704e-45
48 9 8 6 8 5.9532e-46
48 4 5 7 8 0.00617428
48 5 7 8 4 5.21914e-45
48 7 8 4 5 0.0086225
48 8 4 5 7 2.9894e-45
48 7 7 12 9 3.1513e-46
48 7 12 9 7 8.18476e-46
48 9 7 7 12 7.21354e-46
48 12 9 7 7 1.68803e-46
48 4 5 7 7 0.00750224
48 5 7 7 4 9.16184e-46
48 7 4 5 7 8.18748e-46
48 7 7 4 5 0.0134931
48 4 8 8 6 2.46174e-45
48 6 4 8 8 0.0097612
48 8 6 4 8 3.88122e-45
48 8 8 6 4 0.0163144
48 4 4 8 7 0.0308134
48 4 8 7 4 0.00543671
48 7 4 4 8 0.00811115
48 8 7 4 4 0.0565993
48 4 6 10 11 5.46207e-45
48 6 10 11 4 4.36987e-46
48 10 11 4 6 7.0424e-45
48 11 4 6 10 1.37616e-45
48 6 12 7 9 0.00200925
48 7 9 6 12 0.00387607
48 9 6 12 7 2.15757e-131
48 12 7 9 6 1.96002e-131
48 4 8 8 8 0.0120075
48 8 4 8 8 0.0217961
48 8 8 4 8 0.0140227
48 8 8 8 4 0.0266191
48 4 12 6 8 0.0240292
48 6 8 4 12 0.0189436
48 8 4 12 6 3.71796e-88
48 12 6 8 4 6.74664e-88
48 7 9 8 8 3.53041e-05
48 8 7 9 8 1.75805e-47
48 8 8 7 9 2.31375e-05
48 9 8 8 7 1.57764e-47
48 4 8 8 7 0.0160868
48 7 4 8 8 0.00658198
48 8 7 4 8 0.0241949
48 8 8 7 4 0.00515217
48 5 5 10 9 3.83857e-45
48 5 10 9 5 6.36827e-89
48 9 5 5 10 2.16319e-88
48 10 9 5 5 2.84904e-45
48 5 7 6 8 1.13778e-45
48 6 8 5 7 5.81575e-46
48 7 6 8 5 1.61143e-45
48 8 5 7 6 9.98157e-46
48 7 12 11 8 1.01332e-45
48 8 7 12 11 1.67979e-45
48 11 8 7 12 6.74369e-46
48 12 11 8 7 1.94665e-45
48 4 12 8 10 0.031972
48 8 10 4 12 0.0137949
48 10 4 12 8 2.55971e-45
48 12 8 10 4 3.13029e-45
48 4 6 5 11 3.0771e-88
48 5 11 4 6 4.0067e-88
48 6 5 11 4 2.51568e-45
48 11 4 6 5 2.42835e-45
48 5 5 12 6 5.78273e-131
48 5 12 6 5 5.19969e-45
48 6 5 5 12 4.12585e-45
48 12 6 5 5 5.93281e-131
48 4 8 9 8 9.25583e-46
48 8 4 8 9 0.0197116
48 8 9 8 4 0.0235431
48 9 8 4 8 1.24925e-45
48 4 7 8 9 0.0164306
48 7 8 9 4 5.43379e-46
48 8 9 4 7 0.0145709
48 9 4 7 8 3.29578e-46
48 4 7 5 7 2.77919e-45
48 5 7 4 7 3.60265e-45
48 7 4 7 5 0.00253714
48 7 5 7 4 0.00404274
49 4 10 11 8 3.65179e-48
49 8 4 10 11 1.13309e-47
49 10 11 8 4 7.72247e-48
49 11 8 4 10 1.05857e-47
49 6 11 7 7 0.00119145
49 7 6 11 7 7.36313e-50
49 7 7 6 11 7.17332e-50
49 11 7 7 6 9.90114e-50
49 8 8 9 9 4.34309e-50
49 8 9 9 8 4.92723e-50
49 9 8 8 9 4.74718e-50
49 9 9 8 8 5.38568e-50
49 5 6 11 8 7.93595e-48
49 6 11 8 5 0.0100131
49 8 5 6 11 3.78802e-48
49 11 8 5 6 1.65556e-47
49 7 10 9 11 4.13201e-48
49 9 11 7 10 7.84643e-48
49 10 9 11 7 8.08994e-48
49 11 7 10 9 9.7881e-48
49 7 7 9 12 1.27369e-48
49 7 9 12 7 1.11321e-47
49 9 12 7 7 4.17218e-48
49 12 7 7 9 5.71955e-48
49 8 8 11 10 3.81478e-48
49 8 11 10 8 1.1972e-47
49 10 8 8 11 8.16666e-48
49 11 10 8 8 3.10045e-48
49 4 4 7 11 1.15925e-47
49 4 7 11 4 6.62946e-48
49 7 11 4 4 1.83396e-47
49 11 4 4 7 1.66635e-47
49 6 12 11 8 0.044511
49 8 6 12 11 1.61549e-47
49 11 8 6 12 2.15517e-48
49 12 11 8 6 8.46034e-48
49 8 12 11 10 3.0051e-48
49 10 8 12 11 3.36919e-47
49 11 10 8 12 1.23371e-48
49 12 11 10 8 2.41803e-47
49 6 12 8 7 0.024285
49 7 6 12 8 1.22017e-47
49 8 7 6 12 9.89612e-49
49 12 8 7 6 8.59519e-48
49 8 8 9 12 1.27838e-48
49 8 9 12 8 9.90897e-48
49 9 12 8 8 2.76629e-48
49 12 8 8 9 4.276e-48
49 6 10 8 10 0.0186354
49 8 10 6 10 1.69516e-48
49 10 6 10 8 1.47221e-47
49 10 8 10 6 1.57787e-47
49 4 4 8 8 4.39487e-48
49 4 8 8 4 4.40784e-48
49 8 4 4 8 9.32455e-48
49 8 8 4 4 9.35207e-48
49 6 8 9 9 0.0439236
49 8 9 9 6 4.04589e-48
49 9 6 8 9 3.637e-48
49 9 9 6 8 4.95461e-48
49 5 9 9 10 3.57003e-48
49 9 9 10 5 1.40403e-48
49 9 10 5 9 4.90021e-48
49 10 5 9 9 3.19978e-48
49 6 7 6 11 0.0650208
49 6 11 6 7 0.0731747
49 7 6 11 6 6.86261e-48
49 11 6 7 6 9.70848e-48
49 4 10 7 8 4.13526e-48
49 7 8 4 10 8.47338e-48
49 8 4 10 7 8.24944e-48
49 10 7 8 4 4.99582e-48
49 6 9 7 8 0.0627343
49 7 8 6 9 3.74674e-48
49 8 6 9 7 3.73882e-48
49 9 7 8 6 3.88448e-48
49 4 5 4 6 9.34098e-48
49 4 6 4 5 2.09966e-48
49 5 4 6 4 6.595e-48
49 6 4 5 4 0.133919
49 4 11 10 9 1.43917e-47
49 9 4 11 10 5.78922e-48
49 10 9 4 11 2.36308e-47
49 11 10 9 4 4.31736e-48
49 5 12 7 12 2.16766e-48
49 7 12 5 12 2.98245e-48
49 12 5 12 7 1.47266e-47
49 12 7 12 5 3.14643e-48
49 4 5 5 6 1.16342e-47
49 5 5 6 4 5.38662e-48
49 5 6 4 5 3.00383e-48
49 6 4 5 5 0.0262739
49 6 9 7 11 0.0853359
49 7 11 6 9 5.08682e-48
49 9 7 11 6 5.77593e-48
49 11 6 9 7 5.85826e-48
49 5 10 9 8 3.94606e-50
49 8 5 10 9 5.03539e-50
49 9 8 5 10 1.03297e-49
49 10 9 8 5 9.37003e-51
49 5 10 8 12 1.0512e-48
49 8 12 5 10 4.98399e-48
49 10 8 12 5 3.46162e-48
49 12 5 10 8 1.03321e-47
49 6 11 7 8 0.00122989
49 7 8 6 11 8.34935e-50
49 8 6 11 7 6.00164e-50
49 11 7 8 6 6.01139e-50
49 4 11 8 9 5.0359e-48
49 8 9 4 11 1.2145e-47
49 9 4 11 8 6.9627e-48
49 11 8 9 4 6.73232e-48
49 6 8 9 8 0.0549398
49 8 6 8 9 2.74263e-48
49 8 9 8 6 3.33484e-48
49 9 8 6 8 5.46254e-48
49 4 5 7 8 5.30826e-48
49 5 7 8 4 4.86424e-48
49 7 8 4 5 2.02104e-48
49 8 4 5 7 1.01013e-47
49 7 7 12 9 8.86125e-48
49 7 12 9 7 2.89517e-48
49 9 7 7 12 1.9032e-48
49 12 9 7 7 7.45029e-48
49 4 5 7 7 5.10604e-48
49 5 7 7 4 7.95514e-48
49 7 4 5 7 1.23053e-47
49 7 7 4 5 1.72411e-48
49 4 8 8 6 4.78977e-48
49 6 4 8 8 0.0448996
49 8 6 4 8 9.48185e-48
49 8 8 6 4 4.09631e-48
49 4 4 8 7 4.66833e-48
49 4 8 7 4 7.96054e-48
49 7 4 4 8 1.25437e-47
49 8 7 4 4 8.81011e-48
49 4 6 10 11 1.85347e-47
49 6 10 11 4 0.0458117
49 10 11 4 6 2.86405e-47
49 11 4 6 10 5.67676e-48
49 6 12 7 9 0.0327932
49 7 9 6 12 1.27333e-48
49 9 6 12 7 1.26925e-47
49 12 7 9 6 5.40361e-48
49 4 8 8 8 4.24287e-48
49 8 4 8 8 3.22923e-48
49 8 8 4 8 9.00204e-48
49 8 8 8 4 3.23876e-48
49 4 12 6 8 3.74411e-48
49 6 8 4 12 0.0441122
49 8 4 12 6 1.33205e-47
49 12 6 8 4 6.10254e-48
49 7 9 8 8 4.81026e-50
49 8 7 9 8 4.50573e-50
49 8 8 7 9 5.69221e-50
49 9 8 8 7 5.55322e-50
49 4 8 8 7 4.49991e-48
49 7 4 8 8 4.33737e-48
49 8 7 4 8 8.46727e-48
49 8 8 7 4 5.84015e-48
49 5 5 10 9 6.62841e-48
49 5 10 9 5 5.43766e-49
49 9 5 5 10 5.90852e-48
49 10 9 5 5 2.27833e-48
49 5 7 6 8 4.91993e-48
49 6 8 5 7 0.11265
49 7 6 8 5 6.12485e-49
49 8 5 7 6 3.65811e-48
49 7 12 11 8 4.64341e-48
49 8 7 12 11 1.5579e-47
49 11 8 7 12 3.31816e-48
49 12 11 8 7 8.58347e-48
49 4 12 8 10 1.97091e-48
49 8 10 4 12 1.62914e-48
49 10 4 12 8 1.83838e-47
49 12 8 10 4 1.32582e-47
49 4 6 5 11 1.68818e-47
49 5 11 4 6 2.0743e-47
49 6 5 11 4 0.043743
49 11 4 6 5 1.00717e-48
49 5 5 12 6 1.40376e-47
49 5 12 6 5 7.23467e-49
49 6 5 5 12 0.0308026
49 12 6 5 5 2.85338e-48
49 4 8 9 8 5.62098e-48
49 8 4 8 9 2.81919e-48
49 8 9 8 4 3.20781e-48
49 9 8 4 8 1.30356e-47
49 4 7 8 9 3.0553e-48
49 7 8 9 4 5.0539e-48
49 8 9 4 7 8.29245e-48
49 9 4 7 8 7.39437e-48
49 4 7 5 7 1.22098e-47
49 5 7 4 7 1.40246e-47
49 7 4 7 5 1.27864e-48
49 7 5 7 4 5.32315e-48
50 4 10 11 8 1.11108e-45
50 8 4 10 11 0.0189712
50 10 11 8 4 0.0104404
50 11 8 4 10 2.51158e-45
50 6 11 7 7 7.93653e-06
50 7 6 11 7 3.81035e-48
50 7 7 6 11 2.80858e-05
50 11 7 7 6 1.33111e-47
50 8 8 9 9 9.75867e-05
50 8 9 9 8 0.000121959
50 9 8 8 9 0.000104038
50 9 9 8 8 0.000130021
50 5 6 11 8 1.08455e-88
50 6 11 8 5 0.00347218
50 8 5 6 11 0.00191995
50 11 8 5 6 5.51145e-46
50 7 10 9 11 0.00302141
50 9 11 7 10 0.00139062
50 10 9 11 7 1.37661e-45
50 11 7 10 9 0.0309118
50 7 7 9 12 0.00711072
50 7 9 12 7 0.00210242
50 9 12 7 7 0.00131785
50 12 7 7 9 0.00362269
50 8 8 11 10 1.25398e-45
50 8 11 10 8 0.00684933
50 10 8 8 11 0.0150243
50 11 10 8 8 0.013934
50 4 4 7 11 0.00825621
50 4 7 11 4 1.8316e-45
50 7 11 4 4 5.76398e-46
50 11 4 4 7 1.58203e-45
50 6 12 11 8 9.6633e-46
50 8 6 12 11 0.00208629
50 11 8 6 12 0.0150076
50 12 11 8 6 6.368e-46
50 8 12 11 10 1.62374e-45
50 10 8 12 11 0.00692304
50 11 10 8 12 0.0286777
50 12 11 10 8 0.00814897
50 6 12 8 7 0.00419056
50 7 6 12 8 0.00264883
50 8 7 6 12 0.00600917
50 12 8 7 6 7.30829e-46
50 8 8 9 12 0.0105769
50 8 9 12 8 0.00543323
50 9 12 8 8 0.00709439
50 12 8 8 9 0.011225
50 6 10 8 10 0.0104349
50 8 10 6 10 0.00541866
50 10 6 10 8 0.0378555
50 10 8 10 6 8.42658e-45
50 4 4 8 8 0.0262471
50 4 8 8 4 0.0233479
50 8 4 4 8 1.86204e-45
50 8 8 4 4 1.65637e-45
50 6 8 9 9 0.00709888
50 8 9 9 6 1.70181e-45
50 9 6 8 9 0.00652176
50 9 9 6 8 0.00491155
50 5 9 9 10 1.43894e-45
50 9 9 10 5 0.0165358
50 9 10 5 9 0.000879467
50 10 5 9 9 0.00817604
50 6 7 6 11 0.00244563
50 6 11 6 7 0.000747566
50 7 6 11 6 1.31188e-88
50 11 6 7 6 1.18501e-45
50 4 10 7 8 0.00582017
50 7 8 4 10 1.45649e-45
50 8 4 10 7 0.014265
50 10 7 8 4 0.0256824
50 6 9 7 8 0.00593078
50 7 8 6 9 0.00513339
50 8 6 9 7 0.00225115
50 9 7 8 6 9.28161e-46
50 4 5 4 6 2.14956e-88
50 4 6 4 5 1.7076e-45
50 5 4 6 4 1.68068e-45
50 6 4 5 4 0.00392677
50 4 11 10 9 0.0139814
50 9 4 11 10 1.45729e-45
50 10 9 4 11 2.71912e-45
50 11 10 9 4 0.0135114
50 5 12 7 12 1.4239e-45
50 7 12 5 12 0.0035987
50 12 5 12 7 0.00123522
50 12 7 12 5 0.00379491
50 4 5 5 6 3.95731e-46
50 5 5 6 4 7.70039e-46
50 5 6 4 5 1.83819e-88
50 6 4 5 5 0.00357648
50 6 9 7 11 0.00359339
50 7 11 6 9 0.00165178
50 9 7 11 6 7.98767e-89
50 11 6 9 7 0.00364538
50 5 10 9 8 7.87004e-48
50 8 5 10 9 0.000149141
50 9 8 5 10 1.7238e-05
50 10 9 8 5 0.000383955
50 5 10 8 12 2.15067e-45
50 8 12 5 10 0.00277998
50 10 8 12 5 0.0102388
50 12 5 10 8 0.0128333
50 6 11 7 8 1.78089e-05
50 7 8 6 11 3.62741e-05
50 8 6 11 7 4.14804e-48
50 11 7 8 6 3.01857e-47
50 4 11 8 9 0.0064299
50 8 9 4 11 1.07344e-45
50 9 4 11 8 9.79049e-46
50 11 8 9 4 0.0153714
50 6 8 9 8 0.0063213
50 8 6 8 9 0.0100005
50 8 9 8 6 2.78207e-45
50 9 8 6 8 0.00349954
50 4 5 7 8 0.00476118
50 5 7 8 4 1.74717e-45
50 7 8 4 5 1.24421e-45
50 8 4 5 7 0.0013716
50 7 7 12 9 0.00297616
50 7 12 9 7 0.00262205
50 9 7 7 12 0.00370568
50 12 9 7 7 0.00265353
50 4 5 7 7 0.00210684
50 5 7 7 4 7.65014e-46
50 7 4 5 7 0.00125104
50 7 7 4 5 9.56544e-46
50 4 8 8 6 3.12175e-45
50 6 4 8 8 0.0159549
50 8 6 4 8 9.9491e-46
50 8 8 6 4 0.00736998
50 4 4 8 7 0.0128257
50 4 8 7 4 0.0112893
50 7 4 4 8 1.8755e-45
50 8 7 4 4 1.40622e-45
50 4 6 10 11 0.0197119
50 6 10 11 4 1.1454e-45
50 10 11 4 6 1.92581e-88
50 11 4 6 10 0.0213054
50 6 12 7 9 0.00462601
50 7 9 6 12 0.00994003
50 9 6 12 7 0.000832534
50 12 7 9 6 7.79777e-46
50 4 8 8 8 0.0162726
50 8 4 8 8 0.0159533
50 8 8 4 8 1.15442e-45
50 8 8 8 4 0.0141912
50 4 12 6 8 0.00969207
50 6 8 4 12 2.10456e-45
50 8 4 12 6 1.24905e-45
50 12 6 8 4 0.0128877
50 7 9 8 8 0.000176809
50 8 7 9 8 6.49542e-05
50 8 8 7 9 6.79156e-05
50 9 8 8 7 3.98576e-05
50 4 8 8 7 0.00793937
50 7 4 8 8 0.0160438
50 8 7 4 8 9.78564e-46
50 8 8 7 4 0.00685115
50 5 5 10 9 1.78579e-45
50 5 10 9 5 6.95328e-46
50 9 5 5 10 0.000861269
50 10 9 5 5 0.00557789
50 5 7 6 8 5.254e-46
50 6 8 5 7 0.000706553
50 7 6 8 5 0.00763256
50 8 5 7 6 4.61234e-46
50 7 12 11 8 1.04936e-45
50 8 7 12 11 0.00221598
50 11 8 7 12 0.0150659
50 12 11 8 7 0.00174895
50 4 12 8 10 0.0222433
50 8 10 4 12 1.48114e-45
50 10 4 12 8 0.0132062
50 12 8 10 4 0.0260373
50 4 6 5 11 0.00140983
50 5 11 4 6 9.74534e-132
50 6 5 11 4 6.96978e-46
50 11 4 6 5 0.0135381
50 5 5 12 6 6.71642e-89
50 5 12 6 5 9.03498e-46
50 6 5 5 12 0.0018974
50 12 6 5 5 0.0016714
50 4 8 9 8 0.0108696
50 8 4 8 9 0.0195636
50 8 9 8 4 0.021749
50 9 8 4 8 8.22095e-46
50 4 7 8 9 0.0148336
50 7 8 9 4 0.00835987
50 8 9 4 7 7.56977e-46
50 9 4 7 8 0.00480973
50 4 7 5 7 0.00115992
50 5 7 4 7 6.78236e-89
50 7 4 7 5 0.00811882
50 7 5 7 4 0.00408414
51 4 10 11 8 5.66917e-48
51 8 4 10 11 1.39138e-47
51 10 11 8 4 0.0355775
51 11 8 4 10 6.4293e-48
51 6 11 7 7 3.84308e-50
51 7 6 11 7 5.84371e-50
51 7 7 6 11 1.02184e-49
51 11 7 7 6 7.08953e-50
51 8 8 9 9 2.70823e-50
51 8 9 9 8 5.02543e-50
51 9 8 8 9 0.000100509
51 9 9 8 8 0.000186506
51 5 6 11 8 6.71736e-48
51 6 11 8 5 0.0183476
51 8 5 6 11 1.36995e-47
51 11 8 5 6 6.87841e-48
51 7 10 9 11 8.8989e-48
51 9 11 7 10 3.95846e-48
51 10 9 11 7 3.35219e-48
51 11 7 10 9 3.15721e-48
51 7 7 9 12 2.50347e-48
51 7 9 12 7 2.83915e-48
51 9 12 7 7 2.53787e-48
51 12 7 7 9 1.06516e-48
51 8 8 11 10 7.81331e-48
51 8 11 10 8 8.31843e-48
51 10 8 8 11 0.0548828
51 11 10 8 8 0.0458698
51 4 4 7 11 9.53849e-48
51 4 7 11 4 5.96376e-48
51 7 11 4 4 5.68685e-48
51 11 4 4 7 6.40085e-48
51 6 12 11 8 6.00509e-48
51 8 6 12 11 1.28758e-47
51 11 8 6 12 3.58112e-48
51 12 11 8 6 0.0276882
51 8 12 11 10 1.30378e-47
51 10 8 12 11 1.19486e-47
51 11 10 8 12 0.0329494
51 12 11 10 8 5.87825e-48
51 6 12 8 7 0.0237251
51 7 6 12 8 5.46974e-48
51 8 7 6 12 3.10676e-48
51 12 8 7 6 2.59291e-48
51 8 8 9 12 2.95539e-48
51 8 9 12 8 4.52664e-48
51 9 12 8 8 0.0254791
51 12 8 8 9 0.00791794
51 6 10 8 10 0.035589
51 8 10 6 10 8.01583e-48
51 10 6 10 8 6.92765e-48
51 10 8 10 6 6.37103e-48
51 4 4 8 8 0.0373199
51 4 8 8 4 0.0278694
51 8 4 4 8 6.5682e-48
51 8 8 4 4 4.90494e-48
51 6 8 9 9 1.41295e-48
51 8 9 9 6 4.07695e-48
51 9 6 8 9 0.00886632
51 9 9 6 8 2.19163e-48
51 5 9 9 10 3.59679e-48
51 9 9 10 5 1.33871e-48
51 9 10 5 9 1.243e-48
51 10 5 9 9 2.20655e-48
51 6 7 6 11 7.0395e-48
51 6 11 6 7 3.75491e-48
51 7 6 11 6 6.5421e-48
51 11 6 7 6 6.39008e-48
51 4 10 7 8 4.5379e-48
51 7 8 4 10 5.26878e-48
51 8 4 10 7 6.90429e-48
51 10 7 8 4 0.0330971
51 6 9 7 8 2.24937e-48
51 7 8 6 9 1.71923e-48
51 8 6 9 7 4.53461e-48
51 9 7 8 6 0.0209026
51 4 5 4 6 6.73726e-48
51 4 6 4 5 3.06756e-48
51 5 4 6 4 6.60526e-48
51 6 4 5 4 5.30892e-48
51 4 11 10 9 2.98217e-48
51 9 4 11 10 6.0507e-48
51 10 9 4 11 6.42571e-48
51 11 10 9 4 7.14769e-48
51 5 12 7 12 4.30734e-48
51 7 12 5 12 4.91004e-48
51 12 5 12 7 5.24706e-48
51 12 7 12 5 2.96733e-48
51 4 5 5 6 9.63852e-48
51 5 5 6 4 9.12915e-48
51 5 6 4 5 4.26655e-48
51 6 4 5 5 4.11428e-48
51 6 9 7 11 3.69254e-48
51 7 11 6 9 2.03315e-48
51 9 7 11 6 3.53037e-48
51 11 6 9 7 4.7106e-48
51 5 10 9 8 6.17769e-50
51 8 5 10 9 4.22162e-50
51 9 8 5 10 4.34829e-50
51 10 9 8 5 0.000155908
51 5 10 8 12 0.0252148
51 8 12 5 10 1.11091e-47
51 10 8 12 5 3.81648e-48
51 12 5 10 8 6.22422e-48
51 6 11 7 8 4.82303e-50
51 7 8 6 11 9.49526e-50
51 8 6 11 7 7.0175e-50
51 11 7 8 6 0.00053609
51 4 11 8 9 0.0142189
51 8 9 4 11 6.44593e-48
51 9 4 11 8 4.38661e-48
51 11 8 9 4 5.4289e-48
51 6 8 9 8 3.62955e-48
51 8 6 8 9 0.0167133
51 8 9 8 6 0.0285216
51 9 8 6 8 3.03393e-48
51 4 5 7 8 6.12429e-48
51 5 7 8 4 0.0374525
51 7 8 4 5 2.84198e-48
51 8 4 5 7 6.72244e-48
51 7 7 12 9 2.10417e-48
51 7 12 9 7 4.38471e-48
51 9 7 7 12 1.50245e-48
51 12 9 7 7 1.49022e-48
51 4 5 7 7 4.84549e-48
51 5 7 7 4 4.91794e-48
51 7 4 5 7 5.55849e-48
51 7 7 4 5 3.03682e-48
51 4 8 8 6 0.0315027
51 6 4 8 8 0.0321142
51 8 6 4 8 6.02878e-48
51 8 8 6 4 5.40153e-48
51 4 4 8 7 0.0326067
51 4 8 7 4 4.04124e-48
51 7 4 4 8 5.99735e-48
51 8 7 4 4 5.78782e-48
51 4 6 10 11 1.25825e-47
51 6 10 11 4 5.68944e-48
51 10 11 4 6 6.97327e-48
51 11 4 6 10 1.10574e-47
51 6 12 7 9 1.52278e-48
51 7 9 6 12 1.72518e-48
51 9 6 12 7 2.75826e-48
51 12 7 9 6 2.99626e-48
51 4 8 8 8 0.028245
51 8 4 8 8 0.0447725
51 8 8 4 8 4.97103e-48
51 8 8 8 4 0.0334348
51 4 12 6 8 6.74394e-48
51 6 8 4 12 2.26849e-48
51 8 4 12 6 9.6291e-48
51 12 6 8 4 0.025379
51 7 9 8 8 0.000282636
51 8 7 9 8 7.22766e-50
51 8 8 7 9 2.41888e-50
51 9 8 8 7 0.00019861
51 4 8 8 7 0.0246397
51 7 4 8 8 0.0408181
51 8 7 4 8 5.85675e-48
51 8 8 7 4 4.84076e-48
51 5 5 10 9 3.30897e-48
51 5 10 9 5 3.19375e-48
51 9 5 5 10 5.36859e-48
51 10 9 5 5 2.21224e-48
51 5 7 6 8 5.09459e-48
51 6 8 5 7 3.03186e-48
51 7 6 8 5 0.0195194
51 8 5 7 6 6.80817e-48
51 7 12 11 8 8.24255e-48
51 8 7 12 11 1.35078e-47
51 11 8 7 12 3.46578e-48
51 12 11 8 7 0.0233866
51 4 12 8 10 0.0461066
51 8 10 4 12 3.33423e-48
51 10 4 12 8 6.89136e-48
51 12 8 10 4 3.51438e-48
51 4 6 5 11 9.11292e-48
51 5 11 4 6 5.86962e-48
51 6 5 11 4 5.71154e-48
51 11 4 6 5 4.43659e-48
51 5 5 12 6 1.02243e-47
51 5 12 6 5 4.75299e-48
51 6 5 5 12 3.92735e-48
51 12 6 5 5 2.73538e-48
51 4 8 9 8 4.40877e-48
51 8 4 8 9 0.0190327
51 8 9 8 4 0.0263739
51 9 8 4 8 2.87967e-48
51 4 7 8 9 0.0124053
51 7 8 9 4 4.17239e-48
51 8 9 4 7 2.99975e-48
51 9 4 7 8 3.29299e-48
51 4 7 5 7 4.88693e-48
51 5 7 4 7 4.75107e-48
51 7 4 7 5 3.62469e-48
51 7 5 7 4 6.46434e-48
52 4 10 11 8 0.00360189
52 8 4 10 11 0.00251665
52 10 11 8 4 0.00481273
52 11 8 4 10 0.0191032
52 6 11 7 7 3.54656e-05
52 7 6 11 7 2.689e-05
52 7 7 6 11 6.8571e-05
52 11 7 7 6 3.0312e-05
52 8 8 9 9 6.18185e-05
52 8 9 9 8 0.000122881
52 9 8 8 9 2.88572e-05
52 9 9 8 8 5.73617e-05
52 5 6 11 8 0.00371513
52 6 11 8 5 4.32647e-46
52 8 5 6 11 0.0102137
52 11 8 5 6 0.00231665
52 7 10 9 11 0.0128132
52 9 11 7 10 0.00550536
52 10 9 11 7 0.00263763
52 11 7 10 9 0.00189491
52 7 7 9 12 0.00469285
52 7 9 12 7 0.00335947
52 9 12 7 7 0.00477681
52 12 7 7 9 0.00250973
52 8 8 11 10 0.00378021
52 8 11 10 8 0.00238182
52 10 8 8 11 0.00601642
52 11 10 8 8 0.00633864
52 4 4 7 11 0.00604718
52 4 7 11 4 0.0032245
52 7 11 4 4 0.0118902
52 11 4 4 7 0.00663779
52 6 12 11 8 0.00493204
52 8 6 12 11 0.00613482
52 11 8 6 12 0.00703126
52 12 11 8 6 0.00228731
52 8 12 11 10 0.00859126
52 10 8 12 11 0.0071919
52 11 10 8 12 0.00707361
52 12 11 10 8 0.00373817
52 6 12 8 7 0.00515984
52 7 6 12 8 0.00475009
52 8 7 6 12 0.00340772
52 12 8 7 6 0.00308307
52 8 8 9 12 0.00630155
52 8 9 12 8 0.00463646
52 9 12 8 8 0.00599071
52 12 8 8 9 0.00306241
52 6 10 8 10 0.0099624
52 8 10 6 10 0.0130372
52 10 6 10 8 0.00520861
52 10 8 10 6 0.00233982
52 4 4 8 8 0.00359241
52 4 8 8 4 0.006806
52 8 4 4 8 0.00649044
52 8 8 4 4 0.0122965
52 6 8 9 9 0.00560373
52 8 9 9 6 0.00558854
52 9 6 8 9 0.00292149
52 9 9 6 8 0.00680455
52 5 9 9 10 0.017023
52 9 9 10 5 3.63453e-46
52 9 10 5 9 0.00189036
52 10 5 9 9 0.00713238
52 6 7 6 11 0.00623594
52 6 11 6 7 0.00383542
52 7 6 11 6 0.00192271
52 11 6 7 6 0.00469431
52 4 10 7 8 0.00793322
52 7 8 4 10 0.0172332
52 8 4 10 7 0.00151789
52 10 7 8 4 0.00471951
52 6 9 7 8 0.00664945
52 7 8 6 9 0.00397798
52 8 6 9 7 0.00626926
52 9 7 8 6 0.00135119
52 4 5 4 6 0.0109068
52 4 6 4 5 2.12909e-45
52 5 4 6 4 0.00755692
52 6 4 5 4 0.00361301
52 4 11 10 9 0.00235524
52 9 4 11 10 0.00267535
52 10 9 4 11 0.0213659
52 11 10 9 4 0.0182067
52 5 12 7 12 0.0120851
52 7 12 5 12 0.00687099
52 12 5 12 7 0.00574381
52 12 7 12 5 5.17679e-46
52 4 5 5 6 0.00439816
52 5 5 6 4 0.018404
52 5 6 4 5 2.4792e-45
52 6 4 5 5 4.07273e-46
52 6 9 7 11 0.00788242
52 7 11 6 9 0.00298093
52 9 7 11 6 0.000756437
52 11 6 9 7 0.00778673
52 5 10 9 8 0.000129946
52 8 5 10 9 3.09883e-05
52 9 8 5 10 5.02163e-05
52 10 9 8 5 8.62515e-48
52 5 10 8 12 0.00628627
52 8 12 5 10 0.0105983
52 10 8 12 5 6.50697e-46
52 12 5 10 8 0.0061013
52 6 11 7 8 5.07099e-05
52 7 8 6 11 9.53941e-05
52 8 6 11 7 2.45339e-05
52 11 7 8 6 2.51314e-05
52 4 11 8 9 0.00260217
52 8 9 4 11 0.0147835
52 9 4 11 8 0.00139136
52 11 8 9 4 0.0125283
52 6 8 9 8 0.00865524
52 8 6 8 9 0.00334027
52 8 9 8 6 0.00298271
52 9 8 6 8 0.00528729
52 4 5 7 8 0.00947427
52 5 7 8 4 0.00511474
52 7 8 4 5 1.364e-45
52 8 4 5 7 0.00164345
52 7 7 12 9 0.00176877
52 7 12 9 7 0.00946874
52 9 7 7 12 0.00245477
52 12 9 7 7 0.0049426
52 4 5 7 7 0.00657935
52 5 7 7 4 0.00612554
52 7 4 5 7 0.00178855
52 7 7 4 5 9.73549e-46
52 4 8 8 6 0.00306684
52 6 4 8 8 0.00323854
52 8 6 4 8 0.0123344
52 8 8 6 4 0.00802925
52 4 4 8 7 0.00275491
52 4 8 7 4 0.00900112
52 7 4 4 8 0.00780017
52 8 7 4 4 0.00969184
52 4 6 10 11 0.00781473
52 6 10 11 4 0.0053255
52 10 11 4 6 0.00640214
52 11 4 6 10 0.0107984
52 6 12 7 9 0.00572336
52 7 9 6 12 0.00664306
52 9 6 12 7 0.0026336
52 12 7 9 6 0.00342
52 4 8 8 8 0.00490494
52 8 4 8 8 0.00259864
52 8 8 4 8 0.00886181
52 8 8 8 4 0.00492326
52 4 12 6 8 0.0161021
52 6 8 4 12 0.0109158
52 8 4 12 6 0.00172026
52 12 6 8 4 0.00952542
52 7 9 8 8 6.93957e-05
52 8 7 9 8 6.62598e-05
52 8 8 7 9 3.84184e-05
52 9 8 8 7 3.00941e-05
52 4 8 8 7 0.00375564
52 7 4 8 8 0.00311821
52 8 7 4 8 0.00697391
52 8 8 7 4 0.00650108
52 5 5 10 9 0.00337253
52 5 10 9 5 1.37417e-45
52 9 5 5 10 0.00605572
52 10 9 5 5 5.87311e-46
52 5 7 6 8 0.00499442
52 6 8 5 7 0.0023233
52 7 6 8 5 6.3151e-46
52 8 5 7 6 0.00356008
52 7 12 11 8 0.00512823
52 8 7 12 11 0.00374581
52 11 8 7 12 0.00614794
52 12 11 8 7 0.00302485
52 4 12 8 10 0.0152017
52 8 10 4 12 0.0101925
52 10 4 12 8 0.00318399
52 12 8 10 4 0.00495996
52 4 6 5 11 0.00629379
52 5 11 4 6 0.00516101
52 6 5 11 4 0.00473085
52 11 4 6 5 6.35757e-46
52 5 5 12 6 0.00446904
52 5 12 6 5 1.94344e-45
52 6 5 5 12 0.00520287
52 12 6 5 5 7.16633e-46
52 4 8 9 8 0.0100354
52 8 4 8 9 0.00183721
52 8 9 8 4 0.00691884
52 9 8 4 8 0.0084637
52 4 7 8 9 0.00239314
52 7 8 9 4 0.0105994
52 8 9 4 7 0.0083622
52 9 4 7 8 0.00287399
52 4 7 5 7 0.00238763
52 5 7 4 7 0.00689465
52 7 4 7 5 5.16585e-46
52 7 5 7 4 0.0111607
53 2 0 3 10 0.0529027
53 2 0 1 11 0.0332116
53 2 0 3 5 0.0384072
53 3 0 3 9 0.0460026
53 2 0 3 12 0.0284102
53 3 0 2 6 0.0578121
53 3 0 3 5 0.0390186
53 2 0 3 6 0.0275866
53 1 0 2 8 0.0378815
53 2 0 2 7 0.0369101
53 1 0 2 4 0.0530183
53 3 0 2 8 0.109408
53 2 0 3 4 0.0323747
53 1 0 1 9 0.0278477
53 1 0 3 11 0.0238534
53 2 0 1 10 0.0498861
53 3 0 1 12 0.0590674
53 3 0 2 5 0.0401106
53 1 0 2 7 0.0256335
53 1 0 1 7 0.0224054
53 2 0 2 9 0.0469826
53 1 0 2 12 0.023147
53 2 0 1 8 0.0519639
53 1 0 3 8 0.0361586
54 3 10 2 0 9.32377e-45
54 1 11 2 0 0.0647626
54 3 5 2 0 0.0602572
54 3 9 3 0 0.0521997
54 3 12 2 0 0.0693217
54 2 6 3 0 0.0354991
54 3 5 3 0 0.0290077
54 3 6 2 0 0.0413381
54 2 8 1 0 0.0142744
54 2 7 2 0 0.0467197
54 2 4 1 0 0.0855565
54 2 8 3 0 0.0288637
54 3 4 2 0 0.089261
54 1 9 1 0 0.0412878
54 3 11 1 0 0.0344141
54 1 10 2 0 8.04292e-45
54 1 12 3 0 0.0624758
54 2 5 3 0 0.0257871
54 2 7 1 0 0.0219602
54 1 7 1 0 0.020305
54 2 9 2 0 0.0972916
54 2 12 1 0 0.0330569
54 1 8 2 0 0.0306042
54 3 8 1 0 0.0157559
55 4 10 11 8 3.54314e-48
55 8 4 10 11 4.23674e-48
55 10 11 8 4 2.84085e-48
55 11 8 4 10 6.27331e-48
55 6 11 7 7 7.51845e-50
55 7 6 11 7 3.59778e-50
55 7 7 6 11 0.000556655
55 11 7 7 6 0.000651544
55 8 8 9 9 3.75638e-50
55 8 9 9 8 3.46657e-50
55 9 8 8 9 3.94303e-50
55 9 9 8 8 3.63882e-50
55 5 6 11 8 4.41106e-48
55 6 11 8 5 8.21357e-48
55 8 5 6 11 5.89969e-48
55 11 8 5 6 4.75818e-48
55 7 10 9 11 3.97176e-48
55 9 11 7 10 9.39213e-48
55 10 9 11 7 2.08436e-48
55 11 7 10 9 0.0539601
55 7 7 9 12 0.0415157
55 7 9 12 7 3.49083e-48
55 9 12 7 7 3.51629e-48
55 12 7 7 9 0.0438122
55 8 8 11 10 4.77531e-48
55 8 11 10 8 5.16954e-48
55 10 8 8 11 2.23352e-48
55 11 10 8 8 4.71218e-48
55 4 4 7 11 5.37686e-48
55 4 7 11 4 0.0248965
55 7 11 4 4 5.48137e-48
55 11 4 4 7 4.11213e-48
55 6 12 11 8 4.78108e-48
55 8 6 12 11 4.81786e-48
55 11 8 6 12 7.00945e-48
55 12 11 8 6 4.97848e-48
55 8 12 11 10 9.64487e-48
55 10 8 12 11 3.13667e-48
55 11 10 8 12 1.10761e-47
55 12 11 10 8 5.24594e-48
55 6 12 8 7 4.30412e-48
55 7 6 12 8 4.14101e-48
55 8 7 6 12 0.0689048
55 12 8 7 6 3.46653e-48
55 8 8 9 12 3.63389e-48
55 8 9 12 8 3.99207e-48
55 9 12 8 8 3.27765e-48
55 12 8 8 9 3.12581e-48
55 6 10 8 10 1.23323e-47
55 8 10 6 10 1.29846e-47
55 10 6 10 8 3.48148e-48
55 10 8 10 6 3.28751e-48
55 4 4 8 8 3.38816e-48
55 4 8 8 4 2.29271e-48
55 8 4 4 8 4.13509e-48
55 8 8 4 4 2.79815e-48
55 6 8 9 9 3.60754e-48
55 8 9 9 6 3.56853e-48
55 9 6 8 9 4.2985e-48
55 9 9 6 8 3.67948e-48
55 5 9 9 10 6.31022e-48
55 9 9 10 5 4.05411e-48
55 9 10 5 9 5.65175e-48
55 10 5 9 9 2.8291e-48
55 6 7 6 11 0.0553559
55 6 11 6 7 6.41652e-48
55 7 6 11 6 4.67471e-48
55 11 6 7 6 6.86199e-48
55 4 10 7 8 5.82316e-48
55 7 8 4 10 7.02378e-48
55 8 4 10 7 3.64683e-48
55 10 7 8 4 0.0210958
55 6 9 7 8 5.57688e-48
55 7 8 6 9 5.18626e-48
55 8 6 9 7 2.30217e-48
55 9 7 8 6 0.0298133
55 4 5 4 6 6.59323e-48
55 4 6 4 5 6.7583e-48
55 5 4 6 4 6.05154e-48
55 6 4 5 4 5.48747e-48
55 4 11 10 9 8.09612e-48
55 9 4 11 10 5.43575e-48
55 10 9 4 11 3.93974e-48
55 11 10 9 4 3.45784e-48
55 5 12 7 12 1.86128e-47
55 7 12 5 12 1.44847e-47
55 12 5 12 7 4.21949e-48
55 12 7 12 5 0.0533595
55 4 5 5 6 9.01375e-48
55 5 5 6 4 8.65752e-48
55 5 6 4 5 1.18107e-47
55 6 4 5 5 1.12294e-47
55 6 9 7 11 5.77004e-48
55 7 11 6 9 8.12621e-48
55 9 7 11 6 0.02416
55 11 6 9 7 2.23217e-48
55 5 10 9 8 5.10132e-50
55 8 5 10 9 7.79289e-50
55 9 8 5 10 6.19893e-50
55 10 9 8 5 4.55465e-50
55 5 10 8 12 1.35039e-47
55 8 12 5 10 1.34327e-47
55 10 8 12 5 3.91769e-48
55 12 5 10 8 4.4699e-48
55 6 11 7 8 8.63045e-50
55 7 8 6 11 4.8908e-50
55 8 6 11 7 3.38801e-50
55 11 7 8 6 0.000500106
55 4 11 8 9 6.12929e-48
55 8 9 4 11 4.55843e-48
55 9 4 11 8 2.30407e-48
55 11 8 9 4 1.77715e-48
55 6 8 9 8 2.51054e-48
55 8 6 8 9 5.67799e-48
55 8 9 8 6 4.94798e-48
55 9 8 6 8 2.77467e-48
55 4 5 7 8 5.66979e-48
55 5 7 8 4 0.0409437
55 7 8 4 5 5.45931e-48
55 8 4 5 7 4.42162e-48
55 7 7 12 9 0.0503239
55 7 12 9 7 2.78034e-48
55 9 7 7 12 0.0544414
55 12 9 7 7 3.15123e-48
55 4 5 7 7 4.90438e-48
55 5 7 7 4 0.0529652
55 7 4 5 7 4.66223e-48
55 7 7 4 5 0.0616972
55 4 8 8 6 3.52331e-48
55 6 4 8 8 4.53481e-48
55 8 6 4 8 4.55375e-48
55 8 8 6 4 3.23094e-48
55 4 4 8 7 3.23643e-48
55 4 8 7 4 3.2752e-48
55 7 4 4 8 4.81483e-48
55 8 7 4 4 0.0349207
55 4 6 10 11 5.44019e-48
55 6 10 11 4 5.16206e-48
55 10 11 4 6 6.21254e-48
55 11 4 6 10 1.16522e-47
55 6 12 7 9 9.1886e-48
55 7 9 6 12 8.46919e-48
55 9 6 12 7 2.55486e-48
55 12 7 9 6 0.0216977
55 4 8 8 8 2.48953e-48
55 8 4 8 8 3.43457e-48
55 8 8 4 8 3.03835e-48
55 8 8 8 4 2.32412e-48
55 4 12 6 8 6.19111e-48
55 6 8 4 12 8.35168e-48
55 8 4 12 6 6.04601e-48
55 12 6 8 4 3.13073e-48
55 7 9 8 8 4.92763e-50
55 8 7 9 8 0.000287237
55 8 8 7 9 6.55088e-50
55 9 8 8 7 2.30776e-50
55 4 8 8 7 2.37436e-48
55 7 4 8 8 3.99298e-48
55 8 7 4 8 0.0378598
55 8 8 7 4 3.31493e-48
55 5 5 10 9 9.08299e-48
55 5 10 9 5 6.4998e-48
55 9 5 5 10 8.16004e-48
55 10 9 5 5 5.06846e-48
55 5 7 6 8 0.0513479
55 6 8 5 7 3.56384e-48
55 7 6 8 5 5.64616e-48
55 8 5 7 6 6.75781e-48
55 7 12 11 8 4.54621e-48
55 8 7 12 11 0.0432563
55 11 8 7 12 7.76631e-48
55 12 11 8 7 3.62309e-48
55 4 12 8 10 8.41301e-48
55 8 10 4 12 9.85504e-48
55 10 4 12 8 2.9565e-48
55 12 8 10 4 2.20939e-48
55 4 6 5 11 4.90641e-48
55 5 11 4 6 8.96898e-48
55 6 5 11 4 3.73864e-48
55 11 4 6 5 6.73688e-48
55 5 5 12 6 9.88146e-48
55 5 12 6 5 1.35119e-47
55 6 5 5 12 1.47316e-47
55 12 6 5 5 6.98786e-48
55 4 8 9 8 1.96062e-48
55 8 4 8 9 5.3893e-48
55 8 9 8 4 3.36549e-48
55 9 8 4 8 2.51174e-48
55 4 7 8 9 0.0426859
55 7 8 9 4 1.86606e-48
55 8 9 4 7 3.67981e-48
55 9 4 7 8 3.55134e-48
55 4 7 5 7 0.0390603
55 5 7 4 7 0.0499305
55 7 4 7 5 8.60909e-48
55 7 5 7 4 6.01868e-48
56 6 11 7 7 1
57 4 10 11 8 5.03537e-48
57 8 4 10 11 0.105184
57 10 11 8 4 2.12373e-48
57 11 8 4 10 6.53058e-48
57 6 11 7 7 3.69405e-50
57 7 6 11 7 6.83917e-50
57 7 7 6 11 0.000560242
57 11 7 7 6 7.54335e-50
57 8 8 9 9 3.97042e-50
57 8 9 9 8 4.35488e-50
57 9 8 8 9 2.94514e-50
57 9 9 8 8 3.23032e-50
57 5 6 11 8 8.52511e-48
57 6 11 8 5 3.95967e-48
57 8 5 6 11 0.0901148
57 11 8 5 6 6.4041e-48
57 7 10 9 11 0.0386526
57 9 11 7 10 2.6763e-48
57 10 9 11 7 3.89947e-48
57 11 7 10 9 6.56539e-48
57 7 7 9 12 3.04683e-48
57 7 9 12 7 4.78194e-48
57 9 12 7 7 3.61076e-48
57 12 7 7 9 4.04101e-48
57 8 8 11 10 6.83397e-48
57 8 11 10 8 3.37825e-48
57 10 8 8 11 0.0278027
57 11 10 8 8 5.58816e-48
57 4 4 7 11 0.104653
57 4 7 11 4 6.4471e-48
57 7 11 4 4 3.77915e-48
57 11 4 4 7 1.12855e-47
57 6 12 11 8 6.43598e-48
57 8 6 12 11 0.0957991
57 11 8 6 12 6.2399e-48
57 12 11 8 6 3.76733e-48
57 8 12 11 10 1.66315e-47
57 10 8 12 11 0.0390707
57 11 10 8 12 1.12866e-47
57 12 11 10 8 3.37991e-48
57 6 12 8 7 5.96917e-48
57 7 6 12 8 4.09173e-48
57 8 7 6 12 6.07518e-48
57 12 8 7 6 3.4351e-48
57 8 8 9 12 3.57634e-48
57 8 9 12 8 5.56191e-48
57 9 12 8 8 3.19647e-48
57 12 8 8 9 3.61021e-48
57 6 10 8 10 7.20074e-48
57 8 10 6 10 8.9116e-48
57 10 6 10 8 3.09889e-48
57 10 8 10 6 2.78127e-48
57 4 4 8 8 6.27798e-48
57 4 8 8 4 4.06633e-48
57 8 4 4 8 7.47206e-48
57 8 8 4 4 4.83975e-48
57 6 8 9 9 2.45498e-48
57 8 9 9 6 4.74748e-48
57 9 6 8 9 3.5773e-48
57 9 9 6 8 2.47193e-48
57 5 9 9 10 6.53546e-48
57 9 9 10 5 3.3526e-48
57 9 10 5 9 3.39491e-48
57 10 5 9 9 2.36211e-48
57 6 7 6 11 0.0513774
57 6 11 6 7 3.19102e-48
57 7 6 11 6 6.68225e-48
57 11 6 7 6 8.28739e-48
57 4 10 7 8 4.5264e-48
57 7 8 4 10 4.73345e-48
57 8 4 10 7 9.07549e-48
57 10 7 8 4 2.95029e-48
57 6 9 7 8 3.73773e-48
57 7 8 6 9 3.20995e-48
57 8 6 9 7 4.13746e-48
57 9 7 8 6 2.72941e-48
57 4 5 4 6 8.74418e-48
57 4 6 4 5 8.60869e-48
57 5 4 6 4 1.32586e-47
57 6 4 5 4 9.49935e-48
57 4 11 10 9 4.61623e-48
57 9 4 11 10 7.65765e-48
57 10 9 4 11 0.0495956
57 11 10 9 4 5.4677e-48
57 5 12 7 12 1.82831e-47
57 7 12 5 12 1.23389e-47
57 12 5 12 7 8.42228e-48
57 12 7 12 5 7.37418e-48
57 4 5 5 6 1.20367e-47
57 5 5 6 4 1.39045e-47
57 5 6 4 5 1.59064e-47
57 6 4 5 5 1.35901e-47
57 6 9 7 11 0.0543317
57 7 11 6 9 2.87166e-48
57 9 7 11 6 3.02352e-48
57 11 6 9 7 4.32639e-48
57 5 10 9 8 5.05947e-50
57 8 5 10 9 9.31567e-50
57 9 8 5 10 3.8415e-50
57 10 9 8 5 4.57289e-50
57 5 10 8 12 1.27548e-47
57 8 12 5 10 1.57312e-47
57 10 8 12 5 3.5885e-48
57 12 5 10 8 5.70853e-48
57 6 11 7 8 3.01099e-50
57 7 8 6 11 0.000460843
57 8 6 11 7 9.2249e-50
57 11 7 8 6 7.74418e-50
57 4 11 8 9 3.87595e-48
57 8 9 4 11 0.0822151
57 9 4 11 8 3.93564e-48
57 11 8 9 4 3.24397e-48
57 6 8 9 8 1.85128e-48
57 8 6 8 9 7.41116e-48
57 8 9 8 6 7.29563e-48
57 9 8 6 8 1.6995e-48
57 4 5 7 8 5.75783e-48
57 5 7 8 4 8.20077e-48
57 7 8 4 5 4.60878e-48
57 8 4 5 7 1.13297e-47
57 7 7 12 9 4.39904e-48
57 7 12 9 7 3.77266e-48
57 9 7 7 12 3.02364e-48
57 12 9 7 7 4.55475e-48
57 4 5 7 7 7.01414e-48
57 5 7 7 4 7.9317e-48
57 7 4 5 7 8.34029e-48
57 7 7 4 5 5.56328e-48
57 4 8 8 6 4.47802e-48
57 6 4 8 8 5.72196e-48
57 8 6 4 8 5.93841e-48
57 8 8 6 4 4.58676e-48
57 4 4 8 7 8.44538e-48
57 4 8 7 4 4.34308e-48
57 7 4 4 8 6.07419e-48
57 8 7 4 4 6.45137e-48
57 4 6 10 11 0.0921545
57 6 10 11 4 7.38263e-48
57 10 11 4 6 3.06862e-48
57 11 4 6 10 1.53712e-47
57 6 12 7 9 6.24337e-48
57 7 9 6 12 5.35337e-48
57 9 6 12 7 3.24684e-48
57 12 7 9 6 2.77145e-48
57 4 8 8 8 2.98783e-48
57 8 4 8 8 6.73114e-48
57 8 8 4 8 3.55611e-48
57 8 8 8 4 4.35984e-48
57 4 12 6 8 6.77538e-48
57 6 8 4 12 5.40769e-48
57 8 4 12 6 1.25565e-47
57 12 6 8 4 6.45154e-48
57 7 9 8 8 4.78992e-50
57 8 7 9 8 3.51394e-50
57 8 8 7 9 5.73767e-50
57 9 8 8 7 2.63047e-50
57 4 8 8 7 4.01313e-48
57 7 4 8 8 5.46342e-48
57 8 7 4 8 4.73296e-48
57 8 8 7 4 4.64937e-48
57 5 5 10 9 1.08538e-47
57 5 10 9 5 6.6601e-48
57 9 5 5 10 5.72297e-48
57 10 9 5 5 4.72426e-48
57 5 7 6 8 5.26671e-48
57 6 8 5 7 3.80807e-48
57 7 6 8 5 5.76004e-48
57 8 5 7 6 7.68697e-48
57 7 12 11 8 6.63621e-48
57 8 7 12 11 0.0824536
57 11 8 7 12 6.83049e-48
57 12 11 8 7 3.646e-48
57 4 12 8 10 1.00339e-47
57 8 10 4 12 8.58568e-48
57 10 4 12 8 4.04688e-48
57 12 8 10 4 3.68441e-48
57 4 6 5 11 0.0855748
57 5 11 4 6 6.34477e-48
57 6 5 11 4 6.98553e-48
57 11 4 6 5 1.11326e-47
57 5 5 12 6 1.50379e-47
57 5 12 6 5 1.61525e-47
57 6 5 5 12 1.08697e-47
57 12 6 5 5 9.34604e-48
57 4 8 9 8 2.1231e-48
57 8 4 8 9 9.74716e-48
57 8 9 8 4 6.92469e-48
57 9 8 4 8 1.87439e-48
57 4 7 8 9 5.04975e-48
57 7 8 9 4 2.2051e-48
57 8 9 4 7 6.65274e-48
57 9 4 7 8 3.3179e-48
57 4 7 5 7 6.54652e-48
57 5 7 4 7 8.78731e-48
57 7 4 7 5 9.09896e-48
57 7 5 7 4 6.66991e-48
58 4 10 11 8 0.000291125
58 8 4 10 11 4.62971e-46
58 10 11 8 4 3.39512e-45
58 11 8 4 10 0.00534625
58 6 11 7 7 0.000353148
58 7 6 11 7 0.000103033
58 7 7 6 11 2.28235e-47
58 11 7 7 6 0.000470758
58 8 8 9 9 5.41763e-05
58 8 9 9 8 2.6886e-48
58 9 8 8 9 0.000110682
58 9 9 8 8 5.4928e-48
58 5 6 11 8 0.0052413
58 6 11 8 5 0.0206577
58 8 5 6 11 8.67642e-46
58 11 8 5 6 0.0245574
58 7 10 9 11 4.55507e-46
58 9 11 7 10 0.0086552
58 10 9 11 7 2.01375e-88
58 11 7 10 9 0.036108
58 7 7 9 12 1.36275e-45
58 7 9 12 7 1.51525e-45
58 9 12 7 7 0.00417146
58 12 7 7 9 2.25474e-45
58 8 8 11 10 0.00192192
58 8 11 10 8 0.00692647
58 10 8 8 11 1.55285e-88
58 11 10 8 8 0.00261004
58 4 4 7 11 1.12059e-46
58 4 7 11 4 0.00256317
58 7 11 4 4 0.0306037
58 11 4 4 7 0.00854978
58 6 12 11 8 0.00288236
58 8 6 12 11 9.36695e-46
58 11 8 6 12 1.77265e-45
58 12 11 8 6 5.74622e-45
58 8 12 11 10 0.00167237
58 10 8 12 11 2.65266e-88
58 11 10 8 12 1.2598e-45
58 12 11 10 8 1.93936e-45
58 6 12 8 7 0.00623407
58 7 6 12 8 0.00430745
58 8 7 6 12 1.19363e-45
58 12 8 7 6 1.85263e-45
58 8 8 9 12 4.62752e-46
58 8 9 12 8 3.78837e-46
58 9 12 8 8 0.00170434
58 12 8 8 9 1.25121e-45
58 6 10 8 10 0.00303938
58 8 10 6 10 0.00142491
58 10 6 10 8 8.44193e-46
58 10 8 10 6 3.62007e-45
58 4 4 8 8 0.000291277
58 4 8 8 4 0.00125073
58 8 4 4 8 0.00129887
58 8 8 4 4 0.00557726
58 6 8 9 9 0.00988587
58 8 9 9 6 1.06849e-45
58 9 6 8 9 0.0102576
58 9 9 6 8 4.69897e-46
58 5 9 9 10 5.07578e-46
58 9 9 10 5 9.24408e-46
58 9 10 5 9 0.00554386
58 10 5 9 9 1.39502e-45
58 6 7 6 11 2.67428e-45
58 6 11 6 7 0.0317019
58 7 6 11 6 0.0182208
58 11 6 7 6 0.0263681
58 4 10 7 8 0.000325956
58 7 8 4 10 0.00413634
58 8 4 10 7 0.00375035
58 10 7 8 4 2.32004e-45
58 6 9 7 8 6.64907e-46
58 7 8 6 9 0.0102647
58 8 6 9 7 0.00344261
58 9 7 8 6 0.0222059
58 4 5 4 6 0.00461125
58 4 6 4 5 0.00137523
58 5 4 6 4 0.00849715
58 6 4 5 4 0.00837388
58 4 11 10 9 0.00739715
58 9 4 11 10 0.00198965
58 10 9 4 11 3.66993e-131
58 11 10 9 4 0.00567905
58 5 12 7 12 1.56792e-45
58 7 12 5 12 1.18381e-45
58 12 5 12 7 2.31671e-45
58 12 7 12 5 2.18141e-45
58 4 5 5 6 0.00540427
58 5 5 6 4 0.0239118
58 5 6 4 5 0.0155558
58 6 4 5 5 0.00701844
58 6 9 7 11 2.07346e-88
58 7 11 6 9 0.0279381
58 9 7 11 6 0.0212458
58 11 6 9 7 0.00778938
58 5 10 9 8 2.28446e-05
58 8 5 10 9 0.000129252
58 9 8 5 10 3.755e-05
58 10 9 8 5 1.60515e-90
58 5 10 8 12 1.24912e-45
58 8 12 5 10 0.00181176
58 10 8 12 5 1.34284e-45
58 12 5 10 8 8.79542e-46
58 6 11 7 8 0.000142915
58 7 8 6 11 1.25449e-47
58 8 6 11 7 6.01684e-05
58 11 7 8 6 0.000449253
58 4 11 8 9 0.0045289
58 8 9 4 11 1.1483e-88
58 9 4 11 8 0.00154325
58 11 8 9 4 0.00767069
58 6 8 9 8 0.00295812
58 8 6 8 9 0.00700278
58 8 9 8 6 1.49026e-45
58 9 8 6 8 0.00283327
58 4 5 7 8 0.000771164
58 5 7 8 4 0.0231095
58 7 8 4 5 0.0071868
58 8 4 5 7 0.00337719
58 7 7 12 9 0.0228911
58 7 12 9 7 0.00339769
58 9 7 7 12 1.7348e-45
58 12 9 7 7 1.54754e-88
58 4 5 7 7 0.00189211
58 5 7 7 4 0.0240447
58 7 4 5 7 0.0057423
58 7 7 4 5 0.0129829
58 4 8 8 6 0.00248782
58 6 4 8 8 0.00252634
58 8 6 4 8 0.00258704
58 8 8 6 4 0.0050857
58 4 4 8 7 0.000789208
58 4 8 7 4 0.00143706
58 7 4 4 8 0.00243882
58 8 7 4 4 0.0111261
58 4 6 10 11 3.15255e-46
58 6 10 11 4 0.00819795
58 10 11 4 6 1.02954e-44
58 11 4 6 10 0.00368607
58 6 12 7 9 0.00877674
58 7 9 6 12 1.85103e-88
58 9 6 12 7 0.00904483
58 12 7 9 6 2.29107e-45
58 4 8 8 8 0.000455334
58 8 4 8 8 0.00100703
58 8 8 4 8 0.00203043
58 8 8 8 4 0.00432412
58 4 12 6 8 0.000412728
58 6 8 4 12 2.17761e-45
58 8 4 12 6 0.00832468
58 12 6 8 4 1.36629e-45
58 7 9 8 8 6.1992e-48
58 8 7 9 8 2.84731e-05
58 8 8 7 9 7.64397e-05
58 9 8 8 7 7.90073e-05
58 4 8 8 7 0.00123181
58 7 4 8 8 0.00188792
58 8 7 4 8 0.00404425
58 8 8 7 4 0.00496066
58 5 5 10 9 0.0285906
58 5 10 9 5 0.00355575
58 9 5 5 10 0.0045701
58 10 9 5 5 1.64043e-88
58 5 7 6 8 0.0082207
58 6 8 5 7 0.0110034
58 7 6 8 5 0.00589825
58 8 5 7 6 0.0121023
58 7 12 11 8 0.00232608
58 8 7 12 11 1.58132e-45
58 11 8 7 12 1.86722e-45
58 12 11 8 7 3.0725e-45
58 4 12 8 10 0.000362278
58 8 10 4 12 5.1459e-46
58 10 4 12 8 3.89917e-46
58 12 8 10 4 1.40246e-45
58 4 6 5 11 2.11169e-46
58 5 11 4 6 0.0762817
58 6 5 11 4 0.014427
58 11 4 6 5 0.00476393
58 5 5 12 6 0.0507909
58 5 12 6 5 0.00712238
58 6 5 5 12 3.04445e-45
58 12 6 5 5 1.14708e-45
58 4 8 9 8 0.000356494
58 8 4 8 9 0.00367498
58 8 9 8 4 7.83118e-46
58 9 8 4 8 0.00324772
58 4 7 8 9 0.00290242
58 7 8 9 4 0.00556582
58 8 9 4 7 8.72367e-46
58 9 4 7 8 0.00162047
58 4 7 5 7 0.00297483
58 5 7 4 7 0.028712
58 7 4 7 5 0.00399945
58 7 5 7 4 0.0134284
59 4 10 11 8 5.02086e-48
59 8 4 10 11 8.31791e-48
59 10 11 8 4 7.98053e-48
59 11 8 4 10 4.09136e-48
59 6 11 7 7 1.04928e-49
59 7 6 11 7 5.82992e-50
59 7 7 6 11 7.18357e-50
59 11 7 7 6 7.50693e-50
59 8 8 9 9 2.43838e-50
59 8 9 9 8 0.000410671
59 9 8 8 9 2.40574e-50
59 9 9 8 8 0.000405173
59 5 6 11 8 4.21915e-48
59 6 11 8 5 1.3252e-47
59 8 5 6 11 9.03582e-48
59 11 8 5 6 7.38681e-48
59 7 10 9 11 5.89675e-48
59 9 11 7 10 4.33695e-48
59 10 9 11 7 0.0412888
59 11 7 10 9 3.84267e-48
59 7 7 9 12 2.88702e-48
59 7 9 12 7 0.0567606
59 9 12 7 7 5.19475e-48
59 12 7 7 9 2.61343e-48
59 8 8 11 10 3.09414e-48
59 8 11 10 8 6.82362e-48
59 10 8 8 11 4.39705e-48
59 11 10 8 8 5.96191e-48
59 4 4 7 11 8.64682e-48
59 4 7 11 4 8.07135e-48
59 7 11 4 4 1.14225e-47
59 11 4 4 7 8.58023e-48
59 6 12 11 8 5.1833e-48
59 8 6 12 11 9.5233e-48
59 11 8 6 12 4.59306e-48
59 12 11 8 6 8.60281e-48
59 8 12 11 10 6.24935e-48
59 10 8 12 11 6.3863e-48
59 11 10 8 12 9.05712e-48
59 12 11 10 8 8.04098e-48
59 6 12 8 7 8.2337e-48
59 7 6 12 8 4.3018e-48
59 8 7 6 12 4.94306e-48
59 12 8 7 6 4.37008e-48
59 8 8 9 12 2.99911e-48
59 8 9 12 8 0.0492182
59 9 12 8 8 3.93396e-48
59 12 8 8 9 2.37104e-48
59 6 10 8 10 7.37384e-48
59 8 10 6 10 7.05097e-48
59 10 6 10 8 4.73342e-48
59 10 8 10 6 5.176e-48
59 4 4 8 8 5.02137e-48
59 4 8 8 4 7.21172e-48
59 8 4 4 8 5.19393e-48
59 8 8 4 4 7.45957e-48
59 6 8 9 9 2.06627e-48
59 8 9 9 6 0.0489553
59 9 6 8 9 2.62261e-48
59 9 9 6 8 0.0328308
59 5 9 9 10 0.0306891
59 9 9 10 5 0.0659834
59 9 10 5 9 3.65372e-48
59 10 5 9 9 1.89159e-48
59 6 7 6 11 8.06368e-48
59 6 11 6 7 9.83613e-48
59 7 6 11 6 5.19921e-48
59 11 6 7 6 7.33469e-48
59 4 10 7 8 6.29604e-48
59 7 8 4 10 3.63675e-48
59 8 4 10 7 8.12158e-48
59 10 7 8 4 6.38804e-48
59 6 9 7 8 0.042796
59 7 8 6 9 2.12204e-48
59 8 6 9 7 4.95998e-48
59 9 7 8 6 4.46665e-48
59 4 5 4 6 1.10606e-47
59 4 6 4 5 1.39316e-47
59 5 4 6 4 1.02958e-47
59 6 4 5 4 1.39923e-47
59 4 11 10 9 6.26533e-48
59 9 4 11 10 3.28973e-48
59 10 9 4 11 0.0703328
59 11 10 9 4 9.22735e-48
59 5 12 7 12 8.77912e-48
59 7 12 5 12 9.96366e-48
59 12 5 12 7 1.09865e-47
59 12 7 12 5 1.26309e-47
59 4 5 5 6 1.63914e-47
59 5 5 6 4 1.47295e-47
59 5 6 4 5 1.64335e-47
59 6 4 5 5 1.91973e-47
59 6 9 7 11 0.0658582
59 7 11 6 9 3.32496e-48
59 9 7 11 6 3.46099e-48
59 11 6 9 7 4.7351e-48
59 5 10 9 8 5.07117e-50
59 8 5 10 9 5.22892e-50
59 9 8 5 10 4.15739e-50
59 10 9 8 5 0.00079583
59 5 10 8 12 8.73067e-48
59 8 12 5 10 9.64505e-48
59 10 8 12 5 7.63119e-48
59 12 5 10 8 6.85146e-48
59 6 11 7 8 7.13892e-50
59 7 8 6 11 5.85528e-50
59 8 6 11 7 7.02335e-50
59 11 7 8 6 7.89824e-50
59 4 11 8 9 4.61762e-48
59 8 9 4 11 0.0790056
59 9 4 11 8 2.6442e-48
59 11 8 9 4 4.74238e-48
59 6 8 9 8 2.82873e-48
59 8 6 8 9 3.70894e-48
59 8 9 8 6 0.0683065
59 9 8 6 8 2.66866e-48
59 4 5 7 8 6.13021e-48
59 5 7 8 4 9.37034e-48
59 7 8 4 5 7.62743e-48
59 8 4 5 7 1.01574e-47
59 7 7 12 9 2.86454e-48
59 7 12 9 7 4.68241e-48
59 9 7 7 12 3.32105e-48
59 12 9 7 7 0.0536947
59 4 5 7 7 8.94654e-48
59 5 7 7 4 8.84321e-48
59 7 4 5 7 8.37192e-48
59 7 7 4 5 9.29167e-48
59 4 8 8 6 6.0468e-48
59 6 4 8 8 5.14171e-48
59 8 6 4 8 5.71979e-48
59 8 8 6 4 7.06122e-48
59 4 4 8 7 8.09255e-48
59 4 8 7 4 7.51584e-48
59 7 4 4 8 4.72739e-48
59 8 7 4 4 1.00349e-47
59 4 6 10 11 1.23183e-47
59 6 10 11 4 1.18778e-47
59 10 11 4 6 9.30775e-48
59 11 4 6 10 6.23001e-48
59 6 12 7 9 3.86366e-48
59 7 9 6 12 0.0408736
59 9 6 12 7 5.35065e-48
59 12 7 9 6 4.01626e-48
59 4 8 8 8 3.68956e-48
59 8 4 8 8 4.41344e-48
59 8 8 4 8 3.81636e-48
59 8 8 8 4 6.33862e-48
59 4 12 6 8 7.35259e-48
59 6 8 4 12 5.98231e-48
59 8 4 12 6 9.30466e-48
59 12 6 8 4 9.91527e-48
59 7 9 8 8 0.000459182
59 8 7 9 8 3.95375e-50
59 8 8 7 9 3.12181e-50
59 9 8 8 7 4.67326e-50
59 4 8 8 7 5.93699e-48
59 7 4 8 8 4.0108e-48
59 8 7 4 8 5.12598e-48
59 8 8 7 4 6.59571e-48
59 5 5 10 9 4.74446e-48
59 5 10 9 5 9.19445e-48
59 9 5 5 10 5.47264e-48
59 10 9 5 5 0.0938375
59 5 7 6 8 4.43683e-48
59 6 8 5 7 7.22377e-48
59 7 6 8 5 8.07026e-48
59 8 5 7 6 7.33633e-48
59 7 12 11 8 4.36632e-48
59 8 7 12 11 9.21658e-48
59 11 8 7 12 4.63307e-48
59 12 11 8 7 9.12153e-48
59 4 12 8 10 6.57522e-48
59 8 10 4 12 8.00036e-48
59 10 4 12 8 4.04706e-48
59 12 8 10 4 7.1877e-48
59 4 6 5 11 1.14598e-47
59 5 11 4 6 1.01558e-47
59 6 5 11 4 8.60253e-48
59 11 4 6 5 9.71935e-48
59 5 5 12 6 1.18385e-47
59 5 12 6 5 1.54128e-47
59 6 5 5 12 1.14387e-47
59 12 6 5 5 1.5722e-47
59 4 8 9 8 2.88753e-48
59 8 4 8 9 3.52036e-48
59 8 9 8 4 0.0851524
59 9 8 4 8 2.94678e-48
59 4 7 8 9 3.46641e-48
59 7 8 9 4 3.95338e-48
59 8 9 4 7 0.0723455
59 9 4 7 8 3.10965e-48
59 4 7 5 7 1.11552e-47
59 5 7 4 7 8.87914e-48
59 7 4 7 5 8.97724e-48
59 7 5 7 4 9.36091e-48
60 8 8 7 9 1
61 4 10 11 8 0.0389263
61 8 4 10 11 2.5938e-48
61 10 11 8 4 2.9236e-48
61 11 8 4 10 6.57569e-48
61 6 11 7 7 3.72135e-50
61 7 6 11 7 6.28731e-50
61 7 7 6 11 3.89326e-50
61 11 7 7 6 4.82706e-50
61 8 8 9 9 3.01942e-50
61 8 9 9 8 0.000283869
61 9 8 8 9 4.00292e-50
61 9 9 8 8 0.000376333
61 5 6 11 8 0.0384919
61 6 11 8 5 3.90213e-48
61 8 5 6 11 6.17155e-48
61 11 8 5 6 6.78134e-48
61 7 10 9 11 4.42424e-48
61 9 11 7 10 3.4983e-48
61 10 9 11 7 5.39256e-48
61 11 7 10 9 3.38648e-48
61 7 7 9 12 2.00124e-48
61 7 9 12 7 3.73407e-48
61 9 12 7 7 4.88261e-48
61 12 7 7 9 1.9778e-48
61 8 8 11 10 5.26596e-48
61 8 11 10 8 0.0183023
61 10 8 8 11 4.38526e-48
61 11 10 8 8 0.0524648
61 4 4 7 11 3.59144e-48
61 4 7 11 4 3.32307e-48
61 7 11 4 4 3.721e-48
61 11 4 4 7 4.188e-48
61 6 12 11 8 0.0622623
61 8 6 12 11 4.96314e-48
61 11 8 6 12 6.49048e-48
61 12 11 8 6 2.84575e-48
61 8 12 11 10 1.24728e-47
61 10 8 12 11 4.77335e-48
61 11 10 8 12 1.14222e-47
61 12 11 10 8 0.0195166
61 6 12 8 7 6.08536e-48
61 7 6 12 8 0.0264253
61 8 7 6 12 2.70407e-48
61 12 8 7 6 2.81943e-48
61 8 8 9 12 2.71973e-48
61 8 9 12 8 0.0278178
61 9 12 8 8 0.0392267
61 12 8 8 9 2.89867e-48
61 6 10 8 10 7.27139e-48
61 8 10 6 10 6.41264e-48
61 10 6 10 8 0.0285516
61 10 8 10 6 3.35343e-48
61 4 4 8 8 0.0181388
61 4 8 8 4 3.43622e-48
61 8 4 4 8 0.0184598
61 8 8 4 4 3.49704e-48
61 6 8 9 9 2.59598e-48
61 8 9 9 6 3.33574e-48
61 9 6 8 9 4.0049e-48
61 9 9 6 8 0.0285345
61 5 9 9 10 3.52121e-48
61 9 9 10 5 3.46913e-48
61 9 10 5 9 4.48703e-48
61 10 5 9 9 2.96997e-48
61 6 7 6 11 3.42755e-48
61 6 11 6 7 3.11587e-48
61 7 6 11 6 6.14305e-48
61 11 6 7 6 7.32537e-48
61 4 10 7 8 0.0349699
61 7 8 4 10 4.9539e-48
61 8 4 10 7 2.07621e-48
61 10 7 8 4 2.57429e-48
61 6 9 7 8 0.0343056
61 7 8 6 9 3.47038e-48
61 8 6 9 7 2.59171e-48
61 9 7 8 6 2.21214e-48
61 4 5 4 6 6.03281e-48
61 4 6 4 5 5.7475e-48
61 5 4 6 4 2.79685e-48
61 6 4 5 4 3.69915e-48
61 4 11 10 9 3.02404e-48
61 9 4 11 10 3.92364e-48
61 10 9 4 11 6.93254e-48
61 11 10 9 4 5.58596e-48
61 5 12 7 12 1.05074e-47
61 7 12 5 12 1.32172e-47
61 12 5 12 7 4.45844e-48
61 12 7 12 5 2.73473e-48
61 4 5 5 6 8.73326e-48
61 5 5 6 4 6.77409e-48
61 5 6 4 5 7.25941e-48
61 6 4 5 5 5.29212e-48
61 6 9 7 11 5.79409e-48
61 7 11 6 9 2.92084e-48
61 9 7 11 6 2.50658e-48
61 11 6 9 7 3.7765e-48
61 5 10 9 8 0.000263867
61 8 5 10 9 4.922e-50
61 9 8 5 10 5.26668e-50
61 10 9 8 5 6.18237e-50
61 5 10 8 12 7.10287e-48
61 8 12 5 10 1.16341e-47
61 10 8 12 5 4.06722e-48
61 12 5 10 8 0.029823
61 6 11 7 8 0.000281397
61 7 8 6 11 5.37056e-50
61 8 6 11 7 5.85506e-50
61 11 7 8 6 4.84773e-50
61 4 11 8 9 3.08144e-48
61 8 9 4 11 5.91642e-48
61 9 4 11 8 0.0187077
61 11 8 9 4 3.43775e-48
61 6 8 9 8 0.0181609
61 8 6 8 9 4.59865e-48
61 8 9 8 6 5.07791e-48
61 9 8 6 8 0.021233
61 4 5 7 8 0.0392762
61 5 7 8 4 2.82483e-48
61 7 8 4 5 4.82342e-48
61 8 4 5 7 3.17292e-48
61 7 7 12 9 2.217e-48
61 7 12 9 7 4.04438e-48
61 9 7 7 12 2.50512e-48
61 12 9 7 7 3.45405e-48
61 4 5 7 7 5.15741e-48
61 5 7 7 4 2.79293e-48
61 7 4 5 7 3.3831e-48
61 7 7 4 5 3.47194e-48
61 4 8 8 6 3.78412e-48
61 6 4 8 8 0.0204927
61 8 6 4 8 0.0327888
61 8 8 6 4 3.42368e-48
61 4 4 8 7 2.63024e-48
61 4 8 7 4 3.75173e-48
61 7 4 4 8 0.0217354
61 8 7 4 4 2.77972e-48
61 4 6 10 11 5.69734e-48
61 6 10 11 4 7.62564e-48
61 10 11 4 6 4.0519e-48
61 11 4 6 10 5.89254e-48
61 6 12 7 9 6.50649e-48
61 7 9 6 12 5.34747e-48
61 9 6 12 7 2.81553e-48
61 12 7 9 6 1.33953e-48
61 4 8 8 8 0.0234232
61 8 4 8 8 0.0173371
61 8 8 4 8 0.0238378
61 8 8 8 4 3.28436e-48
61 4 12 6 8 0.0512223
61 6 8 4 12 5.4332e-48
61 8 4 12 6 2.70028e-48
61 12 6 8 4 4.26672e-48
61 7 9 8 8 0.000447977
61 8 7 9 8 0.000147831
61 8 8 7 9 4.41846e-50
61 9 8 8 7 3.57523e-50
61 4 8 8 7 3.39126e-48
61 7 4 8 8 0.0203819
61 8 7 4 8 0.0189189
61 8 8 7 4 3.58038e-48
61 5 5 10 9 4.39741e-48
61 5 10 9 5 3.74411e-48
61 9 5 5 10 6.67855e-48
61 10 9 5 5 6.44263e-48
61 5 7 6 8 0.0166762
61 6 8 5 7 4.02362e-48
61 7 6 8 5 5.1768e-48
61 8 5 7 6 5.03864e-48
61 7 12 11 8 0.0668738
61 8 7 12 11 3.09252e-48
61 11 8 7 12 7.32992e-48
61 12 11 8 7 2.75409e-48
61 4 12 8 10 8.2523e-48
61 8 10 4 12 5.98063e-48
61 10 4 12 8 0.0156825
61 12 8 10 4 2.43758e-48
61 4 6 5 11 6.47653e-48
61 5 11 4 6 3.30732e-48
61 6 5 11 4 6.3708e-48
61 11 4 6 5 4.26769e-48
61 5 5 12 6 5.72717e-48
61 5 12 6 5 8.99786e-48
61 6 5 5 12 9.7758e-48
61 12 6 5 5 6.23483e-48
61 4 8 9 8 0.0168023
61 8 4 8 9 2.70616e-48
61 8 9 8 4 4.81973e-48
61 9 8 4 8 0.0226694
61 4 7 8 9 2.5446e-48
61 7 8 9 4 2.42889e-48
61 8 9 4 7 4.44142e-48
61 9 4 7 8 0.0157616
61 4 7 5 7 3.32756e-48
61 5 7 4 7 2.9033e-48
61 7 4 7 5 3.74037e-48
61 7 5 7 4 6.33243e-48
62 2 0 3 10 0.0678499
62 2 0 1 11 0.0211132
62 2 0 3 5 0.0249957
62 3 0 3 9 0.036543
62 2 0 3 12 0.062987
62 3 0 2 6 0.0782143
62 3 0 3 5 0.0238219
62 2 0 3 6 0.0480433
62 1 0 2 8 0.0201364
62 2 0 2 7 0.0148454
62 1 0 2 4 0.0971141
62 3 0 2 8 0.0530098
62 2 0 3 4 0.06958
62 1 0 1 9 0.0222935
62 1 0 3 11 0.0169899
62 2 0 1 10 0.0587721
62 3 0 1 12 0.112849
62 3 0 2 5 0.0202789
62 1 0 2 7 0.0106109
62 1 0 1 7 0.0102881
62 2 0 2 9 0.0329449
62 1 0 2 12 0.043737
62 2 0 1 8 0.0297713
62 1 0 3 8 0.0232105
63 3 10 2 0 1.21207e-47
63 1 11 2 0 1.20894e-47
63 3 5 2 0 1.23761e-47
63 3 9 3 0 0.0307061
63 3 12 2 0 1.03074e-47
63 2 6 3 0 0.0539152
63 3 5 3 0 0.0303744
63 3 6 2 0 1.30957e-47
63 2 8 1 0 0.0813508
63 2 7 2 0 1.26356e-47
63 2 4 1 0 0.122505
63 2 8 3 0 0.0548155
63 3 4 2 0 8.88374e-48
63 1 9 1 0 0.0927106
63 3 11 1 0 0.0772664
63 1 10 2 0 1.32999e-47
63 1 12 3 0 0.0602432
63 2 5 3 0 0.0253917
63 2 7 1 0 0.0908667
63 1 7 1 0 0.113651
63 2 9 2 0 1.05562e-47
63 2 12 1 0 0.0707145
63 1 8 2 0 1.54211e-47
63 3 8 1 0 0.0954884
64 4 10 11 8 0.00235534
64 8 4 10 11 0.00510517
64 10 11 8 4 0.00114357
64 11 8 4 10 1.42249e-46
64 6 11 7 7 2.51308e-05
64 7 6 11 7 1.86084e-05
64 7 7 6 11 8.44256e-05
64 11 7 7 6 2.42545e-05
64 8 8 9 9 7.17052e-05
64 8 9 9 8 0.00010303
64 9 8 8 9 6.71e-05
64 9 9 8 8 9.64125e-05
64 5 6 11 8 0.000589173
64 6 11 8 5 0.0013353
64 8 5 6 11 0.00721799
64 11 8 5 6 0.00216212
64 7 10 9 11 0.00241611
64 9 11 7 10 6.46605e-47
64 10 9 11 7 0.00512068
64 11 7 10 9 0.00881806
64 7 7 9 12 0.0112436
64 7 9 12 7 0.0137114
64 9 12 7 7 0.00654146
64 12 7 7 9 0.0113285
64 8 8 11 10 1.43892e-46
64 8 11 10 8 0.00153484
64 10 8 8 11 0.0031485
64 11 10 8 8 0.00192645
64 4 4 7 11 0.00795577
64 4 7 11 4 0.00788954
64 7 11 4 4 0.00117078
64 11 4 4 7 0.0046192
64 6 12 11 8 0.0109419
64 8 6 12 11 0.0023425
64 11 8 6 12 0.00815559
64 12 11 8 6 0.00148192
64 8 12 11 10 3.67109e-46
64 10 8 12 11 0.00663442
64 11 10 8 12 0.00370238
64 12 11 10 8 0.00485088
64 6 12 8 7 0.0139004
64 7 6 12 8 0.00303213
64 8 7 6 12 0.00859547
64 12 8 7 6 0.00290996
64 8 8 9 12 0.00660995
64 8 9 12 8 0.0104789
64 9 12 8 8 0.00821118
64 12 8 8 9 0.0109386
64 6 10 8 10 1.88297e-46
64 8 10 6 10 1.18899e-46
64 10 6 10 8 0.00193738
64 10 8 10 6 0.00203607
64 4 4 8 8 0.010162
64 4 8 8 4 0.00688936
64 8 4 4 8 0.00334636
64 8 8 4 4 0.00226867
64 6 8 9 9 0.010994
64 8 9 9 6 0.00359521
64 9 6 8 9 0.00222796
64 9 9 6 8 0.00933416
64 5 9 9 10 1.92426e-46
64 9 9 10 5 0.00408533
64 9 10 5 9 0.00238606
64 10 5 9 9 0.00859414
64 6 7 6 11 0.0109546
64 6 11 6 7 0.00338191
64 7 6 11 6 0.000670174
64 11 6 7 6 0.00063937
64 4 10 7 8 0.00271217
64 7 8 4 10 1.71691e-46
64 8 4 10 7 0.00661461
64 10 7 8 4 0.00479945
64 6 9 7 8 0.0094576
64 7 8 6 9 0.00682659
64 8 6 9 7 0.00190774
64 9 7 8 6 0.00243899
64 4 5 4 6 0.00430114
64 4 6 4 5 0.00119123
64 5 4 6 4 0.00339793
64 6 4 5 4 0.0119916
64 4 11 10 9 0.00439225
64 9 4 11 10 2.66811e-46
64 10 9 4 11 0.00426315
64 11 10 9 4 0.00258792
64 5 12 7 12 0.00590643
64 7 12 5 12 0.0216182
64 12 5 12 7 0.037927
64 12 7 12 5 0.0143509
64 4 5 5 6 0.00922998
64 5 5 6 4 0.00542848
64 5 6 4 5 0.000377753
64 6 4 5 5 0.00822492
64 6 9 7 11 0.00795011
64 7 11 6 9 0.00230305
64 9 7 11 6 0.00171291
64 11 6 9 7 0.00209946
64 5 10 9 8 1.20629e-05
64 8 5 10 9 0.000110744
64 9 8 5 10 2.94416e-48
64 10 9 8 5 3.81303e-05
64 5 10 8 12 0.0015368
64 8 12 5 10 5.32097e-46
64 10 8 12 5 0.00368361
64 12 5 10 8 0.0230565
64 6 11 7 8 2.35883e-05
64 7 8 6 11 6.09569e-05
64 8 6 11 7 1.43218e-05
64 11 7 8 6 3.06606e-05
64 4 11 8 9 0.00315774
64 8 9 4 11 0.00372281
64 9 4 11 8 0.00425935
64 11 8 9 4 0.0048354
64 6 8 9 8 0.0089166
64 8 6 8 9 0.00194315
64 8 9 8 6 0.00293423
64 9 8 6 8 0.00526875
64 4 5 7 8 0.0115306
64 5 7 8 4 0.00271667
64 7 8 4 5 0.00181523
64 8 4 5 7 0.00686901
64 7 7 12 9 0.0126321
64 7 12 9 7 0.0116914
64 9 7 7 12 0.00652297
64 12 9 7 7 0.0127499
64 4 5 7 7 0.0121979
64 5 7 7 4 0.00213389
64 7 4 5 7 0.00886191
64 7 7 4 5 0.00249635
64 4 8 8 6 0.00333052
64 6 4 8 8 0.0101965
64 8 6 4 8 0.00104358
64 8 8 6 4 0.00436503
64 4 4 8 7 0.0118713
64 4 8 7 4 0.00597583
64 7 4 4 8 0.00476749
64 8 7 4 4 0.00344532
64 4 6 10 11 0.00395321
64 6 10 11 4 0.00277209
64 10 11 4 6 0.000452038
64 11 4 6 10 4.73531e-46
64 6 12 7 9 0.0126421
64 7 9 6 12 0.0141916
64 9 6 12 7 0.00283194
64 12 7 9 6 0.00620139
64 4 8 8 8 0.00694232
64 8 4 8 8 0.00483729
64 8 8 4 8 0.00228611
64 8 8 8 4 0.00327944
64 4 12 6 8 0.0208802
64 6 8 4 12 0.00820266
64 8 4 12 6 0.00433106
64 12 6 8 4 0.00419057
64 7 9 8 8 0.000105476
64 8 7 9 8 7.77599e-05
64 8 8 7 9 4.46935e-05
64 9 8 8 7 5.59739e-05
64 4 8 8 7 0.00809748
64 7 4 8 8 0.00688093
64 8 7 4 8 0.00346643
64 8 8 7 4 0.00284019
64 5 5 10 9 0.00498784
64 5 10 9 5 0.000555115
64 9 5 5 10 4.65482e-46
64 10 9 5 5 0.003827
64 5 7 6 8 0.00302724
64 6 8 5 7 0.00821799
64 7 6 8 5 0.000995148
64 8 5 7 6 0.00218765
64 7 12 11 8 0.00797393
64 8 7 12 11 0.00840278
64 11 8 7 12 0.00573063
64 12 11 8 7 0.00389087
64 4 12 8 10 7.86861e-46
64 8 10 4 12 0.00166768
64 10 4 12 8 0.00827821
64 12 8 10 4 0.0102246
64 4 6 5 11 0.00305368
64 5 11 4 6 0.000190328
64 6 5 11 4 0.00876647
64 11 4 6 5 0.00372405
64 5 5 12 6 0.00305453
64 5 12 6 5 0.00298656
64 6 5 5 12 0.0272777
64 12 6 5 5 0.00282756
64 4 8 9 8 0.00928857
64 8 4 8 9 0.00651289
64 8 9 8 4 0.00634429
64 9 8 4 8 0.00286228
64 4 7 8 9 0.0124288
64 7 8 9 4 0.00547341
64 8 9 4 7 0.00452368
64 9 4 7 8 0.00459974
64 4 7 5 7 0.0146202
64 5 7 4 7 0.00216047
64 7 4 7 5 0.00325352
64 7 5 7 4 0.00757813
65 4 10 11 8 1.61354e-48
65 8 4 10 11 6.39637e-48
65 10 11 8 4 6.73027e-48
65 11 8 4 10 3.31679e-48
65 6 11 7 7 4.82839e-50
65 7 6 11 7 0.00044903
65 7 7 6 11 0.000811436
65 11 7 7 6 5.19473e-50
65 8 8 9 9 3.99709e-50
65 8 9 9 8 5.63284e-50
65 9 8 8 9 3.88872e-50
65 9 9 8 8 5.48013e-50
65 5 6 11 8 5.19094e-48
65 6 11 8 5 7.0714e-48
65 8 5 6 11 9.11049e-48
65 11 8 5 6 8.1176e-48
65 7 10 9 11 0.0277725
65 9 11 7 10 3.38857e-48
65 10 9 11 7 4.90074e-48
65 11 7 10 9 5.97148e-48
65 7 7 9 12 0.0481496
65 7 9 12 7 0.0629802
65 9 12 7 7 1.85115e-48
65 12 7 7 9 2.6314e-48
65 8 8 11 10 2.67858e-48
65 8 11 10 8 5.93897e-48
65 10 8 8 11 7.24961e-48
65 11 10 8 8 2.31252e-48
65 4 4 7 11 4.93501e-48
65 4 7 11 4 5.27592e-48
65 7 11 4 4 0.039197
65 11 4 4 7 5.0227e-48
65 6 12 11 8 2.89154e-48
65 8 6 12 11 9.19718e-48
65 11 8 6 12 6.41045e-48
65 12 11 8 6 6.63549e-48
65 8 12 11 10 2.0907e-48
65 10 8 12 11 1.78364e-47
65 11 10 8 12 2.51164e-48
65 12 11 10 8 1.19952e-47
65 6 12 8 7 2.67634e-48
65 7 6 12 8 0.0745381
65 8 7 6 12 3.80947e-48
65 12 8 7 6 3.48451e-48
65 8 8 9 12 4.02514e-48
65 8 9 12 8 6.01298e-48
65 9 12 8 8 2.81423e-48
65 12 8 8 9 3.50275e-48
65 6 10 8 10 1.7296e-48
65 8 10 6 10 1.54913e-48
65 10 6 10 8 9.35455e-48
65 10 8 10 6 8.48235e-48
65 4 4 8 8 4.98642e-48
65 4 8 8 4 4.57553e-48
65 8 4 4 8 2.7967e-48
65 8 8 4 4 2.56625e-48
65 6 8 9 9 4.35743e-48
65 8 9 9 6 4.20822e-48
65 9 6 8 9 3.20394e-48
65 9 9 6 8 5.35081e-48
65 5 9 9 10 4.71145e-48
65 9 9 10 5 6.24844e-48
65 9 10 5 9 1.53052e-48
65 10 5 9 9 7.51735e-48
65 6 7 6 11 8.54597e-48
65 6 11 6 7 7.25247e-48
65 7 6 11 6 0.0378887
65 11 6 7 6 4.2326e-48
65 4 10 7 8 1.33852e-48
65 7 8 4 10 0.0246301
65 8 4 10 7 5.41303e-48
65 10 7 8 4 6.71142e-48
65 6 9 7 8 2.9861e-48
65 7 8 6 9 0.0302202
65 8 6 9 7 4.66119e-48
65 9 7 8 6 4.69624e-48
65 4 5 4 6 5.88833e-48
65 4 6 4 5 4.65783e-48
65 5 4 6 4 8.02912e-48
65 6 4 5 4 8.69124e-48
65 4 11 10 9 5.69594e-48
65 9 4 11 10 4.49193e-48
65 10 9 4 11 5.49552e-48
65 11 10 9 4 3.65767e-48
65 5 12 7 12 2.61215e-48
65 7 12 5 12 0.0403264
65 12 5 12 7 2.31329e-47
65 12 7 12 5 1.89501e-47
65 4 5 5 6 1.45619e-47
65 5 5 6 4 1.51493e-47
65 5 6 4 5 6.66363e-48
65 6 4 5 5 1.28185e-47
65 6 9 7 11 3.51185e-48
65 7 11 6 9 0.0344469
65 9 7 11 6 4.13668e-48
65 11 6 9 7 7.30349e-48
65 5 10 9 8 3.30673e-50
65 8 5 10 9 6.05933e-50
65 9 8 5 10 6.42642e-50
65 10 9 8 5 7.24632e-50
65 5 10 8 12 2.14009e-48
65 8 12 5 10 3.07224e-48
65 10 8 12 5 1.61094e-47
65 12 5 10 8 1.55838e-47
65 6 11 7 8 4.95952e-50
65 7 8 6 11 0.000729785
65 8 6 11 7 3.94521e-50
65 11 7 8 6 7.26761e-50
65 4 11 8 9 3.46345e-48
65 8 9 4 11 2.82441e-48
65 9 4 11 8 4.67986e-48
65 11 8 9 4 7.85153e-48
65 6 8 9 8 6.83145e-48
65 8 6 8 9 2.41607e-48
65 8 9 8 6 3.08735e-48
65 9 8 6 8 5.95276e-48
65 4 5 7 8 6.03779e-48
65 5 7 8 4 6.53465e-48
65 7 8 4 5 0.038677
65 8 4 5 7 6.04546e-48
65 7 7 12 9 0.0519734
65 7 12 9 7 0.0308515
65 9 7 7 12 2.99562e-48
65 12 9 7 7 3.30627e-48
65 4 5 7 7 5.83665e-48
65 5 7 7 4 4.63785e-48
65 7 4 5 7 0.0683215
65 7 7 4 5 0.0427007
65 4 8 8 6 4.47445e-48
65 6 4 8 8 5.49126e-48
65 8 6 4 8 2.7676e-48
65 8 8 6 4 4.51303e-48
65 4 4 8 7 5.32302e-48
65 4 8 7 4 3.58608e-48
65 7 4 4 8 0.0349026
65 8 7 4 4 3.1287e-48
65 4 6 10 11 1.01823e-47
65 6 10 11 4 2.20591e-48
65 10 11 4 6 5.93801e-48
65 11 4 6 10 7.89152e-48
65 6 12 7 9 1.24509e-48
65 7 9 6 12 0.0348214
65 9 6 12 7 8.39933e-48
65 12 7 9 6 7.33964e-48
65 4 8 8 8 4.35636e-48
65 8 4 8 8 3.66388e-48
65 8 8 4 8 2.44332e-48
65 8 8 8 4 3.36198e-48
65 4 12 6 8 4.04269e-48
65 6 8 4 12 3.52265e-48
65 8 4 12 6 8.20036e-48
65 12 6 8 4 6.81235e-48
65 7 9 8 8 0.000454079
65 8 7 9 8 6.72661e-50
65 8 8 7 9 2.02355e-50
65 9 8 8 7 5.73011e-50
65 4 8 8 7 4.64325e-48
65 7 4 8 8 0.0456543
65 8 7 4 8 2.97423e-48
65 8 8 7 4 2.63088e-48
65 5 5 10 9 7.97627e-48
65 5 10 9 5 3.46317e-48
65 9 5 5 10 9.38336e-48
65 10 9 5 5 9.24803e-48
65 5 7 6 8 6.93866e-48
65 6 8 5 7 6.57647e-48
65 7 6 8 5 0.0476836
65 8 5 7 6 3.78567e-48
65 7 12 11 8 0.0259612
65 8 7 12 11 1.06736e-47
65 11 8 7 12 4.03559e-48
65 12 11 8 7 7.43603e-48
65 4 12 8 10 2.31466e-48
65 8 10 4 12 8.76756e-49
65 10 4 12 8 1.24391e-47
65 12 8 10 4 7.91992e-48
65 4 6 5 11 8.45897e-48
65 5 11 4 6 4.30063e-48
65 6 5 11 4 7.40157e-48
65 11 4 6 5 9.21786e-48
65 5 5 12 6 1.9963e-47
65 5 12 6 5 5.93699e-48
65 6 5 5 12 1.24675e-47
65 12 6 5 5 1.25683e-47
65 4 8 9 8 6.48411e-48
65 8 4 8 9 2.55196e-48
65 8 9 8 4 3.29997e-48
65 9 8 4 8 3.5381e-48
65 4 7 8 9 3.23905e-48
65 7 8 9 4 0.0546801
65 8 9 4 7 2.24162e-48
65 9 4 7 8 3.64087e-48
65 4 7 5 7 8.55806e-48
65 5 7 4 7 4.9508e-48
65 7 4 7 5 0.0443905
65 7 5 7 4 0.0567882
66 4 10 11 8 0.00258131
66 8 4 10 11 0.000783537
66 10 11 8 4 0.0215649
66 11 8 4 10 4.17358e-46
66 6 11 7 7 6.47618e-05
66 7 6 11 7 5.71482e-05
66 7 7 6 11 6.85042e-05
66 11 7 7 6 9.57956e-48
66 8 8 9 9 9.46449e-06
66 8 9 9 8 7.07142e-06
66 9 8 8 9 2.64753e-05
66 9 9 8 8 1.97812e-05
66 5 6 11 8 0.00248879
66 6 11 8 5 0.00308384
66 8 5 6 11 0.000725362
66 11 8 5 6 1.40473e-45
66 7 10 9 11 0.00527343
66 9 11 7 10 0.0020756
66 10 9 11 7 0.00974852
66 11 7 10 9 1.11377e-45
66 7 7 9 12 0.0140823
66 7 9 12 7 0.00877867
66 9 12 7 7 0.00140282
66 12 7 7 9 0.00722071
66 8 8 11 10 0.000504221
66 8 11 10 8 0.000846237
66 10 8 8 11 0.00904056
66 11 10 8 8 4.65267e-46
66 4 4 7 11 0.0033775
66 4 7 11 4 0.00749903
66 7 11 4 4 0.0076892
66 11 4 4 7 5.93221e-46
66 6 12 11 8 0.00426809
66 8 6 12 11 0.0010655
66 11 8 6 12 1.72861e-45
66 12 11 8 6 0.0214456
66 8 12 11 10 0.000667079
66 10 8 12 11 0.023373
66 11 10 8 12 1.58585e-45
66 12 11 10 8 0.0192014
66 6 12 8 7 0.00527627
66 7 6 12 8 0.00740383
66 8 7 6 12 0.00143568
66 12 8 7 6 0.0095882
66 8 8 9 12 0.00147821
66 8 9 12 8 0.000805041
66 9 12 8 8 0.00160501
66 12 8 8 9 0.00945651
66 6 10 8 10 0.00546595
66 8 10 6 10 0.000660795
66 10 6 10 8 0.0136148
66 10 8 10 6 0.0250644
66 4 4 8 8 0.00380357
66 4 8 8 4 0.00631457
66 8 4 4 8 0.000335599
66 8 8 4 4 0.000557152
66 6 8 9 9 0.00753497
66 8 9 9 6 0.00109957
66 9 6 8 9 0.00223621
66 9 9 6 8 0.00190387
66 5 9 9 10 0.00366206
66 9 9 10 5 0.0010045
66 9 10 5 9 0.00229393
66 10 5 9 9 0.0155022
66 6 7 6 11 0.00678663
66 6 11 6 7 0.00967709
66 7 6 11 6 0.00748433
66 11 6 7 6 7.80055e-46
66 4 10 7 8 0.00211326
66 7 8 4 10 0.00327831
66 8 4 10 7 0.000981983
66 10 7 8 4 0.0189541
66 6 9 7 8 0.00275307
66 7 8 6 9 0.00555773
66 8 6 9 7 0.000749871
66 9 7 8 6 0.00337366
66 4 5 4 6 0.00581059
66 4 6 4 5 0.00130226
66 5 4 6 4 0.00814341
66 6 4 5 4 0.015882
66 4 11 10 9 0.00954559
66 9 4 11 10 0.00264697
66 10 9 4 11 0.00672273
66 11 10 9 4 1.44957e-45
66 5 12 7 12 0.00641314
66 7 12 5 12 0.018865
66 12 5 12 7 0.0326661
66 12 7 12 5 0.0117746
66 4 5 5 6 0.0149884
66 5 5 6 4 0.010444
66 5 6 4 5 0.00125708
66 6 4 5 5 0.00506213
66 6 9 7 11 0.00293184
66 7 11 6 9 0.00737285
66 9 7 11 6 0.00298367
66 11 6 9 7 8.62373e-46
66 5 10 9 8 3.50292e-05
66 8 5 10 9 1.12741e-05
66 9 8 5 10 3.25576e-05
66 10 9 8 5 4.62522e-05
66 5 10 8 12 0.00722059
66 8 12 5 10 0.000931209
66 10 8 12 5 0.0100719
66 12 5 10 8 0.0160987
66 6 11 7 8 4.96052e-05
66 7 8 6 11 6.00621e-05
66 8 6 11 7 6.46739e-06
66 11 7 8 6 1.35257e-47
66 4 11 8 9 0.00563043
66 8 9 4 11 0.000297965
66 9 4 11 8 0.0017469
66 11 8 9 4 1.34815e-45
66 6 8 9 8 0.0058382
66 8 6 8 9 0.00059522
66 8 9 8 6 0.000818715
66 9 8 6 8 0.00197435
66 4 5 7 8 0.00310192
66 5 7 8 4 0.00624196
66 7 8 4 5 0.00140887
66 8 4 5 7 0.00101471
66 7 7 12 9 0.0104522
66 7 12 9 7 0.00637102
66 9 7 7 12 0.0032151
66 12 9 7 7 0.00628823
66 4 5 7 7 0.0040211
66 5 7 7 4 0.00438965
66 7 4 5 7 0.00890304
66 7 7 4 5 0.00159555
66 4 8 8 6 0.00642905
66 6 4 8 8 0.00526261
66 8 6 4 8 0.000308128
66 8 8 6 4 0.00105622
66 4 4 8 7 0.00544489
66 4 8 7 4 0.00490384
66 7 4 4 8 0.00325163
66 8 7 4 4 0.000696782
66 4 6 10 11 0.00672662
66 6 10 11 4 0.0088637
66 10 11 4 6 0.0181137
66 11 4 6 10 1.18278e-45
66 6 12 7 9 0.00366993
66 7 9 6 12 0.0106552
66 9 6 12 7 0.00408265
66 12 7 9 6 0.0206012
66 4 8 8 8 0.00300737
66 8 4 8 8 0.000480808
66 8 8 4 8 0.000265348
66 8 8 8 4 0.000798223
66 4 12 6 8 0.00466293
66 6 8 4 12 0.00876779
66 8 4 12 6 0.00235361
66 12 6 8 4 0.018628
66 7 9 8 8 4.4916e-05
66 8 7 9 8 8.07461e-06
66 8 8 7 9 4.81841e-06
66 9 8 8 7 2.58548e-05
66 4 8 8 7 0.00429846
66 7 4 8 8 0.00465136
66 8 7 4 8 0.000331335
66 8 8 7 4 0.000618935
66 5 5 10 9 0.0058206
66 5 10 9 5 0.00158496
66 9 5 5 10 0.00357041
66 10 9 5 5 0.00563014
66 5 7 6 8 0.00326807
66 6 8 5 7 0.00729564
66 7 6 8 5 0.0019473
66 8 5 7 6 0.000696415
66 7 12 11 8 0.00407379
66 8 7 12 11 0.00123731
66 11 8 7 12 1.09389e-45
66 12 11 8 7 0.0154843
66 4 12 8 10 0.00427561
66 8 10 4 12 0.000689688
66 10 4 12 8 0.0198905
66 12 8 10 4 0.0217772
66 4 6 5 11 0.00517032
66 5 11 4 6 0.0044372
66 6 5 11 4 0.00967776
66 11 4 6 5 3.78099e-46
66 5 5 12 6 0.0152748
66 5 12 6 5 0.00199621
66 6 5 5 12 0.02431
66 12 6 5 5 0.00708395
66 4 8 9 8 0.00441053
66 8 4 8 9 0.000677624
66 8 9 8 4 0.000840526
66 9 8 4 8 0.00108859
66 4 7 8 9 0.00464112
66 7 8 9 4 0.00993127
66 8 9 4 7 0.000350217
66 9 4 7 8 0.00134125
66 4 7 5 7 0.00775136
66 5 7 4 7 0.00290074
66 7 4 7 5 0.00193605
66 7 5 7 4 0.00779016
67 4 10 11 8 0.00674391
67 8 4 10 11 0.00635752
67 10 11 8 4 0.00278554
67 11 8 4 10 0.0022664
67 6 11 7 7 5.01711e-05
67 7 6 11 7 4.6792e-05
67 7 7 6 11 0.000118248
67 11 7 7 6 4.6898e-05
67 8 8 9 9 3.53041e-05
67 8 9 9 8 5.01952e-05
67 9 8 8 9 2.55015e-05
67 9 9 8 8 3.62579e-05
67 5 6 11 8 0.00398998
67 6 11 8 5 0.00966248
67 8 5 6 11 0.0067769
67 11 8 5 6 0.00623508
67 7 10 9 11 0.00892048
67 9 11 7 10 0.00133374
67 10 9 11 7 0.00294118
67 11 7 10 9 0.00585831
67 7 7 9 12 0.00511143
67 7 9 12 7 0.00580518
67 9 12 7 7 0.00227414
67 12 7 7 9 0.00235268
67 8 8 11 10 0.00158213
67 8 11 10 8 0.00435832
67 10 8 8 11 0.00629467
67 11 10 8 8 0.00623027
67 4 4 7 11 0.00984034
67 4 7 11 4 0.00639271
67 7 11 4 4 0.00230622
67 11 4 4 7 0.00451583
67 6 12 11 8 0.00577429
67 8 6 12 11 0.0111236
67 11 8 6 12 0.00634717
67 12 11 8 6 0.00355355
67 8 12 11 10 0.00217764
67 10 8 12 11 0.0143251
67 11 10 8 12 0.00632467
67 12 11 10 8 0.00757176
67 6 12 8 7 0.00598649
67 7 6 12 8 0.00838971
67 8 7 6 12 0.00403599
67 12 8 7 6 0.00236956
67 8 8 9 12 0.00353399
67 8 9 12 8 0.0051736
67 9 12 8 8 0.00346114
67 12 8 8 9 0.00277785
67 6 10 8 10 0.00410459
67 8 10 6 10 0.00291075
67 10 6 10 8 0.00730579
67 10 8 10 6 0.00461592
67 4 4 8 8 0.00829442
67 4 8 8 4 0.005736
67 8 4 4 8 0.00248517
67 8 8 4 4 0.00171862
67 6 8 9 9 0.0050835
67 8 9 9 6 0.00296455
67 9 6 8 9 0.0023838
67 9 9 6 8 0.00370234
67 5 9 9 10 0.00228562
67 9 9 10 5 0.00506011
67 9 10 5 9 0.00256054
67 10 5 9 9 0.00308737
67 6 7 6 11 0.0150386
67 6 11 6 7 0.00772726
67 7 6 11 6 0.00318691
67 11 6 7 6 0.00392198
67 4 10 7 8 0.00652551
67 7 8 4 10 0.00178198
67 8 4 10 7 0.0044832
67 10 7 8 4 0.00382289
67 6 9 7 8 0.00374182
67 7 8 6 9 0.00318717
67 8 6 9 7 0.00486533
67 9 7 8 6 0.00286219
67 4 5 4 6 0.00505574
67 4 6 4 5 0.0122156
67 5 4 6 4 0.00420026
67 6 4 5 4 0.00697044
67 4 11 10 9 0.00720388
67 9 4 11 10 0.00174667
67 10 9 4 11 0.00443228
67 11 10 9 4 0.00658502
67 5 12 7 12 0.00340226
67 7 12 5 12 0.00683771
67 12 5 12 7 0.010909
67 12 7 12 5 0.0214664
67 4 5 5 6 0.0122478
67 5 5 6 4 0.00528466
67 5 6 4 5 0.00753422
67 6 4 5 5 0.0193597
67 6 9 7 11 0.00517229
67 7 11 6 9 0.00291795
67 9 7 11 6 0.00220445
67 11 6 9 7 0.00787539
67 5 10 9 8 6.52822e-05
67 8 5 10 9 3.21279e-05
67 9 8 5 10 2.96176e-05
67 10 9 8 5 6.67063e-05
67 5 10 8 12 0.00412213
67 8 12 5 10 0.00351035
67 10 8 12 5 0.0144595
67 12 5 10 8 0.00755893
67 6 11 7 8 5.26174e-05
67 7 8 6 11 9.6209e-05
67 8 6 11 7 3.75855e-05
67 11 7 8 6 6.43319e-05
67 4 11 8 9 0.00470093
67 8 9 4 11 0.00302356
67 9 4 11 8 0.00264139
67 11 8 9 4 0.00531465
67 6 8 9 8 0.00847599
67 8 6 8 9 0.00252728
67 8 9 8 6 0.00227029
67 9 8 6 8 0.00434177
67 4 5 7 8 0.00683045
67 5 7 8 4 0.00390399
67 7 8 4 5 0.00533535
67 8 4 5 7 0.00515407
67 7 7 12 9 0.00535917
67 7 12 9 7 0.00547477
67 9 7 7 12 0.00220153
67 12 9 7 7 0.00264246
67 4 5 7 7 0.00646691
67 5 7 7 4 0.00282591
67 7 4 5 7 0.00637125
67 7 7 4 5 0.00651127
67 4 8 8 6 0.00635718
67 6 4 8 8 0.00658239
67 8 6 4 8 0.0030147
67 8 8 6 4 0.00322806
67 4 4 8 7 0.00867196
67 4 8 7 4 0.00458504
67 7 4 4 8 0.00339246
67 8 7 4 4 0.00231614
67 4 6 10 11 0.0227388
67 6 10 11 4 0.00463449
67 10 11 4 6 0.00272727
67 11 4 6 10 0.00533051
67 6 12 7 9 0.00272698
67 7 9 6 12 0.0034631
67 9 6 12 7 0.00602102
67 12 7 9 6 0.00518238
67 4 8 8 8 0.00782932
67 8 4 8 8 0.00332507
67 8 8 4 8 0.00234582
67 8 8 8 4 0.00229945
67 4 12 6 8 0.013399
67 6 8 4 12 0.00417535
67 8 4 12 6 0.00544191
67 12 6 8 4 0.00454711
67 7 9 8 8 4.62007e-05
67 8 7 9 8 6.98461e-05
67 8 8 7 9 1.90277e-05
67 9 8 8 7 3.91406e-05
67 4 8 8 7 0.00817303
67 7 4 8 8 0.00453197
67 8 7 4 8 0.00315652
67 8 8 7 4 0.00183521
67 5 5 10 9 0.00334191
67 5 10 9 5 0.00898088
67 9 5 5 10 0.00266904
67 10 9 5 5 0.0081658
67 5 7 6 8 0.00621497
67 6 8 5 7 0.00800144
67 7 6 8 5 0.00762174
67 8 5 7 6 0.00184715
67 7 12 11 8 0.00429327
67 8 7 12 11 0.0125775
67 11 8 7 12 0.00389682
67 12 11 8 7 0.00493363
67 4 12 8 10 0.00505384
67 8 10 4 12 0.00209258
67 10 4 12 8 0.00786701
67 12 8 10 4 0.00434169
67 4 6 5 11 0.0194452
67 5 11 4 6 0.0020717
67 6 5 11 4 0.00360843
67 11 4 6 5 0.0118717
67 5 5 12 6 0.00698069
67 5 12 6 5 0.0111433
67 6 5 5 12 0.00893442
67 12 6 5 5 0.0151531
67 4 8 9 8 0.0111639
67 8 4 8 9 0.00217765
67 8 9 8 4 0.00214115
67 9 8 4 8 0.00241616
67 4 7 8 9 0.00605053
67 7 8 9 4 0.00391894
67 8 9 4 7 0.00199961
67 9 4 7 8 0.00239697
67 4 7 5 7 0.0159719
67 5 7 4 7 0.00406638
67 7 4 7 5 0.00590339
67 7 5 7 4 0.00267427
68 4 10 11 8 0.00202663
68 8 4 10 11 0.0042082
68 10 11 8 4 0.00312041
68 11 8 4 10 0.00183242
68 6 11 7 7 1.58937e-05
68 7 6 11 7 1.95438e-05
68 7 7 6 11 0.000105588
68 11 7 7 6 3.72626e-05
68 8 8 9 9 4.15023e-05
68 8 9 9 8 8.03419e-05
68 9 8 8 9 3.87228e-05
68 9 9 8 8 7.49612e-05
68 5 6 11 8 0.00103187
68 6 11 8 5 0.002384
68 8 5 6 11 0.00742541
68 11 8 5 6 0.00607759
68 7 10 9 11 0.00281228
68 9 11 7 10 0.00204782
68 10 9 11 7 0.00382053
68 11 7 10 9 0.00366858
68 7 7 9 12 0.00793748
68 7 9 12 7 0.0131878
68 9 12 7 7 0.00475497
68 12 7 7 9 0.00268016
68 8 8 11 10 0.00262483
68 8 11 10 8 0.00320664
68 10 8 8 11 0.00319069
68 11 10 8 8 0.00107664
68 4 4 7 11 0.00503975
68 4 7 11 4 0.0105496
68 7 11 4 4 0.00399324
68 11 4 4 7 0.00209738
68 6 12 11 8 0.00466694
68 8 6 12 11 0.00245965
68 11 8 6 12 0.00390688
68 12 11 8 6 0.00503071
68 8 12 11 10 0.00658845
68 10 8 12 11 0.00776028
68 11 10 8 12 0.00133426
68 12 11 10 8 0.00615269
68 6 12 8 7 0.00499204
68 7 6 12 8 0.00359446
68 8 7 6 12 0.0048105
68 12 8 7 6 0.00395599
68 8 8 9 12 0.00408635
68 8 9 12 8 0.00851558
68 9 12 8 8 0.00772219
68 12 8 8 9 0.00347029
68 6 10 8 10 0.00119343
68 8 10 6 10 0.00185708
68 10 6 10 8 0.00187592
68 10 8 10 6 0.00658208
68 4 4 8 8 0.00684057
68 4 8 8 4 0.00933694
68 8 4 4 8 0.00213679
68 8 8 4 4 0.00291658
68 6 8 9 9 0.00289188
68 8 9 9 6 0.00870713
68 9 6 8 9 0.00119605
68 9 9 6 8 0.0081279
68 5 9 9 10 0.00566328
68 9 9 10 5 0.00804242
68 9 10 5 9 0.00158295
68 10 5 9 9 0.00484179
68 6 7 6 11 0.00488154
68 6 11 6 7 0.00287576
68 7 6 11 6 0.00235585
68 11 6 7 6 0.00102064
68 4 10 7 8 0.00176387
68 7 8 4 10 0.00368122
68 8 4 10 7 0.00447829
68 10 7 8 4 0.00563679
68 6 9 7 8 0.00252068
68 7 8 6 9 0.00509603
68 8 6 9 7 0.00157875
68 9 7 8 6 0.00648258
68 4 5 4 6 0.0118084
68 4 6 4 5 0.0022755
68 5 4 6 4 0.00690662
68 6 4 5 4 0.00683775
68 4 11 10 9 0.00593103
68 9 4 11 10 0.00390427
68 10 9 4 11 0.00356865
68 11 10 9 4 0.00234276
68 5 12 7 12 0.00533228
68 7 12 5 12 0.0206607
68 12 5 12 7 0.0200506
68 12 7 12 5 0.017004
68 4 5 5 6 0.0340459
68 5 5 6 4 0.0142678
68 5 6 4 5 0.00133027
68 6 4 5 5 0.00699725
68 6 9 7 11 0.00239385
68 7 11 6 9 0.00357599
68 9 7 11 6 0.00501733
68 11 6 9 7 0.00133142
68 5 10 9 8 1.92308e-05
68 8 5 10 9 6.30782e-05
68 9 8 5 10 7.34309e-05
68 10 9 8 5 6.07021e-05
68 5 10 8 12 0.00142639
68 8 12 5 10 0.0118232
68 10 8 12 5 0.00832163
68 12 5 10 8 0.0132061
68 6 11 7 8 1.6077e-05
68 7 8 6 11 8.51539e-05
68 8 6 11 7 1.17929e-05
68 11 7 8 6 5.655e-05
68 4 11 8 9 0.0036746
68 8 9 4 11 0.00300722
68 9 4 11 8 0.00325933
68 11 8 9 4 0.00519543
68 6 8 9 8 0.00388499
68 8 6 8 9 0.000944606
68 8 9 8 6 0.0064161
68 9 8 6 8 0.0056405
68 4 5 7 8 0.00836022
68 5 7 8 4 0.00607673
68 7 8 4 5 0.00444092
68 8 4 5 7 0.00546827
68 7 7 12 9 0.00870072
68 7 12 9 7 0.0130517
68 9 7 7 12 0.00299841
68 12 9 7 7 0.00421218
68 4 5 7 7 0.00820655
68 5 7 7 4 0.00397588
68 7 4 5 7 0.00899837
68 7 7 4 5 0.00546771
68 4 8 8 6 0.00958556
68 6 4 8 8 0.0029137
68 8 6 4 8 0.000853369
68 8 8 6 4 0.00618857
68 4 4 8 7 0.00741513
68 4 8 7 4 0.00674608
68 7 4 4 8 0.00388293
68 8 7 4 4 0.00396543
68 4 6 10 11 0.00446765
68 6 10 11 4 0.00148081
68 10 11 4 6 0.00266013
68 11 4 6 10 0.00488652
68 6 12 7 9 0.0024605
68 7 9 6 12 0.00920379
68 9 6 12 7 0.00269709
68 12 7 9 6 0.010036
68 4 8 8 8 0.0064334
68 8 4 8 8 0.00304153
68 8 8 4 8 0.0020096
68 8 8 8 4 0.00415149
68 4 12 6 8 0.0213204
68 6 8 4 12 0.0021131
68 8 4 12 6 0.00976219
68 12 6 8 4 0.00299593
68 7 9 8 8 9.47196e-05
68 8 7 9 8 6.67423e-05
68 8 8 7 9 1.94544e-05
68 9 8 8 7 4.96485e-05
68 4 8 8 7 0.00696298
68 7 4 8 8 0.00551845
68 8 7 4 8 0.00272806
68 8 8 7 4 0.00299488
68 5 5 10 9 0.00560716
68 5 10 9 5 0.00193098
68 9 5 5 10 0.0109049
68 10 9 5 5 0.00831283
68 5 7 6 8 0.00518549
68 6 8 5 7 0.00409306
68 7 6 8 5 0.00223012
68 8 5 7 6 0.00460141
68 7 12 11 8 0.00954534
68 8 7 12 11 0.00849133
68 11 8 7 12 0.00204176
68 12 11 8 7 0.00394632
68 4 12 8 10 0.0137186
68 8 10 4 12 0.000796457
68 10 4 12 8 0.00622585
68 12 8 10 4 0.00911831
68 4 6 5 11 0.00405789
68 5 11 4 6 0.00213316
68 6 5 11 4 0.00522075
68 11 4 6 5 0.00438494
68 5 5 12 6 0.017571
68 5 12 6 5 0.0122668
68 6 5 5 12 0.00886813
68 12 6 5 5 0.00411514
68 4 8 9 8 0.00953364
68 8 4 8 9 0.00247227
68 8 9 8 4 0.0065325
68 9 8 4 8 0.00277858
68 4 7 8 9 0.00622526
68 7 8 9 4 0.00978849
68 8 9 4 7 0.00300129
68 9 4 7 8 0.0026604
68 4 7 5 7 0.0153572
68 5 7 4 7 0.00311387
68 7 4 7 5 0.00474241
68 7 5 7 4 0.00957362
69 4 10 11 8 3.78832e-48
69 8 4 10 11 6.65967e-48
69 10 11 8 4 6.60314e-48
69 11 8 4 10 2.91454e-48
69 6 11 7 7 5.12132e-50
69 7 6 11 7 0.000433989
69 7 7 6 11 0.000589661
69 11 7 7 6 6.32415e-50
69 8 8 9 9 3.33575e-50
69 8 9 9 8 3.55867e-50
69 9 8 8 9 3.13973e-50
69 9 9 8 8 3.34955e-50
69 5 6 11 8 4.78149e-48
69 6 11 8 5 6.87903e-48
69 8 5 6 11 3.38634e-48
69 11 8 5 6 6.88315e-48
69 7 10 9 11 0.0497071
69 9 11 7 10 3.60784e-48
69 10 9 11 7 3.58049e-48
69 11 7 10 9 7.57393e-48
69 7 7 9 12 0.0484464
69 7 9 12 7 0.0383569
69 9 12 7 7 3.32719e-48
69 12 7 7 9 2.95947e-48
69 8 8 11 10 2.30968e-48
69 8 11 10 8 6.77044e-48
69 10 8 8 11 4.37722e-48
69 11 10 8 8 4.76598e-48
69 4 4 7 11 4.55613e-48
69 4 7 11 4 5.83949e-48
69 7 11 4 4 0.0446452
69 11 4 4 7 5.65353e-48
69 6 12 11 8 4.74505e-48
69 8 6 12 11 5.9334e-48
69 11 8 6 12 5.4734e-48
69 12 11 8 6 6.8598e-48
69 8 12 11 10 3.61361e-48
69 10 8 12 11 1.0227e-47
69 11 10 8 12 5.98574e-48
69 12 11 10 8 1.36745e-47
69 6 12 8 7 4.04518e-48
69 7 6 12 8 0.0572341
69 8 7 6 12 3.81008e-48
69 12 8 7 6 3.62142e-48
69 8 8 9 12 3.4574e-48
69 8 9 12 8 3.49015e-48
69 9 12 8 8 4.05388e-48
69 12 8 8 9 2.8281e-48
69 6 10 8 10 3.75448e-48
69 8 10 6 10 3.45507e-48
69 10 6 10 8 1.01436e-47
69 10 8 10 6 9.94181e-48
69 4 4 8 8 4.60768e-48
69 4 8 8 4 3.79505e-48
69 8 4 4 8 3.00015e-48
69 8 8 4 4 2.47103e-48
69 6 8 9 9 3.63647e-48
69 8 9 9 6 3.23328e-48
69 9 6 8 9 2.91056e-48
69 9 9 6 8 3.36031e-48
69 5 9 9 10 3.1351e-48
69 9 9 10 5 5.86124e-48
69 9 10 5 9 3.43831e-48
69 10 5 9 9 3.75886e-48
69 6 7 6 11 6.21026e-48
69 6 11 6 7 6.64642e-48
69 7 6 11 6 0.0424437
69 11 6 7 6 4.94939e-48
69 4 10 7 8 3.28045e-48
69 7 8 4 10 0.021643
69 8 4 10 7 7.03837e-48
69 10 7 8 4 6.52066e-48
69 6 9 7 8 2.1704e-48
69 7 8 6 9 0.0250695
69 8 6 9 7 4.08756e-48
69 9 7 8 6 4.80781e-48
69 4 5 4 6 3.57959e-48
69 4 6 4 5 5.0035e-48
69 5 4 6 4 8.79814e-48
69 6 4 5 4 8.99298e-48
69 4 11 10 9 7.29534e-48
69 9 4 11 10 4.9804e-48
69 10 9 4 11 3.27627e-48
69 11 10 9 4 8.99291e-48
69 5 12 7 12 5.17421e-48
69 7 12 5 12 0.0651713
69 12 5 12 7 9.9249e-48
69 12 7 12 5 1.73361e-47
69 4 5 5 6 7.3981e-48
69 5 5 6 4 7.73522e-48
69 5 6 4 5 7.15815e-48
69 6 4 5 5 1.31511e-47
69 6 9 7 11 2.1446e-48
69 7 11 6 9 0.033802
69 9 7 11 6 4.82446e-48
69 11 6 9 7 6.40468e-48
69 5 10 9 8 7.04418e-50
69 8 5 10 9 3.93101e-50
69 9 8 5 10 4.71933e-50
69 10 9 8 5 5.06853e-50
69 5 10 8 12 5.10026e-48
69 8 12 5 10 4.52237e-48
69 10 8 12 5 1.25811e-47
69 12 5 10 8 8.9987e-48
69 6 11 7 8 5.01342e-50
69 7 8 6 11 0.000452733
69 8 6 11 7 3.81305e-50
69 11 7 8 6 7.44028e-50
69 4 11 8 9 3.30778e-48
69 8 9 4 11 1.68384e-48
69 9 4 11 8 4.92636e-48
69 11 8 9 4 6.73123e-48
69 6 8 9 8 5.07444e-48
69 8 6 8 9 2.19483e-48
69 8 9 8 6 2.29492e-48
69 9 8 6 8 4.39535e-48
69 4 5 7 8 3.09152e-48
69 5 7 8 4 6.34891e-48
69 7 8 4 5 0.0369264
69 8 4 5 7 5.68684e-48
69 7 7 12 9 0.0466796
69 7 12 9 7 0.0481989
69 9 7 7 12 3.46763e-48
69 12 9 7 7 2.52151e-48
69 4 5 7 7 3.13576e-48
69 5 7 7 4 5.3584e-48
69 7 4 5 7 0.0642687
69 7 7 4 5 0.0477551
69 4 8 8 6 3.91053e-48
69 6 4 8 8 5.07418e-48
69 8 6 4 8 2.59791e-48
69 8 8 6 4 3.84599e-48
69 4 4 8 7 5.16104e-48
69 4 8 7 4 3.53701e-48
69 7 4 4 8 0.0374416
69 8 7 4 4 3.52894e-48
69 4 6 10 11 9.27659e-48
69 6 10 11 4 5.97751e-48
69 10 11 4 6 7.12661e-48
69 11 4 6 10 7.89143e-48
69 6 12 7 9 2.39623e-48
69 7 9 6 12 0.0252871
69 9 6 12 7 6.76715e-48
69 12 7 9 6 7.7667e-48
69 4 8 8 8 3.13065e-48
69 8 4 8 8 3.3856e-48
69 8 8 4 8 2.03843e-48
69 8 8 8 4 2.7885e-48
69 4 12 6 8 5.98337e-48
69 6 8 4 12 3.39842e-48
69 8 4 12 6 8.75128e-48
69 12 6 8 4 6.3574e-48
69 7 9 8 8 0.000277541
69 8 7 9 8 5.85292e-50
69 8 8 7 9 1.94286e-50
69 9 8 8 7 4.32075e-50
69 4 8 8 7 3.50121e-48
69 7 4 8 8 0.0421867
69 8 7 4 8 2.90663e-48
69 8 8 7 4 2.59488e-48
69 5 5 10 9 5.17464e-48
69 5 10 9 5 8.44255e-48
69 9 5 5 10 4.12868e-48
69 10 9 5 5 6.27592e-48
69 5 7 6 8 6.00138e-48
69 6 8 5 7 4.81118e-48
69 7 6 8 5 0.044122
69 8 5 7 6 2.35734e-48
69 7 12 11 8 0.0426026
69 8 7 12 11 7.16896e-48
69 11 8 7 12 3.98798e-48
69 12 11 8 7 6.63253e-48
69 4 12 8 10 3.51185e-48
69 8 10 4 12 2.42573e-48
69 10 4 12 8 1.09154e-47
69 12 8 10 4 8.80946e-48
69 4 6 5 11 5.57533e-48
69 5 11 4 6 5.16148e-48
69 6 5 11 4 4.19026e-48
69 11 4 6 5 1.00151e-47
69 5 5 12 6 9.92712e-48
69 5 12 6 5 1.00557e-47
69 6 5 5 12 6.02266e-48
69 12 6 5 5 1.12831e-47
69 4 8 9 8 4.81643e-48
69 8 4 8 9 2.64937e-48
69 8 9 8 4 2.32793e-48
69 9 8 4 8 2.95178e-48
69 4 7 8 9 3.06341e-48
69 7 8 9 4 0.046878
69 8 9 4 7 1.66896e-48
69 9 4 7 8 4.00074e-48
69 4 7 5 7 7.33391e-48
69 5 7 4 7 5.07663e-48
69 7 4 7 5 0.0558205
69 7 5 7 4 0.0335596
70 4 10 11 8 0.00422034
70 8 4 10 11 1.64445e-46
70 10 11 8 4 0.00818464
70 11 8 4 10 0.00933478
70 6 11 7 7 5.53915e-05
70 7 6 11 7 6.55923e-05
70 7 7 6 11 1.8592e-05
70 11 7 7 6 0.00019533
70 8 8 9 9 7.52484e-05
70 8 9 9 8 7.77741e-05
70 9 8 8 9 3.04251e-05
70 9 9 8 8 3.14463e-05
70 5 6 11 8 6.89599e-46
70 6 11 8 5 0.00202326
70 8 5 6 11 0.00231936
70 11 8 5 6 0.0104214
70 7 10 9 11 0.00589492
70 9 11 7 10 0.00142546
70 10 9 11 7 0.00932706
70 11 7 10 9 5.31656e-46
70 7 7 9 12 0.00877248
70 7 9 12 7 0.00835521
70 9 12 7 7 0.00435168
70 12 7 7 9 0.00383836
70 8 8 11 10 0.00343091
70 8 11 10 8 1.51412e-46
70 10 8 8 11 0.00791579
70 11 10 8 8 0.0110599
70 4 4 7 11 0.00459123
70 4 7 11 4 0.00701996
70 7 11 4 4 0.00540225
70 11 4 4 7 0.0100852
70 6 12 11 8 0.00791554
70 8 6 12 11 0.00894443
70 11 8 6 12 0.0123102
70 12 11 8 6 0.00567818
70 8 12 11 10 0.00728862
70 10 8 12 11 0.0150659
70 11 10 8 12 0.0343403
70 12 11 10 8 2.06334e-46
70 6 12 8 7 0.00989362
70 7 6 12 8 0.00672685
70 8 7 6 12 0.00312698
70 12 8 7 6 0.00788185
70 8 8 9 12 0.012308
70 8 9 12 8 0.0071289
70 9 12 8 8 0.00340492
70 12 8 8 9 0.00493852
70 6 10 8 10 0.00503345
70 8 10 6 10 0.00178986
70 10 6 10 8 4.77787e-46
70 10 8 10 6 7.17007e-46
70 4 4 8 8 0.00334803
70 4 8 8 4 0.00913111
70 8 4 4 8 0.002666
70 8 8 4 4 0.007271
70 6 8 9 9 0.00721685
70 8 9 9 6 0.0109804
70 9 6 8 9 0.00286238
70 9 9 6 8 0.00107244
70 5 9 9 10 7.4169e-46
70 9 9 10 5 6.60037e-47
70 9 10 5 9 0.0010519
70 10 5 9 9 0.00929189
70 6 7 6 11 0.00200185
70 6 11 6 7 0.00194486
70 7 6 11 6 0.00804345
70 11 6 7 6 0.0262465
70 4 10 7 8 0.00543264
70 7 8 4 10 0.00368247
70 8 4 10 7 1.95145e-46
70 10 7 8 4 0.00999722
70 6 9 7 8 0.00601596
70 7 8 6 9 0.00189804
70 8 6 9 7 0.00740284
70 9 7 8 6 0.00273163
70 4 5 4 6 0.0105102
70 4 6 4 5 0.00367707
70 5 4 6 4 3.80547e-46
70 6 4 5 4 0.00360147
70 4 11 10 9 2.35139e-46
70 9 4 11 10 0.00132423
70 10 9 4 11 0.0101173
70 11 10 9 4 0.0287942
70 5 12 7 12 3.66926e-45
70 7 12 5 12 0.0113237
70 12 5 12 7 0.0123406
70 12 7 12 5 0.00394018
70 4 5 5 6 0.00702915
70 5 5 6 4 7.73283e-46
70 5 6 4 5 5.8189e-46
70 6 4 5 5 0.00140882
70 6 9 7 11 0.00656092
70 7 11 6 9 0.00122299
70 9 7 11 6 0.00231695
70 11 6 9 7 0.0187892
70 5 10 9 8 8.95087e-48
70 8 5 10 9 3.18432e-48
70 9 8 5 10 1.13057e-05
70 10 9 8 5 5.33734e-05
70 5 10 8 12 1.83821e-45
70 8 12 5 10 0.00392895
70 10 8 12 5 0.00711076
70 12 5 10 8 3.13947e-46
70 6 11 7 8 4.37545e-05
70 7 8 6 11 2.41494e-05
70 8 6 11 7 6.69705e-05
70 11 7 8 6 0.000182888
70 4 11 8 9 0.0037638
70 8 9 4 11 0.00524298
70 9 4 11 8 0.0012314
70 11 8 9 4 0.0248548
70 6 8 9 8 0.00642841
70 8 6 8 9 0.00576498
70 8 9 8 6 0.00894178
70 9 8 6 8 0.000924256
70 4 5 7 8 0.00652376
70 5 7 8 4 9.98792e-46
70 7 8 4 5 0.00250112
70 8 4 5 7 0.0020266
70 7 7 12 9 0.00500592
70 7 12 9 7 0.0100501
70 9 7 7 12 0.00393856
70 12 9 7 7 0.00664277
70 4 5 7 7 0.00820051
70 5 7 7 4 1.05921e-45
70 7 4 5 7 0.00197087
70 7 7 4 5 0.00191195
70 4 8 8 6 0.00923593
70 6 4 8 8 0.00352576
70 8 6 4 8 0.00490075
70 8 8 6 4 0.00341933
70 4 4 8 7 0.00464746
70 4 8 7 4 0.0106934
70 7 4 4 8 0.00286309
70 8 7 4 4 0.0061379
70 4 6 10 11 4.47364e-46
70 6 10 11 4 0.0100807
70 10 11 4 6 0.00975587
70 11 4 6 10 0.00365086
70 6 12 7 9 0.00930886
70 7 9 6 12 0.00458553
70 9 6 12 7 0.0042887
70 12 7 9 6 0.00693092
70 4 8 8 8 0.00475831
70 8 4 8 8 0.00267398
70 8 8 4 8 0.00378899
70 8 8 8 4 0.00729278
70 4 12 6 8 0.0041978
70 6 8 4 12 0.013739
70 8 4 12 6 0.00874926
70 12 6 8 4 0.0113849
70 7 9 8 8 5.98852e-05
70 8 7 9 8 4.98176e-05
70 8 8 7 9 6.31826e-05
70 9 8 8 7 3.31222e-05
70 4 8 8 7 0.00659489
70 7 4 8 8 0.00286723
70 8 7 4 8 0.00319357
70 8 8 7 4 0.0085273
70 5 5 10 9 4.26567e-89
70 5 10 9 5 4.54271e-46
70 9 5 5 10 0.00109286
70 10 9 5 5 0.00240614
70 5 7 6 8 2.02745e-46
70 6 8 5 7 0.00315517
70 7 6 8 5 0.00269569
70 8 5 7 6 0.00840219
70 7 12 11 8 0.00695145
70 8 7 12 11 0.00629438
70 11 8 7 12 0.0331529
70 12 11 8 7 0.00437846
70 4 12 8 10 0.00770957
70 8 10 4 12 0.00966597
70 10 4 12 8 0.00696499
70 12 8 10 4 4.40329e-46
70 4 6 5 11 0.00345584
70 5 11 4 6 7.25011e-46
70 6 5 11 4 0.00900449
70 11 4 6 5 0.00184448
70 5 5 12 6 2.33435e-45
70 5 12 6 5 3.30449e-46
70 6 5 5 12 0.00870585
70 12 6 5 5 0.00196787
70 4 8 9 8 0.00638059
70 8 4 8 9 0.00327806
70 8 9 8 4 0.00924035
70 9 8 4 8 0.00205431
70 4 7 8 9 0.00431154
70 7 8 9 4 0.00919545
70 8 9 4 7 0.00583501
70 9 4 7 8 0.00148658
70 4 7 5 7 0.00297293
70 5 7 4 7 7.03444e-46
70 7 4 7 5 0.00201864
70 7 5 7 4 0.010486
71 2 0 3 10 0.0495843
71 2 0 1 11 0.0281722
71 2 0 3 5 0.0250521
71 3 0 3 9 0.0294978
71 2 0 3 12 0.0155208
71 3 0 2 6 0.0906071
71 3 0 3 5 0.0264584
71 2 0 3 6 0.0266823
71 1 0 2 8 0.0511298
71 2 0 2 7 0.0351302
71 1 0 2 4 0.0569837
71 3 0 2 8 0.13644
71 2 0 3 4 0.0198408
71 1 0 1 9 0.0280129
71 1 0 3 11 0.0157067
71 2 0 1 10 0.0677727
71 3 0 1 12 0.048625
71 3 0 2 5 0.0423944
71 1 0 2 7 0.027451
71 1 0 1 7 0.0223128
71 2 0 2 9 0.045169
71 1 0 2 12 0.0221772
71 2 0 1 8 0.0579676
71 1 0 3 8 0.0313113
72 1 2 0 0 0.493177
72 1 3 0 0 0.251376
72 3 1 0 0 0.255446
73 10 2 0 3 0.0348011
73 11 2 0 1 0.0373214
73 5 2 0 3 0.0407894
73 9 3 0 3 0.0258216
73 12 2 0 3 0.0288899
73 6 3 0 2 0.088033
73 5 3 0 3 0.0347288
73 6 2 0 3 0.0321576
73 8 1 0 2 0.0291869
73 7 2 0 2 0.0708981
73 4 1 0 2 0.0440907
73 8 3 0 2 0.0840519
73 4 2 0 3 0.0205507
73 9 1 0 1 0.0224083
73 11 1 0 3 0.0157617
73 10 2 0 1 0.0469087
73 12 3 0 1 0.0719553
73 5 3 0 2 0.0556462
73 7 1 0 2 0.0413848
73 7 1 0 1 0.0331732
73 9 2 0 2 0.0490469
73 12 1 0 2 0.0308367
73 8 2 0 1 0.0436836
73 8 1 0 3 0.0178737
74 10 2 0 3 8.41904e-45
74 11 2 0 1 0.0350219
74 5 2 0 3 0.0389642
74 9 3 0 3 0.0667318
74 12 2 0 3 0.0522116
74 6 3 0 2 0.0617375
74 5 3 0 3 0.0391863
74 6 2 0 3 0.0393138
74 8 1 0 2 0.0146304
74 7 2 0 2 0.0388692
74 4 1 0 2 0.104001
74 8 3 0 2 0.0379418
74 4 2 0 3 0.0760982
74 9 1 0 1 0.0426056
74 11 1 0 3 0.0292819
74 10 2 0 1 7.51852e-45
74 12 3 0 1 0.10177
74 5 3 0 2 0.0304928
74 7 1 0 2 0.0297603
74 7 1 0 1 0.0325443
74 9 2 0 2 0.0521137
74 12 1 0 2 0.0355001
74 8 2 0 1 0.0227749
74 8 1 0 3 0.0184487
75 10 2 0 3 0.0572811
75 11 2 0 1 0.0409042
75 5 2 0 3 0.0445609
75 9 3 0 3 0.0382962
75 12 2 0 3 0.0360086
75 6 3 0 2 0.0486855
75 5 3 0 3 0.0452847
75 6 2 0 3 0.0277666
75 8 1 0 2 0.0296945
75 7 2 0 2 0.0315257
75 4 1 0 2 0.0410709
75 8 3 0 2 0.0869303
75 4 2 0 3 0.0303832
75 9 1 0 1 0.0271814
75 11 1 0 3 0.0243954
75 10 2 0 1 0.0641943
75 12 3 0 1 0.0890029
75 5 3 0 2 0.0389365
75 7 1 0 2 0.0216069
75 7 1 0 1 0.0268351
75 9 2 0 2 0.0327031
75 12 1 0 2 0.0242163
75 8 2 0 1 0.058648
75 8 1 0 3 0.0338878
76 10 2 0 3 0.047337
76 11 2 0 1 0.0306345
76 5 2 0 3 0.0507411
76 9 3 0 3 0.0371252
76 12 2 0 3 0.0372171
76 6 3 0 2 0.0798408
76 5 3 0 3 0.0482221
76 6 2 0 3 0.0414981
76 8 1 0 2 0.0275052
76 7 2 0 2 0.0394815
76 4 1 0 2 0.0560785
76 8 3 0 2 0.0785408
76 4 2 0 3 0.0368775
76 9 1 0 1 0.0221457
76 11 1 0 3 0.021368
76 10 2 0 1 0.0434887
76 12 3 0 1 0.070521
76 5 3 0 2 0.04865
76 7 1 0 2 0.0259432
76 7 1 0 1 0.022511
76 9 2 0 2 0.0397781
76 12 1 0 2 0.0281565
76 8 2 0 1 0.0395865
76 8 1 0 3 0.0267517
77 10 2 0 3 0.0411209
77 11 2 0 1 0.0371109
77 5 2 0 3 0.0527512
77 9 3 0 3 0.0422932
77 12 2 0 3 0.037341
77 6 3 0 2 0.0865362
77 5 3 0 3 0.0565597
77 6 2 0 3 0.0464664
77 8 1 0 2 0.0223854
77 7 2 0 2 0.0439956
77 4 1 0 2 0.0426122
77 8 3 0 2 0.0794472
77 4 2 0 3 0.0359808
77 9 1 0 1 0.0190692
77 11 1 0 3 0.0250111
77 10 2 0 1 0.0354907
77 12 3 0 1 0.074994
77 5 3 0 2 0.0489574
77 7 1 0 2 0.0262418
77 7 1 0 1 0.0249325
77 9 2 0 2 0.0344613
77 12 1 0 2 0.0220014
77 8 2 0 1 0.0388637
77 8 1 0 3 0.0253761
78 10 2 0 3 8.49757e-45
78 11 2 0 1 0.055101
78 5 2 0 3 0.0638583
78 9 3 0 3 0.0552844
78 12 2 0 3 0.0550969
78 6 3 0 2 0.0421505
78 5 3 0 3 0.0344279
78 6 2 0 3 0.0430664
78 8 1 0 2 0.0139627
78 7 2 0 2 0.0448044
78 4 1 0 2 0.0968817
78 8 3 0 2 0.0291365
78 4 2 0 3 0.0915222
78 9 1 0 1 0.0443111
78 11 1 0 3 0.0303846
78 10 2 0 1 7.66563e-45
78 12 3 0 1 0.0581551
78 5 3 0 2 0.0311465
78 7 1 0 2 0.0228544
78 7 1 0 1 0.0217149
78 9 2 0 2 0.0936337
78 12 1 0 2 0.0290164
78 8 2 0 1 0.0283464
78 8 1 0 3 0.0151441
79 10 2 0 3 1.22724e-47
79 11 2 0 1 1.20572e-47
79 5 2 0 3 1.50931e-47
79 9 3 0 3 0.0425419
79 12 2 0 3 8.03174e-48
79 6 3 0 2 0.0463517
79 5 3 0 3 0.0363078
79 6 2 0 3 1.1536e-47
79 8 1 0 2 0.0790318
79 7 2 0 2 1.08208e-47
79 4 1 0 2 0.134333
79 8 3 0 2 0.0518036
79 4 2 0 3 9.70988e-48
79 9 1 0 1 0.130954
79 11 1 0 3 0.0782886
79 10 2 0 1 1.33556e-47
79 12 3 0 1 0.0456332
79 5 3 0 2 0.0302212
79 7 1 0 2 0.0784058
79 7 1 0 1 0.0976791
79 9 2 0 2 1.4857e-47
79 12 1 0 2 0.0552815
79 8 2 0 1 1.48101e-47
79 8 1 0 3 0.093167
80 2 0 0 1 0.507488
80 3 0 0 1 0.239653
80 1 0 0 3 0.252859
