0 0 3 2 0 0.515006
0 0 1 2 0 0.24614
0 0 1 1 0 0.238854
1 0 2 11 1 0.0422999
1 0 3 9 3 0.163721
1 0 1 7 2 6.98421e-48
1 0 1 9 1 0.138761
1 0 3 11 1 0.0273319
1 0 1 12 1 0.01767
1 0 2 9 3 0.0484143
1 0 3 12 3 0.0132269
1 0 3 5 3 0.0394883
1 0 3 8 3 0.0704438
1 0 3 11 2 7.04764e-48
1 0 3 8 1 0.0396903
1 0 1 9 3 0.058255
1 0 2 9 1 0.0650483
1 0 2 4 2 1.83645e-47
1 0 1 11 2 9.51482e-48
1 0 2 8 1 0.0460803
1 0 3 7 2 5.82717e-48
1 0 1 8 3 0.0379716
1 0 2 11 3 0.0372537
1 0 1 7 1 0.0299144
1 0 2 8 3 0.0350699
1 0 2 12 3 0.0111646
1 0 1 6 1 0.0781942
2 0 2 11 1 0.0482229
2 0 3 9 3 0.0842491
2 0 1 7 2 2.07307e-44
2 0 1 9 1 0.0493754
2 0 3 11 1 0.0463887
2 0 1 12 1 0.0823185
2 0 2 9 3 0.0167342
2 0 3 12 3 0.0891125
2 0 3 5 3 0.040371
2 0 3 8 3 4.38554e-44
2 0 3 11 2 0.0552567
2 0 3 8 1 2.14255e-44
2 0 1 9 3 0.0239061
2 0 2 9 1 0.0194955
2 0 2 4 2 0.170647
2 0 1 11 2 0.0594917
2 0 2 8 1 1.67083e-44
2 0 3 7 2 2.1689e-44
2 0 1 8 3 1.88518e-44
2 0 2 11 3 0.0489798
2 0 1 7 1 1.92212e-44
2 0 2 8 3 1.46651e-44
2 0 2 12 3 0.0505235
2 0 1 6 1 0.114927
3 0 2 11 1 0.0424035
3 0 3 9 3 0.0919872
3 0 1 7 2 0.0827747
3 0 1 9 1 0.0663074
3 0 3 11 1 0.0384828
3 0 1 12 1 0.0322639
3 0 2 9 3 0.019367
3 0 3 12 3 0.0283968
3 0 3 5 3 0.0197404
3 0 3 8 3 0.0455618
3 0 3 11 2 0.0739248
3 0 3 8 1 0.0286502
3 0 1 9 3 0.0249426
3 0 2 9 1 0.0290408
3 0 2 4 2 0.0312387
3 0 1 11 2 0.0760559
3 0 2 8 1 0.0236823
3 0 3 7 2 0.0906257
3 0 1 8 3 0.0187156
3 0 2 11 3 0.0334617
3 0 1 7 1 0.0475895
3 0 2 8 3 0.0161495
3 0 2 12 3 0.0170655
3 0 1 6 1 0.0215717
4 0 2 11 1 0.0407528
4 0 3 9 3 0.094885
4 0 1 7 2 0.0488799
4 0 1 9 1 0.0523348
4 0 3 11 1 0.0464939
4 0 1 12 1 0.0372123
4 0 2 9 3 0.0158912
4 0 3 12 3 0.0428036
4 0 3 5 3 0.0336689
4 0 3 8 3 0.0924255
4 0 3 11 2 0.0429939
4 0 3 8 1 0.0515594
4 0 1 9 3 0.0221912
4 0 2 9 1 0.0211394
4 0 2 4 2 0.0203442
4 0 1 11 2 0.0381521
4 0 2 8 1 0.0339023
4 0 3 7 2 0.0620462
4 0 1 8 3 0.0327464
4 0 2 11 3 0.0362505
4 0 1 7 1 0.0583791
4 0 2 8 3 0.02606
4 0 2 12 3 0.0204623
4 0 1 6 1 0.0284247
5 0 2 11 1 0.0245651
5 0 3 9 3 0.135787
5 0 1 7 2 0.0325084
5 0 1 9 1 0.0618406
5 0 3 11 1 0.058559
5 0 1 12 1 0.0470211
5 0 2 9 3 0.0108838
5 0 3 12 3 0.0655035
5 0 3 5 3 0.0579702
5 0 3 8 3 0.0873548
5 0 3 11 2 0.069054
5 0 3 8 1 0.0434285
5 0 1 9 3 0.0294233
5 0 2 9 1 0.012903
5 0 2 4 2 0.0119327
5 0 1 11 2 0.0567741
5 0 2 8 1 0.0136666
5 0 3 7 2 0.0445381
5 0 1 8 3 0.0286753
5 0 2 11 3 0.024519
5 0 1 7 1 0.0304466
5 0 2 8 3 0.0117878
5 0 2 12 3 0.0149866
5 0 1 6 1 0.0258708
6 0 2 11 1 0.00748707
6 0 3 9 3 0.174022
6 0 1 7 2 0.01707
6 0 1 9 1 0.121978
6 0 3 11 1 0.0276126
6 0 1 12 1 0.0643101
6 0 2 9 3 0.00901584
6 0 3 12 3 0.0582088
6 0 3 5 3 0.0820231
6 0 3 8 3 0.0938584
6 0 3 11 2 0.0374313
6 0 3 8 1 0.0410681
6 0 1 9 3 0.065941
6 0 2 9 1 0.00940716
6 0 2 4 2 0.00352794
6 0 1 11 2 0.0538166
6 0 2 8 1 0.00835352
6 0 3 7 2 0.0133737
6 0 1 8 3 0.0538783
6 0 2 11 3 0.00849088
6 0 1 7 1 0.0139073
6 0 2 8 3 0.00818652
6 0 2 12 3 0.00860809
6 0 1 6 1 0.0184241
7 0 2 11 1 0.0119721
7 0 3 9 3 7.19636e-47
7 0 1 7 2 0.0166988
7 0 1 9 1 0.0905598
7 0 3 11 1 9.59647e-49
7 0 1 12 1 0.0413756
7 0 2 9 3 0.171542
7 0 3 12 3 2.08597e-47
7 0 3 5 3 1.46918e-47
7 0 3 8 3 2.55925e-47
7 0 3 11 2 1.35347e-48
7 0 3 8 1 8.93664e-48
7 0 1 9 3 0.0613452
7 0 2 9 1 0.142841
7 0 2 4 2 0.0419901
7 0 1 11 2 0.00437768
7 0 2 8 1 0.083636
7 0 3 7 2 5.81548e-48
7 0 1 8 3 0.0330498
7 0 2 11 3 0.017013
7 0 1 7 1 0.0130763
7 0 2 8 3 0.102706
7 0 2 12 3 0.141933
7 0 1 6 1 0.0258844
8 0 0 3 2 0.43562
8 0 0 1 2 0.27802
8 0 0 1 1 0.28636
9 2 11 1 0 0.0427432
9 3 9 3 0 3.71585e-47
9 1 7 2 0 0.0343479
9 1 9 1 0 0.0412307
9 3 11 1 0 3.2768e-48
9 1 12 1 0 0.033997
9 2 9 3 0 0.0926136
9 3 12 3 0 1.94386e-47
9 3 5 3 0 2.30509e-48
9 3 8 3 0 3.82424e-47
9 3 11 2 0 4.03458e-48
9 3 8 1 0 1.35658e-47
9 1 9 3 0 0.0274932
9 2 9 1 0 0.0783423
9 2 4 2 0 0.0561417
9 1 11 2 0 0.0113265
9 2 8 1 0 0.132747
9 3 7 2 0 1.37816e-47
9 1 8 3 0 0.0428648
9 2 11 3 0 0.0597914
9 1 7 1 0 0.0308098
9 2 8 3 0 0.160466
9 2 12 3 0 0.138291
9 1 6 1 0 0.0167938
10 4 9 11 12 1.49952e-47
10 9 11 12 4 0.00465653
10 11 12 4 9 0.00819421
10 12 4 9 11 0.000359563
10 4 12 8 11 1.30929e-47
10 8 11 4 12 0.015706
10 11 4 12 8 0.00727993
10 12 8 11 4 1.14067e-46
10 6 8 9 11 5.27461e-46
10 8 9 11 6 0.00232297
10 9 11 6 8 0.109948
10 11 6 8 9 0.0125691
10 6 6 9 9 1.5098e-05
10 6 9 9 6 8.14109e-07
10 9 6 6 9 0.00100821
10 9 9 6 6 5.43641e-05
10 4 6 7 12 3.21356e-47
10 6 7 12 4 0.00171844
10 7 12 4 6 0.000138261
10 12 4 6 7 0.000341078
10 5 12 8 6 2.6498e-05
10 6 5 12 8 0.0492293
10 8 6 5 12 0.0243714
10 12 8 6 5 5.78096e-89
10 4 6 9 11 1.59251e-46
10 6 9 11 4 0.000525233
10 9 11 4 6 0.00304852
10 11 4 6 9 0.00783465
10 7 12 8 9 0.000228821
10 8 9 7 12 0.00894308
10 9 7 12 8 0.118204
10 12 8 9 7 6.89282e-47
10 5 10 7 9 0.00871664
10 7 9 5 10 1.19125e-47
10 9 5 10 7 0.00707172
10 10 7 9 5 3.41484e-91
10 6 11 8 11 0.000781962
10 8 11 6 11 0.105972
10 11 6 11 8 0.0243023
10 11 8 11 6 9.6989e-47
10 9 11 10 12 1.21175e-05
10 10 12 9 11 5.04417e-50
10 11 10 12 9 0.000737428
10 12 9 11 10 6.3429e-50
10 6 6 6 8 0.0100753
10 6 6 8 6 3.60451e-05
10 6 8 6 6 4.02099e-47
10 8 6 6 6 0.00488487
10 6 7 12 7 0.0024606
10 7 6 7 12 0.00197945
10 7 12 7 6 6.4106e-05
10 12 7 6 7 0.00777012
10 5 9 6 9 0.0215701
10 6 9 5 9 0.00474096
10 9 5 9 6 0.00299609
10 9 6 9 5 2.79171e-46
10 9 12 10 12 0.000223618
10 10 12 9 12 3.58073e-49
10 12 9 12 10 1.13156e-47
10 12 10 12 9 0.0105066
10 4 4 7 7 2.42048e-48
10 4 7 7 4 3.85095e-47
10 7 4 4 7 0.000321559
10 7 7 4 4 0.00511596
10 4 4 12 9 1.66574e-49
10 4 12 9 4 1.56959e-50
10 9 4 4 12 1.51494e-05
10 12 9 4 4 3.20843e-05
10 8 12 12 10 6.52797e-48
10 10 8 12 12 6.93761e-91
10 12 10 8 12 0.000235155
10 12 12 10 8 0.000166257
10 4 7 7 6 9.87372e-48
10 6 4 7 7 5.64613e-05
10 7 6 4 7 0.00405299
10 7 7 6 4 0.00518611
10 4 4 5 6 6.27765e-49
10 4 5 6 4 2.03189e-46
10 5 6 4 4 0.00323087
10 6 4 4 5 8.86235e-48
10 6 7 6 12 0.00183083
10 6 12 6 7 0.000183204
10 7 6 12 6 0.000397863
10 12 6 7 6 0.000217618
10 4 10 10 6 1.39567e-48
10 6 4 10 10 5.15902e-50
10 10 6 4 10 6.85901e-92
10 10 10 6 4 1.35773e-47
10 4 10 7 6 7.81094e-48
10 6 4 10 7 1.37851e-05
10 7 6 4 10 2.07259e-47
10 10 7 6 4 2.34515e-47
10 4 11 12 9 5.95868e-49
10 9 4 11 12 2.07074e-06
10 11 12 9 4 1.95201e-06
10 12 9 4 11 0.000187409
10 4 12 12 10 3.08815e-92
10 10 4 12 12 7.37878e-49
10 12 10 4 12 0.00346908
10 12 12 10 4 3.4692e-05
10 7 11 8 12 1.12177e-06
10 8 12 7 11 6.84536e-05
10 11 8 12 7 7.39488e-48
10 12 7 11 8 4.78935e-05
10 4 12 8 8 8.92139e-48
10 8 4 12 8 0.0102768
10 8 8 4 12 3.42843e-45
10 12 8 8 4 4.698e-47
10 4 12 7 12 5.27899e-48
10 7 12 4 12 0.00070131
10 12 4 12 7 0.000257337
10 12 7 12 4 0.00409419
10 6 10 9 11 0.00378659
10 9 11 6 10 6.29174e-47
10 10 9 11 6 1.1464e-48
10 11 6 10 9 0.00786159
10 9 9 12 12 0.016123
10 9 12 12 9 0.00968358
10 12 9 9 12 0.000762433
10 12 12 9 9 0.000457923
10 7 12 8 10 3.2524e-49
10 8 10 7 12 0.0118027
10 10 7 12 8 1.19496e-46
10 12 8 10 7 4.35166e-47
10 4 7 8 7 1.32046e-47
10 7 4 7 8 0.00081736
10 7 8 7 4 1.60358e-46
10 8 7 4 7 0.0411782
10 5 10 9 10 3.90778e-48
10 9 10 5 10 5.73553e-47
10 10 5 10 9 2.09774e-47
10 10 9 10 5 1.05397e-91
10 4 5 4 11 2.27605e-45
10 4 11 4 5 2.64204e-90
10 5 4 11 4 6.81134e-05
10 11 4 5 4 0.00059194
10 5 8 12 11 2.6198e-45
10 8 12 11 5 5.53052e-47
10 11 5 8 12 0.00534715
10 12 11 5 8 0.0056759
10 6 6 12 7 0.00121634
10 6 12 7 6 2.16901e-05
10 7 6 6 12 0.00386665
10 12 7 6 6 0.0012431
10 4 12 9 6 4.4193e-49
10 6 4 12 9 0.000426689
10 9 6 4 12 0.0209684
10 12 9 6 4 0.00357159
10 8 10 11 10 3.39494e-47
10 10 8 10 11 1.54187e-90
10 10 11 10 8 4.81298e-48
10 11 10 8 10 9.90506e-48
10 4 12 5 9 1.85121e-47
10 5 9 4 12 0.0032269
10 9 4 12 5 5.6752e-47
10 12 5 9 4 0.00141587
10 4 9 7 11 2.29643e-46
10 7 11 4 9 0.00704844
10 9 7 11 4 0.00532749
10 11 4 9 7 0.00019827
10 5 12 12 11 0.00266722
10 11 5 12 12 0.0278923
10 12 11 5 12 0.000712111
10 12 12 11 5 6.72213e-48
10 4 12 4 12 2.09995e-47
10 12 4 12 4 0.000331475
10 4 10 9 11 1.47234e-46
10 9 11 4 10 5.62944e-47
10 10 9 11 4 4.0554e-48
10 11 4 10 9 0.000565725
10 4 6 4 11 4.47607e-46
10 4 11 4 6 5.5762e-48
10 6 4 11 4 1.93849e-05
10 11 4 6 4 0.000766469
10 4 9 9 11 1.9194e-46
10 9 9 11 4 0.00690179
10 9 11 4 9 0.0681411
10 11 4 9 9 0.0015417
10 6 12 9 9 0.00021759
10 9 6 12 9 0.0667347
10 9 9 6 12 0.0241923
10 12 9 9 6 0.000170165
10 6 11 10 7 5.5623e-05
10 7 6 11 10 3.19557e-48
10 10 7 6 11 1.54515e-46
10 11 10 7 6 0.00109573
10 4 8 6 8 9.17927e-89
10 6 8 4 8 2.11224e-45
10 8 4 8 6 7.38332e-05
10 8 6 8 4 0.00362955
10 4 9 6 12 6.05538e-47
10 6 12 4 9 0.000836886
10 9 6 12 4 0.0089339
10 12 4 9 6 8.59401e-06
11 4 9 11 12 7.86232e-49
11 9 11 12 4 4.43784e-48
11 11 12 4 9 1.2236e-47
11 12 4 9 11 0.0683956
11 4 12 8 11 8.90217e-48
11 8 11 4 12 2.98303e-48
11 11 4 12 8 1.42903e-47
11 12 8 11 4 1.05143e-47
11 6 8 9 11 0.0375236
11 8 9 11 6 6.0276e-47
11 9 11 6 8 1.25117e-48
11 11 6 8 9 1.61598e-47
11 6 6 9 9 4.6694e-05
11 6 9 9 6 0.000174401
11 9 6 6 9 1.11997e-49
11 9 9 6 6 4.18307e-49
11 4 6 7 12 2.50634e-48
11 6 7 12 4 5.53053e-48
11 7 12 4 6 4.66225e-47
11 12 4 6 7 6.06143e-48
11 5 12 8 6 2.88202e-47
11 6 5 12 8 4.61584e-49
11 8 6 5 12 1.14317e-46
11 12 8 6 5 2.22287e-48
11 4 6 9 11 0.0559931
11 6 9 11 4 6.36091e-48
11 9 11 4 6 4.39392e-48
11 11 4 6 9 1.18257e-47
11 7 12 8 9 4.3895e-48
11 8 9 7 12 2.45837e-47
11 9 7 12 8 6.56847e-48
11 12 8 9 7 0.0165919
11 5 10 7 9 3.25415e-48
11 7 9 5 10 1.21736e-47
11 9 5 10 7 1.89291e-47
11 10 7 9 5 5.33689e-47
11 6 11 8 11 3.46978e-49
11 8 11 6 11 7.3959e-48
11 11 6 11 8 1.43474e-47
11 11 8 11 6 2.58029e-47
11 9 11 10 12 3.78015e-50
11 10 12 9 11 1.11614e-47
11 11 10 12 9 1.57903e-49
11 12 9 11 10 2.97215e-50
11 6 6 6 8 1.00656e-48
11 6 6 8 6 3.26264e-48
11 6 8 6 6 1.81024e-48
11 8 6 6 6 6.95438e-47
11 6 7 12 7 2.14008e-48
11 7 6 7 12 2.70693e-47
11 7 12 7 6 5.63346e-47
11 12 7 6 7 6.0795e-48
11 5 9 6 9 1.66232e-48
11 6 9 5 9 6.43784e-49
11 9 5 9 6 0.0997283
11 9 6 9 5 0.0940048
11 9 12 10 12 5.84324e-47
11 10 12 9 12 2.07265e-46
11 12 9 12 10 2.0179e-48
11 12 10 12 9 1.42688e-48
11 4 4 7 7 1.88329e-48
11 4 7 7 4 4.88143e-48
11 7 4 4 7 1.68335e-47
11 7 7 4 4 4.3632e-47
11 4 4 12 9 3.24272e-51
11 4 12 9 4 0.000506793
11 9 4 4 12 2.48665e-49
11 12 9 4 4 1.38395e-49
11 8 12 12 10 1.81417e-47
11 10 8 12 12 7.04575e-93
11 12 10 8 12 3.06834e-48
11 12 12 10 8 2.72239e-48
11 4 7 7 6 2.29107e-48
11 6 4 7 7 2.40146e-48
11 7 6 4 7 2.42852e-47
11 7 7 6 4 4.25159e-47
11 4 4 5 6 3.10993e-48
11 4 5 6 4 1.84083e-48
11 5 6 4 4 3.23006e-47
11 6 4 4 5 7.38726e-49
11 6 7 6 12 1.10746e-48
11 6 12 6 7 2.7332e-48
11 7 6 12 6 1.95455e-47
11 12 6 7 6 8.129e-48
11 4 10 10 6 5.32329e-48
11 6 4 10 10 1.78154e-48
11 10 6 4 10 2.24404e-92
11 10 10 6 4 1.23045e-91
11 4 10 7 6 4.63782e-48
11 6 4 10 7 3.76637e-48
11 7 6 4 10 1.56962e-47
11 10 7 6 4 8.30556e-92
11 4 11 12 9 1.31691e-52
11 9 4 11 12 1.08101e-49
11 11 12 9 4 0.00615354
11 12 9 4 11 7.31363e-50
11 4 12 12 10 1.34132e-48
11 10 4 12 12 1.76888e-92
11 12 10 4 12 6.3279e-48
11 12 12 10 4 3.77824e-47
11 7 11 8 12 4.17654e-51
11 8 12 7 11 1.08491e-48
11 11 8 12 7 1.10534e-49
11 12 7 11 8 6.89801e-51
11 4 12 8 8 1.00807e-48
11 8 4 12 8 1.32202e-47
11 8 8 4 12 2.42988e-47
11 12 8 8 4 9.73991e-48
11 4 12 7 12 3.42068e-48
11 7 12 4 12 3.05752e-47
11 12 4 12 7 5.75857e-48
11 12 7 12 4 1.4926e-47
11 6 10 9 11 0.0716356
11 9 11 6 10 1.62652e-48
11 10 9 11 6 3.52161e-92
11 11 6 10 9 2.3654e-47
11 9 9 12 12 2.01969e-47
11 9 12 12 9 1.12537e-47
11 12 9 9 12 0.0239208
11 12 12 9 9 0.0133286
11 7 12 8 10 1.46386e-47
11 8 10 7 12 5.79721e-47
11 10 7 12 8 8.01229e-93
11 12 8 10 7 5.7058e-48
11 4 7 8 7 1.24162e-48
11 7 4 7 8 6.20388e-48
11 7 8 7 4 3.42951e-47
11 8 7 4 7 3.46328e-47
11 5 10 9 10 0.0403663
11 9 10 5 10 3.74964e-47
11 10 5 10 9 3.64976e-93
11 10 9 10 5 1.28495e-92
11 4 5 4 11 1.94079e-48
11 4 11 4 5 4.57375e-50
11 5 4 11 4 1.89216e-47
11 11 4 5 4 1.56405e-46
11 5 8 12 11 1.06158e-47
11 8 12 11 5 1.63192e-47
11 11 5 8 12 8.33008e-48
11 12 11 5 8 1.62361e-49
11 6 6 12 7 2.75028e-48
11 6 12 7 6 5.9425e-48
11 7 6 6 12 1.95037e-47
11 12 7 6 6 6.58824e-48
11 4 12 9 6 0.0261202
11 6 4 12 9 4.54068e-49
11 9 6 4 12 3.93945e-47
11 12 9 6 4 1.48088e-47
11 8 10 11 10 2.937e-47
11 10 8 10 11 8.2791e-92
11 10 11 10 8 1.15093e-93
11 11 10 8 10 2.94092e-47
11 4 12 5 9 6.93564e-49
11 5 9 4 12 4.20594e-48
11 9 4 12 5 6.57551e-48
11 12 5 9 4 0.0253959
11 4 9 7 11 3.77159e-48
11 7 11 4 9 2.2566e-49
11 9 7 11 4 5.17373e-47
11 11 4 9 7 0.177623
11 5 12 12 11 2.42605e-47
11 11 5 12 12 7.35242e-48
11 12 11 5 12 3.20645e-49
11 12 12 11 5 1.91968e-48
11 4 12 4 12 5.22143e-48
11 12 4 12 4 2.74478e-47
11 4 10 9 11 0.0509543
11 9 11 4 10 1.51399e-48
11 10 9 11 4 6.80548e-92
11 11 4 10 9 1.48713e-47
11 4 6 4 11 5.12087e-48
11 4 11 4 6 1.28028e-49
11 6 4 11 4 3.72337e-48
11 11 4 6 4 7.94704e-47
11 4 9 9 11 0.0371758
11 9 9 11 4 9.59881e-47
11 9 11 4 9 7.8107e-49
11 11 4 9 9 0.074401
11 6 12 9 9 0.00559098
11 9 6 12 9 9.33472e-48
11 9 9 6 12 2.40671e-47
11 12 9 9 6 0.0412934
11 6 11 10 7 1.72534e-49
11 7 6 11 10 7.69685e-48
11 10 7 6 11 4.95093e-92
11 11 10 7 6 6.35202e-47
11 4 8 6 8 6.20922e-49
11 6 8 4 8 8.12545e-49
11 8 4 8 6 6.83407e-47
11 8 6 8 4 2.10065e-46
11 4 9 6 12 9.59599e-49
11 6 12 4 9 6.99697e-49
11 9 6 12 4 8.58409e-47
11 12 4 9 6 0.0330759
12 4 9 11 12 4.80839e-05
12 9 11 12 4 0.00661563
12 11 12 4 9 0.00858032
12 12 4 9 11 8.36354e-47
12 4 12 8 11 5.74163e-47
12 8 11 4 12 0.000611372
12 11 4 12 8 0.0178811
12 12 8 11 4 0.00191979
12 6 8 9 11 4.94024e-47
12 8 9 11 6 0.00532413
12 9 11 6 8 0.000921158
12 11 6 8 9 0.0013664
12 6 6 9 9 7.83906e-07
12 6 9 9 6 1.2035e-06
12 9 6 6 9 3.41364e-05
12 9 9 6 6 5.24082e-05
12 4 6 7 12 0.000678948
12 6 7 12 4 0.00347339
12 7 12 4 6 0.0137679
12 12 4 6 7 6.86195e-46
12 5 12 8 6 0.00054865
12 6 5 12 8 0.000845822
12 8 6 5 12 0.00542539
12 12 8 6 5 0.00825954
12 4 6 9 11 9.72064e-47
12 6 9 11 4 0.00104929
12 9 11 4 6 0.00255967
12 11 4 6 9 0.00736776
12 7 12 8 9 0.00039638
12 8 9 7 12 0.00366717
12 9 7 12 8 0.00460591
12 12 8 9 7 8.86051e-47
12 5 10 7 9 0.00415608
12 7 9 5 10 0.0160171
12 9 5 10 7 1.1639e-44
12 10 7 9 5 9.71398e-48
12 6 11 8 11 4.01402e-48
12 8 11 6 11 4.02179e-46
12 11 6 11 8 0.00349861
12 11 8 11 6 0.00405105
12 9 11 10 12 1.32664e-05
12 10 12 9 11 1.09007e-92
12 11 10 12 9 0.000240202
12 12 9 11 10 1.42835e-05
12 6 6 6 8 0.000272552
12 6 6 8 6 8.02431e-05
12 6 8 6 6 0.000315589
12 8 6 6 6 0.00803984
12 6 7 12 7 5.59386e-46
12 7 6 7 12 0.00593572
12 7 12 7 6 0.0337736
12 12 7 6 7 5.59138e-46
12 5 9 6 9 0.000506675
12 6 9 5 9 0.000284531
12 9 5 9 6 0.00149117
12 9 6 9 5 0.0125813
12 9 12 10 12 0.00639213
12 10 12 9 12 4.57666e-49
12 12 9 12 10 0.00352919
12 12 10 12 9 0.0015027
12 4 4 7 7 1.44435e-45
12 4 7 7 4 0.00730779
12 7 4 4 7 5.14755e-45
12 7 7 4 4 0.0260444
12 4 4 12 9 7.10989e-06
12 4 12 9 4 9.13602e-06
12 9 4 4 12 2.32866e-05
12 12 9 4 4 4.87318e-05
12 8 12 12 10 0.0277714
12 10 8 12 12 1.14796e-48
12 12 10 8 12 3.18303e-05
12 12 12 10 8 0.00180847
12 4 7 7 6 0.00204175
12 6 4 7 7 1.02971e-45
12 7 6 4 7 5.2668e-45
12 7 7 6 4 0.0152239
12 4 4 5 6 0.00118842
12 4 5 6 4 0.00189446
12 5 6 4 4 0.00945215
12 6 4 4 5 0.00532332
12 6 7 6 12 5.67734e-05
12 6 12 6 7 2.33811e-46
12 7 6 12 6 0.0092358
12 12 6 7 6 0.00315925
12 4 10 10 6 0.00478483
12 6 4 10 10 0.00510017
12 10 6 4 10 2.7834e-47
12 10 10 6 4 3.80671e-47
12 4 10 7 6 0.00489156
12 6 4 10 7 1.3763e-45
12 7 6 4 10 0.0266684
12 10 7 6 4 2.17113e-47
12 4 11 12 9 6.25437e-07
12 9 4 11 12 4.23743e-06
12 11 12 9 4 8.0045e-05
12 12 9 4 11 2.36101e-48
12 4 12 12 10 0.00408288
12 10 4 12 12 2.99584e-48
12 12 10 4 12 0.000571846
12 12 12 10 4 0.0200126
12 7 11 8 12 1.58159e-07
12 8 12 7 11 6.22349e-47
12 11 8 12 7 4.41545e-47
12 12 7 11 8 1.33396e-06
12 4 12 8 8 8.89411e-05
12 8 4 12 8 0.0115291
12 8 8 4 12 0.00221177
12 12 8 8 4 0.000487715
12 4 12 7 12 0.00088216
12 7 12 4 12 0.00314395
12 12 4 12 7 1.65545e-45
12 12 7 12 4 0.00837585
12 6 10 9 11 9.42632e-47
12 9 11 6 10 0.00311331
12 10 9 11 6 3.65509e-48
12 11 6 10 9 0.0301447
12 9 9 12 12 0.00223742
12 9 12 12 9 0.0082922
12 12 9 9 12 5.13571e-05
12 12 12 9 9 0.000190337
12 7 12 8 10 0.00271804
12 8 10 7 12 0.0107071
12 10 7 12 8 6.6703e-48
12 12 8 10 7 1.79219e-45
12 4 7 8 7 4.3743e-47
12 7 4 7 8 0.0116056
12 7 8 7 4 0.0492121
12 8 7 4 7 5.34538e-45
12 5 10 9 10 0.00153594
12 9 10 5 10 0.0375602
12 10 5 10 9 1.01513e-47
12 10 9 10 5 1.31492e-46
12 4 5 4 11 3.05251e-46
12 4 11 4 5 0.0012769
12 5 4 11 4 0.00326797
12 11 4 5 4 0.0724485
12 5 8 12 11 5.88486e-46
12 8 12 11 5 0.0298952
12 11 5 8 12 0.000245364
12 12 11 5 8 0.000141441
12 6 6 12 7 6.27566e-46
12 6 12 7 6 0.00246069
12 7 6 6 12 0.00126372
12 12 7 6 6 0.000866664
12 4 12 9 6 0.000280303
12 6 4 12 9 0.000556621
12 9 6 4 12 0.00261642
12 12 9 6 4 0.00312809
12 8 10 11 10 0.0175932
12 10 8 10 11 6.77623e-90
12 10 11 10 8 2.90148e-48
12 11 10 8 10 0.00693195
12 4 12 5 9 0.000476683
12 5 9 4 12 0.000279343
12 9 4 12 5 0.0642599
12 12 5 9 4 0.000640217
12 4 9 7 11 4.94807e-46
12 7 11 4 9 0.000569492
12 9 7 11 4 0.00794876
12 11 4 9 7 1.42424e-45
12 5 12 12 11 9.4389e-46
12 11 5 12 12 0.00287387
12 12 11 5 12 4.61668e-05
12 12 12 11 5 0.00349321
12 4 12 4 12 0.000663279
12 12 4 12 4 0.018959
12 4 10 9 11 1.19925e-46
12 9 11 4 10 0.0048308
12 10 9 11 4 1.18657e-47
12 11 4 10 9 0.0267223
12 4 6 4 11 3.02223e-46
12 4 11 4 6 0.000149841
12 6 4 11 4 0.000790924
12 11 4 6 4 0.0312238
12 4 9 9 11 7.06674e-47
12 9 9 11 4 0.0140966
12 9 11 4 9 0.00121207
12 11 4 9 9 0.002273
12 6 12 9 9 8.9357e-05
12 9 6 12 9 0.00722502
12 9 9 6 12 0.00104993
12 12 9 9 6 0.000254609
12 6 11 10 7 1.36565e-46
12 7 6 11 10 0.0054739
12 10 7 6 11 1.18652e-90
12 11 10 7 6 0.0483424
12 4 8 6 8 0.000407905
12 6 8 4 8 0.000497496
12 8 4 8 6 0.00213177
12 8 6 8 4 0.00780676
12 4 9 6 12 8.4105e-05
12 6 12 4 9 0.000380167
12 9 6 12 4 0.0418989
12 12 4 9 6 0.000262619
13 4 9 11 12 7.14449e-05
13 9 11 12 4 0.00954978
13 11 12 4 9 0.00503937
13 12 4 9 11 0.000825905
13 4 12 8 11 0.000284015
13 8 11 4 12 0.00392727
13 11 4 12 8 0.0198691
13 12 8 11 4 0.00301038
13 6 8 9 11 0.000919931
13 8 9 11 6 0.00722444
13 9 11 6 8 0.00667026
13 11 6 8 9 0.00124502
13 6 6 9 9 1.11316e-06
13 6 9 9 6 5.47145e-06
13 9 6 6 9 6.16441e-05
13 9 9 6 6 0.000302997
13 4 6 7 12 0.000400665
13 6 7 12 4 0.00349857
13 7 12 4 6 0.0179815
13 12 4 6 7 0.00659111
13 5 12 8 6 0.00495985
13 6 5 12 8 0.00165488
13 8 6 5 12 0.00709659
13 12 8 6 5 0.00237242
13 4 6 9 11 0.000261088
13 6 9 11 4 0.000577307
13 9 11 4 6 0.00570582
13 11 4 6 9 0.0127495
13 7 12 8 9 0.000647381
13 8 9 7 12 0.00677609
13 9 7 12 8 0.00847019
13 12 8 9 7 0.00159691
13 5 10 7 9 0.00134231
13 7 9 5 10 0.00251016
13 9 5 10 7 0.0125781
13 10 7 9 5 1.06793e-48
13 6 11 8 11 4.22241e-05
13 8 11 6 11 0.00633625
13 11 6 11 8 0.0019106
13 11 8 11 6 0.00904206
13 9 11 10 12 3.08542e-05
13 10 12 9 11 1.31859e-49
13 11 10 12 9 0.000128192
13 12 9 11 10 9.75415e-06
13 6 6 6 8 0.000868349
13 6 6 8 6 0.000260343
13 6 8 6 6 0.00410954
13 8 6 6 6 0.0390676
13 6 7 12 7 0.00168291
13 7 6 7 12 0.00492757
13 7 12 7 6 0.0211033
13 12 7 6 7 0.00584843
13 5 9 6 9 0.00128165
13 6 9 5 9 5.23356e-05
13 9 5 9 6 0.0120482
13 9 6 9 5 0.00105019
13 9 12 10 12 0.0157472
13 10 12 9 12 9.73711e-48
13 12 9 12 10 0.0033672
13 12 10 12 9 0.00120984
13 4 4 7 7 0.000609485
13 4 7 7 4 0.00112428
13 7 4 4 7 0.00638689
13 7 7 4 4 0.0117815
13 4 4 12 9 2.37e-06
13 4 12 9 4 1.51282e-05
13 9 4 4 12 0.000106388
13 12 9 4 4 3.01909e-05
13 8 12 12 10 0.0478383
13 10 8 12 12 1.28e-47
13 12 10 8 12 0.000456849
13 12 12 10 8 0.00117556
13 4 7 7 6 0.000674521
13 6 4 7 7 0.000978764
13 7 6 4 7 0.00448711
13 7 7 6 4 0.0297079
13 4 4 5 6 0.000308899
13 4 5 6 4 0.00315679
13 5 6 4 4 0.00564145
13 6 4 4 5 0.000149651
13 6 7 6 12 0.00107915
13 6 12 6 7 0.00293388
13 7 6 12 6 0.0078665
13 12 6 7 6 0.00166142
13 4 10 10 6 0.00106911
13 6 4 10 10 0.00138373
13 10 6 4 10 1.32015e-47
13 10 10 6 4 9.79894e-47
13 4 10 7 6 0.00141979
13 6 4 10 7 0.00100706
13 7 6 4 10 0.00842447
13 10 7 6 4 6.36111e-47
13 4 11 12 9 2.88168e-07
13 9 4 11 12 1.92683e-05
13 11 12 9 4 0.000221804
13 12 9 4 11 5.05902e-06
13 4 12 12 10 0.00271851
13 10 4 12 12 1.58061e-47
13 12 10 4 12 0.0024811
13 12 12 10 4 0.0080448
13 7 11 8 12 1.82745e-06
13 8 12 7 11 0.000115187
13 11 8 12 7 0.000191524
13 12 7 11 8 1.74288e-06
13 4 12 8 8 0.000205696
13 8 4 12 8 0.0198054
13 8 8 4 12 0.0217232
13 12 8 8 4 0.00254183
13 4 12 7 12 0.00111003
13 7 12 4 12 0.0116321
13 12 4 12 7 0.00512579
13 12 7 12 4 0.00945524
13 6 10 9 11 0.000794633
13 9 11 6 10 0.01544
13 10 9 11 6 4.04911e-48
13 11 6 10 9 0.00305801
13 9 9 12 12 0.0118127
13 9 12 12 9 0.0102925
13 12 9 9 12 0.000741299
13 12 12 9 9 0.000645897
13 7 12 8 10 0.00605633
13 8 10 7 12 0.0227766
13 10 7 12 8 1.01871e-47
13 12 8 10 7 0.00310605
13 4 7 8 7 0.000138982
13 7 4 7 8 0.0037298
13 7 8 7 4 0.02067
13 8 7 4 7 0.0132823
13 5 10 9 10 0.00541782
13 9 10 5 10 0.0122515
13 10 5 10 9 2.47612e-48
13 10 9 10 5 1.06088e-48
13 4 5 4 11 0.000407815
13 4 11 4 5 2.20272e-05
13 5 4 11 4 0.00282722
13 11 4 5 4 0.0146749
13 5 8 12 11 0.00519919
13 8 12 11 5 0.00140658
13 11 5 8 12 0.00319168
13 12 11 5 8 9.66037e-05
13 6 6 12 7 0.0011905
13 6 12 7 6 0.00246199
13 7 6 6 12 0.00945912
13 12 7 6 6 0.00651725
13 4 12 9 6 0.000996694
13 6 4 12 9 0.000417945
13 9 6 4 12 0.00820778
13 12 9 6 4 0.0083599
13 8 10 11 10 0.0141742
13 10 8 10 11 1.13774e-47
13 10 11 10 8 1.48969e-48
13 11 10 8 10 0.0120065
13 4 12 5 9 6.85765e-05
13 5 9 4 12 0.0012275
13 9 4 12 5 0.00283627
13 12 5 9 4 0.00239113
13 4 9 7 11 0.000200929
13 7 11 4 9 0.000265444
13 9 7 11 4 0.00647015
13 11 4 9 7 0.00805113
13 5 12 12 11 0.00577724
13 11 5 12 12 0.0157146
13 12 11 5 12 0.000118621
13 12 12 11 5 0.000160382
13 4 12 4 12 0.00174448
13 12 4 12 4 0.0196539
13 4 10 9 11 0.000448808
13 9 11 4 10 0.00555374
13 10 9 11 4 6.12137e-48
13 11 4 10 9 0.00394795
13 4 6 4 11 0.000211946
13 4 11 4 6 0.000131334
13 6 4 11 4 0.000523627
13 11 4 6 4 0.0665597
13 4 9 9 11 0.000229722
13 9 9 11 4 0.00875675
13 9 11 4 9 0.00102138
13 11 4 9 9 0.00349215
13 6 12 9 9 0.000270559
13 9 6 12 9 0.0042058
13 9 9 6 12 0.017196
13 12 9 9 6 0.00129729
13 6 11 10 7 0.000138121
13 7 6 11 10 0.00172106
13 10 7 6 11 1.20234e-47
13 11 10 7 6 0.0234806
13 4 8 6 8 0.00177572
13 6 8 4 8 0.00113089
13 8 4 8 6 0.0115687
13 8 6 8 4 0.013547
13 4 9 6 12 0.000541625
13 6 12 4 9 0.000300548
13 9 6 12 4 0.0300456
13 12 4 9 6 0.00161015
14 4 9 11 12 2.647e-05
14 9 11 12 4 0.0284688
14 11 12 4 9 0.00244347
14 12 4 9 11 3.29432e-46
14 4 12 8 11 9.59349e-05
14 8 11 4 12 0.00444203
14 11 4 12 8 0.0300215
14 12 8 11 4 0.00140526
14 6 8 9 11 3.86394e-46
14 8 9 11 6 0.00736585
14 9 11 6 8 0.00345887
14 11 6 8 9 0.000444057
14 6 6 9 9 7.54427e-50
14 6 9 9 6 2.12779e-48
14 9 6 6 9 1.35472e-05
14 9 9 6 6 0.000382085
14 4 6 7 12 6.11002e-05
14 6 7 12 4 0.00228141
14 7 12 4 6 0.00803457
14 12 4 6 7 0.00553798
14 5 12 8 6 0.002131
14 6 5 12 8 0.00281347
14 8 6 5 12 0.00125261
14 12 8 6 5 0.00854561
14 4 6 9 11 1.24682e-47
14 6 9 11 4 0.000359019
14 9 11 4 6 0.0120064
14 11 4 6 9 0.0145976
14 7 12 8 9 0.000377788
14 8 9 7 12 0.0121728
14 9 7 12 8 0.00404788
14 12 8 9 7 4.49962e-46
14 5 10 7 9 0.00604885
14 7 9 5 10 0.00453402
14 9 5 10 7 0.0374894
14 10 7 9 5 3.53894e-91
14 6 11 8 11 0.000120692
14 8 11 6 11 0.0106217
14 11 6 11 8 0.000106787
14 11 8 11 6 0.00672956
14 9 11 10 12 6.39322e-05
14 10 12 9 11 1.2868e-92
14 11 10 12 9 0.000721007
14 12 9 11 10 5.97918e-06
14 6 6 6 8 5.97739e-05
14 6 6 8 6 7.02922e-05
14 6 8 6 6 0.00376685
14 8 6 6 6 0.00618615
14 6 7 12 7 0.00173488
14 7 6 7 12 0.00138842
14 7 12 7 6 0.0141517
14 12 7 6 7 0.00147775
14 5 9 6 9 0.00257182
14 6 9 5 9 0.000175084
14 9 5 9 6 3.74566e-45
14 9 6 9 5 2.11949e-46
14 9 12 10 12 0.00585256
14 10 12 9 12 3.63069e-91
14 12 9 12 10 0.0101832
14 12 10 12 9 0.00698996
14 4 4 7 7 0.000890373
14 4 7 7 4 0.000312432
14 7 4 4 7 0.011487
14 7 7 4 4 0.00403078
14 4 4 12 9 7.49256e-06
14 4 12 9 4 4.01124e-49
14 9 4 4 12 9.2448e-05
14 12 9 4 4 4.00938e-05
14 8 12 12 10 0.0244415
14 10 8 12 12 2.71954e-47
14 12 10 8 12 0.000449325
14 12 12 10 8 0.000336335
14 4 7 7 6 0.000306992
14 6 4 7 7 0.00217024
14 7 6 4 7 0.00147279
14 7 7 6 4 0.00575553
14 4 4 5 6 0.000356128
14 4 5 6 4 0.00121081
14 5 6 4 4 0.00116521
14 6 4 4 5 0.000896294
14 6 7 6 12 0.000155303
14 6 12 6 7 0.000588637
14 7 6 12 6 0.00620641
14 12 6 7 6 0.000699485
14 4 10 10 6 0.00230526
14 6 4 10 10 0.00226369
14 10 6 4 10 2.26429e-48
14 10 10 6 4 6.37028e-47
14 4 10 7 6 0.00257615
14 6 4 10 7 0.0026536
14 7 6 4 10 0.00171674
14 10 7 6 4 1.03728e-47
14 4 11 12 9 1.21803e-06
14 9 4 11 12 7.87435e-06
14 11 12 9 4 8.72719e-48
14 12 9 4 11 1.59002e-05
14 4 12 12 10 0.000914127
14 10 4 12 12 3.17552e-47
14 12 10 4 12 0.0025246
14 12 12 10 4 0.00322941
14 7 11 8 12 2.42957e-06
14 8 12 7 11 9.179e-05
14 11 8 12 7 0.000678815
14 12 7 11 8 1.64891e-07
14 4 12 8 8 2.09241e-05
14 8 4 12 8 0.030641
14 8 8 4 12 0.0194347
14 12 8 8 4 0.00243868
14 4 12 7 12 0.000222436
14 7 12 4 12 0.00286971
14 12 4 12 7 0.0176465
14 12 7 12 4 0.00619216
14 6 10 9 11 3.78382e-46
14 9 11 6 10 0.0110256
14 10 9 11 6 4.22548e-48
14 11 6 10 9 0.00201247
14 9 9 12 12 0.033699
14 9 12 12 9 0.0121785
14 12 9 9 12 1.59852e-46
14 12 12 9 9 5.77688e-47
14 7 12 8 10 0.00156755
14 8 10 7 12 0.0346701
14 10 7 12 8 4.85107e-48
14 12 8 10 7 0.00869246
14 4 7 8 7 3.9324e-05
14 7 4 7 8 0.00453883
14 7 8 7 4 0.0373229
14 8 7 4 7 0.00590758
14 5 10 9 10 1.29563e-45
14 9 10 5 10 0.0158387
14 10 5 10 9 1.02939e-47
14 10 9 10 5 1.64283e-47
14 4 5 4 11 0.000653733
14 4 11 4 5 0.000116209
14 5 4 11 4 0.00150481
14 11 4 5 4 0.0153295
14 5 8 12 11 0.0341706
14 8 12 11 5 0.000951107
14 11 5 8 12 0.00280393
14 12 11 5 8 9.87788e-05
14 6 6 12 7 0.000744782
14 6 12 7 6 0.00135625
14 7 6 6 12 0.00100565
14 12 7 6 6 0.001706
14 4 12 9 6 4.32817e-47
14 6 4 12 9 0.00200549
14 9 6 4 12 0.00130163
14 12 9 6 4 0.00628677
14 8 10 11 10 0.00733847
14 10 8 10 11 4.86308e-47
14 10 11 10 8 2.42429e-48
14 11 10 8 10 0.0124776
14 4 12 5 9 2.56179e-05
14 5 9 4 12 0.00177746
14 9 4 12 5 0.0405277
14 12 5 9 4 4.43318e-46
14 4 9 7 11 0.000621756
14 7 11 4 9 0.000893474
14 9 7 11 4 0.000879357
14 11 4 9 7 2.08828e-45
14 5 12 12 11 0.00861012
14 11 5 12 12 0.033139
14 12 11 5 12 0.000153886
14 12 12 11 5 0.000108798
14 4 12 4 12 0.000232925
14 12 4 12 4 0.0428005
14 4 10 9 11 1.40801e-46
14 9 11 4 10 0.00700348
14 10 9 11 4 3.90045e-48
14 11 4 10 9 0.0142365
14 4 6 4 11 5.6365e-05
14 4 11 4 6 0.000177072
14 6 4 11 4 0.000230145
14 11 4 6 4 0.0344382
14 4 9 9 11 8.50535e-47
14 9 9 11 4 0.00559958
14 9 11 4 9 0.00290397
14 11 4 9 9 1.26791e-45
14 6 12 9 9 2.40954e-47
14 9 6 12 9 0.00378713
14 9 9 6 12 0.0119726
14 12 9 9 6 5.06666e-46
14 6 11 10 7 0.000486596
14 7 6 11 10 0.000164939
14 10 7 6 11 4.64005e-48
14 11 10 7 6 0.0632224
14 4 8 6 8 0.000466669
14 6 8 4 8 0.000796613
14 8 4 8 6 0.0171335
14 8 6 8 4 0.00223568
14 4 9 6 12 0.000241623
14 6 12 4 9 0.000149057
14 9 6 12 4 0.012226
14 12 4 9 6 4.44446e-46
15 4 9 11 12 1.92796e-50
15 9 11 12 4 0.140442
15 11 12 4 9 6.03135e-48
15 12 4 9 11 1.40741e-48
15 4 12 8 11 4.56942e-49
15 8 11 4 12 1.65337e-47
15 11 4 12 8 0.0577425
15 12 8 11 4 6.0303e-48
15 6 8 9 11 1.89634e-48
15 8 9 11 6 5.95698e-48
15 9 11 6 8 6.93275e-48
15 11 6 8 9 2.18732e-48
15 6 6 9 9 1.03762e-51
15 6 9 9 6 2.67502e-51
15 9 6 6 9 1.83463e-50
15 9 9 6 6 4.72976e-50
15 4 6 7 12 1.06236e-49
15 6 7 12 4 0.00261332
15 7 12 4 6 4.15208e-47
15 12 4 6 7 3.15683e-48
15 5 12 8 6 2.15826e-47
15 6 5 12 8 0.00623128
15 8 6 5 12 1.51392e-47
15 12 8 6 5 5.03092e-48
15 4 6 9 11 8.50725e-50
15 6 9 11 4 3.77463e-49
15 9 11 4 6 3.59419e-47
15 11 4 6 9 6.37294e-48
15 7 12 8 9 3.27642e-48
15 8 9 7 12 1.88345e-48
15 9 7 12 8 0.00400609
15 12 8 9 7 1.72985e-48
15 5 10 7 9 4.49248e-48
15 7 9 5 10 2.44813e-48
15 9 5 10 7 2.27241e-47
15 10 7 9 5 8.60925e-94
15 6 11 8 11 9.20787e-49
15 8 11 6 11 1.36313e-47
15 11 6 11 8 1.56955e-48
15 11 8 11 6 3.08118e-47
15 9 11 10 12 2.39708e-49
15 10 12 9 11 2.06844e-94
15 11 10 12 9 0.00158819
15 12 9 11 10 4.54589e-51
15 6 6 6 8 1.67709e-49
15 6 6 8 6 8.02497e-49
15 6 8 6 6 3.2923e-48
15 8 6 6 6 1.18802e-47
15 6 7 12 7 0.00170539
15 7 6 7 12 5.13185e-48
15 7 12 7 6 5.01701e-47
15 12 7 6 7 3.94895e-49
15 5 9 6 9 1.65751e-49
15 6 9 5 9 7.67796e-50
15 9 5 9 6 1.83498e-47
15 9 6 9 5 3.25913e-48
15 9 12 10 12 3.22407e-47
15 10 12 9 12 1.15509e-92
15 12 9 12 10 0.00286326
15 12 10 12 9 0.016529
15 4 4 7 7 2.88332e-49
15 4 7 7 4 5.52704e-50
15 7 4 4 7 1.1527e-47
15 7 7 4 4 2.20961e-48
15 4 4 12 9 5.48882e-06
15 4 12 9 4 4.53614e-51
15 9 4 4 12 1.50005e-49
15 12 9 4 4 6.21023e-51
15 8 12 12 10 0.148826
15 10 8 12 12 6.86171e-47
15 12 10 8 12 3.54374e-48
15 12 12 10 8 1.2491e-48
15 4 7 7 6 6.22041e-50
15 6 4 7 7 1.65394e-48
15 7 6 4 7 4.17681e-48
15 7 7 6 4 2.1531e-48
15 4 4 5 6 6.77009e-49
15 4 5 6 4 3.66592e-49
15 5 6 4 4 2.77003e-48
15 6 4 4 5 1.19051e-48
15 6 7 6 12 1.04858e-49
15 6 12 6 7 1.72177e-48
15 7 6 12 6 0.0443436
15 12 6 7 6 1.51197e-48
15 4 10 10 6 2.33137e-48
15 6 4 10 10 2.47989e-48
15 10 6 4 10 5.84163e-93
15 10 10 6 4 7.52716e-92
15 4 10 7 6 2.03116e-48
15 6 4 10 7 2.59398e-48
15 7 6 4 10 5.45622e-48
15 10 7 6 4 3.14983e-93
15 4 11 12 9 2.34321e-06
15 9 4 11 12 6.52109e-50
15 11 12 9 4 1.62681e-49
15 12 9 4 11 2.0287e-51
15 4 12 12 10 0.00352189
15 10 4 12 12 9.27581e-47
15 12 10 4 12 7.30831e-48
15 12 12 10 4 1.06723e-47
15 7 11 8 12 3.31386e-50
15 8 12 7 11 1.73988e-49
15 11 8 12 7 0.000861172
15 12 7 11 8 4.31566e-52
15 4 12 8 8 1.35967e-49
15 8 4 12 8 0.056506
15 8 8 4 12 2.37938e-47
15 12 8 8 4 5.58618e-48
15 4 12 7 12 5.28009e-49
15 7 12 4 12 2.11089e-47
15 12 4 12 7 0.027823
15 12 7 12 4 0.00533339
15 6 10 9 11 3.92173e-48
15 9 11 6 10 1.89118e-47
15 10 9 11 6 3.73109e-93
15 11 6 10 9 3.2017e-48
15 9 9 12 12 0.0164235
15 9 12 12 9 0.0622797
15 12 9 9 12 2.15086e-49
15 12 12 9 9 8.15627e-49
15 7 12 8 10 1.85308e-47
15 8 10 7 12 6.14942e-47
15 10 7 12 8 4.57893e-48
15 12 8 10 7 5.51879e-48
15 4 7 8 7 2.37083e-50
15 7 4 7 8 4.0918e-48
15 7 8 7 4 2.58617e-47
15 8 7 4 7 2.06614e-48
15 5 10 9 10 1.01875e-47
15 9 10 5 10 8.34386e-47
15 10 5 10 9 4.89278e-93
15 10 9 10 5 2.24036e-93
15 4 5 4 11 2.38916e-49
15 4 11 4 5 1.72241e-49
15 5 4 11 4 6.46054e-48
15 11 4 5 4 4.19387e-47
15 5 8 12 11 0.0386034
15 8 12 11 5 1.6707e-47
15 11 5 8 12 9.10824e-48
15 12 11 5 8 8.56151e-49
15 6 6 12 7 0.00441362
15 6 12 7 6 5.32282e-48
15 7 6 6 12 3.69756e-48
15 12 7 6 6 6.08486e-49
15 4 12 9 6 5.60619e-49
15 6 4 12 9 0.00345748
15 9 6 4 12 5.96881e-48
15 12 9 6 4 6.64522e-49
15 8 10 11 10 5.7124e-47
15 10 8 10 11 2.89009e-92
15 10 11 10 8 5.97571e-93
15 11 10 8 10 5.40749e-47
15 4 12 5 9 1.15746e-49
15 5 9 4 12 3.87895e-49
15 9 4 12 5 0.0781168
15 12 5 9 4 1.85447e-48
15 4 9 7 11 3.07545e-50
15 7 11 4 9 1.93581e-48
15 9 7 11 4 2.09397e-48
15 11 4 9 7 8.65797e-48
15 5 12 12 11 0.0434492
15 11 5 12 12 0.074581
15 12 11 5 12 1.93498e-48
15 12 12 11 5 2.13979e-48
15 4 12 4 12 8.0597e-49
15 12 4 12 4 0.0786376
15 4 10 9 11 6.20098e-49
15 9 11 4 10 1.76033e-47
15 10 9 11 4 3.0069e-93
15 11 4 10 9 8.01423e-48
15 4 6 4 11 7.21789e-50
15 4 11 4 6 2.92975e-49
15 6 4 11 4 1.52059e-48
15 11 4 6 4 2.13093e-47
15 4 9 9 11 3.26762e-50
15 9 9 11 4 4.52612e-48
15 9 11 4 9 5.35491e-48
15 11 4 9 9 4.32195e-48
15 6 12 9 9 4.52441e-49
15 9 6 12 9 0.0141858
15 9 9 6 12 2.10957e-48
15 12 9 9 6 4.78952e-49
15 6 11 10 7 1.24911e-48
15 7 6 11 10 2.67553e-48
15 10 7 6 11 1.16065e-93
15 11 10 7 6 8.21672e-47
15 4 8 6 8 1.70048e-49
15 6 8 4 8 1.00104e-48
15 8 4 8 6 4.64817e-47
15 8 6 8 4 1.49652e-47
15 4 9 6 12 2.35308e-50
15 6 12 4 9 5.25288e-49
15 9 6 12 4 0.0649081
15 12 4 9 6 2.64024e-48
16 4 9 11 12 0.000235587
16 9 11 12 4 0.165606
16 11 12 4 9 0.000958262
16 12 4 9 11 3.11512e-48
16 4 12 8 11 0.000513042
16 8 11 4 12 0.0130876
16 11 4 12 8 1.70928e-46
16 12 8 11 4 0.0014377
16 6 8 9 11 0.000410326
16 8 9 11 6 0.0103522
16 9 11 6 8 0.0296029
16 11 6 8 9 0.00131389
16 6 6 9 9 8.47662e-08
16 6 9 9 6 6.67134e-06
16 9 6 6 9 4.11803e-05
16 9 9 6 6 0.003241
16 4 6 7 12 9.53198e-05
16 6 7 12 4 0.00222944
16 7 12 4 6 0.00122745
16 12 4 6 7 1.49226e-46
16 5 12 8 6 1.75143e-46
16 6 5 12 8 0.000215797
16 8 6 5 12 4.23035e-46
16 12 8 6 5 0.0774473
16 4 6 9 11 7.79712e-05
16 6 9 11 4 0.000305274
16 9 11 4 6 0.0298427
16 11 4 6 9 6.48222e-46
16 7 12 8 9 0.000234116
16 8 9 7 12 0.00641757
16 9 7 12 8 0.00200171
16 12 8 9 7 0.00104381
16 5 10 7 9 3.83525e-92
16 7 9 5 10 7.22239e-47
16 9 5 10 7 1.83157e-45
16 10 7 9 5 1.13968e-48
16 6 11 8 11 0.00059022
16 8 11 6 11 0.13656
16 11 6 11 8 3.84903e-05
16 11 8 11 6 0.0105339
16 9 11 10 12 1.24206e-46
16 10 12 9 11 9.59157e-51
16 11 10 12 9 8.19482e-49
16 12 9 11 10 4.94552e-07
16 6 6 6 8 6.77333e-05
16 6 6 8 6 0.00012562
16 6 8 6 6 0.018537
16 8 6 6 6 0.0290648
16 6 7 12 7 0.00117574
16 7 6 7 12 0.000154538
16 7 12 7 6 0.00110427
16 12 7 6 7 0.0060388
16 5 9 6 9 8.20225e-46
16 6 9 5 9 6.11852e-47
16 9 5 9 6 0.00178669
16 9 6 9 5 0.000456174
16 9 12 10 12 1.37547e-45
16 10 12 9 12 6.04137e-49
16 12 9 12 10 0.00159025
16 12 10 12 9 5.85613e-48
16 4 4 7 7 6.96038e-48
16 4 7 7 4 0.000534103
16 7 4 4 7 1.25433e-47
16 7 7 4 4 0.00096251
16 4 4 12 9 3.67671e-49
16 4 12 9 4 3.48099e-06
16 9 4 4 12 3.31735e-49
16 12 9 4 4 3.98429e-05
16 8 12 12 10 0.0011823
16 10 8 12 12 5.57315e-47
16 12 10 8 12 1.06453e-48
16 12 12 10 8 3.50262e-47
16 4 7 7 6 0.000591866
16 6 4 7 7 1.87676e-48
16 7 6 4 7 0.000192225
16 7 7 6 4 0.0133882
16 4 4 5 6 6.04522e-90
16 4 5 6 4 0.00777256
16 5 6 4 4 2.17249e-47
16 6 4 4 5 2.78169e-48
16 6 7 6 12 0.000648558
16 6 12 6 7 0.000835208
16 7 6 12 6 0.00347694
16 12 6 7 6 0.000192096
16 4 10 10 6 4.12629e-90
16 6 4 10 10 2.50498e-91
16 10 6 4 10 5.88892e-50
16 10 10 6 4 2.14234e-91
16 4 10 7 6 3.09371e-48
16 6 4 10 7 3.42034e-90
16 7 6 4 10 1.92364e-05
16 10 7 6 4 5.60032e-47
16 4 11 12 9 4.25068e-05
16 9 4 11 12 3.95008e-50
16 11 12 9 4 1.85696e-05
16 12 9 4 11 8.19548e-06
16 4 12 12 10 0.000272744
16 10 4 12 12 3.54677e-91
16 12 10 4 12 1.10142e-48
16 12 12 10 4 8.43649e-46
16 7 11 8 12 1.71066e-05
16 8 12 7 11 7.48539e-06
16 11 8 12 7 0.00123363
16 12 7 11 8 5.55851e-08
16 4 12 8 8 8.60015e-05
16 8 4 12 8 1.15355e-46
16 8 8 4 12 0.0147732
16 12 8 8 4 0.00969183
16 4 12 7 12 0.000249769
16 7 12 4 12 0.00045011
16 12 4 12 7 1.28837e-46
16 12 7 12 4 0.00988629
16 6 10 9 11 2.06876e-49
16 9 11 6 10 0.0140935
16 10 9 11 6 6.06583e-48
16 11 6 10 9 8.3478e-46
16 9 9 12 12 0.079518
16 9 12 12 9 0.00721962
16 12 9 9 12 0.000840699
16 12 12 9 9 7.6329e-05
16 7 12 8 10 6.86549e-05
16 8 10 7 12 6.93037e-48
16 10 7 12 8 2.82896e-48
16 12 8 10 7 3.35864e-45
16 4 7 8 7 0.00049566
16 7 4 7 8 1.45517e-48
16 7 8 7 4 0.00550745
16 8 7 4 7 0.00222307
16 5 10 9 10 5.19549e-93
16 9 10 5 10 1.88281e-91
16 10 5 10 9 7.20438e-91
16 10 9 10 5 1.44767e-89
16 4 5 4 11 0.000223445
16 4 11 4 5 0.00231861
16 5 4 11 4 3.28151e-91
16 11 4 5 4 5.65731e-89
16 5 8 12 11 1.33888e-45
16 8 12 11 5 0.000520295
16 11 5 8 12 0.00284868
16 12 11 5 8 7.6179e-47
16 6 6 12 7 0.000397808
16 6 12 7 6 0.000164086
16 7 6 6 12 0.00213478
16 12 7 6 6 0.0113373
16 4 12 9 6 0.000423599
16 6 4 12 9 1.08865e-47
16 9 6 4 12 0.000558269
16 12 9 6 4 0.0608584
16 8 10 11 10 2.06448e-49
16 10 8 10 11 1.28766e-89
16 10 11 10 8 1.91222e-90
16 11 10 8 10 2.06218e-48
16 4 12 5 9 2.79453e-47
16 5 9 4 12 7.99847e-47
16 9 4 12 5 4.21422e-46
16 12 5 9 4 0.000241329
16 4 9 7 11 0.000905689
16 7 11 4 9 0.000842841
16 9 7 11 4 0.000577758
16 11 4 9 7 3.58188e-47
16 5 12 12 11 1.58184e-46
16 11 5 12 12 0.016364
16 12 11 5 12 3.44712e-46
16 12 12 11 5 6.63479e-05
16 4 12 4 12 0.000512063
16 12 4 12 4 4.50593e-46
16 4 10 9 11 6.95894e-49
16 9 11 4 10 0.000918992
16 10 9 11 4 4.96479e-48
16 11 4 10 9 4.94066e-89
16 4 6 4 11 7.71182e-05
16 4 11 4 6 0.00313425
16 6 4 11 4 7.85465e-49
16 11 4 6 4 1.81531e-45
16 4 9 9 11 0.00110869
16 9 9 11 4 0.00604403
16 9 11 4 9 0.00539166
16 11 4 9 9 2.64177e-47
16 6 12 9 9 1.94864e-05
16 9 6 12 9 0.00311918
16 9 9 6 12 0.104267
16 12 9 9 6 0.00259541
16 6 11 10 7 4.46039e-46
16 7 6 11 10 2.5837e-06
16 10 7 6 11 1.29939e-47
16 11 10 7 6 1.86158e-47
16 4 8 6 8 0.00733813
16 6 8 4 8 0.000142248
16 8 4 8 6 3.75448e-46
16 8 6 8 4 0.00519217
16 4 9 6 12 0.014985
16 6 12 4 9 2.63735e-05
16 9 6 12 4 0.0119531
16 12 4 9 6 9.1381e-48
17 1 0 2 11 0.183495
17 3 0 3 9 0.077177
17 2 0 1 7 1.1993e-47
17 1 0 1 9 0.0793279
17 1 0 3 11 0.0617278
17 1 0 1 12 0.00620185
17 3 0 2 9 0.0438361
17 3 0 3 12 0.00382798
17 3 0 3 5 0.0294401
17 3 0 3 8 0.0331677
17 2 0 3 11 1.57028e-47
17 1 0 3 8 0.0192527
17 3 0 1 9 0.0323263
17 1 0 2 9 0.0606776
17 2 0 2 4 2.17985e-47
17 2 0 1 11 2.4956e-47
17 1 0 2 8 0.0429336
17 2 0 3 7 8.50021e-48
17 3 0 1 8 0.0210461
17 3 0 2 11 0.156863
17 1 0 1 7 0.0520678
17 3 0 2 8 0.0317163
17 3 0 2 12 0.00620624
17 1 0 1 6 0.0587082
18 2 11 1 0 0.00760189
18 3 9 3 0 0.184534
18 1 7 2 0 0.0422582
18 1 9 1 0 0.0982671
18 3 11 1 0 0.0152253
18 1 12 1 0 0.0293747
18 2 9 3 0 0.0176048
18 3 12 3 0 0.0349967
18 3 5 3 0 0.0733285
18 3 8 3 0 0.112015
18 3 11 2 0 0.0246516
18 3 8 1 0 0.0406348
18 1 9 3 0 0.0640756
18 2 9 1 0 0.0152291
18 2 4 2 0 0.00824561
18 1 11 2 0 0.032478
18 2 8 1 0 0.01522
18 3 7 2 0 0.0361296
18 1 8 3 0 0.0589226
18 2 11 3 0 0.0103985
18 1 7 1 0 0.028825
18 2 8 3 0 0.017991
18 2 12 3 0 0.00953012
18 1 6 1 0 0.0224625
19 4 9 11 12 1.33611e-48
19 9 11 12 4 2.02765e-50
19 11 12 4 9 0.0394986
19 12 4 9 11 9.77739e-48
19 4 12 8 11 0.0559007
19 8 11 4 12 1.41851e-48
19 11 4 12 8 6.49108e-48
19 12 8 11 4 9.72331e-49
19 6 8 9 11 1.32964e-47
19 8 9 11 6 8.44883e-49
19 9 11 6 8 3.80179e-48
19 11 6 8 9 4.32306e-48
19 6 6 9 9 1.04205e-49
19 6 9 9 6 4.75627e-51
19 9 6 6 9 2.84507e-50
19 9 9 6 6 1.29859e-51
19 4 6 7 12 1.65071e-48
19 6 7 12 4 4.77258e-49
19 7 12 4 6 0.00394249
19 12 4 6 7 2.67783e-47
19 5 12 8 6 0.00346452
19 6 5 12 8 3.72593e-47
19 8 6 5 12 9.40603e-49
19 12 8 6 5 1.57086e-47
19 4 6 9 11 8.96453e-48
19 6 9 11 4 6.78823e-49
19 9 11 4 6 1.25733e-49
19 11 4 6 9 1.47318e-47
19 7 12 8 9 0.0166038
19 8 9 7 12 5.23773e-49
19 9 7 12 8 1.08517e-48
19 12 8 9 7 4.67105e-48
19 5 10 7 9 9.08865e-48
19 7 9 5 10 1.31351e-93
19 9 5 10 7 2.44081e-48
19 10 7 9 5 4.19945e-48
19 6 11 8 11 6.56647e-48
19 8 11 6 11 1.13533e-47
19 11 6 11 8 9.50542e-48
19 11 8 11 6 4.88398e-49
19 9 11 10 12 4.79482e-51
19 10 12 9 11 0.00149585
19 11 10 12 9 8.86995e-50
19 12 9 11 10 2.33376e-94
19 6 6 6 8 3.23872e-47
19 6 6 8 6 5.29078e-49
19 6 8 6 6 1.66409e-48
19 8 6 6 6 9.14768e-49
19 6 7 12 7 1.12044e-47
19 7 6 7 12 9.46131e-49
19 7 12 7 6 0.00331162
19 12 7 6 7 3.23566e-47
19 5 9 6 9 8.30952e-48
19 6 9 5 9 4.56707e-48
19 9 5 9 6 8.23924e-50
19 9 6 9 5 2.34106e-49
19 9 12 10 12 0.00302005
19 10 12 9 12 0.0144841
19 12 9 12 10 7.33739e-93
19 12 10 12 9 1.99441e-47
19 4 4 7 7 5.69747e-48
19 4 7 7 4 2.93241e-49
19 7 4 4 7 3.88771e-48
19 7 7 4 4 2.00095e-49
19 4 4 12 9 8.05184e-50
19 4 12 9 4 1.39714e-05
19 9 4 4 12 2.55232e-51
19 12 9 4 4 4.13047e-51
19 8 12 12 10 2.19005e-47
19 10 8 12 12 1.26821e-48
19 12 10 8 12 1.29658e-48
19 12 12 10 8 0.190533
19 4 7 7 6 7.00947e-49
19 6 4 7 7 8.92164e-48
19 7 6 4 7 3.78827e-48
19 7 7 6 4 3.28196e-49
19 4 4 5 6 3.11547e-49
19 4 5 6 4 7.79575e-49
19 5 6 4 4 2.20605e-49
19 6 4 4 5 5.18755e-48
19 6 7 6 12 3.86838e-48
19 6 12 6 7 0.107242
19 7 6 12 6 2.0813e-49
19 12 6 7 6 8.40934e-49
19 4 10 10 6 2.09549e-48
19 6 4 10 10 2.71424e-92
19 10 6 4 10 2.11145e-92
19 10 10 6 4 1.79751e-48
19 4 10 7 6 1.09934e-48
19 6 4 10 7 2.3237e-47
19 7 6 4 10 6.04631e-93
19 10 7 6 4 1.56605e-48
19 4 11 12 9 3.50034e-50
19 9 4 11 12 1.94843e-51
19 11 12 9 4 4.1117e-06
19 12 9 4 11 8.1861e-50
19 4 12 12 10 5.1128e-47
19 10 4 12 12 2.61546e-48
19 12 10 4 12 4.99644e-48
19 12 12 10 4 0.00823029
19 7 11 8 12 1.78106e-51
19 8 12 7 11 0.000280261
19 11 8 12 7 1.15416e-50
19 12 7 11 8 2.02826e-49
19 4 12 8 8 0.05423
19 8 4 12 8 7.84652e-48
19 8 8 4 12 1.31404e-48
19 12 8 8 4 2.74504e-49
19 4 12 7 12 0.0145487
19 7 12 4 12 0.00992737
19 12 4 12 7 1.22904e-47
19 12 7 12 4 6.32571e-49
19 6 10 9 11 1.94627e-47
19 9 11 6 10 2.30466e-93
19 10 9 11 6 2.02041e-48
19 11 6 10 9 1.36504e-47
19 9 9 12 12 1.16304e-49
19 9 12 12 9 0.00891873
19 12 9 9 12 1.23016e-48
19 12 12 9 9 0.0943344
19 7 12 8 10 1.94881e-47
19 8 10 7 12 1.671e-48
19 10 7 12 8 2.34492e-47
19 12 8 10 7 2.10459e-47
19 4 7 8 7 3.48371e-48
19 7 4 7 8 5.27464e-48
19 7 8 7 4 1.1048e-49
19 8 7 4 7 5.7504e-48
19 5 10 9 10 5.02938e-93
19 9 10 5 10 7.54714e-94
19 10 5 10 9 5.84959e-47
19 10 9 10 5 7.58632e-48
19 4 5 4 11 1.8312e-47
19 4 11 4 5 2.7997e-48
19 5 4 11 4 3.35982e-49
19 11 4 5 4 7.45663e-50
19 5 8 12 11 3.98517e-48
19 8 12 11 5 0.0226371
19 11 5 8 12 5.31595e-49
19 12 11 5 8 6.62413e-48
19 6 6 12 7 8.07292e-48
19 6 12 7 6 0.00808343
19 7 6 6 12 1.65064e-48
19 12 7 6 6 2.94347e-48
19 4 12 9 6 0.00366737
19 6 4 12 9 1.38456e-47
19 9 6 4 12 2.73109e-49
19 12 9 6 4 7.43964e-49
19 8 10 11 10 1.63839e-92
19 10 8 10 11 4.05731e-47
19 10 11 10 8 4.24899e-47
19 11 10 8 10 3.82642e-93
19 4 12 5 9 0.0253306
19 5 9 4 12 5.73771e-49
19 9 4 12 5 2.23747e-49
19 12 5 9 4 3.39536e-49
19 4 9 7 11 4.86604e-48
19 7 11 4 9 3.91433e-48
19 9 7 11 4 5.74498e-50
19 11 4 9 7 1.65084e-48
19 5 12 12 11 0.0326318
19 11 5 12 12 7.12953e-49
19 12 11 5 12 7.96226e-49
19 12 12 11 5 0.0507088
19 4 12 4 12 0.0319456
19 12 4 12 4 9.65576e-49
19 4 10 9 11 1.12733e-47
19 9 11 4 10 1.27444e-93
19 10 9 11 4 7.66636e-49
19 11 4 10 9 1.27059e-47
19 4 6 4 11 9.30443e-48
19 4 11 4 6 5.00656e-49
19 6 4 11 4 5.75941e-49
19 11 4 6 4 2.32565e-49
19 4 9 9 11 6.0795e-48
19 9 9 11 4 6.10396e-50
19 9 11 4 9 1.86814e-48
19 11 4 9 9 4.85182e-48
19 6 12 9 9 0.0805738
19 9 6 12 9 1.14559e-48
19 9 9 6 12 2.86873e-49
19 12 9 9 6 5.53065e-49
19 6 11 10 7 1.13946e-47
19 7 6 11 10 5.20648e-93
19 10 7 6 11 3.50095e-47
19 11 10 7 6 3.64936e-49
19 4 8 6 8 2.93222e-47
19 6 8 4 8 2.79938e-47
19 8 4 8 6 4.23149e-49
19 8 6 8 4 1.72497e-49
19 4 9 6 12 1.56313e-48
19 6 12 4 9 0.114438
19 9 6 12 4 2.47475e-50
19 12 4 9 6 6.42113e-49
20 9 4 4 12 1
21 4 9 11 12 3.63662e-49
21 9 11 12 4 0.00423709
21 11 12 4 9 3.39525e-48
21 12 4 9 11 5.24086e-49
21 4 12 8 11 9.69786e-49
21 8 11 4 12 4.64414e-48
21 11 4 12 8 6.86351e-48
21 12 8 11 4 0.0152737
21 6 8 9 11 6.74184e-49
21 8 9 11 6 1.23062e-48
21 9 11 6 8 1.24406e-48
21 11 6 8 9 1.77078e-48
21 6 6 9 9 3.2909e-51
21 6 9 9 6 3.02581e-51
21 9 6 6 9 1.03881e-50
21 9 9 6 6 9.55137e-51
21 4 6 7 12 4.2082e-48
21 6 7 12 4 0.0613351
21 7 12 4 6 4.19055e-48
21 12 4 6 7 1.00036e-47
21 5 12 8 6 3.972e-48
21 6 5 12 8 3.10823e-48
21 8 6 5 12 1.77779e-48
21 12 8 6 5 1.27783e-47
21 4 6 9 11 4.2668e-49
21 6 9 11 4 0.00871737
21 9 11 4 6 1.64532e-48
21 11 4 6 9 9.59757e-48
21 7 12 8 9 4.29736e-49
21 8 9 7 12 2.47881e-48
21 9 7 12 8 1.22564e-48
21 12 8 9 7 4.58929e-49
21 5 10 7 9 8.10456e-48
21 7 9 5 10 6.53838e-49
21 9 5 10 7 9.43947e-49
21 10 7 9 5 8.49986e-49
21 6 11 8 11 6.33676e-49
21 8 11 6 11 2.57997e-48
21 11 6 11 8 1.1941e-48
21 11 8 11 6 1.62625e-48
21 9 11 10 12 8.05102e-51
21 10 12 9 11 2.71906e-51
21 11 10 12 9 3.88573e-50
21 12 9 11 10 1.34925e-50
21 6 6 6 8 3.41988e-48
21 6 6 8 6 1.19185e-48
21 6 8 6 6 4.65754e-48
21 8 6 6 6 4.85254e-48
21 6 7 12 7 7.98869e-48
21 7 6 7 12 4.24211e-48
21 7 12 7 6 4.40581e-48
21 12 7 6 7 1.32139e-47
21 5 9 6 9 3.25801e-48
21 6 9 5 9 3.71979e-49
21 9 5 9 6 1.21592e-49
21 9 6 9 5 2.21904e-49
21 9 12 10 12 7.13082e-49
21 10 12 9 12 1.84607e-49
21 12 9 12 10 2.04805e-48
21 12 10 12 9 1.81116e-48
21 4 4 7 7 8.47397e-48
21 4 7 7 4 0.0859399
21 7 4 4 7 8.12491e-48
21 7 7 4 4 0.0823999
21 4 4 12 9 2.42709e-50
21 4 12 9 4 3.14863e-05
21 9 4 4 12 2.75949e-50
21 12 9 4 4 0.000301387
21 8 12 12 10 2.32646e-48
21 10 8 12 12 8.42077e-49
21 12 10 8 12 7.39954e-49
21 12 12 10 8 1.29979e-48
21 4 7 7 6 9.02671e-48
21 6 4 7 7 1.03794e-47
21 7 6 4 7 4.54115e-48
21 7 7 6 4 0.0657766
21 4 4 5 6 1.34764e-48
21 4 5 6 4 0.0255408
21 5 6 4 4 0.0963745
21 6 4 4 5 1.34408e-47
21 6 7 6 12 5.71658e-48
21 6 12 6 7 3.11519e-48
21 7 6 12 6 1.3866e-48
21 12 6 7 6 3.67043e-48
21 4 10 10 6 3.1282e-48
21 6 4 10 10 8.43119e-48
21 10 6 4 10 4.82418e-48
21 10 10 6 4 0.0298111
21 4 10 7 6 6.03984e-48
21 6 4 10 7 7.34552e-48
21 7 6 4 10 7.12217e-48
21 10 7 6 4 0.0608784
21 4 11 12 9 4.8182e-51
21 9 4 11 12 3.06173e-51
21 11 12 9 4 2.88747e-05
21 12 9 4 11 1.4123e-50
21 4 12 12 10 2.69001e-48
21 10 4 12 12 2.22312e-48
21 12 10 4 12 5.34505e-48
21 12 12 10 4 0.024868
21 7 11 8 12 2.70971e-51
21 8 12 7 11 2.30324e-50
21 11 8 12 7 2.34257e-50
21 12 7 11 8 1.00665e-50
21 4 12 8 8 8.98363e-49
21 8 4 12 8 5.37574e-48
21 8 8 4 12 7.35941e-48
21 12 8 8 4 0.0158272
21 4 12 7 12 4.15221e-48
21 7 12 4 12 3.98117e-48
21 12 4 12 7 6.61971e-48
21 12 7 12 4 0.0671348
21 6 10 9 11 5.89177e-49
21 9 11 6 10 1.82099e-48
21 10 9 11 6 4.97216e-49
21 11 6 10 9 3.56453e-48
21 9 9 12 12 4.65332e-49
21 9 12 12 9 5.25628e-49
21 12 9 9 12 2.43834e-49
21 12 12 9 9 2.75429e-49
21 7 12 8 10 1.37099e-48
21 8 10 7 12 6.99349e-48
21 10 7 12 8 2.96732e-48
21 12 8 10 7 4.29179e-48
21 4 7 8 7 2.41419e-48
21 7 4 7 8 5.61499e-48
21 7 8 7 4 0.0406919
21 8 7 4 7 1.50821e-47
21 5 10 9 10 1.59586e-48
21 9 10 5 10 5.75154e-49
21 10 5 10 9 9.16293e-49
21 10 9 10 5 1.53753e-48
21 4 5 4 11 2.91467e-48
21 4 11 4 5 4.23481e-48
21 5 4 11 4 0.037192
21 11 4 5 4 0.0228735
21 5 8 12 11 3.93379e-48
21 8 12 11 5 1.41294e-48
21 11 5 8 12 9.86257e-49
21 12 11 5 8 4.34282e-49
21 6 6 12 7 3.0201e-48
21 6 12 7 6 4.78298e-48
21 7 6 6 12 2.8777e-48
21 12 7 6 6 9.52077e-48
21 4 12 9 6 3.6317e-49
21 6 4 12 9 3.26458e-48
21 9 6 4 12 1.69368e-48
21 12 9 6 4 0.0264194
21 8 10 11 10 2.61827e-48
21 10 8 10 11 1.86219e-48
21 10 11 10 8 1.08858e-48
21 11 10 8 10 3.46404e-48
21 4 12 5 9 3.21149e-49
21 5 9 4 12 3.82089e-48
21 9 4 12 5 1.58342e-48
21 12 5 9 4 0.00241925
21 4 9 7 11 1.62668e-48
21 7 11 4 9 1.35048e-48
21 9 7 11 4 0.00595271
21 11 4 9 7 1.00161e-48
21 5 12 12 11 2.64783e-48
21 11 5 12 12 1.73982e-48
21 12 11 5 12 3.83312e-49
21 12 12 11 5 1.01262e-48
21 4 12 4 12 7.28421e-48
21 12 4 12 4 0.093741
21 4 10 9 11 4.36284e-49
21 9 11 4 10 2.06906e-48
21 10 9 11 4 0.00429359
21 11 4 10 9 5.78448e-48
21 4 6 4 11 2.70274e-48
21 4 11 4 6 2.15173e-48
21 6 4 11 4 0.0140242
21 11 4 6 4 0.0755432
21 4 9 9 11 2.66054e-49
21 9 9 11 4 0.0030512
21 9 11 4 9 1.11581e-48
21 11 4 9 9 1.0642e-48
21 6 12 9 9 2.84873e-49
21 9 6 12 9 6.0308e-49
21 9 9 6 12 7.96086e-49
21 12 9 9 6 2.90559e-49
21 6 11 10 7 1.64484e-48
21 7 6 11 10 8.91362e-49
21 10 7 6 11 3.21787e-48
21 11 10 7 6 6.24777e-48
21 4 8 6 8 5.39085e-48
21 6 8 4 8 8.27176e-48
21 8 4 8 6 4.28962e-48
21 8 6 8 4 0.0228261
21 4 9 6 12 1.42466e-48
21 6 12 4 9 2.46927e-48
21 9 6 12 4 0.00649566
21 12 4 9 6 6.39649e-49
22 4 9 11 12 1.19264e-46
22 9 11 12 4 0.00347405
22 11 12 4 9 0.000749737
22 12 4 9 11 6.55062e-05
22 4 12 8 11 0.000177364
22 8 11 4 12 0.002103
22 11 4 12 8 0.00648295
22 12 8 11 4 0.0114169
22 6 8 9 11 0.000122642
22 8 9 11 6 1.2825e-45
22 9 11 6 8 0.00166913
22 11 6 8 9 0.00172244
22 6 6 9 9 4.38597e-06
22 6 9 9 6 2.09144e-48
22 9 6 6 9 5.08707e-06
22 9 9 6 6 2.42576e-48
22 4 6 7 12 0.00243695
22 6 7 12 4 0.0122327
22 7 12 4 6 0.00540909
22 12 4 6 7 0.0232854
22 5 12 8 6 0.00933954
22 6 5 12 8 0.0123004
22 8 6 5 12 0.00021202
22 12 8 6 5 0.0104222
22 4 6 9 11 0.000118143
22 6 9 11 4 9.86728e-46
22 9 11 4 6 0.00295489
22 11 4 6 9 0.00373686
22 7 12 8 9 0.00070481
22 8 9 7 12 1.67318e-46
22 9 7 12 8 0.000715221
22 12 8 9 7 0.00375548
22 5 10 7 9 1.18798e-45
22 7 9 5 10 3.86515e-47
22 9 5 10 7 0.0228234
22 10 7 9 5 0.00130326
22 6 11 8 11 0.000198099
22 8 11 6 11 0.000461392
22 11 6 11 8 0.00212283
22 11 8 11 6 0.00822277
22 9 11 10 12 1.80307e-05
22 10 12 9 11 6.89679e-07
22 11 10 12 9 1.007e-47
22 12 9 11 10 3.9549e-48
22 6 6 6 8 0.00227217
22 6 6 8 6 0.00363732
22 6 8 6 6 0.00880123
22 8 6 6 6 0.00847166
22 6 7 12 7 0.0238577
22 7 6 7 12 0.00252017
22 7 12 7 6 0.0106751
22 12 7 6 7 0.0195881
22 5 9 6 9 3.62881e-46
22 6 9 5 9 1.49821e-47
22 9 5 9 6 0.00101658
22 9 6 9 5 0.000270841
22 9 12 10 12 0.000514442
22 10 12 9 12 0.000211143
22 12 9 12 10 4.13524e-46
22 12 10 12 9 5.79567e-46
22 4 4 7 7 0.0355261
22 4 7 7 4 0.0153232
22 7 4 4 7 0.0186158
22 7 7 4 4 0.0080294
22 4 4 12 9 4.26924e-05
22 4 12 9 4 1.91961e-05
22 9 4 4 12 3.01918e-06
22 12 9 4 4 6.54997e-48
22 8 12 12 10 0.00197628
22 10 8 12 12 0.00138986
22 12 10 8 12 1.09917e-46
22 12 12 10 8 0.00262139
22 4 7 7 6 0.0134431
22 6 4 7 7 0.0239605
22 7 6 4 7 0.0134895
22 7 7 6 4 0.0114143
22 4 4 5 6 0.00106927
22 4 5 6 4 0.0244655
22 5 6 4 4 0.0101491
22 6 4 4 5 0.00374409
22 6 7 6 12 0.000849455
22 6 12 6 7 0.00689044
22 7 6 12 6 0.00876095
22 12 6 7 6 0.0065127
22 4 10 10 6 7.90869e-45
22 6 4 10 10 0.0110142
22 10 6 4 10 0.00267266
22 10 10 6 4 2.8943e-45
22 4 10 7 6 4.39041e-45
22 6 4 10 7 0.0589759
22 7 6 4 10 0.00344235
22 10 7 6 4 0.0121093
22 4 11 12 9 2.65721e-05
22 9 4 11 12 1.85439e-06
22 11 12 9 4 8.34376e-06
22 12 9 4 11 1.08593e-49
22 4 12 12 10 0.00376478
22 10 4 12 12 0.00237202
22 12 10 4 12 2.31379e-46
22 12 12 10 4 0.0143135
22 7 11 8 12 7.11663e-06
22 8 12 7 11 1.39864e-06
22 11 8 12 7 0.000146273
22 12 7 11 8 1.08545e-05
22 4 12 8 8 0.00162718
22 8 4 12 8 0.0065025
22 8 8 4 12 0.00164423
22 12 8 8 4 0.00733368
22 4 12 7 12 0.00187317
22 7 12 4 12 0.000981545
22 12 4 12 7 0.0329943
22 12 7 12 4 0.0142312
22 6 10 9 11 2.15372e-47
22 9 11 6 10 0.00169885
22 10 9 11 6 1.00389e-45
22 11 6 10 9 0.00659657
22 9 9 12 12 4.83352e-47
22 9 12 12 9 0.000429365
22 12 9 9 12 3.42156e-47
22 12 12 9 9 0.000303939
22 7 12 8 10 0.00177139
22 8 10 7 12 5.89371e-46
22 10 7 12 8 0.00442839
22 12 8 10 7 0.0566541
22 4 7 8 7 0.0117831
22 7 4 7 8 0.00565095
22 7 8 7 4 0.0180796
22 8 7 4 7 0.0130205
22 5 10 9 10 3.97317e-46
22 9 10 5 10 1.9026e-47
22 10 5 10 9 0.0117024
22 10 9 10 5 1.48673e-45
22 4 5 4 11 0.000554688
22 4 11 4 5 0.00671695
22 5 4 11 4 0.0167233
22 11 4 5 4 0.00102988
22 5 8 12 11 0.000666845
22 8 12 11 5 0.00242573
22 11 5 8 12 0.00137655
22 12 11 5 8 0.000265242
22 6 6 12 7 0.0183615
22 6 12 7 6 0.0062203
22 7 6 6 12 0.00162188
22 12 7 6 6 0.00787243
22 4 12 9 6 0.00184934
22 6 4 12 9 0.00316193
22 9 6 4 12 0.000240246
22 12 9 6 4 1.02249e-45
22 8 10 11 10 9.93753e-46
22 10 8 10 11 0.00116701
22 10 11 10 8 0.0136937
22 11 10 8 10 6.36423e-46
22 4 12 5 9 9.52934e-05
22 5 9 4 12 1.23274e-46
22 9 4 12 5 0.0014045
22 12 5 9 4 0.00308228
22 4 9 7 11 4.01175e-47
22 7 11 4 9 0.00200371
22 9 7 11 4 0.00143919
22 11 4 9 7 0.00429112
22 5 12 12 11 0.00029306
22 11 5 12 12 0.00269842
22 12 11 5 12 0.000106594
22 12 12 11 5 0.00167624
22 4 12 4 12 0.00175059
22 12 4 12 4 0.0312025
22 4 10 9 11 2.89635e-47
22 9 11 4 10 0.00108392
22 10 9 11 4 1.03788e-45
22 11 4 10 9 0.00825683
22 4 6 4 11 0.000184909
22 4 11 4 6 0.00840442
22 6 4 11 4 0.00637591
22 11 4 6 4 0.00951036
22 4 9 9 11 1.41468e-47
22 9 9 11 4 2.88397e-46
22 9 11 4 9 0.000742009
22 11 4 9 9 0.00094167
22 6 12 9 9 0.000295767
22 9 6 12 9 0.000632378
22 9 9 6 12 3.86179e-47
22 12 9 9 6 2.13461e-46
22 6 11 10 7 0.0414052
22 7 6 11 10 0.00238491
22 10 7 6 11 0.000226457
22 11 10 7 6 2.15257e-45
22 4 8 6 8 0.00776105
22 6 8 4 8 0.00368215
22 8 4 8 6 0.0111306
22 8 6 8 4 0.00919355
22 4 9 6 12 1.50304e-46
22 6 12 4 9 0.000633453
22 9 6 12 4 0.00220232
22 12 4 9 6 0.00188745
23 4 9 11 12 1.20467e-48
23 9 11 12 4 6.47058e-48
23 11 12 4 9 1.73561e-48
23 12 4 9 11 3.52197e-49
23 4 12 8 11 2.42741e-48
23 8 11 4 12 4.93499e-48
23 11 4 12 8 1.25746e-47
23 12 8 11 4 0.0503191
23 6 8 9 11 0.00690123
23 8 9 11 6 3.12597e-48
23 9 11 6 8 4.22288e-48
23 11 6 8 9 4.30221e-48
23 6 6 9 9 5.51549e-51
23 6 9 9 6 1.20575e-50
23 9 6 6 9 1.62824e-50
23 9 9 6 6 3.55953e-50
23 4 6 7 12 6.49955e-48
23 6 7 12 4 2.82722e-47
23 7 12 4 6 8.87557e-48
23 12 4 6 7 1.84462e-47
23 5 12 8 6 1.72269e-47
23 6 5 12 8 1.63808e-47
23 8 6 5 12 5.31007e-48
23 12 8 6 5 0.0800314
23 4 6 9 11 8.46329e-49
23 6 9 11 4 5.88137e-48
23 9 11 4 6 3.00119e-48
23 11 4 6 9 6.8963e-48
23 7 12 8 9 1.90527e-48
23 8 9 7 12 2.84967e-48
23 9 7 12 8 2.57006e-48
23 12 8 9 7 0.0148718
23 5 10 7 9 5.60744e-48
23 7 9 5 10 5.69201e-48
23 9 5 10 7 1.63062e-47
23 10 7 9 5 1.54444e-48
23 6 11 8 11 1.56761e-48
23 8 11 6 11 2.97276e-48
23 11 6 11 8 2.69316e-48
23 11 8 11 6 0.0316796
23 9 11 10 12 5.12991e-50
23 10 12 9 11 7.80718e-51
23 11 10 12 9 8.85329e-50
23 12 9 11 10 3.04865e-50
23 6 6 6 8 6.67806e-48
23 6 6 8 6 5.72319e-48
23 6 8 6 6 0.0785538
23 8 6 6 6 1.08533e-47
23 6 7 12 7 2.55596e-47
23 7 6 7 12 1.04056e-47
23 7 12 7 6 1.16591e-47
23 12 7 6 7 2.22888e-47
23 5 9 6 9 3.7646e-48
23 6 9 5 9 6.85623e-49
23 9 5 9 6 1.12518e-48
23 9 6 9 5 5.35915e-49
23 9 12 10 12 3.48288e-48
23 10 12 9 12 1.15342e-48
23 12 9 12 10 6.5536e-48
23 12 10 12 9 2.90875e-48
23 4 4 7 7 1.40081e-47
23 4 7 7 4 1.87225e-47
23 7 4 4 7 1.70724e-47
23 7 7 4 4 2.28181e-47
23 4 4 12 9 3.07776e-50
23 4 12 9 4 3.51769e-50
23 9 4 4 12 2.05144e-50
23 12 9 4 4 6.43414e-50
23 8 12 12 10 7.63601e-48
23 10 8 12 12 0.0371985
23 12 10 8 12 3.04075e-48
23 12 12 10 8 3.16049e-48
23 4 7 7 6 8.19631e-48
23 6 4 7 7 1.29989e-47
23 7 6 4 7 1.66357e-47
23 7 7 6 4 4.29788e-47
23 4 4 5 6 3.78007e-48
23 4 5 6 4 3.65489e-47
23 5 6 4 4 2.27605e-47
23 6 4 4 5 3.85312e-48
23 6 7 6 12 6.62808e-48
23 6 12 6 7 1.23678e-47
23 7 6 12 6 1.06432e-47
23 12 6 7 6 3.75186e-48
23 4 10 10 6 2.08561e-47
23 6 4 10 10 2.04699e-47
23 10 6 4 10 1.03532e-47
23 10 10 6 4 4.32209e-47
23 4 10 7 6 1.28548e-47
23 6 4 10 7 2.88175e-47
23 7 6 4 10 1.61466e-47
23 10 7 6 4 3.76555e-47
23 4 11 12 9 1.33798e-50
23 9 4 11 12 5.6082e-51
23 11 12 9 4 2.70322e-50
23 12 9 4 11 5.15407e-51
23 4 12 12 10 1.29013e-47
23 10 4 12 12 8.26931e-48
23 12 10 4 12 4.79982e-48
23 12 12 10 4 1.83953e-47
23 7 11 8 12 3.05783e-50
23 8 12 7 11 1.07723e-50
23 11 8 12 7 0.00107626
23 12 7 11 8 8.39699e-51
23 4 12 8 8 4.32392e-48
23 8 4 12 8 8.04358e-48
23 8 8 4 12 0.0424107
23 12 8 8 4 0.0968432
23 4 12 7 12 6.1748e-48
23 7 12 4 12 7.52557e-48
23 12 4 12 7 1.80515e-47
23 12 7 12 4 2.41268e-47
23 6 10 9 11 1.08889e-48
23 9 11 6 10 8.07755e-48
23 10 9 11 6 2.77457e-48
23 11 6 10 9 7.40696e-48
23 9 9 12 12 2.28885e-48
23 9 12 12 9 1.17311e-48
23 12 9 9 12 6.76106e-49
23 12 12 9 9 3.46528e-49
23 7 12 8 10 1.3695e-47
23 8 10 7 12 9.09136e-48
23 10 7 12 8 8.92215e-48
23 12 8 10 7 0.155898
23 4 7 8 7 1.33707e-47
23 7 4 7 8 6.98119e-48
23 7 8 7 4 0.182784
23 8 7 4 7 1.24921e-47
23 5 10 9 10 6.95213e-48
23 9 10 5 10 3.73783e-48
23 10 5 10 9 6.23426e-48
23 10 9 10 5 6.49132e-48
23 4 5 4 11 3.02174e-48
23 4 11 4 5 3.50909e-48
23 5 4 11 4 1.24136e-47
23 11 4 5 4 1.28993e-47
23 5 8 12 11 0.0377493
23 8 12 11 5 1.51337e-48
23 11 5 8 12 8.53208e-48
23 12 11 5 8 1.24267e-48
23 6 6 12 7 1.8416e-47
23 6 12 7 6 6.03787e-48
23 7 6 6 12 1.33305e-47
23 12 7 6 6 9.6432e-48
23 4 12 9 6 1.69109e-48
23 6 4 12 9 3.13632e-48
23 9 6 4 12 2.19513e-48
23 12 9 6 4 1.33082e-47
23 8 10 11 10 7.75101e-48
23 10 8 10 11 0.0424026
23 10 11 10 8 8.78898e-48
23 11 10 8 10 2.33206e-47
23 4 12 5 9 6.91692e-49
23 5 9 4 12 3.65072e-48
23 9 4 12 5 2.19205e-48
23 12 5 9 4 3.02599e-48
23 4 9 7 11 1.25573e-48
23 7 11 4 9 1.70687e-48
23 9 7 11 4 2.68135e-48
23 11 4 9 7 3.87735e-48
23 5 12 12 11 3.59151e-48
23 11 5 12 12 1.14767e-47
23 12 11 5 12 1.2412e-48
23 12 12 11 5 9.36093e-49
23 4 12 4 12 8.66985e-48
23 12 4 12 4 3.6828e-47
23 4 10 9 11 1.06429e-48
23 9 11 4 10 3.88969e-48
23 10 9 11 4 5.74845e-48
23 11 4 10 9 6.89449e-48
23 4 6 4 11 1.53536e-48
23 4 11 4 6 3.74347e-48
23 6 4 11 4 4.98999e-48
23 11 4 6 4 2.84711e-47
23 4 9 9 11 5.73957e-49
23 9 9 11 4 2.84889e-48
23 9 11 4 9 9.3102e-49
23 11 4 9 9 1.13156e-48
23 6 12 9 9 4.59704e-49
23 9 6 12 9 1.39791e-48
23 9 9 6 12 2.64783e-48
23 12 9 9 6 9.02717e-49
23 6 11 10 7 1.4131e-47
23 7 6 11 10 4.97909e-48
23 10 7 6 11 3.40245e-48
23 11 10 7 6 1.11428e-47
23 4 8 6 8 0.0946498
23 6 8 4 8 0.046631
23 8 4 8 6 1.06729e-47
23 8 6 8 4 2.37562e-47
23 4 9 6 12 4.51945e-48
23 6 12 4 9 1.14121e-48
23 9 6 12 4 7.89736e-48
23 12 4 9 6 1.04806e-48
24 12 7 11 8 1
25 4 9 11 12 8.57713e-49
25 9 11 12 4 5.14438e-48
25 11 12 4 9 2.75043e-48
25 12 4 9 11 4.69391e-49
25 4 12 8 11 6.75713e-49
25 8 11 4 12 5.3394e-48
25 11 4 12 8 6.71908e-48
25 12 8 11 4 5.34662e-49
25 6 8 9 11 1.8489e-47
25 8 9 11 6 2.21924e-49
25 9 11 6 8 4.103e-48
25 11 6 8 9 2.82087e-49
25 6 6 9 9 5.44856e-51
25 6 9 9 6 1.26608e-49
25 9 6 6 9 9.43506e-52
25 9 9 6 6 2.19242e-50
25 4 6 7 12 2.82901e-48
25 6 7 12 4 1.79653e-47
25 7 12 4 6 1.67037e-48
25 12 4 6 7 0.00835644
25 5 12 8 6 9.33012e-50
25 6 5 12 8 7.41813e-48
25 8 6 5 12 3.95719e-50
25 12 8 6 5 1.92214e-47
25 4 6 9 11 1.83458e-48
25 6 9 11 4 8.53397e-49
25 9 11 4 6 5.1982e-48
25 11 4 6 9 2.75111e-48
25 7 12 8 9 9.85335e-50
25 8 9 7 12 3.2201e-48
25 9 7 12 8 1.81727e-48
25 12 8 9 7 0.0637013
25 5 10 7 9 2.23735e-93
25 7 9 5 10 1.58302e-48
25 9 5 10 7 0.00910759
25 10 7 9 5 4.65962e-48
25 6 11 8 11 2.11053e-48
25 8 11 6 11 3.09643e-48
25 11 6 11 8 7.45275e-50
25 11 8 11 6 1.68124e-48
25 9 11 10 12 7.24222e-50
25 10 12 9 11 9.12168e-51
25 11 10 12 9 4.67306e-94
25 12 9 11 10 6.68538e-51
25 6 6 6 8 5.69246e-49
25 6 6 8 6 1.09318e-49
25 6 8 6 6 1.28414e-47
25 8 6 6 6 1.60384e-49
25 6 7 12 7 0.201385
25 7 6 7 12 9.3846e-49
25 7 12 7 6 2.85108e-48
25 12 7 6 7 0.0532133
25 5 9 6 9 1.19991e-48
25 6 9 5 9 1.05384e-48
25 9 5 9 6 4.61176e-49
25 9 6 9 5 2.00471e-49
25 9 12 10 12 5.16721e-49
25 10 12 9 12 6.19304e-49
25 12 9 12 10 1.60528e-47
25 12 10 12 9 6.84213e-93
25 4 4 7 7 0.0524018
25 4 7 7 4 2.97682e-47
25 7 4 4 7 0.0101843
25 7 7 4 4 5.78548e-48
25 4 4 12 9 3.55277e-50
25 4 12 9 4 4.26867e-50
25 9 4 4 12 2.3806e-51
25 12 9 4 4 7.14245e-50
25 8 12 12 10 7.68165e-49
25 10 8 12 12 5.49241e-48
25 12 10 8 12 4.51028e-94
25 12 12 10 8 9.4173e-49
25 4 7 7 6 2.90068e-47
25 6 4 7 7 0.0247153
25 7 6 4 7 0.00574079
25 7 7 6 4 4.82106e-48
25 4 4 5 6 3.89003e-49
25 4 5 6 4 4.99636e-48
25 5 6 4 4 1.45023e-49
25 6 4 4 5 2.12502e-48
25 6 7 6 12 4.5484e-48
25 6 12 6 7 0.0140714
25 7 6 12 6 6.73628e-49
25 12 6 7 6 5.18374e-49
25 4 10 10 6 4.49246e-92
25 6 4 10 10 3.79531e-48
25 10 6 4 10 5.32834e-49
25 10 10 6 4 4.51302e-93
25 4 10 7 6 4.94581e-92
25 6 4 10 7 0.0306756
25 7 6 4 10 9.70522e-49
25 10 7 6 4 3.61668e-48
25 4 11 12 9 2.58292e-49
25 9 4 11 12 5.95279e-53
25 11 12 9 4 2.61801e-50
25 12 9 4 11 3.105e-50
25 4 12 12 10 1.16165e-47
25 10 4 12 12 8.67989e-49
25 12 10 4 12 5.66385e-93
25 12 12 10 4 1.94215e-48
25 7 11 8 12 7.71275e-51
25 8 12 7 11 3.4631e-51
25 11 8 12 7 0.00355408
25 12 7 11 8 9.43397e-52
25 4 12 8 8 6.25948e-49
25 8 4 12 8 6.01667e-49
25 8 8 4 12 3.85962e-48
25 12 8 8 4 1.41411e-48
25 4 12 7 12 8.16521e-48
25 7 12 4 12 1.58692e-48
25 12 4 12 7 0.0188852
25 12 7 12 4 1.07282e-47
25 6 10 9 11 1.1882e-92
25 9 11 6 10 6.00578e-48
25 10 9 11 6 3.12796e-49
25 11 6 10 9 2.81061e-48
25 9 9 12 12 3.64786e-48
25 9 12 12 9 4.76927e-49
25 12 9 9 12 5.56633e-48
25 12 12 9 9 7.27751e-49
25 7 12 8 10 3.14353e-49
25 8 10 7 12 4.37868e-93
25 10 7 12 8 5.58523e-48
25 12 8 10 7 0.163351
25 4 7 8 7 0.0255008
25 7 4 7 8 1.23166e-48
25 7 8 7 4 1.6073e-47
25 8 7 4 7 0.0211758
25 5 10 9 10 2.81769e-93
25 9 10 5 10 4.28528e-94
25 10 5 10 9 1.20975e-48
25 10 9 10 5 1.22197e-47
25 4 5 4 11 5.06713e-48
25 4 11 4 5 6.36773e-47
25 5 4 11 4 1.25064e-50
25 11 4 5 4 4.75973e-49
25 5 8 12 11 3.24297e-48
25 8 12 11 5 2.9492e-50
25 11 5 8 12 6.59607e-49
25 12 11 5 8 9.64458e-49
25 6 6 12 7 0.0159272
25 6 12 7 6 3.62177e-48
25 7 6 6 12 4.09352e-49
25 12 7 6 6 4.13284e-48
25 4 12 9 6 4.56766e-48
25 6 4 12 9 1.8401e-48
25 9 6 4 12 1.4736e-49
25 12 9 6 4 6.5359e-48
25 8 10 11 10 2.27572e-94
25 10 8 10 11 9.70015e-48
25 10 11 10 8 1.24309e-47
25 11 10 8 10 6.72166e-93
25 4 12 5 9 2.7348e-49
25 5 9 4 12 1.34805e-48
25 9 4 12 5 4.87001e-49
25 12 5 9 4 9.88934e-49
25 4 9 7 11 2.7637e-47
25 7 11 4 9 6.68246e-48
25 9 7 11 4 6.01423e-50
25 11 4 9 7 0.0264934
25 5 12 12 11 3.85482e-49
25 11 5 12 12 7.21165e-48
25 12 11 5 12 8.51264e-49
25 12 12 11 5 5.80734e-50
25 4 12 4 12 8.82326e-48
25 12 4 12 4 3.10732e-48
25 4 10 9 11 2.28496e-92
25 9 11 4 10 6.53695e-48
25 10 9 11 4 2.91155e-49
25 11 4 10 9 4.52242e-48
25 4 6 4 11 1.11918e-48
25 4 11 4 6 3.23548e-47
25 6 4 11 4 5.38644e-50
25 11 4 6 4 2.33416e-48
25 4 9 9 11 2.89105e-47
25 9 9 11 4 1.62987e-49
25 9 11 4 9 3.52527e-48
25 11 4 9 9 3.03423e-48
25 6 12 9 9 1.37965e-48
25 9 6 12 9 1.87068e-49
25 9 9 6 12 1.82734e-48
25 12 9 9 6 6.63298e-48
25 6 11 10 7 0.251559
25 7 6 11 10 2.73743e-50
25 10 7 6 11 1.77349e-48
25 11 10 7 6 3.42153e-92
25 4 8 6 8 3.85993e-47
25 6 8 4 8 2.18472e-47
25 8 4 8 6 7.74642e-50
25 8 6 8 4 4.48118e-50
25 4 9 6 12 1.55639e-47
25 6 12 4 9 1.15172e-48
25 9 6 12 4 2.17187e-49
25 12 4 9 6 5.72893e-49
26 1 0 2 11 0.0481106
26 3 0 3 9 8.5249e-45
26 2 0 1 7 0.123842
26 1 0 1 9 5.6075e-45
26 1 0 3 11 0.0275358
26 1 0 1 12 0.00487801
26 3 0 2 9 2.84597e-45
26 3 0 3 12 0.00470489
26 3 0 3 5 0.00910697
26 3 0 3 8 0.0737225
26 2 0 3 11 0.0534984
26 1 0 3 8 0.0333687
26 3 0 1 9 2.93046e-45
26 1 0 2 9 3.07179e-45
26 2 0 2 4 0.171656
26 2 0 1 11 0.0697776
26 1 0 2 8 0.0437364
26 2 0 3 7 0.106952
26 3 0 1 8 0.0383915
26 3 0 2 11 0.0527441
26 1 0 1 7 0.0703982
26 3 0 2 8 0.0414347
26 3 0 2 12 0.00448338
26 1 0 1 6 0.0216589
27 2 11 1 0 0.0251941
27 3 9 3 0 0.106366
27 1 7 2 0 0.0291034
27 1 9 1 0 0.043367
27 3 11 1 0 0.0537603
27 1 12 1 0 0.0216353
27 2 9 3 0 0.0095244
27 3 12 3 0 0.0336661
27 3 5 3 0 0.0407681
27 3 8 3 0 0.168687
27 3 11 2 0 0.0668471
27 3 8 1 0 0.0739899
27 1 9 3 0 0.023387
27 2 9 1 0 0.00996207
27 2 4 2 0 0.010546
27 1 11 2 0 0.0557678
27 2 8 1 0 0.0260118
27 3 7 2 0 0.0392952
27 1 8 3 0 0.0561878
27 2 11 3 0 0.0285023
27 1 7 1 0 0.02585
27 2 8 3 0 0.0254296
27 2 12 3 0 0.00860486
27 1 6 1 0 0.0175474
28 4 9 11 12 0.000240277
28 9 11 12 4 0.000395932
28 11 12 4 9 0.00369754
28 12 4 9 11 0.00174421
28 4 12 8 11 0.0132124
28 8 11 4 12 0.00590802
28 11 4 12 8 0.00704864
28 12 8 11 4 0.000125794
28 6 8 9 11 0.00173115
28 8 9 11 6 0.000178399
28 9 11 6 8 0.0614989
28 11 6 8 9 0.00517717
28 6 6 9 9 5.88611e-05
28 6 9 9 6 8.36123e-08
28 9 6 6 9 0.000709785
28 9 9 6 6 1.00825e-06
28 4 6 7 12 0.00450998
28 6 7 12 4 0.000245995
28 7 12 4 6 0.000413984
28 12 4 6 7 0.00644537
28 5 12 8 6 0.000698034
28 6 5 12 8 0.00309625
28 8 6 5 12 0.00850266
28 12 8 6 5 0.00211346
28 4 6 9 11 0.0252779
28 6 9 11 4 2.34921e-05
28 9 11 4 6 0.0018095
28 11 4 6 9 0.0112555
28 7 12 8 9 0.0015773
28 8 9 7 12 7.05654e-05
28 9 7 12 8 0.0171842
28 12 8 9 7 0.000300914
28 5 10 7 9 0.00474242
28 7 9 5 10 1.20963e-49
28 9 5 10 7 0.00323425
28 10 7 9 5 0.0036773
28 6 11 8 11 0.00300635
28 8 11 6 11 0.0415372
28 11 6 11 8 0.0156043
28 11 8 11 6 0.000150273
28 9 11 10 12 6.91934e-05
28 10 12 9 11 0.000157347
28 11 10 12 9 3.23256e-05
28 12 9 11 10 4.72088e-51
28 6 6 6 8 0.0309659
28 6 6 8 6 0.000354234
28 6 8 6 6 0.000298209
28 8 6 6 6 0.00489426
28 6 7 12 7 0.00497329
28 7 6 7 12 0.00102942
28 7 12 7 6 0.00018882
28 12 7 6 7 0.00627257
28 5 9 6 9 0.00128721
28 6 9 5 9 0.000208154
28 9 5 9 6 7.5341e-05
28 9 6 9 5 0.004234
28 9 12 10 12 0.00446568
28 10 12 9 12 0.00157071
28 12 9 12 10 1.77063e-49
28 12 10 12 9 0.00268483
28 4 4 7 7 0.00720663
28 4 7 7 4 0.000346906
28 7 4 4 7 0.00360651
28 7 7 4 4 0.000173607
28 4 4 12 9 0.000262135
28 4 12 9 4 2.4228e-06
28 9 4 4 12 3.9825e-05
28 12 9 4 4 8.22379e-08
28 8 12 12 10 1.09832e-47
28 10 8 12 12 0.0010728
28 12 10 8 12 0.000117735
28 12 12 10 8 0.00607618
28 4 7 7 6 0.000728466
28 6 4 7 7 0.00223986
28 7 6 4 7 0.00633779
28 7 7 6 4 0.000257872
28 4 4 5 6 0.000964838
28 4 5 6 4 0.000227433
28 5 6 4 4 0.00104477
28 6 4 4 5 0.00319572
28 6 7 6 12 0.0015625
28 6 12 6 7 0.00498252
28 7 6 12 6 0.000423392
28 12 6 7 6 0.000223275
28 4 10 10 6 0.00154131
28 6 4 10 10 1.2656e-47
28 10 6 4 10 6.35065e-47
28 10 10 6 4 0.000967584
28 4 10 7 6 0.000514092
28 6 4 10 7 0.00917591
28 7 6 4 10 1.19445e-47
28 10 7 6 4 0.00187343
28 4 11 12 9 0.000123402
28 9 4 11 12 3.03768e-05
28 11 12 9 4 2.20237e-07
28 12 9 4 11 1.63059e-06
28 4 12 12 10 1.86e-47
28 10 4 12 12 0.00527361
28 12 10 4 12 0.000576418
28 12 12 10 4 0.000240719
28 7 11 8 12 1.68669e-06
28 8 12 7 11 6.29959e-05
28 11 8 12 7 4.15274e-06
28 12 7 11 8 5.49272e-05
28 4 12 8 8 0.0139693
28 8 4 12 8 0.0380271
28 8 8 4 12 0.00212032
28 12 8 8 4 2.79762e-05
28 4 12 7 12 0.00244561
28 7 12 4 12 0.00122389
28 12 4 12 7 0.00389355
28 12 7 12 4 0.000187424
28 6 10 9 11 0.00218897
28 9 11 6 10 3.4768e-47
28 10 9 11 6 0.000187636
28 11 6 10 9 0.0177379
28 9 9 12 12 0.00013954
28 9 12 12 9 0.0180182
28 12 9 9 12 1.45949e-05
28 12 12 9 9 0.00188458
28 7 12 8 10 1.86438e-48
28 8 10 7 12 0.00126474
28 10 7 12 8 0.0402571
28 12 8 10 7 0.00200422
28 4 7 8 7 0.00514454
28 7 4 7 8 0.00336407
28 7 8 7 4 2.71116e-05
28 8 7 4 7 0.0148728
28 5 10 9 10 2.81202e-48
28 9 10 5 10 5.48345e-48
28 10 5 10 9 0.00985296
28 10 9 10 5 0.000786554
28 4 5 4 11 0.00590182
28 4 11 4 5 0.00940968
28 5 4 11 4 0.000881566
28 11 4 5 4 8.11948e-05
28 5 8 12 11 0.00523562
28 8 12 11 5 0.010738
28 11 5 8 12 4.29426e-05
28 12 11 5 8 0.00314586
28 6 6 12 7 0.00802363
28 6 12 7 6 0.000229716
28 7 6 6 12 0.0029953
28 12 7 6 6 0.0005821
28 4 12 9 6 0.000558687
28 6 4 12 9 0.00894679
28 9 6 4 12 0.00768531
28 12 9 6 4 1.34142e-05
28 8 10 11 10 2.24964e-47
28 10 8 10 11 0.0238541
28 10 11 10 8 0.0702742
28 11 10 8 10 9.2737e-49
28 4 12 5 9 0.0100047
28 5 9 4 12 0.000100254
28 9 4 12 5 0.00462924
28 12 5 9 4 7.21018e-06
28 4 9 7 11 0.000461285
28 7 11 4 9 0.00461053
28 9 7 11 4 0.000699411
28 11 4 9 7 0.000686264
28 5 12 12 11 0.0113386
28 11 5 12 12 8.72155e-05
28 12 11 5 12 0.000357693
28 12 12 11 5 0.00199082
28 4 12 4 12 0.00988963
28 12 4 12 4 0.00035521
28 4 10 9 11 0.00638796
28 9 11 4 10 2.123e-47
28 10 9 11 4 8.10453e-05
28 11 4 10 9 0.00915506
28 4 6 4 11 0.0454114
28 4 11 4 6 0.00128835
28 6 4 11 4 0.000308969
28 11 4 6 4 0.000175975
28 4 9 9 11 0.000613205
28 9 9 11 4 5.95205e-05
28 9 11 4 9 0.0309016
28 11 4 9 9 0.00236488
28 6 12 9 9 0.00280024
28 9 6 12 9 0.0376165
28 9 9 6 12 0.000261505
28 12 9 9 6 5.58886e-06
28 6 11 10 7 0.00487248
28 7 6 11 10 1.02768e-47
28 10 7 6 11 0.0419
28 11 10 7 6 5.2713e-05
28 4 8 6 8 0.0328583
28 6 8 4 8 0.00687535
28 8 4 8 6 0.00109108
28 8 6 8 4 0.000913082
28 4 9 6 12 0.000254783
28 6 12 4 9 0.00688388
28 9 6 12 4 0.000804787
28 12 4 9 6 0.000100584
29 4 9 11 12 0.00346409
29 9 11 12 4 7.70395e-49
29 11 12 4 9 6.63709e-49
29 12 4 9 11 2.72441e-48
29 4 12 8 11 0.0183874
29 8 11 4 12 9.91366e-49
29 11 4 12 8 1.17095e-47
29 12 8 11 4 7.30974e-49
29 6 8 9 11 2.05092e-48
29 8 9 11 6 7.20852e-49
29 9 11 6 8 2.0912e-48
29 11 6 8 9 1.52253e-48
29 6 6 9 9 1.32559e-50
29 6 9 9 6 8.97502e-51
29 9 6 6 9 3.20633e-50
29 9 9 6 6 2.17087e-50
29 4 6 7 12 0.0442359
29 6 7 12 4 2.13152e-47
29 7 12 4 6 3.42314e-48
29 12 4 6 7 1.62984e-47
29 5 12 8 6 2.7736e-48
29 6 5 12 8 9.18852e-48
29 8 6 5 12 6.36513e-48
29 12 8 6 5 1.14246e-47
29 4 6 9 11 0.0572342
29 6 9 11 4 8.09844e-49
29 9 11 4 6 9.82503e-49
29 11 4 6 9 4.74352e-48
29 7 12 8 9 3.68656e-49
29 8 9 7 12 7.01679e-49
29 9 7 12 8 1.08475e-47
29 12 8 9 7 9.60321e-49
29 5 10 7 9 9.15712e-49
29 7 9 5 10 1.03207e-48
29 9 5 10 7 9.61709e-48
29 10 7 9 5 1.7755e-47
29 6 11 8 11 5.85691e-49
29 8 11 6 11 1.85536e-48
29 11 6 11 8 1.94992e-48
29 11 8 11 6 4.78043e-49
29 9 11 10 12 2.45617e-50
29 10 12 9 11 3.15102e-50
29 11 10 12 9 1.43854e-50
29 12 9 11 10 4.42721e-51
29 6 6 6 8 1.3227e-47
29 6 6 8 6 2.8421e-48
29 6 8 6 6 3.24274e-48
29 8 6 6 6 9.00323e-48
29 6 7 12 7 3.40139e-47
29 7 6 7 12 5.76159e-48
29 7 12 7 6 2.40253e-48
29 12 7 6 7 3.43474e-47
29 5 9 6 9 1.7162e-48
29 6 9 5 9 5.18441e-49
29 9 5 9 6 8.43123e-49
29 9 6 9 5 4.23448e-48
29 9 12 10 12 3.82683e-48
29 10 12 9 12 1.21676e-48
29 12 9 12 10 1.34842e-48
29 12 10 12 9 9.76673e-49
29 4 4 7 7 0.0646262
29 4 7 7 4 0.0853474
29 7 4 4 7 1.19931e-47
29 7 7 4 4 1.58384e-47
29 4 4 12 9 0.000333763
29 4 12 9 4 0.0001078
29 9 4 4 12 3.75914e-50
29 12 9 4 4 1.79004e-50
29 8 12 12 10 1.10138e-48
29 10 8 12 12 2.09157e-48
29 12 10 8 12 4.12895e-49
29 12 12 10 8 4.67116e-48
29 4 7 7 6 0.080203
29 6 4 7 7 6.78801e-48
29 7 6 4 7 1.28739e-47
29 7 7 6 4 2.42251e-47
29 4 4 5 6 0.042298
29 4 5 6 4 0.0471164
29 5 6 4 4 1.09837e-47
29 6 4 4 5 1.42259e-47
29 6 7 6 12 1.22864e-47
29 6 12 6 7 4.43148e-48
29 7 6 12 6 7.8197e-48
29 12 6 7 6 2.92205e-48
29 4 10 10 6 0.0714739
29 6 4 10 10 1.42611e-47
29 10 6 4 10 7.69737e-48
29 10 10 6 4 6.14392e-48
29 4 10 7 6 0.0177216
29 6 4 10 7 3.74082e-47
29 7 6 4 10 6.7062e-48
29 10 7 6 4 3.79938e-47
29 4 11 12 9 2.85444e-05
29 9 4 11 12 5.66243e-51
29 11 12 9 4 5.05148e-51
29 12 9 4 11 1.29678e-50
29 4 12 12 10 0.0210721
29 10 4 12 12 1.08713e-47
29 12 10 4 12 1.71849e-48
29 12 12 10 4 6.79929e-48
29 7 11 8 12 2.14626e-51
29 8 12 7 11 1.01514e-50
29 11 8 12 7 1.89216e-50
29 12 7 11 8 1.98903e-50
29 4 12 8 8 0.0144819
29 8 4 12 8 1.08472e-47
29 8 8 4 12 1.85221e-48
29 12 8 8 4 9.68333e-49
29 4 12 7 12 0.0172227
29 7 12 4 12 3.19612e-48
29 12 4 12 7 1.53337e-47
29 12 7 12 4 2.02502e-47
29 6 10 9 11 1.85911e-48
29 9 11 6 10 9.47663e-49
29 10 9 11 6 1.05515e-48
29 11 6 10 9 9.17976e-48
29 9 9 12 12 1.47777e-48
29 9 12 12 9 9.10142e-49
29 12 9 9 12 6.16948e-49
29 12 12 9 9 3.7997e-49
29 7 12 8 10 8.84058e-49
29 8 10 7 12 1.21877e-48
29 10 7 12 8 3.46069e-47
29 12 8 10 7 9.63574e-48
29 4 7 8 7 0.0763686
29 7 4 7 8 5.93583e-48
29 7 8 7 4 1.66231e-48
29 8 7 4 7 1.66133e-47
29 5 10 9 10 9.83664e-49
29 9 10 5 10 7.18747e-49
29 10 5 10 9 5.43572e-48
29 10 9 10 5 1.84838e-47
29 4 5 4 11 0.0433827
29 4 11 4 5 0.0225178
29 5 4 11 4 2.99627e-48
29 11 4 5 4 4.10033e-48
29 5 8 12 11 4.99337e-48
29 8 12 11 5 1.08437e-48
29 11 5 8 12 7.40435e-49
29 12 11 5 8 6.42117e-49
29 6 6 12 7 1.54797e-47
29 6 12 7 6 1.73105e-48
29 7 6 6 12 1.12182e-47
29 12 7 6 6 1.80718e-47
29 4 12 9 6 0.0111243
29 6 4 12 9 3.8497e-48
29 9 6 4 12 4.43122e-48
29 12 9 6 4 3.00658e-48
29 8 10 11 10 4.29459e-49
29 10 8 10 11 1.55187e-47
29 10 11 10 8 6.54195e-48
29 11 10 8 10 6.14142e-49
29 4 12 5 9 0.00462226
29 5 9 4 12 1.70609e-48
29 9 4 12 5 8.84579e-48
29 12 5 9 4 8.39941e-49
29 4 9 7 11 0.0133962
29 7 11 4 9 3.79471e-49
29 9 7 11 4 1.99756e-48
29 11 4 9 7 2.83287e-48
29 5 12 12 11 5.01473e-48
29 11 5 12 12 2.05017e-48
29 12 11 5 12 3.79132e-49
29 12 12 11 5 9.571e-49
29 4 12 4 12 0.0452599
29 12 4 12 4 1.7723e-47
29 4 10 9 11 0.0160539
29 9 11 4 10 5.61965e-49
29 10 9 11 4 1.01841e-48
29 11 4 10 9 7.7564e-48
29 4 6 4 11 0.0748287
29 4 11 4 6 0.00773336
29 6 4 11 4 1.52242e-48
29 11 4 6 4 6.89671e-48
29 4 9 9 11 0.0159019
29 9 9 11 4 5.49214e-49
29 9 11 4 9 4.03183e-49
29 11 4 9 9 1.32997e-48
29 6 12 9 9 4.52783e-49
29 9 6 12 9 2.64645e-48
29 9 9 6 12 1.77823e-48
29 12 9 9 6 7.48049e-49
29 6 11 10 7 3.60872e-48
29 7 6 11 10 1.13945e-48
29 10 7 6 11 3.10469e-47
29 11 10 7 6 9.36719e-49
29 4 8 6 8 0.0643024
29 6 8 4 8 4.41578e-48
29 8 4 8 6 3.75357e-48
29 8 6 8 4 4.28771e-48
29 4 9 6 12 0.0191529
29 6 12 4 9 8.10058e-49
29 9 6 12 4 5.26524e-48
29 12 4 9 6 1.92432e-48
30 4 9 11 12 0.000417017
30 9 11 12 4 6.71681e-06
30 11 12 4 9 0.00100674
30 12 4 9 11 0.00661635
30 4 12 8 11 0.00489407
30 8 11 4 12 0.000547542
30 11 4 12 8 0.00396499
30 12 8 11 4 0.00226643
30 6 8 9 11 0.00404544
30 8 9 11 6 0.000326677
30 9 11 6 8 0.00013461
30 11 6 8 9 0.00473232
30 6 6 9 9 1.53589e-05
30 6 9 9 6 9.06064e-06
30 9 6 6 9 1.82174e-06
30 9 9 6 6 1.07469e-06
30 4 6 7 12 0.0185024
30 6 7 12 4 0.0024134
30 7 12 4 6 0.00183472
30 12 4 6 7 0.0413096
30 5 12 8 6 0.0124696
30 6 5 12 8 0.00115815
30 8 6 5 12 0.00445774
30 12 8 6 5 0.05154
30 4 6 9 11 0.00173023
30 6 9 11 4 0.00060742
30 9 11 4 6 3.98527e-05
30 11 4 6 9 0.0191697
30 7 12 8 9 0.00157913
30 8 9 7 12 0.00213029
30 9 7 12 8 6.99693e-05
30 12 8 9 7 0.00253645
30 5 10 7 9 0.000732765
30 7 9 5 10 0.00254074
30 9 5 10 7 8.7729e-05
30 10 7 9 5 0.00504939
30 6 11 8 11 0.00166506
30 8 11 6 11 0.000704999
30 11 6 11 8 0.00150725
30 11 8 11 6 0.00194814
30 9 11 10 12 9.10434e-07
30 10 12 9 11 1.02618e-05
30 11 10 12 9 7.0534e-07
30 12 9 11 10 3.55986e-05
30 6 6 6 8 0.00816056
30 6 6 8 6 0.00743378
30 6 8 6 6 0.0105476
30 8 6 6 6 0.00314752
30 6 7 12 7 0.00377116
30 7 6 7 12 0.0181718
30 7 12 7 6 0.0133548
30 12 7 6 7 0.0310503
30 5 9 6 9 0.000988925
30 6 9 5 9 0.000613631
30 9 5 9 6 6.21517e-05
30 9 6 9 5 0.000259901
30 9 12 10 12 0.000238493
30 10 12 9 12 0.00132628
30 12 9 12 10 0.00125031
30 12 10 12 9 5.63718e-05
30 4 4 7 7 0.0348861
30 4 7 7 4 0.0167812
30 7 4 4 7 0.00470711
30 7 7 4 4 0.00226425
30 4 4 12 9 1.08437e-05
30 4 12 9 4 1.24248e-05
30 9 4 4 12 5.52575e-06
30 12 9 4 4 5.48226e-06
30 8 12 12 10 0.00107431
30 10 8 12 12 0.000334432
30 12 10 8 12 0.00075607
30 12 12 10 8 0.00237368
30 4 7 7 6 0.0243988
30 6 4 7 7 0.0658029
30 7 6 4 7 0.00133011
30 7 7 6 4 0.00797464
30 4 4 5 6 0.00861367
30 4 5 6 4 0.00214744
30 5 6 4 4 0.0014449
30 6 4 4 5 0.0247453
30 6 7 6 12 0.0277625
30 6 12 6 7 0.0082436
30 7 6 12 6 0.000424527
30 12 6 7 6 0.013874
30 4 10 10 6 0.000242235
30 6 4 10 10 0.0607931
30 10 6 4 10 0.00321725
30 10 10 6 4 0.000207285
30 4 10 7 6 0.00126981
30 6 4 10 7 0.0171524
30 7 6 4 10 0.00644166
30 10 7 6 4 0.00544225
30 4 11 12 9 4.76725e-07
30 9 4 11 12 2.40044e-06
30 11 12 9 4 1.04594e-05
30 12 9 4 11 3.42011e-06
30 4 12 12 10 0.0029309
30 10 4 12 12 0.00181741
30 12 10 4 12 0.000467734
30 12 12 10 4 0.00324033
30 7 11 8 12 8.57516e-06
30 8 12 7 11 2.92094e-05
30 11 8 12 7 5.6277e-06
30 12 7 11 8 2.4522e-05
30 4 12 8 8 0.00477275
30 8 4 12 8 0.00143383
30 8 8 4 12 0.00190339
30 12 8 8 4 0.00700412
30 4 12 7 12 0.0236514
30 7 12 4 12 0.00319123
30 12 4 12 7 0.00561295
30 12 7 12 4 0.00269998
30 6 10 9 11 0.000322093
30 9 11 6 10 0.000520821
30 10 9 11 6 0.000223724
30 11 6 10 9 0.00208039
30 9 9 12 12 1.96828e-05
30 9 12 12 9 2.45205e-05
30 12 9 9 12 0.00136632
30 12 12 9 9 0.00170214
30 7 12 8 10 0.0187576
30 8 10 7 12 0.00114088
30 10 7 12 8 0.000763376
30 12 8 10 7 0.00497621
30 4 7 8 7 0.00953841
30 7 4 7 8 0.02631
30 7 8 7 4 0.00660911
30 8 7 4 7 0.00216292
30 5 10 9 10 0.0009432
30 9 10 5 10 6.94181e-05
30 10 5 10 9 0.000318272
30 10 9 10 5 0.000785146
30 4 5 4 11 0.000739456
30 4 11 4 5 0.00112122
30 5 4 11 4 0.00431818
30 11 4 5 4 0.00969522
30 5 8 12 11 0.000683509
30 8 12 11 5 0.00183598
30 11 5 8 12 0.00510535
30 12 11 5 8 0.000979644
30 6 6 12 7 0.00126668
30 6 12 7 6 0.0229158
30 7 6 6 12 0.00785578
30 12 7 6 6 0.0258131
30 4 12 9 6 0.00198376
30 6 4 12 9 0.00224607
30 9 6 4 12 0.000171467
30 12 9 6 4 0.00212032
30 8 10 11 10 0.000353096
30 10 8 10 11 0.00109356
30 10 11 10 8 0.000306783
30 11 10 8 10 0.00301749
30 4 12 5 9 0.0009664
30 5 9 4 12 0.000669539
30 9 4 12 5 0.000273394
30 12 5 9 4 0.000882042
30 4 9 7 11 0.00173273
30 7 11 4 9 0.0001437
30 9 7 11 4 0.00010479
30 11 4 9 7 0.00664565
30 5 12 12 11 0.000620282
30 11 5 12 12 0.00069876
30 12 11 5 12 0.00156353
30 12 12 11 5 0.00488654
30 4 12 4 12 0.00599303
30 12 4 12 4 0.00662525
30 4 10 9 11 0.000154881
30 9 11 4 10 0.000134126
30 10 9 11 4 0.000139565
30 11 4 10 9 0.00667759
30 4 6 4 11 0.000901659
30 4 11 4 6 0.000326938
30 6 4 11 4 0.00419102
30 11 4 6 4 0.0151647
30 4 9 9 11 0.000497563
30 9 9 11 4 2.20088e-05
30 9 11 4 9 1.94269e-05
30 11 4 9 9 0.00585598
30 6 12 9 9 0.00172244
30 9 6 12 9 2.17161e-05
30 9 9 6 12 0.000163993
30 12 9 9 6 0.000889294
30 6 11 10 7 0.000850589
30 7 6 11 10 0.00315646
30 10 7 6 11 0.00382968
30 11 10 7 6 0.00120576
30 4 8 6 8 0.00802673
30 6 8 4 8 0.00429877
30 8 4 8 6 0.0145647
30 8 6 8 4 0.00283067
30 4 9 6 12 0.00184098
30 6 12 4 9 0.00122828
30 9 6 12 4 2.35078e-05
30 12 4 9 6 0.00839634
31 4 9 11 12 1.43455e-48
31 9 11 12 4 3.26496e-49
31 11 12 4 9 3.91267e-49
31 12 4 9 11 1.19391e-48
31 4 12 8 11 1.42039e-48
31 8 11 4 12 1.09539e-48
31 11 4 12 8 3.29594e-48
31 12 8 11 4 2.19557e-48
31 6 8 9 11 5.37478e-49
31 8 9 11 6 1.50849e-48
31 9 11 6 8 0.00400538
31 11 6 8 9 1.37452e-48
31 6 6 9 9 2.73408e-50
31 6 9 9 6 1.83109e-50
31 9 6 6 9 8.18012e-05
31 9 9 6 6 5.47846e-05
31 4 6 7 12 1.65328e-47
31 6 7 12 4 4.83751e-48
31 7 12 4 6 7.03609e-48
31 12 4 6 7 0.10642
31 5 12 8 6 4.57347e-48
31 6 5 12 8 6.76223e-48
31 8 6 5 12 1.4651e-47
31 12 8 6 5 0.0111998
31 4 6 9 11 2.56162e-48
31 6 9 11 4 3.11713e-48
31 9 11 4 6 6.42534e-49
31 11 4 6 9 0.0165407
31 7 12 8 9 1.02188e-48
31 8 9 7 12 8.71491e-49
31 9 7 12 8 3.90576e-49
31 12 8 9 7 7.90628e-49
31 5 10 7 9 1.77287e-48
31 7 9 5 10 6.70013e-48
31 9 5 10 7 1.81409e-48
31 10 7 9 5 1.34038e-48
31 6 11 8 11 3.19059e-49
31 8 11 6 11 0.00162106
31 11 6 11 8 1.86685e-48
31 11 8 11 6 5.89096e-49
31 9 11 10 12 7.83014e-51
31 10 12 9 11 1.4867e-50
31 11 10 12 9 1.12374e-50
31 12 9 11 10 4.08478e-50
31 6 6 6 8 0.0775961
31 6 6 8 6 1.1489e-47
31 6 8 6 6 0.0244859
31 8 6 6 6 0.0583729
31 6 7 12 7 3.96284e-48
31 7 6 7 12 1.53926e-47
31 7 12 7 6 8.5018e-48
31 12 7 6 7 0.0297301
31 5 9 6 9 0.00277758
31 6 9 5 9 9.67302e-49
31 9 5 9 6 9.67278e-49
31 9 6 9 5 6.76715e-49
31 9 12 10 12 1.58811e-48
31 10 12 9 12 4.29086e-48
31 12 9 12 10 2.7733e-48
31 12 10 12 9 1.84607e-48
31 4 4 7 7 1.65574e-47
31 4 7 7 4 5.64648e-48
31 7 4 4 7 1.27578e-47
31 7 7 4 4 4.35074e-48
31 4 4 12 9 4.12903e-50
31 4 12 9 4 4.81159e-50
31 9 4 4 12 3.18658e-50
31 12 9 4 4 1.93061e-50
31 8 12 12 10 3.05859e-48
31 10 8 12 12 1.49037e-48
31 12 10 8 12 3.64531e-48
31 12 12 10 8 2.42099e-48
31 4 7 7 6 5.26753e-48
31 6 4 7 7 1.59652e-47
31 7 6 4 7 1.03835e-47
31 7 7 6 4 0.0393299
31 4 4 5 6 2.56709e-47
31 4 5 6 4 0.0705398
31 5 6 4 4 6.8597e-48
31 6 4 4 5 6.03359e-48
31 6 7 6 12 0.0253018
31 6 12 6 7 0.035752
31 7 6 12 6 7.84628e-48
31 12 6 7 6 8.14874e-48
31 4 10 10 6 2.0741e-47
31 6 4 10 10 5.51184e-47
31 10 6 4 10 4.01157e-47
31 10 10 6 4 0.173299
31 4 10 7 6 1.80702e-47
31 6 4 10 7 2.50392e-47
31 7 6 4 10 3.12319e-47
31 10 7 6 4 0.0690271
31 4 11 12 9 2.71049e-51
31 9 4 11 12 1.38528e-50
31 11 12 9 4 6.91766e-51
31 12 9 4 11 1.84819e-51
31 4 12 12 10 1.16393e-47
31 10 4 12 12 1.60182e-47
31 12 10 4 12 7.51779e-48
31 12 12 10 4 7.16349e-48
31 7 11 8 12 6.80461e-51
31 8 12 7 11 3.36323e-51
31 11 8 12 7 2.6878e-51
31 12 7 11 8 8.05614e-51
31 4 12 8 8 4.16455e-48
31 8 4 12 8 5.00322e-48
31 8 8 4 12 1.28942e-48
31 12 8 8 4 2.03387e-48
31 4 12 7 12 8.48276e-48
31 7 12 4 12 6.53616e-48
31 12 4 12 7 1.08981e-47
31 12 7 12 4 3.71654e-48
31 6 10 9 11 2.07345e-48
31 9 11 6 10 0.0109371
31 10 9 11 6 3.51315e-48
31 11 6 10 9 2.01196e-48
31 9 9 12 12 4.03879e-49
31 9 12 12 9 3.33083e-49
31 12 9 9 12 1.01272e-48
31 12 12 9 9 8.35204e-49
31 7 12 8 10 1.09502e-47
31 8 10 7 12 6.21636e-48
31 10 7 12 8 3.36669e-48
31 12 8 10 7 2.52235e-48
31 4 7 8 7 3.04046e-48
31 7 4 7 8 1.04173e-47
31 7 8 7 4 2.86791e-48
31 8 7 4 7 1.64774e-48
31 5 10 9 10 7.617e-48
31 9 10 5 10 7.93647e-48
31 10 5 10 9 3.57985e-48
31 10 9 10 5 1.67733e-48
31 4 5 4 11 1.4522e-48
31 4 11 4 5 7.9853e-49
31 5 4 11 4 7.12282e-48
31 11 4 5 4 7.69096e-48
31 5 8 12 11 1.69098e-49
31 8 12 11 5 7.26331e-49
31 11 5 8 12 1.14706e-48
31 12 11 5 8 1.10042e-48
31 6 6 12 7 1.03151e-47
31 6 12 7 6 7.86687e-48
31 7 6 6 12 0.102888
31 12 7 6 6 0.0302492
31 4 12 9 6 4.92915e-48
31 6 4 12 9 4.37205e-48
31 9 6 4 12 2.84802e-48
31 12 9 6 4 0.019165
31 8 10 11 10 1.10202e-47
31 10 8 10 11 1.12677e-48
31 10 11 10 8 2.80653e-48
31 11 10 8 10 6.72505e-48
31 4 12 5 9 1.87302e-48
31 5 9 4 12 6.95616e-49
31 9 4 12 5 7.78393e-49
31 12 5 9 4 2.434e-48
31 4 9 7 11 4.42767e-49
31 7 11 4 9 4.00381e-49
31 9 7 11 4 6.55898e-49
31 11 4 9 7 1.99313e-48
31 5 12 12 11 3.50874e-49
31 11 5 12 12 1.01243e-48
31 12 11 5 12 1.30451e-48
31 12 12 11 5 9.46623e-49
31 4 12 4 12 1.29484e-47
31 12 4 12 4 2.45372e-47
31 4 10 9 11 1.95038e-48
31 9 11 4 10 1.09737e-48
31 10 9 11 4 3.41568e-48
31 11 4 10 9 2.24214e-48
31 4 6 4 11 2.17338e-48
31 4 11 4 6 1.70823e-48
31 6 4 11 4 1.16927e-47
31 11 4 6 4 0.0362533
31 4 9 9 11 4.70434e-49
31 9 9 11 4 6.81759e-49
31 9 11 4 9 1.7619e-49
31 11 4 9 9 1.20915e-48
31 6 12 9 9 1.23071e-48
31 9 6 12 9 7.34922e-49
31 9 9 6 12 0.00446482
31 12 9 9 6 1.23419e-48
31 6 11 10 7 1.85407e-48
31 7 6 11 10 1.5315e-47
31 10 7 6 11 0.00745379
31 11 10 7 6 2.93047e-48
31 4 8 6 8 0.0262098
31 6 8 4 8 2.79567e-48
31 8 4 8 6 1.09602e-47
31 8 6 8 4 9.56215e-48
31 4 9 6 12 0.0162431
31 6 12 4 9 1.42887e-48
31 9 6 12 4 2.20419e-48
31 12 4 9 6 6.3351e-48
32 4 9 11 12 0.00656393
32 9 11 12 4 6.54346e-47
32 11 12 4 9 0.000707346
32 12 4 9 11 0.00034715
32 4 12 8 11 6.01612e-46
32 8 11 4 12 3.04249e-47
32 11 4 12 8 0.0043314
32 12 8 11 4 0.00426827
32 6 8 9 11 0.00235257
32 8 9 11 6 0.0374265
32 9 11 6 8 7.2866e-46
32 11 6 8 9 5.81179e-46
32 6 6 9 9 2.33387e-05
32 6 9 9 6 0.000114065
32 9 6 6 9 1.41495e-05
32 9 9 6 6 6.91543e-05
32 4 6 7 12 0.00095358
32 6 7 12 4 0.000936377
32 7 12 4 6 0.00431145
32 12 4 6 7 0.0146524
32 5 12 8 6 4.83498e-88
32 6 5 12 8 1.34433e-45
32 8 6 5 12 0.00259907
32 12 8 6 5 0.00713508
32 4 6 9 11 0.00150187
32 6 9 11 4 0.03989
32 9 11 4 6 6.71955e-47
32 11 4 6 9 0.00715362
32 7 12 8 9 1.03838e-45
32 8 9 7 12 0.000919901
32 9 7 12 8 0.00024218
32 12 8 9 7 0.00321231
32 5 10 7 9 2.25617e-46
32 7 9 5 10 0.0703153
32 9 5 10 7 9.04755e-46
32 10 7 9 5 0.00342164
32 6 11 8 11 5.12841e-89
32 8 11 6 11 2.97589e-46
32 11 6 11 8 0.0173605
32 11 8 11 6 0.0177561
32 9 11 10 12 6.85285e-49
32 10 12 9 11 6.36336e-05
32 11 10 12 9 1.54788e-05
32 12 9 11 10 0.000311915
32 6 6 6 8 0.011557
32 6 6 8 6 9.99257e-46
32 6 8 6 6 0.0118203
32 8 6 6 6 0.00579844
32 6 7 12 7 0.00618074
32 7 6 7 12 0.00217542
32 7 12 7 6 0.0184207
32 12 7 6 7 0.00521939
32 5 9 6 9 1.45353e-45
32 6 9 5 9 0.0114019
32 9 5 9 6 2.32316e-46
32 9 6 9 5 0.00142761
32 9 12 10 12 0.000544631
32 10 12 9 12 0.00312073
32 12 9 12 10 0.00323464
32 12 10 12 9 0.000307797
32 4 4 7 7 0.0133901
32 4 7 7 4 0.000722611
32 7 4 4 7 0.00714968
32 7 7 4 4 0.000385841
32 4 4 12 9 1.29137e-05
32 4 12 9 4 3.91579e-05
32 9 4 4 12 7.88061e-07
32 12 9 4 4 3.78226e-06
32 8 12 12 10 0.00372748
32 10 8 12 12 0.000737816
32 12 10 8 12 2.9793e-47
32 12 12 10 8 0.00148486
32 4 7 7 6 0.00126512
32 6 4 7 7 0.0191994
32 7 6 4 7 0.00628951
32 7 7 6 4 0.00391716
32 4 4 5 6 0.00968088
32 4 5 6 4 1.01301e-45
32 5 6 4 4 8.758e-47
32 6 4 4 5 0.00174978
32 6 7 6 12 0.000813128
32 6 12 6 7 0.0641066
32 7 6 12 6 0.00398122
32 12 6 7 6 0.000889266
32 4 10 10 6 0.00324585
32 6 4 10 10 0.0113759
32 10 6 4 10 0.00342429
32 10 10 6 4 0.0092347
32 4 10 7 6 0.00338508
32 6 4 10 7 0.0251551
32 7 6 4 10 0.00388647
32 10 7 6 4 0.00471593
32 4 11 12 9 1.0156e-48
32 9 4 11 12 8.06673e-06
32 11 12 9 4 2.4931e-05
32 12 9 4 11 1.13297e-06
32 4 12 12 10 0.00923361
32 10 4 12 12 0.00146137
32 12 10 4 12 6.04846e-05
32 12 12 10 4 0.00151142
32 7 11 8 12 3.0624e-91
32 8 12 7 11 7.61717e-06
32 11 8 12 7 5.31283e-05
32 12 7 11 8 1.06979e-05
32 4 12 8 8 1.63869e-45
32 8 4 12 8 0.00228086
32 8 8 4 12 0.000162216
32 12 8 8 4 1.70581e-46
32 4 12 7 12 0.00212506
32 7 12 4 12 0.00113469
32 12 4 12 7 0.00480525
32 12 7 12 4 0.000259321
32 6 10 9 11 0.00166337
32 9 11 6 10 1.13302e-45
32 10 9 11 6 0.0953683
32 11 6 10 9 0.00247371
32 9 9 12 12 0.000462544
32 9 12 12 9 0.000801379
32 12 9 9 12 0.000644269
32 12 12 9 9 0.00111623
32 7 12 8 10 6.01212e-45
32 8 10 7 12 0.000506818
32 10 7 12 8 0.00214123
32 12 8 10 7 0.00495666
32 4 7 8 7 9.00726e-46
32 7 4 7 8 0.00744719
32 7 8 7 4 0.00382719
32 8 7 4 7 0.000738188
32 5 10 9 10 9.04661e-46
32 9 10 5 10 0.00430233
32 10 5 10 9 6.96298e-46
32 10 9 10 5 0.0209124
32 4 5 4 11 5.81052e-47
32 4 11 4 5 1.86572e-46
32 5 4 11 4 1.98112e-45
32 11 4 5 4 0.00684392
32 5 8 12 11 1.21977e-46
32 8 12 11 5 0.0240538
32 11 5 8 12 3.50831e-89
32 12 11 5 8 4.12787e-46
32 6 6 12 7 0.0136374
32 6 12 7 6 0.0103442
32 7 6 6 12 0.00461847
32 12 7 6 6 0.00123689
32 4 12 9 6 0.00752838
32 6 4 12 9 0.00203334
32 9 6 4 12 7.6128e-05
32 12 9 6 4 0.00421666
32 8 10 11 10 0.0186274
32 10 8 10 11 0.00269621
32 10 11 10 8 1.37743e-45
32 11 10 8 10 1.41371e-45
32 4 12 5 9 0.00541307
32 5 9 4 12 5.62532e-47
32 9 4 12 5 0.000894669
32 12 5 9 4 1.01894e-46
32 4 9 7 11 0.00179043
32 7 11 4 9 1.02208e-46
32 9 7 11 4 0.000915959
32 11 4 9 7 0.0123291
32 5 12 12 11 2.18964e-46
32 11 5 12 12 1.09632e-46
32 12 11 5 12 8.9504e-47
32 12 12 11 5 0.0109387
32 4 12 4 12 0.000917374
32 12 4 12 4 0.00134271
32 4 10 9 11 0.00105219
32 9 11 4 10 1.01224e-46
32 10 9 11 4 0.0494067
32 11 4 10 9 0.00255052
32 4 6 4 11 0.000208639
32 4 11 4 6 1.09018e-46
32 6 4 11 4 0.0116209
32 11 4 6 4 0.0051178
32 4 9 9 11 0.00328576
32 9 9 11 4 0.00961418
32 9 11 4 9 3.0079e-47
32 11 4 9 9 0.00284386
32 6 12 9 9 0.00456294
32 9 6 12 9 0.000407102
32 9 9 6 12 0.00159671
32 12 9 9 6 0.00277137
32 6 11 10 7 2.23152e-45
32 7 6 11 10 0.0448742
32 10 7 6 11 0.00159344
32 11 10 7 6 0.00243104
32 4 8 6 8 0.0131792
32 6 8 4 8 0.00186135
32 8 4 8 6 9.11121e-46
32 8 6 8 4 4.57803e-46
32 4 9 6 12 0.00354484
32 6 12 4 9 0.000867404
32 9 6 12 4 0.000398542
32 12 4 9 6 0.0011048
33 4 9 11 12 4.99603e-49
33 9 11 12 4 1.12891e-47
33 11 12 4 9 0.0436522
33 12 4 9 11 9.09725e-49
33 4 12 8 11 2.34486e-48
33 8 11 4 12 8.04116e-48
33 11 4 12 8 0.0644022
33 12 8 11 4 1.56171e-47
33 6 8 9 11 3.09462e-48
33 8 9 11 6 1.61425e-48
33 9 11 6 8 5.64051e-48
33 11 6 8 9 0.0243305
33 6 6 9 9 1.62801e-50
33 6 9 9 6 1.08664e-50
33 9 6 6 9 2.08884e-50
33 9 9 6 6 1.39422e-50
33 4 6 7 12 3.37046e-48
33 6 7 12 4 1.85055e-47
33 7 12 4 6 1.67417e-47
33 12 4 6 7 1.11401e-47
33 5 12 8 6 2.09731e-47
33 6 5 12 8 3.00449e-47
33 8 6 5 12 2.97641e-48
33 12 8 6 5 9.68407e-48
33 4 6 9 11 8.17789e-49
33 6 9 11 4 2.1721e-48
33 9 11 4 6 1.33382e-47
33 11 4 6 9 0.0722187
33 7 12 8 9 4.04092e-48
33 8 9 7 12 7.08772e-49
33 9 7 12 8 2.67163e-48
33 12 8 9 7 5.59158e-48
33 5 10 7 9 7.55776e-48
33 7 9 5 10 1.58825e-48
33 9 5 10 7 3.86062e-47
33 10 7 9 5 2.60834e-48
33 6 11 8 11 1.92338e-48
33 8 11 6 11 2.30436e-48
33 11 6 11 8 0.00963173
33 11 8 11 6 0.0791088
33 9 11 10 12 1.24052e-49
33 10 12 9 11 2.65789e-50
33 11 10 12 9 0.000644885
33 12 9 11 10 1.36415e-50
33 6 6 6 8 2.01981e-48
33 6 6 8 6 3.3773e-48
33 6 8 6 6 1.65894e-47
33 8 6 6 6 4.04628e-48
33 6 7 12 7 1.48855e-47
33 7 6 7 12 4.07257e-48
33 7 12 7 6 1.80868e-47
33 12 7 6 7 9.75305e-48
33 5 9 6 9 1.59774e-48
33 6 9 5 9 8.40512e-49
33 9 5 9 6 9.92463e-48
33 9 6 9 5 5.94436e-49
33 9 12 10 12 6.96302e-48
33 10 12 9 12 3.91943e-48
33 12 9 12 10 1.83651e-48
33 12 10 12 9 4.71953e-48
33 4 4 7 7 1.25339e-47
33 4 7 7 4 1.36419e-47
33 7 4 4 7 1.40186e-47
33 7 7 4 4 1.52578e-47
33 4 4 12 9 9.09962e-50
33 4 12 9 4 7.50331e-50
33 9 4 4 12 4.34847e-50
33 12 9 4 4 2.35475e-50
33 8 12 12 10 6.67961e-48
33 10 8 12 12 9.85312e-48
33 12 10 8 12 1.41086e-48
33 12 12 10 8 4.83338e-48
33 4 7 7 6 1.07034e-47
33 6 4 7 7 1.22133e-47
33 7 6 4 7 5.97376e-48
33 7 7 6 4 1.36463e-47
33 4 4 5 6 8.98894e-48
33 4 5 6 4 3.79826e-47
33 5 6 4 4 1.01109e-47
33 6 4 4 5 4.56357e-48
33 6 7 6 12 3.45256e-48
33 6 12 6 7 7.65144e-48
33 7 6 12 6 5.41638e-48
33 12 6 7 6 3.45694e-48
33 4 10 10 6 1.77449e-47
33 6 4 10 10 2.36562e-47
33 10 6 4 10 8.14021e-48
33 10 10 6 4 1.59164e-47
33 4 10 7 6 1.08764e-47
33 6 4 10 7 2.72272e-47
33 7 6 4 10 7.09202e-48
33 10 7 6 4 2.14024e-47
33 4 11 12 9 5.45684e-50
33 9 4 11 12 1.33551e-50
33 11 12 9 4 0.000302608
33 12 9 4 11 2.22836e-51
33 4 12 12 10 1.37755e-47
33 10 4 12 12 1.13334e-47
33 12 10 4 12 3.79794e-48
33 12 12 10 4 2.48e-47
33 7 11 8 12 2.69159e-50
33 8 12 7 11 1.19567e-50
33 11 8 12 7 0.000835601
33 12 7 11 8 1.10829e-50
33 4 12 8 8 4.01073e-48
33 8 4 12 8 6.43078e-48
33 8 8 4 12 9.68189e-48
33 12 8 8 4 1.5688e-47
33 4 12 7 12 8.35032e-48
33 7 12 4 12 9.33945e-48
33 12 4 12 7 1.6153e-47
33 12 7 12 4 1.75809e-47
33 6 10 9 11 1.18602e-48
33 9 11 6 10 1.03512e-47
33 10 9 11 6 2.36287e-48
33 11 6 10 9 0.0590788
33 9 9 12 12 8.7396e-49
33 9 12 12 9 5.81509e-48
33 12 9 9 12 4.46294e-49
33 12 12 9 9 2.96952e-48
33 7 12 8 10 9.19825e-48
33 8 10 7 12 4.14608e-48
33 10 7 12 8 8.52336e-48
33 12 8 10 7 3.16915e-47
33 4 7 8 7 6.18048e-48
33 7 4 7 8 6.01055e-48
33 7 8 7 4 2.6812e-47
33 8 7 4 7 8.06736e-48
33 5 10 9 10 5.51888e-48
33 9 10 5 10 3.72508e-48
33 10 5 10 9 5.23914e-47
33 10 9 10 5 2.09449e-48
33 4 5 4 11 7.81264e-48
33 4 11 4 5 5.45975e-48
33 5 4 11 4 1.41663e-47
33 11 4 5 4 0.0898226
33 5 8 12 11 6.15976e-48
33 8 12 11 5 1.79162e-48
33 11 5 8 12 0.0677592
33 12 11 5 8 3.01607e-48
33 6 6 12 7 6.47336e-48
33 6 12 7 6 1.30317e-47
33 7 6 6 12 3.01234e-48
33 12 7 6 6 8.49959e-48
33 4 12 9 6 6.4648e-48
33 6 4 12 9 9.73699e-48
33 9 6 4 12 2.03485e-48
33 12 9 6 4 2.31272e-48
33 8 10 11 10 4.45658e-48
33 10 8 10 11 1.32268e-47
33 10 11 10 8 1.87897e-47
33 11 10 8 10 0.044834
33 4 12 5 9 3.59694e-48
33 5 9 4 12 1.11958e-48
33 9 4 12 5 2.55736e-48
33 12 5 9 4 1.1842e-47
33 4 9 7 11 3.8195e-49
33 7 11 4 9 7.46759e-48
33 9 7 11 4 3.92352e-48
33 11 4 9 7 0.0338637
33 5 12 12 11 3.45816e-48
33 11 5 12 12 0.10936
33 12 11 5 12 3.13148e-48
33 12 12 11 5 1.58134e-48
33 4 12 4 12 1.4256e-47
33 12 4 12 4 3.7038e-47
33 4 10 9 11 1.10397e-48
33 9 11 4 10 1.04973e-47
33 10 9 11 4 2.7315e-48
33 11 4 10 9 0.125748
33 4 6 4 11 9.69915e-49
33 4 11 4 6 1.13166e-47
33 6 4 11 4 7.19797e-48
33 11 4 6 4 0.0867566
33 4 9 9 11 3.24696e-49
33 9 9 11 4 1.47306e-48
33 9 11 4 9 7.93421e-48
33 11 4 9 9 0.0381718
33 6 12 9 9 3.53855e-48
33 9 6 12 9 2.65719e-48
33 9 9 6 12 6.82351e-49
33 12 9 9 6 9.05691e-49
33 6 11 10 7 1.84173e-47
33 7 6 11 10 2.45688e-48
33 10 7 6 11 2.28457e-48
33 11 10 7 6 0.0494785
33 4 8 6 8 1.20482e-47
33 6 8 4 8 1.31264e-47
33 8 4 8 6 1.12361e-47
33 8 6 8 4 6.10251e-48
33 4 9 6 12 7.92215e-49
33 6 12 4 9 5.74291e-48
33 9 6 12 4 4.36807e-48
33 12 4 9 6 4.107e-48
34 4 9 11 12 5.905e-05
34 9 11 12 4 0.0291067
34 11 12 4 9 1.20961e-89
34 12 4 9 11 4.53795e-47
34 4 12 8 11 2.6357e-47
34 8 11 4 12 0.0058382
34 11 4 12 8 5.24912e-47
34 12 8 11 4 0.00518359
34 6 8 9 11 1.24355e-45
34 8 9 11 6 0.00258645
34 9 11 6 8 0.00291085
34 11 6 8 9 3.17149e-90
34 6 6 9 9 3.85257e-49
34 6 9 9 6 0.000114755
34 9 6 6 9 2.76174e-49
34 9 9 6 6 8.22629e-05
34 4 6 7 12 8.00893e-05
34 6 7 12 4 0.0380611
34 7 12 4 6 0.00192026
34 12 4 6 7 3.17312e-46
34 5 12 8 6 2.25396e-46
34 6 5 12 8 0.00175465
34 8 6 5 12 0.000180347
34 12 8 6 5 0.027804
34 4 6 9 11 2.48425e-47
34 6 9 11 4 0.00383475
34 9 11 4 6 0.0131067
34 11 4 6 9 1.13833e-89
34 7 12 8 9 2.1833e-47
34 8 9 7 12 0.00277197
34 9 7 12 8 0.000875021
34 12 8 9 7 2.24396e-45
34 5 10 7 9 1.15907e-133
34 7 9 5 10 0.00655247
34 9 5 10 7 5.61213e-46
34 10 7 9 5 0.0292713
34 6 11 8 11 3.71597e-46
34 8 11 6 11 1.82817e-45
34 11 6 11 8 1.58782e-48
34 11 8 11 6 1.72287e-46
34 9 11 10 12 3.6014e-05
34 10 12 9 11 1.00543e-47
34 11 10 12 9 1.87004e-135
34 12 9 11 10 2.52207e-05
34 6 6 6 8 0.000173566
34 6 6 8 6 0.000295315
34 6 8 6 6 0.0188327
34 8 6 6 6 0.00145289
34 6 7 12 7 3.19982e-45
34 7 6 7 12 0.000142349
34 7 12 7 6 0.00232692
34 12 7 6 7 2.57497e-45
34 5 9 6 9 1.22617e-88
34 6 9 5 9 3.25984e-46
34 9 5 9 6 0.00122346
34 9 6 9 5 0.000222029
34 9 12 10 12 0.000280362
34 10 12 9 12 0.00169647
34 12 9 12 10 0.0324802
34 12 10 12 9 1.07853e-90
34 4 4 7 7 1.00808e-46
34 4 7 7 4 0.0097305
34 7 4 4 7 1.4786e-46
34 7 7 4 4 0.0142722
34 4 4 12 9 3.8606e-49
34 4 12 9 4 1.85647e-05
34 9 4 4 12 8.32168e-07
34 12 9 4 4 0.000390651
34 8 12 12 10 0.00449293
34 10 8 12 12 0.017226
34 12 10 8 12 4.4467e-49
34 12 12 10 8 0.00048145
34 4 7 7 6 0.0039477
34 6 4 7 7 2.34165e-46
34 7 6 4 7 1.21908e-46
34 7 7 6 4 0.0159598
34 4 4 5 6 0.000217986
34 4 5 6 4 0.00394808
34 5 6 4 4 3.4614e-46
34 6 4 4 5 0.000732359
34 6 7 6 12 0.00104438
34 6 12 6 7 3.59434e-46
34 7 6 12 6 0.000741947
34 12 6 7 6 0.000845581
34 4 10 10 6 1.0216e-47
34 6 4 10 10 0.00290998
34 10 6 4 10 0.00930667
34 10 10 6 4 2.53722e-46
34 4 10 7 6 7.33734e-48
34 6 4 10 7 4.45495e-46
34 7 6 4 10 0.00108808
34 10 7 6 4 0.186528
34 4 11 12 9 3.66905e-48
34 9 4 11 12 3.62485e-08
34 11 12 9 4 3.01847e-48
34 12 9 4 11 5.15633e-48
34 4 12 12 10 0.00221457
34 10 4 12 12 0.00184548
34 12 10 4 12 2.23994e-48
34 12 12 10 4 0.0113737
34 7 11 8 12 3.67147e-06
34 8 12 7 11 1.18026e-48
34 11 8 12 7 3.51864e-90
34 12 7 11 8 6.89784e-07
34 4 12 8 8 7.02009e-05
34 8 4 12 8 0.000543969
34 8 8 4 12 0.00476213
34 12 8 8 4 0.01962
34 4 12 7 12 0.000225415
34 7 12 4 12 0.000330628
34 12 4 12 7 4.99268e-46
34 12 7 12 4 0.0481921
34 6 10 9 11 7.52586e-91
34 9 11 6 10 0.0193253
34 10 9 11 6 0.00991844
34 11 6 10 9 1.3794e-89
34 9 9 12 12 0.00172705
34 9 12 12 9 9.4779e-47
34 12 9 9 12 0.00193874
34 12 12 9 9 1.06396e-46
34 7 12 8 10 0.000856754
34 8 10 7 12 3.61197e-48
34 10 7 12 8 0.0175077
34 12 8 10 7 7.41992e-45
34 4 7 8 7 2.19518e-46
34 7 4 7 8 0.000147771
34 7 8 7 4 0.0325847
34 8 7 4 7 2.24341e-45
34 5 10 9 10 2.13433e-90
34 9 10 5 10 4.06759e-48
34 10 5 10 9 2.08304e-45
34 10 9 10 5 0.1126
34 4 5 4 11 9.05937e-47
34 4 11 4 5 0.00582494
34 5 4 11 4 3.55505e-47
34 11 4 5 4 1.69831e-46
34 5 8 12 11 2.2144e-88
34 8 12 11 5 0.000157319
34 11 5 8 12 1.93693e-47
34 12 11 5 8 0.00154693
34 6 6 12 7 2.90467e-46
34 6 12 7 6 0.0027171
34 7 6 6 12 0.000117366
34 12 7 6 6 0.0111022
34 4 12 9 6 0.00082709
34 6 4 12 9 9.84777e-47
34 9 6 4 12 7.5344e-05
34 12 9 6 4 0.0479711
34 8 10 11 10 2.41703e-48
34 10 8 10 11 1.42585e-44
34 10 11 10 8 0.0465584
34 11 10 8 10 8.82802e-91
34 4 12 5 9 1.69003e-47
34 5 9 4 12 2.40623e-46
34 9 4 12 5 0.000408241
34 12 5 9 4 0.00513198
34 4 9 7 11 3.12022e-46
34 7 11 4 9 5.4437e-46
34 9 7 11 4 0.000618493
34 11 4 9 7 1.60616e-89
34 5 12 12 11 2.54513e-89
34 11 5 12 12 7.93662e-47
34 12 11 5 12 0.00118017
34 12 12 11 5 0.00010544
34 4 12 4 12 0.000343098
34 12 4 12 4 0.0109533
34 4 10 9 11 2.93857e-91
34 9 11 4 10 0.0156747
34 10 9 11 4 0.022174
34 11 4 10 9 1.51746e-89
34 4 6 4 11 1.79577e-47
34 4 11 4 6 0.00636246
34 6 4 11 4 0.000166965
34 11 4 6 4 3.00021e-46
34 4 9 9 11 3.88001e-46
34 9 9 11 4 0.00190671
34 9 11 4 9 6.87239e-46
34 11 4 9 9 7.89557e-90
34 6 12 9 9 9.51289e-47
34 9 6 12 9 3.81228e-47
34 9 9 6 12 0.00124262
34 12 9 9 6 0.0127474
34 6 11 10 7 4.7758e-45
34 7 6 11 10 5.34617e-05
34 10 7 6 11 2.77715e-45
34 11 10 7 6 1.34568e-90
34 4 8 6 8 0.00240999
34 6 8 4 8 0.00500619
34 8 4 8 6 0.000891255
34 8 6 8 4 0.00181124
34 4 9 6 12 0.000825436
34 6 12 4 9 9.40984e-47
34 9 6 12 4 0.00137494
34 12 4 9 6 0.000759492
35 1 0 2 11 0.0295459
35 3 0 3 9 0.109264
35 2 0 1 7 0.129929
35 1 0 1 9 0.0645044
35 1 0 3 11 0.0234908
35 1 0 1 12 0.0108235
35 3 0 2 9 0.0262587
35 3 0 3 12 0.0116316
35 3 0 3 5 0.0120576
35 3 0 3 8 0.0471257
35 2 0 3 11 0.033326
35 1 0 3 8 0.0248956
35 3 0 1 9 0.0288822
35 1 0 2 9 0.0330795
35 2 0 2 4 0.0195756
35 2 0 1 11 0.0334246
35 1 0 2 8 0.02349
35 2 0 3 7 0.145921
35 3 0 1 8 0.0188713
35 3 0 2 11 0.0277527
35 1 0 1 7 0.101148
35 3 0 2 8 0.0190668
35 3 0 2 12 0.00797909
35 1 0 1 6 0.0179573
36 2 11 1 0 0.0339938
36 3 9 3 0 0.0981184
36 1 7 2 0 0.0572086
36 1 9 1 0 0.0418494
36 3 11 1 0 0.0412718
36 1 12 1 0 0.0156256
36 2 9 3 0 0.0154417
36 3 12 3 0 0.0232425
36 3 5 3 0 0.0331611
36 3 8 3 0 0.127619
36 3 11 2 0 0.0482726
36 3 8 1 0 0.0558141
36 1 9 3 0 0.0226343
36 2 9 1 0 0.0161044
36 2 4 2 0 0.0187019
36 1 11 2 0 0.0422519
36 2 8 1 0 0.0344867
36 3 7 2 0 0.073623
36 1 8 3 0 0.0445985
36 2 11 3 0 0.0385695
36 1 7 1 0 0.0540196
36 2 8 3 0 0.033813
36 2 12 3 0 0.010441
36 1 6 1 0 0.0191375
37 4 9 11 12 0.000433617
37 9 11 12 4 0.000126357
37 11 12 4 9 0.000780538
37 12 4 9 11 0.0120578
37 4 12 8 11 0.0150957
37 8 11 4 12 0.00067745
37 11 4 12 8 0.00372061
37 12 8 11 4 0.000415453
37 6 8 9 11 0.0060436
37 8 9 11 6 0.000153054
37 9 11 6 8 0.0158882
37 11 6 8 9 0.0020306
37 6 6 9 9 0.000114713
37 6 9 9 6 1.08964e-06
37 9 6 6 9 0.000257359
37 9 9 6 6 2.4446e-06
37 4 6 7 12 0.00151158
37 6 7 12 4 0.000512989
37 7 12 4 6 0.000407841
37 12 4 6 7 0.0370705
37 5 12 8 6 0.000585156
37 6 5 12 8 0.0105821
37 8 6 5 12 0.00579119
37 12 8 6 5 0.0105455
37 4 6 9 11 0.0171731
37 6 9 11 4 0.000189362
37 9 11 4 6 0.000220411
37 11 4 6 9 0.00692879
37 7 12 8 9 0.00408788
37 8 9 7 12 8.3903e-05
37 9 7 12 8 0.00462655
37 12 8 9 7 0.00150802
37 5 10 7 9 0.00604963
37 7 9 5 10 2.68076e-48
37 9 5 10 7 0.00268233
37 10 7 9 5 0.00204075
37 6 11 8 11 0.00534402
37 8 11 6 11 0.00975594
37 11 6 11 8 0.00198151
37 11 8 11 6 3.02924e-05
37 9 11 10 12 2.17405e-05
37 10 12 9 11 0.000157681
37 11 10 12 9 4.02736e-05
37 12 9 11 10 4.29948e-50
37 6 6 6 8 0.0603659
37 6 6 8 6 0.000819996
37 6 8 6 6 0.000922846
37 8 6 6 6 0.00149697
37 6 7 12 7 0.00617784
37 7 6 7 12 0.000826273
37 7 12 7 6 0.000192291
37 12 7 6 7 0.0156833
37 5 9 6 9 0.0045763
37 6 9 5 9 0.00577358
37 9 5 9 6 5.59712e-05
37 9 6 9 5 0.0014372
37 9 12 10 12 0.00273132
37 10 12 9 12 0.00152488
37 12 9 12 10 3.36504e-48
37 12 10 12 9 0.0347813
37 4 4 7 7 0.00422698
37 4 7 7 4 0.000148495
37 7 4 4 7 0.00490065
37 7 7 4 4 0.000172161
37 4 4 12 9 0.000275257
37 4 12 9 4 3.18771e-06
37 9 4 4 12 1.48259e-05
37 12 9 4 4 1.40312e-06
37 8 12 12 10 4.02736e-48
37 10 8 12 12 0.00106796
37 12 10 8 12 0.0023627
37 12 12 10 8 0.0329509
37 4 7 7 6 0.000197904
37 6 4 7 7 0.00397883
37 7 6 4 7 0.0043233
37 7 7 6 4 0.000507445
37 4 4 5 6 0.00241254
37 4 5 6 4 0.0004515
37 5 6 4 4 0.000404233
37 6 4 4 5 0.00559324
37 6 7 6 12 0.00263649
37 6 12 6 7 0.0115611
37 7 6 12 6 0.000511691
37 12 6 7 6 0.000357813
37 4 10 10 6 0.00543351
37 6 4 10 10 5.905e-47
37 10 6 4 10 2.21368e-47
37 10 10 6 4 0.00480674
37 4 10 7 6 0.000775926
37 6 4 10 7 0.0380711
37 7 6 4 10 9.16262e-48
37 10 7 6 4 0.00167519
37 4 11 12 9 4.5296e-05
37 9 4 11 12 9.01133e-06
37 11 12 9 4 1.42353e-07
37 12 9 4 11 1.94719e-05
37 4 12 12 10 1.34288e-47
37 10 4 12 12 0.00616337
37 12 10 4 12 0.004593
37 12 12 10 4 0.00192435
37 7 11 8 12 2.29678e-06
37 8 12 7 11 1.50042e-05
37 11 8 12 7 1.63953e-06
37 12 7 11 8 6.28054e-05
37 4 12 8 8 0.0154692
37 8 4 12 8 0.0207518
37 8 8 4 12 0.000592432
37 12 8 8 4 0.00029202
37 4 12 7 12 0.00111106
37 7 12 4 12 0.00128813
37 12 4 12 7 0.0187655
37 12 7 12 4 0.000659237
37 6 10 9 11 0.0216681
37 9 11 6 10 8.86977e-48
37 10 9 11 6 0.000344917
37 11 6 10 9 0.00666971
37 9 9 12 12 0.000302889
37 9 12 12 9 0.00742081
37 12 9 9 12 0.000342736
37 12 12 9 9 0.00839706
37 7 12 8 10 4.88232e-48
37 8 10 7 12 0.00103576
37 10 7 12 8 0.0204628
37 12 8 10 7 0.0119468
37 4 7 8 7 0.00319591
37 7 4 7 8 0.0053813
37 7 8 7 4 5.44555e-05
37 8 7 4 7 0.00186323
37 5 10 9 10 7.11747e-48
37 9 10 5 10 2.01457e-47
37 10 5 10 9 0.01717
37 10 9 10 5 0.00418784
37 4 5 4 11 0.00413251
37 4 11 4 5 0.00190089
37 5 4 11 4 0.000541422
37 11 4 5 4 0.000157151
37 5 8 12 11 0.00400022
37 8 12 11 5 0.00170898
37 11 5 8 12 3.60409e-05
37 12 11 5 8 0.0150131
37 6 6 12 7 0.0115097
37 6 12 7 6 0.000295846
37 7 6 6 12 0.00461512
37 12 7 6 6 0.0015507
37 4 12 9 6 0.000466527
37 6 4 12 9 0.0284523
37 9 6 4 12 0.00143627
37 12 9 6 4 0.000454156
37 8 10 11 10 1.40307e-47
37 10 8 10 11 0.0355914
37 10 11 10 8 0.041706
37 11 10 8 10 1.76818e-48
37 4 12 5 9 0.0177812
37 5 9 4 12 0.000183709
37 9 4 12 5 0.00256413
37 12 5 9 4 7.47965e-05
37 4 9 7 11 0.00111472
37 7 11 4 9 0.00243732
37 9 7 11 4 0.000133024
37 11 4 9 7 0.000388306
37 5 12 12 11 0.00692075
37 11 5 12 12 4.8329e-05
37 12 11 5 12 0.00170624
37 12 12 11 5 0.00318676
37 4 12 4 12 0.00434637
37 12 4 12 4 0.00287402
37 4 10 9 11 0.0208788
37 9 11 4 10 2.7294e-48
37 10 9 11 4 0.000234736
37 11 4 10 9 0.00685733
37 4 6 4 11 0.0151984
37 4 11 4 6 0.000272262
37 6 4 11 4 0.000710258
37 11 4 6 4 0.000163405
37 4 9 9 11 0.00290986
37 9 9 11 4 9.13111e-05
37 9 11 4 9 0.00393179
37 11 4 9 9 0.00148923
37 6 12 9 9 0.00739732
37 9 6 12 9 0.0114294
37 9 9 6 12 0.000677379
37 12 9 9 6 0.000122848
37 6 11 10 7 0.00706678
37 7 6 11 10 6.28192e-48
37 10 7 6 11 0.026223
37 11 10 7 6 3.90852e-05
37 4 8 6 8 0.0358865
37 6 8 4 8 0.0114604
37 8 4 8 6 0.000843719
37 8 6 8 4 0.00055849
37 4 9 6 12 0.00114498
37 6 12 4 9 0.00895853
37 9 6 12 4 0.000368848
37 12 4 9 6 0.000630529
38 4 9 11 12 0.00105979
38 9 11 12 4 0.00451719
38 11 12 4 9 1.95013e-05
38 12 4 9 11 0.000182285
38 4 12 8 11 0.00518377
38 8 11 4 12 0.00084018
38 11 4 12 8 0.000943082
38 12 8 11 4 0.00018851
38 6 8 9 11 0.00230416
38 8 9 11 6 0.00170744
38 9 11 6 8 0.0112195
38 11 6 8 9 7.0678e-05
38 6 6 9 9 9.71478e-06
38 6 9 9 6 7.44101e-06
38 9 6 6 9 4.26993e-05
38 9 9 6 6 3.27054e-05
38 4 6 7 12 0.00337465
38 6 7 12 4 0.017223
38 7 12 4 6 0.00547075
38 12 4 6 7 0.00121254
38 5 12 8 6 0.00381467
38 6 5 12 8 0.0034033
38 8 6 5 12 0.0064063
38 12 8 6 5 0.00243987
38 4 6 9 11 0.0100139
38 6 9 11 4 0.000902923
38 9 11 4 6 0.000428655
38 11 4 6 9 0.000236372
38 7 12 8 9 0.00290756
38 8 9 7 12 0.000652944
38 9 7 12 8 0.0179414
38 12 8 9 7 0.000203618
38 5 10 7 9 0.00243203
38 7 9 5 10 0.00341871
38 9 5 10 7 0.00127591
38 10 7 9 5 0.0046982
38 6 11 8 11 0.00064475
38 8 11 6 11 0.0100354
38 11 6 11 8 0.000248926
38 11 8 11 6 7.16628e-05
38 9 11 10 12 3.76349e-05
38 10 12 9 11 2.82766e-05
38 11 10 12 9 1.46045e-05
38 12 9 11 10 1.01111e-06
38 6 6 6 8 0.0127264
38 6 6 8 6 0.00107445
38 6 8 6 6 0.00366377
38 8 6 6 6 0.0167237
38 6 7 12 7 0.0243613
38 7 6 7 12 0.0116948
38 7 12 7 6 0.0109377
38 12 7 6 7 0.00339161
38 5 9 6 9 0.00168876
38 6 9 5 9 0.000170416
38 9 5 9 6 0.000360216
38 9 6 9 5 0.00644318
38 9 12 10 12 0.00598223
38 10 12 9 12 0.00153271
38 12 9 12 10 0.000335596
38 12 10 12 9 0.00136749
38 4 4 7 7 0.00231446
38 4 7 7 4 0.00457688
38 7 4 4 7 0.00401174
38 7 7 4 4 0.00793326
38 4 4 12 9 4.17623e-05
38 4 12 9 4 7.40708e-05
38 9 4 4 12 4.31899e-06
38 12 9 4 4 3.34697e-07
38 8 12 12 10 0.0115957
38 10 8 12 12 0.00163138
38 12 10 8 12 0.000346123
38 12 12 10 8 0.000655223
38 4 7 7 6 0.00344805
38 6 4 7 7 0.000968446
38 7 6 4 7 0.00743836
38 7 7 6 4 0.108706
38 4 4 5 6 0.00171219
38 4 5 6 4 0.0033101
38 5 6 4 4 0.00127518
38 6 4 4 5 0.000734616
38 6 7 6 12 0.00902357
38 6 12 6 7 0.0105035
38 7 6 12 6 0.0440271
38 12 6 7 6 0.000107986
38 4 10 10 6 0.0354615
38 6 4 10 10 0.00256408
38 10 6 4 10 0.000390713
38 10 10 6 4 0.0221801
38 4 10 7 6 0.00972432
38 6 4 10 7 0.00482563
38 7 6 4 10 0.00540051
38 10 7 6 4 0.0107463
38 4 11 12 9 1.84933e-05
38 9 4 11 12 6.43224e-06
38 11 12 9 4 1.66239e-06
38 12 9 4 11 1.88819e-07
38 4 12 12 10 0.0210151
38 10 4 12 12 0.0030456
38 12 10 4 12 0.000298147
38 12 12 10 4 0.000866701
38 7 11 8 12 2.21508e-05
38 8 12 7 11 1.7812e-05
38 11 8 12 7 3.41763e-06
38 12 7 11 8 2.69093e-06
38 4 12 8 8 0.00576921
38 8 4 12 8 0.0192565
38 8 8 4 12 0.000844055
38 12 8 8 4 0.000122039
38 4 12 7 12 0.0040182
38 7 12 4 12 0.00696489
38 12 4 12 7 0.00137193
38 12 7 12 4 0.00271301
38 6 10 9 11 0.012709
38 9 11 6 10 0.00570808
38 10 9 11 6 0.000397037
38 11 6 10 9 0.000227159
38 9 9 12 12 0.00365089
38 9 12 12 9 0.00445796
38 12 9 9 12 0.000115642
38 12 12 9 9 0.000141206
38 7 12 8 10 0.0105202
38 8 10 7 12 0.00962677
38 10 7 12 8 0.012954
38 12 8 10 7 0.000573809
38 4 7 8 7 0.00615733
38 7 4 7 8 0.00702188
38 7 8 7 4 0.00497526
38 8 7 4 7 0.00292657
38 5 10 9 10 0.0126901
38 9 10 5 10 0.00562855
38 10 5 10 9 0.000150765
38 10 9 10 5 0.00206555
38 4 5 4 11 0.00026493
38 4 11 4 5 0.00151135
38 5 4 11 4 0.00199116
38 11 4 5 4 9.91588e-05
38 5 8 12 11 0.00784014
38 8 12 11 5 0.00775009
38 11 5 8 12 1.46883e-05
38 12 11 5 8 0.000122024
38 6 6 12 7 0.014428
38 6 12 7 6 0.00117995
38 7 6 6 12 0.0716122
38 12 7 6 6 0.00161396
38 4 12 9 6 0.00612782
38 6 4 12 9 0.00191895
38 9 6 4 12 0.000879388
38 12 9 6 4 0.000503626
38 8 10 11 10 0.0133063
38 10 8 10 11 0.00206142
38 10 11 10 8 0.0022837
38 11 10 8 10 0.000421885
38 4 12 5 9 0.00100949
38 5 9 4 12 0.000250177
38 9 4 12 5 0.00915483
38 12 5 9 4 3.98998e-05
38 4 9 7 11 0.000841212
38 7 11 4 9 0.000607135
38 9 7 11 4 0.00275517
38 11 4 9 7 0.000156432
38 5 12 12 11 0.0149392
38 11 5 12 12 9.06883e-05
38 12 11 5 12 7.15705e-05
38 12 12 11 5 0.000428003
38 4 12 4 12 0.00370688
38 12 4 12 4 0.00178895
38 4 10 9 11 0.0275485
38 9 11 4 10 0.00037783
38 10 9 11 4 0.000478009
38 11 4 10 9 0.000111121
38 4 6 4 11 0.0014276
38 4 11 4 6 0.000455305
38 6 4 11 4 0.000850496
38 11 4 6 4 0.000419716
38 4 9 9 11 0.00321473
38 9 9 11 4 0.00113904
38 9 11 4 9 0.00017966
38 11 4 9 9 6.78416e-05
38 6 12 9 9 0.00101482
38 9 6 12 9 0.00423851
38 9 9 6 12 0.00365293
38 12 9 9 6 0.000102832
38 6 11 10 7 0.0024104
38 7 6 11 10 0.00907233
38 10 7 6 11 0.00683844
38 11 10 7 6 0.000246178
38 4 8 6 8 0.0250327
38 6 8 4 8 0.000764417
38 8 4 8 6 0.00217708
38 8 6 8 4 0.00535813
38 4 9 6 12 0.00530945
38 6 12 4 9 0.000197974
38 9 6 12 4 0.0102988
38 12 4 9 6 0.000132546
39 4 9 11 12 1.0125e-48
39 9 11 12 4 1.80595e-48
39 11 12 4 9 4.28463e-49
39 12 4 9 11 1.20046e-48
39 4 12 8 11 1.98447e-48
39 8 11 4 12 1.80676e-48
39 11 4 12 8 2.1251e-48
39 12 8 11 4 2.73293e-48
39 6 8 9 11 2.18593e-48
39 8 9 11 6 1.65826e-48
39 9 11 6 8 1.93627e-48
39 11 6 8 9 0.00530973
39 6 6 9 9 0.000116479
39 6 9 9 6 4.593e-50
39 9 6 6 9 8.80663e-05
39 9 9 6 6 3.47264e-50
39 4 6 7 12 0.0295659
39 6 7 12 4 1.35843e-47
39 7 12 4 6 9.03102e-48
39 12 4 6 7 1.79552e-47
39 5 12 8 6 5.36225e-48
39 6 5 12 8 1.52928e-47
39 8 6 5 12 0.0298153
39 12 8 6 5 1.36103e-47
39 4 6 9 11 0.0198824
39 6 9 11 4 2.55473e-48
39 9 11 4 6 3.97828e-48
39 11 4 6 9 1.25297e-48
39 7 12 8 9 6.24331e-49
39 8 9 7 12 4.78974e-49
39 9 7 12 8 1.39374e-48
39 12 8 9 7 3.53909e-48
39 5 10 7 9 8.8861e-49
39 7 9 5 10 2.66955e-48
39 9 5 10 7 1.09751e-47
39 10 7 9 5 7.89045e-48
39 6 11 8 11 1.48711e-48
39 8 11 6 11 1.13773e-48
39 11 6 11 8 0.00381725
39 11 8 11 6 1.11007e-48
39 9 11 10 12 3.75305e-50
39 10 12 9 11 3.79936e-50
39 11 10 12 9 1.90243e-50
39 12 9 11 10 1.7706e-50
39 6 6 6 8 0.048903
39 6 6 8 6 0.0652942
39 6 8 6 6 1.42212e-47
39 8 6 6 6 0.0499541
39 6 7 12 7 2.53672e-47
39 7 6 7 12 0.0244909
39 7 12 7 6 5.44639e-48
39 12 7 6 7 2.16955e-47
39 5 9 6 9 9.5637e-49
39 6 9 5 9 1.5457e-48
39 9 5 9 6 2.48969e-48
39 9 6 9 5 0.008909
39 9 12 10 12 2.54808e-48
39 10 12 9 12 3.95186e-48
39 12 9 12 10 4.2102e-48
39 12 10 12 9 4.00516e-48
39 4 4 7 7 6.31907e-48
39 4 7 7 4 4.0888e-48
39 7 4 4 7 8.67949e-48
39 7 7 4 4 5.61612e-48
39 4 4 12 9 3.14849e-50
39 4 12 9 4 2.79324e-50
39 9 4 4 12 1.47687e-50
39 12 9 4 4 4.1197e-50
39 8 12 12 10 1.24929e-48
39 10 8 12 12 7.16388e-48
39 12 10 8 12 2.35573e-48
39 12 12 10 8 3.99573e-48
39 4 7 7 6 7.40004e-48
39 6 4 7 7 6.80436e-48
39 7 6 4 7 0.078461
39 7 7 6 4 7.78529e-48
39 4 4 5 6 1.22892e-47
39 4 5 6 4 1.27958e-47
39 5 6 4 4 0.0295013
39 6 4 4 5 7.12074e-48
39 6 7 6 12 6.04572e-48
39 6 12 6 7 1.03784e-47
39 7 6 12 6 0.0874521
39 12 6 7 6 0.0422981
39 4 10 10 6 4.1681e-47
39 6 4 10 10 1.32357e-47
39 10 6 4 10 0.101209
39 10 10 6 4 2.90794e-47
39 4 10 7 6 1.16059e-47
39 6 4 10 7 3.33907e-47
39 7 6 4 10 0.0424966
39 10 7 6 4 2.53349e-47
39 4 11 12 9 1.36873e-50
39 9 4 11 12 3.17717e-51
39 11 12 9 4 4.50888e-51
39 12 9 4 11 1.05243e-50
39 4 12 12 10 6.15758e-48
39 10 4 12 12 1.47742e-47
39 12 10 4 12 6.90024e-48
39 12 12 10 4 1.19694e-47
39 7 11 8 12 9.10629e-51
39 8 12 7 11 2.57176e-51
39 11 8 12 7 2.08428e-50
39 12 7 11 8 8.22068e-51
39 4 12 8 8 2.15372e-48
39 8 4 12 8 2.21829e-48
39 8 8 4 12 1.67369e-48
39 12 8 8 4 3.60195e-48
39 4 12 7 12 3.02774e-48
39 7 12 4 12 4.15872e-48
39 12 4 12 7 2.07814e-47
39 12 7 12 4 1.34468e-47
39 6 10 9 11 3.19966e-48
39 9 11 6 10 2.19719e-48
39 10 9 11 6 8.25166e-48
39 11 6 10 9 0.0172387
39 9 9 12 12 1.43431e-48
39 9 12 12 9 8.08905e-49
39 12 9 9 12 1.62246e-48
39 12 12 9 9 9.15018e-49
39 7 12 8 10 2.09378e-48
39 8 10 7 12 1.52808e-48
39 10 7 12 8 1.37948e-47
39 12 8 10 7 2.25859e-47
39 4 7 8 7 7.08003e-48
39 7 4 7 8 1.53272e-48
39 7 8 7 4 2.22631e-48
39 8 7 4 7 4.20753e-48
39 5 10 9 10 1.86893e-48
39 9 10 5 10 2.28378e-48
39 10 5 10 9 1.43087e-47
39 10 9 10 5 2.01899e-47
39 4 5 4 11 4.58409e-48
39 4 11 4 5 5.5886e-48
39 5 4 11 4 1.36483e-48
39 11 4 5 4 2.13081e-48
39 5 8 12 11 1.57817e-48
39 8 12 11 5 6.50144e-49
39 11 5 8 12 1.03155e-48
39 12 11 5 8 2.55574e-48
39 6 6 12 7 0.169561
39 6 12 7 6 6.32562e-48
39 7 6 6 12 0.0502972
39 12 7 6 6 1.87864e-47
39 4 12 9 6 5.55137e-48
39 6 4 12 9 3.72298e-48
39 9 6 4 12 0.0146607
39 12 9 6 4 6.2713e-48
39 8 10 11 10 1.14643e-48
39 10 8 10 11 1.35415e-47
39 10 11 10 8 1.58648e-47
39 11 10 8 10 1.44749e-48
39 4 12 5 9 1.34384e-48
39 5 9 4 12 1.14523e-48
39 9 4 12 5 2.0483e-48
39 12 5 9 4 3.23417e-48
39 4 9 7 11 8.7457e-49
39 7 11 4 9 1.03789e-48
39 9 7 11 4 6.76558e-49
39 11 4 9 7 1.33587e-48
39 5 12 12 11 1.39295e-48
39 11 5 12 12 2.24126e-48
39 12 11 5 12 2.9498e-48
39 12 12 11 5 1.5791e-48
39 4 12 4 12 9.25986e-48
39 12 4 12 4 2.05256e-47
39 4 10 9 11 2.69513e-48
39 9 11 4 10 1.4376e-48
39 10 9 11 4 4.13535e-48
39 11 4 10 9 1.72964e-48
39 4 6 4 11 0.0216083
39 4 11 4 6 7.36185e-48
39 6 4 11 4 2.16754e-48
39 11 4 6 4 2.09379e-48
39 4 9 9 11 1.45344e-48
39 9 9 11 4 7.18834e-49
39 9 11 4 9 7.37518e-49
39 11 4 9 9 4.66294e-49
39 6 12 9 9 1.04647e-48
39 9 6 12 9 0.00894232
39 9 9 6 12 1.40293e-48
39 12 9 9 6 3.98871e-48
39 6 11 10 7 1.63736e-47
39 7 6 11 10 0.0103123
39 10 7 6 11 7.30045e-48
39 11 10 7 6 2.11322e-48
39 4 8 6 8 6.94025e-48
39 6 8 4 8 5.39102e-48
39 8 4 8 6 3.87726e-48
39 8 6 8 4 0.0193663
39 4 9 6 12 3.55256e-48
39 6 12 4 9 1.5563e-48
39 9 6 12 4 0.0204483
39 12 4 9 6 4.63092e-48
40 6 9 9 6 1
41 4 9 11 12 3.74178e-48
41 9 11 12 4 1.39998e-48
41 11 12 4 9 0.0346166
41 12 4 9 11 3.60723e-48
41 4 12 8 11 9.49371e-48
41 8 11 4 12 5.43181e-48
41 11 4 12 8 1.34746e-47
41 12 8 11 4 6.11848e-48
41 6 8 9 11 4.14842e-48
41 8 9 11 6 3.03873e-48
41 9 11 6 8 3.35658e-48
41 11 6 8 9 0.042522
41 6 6 9 9 0.00023555
41 6 9 9 6 1.86461e-50
41 9 6 6 9 0.000290956
41 9 9 6 6 2.30321e-50
41 4 6 7 12 1.34254e-47
41 6 7 12 4 1.62309e-47
41 7 12 4 6 1.78978e-47
41 12 4 6 7 2.70886e-47
41 5 12 8 6 1.05653e-47
41 6 5 12 8 1.09686e-47
41 8 6 5 12 5.18913e-48
41 12 8 6 5 2.74229e-47
41 4 6 9 11 8.06789e-48
41 6 9 11 4 3.94505e-48
41 9 11 4 6 3.25434e-48
41 11 4 6 9 0.153863
41 7 12 8 9 0.0350111
41 8 9 7 12 1.51584e-48
41 9 7 12 8 2.99275e-48
41 12 8 9 7 2.50337e-48
41 5 10 7 9 0.0617619
41 7 9 5 10 5.69794e-48
41 9 5 10 7 2.22387e-48
41 10 7 9 5 1.78334e-47
41 6 11 8 11 2.59107e-48
41 8 11 6 11 4.11623e-48
41 11 6 11 8 3.55087e-48
41 11 8 11 6 3.85681e-48
41 9 11 10 12 1.65645e-50
41 10 12 9 11 6.99597e-50
41 11 10 12 9 0.000666426
41 12 9 11 10 5.02167e-50
41 6 6 6 8 1.03807e-47
41 6 6 8 6 5.45324e-48
41 6 8 6 6 1.12751e-47
41 8 6 6 6 8.66313e-48
41 6 7 12 7 1.9612e-47
41 7 6 7 12 1.21407e-47
41 7 12 7 6 1.10082e-47
41 12 7 6 7 2.53128e-47
41 5 9 6 9 0.0487958
41 6 9 5 9 0.0136787
41 9 5 9 6 9.54854e-49
41 9 6 9 5 1.70288e-48
41 9 12 10 12 1.43322e-48
41 10 12 9 12 4.74981e-48
41 12 9 12 10 5.00071e-48
41 12 10 12 9 0.0486752
41 4 4 7 7 2.72055e-47
41 4 7 7 4 2.10393e-47
41 7 4 4 7 4.00001e-47
41 7 7 4 4 3.0934e-47
41 4 4 12 9 0.00191499
41 4 12 9 4 5.60263e-50
41 9 4 4 12 6.14612e-50
41 12 9 4 4 5.11855e-50
41 8 12 12 10 4.11944e-48
41 10 8 12 12 8.84653e-48
41 12 10 8 12 2.84413e-48
41 12 12 10 8 2.32842e-48
41 4 7 7 6 2.05012e-47
41 6 4 7 7 1.3597e-47
41 7 6 4 7 2.22162e-47
41 7 7 6 4 3.36842e-47
41 4 4 5 6 1.64945e-47
41 4 5 6 4 2.09581e-47
41 5 6 4 4 1.53933e-47
41 6 4 4 5 3.00977e-47
41 6 7 6 12 1.2353e-47
41 6 12 6 7 8.25518e-48
41 7 6 12 6 1.05126e-47
41 12 6 7 6 4.23567e-48
41 4 10 10 6 1.68159e-47
41 6 4 10 10 1.96388e-47
41 10 6 4 10 4.10053e-47
41 10 10 6 4 3.53073e-47
41 4 10 7 6 1.82597e-47
41 6 4 10 7 1.71099e-47
41 7 6 4 10 3.4843e-47
41 10 7 6 4 5.41665e-47
41 4 11 12 9 0.000337602
41 9 4 11 12 1.61086e-50
41 11 12 9 4 1.18602e-50
41 12 9 4 11 2.22516e-50
41 4 12 12 10 1.98476e-47
41 10 4 12 12 2.94696e-47
41 12 10 4 12 9.99158e-48
41 12 12 10 4 4.80194e-48
41 7 11 8 12 2.43595e-50
41 8 12 7 11 1.53952e-50
41 11 8 12 7 3.64478e-50
41 12 7 11 8 3.33937e-50
41 4 12 8 8 8.79452e-48
41 8 4 12 8 1.09722e-47
41 8 8 4 12 7.68159e-48
41 12 8 8 4 5.51884e-48
41 4 12 7 12 1.15648e-47
41 7 12 4 12 1.70036e-47
41 12 4 12 7 2.03648e-47
41 12 7 12 4 1.57491e-47
41 6 10 9 11 4.30763e-48
41 9 11 6 10 4.91321e-48
41 10 9 11 6 7.9739e-48
41 11 6 10 9 0.0433018
41 9 9 12 12 1.2748e-48
41 9 12 12 9 0.0146018
41 12 9 9 12 1.33204e-48
41 12 12 9 9 0.0152574
41 7 12 8 10 1.204e-47
41 8 10 7 12 5.07399e-48
41 10 7 12 8 2.78264e-47
41 12 8 10 7 7.02342e-48
41 4 7 8 7 1.92719e-47
41 7 4 7 8 1.61715e-47
41 7 8 7 4 1.00117e-47
41 8 7 4 7 1.4052e-47
41 5 10 9 10 7.7696e-48
41 9 10 5 10 2.69034e-48
41 10 5 10 9 0.0769119
41 10 9 10 5 1.08579e-47
41 4 5 4 11 1.62658e-47
41 4 11 4 5 2.06388e-47
41 5 4 11 4 1.41214e-47
41 11 4 5 4 6.96608e-48
41 5 8 12 11 7.20441e-48
41 8 12 11 5 3.81355e-48
41 11 5 8 12 2.61241e-48
41 12 11 5 8 1.70746e-48
41 6 6 12 7 1.04147e-47
41 6 12 7 6 5.43569e-48
41 7 6 6 12 1.92041e-47
41 12 7 6 6 1.82382e-47
41 4 12 9 6 5.99506e-48
41 6 4 12 9 0.105101
41 9 6 4 12 3.74855e-48
41 12 9 6 4 6.12056e-48
41 8 10 11 10 7.6706e-48
41 10 8 10 11 1.31312e-47
41 10 11 10 8 8.6015e-48
41 11 10 8 10 8.49682e-48
41 4 12 5 9 0.0316352
41 5 9 4 12 4.52207e-48
41 9 4 12 5 5.46543e-48
41 12 5 9 4 1.82522e-48
41 4 9 7 11 4.14499e-48
41 7 11 4 9 0.0547754
41 9 7 11 4 2.38821e-48
41 11 4 9 7 4.39946e-48
41 5 12 12 11 5.3083e-48
41 11 5 12 12 3.47335e-48
41 12 11 5 12 1.50707e-48
41 12 12 11 5 4.11943e-48
41 4 12 4 12 3.46801e-47
41 12 4 12 4 3.10855e-47
41 4 10 9 11 7.81742e-48
41 9 11 4 10 4.09246e-48
41 10 9 11 4 7.42221e-48
41 11 4 10 9 0.0707142
41 4 6 4 11 1.47393e-47
41 4 11 4 6 1.04867e-47
41 6 4 11 4 7.99641e-48
41 11 4 6 4 1.40715e-47
41 4 9 9 11 4.01807e-48
41 9 9 11 4 1.37341e-48
41 9 11 4 9 0.0204746
41 11 4 9 9 0.0433646
41 6 12 9 9 0.0178011
41 9 6 12 9 0.0191901
41 9 9 6 12 1.91967e-48
41 12 9 9 6 1.58729e-48
41 6 11 10 7 3.40245e-48
41 7 6 11 10 1.03009e-47
41 10 7 6 11 2.65613e-47
41 11 10 7 6 4.36009e-48
41 4 8 6 8 3.19832e-47
41 6 8 4 8 1.46797e-47
41 8 4 8 6 1.16166e-47
41 8 6 8 4 6.62127e-48
41 4 9 6 12 8.46482e-48
41 6 12 4 9 0.0445018
41 9 6 12 4 2.40159e-48
41 12 4 9 6 4.40264e-48
42 4 9 11 12 0.00092604
42 9 11 12 4 0.00652182
42 11 12 4 9 0.000383776
42 12 4 9 11 0.00225943
42 4 12 8 11 0.00150963
42 8 11 4 12 0.00426273
42 11 4 12 8 1.4511e-45
42 12 8 11 4 0.0164262
42 6 8 9 11 0.00704361
42 8 9 11 6 0.00355878
42 9 11 6 8 9.69423e-46
42 11 6 8 9 0.00369703
42 6 6 9 9 2.98322e-05
42 6 9 9 6 1.58913e-05
42 9 6 6 9 2.0563e-05
42 9 9 6 6 1.09537e-05
42 4 6 7 12 0.00300962
42 6 7 12 4 0.0351299
42 7 12 4 6 0.000654722
42 12 4 6 7 3.02434e-45
42 5 12 8 6 0.0154535
42 6 5 12 8 5.10244e-45
42 8 6 5 12 0.0427403
42 12 8 6 5 0.020857
42 4 6 9 11 0.00153051
42 6 9 11 4 0.00756647
42 9 11 4 6 0.00116231
42 11 4 6 9 0.00440741
42 7 12 8 9 0.000813892
42 8 9 7 12 0.00190011
42 9 7 12 8 7.36734e-46
42 12 8 9 7 1.09218e-45
42 5 10 7 9 0.00286066
42 7 9 5 10 0.00328421
42 9 5 10 7 3.53757e-45
42 10 7 9 5 0.0175658
42 6 11 8 11 0.00599119
42 8 11 6 11 0.00642474
42 11 6 11 8 8.89896e-46
42 11 8 11 6 0.00552286
42 9 11 10 12 0.000128222
42 10 12 9 11 5.37404e-05
42 11 10 12 9 2.64883e-05
42 12 9 11 10 4.59577e-05
42 6 6 6 8 1.50343e-45
42 6 6 8 6 0.00714424
42 6 8 6 6 0.00933057
42 8 6 6 6 0.00766123
42 6 7 12 7 7.66647e-45
42 7 6 7 12 0.00461029
42 7 12 7 6 0.00192903
42 12 7 6 7 4.33884e-45
42 5 9 6 9 0.00212177
42 6 9 5 9 0.00228968
42 9 5 9 6 0.00315268
42 9 6 9 5 0.00366903
42 9 12 10 12 0.00590197
42 10 12 9 12 0.00732601
42 12 9 12 10 0.0032588
42 12 10 12 9 0.00179128
42 4 4 7 7 6.65935e-46
42 4 7 7 4 0.0043778
42 7 4 4 7 3.46232e-46
42 7 7 4 4 0.0022761
42 4 4 12 9 1.49731e-05
42 4 12 9 4 1.99413e-05
42 9 4 4 12 1.52715e-05
42 12 9 4 4 7.67559e-06
42 8 12 12 10 0.00748743
42 10 8 12 12 0.0133945
42 12 10 8 12 0.00276527
42 12 12 10 8 5.97335e-46
42 4 7 7 6 0.00210668
42 6 4 7 7 2.57463e-45
42 7 6 4 7 3.1865e-46
42 7 7 6 4 0.00989768
42 4 4 5 6 0.00424089
42 4 5 6 4 0.00781356
42 5 6 4 4 0.00668234
42 6 4 4 5 0.00422725
42 6 7 6 12 0.0165457
42 6 12 6 7 2.01408e-45
42 7 6 12 6 0.00265579
42 12 6 7 6 0.00257027
42 4 10 10 6 0.00216727
42 6 4 10 10 0.0310936
42 10 6 4 10 0.00563051
42 10 10 6 4 0.0148979
42 4 10 7 6 0.00105135
42 6 4 10 7 7.25208e-45
42 7 6 4 10 0.00186682
42 10 7 6 4 0.0407904
42 4 11 12 9 7.6691e-06
42 9 4 11 12 3.62078e-05
42 11 12 9 4 2.49452e-05
42 12 9 4 11 1.65881e-06
42 4 12 12 10 0.00377165
42 10 4 12 12 0.023273
42 12 10 4 12 0.00132807
42 12 12 10 4 0.012319
42 7 11 8 12 2.47651e-05
42 8 12 7 11 1.53341e-05
42 11 8 12 7 1.35915e-47
42 12 7 11 8 7.17911e-48
42 4 12 8 8 2.81304e-46
42 8 4 12 8 1.91255e-45
42 8 8 4 12 0.0039781
42 12 8 8 4 0.0119806
42 4 12 7 12 0.00241811
42 7 12 4 12 0.00125722
42 12 4 12 7 3.66737e-45
42 12 7 12 4 0.024109
42 6 10 9 11 0.0032817
42 9 11 6 10 0.00957331
42 10 9 11 6 0.00423865
42 11 6 10 9 0.00551889
42 9 9 12 12 0.00197657
42 9 12 12 9 0.00155256
42 12 9 9 12 0.0016229
42 12 12 9 9 0.00127475
42 7 12 8 10 0.0044012
42 8 10 7 12 0.00564794
42 10 7 12 8 3.37997e-45
42 12 8 10 7 4.03669e-45
42 4 7 8 7 1.10591e-45
42 7 4 7 8 3.71268e-46
42 7 8 7 4 0.00440673
42 8 7 4 7 1.0544e-45
42 5 10 9 10 0.00961523
42 9 10 5 10 0.00715216
42 10 5 10 9 0.0143405
42 10 9 10 5 0.00889017
42 4 5 4 11 0.000754903
42 4 11 4 5 0.00108869
42 5 4 11 4 0.0334657
42 11 4 5 4 0.0214312
42 5 8 12 11 0.0115873
42 8 12 11 5 0.00925946
42 11 5 8 12 0.0105228
42 12 11 5 8 1.41304e-45
42 6 6 12 7 4.39413e-45
42 6 12 7 6 0.00434989
42 7 6 6 12 0.00607941
42 12 7 6 6 0.00854812
42 4 12 9 6 0.00105378
42 6 4 12 9 0.00635697
42 9 6 4 12 0.00154342
42 12 9 6 4 0.00366528
42 8 10 11 10 0.0108977
42 10 8 10 11 0.0164834
42 10 11 10 8 3.29128e-45
42 11 10 8 10 0.00603064
42 4 12 5 9 0.00109216
42 5 9 4 12 0.00114555
42 9 4 12 5 0.00562386
42 12 5 9 4 0.00758832
42 4 9 7 11 0.000270546
42 7 11 4 9 0.000327223
42 9 7 11 4 0.00825649
42 11 4 9 7 1.08128e-45
42 5 12 12 11 0.0068827
42 11 5 12 12 0.0123202
42 12 11 5 12 0.0124493
42 12 12 11 5 0.00572147
42 4 12 4 12 0.00151374
42 12 4 12 4 0.0309951
42 4 10 9 11 0.000769884
42 9 11 4 10 0.00199678
42 10 9 11 4 0.00798906
42 11 4 10 9 0.00543894
42 4 6 4 11 0.000343521
42 4 11 4 6 0.000425692
42 6 4 11 4 0.0158316
42 11 4 6 4 0.00939496
42 4 9 9 11 0.000445622
42 9 9 11 4 0.00299602
42 9 11 4 9 0.000635298
42 11 4 9 9 0.00253183
42 6 12 9 9 0.00210283
42 9 6 12 9 0.00218758
42 9 9 6 12 0.00184531
42 12 9 9 6 0.000956788
42 6 11 10 7 4.18986e-45
42 7 6 11 10 0.00499261
42 10 7 6 11 0.00994369
42 11 10 7 6 0.00148349
42 4 8 6 8 6.92813e-46
42 6 8 4 8 6.15969e-46
42 8 4 8 6 0.0113558
42 8 6 8 4 0.0217181
42 4 9 6 12 0.000924818
42 6 12 4 9 0.000645855
42 9 6 12 4 0.00638101
42 12 4 9 6 0.00273944
43 4 9 11 12 0.00136794
43 9 11 12 4 0.00621449
43 11 12 4 9 0.00296459
43 12 4 9 11 6.61022e-05
43 4 12 8 11 0.000171494
43 8 11 4 12 0.00424471
43 11 4 12 8 0.00149436
43 12 8 11 4 0.0062277
43 6 8 9 11 0.0166223
43 8 9 11 6 0.00208769
43 9 11 6 8 0.00491077
43 11 6 8 9 0.00115431
43 6 6 9 9 1.95668e-05
43 6 9 9 6 0.000391537
43 9 6 6 9 2.84716e-06
43 9 9 6 6 5.69725e-05
43 4 6 7 12 0.00113104
43 6 7 12 4 0.0357236
43 7 12 4 6 0.00108136
43 12 4 6 7 0.00067876
43 5 12 8 6 0.000497379
43 6 5 12 8 0.0133905
43 8 6 5 12 0.000395997
43 12 8 6 5 0.0192957
43 4 6 9 11 0.000258146
43 6 9 11 4 0.01669
43 9 11 4 6 0.00392919
43 11 4 6 9 0.00191313
43 7 12 8 9 0.000209163
43 8 9 7 12 0.00557775
43 9 7 12 8 0.000940728
43 12 8 9 7 0.0126949
43 5 10 7 9 4.86697e-48
43 7 9 5 10 0.00991657
43 9 5 10 7 0.00217686
43 10 7 9 5 0.00557925
43 6 11 8 11 0.00270477
43 8 11 6 11 0.00196885
43 11 6 11 8 0.000426298
43 11 8 11 6 0.0125476
43 9 11 10 12 7.79832e-05
43 10 12 9 11 1.40202e-05
43 11 10 12 9 4.95411e-49
43 12 9 11 10 6.81331e-05
43 6 6 6 8 0.00209088
43 6 6 8 6 0.00081982
43 6 8 6 6 0.0615428
43 8 6 6 6 0.000596759
43 6 7 12 7 0.0303975
43 7 6 7 12 0.000889606
43 7 12 7 6 0.00273668
43 12 7 6 7 0.009872
43 5 9 6 9 0.00481524
43 6 9 5 9 0.016202
43 9 5 9 6 0.00091798
43 9 6 9 5 0.000138383
43 9 12 10 12 0.000797187
43 10 12 9 12 0.0027842
43 12 9 12 10 0.0270865
43 12 10 12 9 7.94209e-48
43 4 4 7 7 0.000633011
43 4 7 7 4 0.0108198
43 7 4 4 7 0.000196733
43 7 7 4 4 0.00336267
43 4 4 12 9 3.04215e-06
43 4 12 9 4 2.53577e-05
43 9 4 4 12 5.9794e-07
43 12 9 4 4 0.000121502
43 8 12 12 10 0.00147096
43 10 8 12 12 0.0188099
43 12 10 8 12 1.25169e-48
43 12 12 10 8 0.00125631
43 4 7 7 6 0.00739652
43 6 4 7 7 0.00216003
43 7 6 4 7 0.000472213
43 7 7 6 4 0.00655542
43 4 4 5 6 0.000219143
43 4 5 6 4 0.00547782
43 5 6 4 4 0.000400277
43 6 4 4 5 0.000411659
43 6 7 6 12 0.0111341
43 6 12 6 7 0.00703601
43 7 6 12 6 0.000574174
43 12 6 7 6 0.00105021
43 4 10 10 6 1.8227e-47
43 6 4 10 10 0.00441639
43 10 6 4 10 0.0027634
43 10 10 6 4 4.62365e-47
43 4 10 7 6 1.75644e-47
43 6 4 10 7 0.00306282
43 7 6 4 10 0.000930386
43 10 7 6 4 0.0266049
43 4 11 12 9 5.59745e-05
43 9 4 11 12 1.01253e-07
43 11 12 9 4 6.05317e-05
43 12 9 4 11 1.06544e-05
43 4 12 12 10 0.00448437
43 10 4 12 12 0.00079049
43 12 10 4 12 4.86193e-48
43 12 12 10 4 0.00545641
43 7 11 8 12 9.47491e-06
43 8 12 7 11 1.99955e-06
43 11 8 12 7 0.000475178
43 12 7 11 8 3.16912e-06
43 4 12 8 8 0.000373973
43 8 4 12 8 0.000170541
43 8 8 4 12 0.00455906
43 12 8 8 4 0.00786345
43 4 12 7 12 0.00277992
43 7 12 4 12 0.000863969
43 12 4 12 7 0.00073517
43 12 7 12 4 0.0125659
43 6 10 9 11 9.0361e-48
43 9 11 6 10 0.0133922
43 10 9 11 6 0.00760906
43 11 6 10 9 0.00602611
43 9 9 12 12 0.00382065
43 9 12 12 9 0.000587367
43 12 9 9 12 0.0085273
43 12 12 9 9 0.00131094
43 7 12 8 10 0.000829642
43 8 10 7 12 6.48703e-48
43 10 7 12 8 0.00935
43 12 8 10 7 0.0361275
43 4 7 8 7 0.00153408
43 7 4 7 8 0.000220674
43 7 8 7 4 0.022806
43 8 7 4 7 0.00195461
43 5 10 9 10 7.84499e-48
43 9 10 5 10 3.84091e-48
43 10 5 10 9 0.00876539
43 10 9 10 5 0.0264407
43 4 5 4 11 0.000479
43 4 11 4 5 0.00431516
43 5 4 11 4 5.48968e-05
43 11 4 5 4 0.00148761
43 5 8 12 11 0.00178773
43 8 12 11 5 9.61899e-05
43 11 5 8 12 0.00229491
43 12 11 5 8 0.00396628
43 6 6 12 7 0.00448211
43 6 12 7 6 0.0106078
43 7 6 6 12 0.00061226
43 12 7 6 6 0.00708608
43 4 12 9 6 0.00190359
43 6 4 12 9 0.00113994
43 9 6 4 12 0.000157606
43 12 9 6 4 0.0260108
43 8 10 11 10 2.30894e-48
43 10 8 10 11 0.017159
43 10 11 10 8 0.0348383
43 11 10 8 10 2.5546e-47
43 4 12 5 9 0.000566616
43 5 9 4 12 0.00191734
43 9 4 12 5 5.79916e-05
43 12 5 9 4 0.00301468
43 4 9 7 11 0.00329945
43 7 11 4 9 0.00306244
43 9 7 11 4 0.000396011
43 11 4 9 7 0.00128233
43 5 12 12 11 0.000204909
43 11 5 12 12 0.0087017
43 12 11 5 12 0.00434976
43 12 12 11 5 0.000162725
43 4 12 4 12 0.00202599
43 12 4 12 4 0.00159354
43 4 10 9 11 2.40183e-48
43 9 11 4 10 0.00623081
43 10 9 11 4 0.0100956
43 11 4 10 9 0.00227712
43 4 6 4 11 0.000103174
43 4 11 4 6 0.00616574
43 6 4 11 4 0.000283246
43 11 4 6 4 0.00228116
43 4 9 9 11 0.0035531
43 9 9 11 4 0.00174757
43 9 11 4 9 0.00270266
43 11 4 9 9 0.00137667
43 6 12 9 9 0.00421916
43 9 6 12 9 0.000270544
43 9 9 6 12 0.00399343
43 12 9 9 6 0.0120827
43 6 11 10 7 0.0635675
43 7 6 11 10 0.000177712
43 10 7 6 11 0.00263155
43 11 10 7 6 4.72943e-47
43 4 8 6 8 0.0173061
43 6 8 4 8 0.0302922
43 8 4 8 6 9.35405e-05
43 8 6 8 4 0.000328435
43 4 9 6 12 0.00857515
43 6 12 4 9 0.00230752
43 9 6 12 4 0.00044143
43 12 4 9 6 0.000280599
44 1 0 2 11 0.0386004
44 3 0 3 9 0.0880158
44 2 0 1 7 0.0459872
44 1 0 1 9 0.0564591
44 1 0 3 11 0.0446302
44 1 0 1 12 0.0243825
44 3 0 2 9 0.0145453
44 3 0 3 12 0.0241153
44 3 0 3 5 0.0452109
44 3 0 3 8 0.1062
44 2 0 3 11 0.0282905
44 1 0 3 8 0.068147
44 3 0 1 9 0.0208122
44 1 0 2 9 0.022257
44 2 0 2 4 0.0293694
44 2 0 1 11 0.025382
44 1 0 2 8 0.0442151
44 2 0 3 7 0.0577362
44 3 0 1 8 0.0380426
44 3 0 2 11 0.0298499
44 1 0 1 7 0.0801238
44 3 0 2 8 0.0295468
44 3 0 2 12 0.0113755
44 1 0 1 6 0.0267052
45 2 11 1 0 0.0223515
45 3 9 3 0 0.0939867
45 1 7 2 0 0.0719385
45 1 9 1 0 0.0551069
45 3 11 1 0 0.0190896
45 1 12 1 0 0.0175053
45 2 9 3 0 0.0210269
45 3 12 3 0 0.0189416
45 3 5 3 0 0.0235243
45 3 8 3 0 0.121588
45 3 11 2 0 0.0300285
45 3 8 1 0 0.0619867
45 1 9 3 0 0.0255685
45 2 9 1 0 0.0255624
45 2 4 2 0 0.0370144
45 1 11 2 0 0.0309956
45 2 8 1 0 0.0544462
45 3 7 2 0 0.078504
45 1 8 3 0 0.0501092
45 2 11 3 0 0.0217556
45 1 7 1 0 0.0505082
45 2 8 3 0 0.0457954
45 2 12 3 0 0.0120959
45 1 6 1 0 0.01057
46 4 9 11 12 7.11632e-05
46 9 11 12 4 0.00021892
46 11 12 4 9 0.00036871
46 12 4 9 11 7.49321e-45
46 4 12 8 11 0.00266313
46 8 11 4 12 0.000161712
46 11 4 12 8 0.00582703
46 12 8 11 4 0.000195187
46 6 8 9 11 1.16855e-44
46 8 9 11 6 2.7581e-05
46 9 11 6 8 0.00186308
46 11 6 8 9 0.000250578
46 6 6 9 9 2.83262e-47
46 6 9 9 6 1.48141e-48
46 9 6 6 9 6.70699e-05
46 9 9 6 6 3.50764e-06
46 4 6 7 12 5.66729e-46
46 6 7 12 4 0.00532837
46 7 12 4 6 0.000485113
46 12 4 6 7 0.0136838
46 5 12 8 6 0.000101691
46 6 5 12 8 0.0281777
46 8 6 5 12 0.00548357
46 12 8 6 5 0.00843029
46 4 6 9 11 4.99603e-45
46 6 9 11 4 6.26622e-05
46 9 11 4 6 0.000125716
46 11 4 6 9 0.00139199
46 7 12 8 9 0.00108507
46 8 9 7 12 1.44635e-46
46 9 7 12 8 0.0472787
46 12 8 9 7 3.38438e-45
46 5 10 7 9 3.45983e-45
46 7 9 5 10 2.63642e-47
46 9 5 10 7 0.00174584
46 10 7 9 5 2.30819e-45
46 6 11 8 11 0.000472472
46 8 11 6 11 0.000705669
46 11 6 11 8 5.94059e-05
46 11 8 11 6 6.41865e-06
46 9 11 10 12 1.99221e-06
46 10 12 9 11 5.36123e-47
46 11 10 12 9 5.09526e-05
46 12 9 11 10 9.31387e-51
46 6 6 6 8 0.00843695
46 6 6 8 6 0.000143738
46 6 8 6 6 0.00091159
46 8 6 6 6 0.000214682
46 6 7 12 7 0.0460198
46 7 6 7 12 6.00186e-46
46 7 12 7 6 1.56887e-46
46 12 7 6 7 0.0165749
46 5 9 6 9 0.00307907
46 6 9 5 9 0.0290589
46 9 5 9 6 7.19281e-47
46 9 6 9 5 5.52987e-46
46 9 12 10 12 0.000545845
46 10 12 9 12 4.08839e-46
46 12 9 12 10 2.16758e-47
46 12 10 12 9 0.0601828
46 4 4 7 7 3.68376e-45
46 4 7 7 4 5.16638e-46
46 7 4 4 7 0.012063
46 7 7 4 4 0.00169181
46 4 4 12 9 0.000487747
46 4 12 9 4 1.33165e-48
46 9 4 4 12 2.88449e-05
46 12 9 4 4 8.19759e-06
46 8 12 12 10 4.26458e-48
46 10 8 12 12 0.00787525
46 12 10 8 12 0.00057127
46 12 12 10 8 0.00386933
46 4 7 7 6 4.24709e-46
46 6 4 7 7 3.78977e-45
46 7 6 4 7 0.00605746
46 7 7 6 4 0.00119153
46 4 4 5 6 0.00473301
46 4 5 6 4 0.000264323
46 5 6 4 4 0.000447481
46 6 4 4 5 0.00485952
46 6 7 6 12 0.00189301
46 6 12 6 7 0.0021552
46 7 6 12 6 0.00115535
46 12 6 7 6 1.85619e-46
46 4 10 10 6 0.000871801
46 6 4 10 10 1.23004e-47
46 10 6 4 10 1.55534e-47
46 10 10 6 4 0.00193489
46 4 10 7 6 4.67085e-46
46 6 4 10 7 0.00966529
46 7 6 4 10 1.05336e-47
46 10 7 6 4 0.00240399
46 4 11 12 9 2.06774e-05
46 9 4 11 12 1.10473e-06
46 11 12 9 4 5.28681e-50
46 12 9 4 11 7.81992e-05
46 4 12 12 10 1.47368e-47
46 10 4 12 12 0.0131303
46 12 10 4 12 0.00430688
46 12 12 10 4 0.000425784
46 7 11 8 12 2.83844e-07
46 8 12 7 11 6.79442e-48
46 11 8 12 7 1.20105e-05
46 12 7 11 8 1.29531e-05
46 4 12 8 8 0.00210703
46 8 4 12 8 0.0352747
46 8 8 4 12 0.0019001
46 12 8 8 4 0.000561419
46 4 12 7 12 4.11168e-46
46 7 12 4 12 0.00134643
46 12 4 12 7 0.0543164
46 12 7 12 4 0.00761774
46 6 10 9 11 9.72068e-45
46 9 11 6 10 1.15321e-48
46 10 9 11 6 7.62716e-05
46 11 6 10 9 0.000583576
46 9 9 12 12 0.00299472
46 9 12 12 9 0.0149682
46 12 9 9 12 4.55537e-46
46 12 12 9 9 2.27687e-45
46 7 12 8 10 1.42852e-48
46 8 10 7 12 5.28686e-46
46 10 7 12 8 0.122206
46 12 8 10 7 0.0116794
46 4 7 8 7 0.00299766
46 7 4 7 8 6.7237e-45
46 7 8 7 4 4.43762e-46
46 8 7 4 7 0.00653999
46 5 10 9 10 2.74546e-90
46 9 10 5 10 6.135e-47
46 10 5 10 9 0.0048614
46 10 9 10 5 0.00195463
46 4 5 4 11 0.00695979
46 4 11 4 5 0.000389287
46 5 4 11 4 6.63478e-05
46 11 4 5 4 0.000444357
46 5 8 12 11 0.0346816
46 8 12 11 5 4.64075e-05
46 11 5 8 12 1.09721e-05
46 12 11 5 8 0.00793797
46 6 6 12 7 0.0170454
46 6 12 7 6 1.36167e-46
46 7 6 6 12 0.0011678
46 12 7 6 6 0.00140955
46 4 12 9 6 1.20213e-46
46 6 4 12 9 0.0551024
46 9 6 4 12 0.00159059
46 12 9 6 4 0.000634006
46 8 10 11 10 7.14214e-49
46 10 8 10 11 0.0324766
46 10 11 10 8 0.00218682
46 11 10 8 10 3.39351e-49
46 4 12 5 9 0.0169619
46 5 9 4 12 0.000525253
46 9 4 12 5 0.00773779
46 12 5 9 4 9.3518e-47
46 4 9 7 11 2.52546e-45
46 7 11 4 9 0.00115047
46 9 7 11 4 8.61396e-05
46 11 4 9 7 1.84083e-46
46 5 12 12 11 0.00973928
46 11 5 12 12 0.000106912
46 12 11 5 12 0.000921401
46 12 12 11 5 0.000109045
46 4 12 4 12 0.00234494
46 12 4 12 4 0.0115994
46 4 10 9 11 8.57007e-45
46 9 11 4 10 1.48513e-48
46 10 9 11 4 8.41525e-05
46 11 4 10 9 0.00105408
46 4 6 4 11 0.010535
46 4 11 4 6 7.66463e-05
46 6 4 11 4 8.66552e-05
46 11 4 6 4 6.14951e-05
46 4 9 9 11 4.03377e-45
46 9 9 11 4 5.60134e-05
46 9 11 4 9 0.00194084
46 11 4 9 9 5.25511e-46
46 6 12 9 9 1.80296e-45
46 9 6 12 9 0.0233564
46 9 9 6 12 0.000854106
46 12 9 9 6 1.85807e-46
46 6 11 10 7 0.000462189
46 7 6 11 10 4.5506e-49
46 10 7 6 11 0.0258674
46 11 10 7 6 2.09171e-47
46 4 8 6 8 0.0279066
46 6 8 4 8 0.040764
46 8 4 8 6 0.000229392
46 8 6 8 4 0.000140122
46 4 9 6 12 0.000712568
46 6 12 4 9 0.00520247
46 9 6 12 4 0.00141197
46 12 4 9 6 3.51612e-46
47 4 9 11 12 1.42237e-48
47 9 11 12 4 0.00387924
47 11 12 4 9 3.0679e-49
47 12 4 9 11 2.3179e-48
47 4 12 8 11 8.47365e-48
47 8 11 4 12 7.69534e-49
47 11 4 12 8 0.0255379
47 12 8 11 4 1.21819e-48
47 6 8 9 11 1.438e-48
47 8 9 11 6 8.36349e-49
47 9 11 6 8 4.63084e-49
47 11 6 8 9 9.63938e-49
47 6 6 9 9 1.28456e-50
47 6 9 9 6 7.397e-51
47 9 6 6 9 7.83047e-51
47 9 9 6 6 4.50908e-51
47 4 6 7 12 1.78033e-47
47 6 7 12 4 0.0533044
47 7 12 4 6 8.44676e-48
47 12 4 6 7 1.09166e-47
47 5 12 8 6 3.22866e-48
47 6 5 12 8 0.0825661
47 8 6 5 12 9.75492e-48
47 12 8 6 5 3.09374e-48
47 4 6 9 11 1.36681e-47
47 6 9 11 4 1.84312e-48
47 9 11 4 6 5.62212e-49
47 11 4 6 9 1.30092e-48
47 7 12 8 9 1.31371e-48
47 8 9 7 12 5.34271e-49
47 9 7 12 8 0.00681265
47 12 8 9 7 8.04884e-49
47 5 10 7 9 2.06505e-48
47 7 9 5 10 3.10693e-48
47 9 5 10 7 9.88727e-48
47 10 7 9 5 3.98651e-48
47 6 11 8 11 8.09233e-49
47 8 11 6 11 6.08257e-49
47 11 6 11 8 1.49862e-48
47 11 8 11 6 4.2938e-49
47 9 11 10 12 7.57579e-51
47 10 12 9 11 2.16624e-50
47 11 10 12 9 0.000125945
47 12 9 11 10 6.00818e-51
47 6 6 6 8 4.49836e-48
47 6 6 8 6 5.04064e-48
47 6 8 6 6 1.28886e-48
47 8 6 6 6 3.78878e-48
47 6 7 12 7 0.0801203
47 7 6 7 12 1.82749e-47
47 7 12 7 6 1.02063e-47
47 12 7 6 7 5.42149e-48
47 5 9 6 9 1.864e-49
47 6 9 5 9 4.18456e-49
47 9 5 9 6 1.96301e-48
47 9 6 9 5 3.79382e-48
47 9 12 10 12 1.62818e-48
47 10 12 9 12 1.26179e-48
47 12 9 12 10 0.00378429
47 12 10 12 9 0.0107603
47 4 4 7 7 4.50557e-47
47 4 7 7 4 1.48869e-47
47 7 4 4 7 3.82759e-47
47 7 7 4 4 1.26468e-47
47 4 4 12 9 0.000415636
47 4 12 9 4 7.66848e-50
47 9 4 4 12 3.04011e-50
47 12 9 4 4 8.86145e-51
47 8 12 12 10 0.00896027
47 10 8 12 12 0.00404744
47 12 10 8 12 2.36488e-48
47 12 12 10 8 1.13006e-48
47 4 7 7 6 9.48812e-48
47 6 4 7 7 1.9572e-47
47 7 6 4 7 2.99418e-47
47 7 7 6 4 1.23233e-47
47 4 4 5 6 2.60107e-47
47 4 5 6 4 2.65244e-47
47 5 6 4 4 6.33964e-48
47 6 4 4 5 1.86192e-47
47 6 7 6 12 2.4472e-48
47 6 12 6 7 5.07699e-48
47 7 6 12 6 0.0781567
47 12 6 7 6 2.77527e-48
47 4 10 10 6 3.47963e-47
47 6 4 10 10 1.18012e-47
47 10 6 4 10 4.47558e-48
47 10 10 6 4 1.12036e-47
47 4 10 7 6 3.03157e-47
47 6 4 10 7 3.0696e-47
47 7 6 4 10 1.57291e-47
47 10 7 6 4 4.79129e-48
47 4 11 12 9 2.76699e-05
47 9 4 11 12 1.32161e-50
47 11 12 9 4 7.41374e-51
47 12 9 4 11 3.17542e-51
47 4 12 12 10 0.0551474
47 10 4 12 12 0.0406641
47 12 10 4 12 4.87713e-48
47 12 12 10 4 3.99265e-48
47 7 11 8 12 8.52416e-51
47 8 12 7 11 1.24057e-50
47 11 8 12 7 4.88104e-05
47 12 7 11 8 6.22072e-51
47 4 12 8 8 5.55855e-48
47 8 4 12 8 0.0356451
47 8 8 4 12 9.55542e-49
47 12 8 8 4 1.12847e-48
47 4 12 7 12 1.02132e-47
47 7 12 4 12 8.67632e-48
47 12 4 12 7 0.0962141
47 12 7 12 4 0.0317902
47 6 10 9 11 8.58609e-48
47 9 11 6 10 4.83848e-49
47 10 9 11 6 7.69413e-49
47 11 6 10 9 1.41097e-48
47 9 9 12 12 0.00316345
47 9 12 12 9 0.00306814
47 12 9 9 12 3.51159e-49
47 12 12 9 9 3.4058e-49
47 7 12 8 10 6.16588e-48
47 8 10 7 12 7.13011e-48
47 10 7 12 8 0.0168436
47 12 8 10 7 2.56784e-48
47 4 7 8 7 1.47082e-47
47 7 4 7 8 1.42652e-47
47 7 8 7 4 5.01657e-48
47 8 7 4 7 4.92846e-48
47 5 10 9 10 3.88608e-48
47 9 10 5 10 5.31798e-48
47 10 5 10 9 2.23151e-48
47 10 9 10 5 2.48344e-48
47 4 5 4 11 1.89624e-47
47 4 11 4 5 5.54712e-48
47 5 4 11 4 6.84894e-48
47 11 4 5 4 7.6701e-48
47 5 8 12 11 0.00604025
47 8 12 11 5 3.3058e-48
47 11 5 8 12 2.03268e-48
47 12 11 5 8 4.84733e-49
47 6 6 12 7 0.112755
47 6 12 7 6 3.85899e-48
47 7 6 6 12 1.31673e-47
47 12 7 6 6 2.05395e-48
47 4 12 9 6 5.36711e-48
47 6 4 12 9 0.0198268
47 9 6 4 12 2.61154e-48
47 12 9 6 4 9.48214e-49
47 8 10 11 10 5.36181e-48
47 10 8 10 11 1.63437e-48
47 10 11 10 8 8.63413e-49
47 11 10 8 10 3.55855e-48
47 4 12 5 9 2.18401e-48
47 5 9 4 12 4.47172e-49
47 9 4 12 5 0.0421206
47 12 5 9 4 2.96934e-48
47 4 9 7 11 2.17527e-48
47 7 11 4 9 4.85746e-49
47 9 7 11 4 1.47252e-48
47 11 4 9 7 3.64712e-48
47 5 12 12 11 0.0125903
47 11 5 12 12 0.0166442
47 12 11 5 12 5.18348e-49
47 12 12 11 5 2.43688e-48
47 4 12 4 12 1.55897e-47
47 12 4 12 4 0.118064
47 4 10 9 11 1.79275e-47
47 9 11 4 10 4.50372e-49
47 10 9 11 4 1.09494e-48
47 11 4 10 9 1.63596e-48
47 4 6 4 11 1.15966e-47
47 4 11 4 6 1.7553e-48
47 6 4 11 4 7.81232e-48
47 11 4 6 4 3.89722e-48
47 4 9 9 11 2.3112e-48
47 9 9 11 4 7.61948e-49
47 9 11 4 9 1.65093e-49
47 11 4 9 9 8.82249e-49
47 6 12 9 9 6.46502e-49
47 9 6 12 9 0.00605473
47 9 9 6 12 4.06338e-49
47 12 9 9 6 3.87025e-49
47 6 11 10 7 2.30504e-48
47 7 6 11 10 7.71297e-48
47 10 7 6 11 1.93666e-48
47 11 10 7 6 3.30597e-48
47 4 8 6 8 3.75383e-48
47 6 8 4 8 1.67345e-48
47 8 4 8 6 6.86646e-48
47 8 6 8 4 8.4277e-48
47 4 9 6 12 1.73601e-48
47 6 12 4 9 7.50594e-49
47 9 6 12 4 0.0248206
47 12 4 9 6 2.24481e-48
48 4 9 11 12 0.0181058
48 9 11 12 4 7.09863e-47
48 11 12 4 9 5.95395e-05
48 12 4 9 11 0.000149944
48 4 12 8 11 5.08377e-46
48 8 11 4 12 2.12064e-46
48 11 4 12 8 9.44777e-05
48 12 8 11 4 0.0528065
48 6 8 9 11 0.000135772
48 8 9 11 6 0.0255972
48 9 11 6 8 7.30779e-47
48 11 6 8 9 1.27609e-47
48 6 6 9 9 6.77884e-07
48 6 9 9 6 9.33181e-06
48 9 6 6 9 8.88168e-07
48 9 9 6 6 1.22266e-05
48 4 6 7 12 0.00178941
48 6 7 12 4 0.00377428
48 7 12 4 6 0.00999652
48 12 4 6 7 0.0312626
48 5 12 8 6 1.87276e-45
48 6 5 12 8 0.0011253
48 8 6 5 12 0.00482954
48 12 8 6 5 0.0124389
48 4 6 9 11 0.000223009
48 6 9 11 4 0.0311951
48 9 11 4 6 1.0052e-46
48 11 4 6 9 0.000268823
48 7 12 8 9 2.46145e-46
48 8 9 7 12 0.000493327
48 9 7 12 8 6.24631e-05
48 12 8 9 7 0.00227455
48 5 10 7 9 0.000272442
48 7 9 5 10 0.000852874
48 9 5 10 7 0.00751515
48 10 7 9 5 0.000244575
48 6 11 8 11 9.99405e-90
48 8 11 6 11 9.82779e-47
48 11 6 11 8 0.00044617
48 11 8 11 6 0.00451749
48 9 11 10 12 1.87973e-48
48 10 12 9 11 5.14824e-07
48 11 10 12 9 1.22682e-06
48 12 9 11 10 2.10397e-05
48 6 6 6 8 0.000608347
48 6 6 8 6 4.21429e-46
48 6 8 6 6 0.00615954
48 8 6 6 6 0.00414418
48 6 7 12 7 0.00553654
48 7 6 7 12 0.00144954
48 7 12 7 6 0.0117559
48 12 7 6 7 0.0362569
48 5 9 6 9 0.000219611
48 6 9 5 9 0.000467077
48 9 5 9 6 0.000803802
48 9 6 9 5 0.000134003
48 9 12 10 12 0.00160396
48 10 12 9 12 0.000225302
48 12 9 12 10 8.5168e-05
48 12 10 12 9 0.000481899
48 4 4 7 7 0.013902
48 4 7 7 4 0.0109911
48 7 4 4 7 0.00957616
48 7 7 4 4 0.00757099
48 4 4 12 9 4.9924e-06
48 4 12 9 4 0.000122334
48 9 4 4 12 2.87339e-06
48 12 9 4 4 2.11764e-05
48 8 12 12 10 0.000150203
48 10 8 12 12 6.15469e-05
48 12 10 8 12 9.60686e-46
48 12 12 10 8 0.00175418
48 4 7 7 6 0.00781681
48 6 4 7 7 0.00493558
48 7 6 4 7 0.0038744
48 7 7 6 4 0.0324979
48 4 4 5 6 0.0341278
48 4 5 6 4 0.076309
48 5 6 4 4 0.000755012
48 6 4 4 5 0.00184959
48 6 7 6 12 0.00410824
48 6 12 6 7 0.0239741
48 7 6 12 6 0.00132059
48 12 6 7 6 0.0010384
48 4 10 10 6 0.0577774
48 6 4 10 10 0.000650901
48 10 6 4 10 1.12911e-05
48 10 10 6 4 0.00530811
48 4 10 7 6 0.0194464
48 6 4 10 7 0.0200372
48 7 6 4 10 0.000171974
48 10 7 6 4 0.00291549
48 4 11 12 9 3.46325e-49
48 9 4 11 12 2.21974e-05
48 11 12 9 4 5.27503e-06
48 12 9 4 11 6.20828e-07
48 4 12 12 10 0.000697991
48 10 4 12 12 0.000168855
48 12 10 4 12 0.00363099
48 12 12 10 4 0.0277207
48 7 11 8 12 7.6372e-91
48 8 12 7 11 1.75827e-06
48 11 8 12 7 2.88652e-06
48 12 7 11 8 3.84462e-05
48 4 12 8 8 9.11349e-46
48 8 4 12 8 0.000391585
48 8 8 4 12 0.000925398
48 12 8 8 4 1.50205e-45
48 4 12 7 12 0.00821135
48 7 12 4 12 0.00565624
48 12 4 12 7 0.00714347
48 12 7 12 4 0.00564769
48 6 10 9 11 0.000402512
48 9 11 6 10 2.81619e-47
48 10 9 11 6 0.00323761
48 11 6 10 9 8.62415e-05
48 9 9 12 12 0.000122502
48 9 12 12 9 7.21701e-05
48 12 9 9 12 0.000612287
48 12 12 9 9 0.00036072
48 7 12 8 10 2.94246e-46
48 8 10 7 12 0.00333683
48 10 7 12 8 5.94092e-05
48 12 8 10 7 0.0154011
48 4 7 8 7 5.94164e-45
48 7 4 7 8 0.00079575
48 7 8 7 4 0.0045835
48 8 7 4 7 0.00483257
48 5 10 9 10 0.000159261
48 9 10 5 10 0.000443795
48 10 5 10 9 0.00021646
48 10 9 10 5 0.000496767
48 4 5 4 11 0.00101319
48 4 11 4 5 7.02565e-46
48 5 4 11 4 0.0280249
48 11 4 5 4 0.00402248
48 5 8 12 11 4.75898e-05
48 8 12 11 5 0.039124
48 11 5 8 12 1.98589e-46
48 12 11 5 8 2.72294e-46
48 6 6 12 7 0.00172568
48 6 12 7 6 0.0046033
48 7 6 6 12 0.00472716
48 12 7 6 6 0.0157055
48 4 12 9 6 0.00955412
48 6 4 12 9 0.000194636
48 9 6 4 12 0.000127662
48 12 9 6 4 0.00998183
48 8 10 11 10 0.00614645
48 10 8 10 11 7.29698e-05
48 10 11 10 8 2.99764e-47
48 11 10 8 10 4.21818e-47
48 4 12 5 9 0.00343979
48 5 9 4 12 0.00022706
48 9 4 12 5 0.000276758
48 12 5 9 4 0.00472033
48 4 9 7 11 0.00020185
48 7 11 4 9 4.20111e-47
48 9 7 11 4 0.00939605
48 11 4 9 7 0.00061215
48 5 12 12 11 0.000112067
48 11 5 12 12 0.000340347
48 12 11 5 12 8.00523e-46
48 12 12 11 5 0.0446529
48 4 12 4 12 0.0128785
48 12 4 12 4 0.00898178
48 4 10 9 11 0.00102832
48 9 11 4 10 5.95072e-48
48 10 9 11 4 0.00412899
48 11 4 10 9 0.000193336
48 4 6 4 11 0.0001594
48 4 11 4 6 6.63014e-46
48 6 4 11 4 0.0368574
48 11 4 6 4 0.00248736
48 4 9 9 11 0.000261565
48 9 9 11 4 0.00746906
48 9 11 4 9 8.56447e-48
48 11 4 9 9 4.91254e-05
48 6 12 9 9 0.000272906
48 9 6 12 9 1.78046e-05
48 9 9 6 12 0.00060693
48 12 9 9 6 0.00122506
48 6 11 10 7 1.56789e-45
48 7 6 11 10 0.00149856
48 10 7 6 11 9.64125e-05
48 11 10 7 6 0.000945848
48 4 8 6 8 0.00439803
48 6 8 4 8 0.000363761
48 8 4 8 6 1.79874e-45
48 8 6 8 4 1.02327e-45
48 4 9 6 12 0.00547799
48 6 12 4 9 0.000266927
48 9 6 12 4 0.000225434
48 12 4 9 6 0.00198065
49 4 9 11 12 1.2671e-48
49 9 11 12 4 0.011562
49 11 12 4 9 1.19333e-47
49 12 4 9 11 1.69364e-48
49 4 12 8 11 3.53573e-48
49 8 11 4 12 2.33328e-48
49 11 4 12 8 2.11155e-47
49 12 8 11 4 6.1174e-48
49 6 8 9 11 8.12516e-49
49 8 9 11 6 1.64509e-48
49 9 11 6 8 0.0221535
49 11 6 8 9 8.96193e-48
49 6 6 9 9 3.5854e-50
49 6 9 9 6 1.15192e-50
49 9 6 6 9 0.000633318
49 9 9 6 6 0.000203473
49 4 6 7 12 1.66452e-47
49 6 7 12 4 3.71303e-47
49 7 12 4 6 1.70203e-47
49 12 4 6 7 5.27598e-47
49 5 12 8 6 2.06205e-47
49 6 5 12 8 1.20433e-47
49 8 6 5 12 8.02391e-48
49 12 8 6 5 9.74162e-48
49 4 6 9 11 1.10725e-48
49 6 9 11 4 5.26847e-48
49 9 11 4 6 0.0144274
49 11 4 6 9 3.49824e-47
49 7 12 8 9 9.91103e-48
49 8 9 7 12 4.20308e-48
49 9 7 12 8 0.0820259
49 12 8 9 7 2.51673e-48
49 5 10 7 9 4.56514e-47
49 7 9 5 10 3.0468e-48
49 9 5 10 7 0.147553
49 10 7 9 5 1.36411e-47
49 6 11 8 11 3.32613e-49
49 8 11 6 11 3.81123e-49
49 11 6 11 8 3.45916e-48
49 11 8 11 6 1.40343e-48
49 9 11 10 12 0.000203883
49 10 12 9 11 2.58294e-50
49 11 10 12 9 1.19229e-49
49 12 9 11 10 2.0503e-50
49 6 6 6 8 1.0388e-47
49 6 6 8 6 4.62628e-48
49 6 8 6 6 4.21458e-48
49 8 6 6 6 5.30101e-48
49 6 7 12 7 3.29917e-47
49 7 6 7 12 2.01127e-47
49 7 12 7 6 2.57613e-47
49 12 7 6 7 5.02575e-47
49 5 9 6 9 6.27005e-48
49 6 9 5 9 2.72728e-48
49 9 5 9 6 0.0147291
49 9 6 9 5 0.0192772
49 9 12 10 12 0.0997843
49 10 12 9 12 6.1808e-48
49 12 9 12 10 1.83264e-48
49 12 10 12 9 8.09487e-48
49 4 4 7 7 8.99145e-47
49 4 7 7 4 9.63942e-47
49 7 4 4 7 7.17806e-47
49 7 7 4 4 7.69535e-47
49 4 4 12 9 1.7588e-49
49 4 12 9 4 1.1316e-49
49 9 4 4 12 0.00195532
49 12 9 4 4 9.53203e-50
49 8 12 12 10 3.98428e-48
49 10 8 12 12 2.67947e-48
49 12 10 8 12 5.86868e-48
49 12 12 10 8 1.17776e-47
49 4 7 7 6 3.17768e-47
49 6 4 7 7 8.76147e-47
49 7 6 4 7 2.22454e-47
49 7 7 6 4 6.36594e-47
49 4 4 5 6 1.33888e-47
49 4 5 6 4 2.14607e-47
49 5 6 4 4 3.40855e-47
49 6 4 4 5 3.51928e-47
49 6 7 6 12 1.68411e-47
49 6 12 6 7 1.89156e-47
49 7 6 12 6 3.05206e-48
49 12 6 7 6 6.85999e-48
49 4 10 10 6 1.87244e-47
49 6 4 10 10 4.14861e-47
49 10 6 4 10 1.70047e-47
49 10 10 6 4 6.05567e-47
49 4 10 7 6 2.63356e-47
49 6 4 10 7 8.5118e-47
49 7 6 4 10 1.4815e-47
49 10 7 6 4 9.98411e-47
49 4 11 12 9 6.31414e-51
49 9 4 11 12 0.000359828
49 11 12 9 4 4.91937e-50
49 12 9 4 11 5.81247e-51
49 4 12 12 10 8.21685e-48
49 10 4 12 12 2.18535e-47
49 12 10 4 12 1.63356e-47
49 12 12 10 4 3.66373e-47
49 7 11 8 12 7.55315e-51
49 8 12 7 11 2.6118e-50
49 11 8 12 7 2.58758e-50
49 12 7 11 8 5.52446e-50
49 4 12 8 8 1.54804e-47
49 8 4 12 8 1.95604e-47
49 8 8 4 12 6.61825e-48
49 12 8 8 4 9.91841e-48
49 4 12 7 12 2.95991e-47
49 7 12 4 12 2.36296e-47
49 12 4 12 7 3.29039e-47
49 12 7 12 4 3.52751e-47
49 6 10 9 11 1.9594e-48
49 9 11 6 10 0.0152734
49 10 9 11 6 2.408e-48
49 11 6 10 9 1.37382e-47
49 9 9 12 12 0.0136526
49 9 12 12 9 0.0544288
49 12 9 9 12 1.17741e-48
49 12 12 9 9 4.69398e-48
49 7 12 8 10 1.33377e-47
49 8 10 7 12 2.49842e-47
49 10 7 12 8 2.8208e-47
49 12 8 10 7 1.39725e-47
49 4 7 8 7 3.32998e-47
49 7 4 7 8 6.43838e-47
49 7 8 7 4 2.45568e-47
49 8 7 4 7 4.4945e-47
49 5 10 9 10 8.76791e-48
49 9 10 5 10 0.0673658
49 10 5 10 9 2.04805e-47
49 10 9 10 5 8.61184e-48
49 4 5 4 11 3.07527e-48
49 4 11 4 5 2.52058e-48
49 5 4 11 4 3.93469e-47
49 11 4 5 4 3.43238e-47
49 5 8 12 11 1.03227e-48
49 8 12 11 5 4.32141e-48
49 11 5 8 12 4.51187e-48
49 12 11 5 8 1.05579e-48
49 6 6 12 7 9.5899e-48
49 6 12 7 6 1.85613e-47
49 7 6 6 12 9.82144e-48
49 12 7 6 6 1.66593e-47
49 4 12 9 6 4.09646e-48
49 6 4 12 9 1.882e-47
49 9 6 4 12 0.0665436
49 12 9 6 4 8.65913e-48
49 8 10 11 10 6.80653e-48
49 10 8 10 11 3.40182e-48
49 10 11 10 8 5.25095e-48
49 11 10 8 10 1.19131e-47
49 4 12 5 9 6.97644e-48
49 5 9 4 12 4.73887e-48
49 9 4 12 5 0.0727855
49 12 5 9 4 4.5088e-48
49 4 9 7 11 1.3958e-48
49 7 11 4 9 2.17201e-48
49 9 7 11 4 0.109999
49 11 4 9 7 1.16496e-47
49 5 12 12 11 2.145e-48
49 11 5 12 12 2.99549e-48
49 12 11 5 12 6.94914e-49
49 12 12 11 5 3.81423e-48
49 4 12 4 12 3.6069e-47
49 12 4 12 4 6.83012e-47
49 4 10 9 11 1.82383e-48
49 9 11 4 10 0.016746
49 10 9 11 4 6.62532e-48
49 11 4 10 9 4.02074e-47
49 4 6 4 11 2.10693e-48
49 4 11 4 6 1.31946e-48
49 6 4 11 4 1.99924e-47
49 11 4 6 4 4.0095e-47
49 4 9 9 11 5.27885e-49
49 9 9 11 4 0.0331465
49 9 11 4 9 0.0214091
49 11 4 9 9 1.246e-47
49 6 12 9 9 5.59346e-48
49 9 6 12 9 0.0346514
49 9 9 6 12 0.0247829
49 12 9 9 6 9.60104e-49
49 6 11 10 7 3.44685e-48
49 7 6 11 10 3.07526e-48
49 10 7 6 11 6.86733e-48
49 11 10 7 6 1.2914e-47
49 4 8 6 8 1.20163e-47
49 6 8 4 8 1.41541e-47
49 8 4 8 6 2.11634e-47
49 8 6 8 4 1.98957e-47
49 4 9 6 12 3.10152e-48
49 6 12 4 9 1.45647e-47
49 9 6 12 4 0.0543468
49 12 4 9 6 4.98554e-48
50 4 9 11 12 6.22721e-46
50 9 11 12 4 1.88082e-46
50 11 12 4 9 7.40356e-47
50 12 4 9 11 0.00685913
50 4 12 8 11 0.0040734
50 8 11 4 12 5.58533e-46
50 11 4 12 8 9.09218e-88
50 12 8 11 4 0.00112517
50 6 8 9 11 0.000980173
50 8 9 11 6 2.15271e-45
50 9 11 6 8 3.49562e-88
50 11 6 8 9 6.4129e-46
50 6 6 9 9 5.81331e-06
50 6 9 9 6 1.37939e-48
50 9 6 6 9 6.92122e-05
50 9 9 6 6 1.64228e-47
50 4 6 7 12 0.00386687
50 6 7 12 4 1.12258e-45
50 7 12 4 6 0.0021119
50 12 4 6 7 0.0554216
50 5 12 8 6 0.00460357
50 6 5 12 8 4.75864e-45
50 8 6 5 12 0.00825575
50 12 8 6 5 0.0228722
50 4 6 9 11 0.00309135
50 6 9 11 4 4.36862e-46
50 9 11 4 6 1.44808e-45
50 11 4 6 9 5.09332e-45
50 7 12 8 9 0.000442979
50 8 9 7 12 1.64093e-46
50 9 7 12 8 3.12645e-88
50 12 8 9 7 0.000135796
50 5 10 7 9 0.00547238
50 7 9 5 10 5.5913e-46
50 9 5 10 7 0.00427925
50 10 7 9 5 3.24358e-45
50 6 11 8 11 2.48637e-45
50 8 11 6 11 4.05597e-45
50 11 6 11 8 2.35966e-88
50 11 8 11 6 5.92987e-46
50 9 11 10 12 5.05685e-48
50 10 12 9 11 2.56434e-05
50 11 10 12 9 1.32281e-47
50 12 9 11 10 1.39005e-47
50 6 6 6 8 2.58324e-45
50 6 6 8 6 0.00991079
50 6 8 6 6 0.00649172
50 8 6 6 6 0.0161673
50 6 7 12 7 4.39698e-45
50 7 6 7 12 0.00367209
50 7 12 7 6 0.00171884
50 12 7 6 7 5.99008e-45
50 5 9 6 9 1.21925e-45
50 6 9 5 9 6.27404e-46
50 9 5 9 6 0.00105373
50 9 6 9 5 0.00147938
50 9 12 10 12 0.000448726
50 10 12 9 12 0.00036594
50 12 9 12 10 7.54583e-46
50 12 10 12 9 0.0084838
50 4 4 7 7 0.0137257
50 4 7 7 4 3.7875e-46
50 7 4 4 7 0.016015
50 7 7 4 4 4.41921e-46
50 4 4 12 9 0.000229923
50 4 12 9 4 3.17294e-07
50 9 4 4 12 0.000101201
50 12 9 4 4 1.61917e-48
50 8 12 12 10 0.00060115
50 10 8 12 12 0.00452838
50 12 10 8 12 0.00286126
50 12 12 10 8 1.18347e-46
50 4 7 7 6 2.70943e-45
50 6 4 7 7 0.0157344
50 7 6 4 7 0.00477522
50 7 7 6 4 9.69243e-46
50 4 4 5 6 0.0520851
50 4 5 6 4 0.00422279
50 5 6 4 4 0.00220509
50 6 4 4 5 0.0743427
50 6 7 6 12 2.67625e-45
50 6 12 6 7 0.00189222
50 7 6 12 6 0.011343
50 12 6 7 6 0.00692218
50 4 10 10 6 0.0115603
50 6 4 10 10 0.0166599
50 10 6 4 10 0.0219907
50 10 10 6 4 0.0179866
50 4 10 7 6 0.0113683
50 6 4 10 7 0.0218628
50 7 6 4 10 0.0049721
50 10 7 6 4 5.8575e-45
50 4 11 12 9 5.14329e-48
50 9 4 11 12 0.000107851
50 11 12 9 4 2.03792e-50
50 12 9 4 11 1.15439e-47
50 4 12 12 10 0.0014491
50 10 4 12 12 0.104517
50 12 10 4 12 0.00588071
50 12 12 10 4 0.000286113
50 7 11 8 12 2.24939e-48
50 8 12 7 11 1.0221e-05
50 11 8 12 7 1.34884e-48
50 12 7 11 8 4.19815e-90
50 4 12 8 8 1.96274e-46
50 8 4 12 8 4.87723e-45
50 8 8 4 12 0.000898448
50 12 8 8 4 0.000426637
50 4 12 7 12 0.000807418
50 7 12 4 12 0.000942086
50 12 4 12 7 0.0458509
50 12 7 12 4 1.26522e-45
50 6 10 9 11 0.0038424
50 9 11 6 10 1.29084e-45
50 10 9 11 6 1.11537e-44
50 11 6 10 9 5.5825e-46
50 9 9 12 12 4.69685e-46
50 9 12 12 9 0.00092654
50 12 9 9 12 5.37434e-47
50 12 12 9 9 0.000106019
50 7 12 8 10 0.000711858
50 8 10 7 12 0.00296472
50 10 7 12 8 2.82482e-87
50 12 8 10 7 0.00150452
50 4 7 8 7 1.45267e-45
50 7 4 7 8 2.25468e-45
50 7 8 7 4 0.000236168
50 8 7 4 7 1.23858e-45
50 5 10 9 10 0.000899507
50 9 10 5 10 0.00551086
50 10 5 10 9 0.0204323
50 10 9 10 5 6.80664e-45
50 4 5 4 11 0.0266852
50 4 11 4 5 2.8202e-45
50 5 4 11 4 0.0153213
50 11 4 5 4 9.091e-46
50 5 8 12 11 0.0100859
50 8 12 11 5 0.00434334
50 11 5 8 12 4.6718e-46
50 12 11 5 8 2.11792e-88
50 6 6 12 7 0.0108378
50 6 12 7 6 0.00185383
50 7 6 6 12 0.00884125
50 12 7 6 6 9.7745e-45
50 4 12 9 6 0.000249253
50 6 4 12 9 0.0289435
50 9 6 4 12 0.00331365
50 12 9 6 4 3.89973e-46
50 8 10 11 10 0.00859801
50 10 8 10 11 0.021081
50 10 11 10 8 6.3147e-88
50 11 10 8 10 6.07759e-46
50 4 12 5 9 0.000815493
50 5 9 4 12 4.1989e-46
50 9 4 12 5 0.052982
50 12 5 9 4 0.000179985
50 4 9 7 11 1.06807e-45
50 7 11 4 9 3.95352e-46
50 9 7 11 4 5.36515e-46
50 11 4 9 7 1.88307e-46
50 5 12 12 11 0.00670036
50 11 5 12 12 8.05472e-46
50 12 11 5 12 7.55381e-46
50 12 12 11 5 0.00625374
50 4 12 4 12 0.00182976
50 12 4 12 4 0.0215908
50 4 10 9 11 0.00304016
50 9 11 4 10 5.33819e-46
50 10 9 11 4 1.41418e-45
50 11 4 10 9 1.69814e-45
50 4 6 4 11 0.0152635
50 4 11 4 6 1.14898e-45
50 6 4 11 4 0.00877162
50 11 4 6 4 1.01144e-45
50 4 9 9 11 2.89504e-46
50 9 9 11 4 2.69288e-46
50 9 11 4 9 5.71525e-46
50 11 4 9 9 2.63703e-46
50 6 12 9 9 0.000106492
50 9 6 12 9 0.0050235
50 9 9 6 12 6.42714e-46
50 12 9 9 6 1.36392e-46
50 6 11 10 7 5.51657e-46
50 7 6 11 10 0.00597695
50 10 7 6 11 4.71062e-44
50 11 10 7 6 8.23616e-46
50 4 8 6 8 9.32889e-46
50 6 8 4 8 4.87593e-46
50 8 4 8 6 0.034269
50 8 6 8 4 0.00142837
50 4 9 6 12 6.97833e-46
50 6 12 4 9 0.00071951
50 9 6 12 4 0.00136509
50 12 4 9 6 0.00374747
51 4 9 11 12 0.0441462
51 9 11 12 4 5.75992e-48
51 11 12 4 9 4.9103e-48
51 12 4 9 11 3.27987e-48
51 4 12 8 11 8.23205e-48
51 8 11 4 12 1.617e-47
51 11 4 12 8 1.15739e-47
51 12 8 11 4 0.173449
51 6 8 9 11 1.09504e-47
51 8 9 11 6 0.0341012
51 9 11 6 8 1.4608e-47
51 11 6 8 9 9.06797e-48
51 6 6 9 9 1.0202e-49
51 6 9 9 6 4.33701e-50
51 9 6 6 9 4.84156e-50
51 9 9 6 6 2.05822e-50
51 4 6 7 12 2.39294e-47
51 6 7 12 4 2.76632e-47
51 7 12 4 6 7.33069e-48
51 12 4 6 7 3.12216e-47
51 5 12 8 6 1.24407e-47
51 6 5 12 8 7.80775e-47
51 8 6 5 12 2.13427e-47
51 12 8 6 5 1.60504e-47
51 4 6 9 11 7.80442e-48
51 6 9 11 4 0.0784075
51 9 11 4 6 9.90204e-48
51 11 4 6 9 1.02963e-47
51 7 12 8 9 3.844e-48
51 8 9 7 12 2.90953e-48
51 9 7 12 8 6.3034e-48
51 12 8 9 7 1.68042e-47
51 5 10 7 9 6.84979e-48
51 7 9 5 10 4.64706e-48
51 9 5 10 7 4.01118e-47
51 10 7 9 5 7.50426e-48
51 6 11 8 11 9.63652e-48
51 8 11 6 11 5.4296e-48
51 11 6 11 8 0.0694774
51 11 8 11 6 0.0682606
51 9 11 10 12 1.65327e-49
51 10 12 9 11 5.28578e-50
51 11 10 12 9 5.54793e-50
51 12 9 11 10 0.000522224
51 6 6 6 8 1.89785e-47
51 6 6 8 6 1.18737e-47
51 6 8 6 6 1.86461e-47
51 8 6 6 6 6.69012e-48
51 6 7 12 7 5.65616e-47
51 7 6 7 12 1.15504e-47
51 7 12 7 6 8.85777e-48
51 12 7 6 7 4.81633e-47
51 5 9 6 9 3.54263e-48
51 6 9 5 9 8.27204e-48
51 9 5 9 6 7.48551e-48
51 9 6 9 5 1.83933e-48
51 9 12 10 12 6.29462e-48
51 10 12 9 12 7.24754e-48
51 12 9 12 10 3.82185e-48
51 12 10 12 9 5.42807e-48
51 4 4 7 7 4.37477e-47
51 4 7 7 4 3.30063e-47
51 7 4 4 7 1.74759e-47
51 7 7 4 4 1.3185e-47
51 4 4 12 9 1.3786e-49
51 4 12 9 4 1.10691e-49
51 9 4 4 12 5.81189e-50
51 12 9 4 4 5.5119e-50
51 8 12 12 10 3.4183e-48
51 10 8 12 12 9.0458e-48
51 12 10 8 12 4.0673e-48
51 12 12 10 8 1.10032e-47
51 4 7 7 6 2.68978e-47
51 6 4 7 7 4.12667e-47
51 7 6 4 7 1.62489e-47
51 7 7 6 4 1.28478e-47
51 4 4 5 6 2.37389e-47
51 4 5 6 4 4.67922e-47
51 5 6 4 4 1.12289e-47
51 6 4 4 5 9.75534e-48
51 6 7 6 12 1.86662e-47
51 6 12 6 7 2.16475e-47
51 7 6 12 6 4.29737e-48
51 12 6 7 6 8.86767e-48
51 4 10 10 6 1.63975e-47
51 6 4 10 10 2.75522e-47
51 10 6 4 10 1.43654e-47
51 10 10 6 4 1.03711e-47
51 4 10 7 6 1.4286e-47
51 6 4 10 7 6.47211e-47
51 7 6 4 10 9.45182e-48
51 10 7 6 4 2.66815e-47
51 4 11 12 9 1.04766e-49
51 9 4 11 12 0.000234393
51 11 12 9 4 2.75253e-50
51 12 9 4 11 1.32933e-50
51 4 12 12 10 1.29247e-47
51 10 4 12 12 1.24498e-47
51 12 10 4 12 8.38807e-48
51 12 12 10 4 1.69757e-47
51 7 11 8 12 5.17426e-50
51 8 12 7 11 1.96179e-50
51 11 8 12 7 9.59207e-50
51 12 7 11 8 0.000863098
51 4 12 8 8 1.83745e-47
51 8 4 12 8 1.02234e-47
51 8 8 4 12 1.28398e-47
51 12 8 8 4 1.73195e-47
51 4 12 7 12 2.3356e-47
51 7 12 4 12 9.33e-48
51 12 4 12 7 2.96616e-47
51 12 7 12 4 2.23788e-47
51 6 10 9 11 4.62475e-48
51 9 11 6 10 1.00391e-47
51 10 9 11 6 0.0484075
51 11 6 10 9 1.32733e-47
51 9 9 12 12 1.92861e-48
51 9 12 12 9 3.47909e-48
51 12 9 9 12 3.46047e-48
51 12 12 9 9 6.24249e-48
51 7 12 8 10 6.30394e-48
51 8 10 7 12 6.77678e-48
51 10 7 12 8 2.31542e-47
51 12 8 10 7 5.36107e-47
51 4 7 8 7 4.43601e-47
51 7 4 7 8 1.09649e-47
51 7 8 7 4 1.22912e-47
51 8 7 4 7 2.41957e-47
51 5 10 9 10 4.50392e-48
51 9 10 5 10 4.99091e-48
51 10 5 10 9 4.26248e-47
51 10 9 10 5 4.45254e-48
51 4 5 4 11 2.25141e-47
51 4 11 4 5 1.52784e-47
51 5 4 11 4 0.094684
51 11 4 5 4 1.40818e-47
51 5 8 12 11 4.76684e-48
51 8 12 11 5 0.0243581
51 11 5 8 12 1.46124e-47
51 12 11 5 8 2.66422e-47
51 6 6 12 7 3.04593e-47
51 6 12 7 6 1.5466e-47
51 7 6 6 12 8.32217e-48
51 12 7 6 6 1.7151e-47
51 4 12 9 6 9.90575e-48
51 6 4 12 9 1.42803e-47
51 9 6 4 12 5.93413e-48
51 12 9 6 4 5.89798e-48
51 8 10 11 10 0.0449492
51 10 8 10 11 1.43956e-47
51 10 11 10 8 4.04657e-47
51 11 10 8 10 5.08123e-48
51 4 12 5 9 1.35903e-47
51 5 9 4 12 3.12332e-48
51 9 4 12 5 1.85196e-48
51 12 5 9 4 1.54295e-47
51 4 9 7 11 3.09158e-48
51 7 11 4 9 8.02311e-48
51 9 7 11 4 0.0512031
51 11 4 9 7 9.10851e-48
51 5 12 12 11 2.75255e-48
51 11 5 12 12 1.28975e-47
51 12 11 5 12 1.97094e-47
51 12 12 11 5 0.0324915
51 4 12 4 12 3.56513e-47
51 12 4 12 4 2.67568e-47
51 4 10 9 11 4.44686e-48
51 9 11 4 10 9.34455e-48
51 10 9 11 4 0.0538769
51 11 4 10 9 1.2948e-47
51 4 6 4 11 6.62159e-48
51 4 11 4 6 1.82872e-47
51 6 4 11 4 0.112336
51 11 4 6 4 7.15505e-48
51 4 9 9 11 3.28476e-48
51 9 9 11 4 0.0252348
51 9 11 4 9 9.8035e-48
51 11 4 9 9 6.98265e-48
51 6 12 9 9 8.73582e-48
51 9 6 12 9 4.03534e-48
51 9 9 6 12 2.29818e-48
51 12 9 9 6 3.07807e-48
51 6 11 10 7 5.54793e-47
51 7 6 11 10 0.0429978
51 10 7 6 11 7.25847e-48
51 11 10 7 6 4.00713e-48
51 4 8 6 8 4.47924e-47
51 6 8 4 8 4.33612e-47
51 8 4 8 6 1.02008e-47
51 8 6 8 4 1.16386e-47
51 4 9 6 12 5.80791e-48
51 6 12 4 9 1.01424e-47
51 9 6 12 4 3.83731e-48
51 12 4 9 6 6.03465e-48
52 4 9 11 12 0.00142404
52 9 11 12 4 0.00266109
52 11 12 4 9 0.0130203
52 12 4 9 11 6.49019e-47
52 4 12 8 11 9.65888e-46
52 8 11 4 12 0.00554064
52 11 4 12 8 0.000413919
52 12 8 11 4 0.00964297
52 6 8 9 11 8.77691e-45
52 8 9 11 6 0.00221946
52 9 11 6 8 0.0043848
52 11 6 8 9 0.0108248
52 6 6 9 9 5.39172e-05
52 6 9 9 6 0.000304494
52 9 6 6 9 4.18186e-06
52 9 9 6 6 2.36168e-05
52 4 6 7 12 0.000193805
52 6 7 12 4 0.0104652
52 7 12 4 6 0.00222588
52 12 4 6 7 9.22888e-05
52 5 12 8 6 0.0074376
52 6 5 12 8 0.00563357
52 8 6 5 12 0.000298526
52 12 8 6 5 4.28308e-45
52 4 6 9 11 3.07492e-46
52 6 9 11 4 0.0146381
52 9 11 4 6 0.0112074
52 11 4 6 9 0.00134059
52 7 12 8 9 0.00409742
52 8 9 7 12 0.000647756
52 9 7 12 8 0.000863113
52 12 8 9 7 0.00600838
52 5 10 7 9 1.25045e-47
52 7 9 5 10 0.0102006
52 9 5 10 7 0.00115611
52 10 7 9 5 6.63127e-45
52 6 11 8 11 6.63809e-45
52 8 11 6 11 4.72485e-46
52 11 6 11 8 0.000431055
52 11 8 11 6 0.00696234
52 9 11 10 12 6.13642e-05
52 10 12 9 11 1.40096e-47
52 11 10 12 9 2.82686e-49
52 12 9 11 10 6.11971e-05
52 6 6 6 8 0.000808221
52 6 6 8 6 0.00239652
52 6 8 6 6 0.0130543
52 8 6 6 6 0.000170579
52 6 7 12 7 0.00248918
52 7 6 7 12 9.15867e-05
52 7 12 7 6 0.00053404
52 12 7 6 7 0.00185691
52 5 9 6 9 0.0193769
52 6 9 5 9 0.0637132
52 9 5 9 6 0.00166456
52 9 6 9 5 1.0503e-46
52 9 12 10 12 0.000575286
52 10 12 9 12 0.00234338
52 12 9 12 10 0.00583425
52 12 10 12 9 1.02547e-47
52 4 4 7 7 7.30193e-05
52 4 7 7 4 0.0061769
52 7 4 4 7 0.000143824
52 7 7 4 4 0.0121665
52 4 4 12 9 5.25498e-06
52 4 12 9 4 5.94703e-05
52 9 4 4 12 9.42616e-07
52 12 9 4 4 0.000379057
52 8 12 12 10 0.000256309
52 10 8 12 12 0.00347368
52 12 10 8 12 4.57304e-48
52 12 12 10 8 0.00296103
52 4 7 7 6 0.00342407
52 6 4 7 7 9.95701e-05
52 7 6 4 7 0.000302211
52 7 7 6 4 0.00367296
52 4 4 5 6 0.000540083
52 4 5 6 4 0.00447554
52 5 6 4 4 0.0028123
52 6 4 4 5 3.36506e-46
52 6 7 6 12 0.00196805
52 6 12 6 7 0.000514221
52 7 6 12 6 0.000129768
52 12 6 7 6 0.000221997
52 4 10 10 6 3.14319e-47
52 6 4 10 10 0.0020549
52 10 6 4 10 0.00451877
52 10 10 6 4 2.44281e-47
52 4 10 7 6 6.08837e-48
52 6 4 10 7 0.00070239
52 7 6 4 10 0.0012081
52 10 7 6 4 0.0187721
52 4 11 12 9 0.000102332
52 9 4 11 12 8.10287e-08
52 11 12 9 4 4.52703e-05
52 12 9 4 11 1.87176e-47
52 4 12 12 10 0.00130807
52 10 4 12 12 0.000150329
52 12 10 4 12 7.50337e-48
52 12 12 10 4 0.00784557
52 7 11 8 12 2.94484e-05
52 8 12 7 11 2.69405e-49
52 11 8 12 7 2.17959e-05
52 12 7 11 8 1.14589e-05
52 4 12 8 8 0.00613122
52 8 4 12 8 8.84876e-05
52 8 8 4 12 0.00546027
52 12 8 8 4 0.0567809
52 4 12 7 12 0.000528128
52 7 12 4 12 0.00104024
52 12 4 12 7 7.85779e-05
52 12 7 12 4 0.00664712
52 6 10 9 11 5.08957e-90
52 9 11 6 10 0.00413733
52 10 9 11 6 0.0102462
52 11 6 10 9 0.0112584
52 9 9 12 12 0.000728249
52 9 12 12 9 0.000751916
52 12 9 9 12 0.00700444
52 12 12 9 9 0.00723207
52 7 12 8 10 0.00282757
52 8 10 7 12 7.85697e-49
52 10 7 12 8 0.00850099
52 12 8 10 7 0.0145278
52 4 7 8 7 0.0061132
52 7 4 7 8 8.96862e-05
52 7 8 7 4 0.00549104
52 8 7 4 7 0.00196541
52 5 10 9 10 2.05329e-47
52 9 10 5 10 5.23645e-48
52 10 5 10 9 0.0537974
52 10 9 10 5 1.91702e-44
52 4 5 4 11 1.4231e-45
52 4 11 4 5 9.34199e-45
52 5 4 11 4 0.000223658
52 11 4 5 4 0.00144178
52 5 8 12 11 9.55114e-46
52 8 12 11 5 5.79121e-47
52 11 5 8 12 0.00433549
52 12 11 5 8 0.0150905
52 6 6 12 7 0.000232255
52 6 12 7 6 0.0013768
52 7 6 6 12 0.000102964
52 12 7 6 6 0.00386658
52 4 12 9 6 0.00362015
52 6 4 12 9 0.000786894
52 9 6 4 12 0.000217504
52 12 9 6 4 0.0125664
52 8 10 11 10 1.79053e-48
52 10 8 10 11 1.45753e-44
52 10 11 10 8 0.0938823
52 11 10 8 10 4.93181e-47
52 4 12 5 9 0.00544873
52 5 9 4 12 0.00724938
52 9 4 12 5 1.10261e-47
52 12 5 9 4 0.00637099
52 4 9 7 11 7.61536e-46
52 7 11 4 9 0.0276326
52 9 7 11 4 0.000924322
52 11 4 9 7 0.000276196
52 5 12 12 11 1.0942e-46
52 11 5 12 12 0.000845337
52 12 11 5 12 0.0047888
52 12 12 11 5 1.18345e-46
52 4 12 4 12 0.00405998
52 12 4 12 4 0.000609324
52 4 10 9 11 3.38532e-90
52 9 11 4 10 0.0124302
52 10 9 11 4 0.0167648
52 11 4 10 9 0.0048597
52 4 6 4 11 2.21395e-46
52 4 11 4 6 0.0230333
52 6 4 11 4 0.000250115
52 11 4 6 4 0.000490354
52 4 9 9 11 4.80184e-45
52 9 9 11 4 0.00292853
52 9 11 4 9 0.0309904
52 11 4 9 9 0.00345794
52 6 12 9 9 0.0128901
52 9 6 12 9 0.000312374
52 9 9 6 12 0.000968297
52 12 9 9 6 0.0169676
52 6 11 10 7 0.0154284
52 7 6 11 10 0.000117142
52 10 7 6 11 1.04559e-45
52 11 10 7 6 5.22779e-48
52 4 8 6 8 0.0185694
52 6 8 4 8 0.083876
52 8 4 8 6 0.000466913
52 8 6 8 4 0.00176987
52 4 9 6 12 0.00272317
52 6 12 4 9 0.0127
52 9 6 12 4 0.000156352
52 12 4 9 6 0.000396726
53 1 0 2 11 0.0281678
53 3 0 3 9 0.104694
53 2 0 1 7 0.0277731
53 1 0 1 9 0.0485029
53 1 0 3 11 0.0595651
53 1 0 1 12 0.0373926
53 3 0 2 9 0.00945975
53 3 0 3 12 0.0512065
53 3 0 3 5 0.0782584
53 3 0 3 8 0.10371
53 2 0 3 11 0.0737281
53 1 0 3 8 0.0514274
53 3 0 1 9 0.0231366
53 1 0 2 9 0.011186
53 2 0 2 4 0.0191274
53 2 0 1 11 0.0618217
53 1 0 2 8 0.0182438
53 2 0 3 7 0.037309
53 3 0 1 8 0.0347206
53 3 0 2 11 0.0281871
53 1 0 1 7 0.0247811
53 3 0 2 8 0.0157762
53 3 0 2 12 0.0132069
53 1 0 1 6 0.0386186
54 2 11 1 0 0.0251632
54 3 9 3 0 0.220243
54 1 7 2 0 2.16073e-44
54 1 9 1 0 0.0910961
54 3 11 1 0 0.0315856
54 1 12 1 0 0.0813595
54 2 9 3 0 0.0335257
54 3 12 3 0 0.124795
54 3 5 3 0 1.49395e-44
54 3 8 3 0 4.63858e-44
54 3 11 2 0 0.0577763
54 3 8 1 0 1.85834e-44
54 1 9 3 0 0.0537857
54 2 9 1 0 0.0320286
54 2 4 2 0 0.0723678
54 1 11 2 0 0.0535357
54 2 8 1 0 1.11061e-44
54 3 7 2 0 2.62667e-44
54 1 8 3 0 1.71608e-44
54 2 11 3 0 0.0311673
54 1 7 1 0 1.3046e-44
54 2 8 3 0 1.18873e-44
54 2 12 3 0 0.0542236
54 1 6 1 0 0.0373468
55 4 9 11 12 1.99316e-48
55 9 11 12 4 6.38809e-49
55 11 12 4 9 3.96856e-48
55 12 4 9 11 5.70298e-48
55 4 12 8 11 1.27514e-47
55 8 11 4 12 3.66983e-48
55 11 4 12 8 2.70652e-48
55 12 8 11 4 2.36677e-48
55 6 8 9 11 9.11798e-48
55 8 9 11 6 4.15173e-49
55 9 11 6 8 5.16154e-47
55 11 6 8 9 1.16265e-48
55 6 6 9 9 5.78552e-50
55 6 9 9 6 2.15827e-51
55 9 6 6 9 3.53957e-49
55 9 9 6 6 1.32043e-50
55 4 6 7 12 2.88033e-48
55 6 7 12 4 2.31704e-48
55 7 12 4 6 3.59808e-48
55 12 4 6 7 4.48075e-47
55 5 12 8 6 2.42254e-49
55 6 5 12 8 9.42443e-47
55 8 6 5 12 1.60057e-48
55 12 8 6 5 2.69556e-47
55 4 6 9 11 6.45585e-48
55 6 9 11 4 1.9426e-48
55 9 11 4 6 3.77067e-48
55 11 4 6 9 4.65577e-48
55 7 12 8 9 5.34953e-48
55 8 9 7 12 3.82975e-49
55 9 7 12 8 1.78121e-47
55 12 8 9 7 2.26348e-48
55 5 10 7 9 0.0655526
55 7 9 5 10 9.77217e-93
55 9 5 10 7 2.20508e-47
55 10 7 9 5 2.65236e-48
55 6 11 8 11 1.32319e-47
55 8 11 6 11 1.18306e-47
55 11 6 11 8 2.33621e-48
55 11 8 11 6 8.99011e-50
55 9 11 10 12 4.38912e-50
55 10 12 9 11 1.19533e-49
55 11 10 12 9 0.000314409
55 12 9 11 10 2.96125e-94
55 6 6 6 8 6.77592e-47
55 6 6 8 6 7.05483e-49
55 6 8 6 6 2.60748e-48
55 8 6 6 6 6.30773e-49
55 6 7 12 7 2.66482e-47
55 7 6 7 12 2.88005e-48
55 7 12 7 6 8.54191e-49
55 12 7 6 7 5.41415e-47
55 5 9 6 9 7.75015e-48
55 6 9 5 9 1.69857e-47
55 9 5 9 6 2.42618e-49
55 9 6 9 5 8.87567e-49
55 9 12 10 12 2.97993e-48
55 10 12 9 12 9.74287e-49
55 12 9 12 10 1.57949e-92
55 12 10 12 9 0.364778
55 4 4 7 7 9.81161e-48
55 4 7 7 4 1.03083e-48
55 7 4 4 7 4.1325e-47
55 7 7 4 4 4.3417e-48
55 4 4 12 9 1.95994e-49
55 4 12 9 4 1.83925e-51
55 9 4 4 12 9.73704e-50
55 12 9 4 4 4.16102e-50
55 8 12 12 10 2.62916e-93
55 10 8 12 12 3.30394e-48
55 12 10 8 12 0.0173546
55 12 12 10 8 2.58647e-47
55 4 7 7 6 9.6147e-49
55 6 4 7 7 1.46299e-47
55 7 6 4 7 4.0268e-47
55 7 7 6 4 2.41451e-48
55 4 4 5 6 9.94527e-49
55 4 5 6 4 3.28758e-48
55 5 6 4 4 1.27108e-48
55 6 4 4 5 3.08665e-47
55 6 7 6 12 7.71075e-48
55 6 12 6 7 2.27407e-47
55 7 6 12 6 7.22343e-49
55 12 6 7 6 9.34256e-49
55 4 10 10 6 0.0226385
55 6 4 10 10 4.02091e-92
55 10 6 4 10 1.40926e-91
55 10 10 6 4 0.0723915
55 4 10 7 6 0.0139893
55 6 4 10 7 3.23499e-47
55 7 6 4 10 6.83897e-92
55 10 7 6 4 6.79843e-48
55 4 11 12 9 8.52036e-50
55 9 4 11 12 1.79605e-50
55 11 12 9 4 8.49639e-53
55 12 9 4 11 4.86284e-49
55 4 12 12 10 1.46476e-92
55 10 4 12 12 6.81377e-48
55 12 10 4 12 0.231784
55 12 12 10 4 2.14445e-48
55 7 11 8 12 5.53485e-51
55 8 12 7 11 2.62409e-50
55 11 8 12 7 4.52498e-51
55 12 7 11 8 2.5722e-49
55 4 12 8 8 1.09296e-47
55 8 4 12 8 8.734e-48
55 8 8 4 12 3.39955e-48
55 12 8 8 4 7.97887e-49
55 4 12 7 12 2.73642e-48
55 7 12 4 12 1.15254e-47
55 12 4 12 7 2.48633e-47
55 12 7 12 4 2.61219e-48
55 6 10 9 11 0.123817
55 9 11 6 10 3.13066e-92
55 10 9 11 6 2.43895e-48
55 11 6 10 9 3.05296e-48
55 9 9 12 12 1.81879e-48
55 9 12 12 9 1.44601e-47
55 12 9 9 12 6.04e-49
55 12 12 9 9 4.80206e-48
55 7 12 8 10 6.85566e-93
55 8 10 7 12 0.0113349
55 10 7 12 8 6.41204e-47
55 12 8 10 7 2.49216e-47
55 4 7 8 7 6.1246e-48
55 7 4 7 8 1.68527e-47
55 7 8 7 4 6.77518e-49
55 8 7 4 7 1.46824e-47
55 5 10 9 10 1.37603e-47
55 9 10 5 10 1.84506e-46
55 10 5 10 9 8.57976e-47
55 10 9 10 5 1.17089e-47
55 4 5 4 11 1.34306e-46
55 4 11 4 5 1.74944e-47
55 5 4 11 4 4.67752e-49
55 11 4 5 4 9.57544e-50
55 5 8 12 11 5.55027e-48
55 8 12 11 5 1.54381e-48
55 11 5 8 12 1.48643e-49
55 12 11 5 8 2.28678e-47
55 6 6 12 7 1.92003e-47
55 6 12 7 6 1.13808e-48
55 7 6 6 12 6.02779e-48
55 12 7 6 6 3.92301e-48
55 4 12 9 6 1.88384e-49
55 6 4 12 9 3.20921e-47
55 9 6 4 12 1.04191e-47
55 12 9 6 4 2.54111e-48
55 8 10 11 10 9.97818e-47
55 10 8 10 11 7.35015e-47
55 10 11 10 8 6.80094e-47
55 11 10 8 10 1.0424e-47
55 4 12 5 9 1.06645e-47
55 5 9 4 12 1.641e-48
55 9 4 12 5 3.54141e-48
55 12 5 9 4 3.35855e-49
55 4 9 7 11 1.00867e-47
55 7 11 4 9 4.05494e-47
55 9 7 11 4 1.06687e-48
55 11 4 9 7 1.55034e-49
55 5 12 12 11 4.89886e-48
55 11 5 12 12 2.83222e-49
55 12 11 5 12 2.6188e-48
55 12 12 11 5 6.68426e-48
55 4 12 4 12 2.12596e-47
55 12 4 12 4 3.98734e-48
55 4 10 9 11 0.0753162
55 9 11 4 10 5.10595e-92
55 10 9 11 4 2.37172e-48
55 11 4 10 9 2.84173e-48
55 4 6 4 11 6.82416e-47
55 4 11 4 6 2.42983e-48
55 6 4 11 4 1.64818e-48
55 11 4 6 4 1.53948e-49
55 4 9 9 11 4.37818e-48
55 9 9 11 4 1.13353e-48
55 9 11 4 9 6.8548e-47
55 11 4 9 9 4.44053e-49
55 6 12 9 9 4.82211e-48
55 9 6 12 9 1.72311e-47
55 9 9 6 12 3.71068e-48
55 12 9 9 6 2.13468e-49
55 6 11 10 7 1.58632e-47
55 7 6 11 10 1.42294e-92
55 10 7 6 11 8.96195e-47
55 11 10 7 6 0.000728941
55 4 8 6 8 6.44249e-47
55 6 8 4 8 1.72737e-46
55 8 4 8 6 2.483e-49
55 8 6 8 4 2.59403e-49
55 4 9 6 12 3.27208e-48
55 6 12 4 9 6.97504e-47
55 9 6 12 4 7.79668e-49
55 12 4 9 6 2.47838e-49
56 12 9 11 10 1
57 4 9 11 12 3.31227e-48
57 9 11 12 4 5.80948e-49
57 11 12 4 9 0.00346564
57 12 4 9 11 8.97907e-48
57 4 12 8 11 1.0128e-47
57 8 11 4 12 9.64045e-49
57 11 4 12 8 5.96348e-48
57 12 8 11 4 4.22199e-48
57 6 8 9 11 7.6436e-48
57 8 9 11 6 2.83321e-48
57 9 11 6 8 8.04833e-49
57 11 6 8 9 0.0450598
57 6 6 9 9 0.000791595
57 6 9 9 6 4.83242e-50
57 9 6 6 9 0.000128476
57 9 9 6 6 7.84301e-51
57 4 6 7 12 2.89733e-47
57 6 7 12 4 2.05635e-47
57 7 12 4 6 6.56016e-48
57 12 4 6 7 1.34171e-47
57 5 12 8 6 5.09688e-48
57 6 5 12 8 9.25213e-48
57 8 6 5 12 1.88945e-47
57 12 8 6 5 5.69091e-48
57 4 6 9 11 1.39968e-47
57 6 9 11 4 6.76472e-48
57 9 11 4 6 7.0143e-49
57 11 4 6 9 0.0393469
57 7 12 8 9 0.0774111
57 8 9 7 12 2.65717e-48
57 9 7 12 8 2.50372e-48
57 12 8 9 7 2.61083e-48
57 5 10 7 9 0.04232
57 7 9 5 10 3.14836e-47
57 9 5 10 7 4.57335e-48
57 10 7 9 5 3.65726e-47
57 6 11 8 11 5.10184e-48
57 8 11 6 11 8.12716e-49
57 11 6 11 8 2.30738e-48
57 11 8 11 6 1.37407e-48
57 9 11 10 12 2.53788e-50
57 10 12 9 11 7.46899e-50
57 11 10 12 9 0.000158254
57 12 9 11 10 4.87399e-50
57 6 6 6 8 6.94163e-48
57 6 6 8 6 1.97736e-47
57 6 8 6 6 4.13381e-48
57 8 6 6 6 3.14991e-48
57 6 7 12 7 2.48472e-47
57 7 6 7 12 5.4303e-47
57 7 12 7 6 2.80608e-47
57 12 7 6 7 1.04889e-47
57 5 9 6 9 0.00587434
57 6 9 5 9 0.0706405
57 9 5 9 6 1.54441e-48
57 9 6 9 5 3.77887e-48
57 9 12 10 12 2.30461e-48
57 10 12 9 12 5.07096e-48
57 12 9 12 10 2.5262e-48
57 12 10 12 9 0.0223875
57 4 4 7 7 7.68292e-47
57 4 7 7 4 4.97071e-47
57 7 4 4 7 3.36641e-47
57 7 7 4 4 2.17801e-47
57 4 4 12 9 0.00149711
57 4 12 9 4 5.53947e-50
57 9 4 4 12 3.19232e-50
57 12 9 4 4 1.34304e-50
57 8 12 12 10 1.47732e-48
57 10 8 12 12 3.12893e-48
57 12 10 8 12 4.09863e-48
57 12 12 10 8 3.2094e-48
57 4 7 7 6 4.84357e-47
57 6 4 7 7 7.43809e-47
57 7 6 4 7 1.42882e-47
57 7 7 6 4 2.63837e-47
57 4 4 5 6 7.46172e-47
57 4 5 6 4 5.27334e-48
57 5 6 4 4 2.16006e-48
57 6 4 4 5 2.36745e-47
57 6 7 6 12 9.04319e-48
57 6 12 6 7 3.14607e-48
57 7 6 12 6 1.3017e-47
57 12 6 7 6 1.00226e-47
57 4 10 10 6 2.60439e-47
57 6 4 10 10 1.09807e-46
57 10 6 4 10 1.37396e-47
57 10 10 6 4 9.2407e-48
57 4 10 7 6 2.76683e-47
57 6 4 10 7 9.56676e-47
57 7 6 4 10 2.2409e-47
57 10 7 6 4 2.21039e-47
57 4 11 12 9 0.000109524
57 9 4 11 12 3.09496e-50
57 11 12 9 4 6.63837e-51
57 12 9 4 11 5.83855e-51
57 4 12 12 10 6.7578e-48
57 10 4 12 12 2.48771e-47
57 12 10 4 12 2.38693e-48
57 12 12 10 4 6.61881e-48
57 7 11 8 12 5.13185e-50
57 8 12 7 11 1.99435e-50
57 11 8 12 7 6.7585e-51
57 12 7 11 8 4.60107e-50
57 4 12 8 8 9.3821e-48
57 8 4 12 8 9.03486e-48
57 8 8 4 12 1.37652e-48
57 12 8 8 4 6.21031e-48
57 4 12 7 12 1.42237e-47
57 7 12 4 12 6.23239e-48
57 12 4 12 7 1.74565e-47
57 12 7 12 4 1.12941e-47
57 6 10 9 11 1.01643e-47
57 9 11 6 10 1.17808e-48
57 10 9 11 6 7.62176e-48
57 11 6 10 9 0.0540714
57 9 9 12 12 7.51272e-49
57 9 12 12 9 0.00635933
57 12 9 9 12 1.95403e-48
57 12 12 9 9 0.0165404
57 7 12 8 10 2.6621e-47
57 8 10 7 12 8.09801e-48
57 10 7 12 8 1.96517e-47
57 12 8 10 7 9.31322e-48
57 4 7 8 7 3.94932e-47
57 7 4 7 8 9.4652e-47
57 7 8 7 4 2.45516e-47
57 8 7 4 7 5.02797e-48
57 5 10 9 10 4.27979e-48
57 9 10 5 10 8.35286e-48
57 10 5 10 9 0.13352
57 10 9 10 5 1.99438e-47
57 4 5 4 11 3.67893e-48
57 4 11 4 5 3.47775e-48
57 5 4 11 4 9.59186e-48
57 11 4 5 4 1.78395e-47
57 5 8 12 11 1.06713e-48
57 8 12 11 5 2.62764e-48
57 11 5 8 12 2.01774e-48
57 12 11 5 8 3.51444e-48
57 6 6 12 7 1.20528e-47
57 6 12 7 6 1.29504e-47
57 7 6 6 12 1.374e-47
57 12 7 6 6 7.55738e-48
57 4 12 9 6 5.92748e-48
57 6 4 12 9 0.159164
57 9 6 4 12 1.48789e-48
57 12 9 6 4 1.78657e-48
57 8 10 11 10 6.51145e-48
57 10 8 10 11 1.71476e-47
57 10 11 10 8 1.11249e-47
57 11 10 8 10 6.32195e-48
57 4 12 5 9 0.0623272
57 5 9 4 12 4.89359e-49
57 9 4 12 5 5.46541e-48
57 12 5 9 4 2.53058e-48
57 4 9 7 11 6.89844e-48
57 7 11 4 9 0.0191297
57 9 7 11 4 3.83873e-48
57 11 4 9 7 5.65408e-48
57 5 12 12 11 8.17312e-49
57 11 5 12 12 8.56211e-49
57 12 11 5 12 3.10197e-48
57 12 12 11 5 2.95476e-48
57 4 12 4 12 6.13317e-48
57 12 4 12 4 2.66462e-47
57 4 10 9 11 9.52252e-48
57 9 11 4 10 8.82078e-49
57 10 9 11 4 7.09444e-48
57 11 4 10 9 0.115549
57 4 6 4 11 4.57377e-48
57 4 11 4 6 1.76707e-48
57 6 4 11 4 2.32667e-47
57 11 4 6 4 3.59848e-48
57 4 9 9 11 5.37581e-48
57 9 9 11 4 1.55509e-48
57 9 11 4 9 0.00441303
57 11 4 9 9 0.0557312
57 6 12 9 9 0.0340937
57 9 6 12 9 0.0146648
57 9 9 6 12 6.53698e-49
57 12 9 9 6 2.32848e-48
57 6 11 10 7 7.89449e-48
57 7 6 11 10 2.45062e-47
57 10 7 6 11 1.08389e-47
57 11 10 7 6 3.74007e-48
57 4 8 6 8 6.05342e-48
57 6 8 4 8 4.83793e-48
57 8 4 8 6 2.99709e-47
57 8 6 8 4 1.30545e-47
57 4 9 6 12 2.25351e-48
57 6 12 4 9 0.0152452
57 9 6 12 4 1.83526e-48
57 12 4 9 6 1.0959e-47
58 4 9 11 12 0.00168364
58 9 11 12 4 9.1231e-05
58 11 12 4 9 0.00392531
58 12 4 9 11 0.0015842
58 4 12 8 11 0.00119728
58 8 11 4 12 3.47256e-46
58 11 4 12 8 2.65466e-45
58 12 8 11 4 0.0120097
58 6 8 9 11 9.05111e-05
58 8 9 11 6 2.5843e-46
58 9 11 6 8 2.94234e-47
58 11 6 8 9 0.0162205
58 6 6 9 9 5.16853e-06
58 6 9 9 6 6.20135e-07
58 9 6 6 9 2.04687e-05
58 9 9 6 6 2.45589e-06
58 4 6 7 12 0.0282782
58 6 7 12 4 0.00740343
58 7 12 4 6 2.12482e-45
58 12 4 6 7 1.10983e-44
58 5 12 8 6 0.00817039
58 6 5 12 8 4.16971e-46
58 8 6 5 12 1.2562e-44
58 12 8 6 5 0.0391323
58 4 6 9 11 0.000622466
58 6 9 11 4 0.000823569
58 9 11 4 6 0.000199429
58 11 4 6 9 0.0161878
58 7 12 8 9 8.0203e-46
58 8 9 7 12 4.21805e-46
58 9 7 12 8 4.11171e-46
58 12 8 9 7 2.43133e-46
58 5 10 7 9 0.0018651
58 7 9 5 10 8.4882e-46
58 9 5 10 7 2.68066e-46
58 10 7 9 5 0.0262734
58 6 11 8 11 6.44146e-05
58 8 11 6 11 2.60449e-47
58 11 6 11 8 2.78933e-45
58 11 8 11 6 0.00337481
58 9 11 10 12 3.01499e-06
58 10 12 9 11 8.37319e-06
58 11 10 12 9 1.58201e-05
58 12 9 11 10 5.94439e-05
58 6 6 6 8 6.10723e-46
58 6 6 8 6 0.00340988
58 6 8 6 6 0.000738913
58 8 6 6 6 1.37872e-45
58 6 7 12 7 1.97101e-45
58 7 6 7 12 1.95323e-44
58 7 12 7 6 2.20285e-45
58 12 7 6 7 1.73807e-44
58 5 9 6 9 0.000903541
58 6 9 5 9 0.000387489
58 9 5 9 6 0.000190558
58 9 6 9 5 0.00167621
58 9 12 10 12 0.00158256
58 10 12 9 12 0.00387033
58 12 9 12 10 0.00238575
58 12 10 12 9 0.00183877
58 4 4 7 7 3.04821e-45
58 4 7 7 4 0.0179308
58 7 4 4 7 2.03086e-87
58 7 7 4 4 1.19464e-44
58 4 4 12 9 3.92409e-05
58 4 12 9 4 5.15994e-06
58 9 4 4 12 0.000114313
58 12 9 4 4 4.36658e-05
58 8 12 12 10 3.46635e-46
58 10 8 12 12 0.00676907
58 12 10 8 12 0.00619869
58 12 12 10 8 5.74485e-46
58 4 7 7 6 0.0123949
58 6 4 7 7 1.82185e-45
58 7 6 4 7 1.81257e-87
58 7 7 6 4 8.76543e-45
58 4 4 5 6 0.00995849
58 4 5 6 4 0.00395148
58 5 6 4 4 0.0244223
58 6 4 4 5 0.0219291
58 6 7 6 12 0.0129726
58 6 12 6 7 3.21127e-46
58 7 6 12 6 2.08327e-45
58 12 6 7 6 0.0224606
58 4 10 10 6 0.000592932
58 6 4 10 10 0.00429377
58 10 6 4 10 0.0505859
58 10 10 6 4 0.00496527
58 4 10 7 6 0.00132757
58 6 4 10 7 1.11183e-45
58 7 6 4 10 9.56479e-45
58 10 7 6 4 0.0633443
58 4 11 12 9 8.28175e-07
58 9 4 11 12 5.60797e-05
58 11 12 9 4 6.27865e-06
58 12 9 4 11 7.18679e-06
58 4 12 12 10 0.00243192
58 10 4 12 12 0.0593395
58 12 10 4 12 0.0143235
58 12 12 10 4 0.00786712
58 7 11 8 12 2.63329e-48
58 8 12 7 11 1.47826e-48
58 11 8 12 7 3.99215e-48
58 12 7 11 8 4.35353e-47
58 4 12 8 8 4.41174e-46
58 8 4 12 8 2.58259e-88
58 8 8 4 12 1.55883e-45
58 12 8 8 4 0.00879867
58 4 12 7 12 0.0110087
58 7 12 4 12 7.33455e-45
58 12 4 12 7 9.34099e-45
58 12 7 12 4 0.0549476
58 6 10 9 11 4.98461e-05
58 9 11 6 10 0.000212008
58 10 9 11 6 0.00338955
58 11 6 10 9 0.00888156
58 9 9 12 12 0.000552932
58 9 12 12 9 0.00051974
58 12 9 9 12 0.0012312
58 12 12 9 9 0.00115729
58 7 12 8 10 2.2709e-45
58 8 10 7 12 9.20493e-46
58 10 7 12 8 5.48649e-45
58 12 8 10 7 1.32656e-45
58 4 7 8 7 3.26404e-45
58 7 4 7 8 9.45938e-88
58 7 8 7 4 1.4777e-45
58 8 7 4 7 1.07505e-87
58 5 10 9 10 0.000481754
58 9 10 5 10 0.0008182
58 10 5 10 9 0.00543699
58 10 9 10 5 0.00573825
58 4 5 4 11 0.00172312
58 4 11 4 5 0.00150534
58 5 4 11 4 0.0260964
58 11 4 5 4 0.0340777
58 5 8 12 11 0.000771971
58 8 12 11 5 2.16902e-45
58 11 5 8 12 0.0164653
58 12 11 5 8 2.3964e-46
58 6 6 12 7 1.00361e-45
58 6 12 7 6 0.00170305
58 7 6 6 12 1.23509e-44
58 12 7 6 6 0.0403207
58 4 12 9 6 0.000391689
58 6 4 12 9 0.0025755
58 9 6 4 12 0.0112038
58 12 9 6 4 0.0035183
58 8 10 11 10 4.44434e-46
58 10 8 10 11 0.00159923
58 10 11 10 8 1.31274e-46
58 11 10 8 10 0.00334693
58 4 12 5 9 0.00176049
58 5 9 4 12 0.00355747
58 9 4 12 5 0.00600818
58 12 5 9 4 0.00196368
58 4 9 7 11 0.000246695
58 7 11 4 9 1.36049e-46
58 9 7 11 4 0.00540592
58 11 4 9 7 7.06593e-46
58 5 12 12 11 0.00108706
58 11 5 12 12 0.0108625
58 12 11 5 12 0.00362017
58 12 12 11 5 0.0312079
58 4 12 4 12 0.0195853
58 12 4 12 4 0.0647134
58 4 10 9 11 7.56435e-05
58 9 11 4 10 0.000262074
58 10 9 11 4 0.00444743
58 11 4 10 9 0.00902575
58 4 6 4 11 0.00270534
58 4 11 4 6 0.000268683
58 6 4 11 4 0.00540001
58 11 4 6 4 0.0164427
58 4 9 9 11 5.96368e-05
58 9 9 11 4 0.00057344
58 9 11 4 9 0.000159246
58 11 4 9 9 0.00284611
58 6 12 9 9 0.000176525
58 9 6 12 9 0.00151141
58 9 9 6 12 0.00074373
58 12 9 9 6 0.00040379
58 6 11 10 7 2.64683e-47
58 7 6 11 10 5.29287e-45
58 10 7 6 11 0.0117599
58 11 10 7 6 0.00182215
58 4 8 6 8 3.72078e-46
58 6 8 4 8 3.03086e-46
58 8 4 8 6 2.59577e-45
58 8 6 8 4 3.35149e-45
58 4 9 6 12 0.00137114
58 6 12 4 9 0.00104985
58 9 6 12 4 0.00210078
58 12 4 9 6 0.00362297
59 4 9 11 12 5.43569e-48
59 9 11 12 4 3.6159e-48
59 11 12 4 9 2.56495e-49
59 12 4 9 11 0.0063845
59 4 12 8 11 4.88893e-48
59 8 11 4 12 1.62831e-48
59 11 4 12 8 0.0104928
59 12 8 11 4 1.09643e-47
59 6 8 9 11 4.82977e-49
59 8 9 11 6 2.39637e-48
59 9 11 6 8 6.46841e-48
59 11 6 8 9 9.39211e-49
59 6 6 9 9 6.06095e-51
59 6 9 9 6 4.63938e-51
59 9 6 6 9 3.42838e-50
59 9 9 6 6 2.62427e-50
59 4 6 7 12 6.25939e-48
59 6 7 12 4 4.41062e-48
59 7 12 4 6 3.01716e-48
59 12 4 6 7 0.0653084
59 5 12 8 6 6.08546e-48
59 6 5 12 8 7.90085e-48
59 8 6 5 12 8.14611e-48
59 12 8 6 5 8.0833e-48
59 4 6 9 11 1.60008e-48
59 6 9 11 4 3.95024e-48
59 9 11 4 6 2.98299e-48
59 11 4 6 9 0.00701313
59 7 12 8 9 2.73247e-48
59 8 9 7 12 7.22858e-49
59 9 7 12 8 4.44033e-48
59 12 8 9 7 1.14372e-48
59 5 10 7 9 2.9442e-48
59 7 9 5 10 1.95704e-47
59 9 5 10 7 3.28523e-48
59 10 7 9 5 3.19443e-48
59 6 11 8 11 1.08422e-48
59 8 11 6 11 7.91869e-49
59 11 6 11 8 1.04293e-48
59 11 8 11 6 6.36478e-49
59 9 11 10 12 2.60072e-50
59 10 12 9 11 1.80128e-50
59 11 10 12 9 1.09464e-50
59 12 9 11 10 1.99492e-49
59 6 6 6 8 2.85566e-48
59 6 6 8 6 2.34589e-48
59 6 8 6 6 1.74275e-48
59 8 6 6 6 1.71334e-48
59 6 7 12 7 3.65569e-48
59 7 6 7 12 4.21601e-48
59 7 12 7 6 3.04702e-48
59 12 7 6 7 8.50621e-48
59 5 9 6 9 1.90709e-48
59 6 9 5 9 2.52618e-48
59 9 5 9 6 1.55081e-48
59 9 6 9 5 1.11732e-48
59 9 12 10 12 1.76572e-48
59 10 12 9 12 2.44506e-48
59 12 9 12 10 9.96075e-48
59 12 10 12 9 5.80416e-48
59 4 4 7 7 0.0497356
59 4 7 7 4 7.81563e-48
59 7 4 4 7 0.0331711
59 7 7 4 4 5.21263e-48
59 4 4 12 9 0.000551261
59 4 12 9 4 2.64866e-50
59 9 4 4 12 0.000293261
59 12 9 4 4 3.61083e-50
59 8 12 12 10 2.95777e-48
59 10 8 12 12 5.12834e-48
59 12 10 8 12 5.81554e-48
59 12 12 10 8 1.80413e-48
59 4 7 7 6 5.09146e-48
59 6 4 7 7 0.0158491
59 7 6 4 7 3.48413e-48
59 7 7 6 4 7.28263e-48
59 4 4 5 6 0.131743
59 4 5 6 4 1.47205e-47
59 5 6 4 4 3.65761e-48
59 6 4 4 5 0.0150035
59 6 7 6 12 2.11492e-48
59 6 12 6 7 1.56828e-48
59 7 6 12 6 3.02701e-48
59 12 6 7 6 2.40877e-48
59 4 10 10 6 5.54434e-48
59 6 4 10 10 0.0377126
59 10 6 4 10 2.22079e-47
59 10 10 6 4 2.12435e-47
59 4 10 7 6 7.98526e-48
59 6 4 10 7 0.0150365
59 7 6 4 10 1.19403e-47
59 10 7 6 4 1.85081e-47
59 4 11 12 9 2.58321e-50
59 9 4 11 12 0.000288778
59 11 12 9 4 1.30349e-51
59 12 9 4 11 7.26275e-51
59 4 12 12 10 1.89723e-47
59 10 4 12 12 0.0981172
59 12 10 4 12 6.21427e-48
59 12 12 10 4 3.39643e-48
59 7 11 8 12 2.38059e-50
59 8 12 7 11 2.97409e-51
59 11 8 12 7 3.09434e-51
59 12 7 11 8 5.24786e-50
59 4 12 8 8 1.07229e-47
59 8 4 12 8 0.0276058
59 8 8 4 12 1.50839e-48
59 12 8 8 4 8.65401e-48
59 4 12 7 12 5.94664e-48
59 7 12 4 12 3.96611e-48
59 12 4 12 7 0.0720872
59 12 7 12 4 1.1328e-47
59 6 10 9 11 7.0696e-49
59 9 11 6 10 1.29547e-47
59 10 9 11 6 9.85462e-48
59 11 6 10 9 3.60136e-49
59 9 9 12 12 2.9508e-48
59 9 12 12 9 2.78607e-48
59 12 9 9 12 1.21383e-48
59 12 12 9 9 1.14607e-48
59 7 12 8 10 1.49604e-47
59 8 10 7 12 2.30615e-48
59 10 7 12 8 1.52926e-47
59 12 8 10 7 2.8446e-48
59 4 7 8 7 9.8326e-48
59 7 4 7 8 0.0351662
59 7 8 7 4 3.46027e-48
59 8 7 4 7 1.63799e-48
59 5 10 9 10 5.01497e-48
59 9 10 5 10 3.75761e-47
59 10 5 10 9 5.77617e-48
59 10 9 10 5 3.1855e-48
59 4 5 4 11 4.11987e-48
59 4 11 4 5 4.28898e-48
59 5 4 11 4 0.0666607
59 11 4 5 4 0.0193476
59 5 8 12 11 1.37368e-48
59 8 12 11 5 1.75493e-48
59 11 5 8 12 1.01111e-48
59 12 11 5 8 1.00246e-47
59 6 6 12 7 2.63397e-48
59 6 12 7 6 1.288e-48
59 7 6 6 12 5.2111e-48
59 12 7 6 6 5.97336e-48
59 4 12 9 6 1.89478e-48
59 6 4 12 9 0.0192908
59 9 6 4 12 3.38255e-48
59 12 9 6 4 5.53978e-48
59 8 10 11 10 1.29259e-47
59 10 8 10 11 2.50202e-48
59 10 11 10 8 5.92397e-48
59 11 10 8 10 3.87784e-48
59 4 12 5 9 7.42135e-48
59 5 9 4 12 1.35346e-48
59 9 4 12 5 0.0255803
59 12 5 9 4 2.35483e-48
59 4 9 7 11 1.31623e-48
59 7 11 4 9 1.65713e-48
59 9 7 11 4 6.45107e-48
59 11 4 9 7 0.00159019
59 5 12 12 11 1.21246e-48
59 11 5 12 12 7.7029e-49
59 12 11 5 12 7.47148e-48
59 12 12 11 5 4.25939e-48
59 4 12 4 12 1.08606e-47
59 12 4 12 4 0.160415
59 4 10 9 11 2.01217e-48
59 9 11 4 10 8.41022e-48
59 10 9 11 4 1.37205e-47
59 11 4 10 9 0.00310987
59 4 6 4 11 2.09333e-48
59 4 11 4 6 3.02476e-48
59 6 4 11 4 0.0310926
59 11 4 6 4 0.00681273
59 4 9 9 11 1.08513e-48
59 9 9 11 4 6.85417e-48
59 9 11 4 9 2.64285e-48
59 11 4 9 9 0.00215127
59 6 12 9 9 5.05167e-49
59 9 6 12 9 3.31996e-48
59 9 9 6 12 3.02643e-48
59 12 9 9 6 1.04537e-48
59 6 11 10 7 7.9479e-49
59 7 6 11 10 1.32626e-47
59 10 7 6 11 4.19912e-48
59 11 10 7 6 4.43276e-49
59 4 8 6 8 1.27044e-47
59 6 8 4 8 2.89775e-48
59 8 4 8 6 0.0311291
59 8 6 8 4 5.01906e-48
59 4 9 6 12 4.19936e-48
59 6 12 4 9 9.04365e-49
59 9 6 12 4 4.41322e-48
59 12 4 9 6 0.0112595
60 11 12 9 4 1
61 4 9 11 12 0.0536982
61 9 11 12 4 3.65694e-48
61 11 12 4 9 1.31072e-48
61 12 4 9 11 2.79078e-50
61 4 12 8 11 1.8301e-48
61 8 11 4 12 0.0441654
61 11 4 12 8 1.06759e-48
61 12 8 11 4 7.8898e-48
61 6 8 9 11 4.29449e-48
61 8 9 11 6 3.41369e-48
61 9 11 6 8 4.70507e-48
61 11 6 8 9 8.43921e-49
61 6 6 9 9 1.59151e-51
61 6 9 9 6 3.22713e-50
61 9 6 6 9 1.76972e-51
61 9 9 6 6 3.58848e-50
61 4 6 7 12 0.00638755
61 6 7 12 4 3.0069e-47
61 7 12 4 6 1.1547e-48
61 12 4 6 7 6.10789e-49
61 5 12 8 6 3.674e-48
61 6 5 12 8 1.65479e-47
61 8 6 5 12 0.00307474
61 12 8 6 5 4.24833e-47
61 4 6 9 11 1.86324e-49
61 6 9 11 4 1.65635e-47
61 9 11 4 6 3.29268e-48
61 11 4 6 9 7.05152e-49
61 7 12 8 9 3.51133e-49
61 8 9 7 12 0.0144615
61 9 7 12 8 1.71255e-48
61 12 8 9 7 1.33069e-48
61 5 10 7 9 6.00352e-93
61 7 9 5 10 6.67858e-48
61 9 5 10 7 1.27029e-48
61 10 7 9 5 2.58859e-48
61 6 11 8 11 1.22399e-47
61 8 11 6 11 4.99811e-48
61 11 6 11 8 5.22787e-49
61 11 8 11 6 9.37796e-48
61 9 11 10 12 0.000492028
61 10 12 9 11 5.13413e-51
61 11 10 12 9 2.30792e-94
61 12 9 11 10 1.0826e-49
61 6 6 6 8 1.89635e-48
61 6 6 8 6 1.03699e-48
61 6 8 6 6 3.40176e-47
61 8 6 6 6 4.23449e-49
61 6 7 12 7 3.63327e-47
61 7 6 7 12 0.002788
61 7 12 7 6 7.49717e-49
61 12 7 6 7 1.29216e-47
61 5 9 6 9 1.76336e-47
61 6 9 5 9 9.71828e-48
61 9 5 9 6 8.19303e-50
61 9 6 9 5 3.297e-50
61 9 12 10 12 0.00471513
61 10 12 9 12 0.00323377
61 12 9 12 10 2.41358e-47
61 12 10 12 9 8.93962e-93
61 4 4 7 7 3.35383e-49
61 4 7 7 4 5.87199e-48
61 7 4 4 7 2.25461e-49
61 7 7 4 4 3.94745e-48
61 4 4 12 9 6.22344e-51
61 4 12 9 4 3.55999e-51
61 9 4 4 12 5.58227e-06
61 12 9 4 4 9.56906e-50
61 8 12 12 10 1.03238e-48
61 10 8 12 12 0.196348
61 12 10 8 12 2.51124e-47
61 12 12 10 8 1.37263e-48
61 4 7 7 6 5.72179e-48
61 6 4 7 7 4.54942e-49
61 7 6 4 7 5.20943e-49
61 7 7 6 4 5.95508e-48
61 4 4 5 6 3.48712e-49
61 4 5 6 4 6.25155e-48
61 5 6 4 4 1.34907e-48
61 6 4 4 5 9.53969e-49
61 6 7 6 12 0.113929
61 6 12 6 7 4.14923e-48
61 7 6 12 6 6.36414e-49
61 12 6 7 6 3.0274e-49
61 4 10 10 6 2.51996e-92
61 6 4 10 10 1.96982e-48
61 10 6 4 10 2.30083e-48
61 10 10 6 4 2.6753e-92
61 4 10 7 6 9.12788e-93
61 6 4 10 7 1.71617e-48
61 7 6 4 10 8.17029e-49
61 10 7 6 4 2.29147e-47
61 4 11 12 9 1.13386e-49
61 9 4 11 12 1.6872e-06
61 11 12 9 4 1.98042e-51
61 12 9 4 11 4.15991e-50
61 4 12 12 10 6.84927e-48
61 10 4 12 12 0.00951978
61 12 10 4 12 6.11735e-47
61 12 12 10 4 2.83081e-48
61 7 11 8 12 0.000189841
61 8 12 7 11 1.57758e-51
61 11 8 12 7 1.98408e-49
61 12 7 11 8 1.41891e-50
61 4 12 8 8 1.69531e-48
61 8 4 12 8 2.40234e-49
61 8 8 4 12 0.041524
61 12 8 8 4 8.89981e-48
61 4 12 7 12 0.0151388
61 7 12 4 12 0.0101771
61 12 4 12 7 8.55679e-49
61 12 7 12 4 1.49815e-47
61 6 10 9 11 2.63184e-93
61 9 11 6 10 6.88706e-48
61 10 9 11 6 1.42463e-47
61 11 6 10 9 1.8858e-48
61 9 9 12 12 0.0343366
61 9 12 12 9 4.55361e-49
61 12 9 9 12 0.0109819
61 12 12 9 9 1.45639e-49
61 7 12 8 10 1.12023e-48
61 8 10 7 12 1.70885e-47
61 10 7 12 8 2.19364e-47
61 12 8 10 7 2.48533e-47
61 4 7 8 7 7.34807e-48
61 7 4 7 8 9.62223e-50
61 7 8 7 4 4.0929e-48
61 8 7 4 7 2.69801e-48
61 5 10 9 10 3.15508e-93
61 9 10 5 10 1.93354e-93
61 10 5 10 9 6.52392e-48
61 10 9 10 5 5.3234e-47
61 4 5 4 11 3.5021e-48
61 4 11 4 5 2.49084e-47
61 5 4 11 4 3.43058e-49
61 11 4 5 4 3.87013e-49
61 5 8 12 11 2.69214e-47
61 8 12 11 5 4.26896e-49
61 11 5 8 12 0.0197755
61 12 11 5 8 5.19902e-48
61 6 6 12 7 3.54541e-48
61 6 12 7 6 2.08174e-48
61 7 6 6 12 0.00578775
61 12 7 6 6 9.31013e-48
61 4 12 9 6 3.80934e-49
61 6 4 12 9 9.27044e-49
61 9 6 4 12 0.00141639
61 12 9 6 4 1.58524e-47
61 8 10 11 10 3.04198e-93
61 10 8 10 11 3.85079e-47
61 10 11 10 8 3.7941e-47
61 11 10 8 10 1.52489e-92
61 4 12 5 9 8.25169e-49
61 5 9 4 12 0.101517
61 9 4 12 5 1.38143e-49
61 12 5 9 4 2.60344e-49
61 4 9 7 11 5.86957e-48
61 7 11 4 9 3.43933e-48
61 9 7 11 4 6.10432e-49
61 11 4 9 7 6.41812e-50
61 5 12 12 11 3.30455e-48
61 11 5 12 12 0.0470686
61 12 11 5 12 0.0425711
61 12 12 11 5 8.84948e-49
61 4 12 4 12 0.0430053
61 12 4 12 4 1.30614e-48
61 4 10 9 11 1.75976e-93
61 9 11 4 10 4.14068e-48
61 10 9 11 4 1.32606e-47
61 11 4 10 9 7.40264e-49
61 4 6 4 11 7.16072e-49
61 4 11 4 6 1.26561e-47
61 6 4 11 4 2.92277e-49
61 11 4 6 4 5.9828e-49
61 4 9 9 11 2.56221e-48
61 9 9 11 4 1.78112e-48
61 9 11 4 9 2.233e-48
61 11 4 9 9 6.81917e-50
61 6 12 9 9 3.30919e-49
61 9 6 12 9 2.17509e-49
61 9 9 6 12 0.0277471
61 12 9 9 6 1.41061e-48
61 6 11 10 7 3.5269e-47
61 7 6 11 10 2.78546e-49
61 10 7 6 11 1.12365e-47
61 11 10 7 6 5.72774e-93
61 4 8 6 8 3.55528e-47
61 6 8 4 8 3.19682e-47
61 8 4 8 6 1.42077e-49
61 8 6 8 4 3.36896e-49
61 4 9 6 12 0.145942
61 6 12 4 9 1.7403e-48
61 9 6 12 4 2.5253e-49
61 12 4 9 6 3.40615e-50
62 1 0 2 11 0.00876563
62 3 0 3 9 0.178507
62 2 0 1 7 0.043976
62 1 0 1 9 0.108692
62 1 0 3 11 0.0152799
62 1 0 1 12 0.0322006
62 3 0 2 9 0.0195667
62 3 0 3 12 0.0335514
62 3 0 3 5 0.0668354
62 3 0 3 8 0.103289
62 2 0 3 11 0.0225917
62 1 0 3 8 0.0422461
62 3 0 1 9 0.0628596
62 1 0 2 9 0.019084
62 2 0 2 4 0.00952317
62 2 0 1 11 0.0301851
62 1 0 2 8 0.0181807
62 2 0 3 7 0.0370739
62 3 0 1 8 0.0551011
62 3 0 2 11 0.0106347
62 1 0 1 7 0.0328491
62 3 0 2 8 0.0190608
62 3 0 2 12 0.0104975
62 1 0 1 6 0.0194489
63 2 11 1 0 0.0536766
63 3 9 3 0 0.154583
63 1 7 2 0 1.05955e-47
63 1 9 1 0 0.0888444
63 3 11 1 0 0.0992672
63 1 12 1 0 0.0557904
63 2 9 3 0 0.0159713
63 3 12 3 0 0.0615857
63 3 5 3 0 0.0982498
63 3 8 3 0 0.0669627
63 3 11 2 0 2.58012e-47
63 3 8 1 0 0.0370817
63 1 9 3 0 0.0379498
63 2 9 1 0 0.0210906
63 2 4 2 0 2.11956e-47
63 1 11 2 0 2.40333e-47
63 2 8 1 0 0.0150418
63 3 7 2 0 1.28128e-47
63 1 8 3 0 0.0249039
63 2 11 3 0 0.0480985
63 1 7 1 0 0.045022
63 2 8 3 0 0.0116475
63 2 12 3 0 0.0181624
63 1 6 1 0 0.0460703
64 4 9 11 12 0.0161473
64 9 11 12 4 7.93667e-90
64 11 12 4 9 8.55295e-46
64 12 4 9 11 0.027482
64 4 12 8 11 0.0291131
64 8 11 4 12 5.70605e-47
64 11 4 12 8 1.02548e-45
64 12 8 11 4 8.77752e-46
64 6 8 9 11 0.0179038
64 8 9 11 6 0.00580488
64 9 11 6 8 1.48844e-45
64 11 6 8 9 7.15341e-45
64 6 6 9 9 9.929e-05
64 6 9 9 6 2.67298e-05
64 9 6 6 9 4.94096e-05
64 9 9 6 6 1.33015e-05
64 4 6 7 12 0.00079286
64 6 7 12 4 1.34454e-47
64 7 12 4 6 0.00118805
64 12 4 6 7 0.000518168
64 5 12 8 6 6.65935e-45
64 6 5 12 8 9.84288e-46
64 8 6 5 12 3.67072e-47
64 12 8 6 5 0.00310503
64 4 6 9 11 0.0130531
64 6 9 11 4 1.9952e-46
64 9 11 4 6 4.79092e-46
64 11 4 6 9 1.53348e-46
64 7 12 8 9 0.0704735
64 8 9 7 12 0.000755601
64 9 7 12 8 0.0644198
64 12 8 9 7 0.0216773
64 5 10 7 9 1.61618e-44
64 7 9 5 10 1.704e-90
64 9 5 10 7 4.81528e-90
64 10 7 9 5 0.00645878
64 6 11 8 11 1.24359e-45
64 8 11 6 11 2.38016e-47
64 11 6 11 8 7.03993e-45
64 11 8 11 6 9.96791e-46
64 9 11 10 12 4.87762e-92
64 10 12 9 11 0.000105743
64 11 10 12 9 3.11471e-47
64 12 9 11 10 4.67419e-48
64 6 6 6 8 0.00040521
64 6 6 8 6 0.000978264
64 6 8 6 6 5.73741e-05
64 8 6 6 6 1.87234e-05
64 6 7 12 7 0.00123056
64 7 6 7 12 0.00192727
64 7 12 7 6 0.00138811
64 12 7 6 7 0.00153919
64 5 9 6 9 2.8009e-45
64 6 9 5 9 5.80993e-46
64 9 5 9 6 1.84471e-45
64 9 6 9 5 0.0328584
64 9 12 10 12 2.87691e-47
64 10 12 9 12 0.00204835
64 12 9 12 10 3.42166e-47
64 12 10 12 9 0.0449158
64 4 4 7 7 0.000698054
64 4 7 7 4 2.26559e-47
64 7 4 4 7 0.00145226
64 7 7 4 4 4.71342e-47
64 4 4 12 9 3.64449e-05
64 4 12 9 4 5.77575e-49
64 9 4 4 12 4.0547e-05
64 12 9 4 4 1.17424e-48
64 8 12 12 10 9.6647e-49
64 10 8 12 12 0.000432781
64 12 10 8 12 0.0309898
64 12 12 10 8 7.7718e-47
64 4 7 7 6 0.000785238
64 6 4 7 7 0.000372223
64 7 6 4 7 0.00154462
64 7 7 6 4 8.06056e-48
64 4 4 5 6 2.10116e-47
64 4 5 6 4 2.96272e-91
64 5 6 4 4 9.6923e-90
64 6 4 4 5 0.000536211
64 6 7 6 12 0.000106814
64 6 12 6 7 7.27406e-05
64 7 6 12 6 0.000470129
64 12 6 7 6 0.000881327
64 4 10 10 6 4.48182e-48
64 6 4 10 10 6.35828e-93
64 10 6 4 10 1.4011e-48
64 10 10 6 4 2.44304e-48
64 4 10 7 6 0.00118298
64 6 4 10 7 1.9269e-48
64 7 6 4 10 6.96436e-48
64 10 7 6 4 2.21582e-48
64 4 11 12 9 3.6696e-48
64 9 4 11 12 0.000198016
64 11 12 9 4 5.58435e-92
64 12 9 4 11 0.00016288
64 4 12 12 10 4.10993e-48
64 10 4 12 12 0.000301107
64 12 10 4 12 0.00786462
64 12 12 10 4 2.34945e-91
64 7 11 8 12 8.40404e-48
64 8 12 7 11 7.3403e-06
64 11 8 12 7 1.47459e-48
64 12 7 11 8 0.00216981
64 4 12 8 8 0.0576607
64 8 4 12 8 0.0020714
64 8 8 4 12 0.000676468
64 12 8 8 4 5.8819e-46
64 4 12 7 12 0.00138856
64 7 12 4 12 0.00288881
64 12 4 12 7 0.00339748
64 12 7 12 4 1.10268e-46
64 6 10 9 11 0.0208777
64 9 11 6 10 6.95428e-91
64 10 9 11 6 0.0061779
64 11 6 10 9 4.11251e-90
64 9 9 12 12 0.0164341
64 9 12 12 9 0.0439682
64 12 9 9 12 0.0413076
64 12 12 9 9 0.110515
64 7 12 8 10 6.77292e-47
64 8 10 7 12 0.000953245
64 10 7 12 8 0.00677271
64 12 8 10 7 3.20089e-47
64 4 7 8 7 0.0114544
64 7 4 7 8 0.0100455
64 7 8 7 4 4.36481e-47
64 8 7 4 7 0.000683574
64 5 10 9 10 4.44122e-89
64 9 10 5 10 4.58439e-90
64 10 5 10 9 1.93708e-90
64 10 9 10 5 9.28869e-48
64 4 5 4 11 4.67163e-46
64 4 11 4 5 1.96835e-46
64 5 4 11 4 8.65143e-89
64 11 4 5 4 1.13946e-133
64 5 8 12 11 4.95678e-45
64 8 12 11 5 0.00523406
64 11 5 8 12 1.35347e-88
64 12 11 5 8 2.14853e-88
64 6 6 12 7 0.00039367
64 6 12 7 6 0.000272061
64 7 6 6 12 0.000252031
64 12 7 6 6 0.000520783
64 4 12 9 6 0.00219828
64 6 4 12 9 0.00213405
64 9 6 4 12 0.00473577
64 12 9 6 4 2.20517e-47
64 8 10 11 10 3.38093e-47
64 10 8 10 11 1.28462e-47
64 10 11 10 8 2.14612e-90
64 11 10 8 10 1.12162e-89
64 4 12 5 9 3.43699e-46
64 5 9 4 12 1.93106e-45
64 9 4 12 5 0.00508001
64 12 5 9 4 2.19982e-89
64 4 9 7 11 0.00639169
64 7 11 4 9 1.16841e-45
64 9 7 11 4 1.02509e-45
64 11 4 9 7 4.02999e-46
64 5 12 12 11 2.96985e-45
64 11 5 12 12 1.78058e-89
64 12 11 5 12 2.53064e-89
64 12 12 11 5 0.0449999
64 4 12 4 12 0.00219195
64 12 4 12 4 6.84675e-47
64 4 10 9 11 0.0355122
64 9 11 4 10 3.68835e-90
64 10 9 11 4 1.6167e-46
64 11 4 10 9 3.50702e-90
64 4 6 4 11 0.001606
64 4 11 4 6 3.79892e-47
64 6 4 11 4 2.83474e-47
64 11 4 6 4 1.79991e-91
64 4 9 9 11 0.0484303
64 9 9 11 4 2.64569e-45
64 9 11 4 9 6.60288e-45
64 11 4 9 9 4.08624e-45
64 6 12 9 9 0.0152555
64 9 6 12 9 0.0284218
64 9 9 6 12 0.00283753
64 12 9 9 6 0.019232
64 6 11 10 7 2.1885e-91
64 7 6 11 10 3.83642e-47
64 10 7 6 11 0.000346695
64 11 10 7 6 1.29017e-46
64 4 8 6 8 0.00292567
64 6 8 4 8 0.00912242
64 8 4 8 6 0.0011556
64 8 6 8 4 3.54622e-47
64 4 9 6 12 0.00030789
64 6 12 4 9 0.00256846
64 9 6 12 4 4.56499e-47
64 12 4 9 6 0.00373909
65 4 9 11 12 5.47723e-48
65 9 11 12 4 8.16541e-49
65 11 12 4 9 0.000274462
65 12 4 9 11 9.86168e-48
65 4 12 8 11 8.84738e-48
65 8 11 4 12 4.94299e-49
65 11 4 12 8 0.00913618
65 12 8 11 4 3.65983e-48
65 6 8 9 11 3.04126e-48
65 8 9 11 6 4.3075e-48
65 9 11 6 8 2.27417e-49
65 11 6 8 9 0.0860099
65 6 6 9 9 7.26035e-50
65 6 9 9 6 3.21257e-50
65 9 6 6 9 4.10338e-51
65 9 9 6 6 1.81567e-51
65 4 6 7 12 5.46004e-47
65 6 7 12 4 1.6804e-48
65 7 12 4 6 2.7247e-49
65 12 4 6 7 1.39869e-48
65 5 12 8 6 3.55154e-47
65 6 5 12 8 1.38565e-48
65 8 6 5 12 2.63043e-47
65 12 8 6 5 1.93458e-49
65 4 6 9 11 2.10343e-47
65 6 9 11 4 3.41197e-48
65 9 11 4 6 1.99565e-49
65 11 4 6 9 0.00597916
65 7 12 8 9 2.64357e-48
65 8 9 7 12 2.94061e-48
65 9 7 12 8 1.9207e-49
65 12 8 9 7 1.44489e-48
65 5 10 7 9 3.36171e-48
65 7 9 5 10 1.0392e-48
65 9 5 10 7 7.55943e-93
65 10 7 9 5 6.61256e-48
65 6 11 8 11 6.67159e-48
65 8 11 6 11 4.44175e-49
65 11 6 11 8 0.0467711
65 11 8 11 6 0.031493
65 9 11 10 12 2.1151e-94
65 10 12 9 11 1.26513e-49
65 11 10 12 9 5.25402e-05
65 12 9 11 10 4.32336e-50
65 6 6 6 8 4.78667e-49
65 6 6 8 6 3.09038e-47
65 6 8 6 6 3.22307e-49
65 8 6 6 6 2.05748e-48
65 6 7 12 7 1.34524e-48
65 7 6 7 12 6.59744e-47
65 7 12 7 6 1.31977e-47
65 12 7 6 7 6.2057e-49
65 5 9 6 9 8.03834e-50
65 6 9 5 9 1.78885e-49
65 9 5 9 6 1.56975e-47
65 9 6 9 5 7.05565e-48
65 9 12 10 12 1.29139e-92
65 10 12 9 12 3.44003e-47
65 12 9 12 10 4.0345e-49
65 12 10 12 9 3.8451e-49
65 4 4 7 7 1.22029e-47
65 4 7 7 4 6.76306e-48
65 7 4 4 7 3.04413e-49
65 7 7 4 4 1.68712e-49
65 4 4 12 9 1.07004e-50
65 4 12 9 4 9.43585e-50
65 9 4 4 12 6.62188e-51
65 12 9 4 4 3.12211e-52
65 8 12 12 10 1.06032e-48
65 10 8 12 12 1.11708e-48
65 12 10 8 12 1.54879e-47
65 12 12 10 8 1.01688e-93
65 4 7 7 6 9.01402e-48
65 6 4 7 7 1.18908e-47
65 7 6 4 7 3.07788e-49
65 7 7 6 4 8.7245e-49
65 4 4 5 6 8.14916e-48
65 4 5 6 4 1.55779e-48
65 5 6 4 4 5.23442e-49
65 6 4 4 5 1.73922e-49
65 6 7 6 12 1.54056e-48
65 6 12 6 7 4.21825e-49
65 7 6 12 6 3.91179e-48
65 12 6 7 6 1.36306e-47
65 4 10 10 6 1.26393e-92
65 6 4 10 10 2.88848e-92
65 10 6 4 10 8.50258e-49
65 10 10 6 4 1.39118e-48
65 4 10 7 6 1.25226e-47
65 6 4 10 7 1.6399e-92
65 7 6 4 10 7.40772e-49
65 10 7 6 4 1.36832e-48
65 4 11 12 9 2.59026e-51
65 9 4 11 12 2.40943e-49
65 11 12 9 4 0.000380547
65 12 9 4 11 1.1183e-52
65 4 12 12 10 2.18672e-48
65 10 4 12 12 1.41731e-47
65 12 10 4 12 4.00705e-49
65 12 12 10 4 6.59022e-93
65 7 11 8 12 1.72153e-49
65 8 12 7 11 1.94397e-50
65 11 8 12 7 1.3509e-05
65 12 7 11 8 1.14948e-50
65 4 12 8 8 3.16534e-48
65 8 4 12 8 9.12279e-49
65 8 8 4 12 1.33663e-49
65 12 8 8 4 3.22881e-48
65 4 12 7 12 2.50335e-47
65 7 12 4 12 6.24487e-49
65 12 4 12 7 2.88052e-48
65 12 7 12 4 1.59644e-48
65 6 10 9 11 8.90772e-48
65 9 11 6 10 1.06355e-48
65 10 9 11 6 6.30512e-48
65 11 6 10 9 5.56739e-47
65 9 9 12 12 6.64147e-49
65 9 12 12 9 3.00256e-49
65 12 9 9 12 5.4209e-48
65 12 12 9 9 2.45074e-48
65 7 12 8 10 1.84998e-47
65 8 10 7 12 1.96124e-47
65 10 7 12 8 6.12765e-49
65 12 8 10 7 1.73047e-93
65 4 7 8 7 7.07675e-48
65 7 4 7 8 4.65517e-48
65 7 8 7 4 2.37785e-48
65 8 7 4 7 8.87788e-50
65 5 10 9 10 2.20947e-47
65 9 10 5 10 2.77894e-48
65 10 5 10 9 6.76476e-93
65 10 9 10 5 1.34541e-93
65 4 5 4 11 2.09759e-49
65 4 11 4 5 8.39941e-50
65 5 4 11 4 3.66195e-47
65 11 4 5 4 0.047936
65 5 8 12 11 3.78733e-49
65 8 12 11 5 3.55202e-48
65 11 5 8 12 0.349032
65 12 11 5 8 5.14418e-49
65 6 6 12 7 2.739e-48
65 6 12 7 6 9.50908e-48
65 7 6 6 12 6.29314e-48
65 12 7 6 6 9.23106e-49
65 4 12 9 6 1.38105e-47
65 6 4 12 9 1.14499e-48
65 9 6 4 12 7.35231e-49
65 12 9 6 4 1.77296e-49
65 8 10 11 10 1.61037e-47
65 10 8 10 11 2.74677e-93
65 10 11 10 8 3.63419e-93
65 11 10 8 10 0.14228
65 4 12 5 9 5.53161e-49
65 5 9 4 12 1.03602e-49
65 9 4 12 5 8.00387e-49
65 12 5 9 4 1.10259e-47
65 4 9 7 11 8.59403e-49
65 7 11 4 9 4.31643e-50
65 9 7 11 4 5.13986e-48
65 11 4 9 7 0.0965226
65 5 12 12 11 1.02983e-48
65 11 5 12 12 0.0444611
65 12 11 5 12 4.7083e-48
65 12 12 11 5 3.13514e-48
65 4 12 4 12 9.53238e-49
65 12 4 12 4 6.63652e-48
65 4 10 9 11 8.29142e-48
65 9 11 4 10 1.8654e-49
65 10 9 11 4 4.29069e-48
65 11 4 10 9 4.99429e-47
65 4 6 4 11 1.90057e-49
65 4 11 4 6 1.69319e-49
65 6 4 11 4 1.86066e-47
65 11 4 6 4 0.0109448
65 4 9 9 11 2.13888e-48
65 9 9 11 4 2.3139e-48
65 9 11 4 9 4.58615e-50
65 11 4 9 9 0.0717458
65 6 12 9 9 2.92037e-48
65 9 6 12 9 7.41387e-49
65 9 9 6 12 3.65086e-49
65 12 9 9 6 2.67761e-48
65 6 11 10 7 4.47781e-93
65 7 6 11 10 3.04034e-47
65 10 7 6 11 5.52843e-49
65 11 10 7 6 0.0569674
65 4 8 6 8 1.09095e-49
65 6 8 4 8 2.05569e-50
65 8 4 8 6 4.33321e-47
65 8 6 8 4 3.28717e-47
65 4 9 6 12 4.23867e-49
65 6 12 4 9 3.61084e-50
65 9 6 12 4 1.85707e-48
65 12 4 9 6 1.99812e-47
66 4 9 11 12 2.05863e-05
66 9 11 12 4 0.0011663
66 11 12 4 9 1.48961e-90
66 12 4 9 11 8.36814e-46
66 4 12 8 11 2.37335e-46
66 8 11 4 12 9.33929e-07
66 11 4 12 8 4.72586e-46
66 12 8 11 4 0.0143381
66 6 8 9 11 1.07338e-46
66 8 9 11 6 0.0030971
66 9 11 6 8 0.000587045
66 11 6 8 9 7.38648e-88
66 6 6 9 9 2.4774e-47
66 6 9 9 6 2.65982e-05
66 9 6 6 9 1.14923e-48
66 9 9 6 6 1.23385e-06
66 4 6 7 12 7.00297e-05
66 6 7 12 4 0.00270383
66 7 12 4 6 2.41817e-05
66 12 4 6 7 3.88767e-46
66 5 12 8 6 0.0136137
66 6 5 12 8 0.00228619
66 8 6 5 12 4.98111e-05
66 12 8 6 5 0.00485841
66 4 6 9 11 6.26357e-46
66 6 9 11 4 0.00670224
66 9 11 4 6 0.000105176
66 11 4 6 9 3.18826e-89
66 7 12 8 9 2.66247e-46
66 8 9 7 12 6.99053e-06
66 9 7 12 8 0.000878862
66 12 8 9 7 7.57495e-46
66 5 10 7 9 1.27473e-45
66 7 9 5 10 0.00231901
66 9 5 10 7 6.75629e-91
66 10 7 9 5 0.244339
66 6 11 8 11 2.65679e-46
66 8 11 6 11 1.03767e-47
66 11 6 11 8 2.18899e-45
66 11 8 11 6 3.1085e-46
66 9 11 10 12 4.8989e-52
66 10 12 9 11 7.15306e-48
66 11 10 12 9 5.23745e-91
66 12 9 11 10 0.000694827
66 6 6 6 8 0.000826461
66 6 6 8 6 0.0132457
66 6 8 6 6 0.000117363
66 8 6 6 6 0.000517341
66 6 7 12 7 2.65317e-46
66 7 6 7 12 2.39335e-05
66 7 12 7 6 0.000859889
66 12 7 6 7 2.89507e-46
66 5 9 6 9 5.24452e-47
66 6 9 5 9 1.76518e-46
66 9 5 9 6 0.00446156
66 9 6 9 5 0.0611882
66 9 12 10 12 1.73935e-50
66 10 12 9 12 0.000118347
66 12 9 12 10 0.0071417
66 12 10 12 9 5.87351e-46
66 4 4 7 7 1.16546e-45
66 4 7 7 4 0.00884463
66 7 4 4 7 1.12012e-47
66 7 7 4 4 8.50054e-05
66 4 4 12 9 4.28185e-48
66 4 12 9 4 7.95357e-05
66 9 4 4 12 1.13385e-08
66 12 9 4 4 2.12375e-06
66 8 12 12 10 0.00183543
66 10 8 12 12 6.92779e-06
66 12 10 8 12 0.000126021
66 12 12 10 8 6.05949e-48
66 4 7 7 6 0.00455117
66 6 4 7 7 9.80359e-46
66 7 6 4 7 1.12865e-47
66 7 7 6 4 0.000330722
66 4 4 5 6 0.00442225
66 4 5 6 4 0.000851763
66 5 6 4 4 0.000556266
66 6 4 4 5 0.00128979
66 6 7 6 12 2.94403e-06
66 6 12 6 7 2.72927e-47
66 7 6 12 6 0.000472736
66 12 6 7 6 0.0116042
66 4 10 10 6 7.15115e-48
66 6 4 10 10 6.76111e-47
66 10 6 4 10 0.00552684
66 10 10 6 4 0.00368979
66 4 10 7 6 0.0050637
66 6 4 10 7 1.89179e-90
66 7 6 4 10 0.000551167
66 10 7 6 4 0.00453145
66 4 11 12 9 1.36493e-48
66 9 4 11 12 3.91922e-07
66 11 12 9 4 5.94454e-48
66 12 9 4 11 2.06498e-50
66 4 12 12 10 0.00462493
66 10 4 12 12 6.42398e-05
66 12 10 4 12 2.68155e-06
66 12 12 10 4 1.56244e-47
66 7 11 8 12 1.36673e-07
66 8 12 7 11 2.57699e-49
66 11 8 12 7 4.66279e-92
66 12 7 11 8 0.000138843
66 4 12 8 8 0.00786189
66 8 4 12 8 0.00208402
66 8 8 4 12 2.62405e-07
66 12 8 8 4 0.0161902
66 4 12 7 12 2.46717e-05
66 7 12 4 12 2.37119e-07
66 12 4 12 7 1.11349e-45
66 12 7 12 4 0.00845022
66 6 10 9 11 3.08861e-46
66 9 11 6 10 0.00271667
66 10 9 11 6 0.013687
66 11 6 10 9 4.03934e-133
66 9 9 12 12 2.68541e-06
66 9 12 12 9 8.98653e-47
66 12 9 9 12 6.31677e-05
66 12 12 9 9 2.11386e-45
66 7 12 8 10 0.0128601
66 8 10 7 12 2.77694e-05
66 10 7 12 8 0.00709338
66 12 8 10 7 8.98546e-91
66 4 7 8 7 1.8788e-45
66 7 4 7 8 0.00257856
66 7 8 7 4 0.000717028
66 8 7 4 7 1.58655e-47
66 5 10 9 10 0.0816921
66 9 10 5 10 0.0127548
66 10 5 10 9 4.49653e-90
66 10 9 10 5 6.62086e-47
66 4 5 4 11 4.13821e-48
66 4 11 4 5 0.000950187
66 5 4 11 4 0.0370962
66 11 4 5 4 1.24869e-45
66 5 8 12 11 1.56958e-47
66 8 12 11 5 0.0181675
66 11 5 8 12 9.44097e-48
66 12 11 5 8 0.00679621
66 6 6 12 7 3.20748e-46
66 6 12 7 6 0.00189095
66 7 6 6 12 2.33959e-06
66 12 7 6 6 0.0013564
66 4 12 9 6 0.00449428
66 6 4 12 9 3.95525e-46
66 9 6 4 12 1.2546e-06
66 12 9 6 4 0.000907348
66 8 10 11 10 0.0444263
66 10 8 10 11 2.74843e-91
66 10 11 10 8 3.24036e-47
66 11 10 8 10 1.13757e-44
66 4 12 5 9 2.14544e-46
66 5 9 4 12 4.11836e-07
66 9 4 12 5 0.00702692
66 12 5 9 4 0.0236004
66 4 9 7 11 4.10243e-47
66 7 11 4 9 6.14848e-48
66 9 7 11 4 0.00849557
66 11 4 9 7 2.41346e-88
66 5 12 12 11 2.38858e-47
66 11 5 12 12 1.03493e-48
66 12 11 5 12 4.08785e-05
66 12 12 11 5 0.0556391
66 4 12 4 12 1.27968e-06
66 12 4 12 4 0.0209294
66 4 10 9 11 3.33031e-46
66 9 11 4 10 0.000633329
66 10 9 11 4 0.0241253
66 11 4 10 9 3.63601e-133
66 4 6 4 11 5.45697e-48
66 4 11 4 6 9.13622e-05
66 6 4 11 4 0.0161948
66 11 4 6 4 1.61963e-46
66 4 9 9 11 1.44238e-46
66 9 9 11 4 0.0051427
66 9 11 4 9 2.2559e-47
66 11 4 9 9 5.2737e-88
66 6 12 9 9 7.65714e-46
66 9 6 12 9 2.88773e-46
66 9 9 6 12 1.06144e-06
66 12 9 9 6 0.00729282
66 6 11 10 7 6.80232e-91
66 7 6 11 10 0.0214897
66 10 7 6 11 4.96998e-47
66 11 10 7 6 4.26902e-46
66 4 8 6 8 0.000299584
66 6 8 4 8 6.47725e-05
66 8 4 8 6 0.017669
66 8 6 8 4 0.034599
66 4 9 6 12 1.2617e-06
66 6 12 4 9 9.12873e-48
66 9 6 12 4 0.00200739
66 12 4 9 6 0.0241138
67 4 9 11 12 0.00381352
67 9 11 12 4 0.00069691
67 11 12 4 9 8.6076e-05
67 12 4 9 11 0.00348188
67 4 12 8 11 0.00110351
67 8 11 4 12 0.000226161
67 11 4 12 8 0.00211804
67 12 8 11 4 0.00840209
67 6 8 9 11 0.000912719
67 8 9 11 6 0.00152497
67 9 11 6 8 0.000534224
67 11 6 8 9 0.00972975
67 6 6 9 9 0.000221611
67 6 9 9 6 4.33405e-05
67 9 6 6 9 7.65355e-06
67 9 9 6 6 1.4968e-06
67 4 6 7 12 0.0137484
67 6 7 12 4 0.00257859
67 7 12 4 6 0.000269467
67 12 4 6 7 0.0119448
67 5 12 8 6 0.00894668
67 6 5 12 8 0.000950165
67 8 6 5 12 0.00467442
67 12 8 6 5 0.000525592
67 4 6 9 11 0.0017408
67 6 9 11 4 0.0059998
67 9 11 4 6 0.000342255
67 11 4 6 9 0.000833911
67 7 12 8 9 0.00488068
67 8 9 7 12 0.000602641
67 9 7 12 8 0.000951335
67 12 8 9 7 0.016842
67 5 10 7 9 0.00305434
67 7 9 5 10 0.00183893
67 9 5 10 7 5.91761e-48
67 10 7 9 5 0.0078445
67 6 11 8 11 0.0012688
67 8 11 6 11 1.30583e-05
67 11 6 11 8 0.00558265
67 11 8 11 6 0.00155963
67 9 11 10 12 1.29325e-49
67 10 12 9 11 1.14412e-05
67 11 10 12 9 1.01972e-05
67 12 9 11 10 0.000222976
67 6 6 6 8 0.00126545
67 6 6 8 6 0.0274686
67 6 8 6 6 0.000353529
67 8 6 6 6 0.000282704
67 6 7 12 7 0.0110531
67 7 6 7 12 0.0121713
67 7 12 7 6 0.00347954
67 12 7 6 7 0.00426619
67 5 9 6 9 7.15633e-05
67 6 9 5 9 0.0010386
67 9 5 9 6 0.00181515
67 9 6 9 5 0.00931162
67 9 12 10 12 9.45365e-48
67 10 12 9 12 0.0138516
67 12 9 12 10 0.00203641
67 12 10 12 9 0.00279903
67 4 4 7 7 0.0451731
67 4 7 7 4 0.00376391
67 7 4 4 7 0.00309703
67 7 7 4 4 0.000258051
67 4 4 12 9 3.66467e-05
67 4 12 9 4 6.14154e-05
67 9 4 4 12 1.88817e-05
67 12 9 4 4 1.57137e-06
67 8 12 12 10 0.000805894
67 10 8 12 12 0.000722299
67 12 10 8 12 0.0284182
67 12 12 10 8 5.6378e-48
67 4 7 7 6 0.00405887
67 6 4 7 7 0.0803554
67 7 6 4 7 0.00157785
67 7 7 6 4 0.000381775
67 4 4 5 6 0.0070819
67 4 5 6 4 0.000107332
67 5 6 4 4 0.000277191
67 6 4 4 5 0.00140128
67 6 7 6 12 0.0012141
67 6 12 6 7 0.00196804
67 7 6 12 6 0.00122008
67 12 6 7 6 0.00825872
67 4 10 10 6 1.04648e-47
67 6 4 10 10 1.35926e-46
67 10 6 4 10 0.00236859
67 10 10 6 4 0.000873513
67 4 10 7 6 0.00692603
67 6 4 10 7 1.65898e-46
67 7 6 4 10 0.00176647
67 10 7 6 4 0.000699473
67 4 11 12 9 4.76668e-06
67 9 4 11 12 0.000282657
67 11 12 9 4 1.4196e-05
67 12 9 4 11 9.13714e-08
67 4 12 12 10 0.00365874
67 10 4 12 12 0.00915575
67 12 10 4 12 0.00159654
67 12 12 10 4 9.43236e-48
67 7 11 8 12 5.85047e-05
67 8 12 7 11 6.37593e-07
67 11 8 12 7 4.33301e-06
67 12 7 11 8 8.2212e-05
67 4 12 8 8 0.00942067
67 8 4 12 8 0.00167625
67 8 8 4 12 0.000113921
67 12 8 8 4 0.00829723
67 4 12 7 12 0.00804776
67 7 12 4 12 0.000551748
67 12 4 12 7 0.0346214
67 12 7 12 4 0.00288473
67 6 10 9 11 0.00264083
67 9 11 6 10 0.00160644
67 10 9 11 6 0.00420577
67 11 6 10 9 5.45773e-48
67 9 9 12 12 0.000688399
67 9 12 12 9 0.00100629
67 12 9 9 12 0.00769355
67 12 12 9 9 0.0112463
67 7 12 8 10 0.0259378
67 8 10 7 12 0.00440204
67 10 7 12 8 0.00170771
67 12 8 10 7 2.06336e-47
67 4 7 8 7 0.0364296
67 7 4 7 8 0.00913402
67 7 8 7 4 0.00120558
67 8 7 4 7 0.000450799
67 5 10 9 10 0.0223094
67 9 10 5 10 0.0111819
67 10 5 10 9 1.82511e-48
67 10 9 10 5 1.83106e-48
67 4 5 4 11 8.20082e-06
67 4 11 4 5 0.00019919
67 5 4 11 4 0.0158335
67 11 4 5 4 0.00295101
67 5 8 12 11 2.60412e-05
67 8 12 11 5 0.00188482
67 11 5 8 12 0.00160367
67 12 11 5 8 0.00247224
67 6 6 12 7 0.0140869
67 6 12 7 6 0.00624667
67 7 6 6 12 0.00124593
67 12 7 6 6 0.00095891
67 4 12 9 6 0.00727273
67 6 4 12 9 0.00715854
67 9 6 4 12 0.00105637
67 12 9 6 4 0.000255291
67 8 10 11 10 0.0192218
67 10 8 10 11 3.95356e-49
67 10 11 10 8 6.70047e-48
67 11 10 8 10 0.0239848
67 4 12 5 9 0.00125363
67 5 9 4 12 7.10496e-05
67 9 4 12 5 0.0021636
67 12 5 9 4 0.00222691
67 4 9 7 11 8.70793e-05
67 7 11 4 9 0.000144536
67 9 7 11 4 0.00671532
67 11 4 9 7 0.0299691
67 5 12 12 11 4.5511e-05
67 11 5 12 12 0.000178609
67 12 11 5 12 0.00422222
67 12 12 11 5 0.00787265
67 4 12 4 12 0.00114952
67 12 4 12 4 0.0148971
67 4 10 9 11 0.00134652
67 9 11 4 10 0.000984851
67 10 9 11 4 0.00353744
67 11 4 10 9 9.71634e-48
67 4 6 4 11 4.03183e-05
67 4 11 4 6 0.000190897
67 6 4 11 4 0.0362415
67 11 4 6 4 0.000465418
67 4 9 9 11 0.000317154
67 9 9 11 4 0.00339048
67 9 11 4 9 0.000318837
67 11 4 9 9 0.013645
67 6 12 9 9 0.0113807
67 9 6 12 9 0.00194618
67 9 9 6 12 0.000268877
67 12 9 9 6 0.00425374
67 6 11 10 7 2.43403e-47
67 7 6 11 10 0.0298283
67 10 7 6 11 4.58782e-05
67 11 10 7 6 0.00180583
67 4 8 6 8 0.000313835
67 6 8 4 8 0.000377342
67 8 4 8 6 0.0190203
67 8 6 8 4 0.00898609
67 4 9 6 12 0.000205219
67 6 12 4 9 0.000360691
67 9 6 12 4 0.00148635
67 12 4 9 6 0.0351604
68 4 9 11 12 0.00329617
68 9 11 12 4 1.22482e-46
68 11 12 4 9 3.26543e-05
68 12 4 9 11 0.00717255
68 4 12 8 11 0.000174085
68 8 11 4 12 6.75038e-47
68 11 4 12 8 0.00185139
68 12 8 11 4 0.0349094
68 6 8 9 11 0.000596013
68 8 9 11 6 0.00154803
68 9 11 6 8 5.74461e-47
68 11 6 8 9 0.00381607
68 6 6 9 9 3.29818e-05
68 6 9 9 6 2.63202e-05
68 9 6 6 9 9.92331e-07
68 9 9 6 6 7.91903e-07
68 4 6 7 12 0.00454471
68 6 7 12 4 6.75239e-46
68 7 12 4 6 0.000289898
68 12 4 6 7 0.00741524
68 5 12 8 6 0.00438032
68 6 5 12 8 0.00703856
68 8 6 5 12 0.000566395
68 12 8 6 5 0.00104408
68 4 6 9 11 0.000698206
68 6 9 11 4 0.00726034
68 9 11 4 6 1.00017e-46
68 11 4 6 9 0.000873985
68 7 12 8 9 0.00155455
68 8 9 7 12 0.000424291
68 9 7 12 8 9.10446e-47
68 12 8 9 7 0.0104345
68 5 10 7 9 0.0127066
68 7 9 5 10 0.00278461
68 9 5 10 7 1.49917e-47
68 10 7 9 5 4.85496e-45
68 6 11 8 11 2.57349e-46
68 8 11 6 11 3.86092e-48
68 11 6 11 8 0.00318843
68 11 8 11 6 0.00325872
68 9 11 10 12 1.15973e-92
68 10 12 9 11 4.91195e-06
68 11 10 12 9 1.22535e-05
68 12 9 11 10 0.000426521
68 6 6 6 8 0.000229094
68 6 6 8 6 0.00561489
68 6 8 6 6 0.000234145
68 8 6 6 6 8.42383e-05
68 6 7 12 7 6.14365e-46
68 7 6 7 12 0.0136555
68 7 12 7 6 0.00251546
68 12 7 6 7 1.08884e-45
68 5 9 6 9 0.000224245
68 6 9 5 9 0.000356022
68 9 5 9 6 0.0133532
68 9 6 9 5 0.00109352
68 9 12 10 12 4.11293e-49
68 10 12 9 12 0.00309624
68 12 9 12 10 0.00276951
68 12 10 12 9 0.0047779
68 4 4 7 7 0.0153137
68 4 7 7 4 2.47144e-45
68 7 4 4 7 0.00530286
68 7 7 4 4 8.55812e-46
68 4 4 12 9 1.90486e-05
68 4 12 9 4 1.15682e-05
68 9 4 4 12 8.94323e-06
68 12 9 4 4 1.20362e-05
68 8 12 12 10 4.65059e-05
68 10 8 12 12 0.00106125
68 12 10 8 12 0.0410597
68 12 12 10 8 1.49668e-48
68 4 7 7 6 1.90387e-45
68 6 4 7 7 0.016992
68 7 6 4 7 0.00125504
68 7 7 6 4 6.53022e-46
68 4 4 5 6 0.00404334
68 4 5 6 4 0.00300228
68 5 6 4 4 0.00113778
68 6 4 4 5 0.00116372
68 6 7 6 12 1.70048e-46
68 6 12 6 7 5.96312e-05
68 7 6 12 6 0.00140323
68 12 6 7 6 0.0104436
68 4 10 10 6 1.20324e-47
68 6 4 10 10 4.09752e-47
68 10 6 4 10 0.00287861
68 10 10 6 4 0.00392549
68 4 10 7 6 0.0108764
68 6 4 10 7 2.56858e-47
68 7 6 4 10 0.00273569
68 10 7 6 4 9.38913e-46
68 4 11 12 9 9.53418e-49
68 9 4 11 12 8.09005e-05
68 11 12 9 4 4.49117e-06
68 12 9 4 11 5.98902e-07
68 4 12 12 10 0.000288242
68 10 4 12 12 0.0110946
68 12 10 4 12 0.00555198
68 12 12 10 4 4.91305e-48
68 7 11 8 12 3.36177e-47
68 8 12 7 11 1.19162e-07
68 11 8 12 7 1.91257e-06
68 12 7 11 8 5.90297e-47
68 4 12 8 8 0.000885151
68 8 4 12 8 0.000639001
68 8 8 4 12 0.000107142
68 12 8 8 4 0.0237028
68 4 12 7 12 0.00106911
68 7 12 4 12 0.000370211
68 12 4 12 7 0.0179035
68 12 7 12 4 2.8894e-45
68 6 10 9 11 0.00195758
68 9 11 6 10 1.4007e-46
68 10 9 11 6 0.0155244
68 11 6 10 9 2.53488e-48
68 9 9 12 12 0.000189219
68 9 12 12 9 4.36776e-05
68 12 9 9 12 0.011146
68 12 12 9 9 0.00257284
68 7 12 8 10 0.0067071
68 8 10 7 12 0.00315812
68 10 7 12 8 9.73205e-46
68 12 8 10 7 1.48162e-47
68 4 7 8 7 3.13924e-45
68 7 4 7 8 0.025235
68 7 8 7 4 0.0079238
68 8 7 4 7 6.84869e-47
68 5 10 9 10 0.0476006
68 9 10 5 10 0.00227378
68 10 5 10 9 6.60317e-47
68 10 9 10 5 4.31529e-48
68 4 5 4 11 0.000380599
68 4 11 4 5 1.02048e-46
68 5 4 11 4 0.0845408
68 11 4 5 4 0.00396134
68 5 8 12 11 0.000102572
68 8 12 11 5 0.000207363
68 11 5 8 12 0.0270416
68 12 11 5 8 9.24575e-46
68 6 6 12 7 0.000884728
68 6 12 7 6 0.000829952
68 7 6 6 12 0.0010729
68 12 7 6 6 8.23674e-46
68 4 12 9 6 0.00097861
68 6 4 12 9 0.00232103
68 9 6 4 12 0.000232432
68 12 9 6 4 0.00100854
68 8 10 11 10 0.0115026
68 10 8 10 11 1.27767e-48
68 10 11 10 8 4.09301e-90
68 11 10 8 10 0.0226281
68 4 12 5 9 9.52174e-05
68 5 9 4 12 0.000377817
68 9 4 12 5 0.000553545
68 12 5 9 4 0.122327
68 4 9 7 11 0.000160754
68 7 11 4 9 2.28386e-46
68 9 7 11 4 1.77355e-45
68 11 4 9 7 0.0107799
68 5 12 12 11 2.76007e-05
68 11 5 12 12 0.00311434
68 12 11 5 12 1.38037e-45
68 12 12 11 5 0.00282119
68 4 12 4 12 0.000227251
68 12 4 12 4 0.0362933
68 4 10 9 11 0.00160017
68 9 11 4 10 1.66497e-46
68 10 9 11 4 0.0182783
68 11 4 10 9 9.71447e-48
68 4 6 4 11 3.80929e-05
68 4 11 4 6 1.2472e-46
68 6 4 11 4 0.0324675
68 11 4 6 4 0.000958232
68 4 9 9 11 0.000369873
68 9 9 11 4 0.00294197
68 9 11 4 9 6.63938e-47
68 11 4 9 9 0.0117707
68 6 12 9 9 0.00068068
68 9 6 12 9 0.000210196
68 9 9 6 12 8.87219e-05
68 12 9 9 6 0.00988085
68 6 11 10 7 1.45017e-90
68 7 6 11 10 0.0279143
68 10 7 6 11 5.26984e-47
68 11 10 7 6 0.00476303
68 4 8 6 8 0.000237738
68 6 8 4 8 0.000345711
68 8 4 8 6 0.0098281
68 8 6 8 4 0.00301945
68 4 9 6 12 0.000151394
68 6 12 4 9 5.0818e-05
68 9 6 12 4 0.000315359
68 12 4 9 6 0.0604644
69 4 9 11 12 8.19368e-48
69 9 11 12 4 0.0785202
69 11 12 4 9 4.94913e-49
69 12 4 9 11 3.86345e-48
69 4 12 8 11 3.06067e-48
69 8 11 4 12 4.91274e-48
69 11 4 12 8 1.32789e-47
69 12 8 11 4 1.71943e-47
69 6 8 9 11 1.51302e-48
69 8 9 11 6 1.11625e-47
69 9 11 6 8 0.059805
69 11 6 8 9 5.01627e-47
69 6 6 9 9 3.50152e-49
69 6 9 9 6 8.17014e-50
69 9 6 6 9 0.000141983
69 9 9 6 6 3.3129e-05
69 4 6 7 12 3.32209e-47
69 6 7 12 4 6.28594e-48
69 7 12 4 6 1.32542e-48
69 12 4 6 7 3.18549e-48
69 5 12 8 6 8.0853e-47
69 6 5 12 8 2.74477e-48
69 8 6 5 12 2.22501e-47
69 12 8 6 5 7.75029e-49
69 4 6 9 11 4.48253e-48
69 6 9 11 4 1.24519e-47
69 9 11 4 6 0.0318751
69 11 4 6 9 4.41915e-48
69 7 12 8 9 2.06964e-47
69 8 9 7 12 3.24456e-48
69 9 7 12 8 0.0241548
69 12 8 9 7 5.40348e-48
69 5 10 7 9 1.0754e-47
69 7 9 5 10 4.08332e-48
69 9 5 10 7 3.05583e-47
69 10 7 9 5 2.71188e-47
69 6 11 8 11 8.16869e-48
69 8 11 6 11 3.74899e-49
69 11 6 11 8 3.67675e-47
69 11 8 11 6 1.13249e-47
69 9 11 10 12 8.19392e-48
69 10 12 9 11 3.90114e-50
69 11 10 12 9 2.47042e-50
69 12 9 11 10 1.6567e-49
69 6 6 6 8 2.64944e-48
69 6 6 8 6 4.86218e-47
69 6 8 6 6 8.16061e-49
69 8 6 6 6 2.23148e-48
69 6 7 12 7 4.08165e-48
69 7 6 7 12 4.01412e-47
69 7 12 7 6 2.01277e-47
69 12 7 6 7 1.4209e-48
69 5 9 6 9 5.43691e-49
69 6 9 5 9 1.63466e-48
69 9 5 9 6 0.0551554
69 9 6 9 5 0.145245
69 9 12 10 12 1.4135e-46
69 10 12 9 12 4.02972e-47
69 12 9 12 10 1.55487e-48
69 12 10 12 9 1.67725e-48
69 4 4 7 7 2.70082e-47
69 4 7 7 4 1.85532e-47
69 7 4 4 7 2.14899e-48
69 7 7 4 4 1.47625e-48
69 4 4 12 9 9.72238e-50
69 4 12 9 4 2.69653e-49
69 9 4 4 12 0.000219168
69 12 9 4 4 2.6805e-51
69 8 12 12 10 3.26062e-48
69 10 8 12 12 2.1636e-48
69 12 10 8 12 1.24148e-47
69 12 12 10 8 1.06067e-92
69 4 7 7 6 1.75591e-47
69 6 4 7 7 2.63174e-47
69 7 6 4 7 1.18193e-48
69 7 7 6 4 2.46285e-48
69 4 4 5 6 2.19517e-47
69 4 5 6 4 6.4258e-49
69 5 6 4 4 2.47818e-48
69 6 4 4 5 1.70073e-48
69 6 7 6 12 1.78264e-48
69 6 12 6 7 7.56166e-49
69 7 6 12 6 5.62203e-48
69 12 6 7 6 1.43665e-47
69 4 10 10 6 1.57565e-92
69 6 4 10 10 1.1091e-91
69 10 6 4 10 4.22677e-48
69 10 10 6 4 1.87534e-48
69 4 10 7 6 1.16487e-47
69 6 4 10 7 4.8641e-92
69 7 6 4 10 3.68249e-48
69 10 7 6 4 3.86264e-48
69 4 11 12 9 6.55646e-50
69 9 4 11 12 0.00338978
69 11 12 9 4 1.17225e-49
69 12 9 4 11 1.03599e-52
69 4 12 12 10 6.72443e-48
69 10 4 12 12 2.16168e-47
69 12 10 4 12 6.86319e-49
69 12 12 10 4 1.89688e-92
69 7 11 8 12 8.00746e-49
69 8 12 7 11 4.50512e-51
69 11 8 12 7 5.58074e-51
69 12 7 11 8 1.54935e-49
69 4 12 8 8 3.6776e-47
69 8 4 12 8 1.2301e-47
69 8 8 4 12 6.05564e-49
69 12 8 8 4 1.67013e-47
69 4 12 7 12 2.20393e-47
69 7 12 4 12 1.75363e-48
69 12 4 12 7 8.69334e-48
69 12 7 12 4 5.97187e-48
69 6 10 9 11 1.67537e-48
69 9 11 6 10 0.081039
69 10 9 11 6 1.63392e-47
69 11 6 10 9 2.91509e-92
69 9 9 12 12 0.00926995
69 9 12 12 9 0.0199208
69 12 9 9 12 7.95842e-48
69 12 12 9 9 1.71024e-47
69 7 12 8 10 6.22774e-47
69 8 10 7 12 1.05316e-47
69 10 7 12 8 8.30664e-48
69 12 8 10 7 6.51802e-93
69 4 7 8 7 2.35056e-47
69 7 4 7 8 4.60325e-47
69 7 8 7 4 8.23963e-48
69 8 7 4 7 6.30086e-49
69 5 10 9 10 4.04384e-47
69 9 10 5 10 0.0493003
69 10 5 10 9 8.87436e-93
69 10 9 10 5 5.45285e-93
69 4 5 4 11 2.89392e-50
69 4 11 4 5 2.28814e-48
69 5 4 11 4 1.35478e-46
69 11 4 5 4 1.96018e-47
69 5 8 12 11 1.93094e-49
69 8 12 11 5 1.16212e-47
69 11 5 8 12 9.22832e-48
69 12 11 5 8 1.9701e-47
69 6 6 12 7 4.49654e-48
69 6 12 7 6 1.45022e-47
69 7 6 6 12 3.94006e-48
69 12 7 6 6 1.85036e-48
69 4 12 9 6 2.8025e-47
69 6 4 12 9 1.04034e-47
69 9 6 4 12 0.013237
69 12 9 6 4 4.91077e-49
69 8 10 11 10 3.00326e-47
69 10 8 10 11 1.37635e-93
69 10 11 10 8 1.34166e-91
69 11 10 8 10 3.14907e-47
69 4 12 5 9 4.03333e-48
69 5 9 4 12 3.64606e-49
69 9 4 12 5 0.0310412
69 12 5 9 4 5.88096e-48
69 4 9 7 11 2.49607e-49
69 7 11 4 9 2.55568e-48
69 9 7 11 4 0.177353
69 11 4 9 7 3.06399e-47
69 5 12 12 11 3.25436e-49
69 11 5 12 12 1.07383e-48
69 12 11 5 12 2.03963e-47
69 12 12 11 5 1.02572e-47
69 4 12 4 12 2.67679e-48
69 12 4 12 4 2.46933e-47
69 4 10 9 11 1.55945e-48
69 9 11 4 10 0.044058
69 10 9 11 4 1.56587e-47
69 11 4 10 9 4.80733e-92
69 4 6 4 11 9.70911e-50
69 4 11 4 6 2.91515e-48
69 6 4 11 4 6.8837e-47
69 11 4 6 4 3.31263e-48
69 4 9 9 11 8.26581e-49
69 9 9 11 4 0.0783406
69 9 11 4 9 0.0251908
69 11 4 9 9 6.85666e-47
69 6 12 9 9 2.03797e-47
69 9 6 12 9 0.0339939
69 9 9 6 12 0.00384544
69 12 9 9 6 6.80963e-48
69 6 11 10 7 3.70001e-92
69 7 6 11 10 6.42453e-47
69 10 7 6 11 1.68395e-49
69 11 10 7 6 5.71212e-48
69 4 8 6 8 1.40969e-48
69 6 8 4 8 8.23363e-49
69 8 4 8 6 1.25331e-46
69 8 6 8 4 7.28337e-47
69 4 9 6 12 4.81248e-49
69 6 12 4 9 6.04042e-49
69 9 6 12 4 0.0348698
69 12 4 9 6 5.1514e-47
70 4 9 11 12 0.00802293
70 9 11 12 4 0.00053322
70 11 12 4 9 1.6762e-47
70 12 4 9 11 0.0036092
70 4 12 8 11 0.0181764
70 8 11 4 12 8.88855e-48
70 11 4 12 8 1.40579e-46
70 12 8 11 4 0.00688094
70 6 8 9 11 0.100861
70 8 9 11 6 0.0118416
70 9 11 6 8 6.2008e-46
70 11 6 8 9 0.00289405
70 6 6 9 9 5.22039e-05
70 6 9 9 6 0.00115012
70 9 6 6 9 1.01033e-06
70 9 9 6 6 2.2259e-05
70 4 6 7 12 0.000169529
70 6 7 12 4 0.00043164
70 7 12 4 6 3.30465e-47
70 12 4 6 7 0.00169452
70 5 12 8 6 0.0318039
70 6 5 12 8 5.14049e-89
70 8 6 5 12 2.06288e-05
70 12 8 6 5 0.0320327
70 4 6 9 11 0.0037636
70 6 9 11 4 0.00887616
70 9 11 4 6 1.88433e-46
70 11 4 6 9 0.000748221
70 7 12 8 9 0.0083112
70 8 9 7 12 0.000193554
70 9 7 12 8 7.31124e-47
70 12 8 9 7 0.104519
70 5 10 7 9 1.50396e-47
70 7 9 5 10 0.010982
70 9 5 10 7 4.03701e-91
70 10 7 9 5 0.00185246
70 6 11 8 11 0.0937275
70 8 11 6 11 0.000735049
70 11 6 11 8 1.07313e-46
70 11 8 11 6 0.0332624
70 9 11 10 12 4.74495e-50
70 10 12 9 11 4.07337e-06
70 11 10 12 9 8.08434e-50
70 12 9 11 10 0.000668152
70 6 6 6 8 4.0832e-47
70 6 6 8 6 0.00542277
70 6 8 6 6 0.0126562
70 8 6 6 6 4.25276e-05
70 6 7 12 7 0.00820105
70 7 6 7 12 6.11398e-05
70 7 12 7 6 0.00253655
70 12 7 6 7 0.00240514
70 5 9 6 9 0.00599044
70 6 9 5 9 0.0205552
70 9 5 9 6 3.65941e-46
70 9 6 9 5 0.00250858
70 9 12 10 12 3.3205e-49
70 10 12 9 12 6.76503e-05
70 12 9 12 10 0.0106393
70 12 10 12 9 8.94058e-48
70 4 4 7 7 0.00800838
70 4 7 7 4 0.000598262
70 7 4 4 7 3.76276e-47
70 7 7 4 4 2.81095e-48
70 4 4 12 9 4.06092e-05
70 4 12 9 4 2.51935e-05
70 9 4 4 12 1.35806e-50
70 12 9 4 4 1.5675e-49
70 8 12 12 10 0.000260105
70 10 8 12 12 5.07189e-05
70 12 10 8 12 4.34055e-48
70 12 12 10 8 5.0493e-91
70 4 7 7 6 0.00676899
70 6 4 7 7 0.00611619
70 7 6 4 7 9.6801e-48
70 7 7 6 4 8.17073e-05
70 4 4 5 6 0.00495216
70 4 5 6 4 1.61873e-47
70 5 6 4 4 8.62184e-49
70 6 4 4 5 1.28227e-46
70 6 7 6 12 0.000167197
70 6 12 6 7 0.00211126
70 7 6 12 6 0.000258353
70 12 6 7 6 0.000423693
70 4 10 10 6 1.00733e-91
70 6 4 10 10 1.61525e-47
70 10 6 4 10 5.6368e-49
70 10 10 6 4 2.68104e-50
70 4 10 7 6 3.4605e-47
70 6 4 10 7 2.43273e-47
70 7 6 4 10 8.78224e-48
70 10 7 6 4 7.16587e-06
70 4 11 12 9 0.000235283
70 9 4 11 12 1.70018e-06
70 11 12 9 4 3.49929e-06
70 12 9 4 11 4.05665e-49
70 4 12 12 10 0.00549803
70 10 4 12 12 1.06945e-05
70 12 10 4 12 1.89052e-92
70 12 12 10 4 7.5035e-49
70 7 11 8 12 5.62539e-05
70 8 12 7 11 1.0395e-06
70 11 8 12 7 6.80663e-05
70 12 7 11 8 5.01096e-48
70 4 12 8 8 3.9252e-45
70 8 4 12 8 3.97665e-47
70 8 8 4 12 6.04257e-48
70 12 8 8 4 0.0104805
70 4 12 7 12 0.000838015
70 7 12 4 12 3.93743e-48
70 12 4 12 7 0.00364499
70 12 7 12 4 0.000272297
70 6 10 9 11 5.77976e-47
70 9 11 6 10 0.00594894
70 10 9 11 6 0.00296512
70 11 6 10 9 1.44132e-48
70 9 9 12 12 0.000442097
70 9 12 12 9 0.000832521
70 12 9 9 12 0.00669926
70 12 12 9 9 0.0126155
70 7 12 8 10 0.0140463
70 8 10 7 12 2.74887e-49
70 10 7 12 8 1.46175e-47
70 12 8 10 7 1.02568e-46
70 4 7 8 7 0.0556925
70 7 4 7 8 1.67554e-46
70 7 8 7 4 0.00118086
70 8 7 4 7 1.14756e-47
70 5 10 9 10 8.40246e-47
70 9 10 5 10 5.57997e-48
70 10 5 10 9 3.5338e-92
70 10 9 10 5 5.33703e-48
70 4 5 4 11 2.80172e-90
70 4 11 4 5 1.89106e-45
70 5 4 11 4 0.000815644
70 11 4 5 4 0.000118182
70 5 8 12 11 0.00625794
70 8 12 11 5 0.00307693
70 11 5 8 12 5.82531e-47
70 12 11 5 8 2.00045e-45
70 6 6 12 7 0.00132807
70 6 12 7 6 0.00479926
70 7 6 6 12 2.06865e-05
70 12 7 6 6 0.00127967
70 4 12 9 6 0.0313022
70 6 4 12 9 0.00340577
70 9 6 4 12 3.83659e-49
70 12 9 6 4 0.000500345
70 8 10 11 10 9.93491e-48
70 10 8 10 11 1.58947e-48
70 10 11 10 8 5.0491e-91
70 11 10 8 10 5.34936e-47
70 4 12 5 9 0.00402413
70 5 9 4 12 1.63629e-47
70 9 4 12 5 0.00117723
70 12 5 9 4 5.91689e-47
70 4 9 7 11 0.00949236
70 7 11 4 9 1.99323e-46
70 9 7 11 4 0.000262915
70 11 4 9 7 0.00767881
70 5 12 12 11 0.000775782
70 11 5 12 12 7.33417e-48
70 12 11 5 12 0.00185276
70 12 12 11 5 0.0144868
70 4 12 4 12 2.01369e-47
70 12 4 12 4 0.000353839
70 4 10 9 11 6.86409e-47
70 9 11 4 10 1.85627e-46
70 10 9 11 4 0.000237695
70 11 4 10 9 5.08155e-48
70 4 6 4 11 6.09681e-48
70 4 11 4 6 6.00298e-46
70 6 4 11 4 0.000875552
70 11 4 6 4 3.69717e-05
70 4 9 9 11 0.0831538
70 9 9 11 4 0.00204545
70 9 11 4 9 1.88971e-46
70 11 4 9 9 0.00890906
70 6 12 9 9 0.0226394
70 9 6 12 9 0.000190664
70 9 9 6 12 0.000232674
70 12 9 9 6 0.0636531
70 6 11 10 7 1.58987e-46
70 7 6 11 10 0.00124018
70 10 7 6 11 2.09186e-05
70 11 10 7 6 5.42169e-48
70 4 8 6 8 2.80795e-45
70 6 8 4 8 7.37765e-89
70 8 4 8 6 0.00371999
70 8 6 8 4 8.45829e-05
70 4 9 6 12 0.00101431
70 6 12 4 9 5.01853e-47
70 9 6 12 4 1.2892e-05
70 12 4 9 6 0.00859192
71 1 0 2 11 0.039947
71 3 0 3 9 3.77136e-47
71 2 0 1 7 0.0406737
71 1 0 1 9 0.0434074
71 1 0 3 11 3.04907e-48
71 1 0 1 12 0.0360731
71 3 0 2 9 0.094409
71 3 0 3 12 1.9884e-47
71 3 0 3 5 2.85426e-48
71 3 0 3 8 3.42901e-47
71 2 0 3 11 3.66837e-48
71 1 0 3 8 1.28136e-47
71 3 0 1 9 0.0274769
71 1 0 2 9 0.0841271
71 2 0 2 4 0.0644964
71 2 0 1 11 0.0101408
71 1 0 2 8 0.125936
71 2 0 3 7 1.65734e-47
71 3 0 1 8 0.0378467
71 3 0 2 11 0.0530462
71 1 0 1 7 0.0373374
71 3 0 2 8 0.144513
71 3 0 2 12 0.142081
71 1 0 1 6 0.0184885
72 3 2 0 0 0.538114
72 1 2 0 0 0.238502
72 1 1 0 0 0.223384
73 11 1 0 2 0.0254808
73 9 3 0 3 7.34798e-47
73 7 2 0 1 0.0170827
73 9 1 0 1 0.0604259
73 11 1 0 3 1.93152e-48
73 12 1 0 1 0.0336421
73 9 3 0 2 0.185217
73 12 3 0 3 2.59546e-47
73 5 3 0 3 5.61913e-48
73 8 3 0 3 2.51425e-47
73 11 2 0 3 3.38638e-48
73 8 1 0 3 6.88241e-48
73 9 3 0 1 0.0522152
73 9 1 0 2 0.120902
73 4 2 0 2 0.0372652
73 11 2 0 1 0.00913047
73 8 1 0 2 0.0681108
73 7 2 0 3 7.13666e-48
73 8 3 0 1 0.0270661
73 11 3 0 2 0.0461906
73 7 1 0 1 0.0107611
73 8 3 0 2 0.106695
73 12 3 0 2 0.186742
73 6 1 0 1 0.0130721
74 11 1 0 2 0.00385228
74 9 3 0 3 0.0794982
74 7 2 0 1 0.0219197
74 9 1 0 1 0.0540559
74 11 1 0 3 0.0157476
74 12 1 0 1 0.0260745
74 9 3 0 2 0.00371586
74 12 3 0 3 0.0243286
74 5 3 0 3 0.047927
74 8 3 0 3 0.268101
74 11 2 0 3 0.0237382
74 8 1 0 3 0.125799
74 9 3 0 1 0.0272502
74 9 1 0 2 0.00415776
74 4 2 0 2 0.000274404
74 11 2 0 1 0.0308738
74 8 1 0 2 0.0230856
74 7 2 0 3 0.0189841
74 8 3 0 1 0.13922
74 11 3 0 2 0.00407391
74 7 1 0 1 0.0160598
74 8 3 0 2 0.0210972
74 12 3 0 2 0.00324589
74 6 1 0 1 0.0169193
75 11 1 0 2 0.0214362
75 9 3 0 3 0.271684
75 7 2 0 1 0.00931404
75 9 1 0 1 0.10494
75 11 1 0 3 0.0876388
75 12 1 0 1 0.0240262
75 9 3 0 2 0.0126974
75 12 3 0 3 0.0394633
75 5 3 0 3 0.026381
75 8 3 0 3 0.0587644
75 11 2 0 3 0.0860686
75 8 1 0 3 0.03197
75 9 3 0 1 0.0456268
75 9 1 0 2 0.0164727
75 4 2 0 2 0.00988263
75 11 2 0 1 0.0548439
75 8 1 0 2 0.00586618
75 7 2 0 3 0.0164646
75 8 3 0 1 0.0149506
75 11 3 0 2 0.0195521
75 7 1 0 1 0.0104743
75 8 3 0 2 0.00462369
75 12 3 0 2 0.00526454
75 6 1 0 1 0.0215936
76 11 1 0 2 0.0271927
76 9 3 0 3 0.102896
76 7 2 0 1 0.0603178
76 9 1 0 1 0.0483261
76 11 1 0 3 0.0367587
76 12 1 0 1 0.0425901
76 9 3 0 2 0.0145442
76 12 3 0 3 0.0575324
76 5 3 0 3 0.036711
76 8 3 0 3 0.0900451
76 11 2 0 3 0.0380964
76 8 1 0 3 0.0490817
76 9 3 0 1 0.0209715
76 9 1 0 2 0.0189047
76 4 2 0 2 0.0193007
76 11 2 0 1 0.0294607
76 8 1 0 2 0.0272378
76 7 2 0 3 0.0878585
76 8 3 0 1 0.0278022
76 11 3 0 2 0.0247552
76 7 1 0 1 0.0642774
76 8 3 0 2 0.0214277
76 12 3 0 2 0.0232123
76 6 1 0 1 0.030699
77 11 1 0 2 0.0440706
77 9 3 0 3 0.126289
77 7 2 0 1 0.0465296
77 9 1 0 1 0.0909817
77 11 1 0 3 0.0398247
77 12 1 0 1 0.0385255
77 9 3 0 2 0.026703
77 12 3 0 3 0.0339271
77 5 3 0 3 0.0140781
77 8 3 0 3 0.0508523
77 11 2 0 3 0.0674914
77 8 1 0 3 0.0337032
77 9 3 0 1 0.0324713
77 9 1 0 2 0.0422029
77 4 2 0 2 0.0224941
77 11 2 0 1 0.0658432
77 8 1 0 2 0.0279787
77 7 2 0 3 0.0537234
77 8 3 0 1 0.0198076
77 11 3 0 2 0.0329959
77 7 1 0 1 0.0303229
77 8 3 0 2 0.0181021
77 12 3 0 2 0.0204765
77 6 1 0 1 0.0206054
78 11 1 0 2 0.0364557
78 9 3 0 3 0.0986979
78 7 2 0 1 1.63432e-44
78 9 1 0 1 0.0496738
78 11 1 0 3 0.0537886
78 12 1 0 1 0.0849914
78 9 3 0 2 0.0127815
78 12 3 0 3 0.107138
78 5 3 0 3 0.049306
78 8 3 0 3 4.16749e-44
78 11 2 0 3 0.0667582
78 8 1 0 3 1.96735e-44
78 9 3 0 1 0.02489
78 9 1 0 2 0.0143883
78 4 2 0 2 0.114525
78 11 2 0 1 0.0638779
78 8 1 0 2 1.00027e-44
78 7 2 0 3 1.92392e-44
78 8 3 0 1 1.59214e-44
78 11 3 0 2 0.0383204
78 7 1 0 1 1.45432e-44
78 8 3 0 2 9.08598e-45
78 12 3 0 2 0.0396034
78 6 1 0 1 0.144804
79 11 1 0 2 0.0362801
79 9 3 0 3 0.160706
79 7 2 0 1 9.42438e-48
79 9 1 0 1 0.14973
79 11 1 0 3 0.0287833
79 12 1 0 1 0.0208997
79 9 3 0 2 0.0387043
79 12 3 0 3 0.0142315
79 5 3 0 3 0.0424873
79 8 3 0 3 0.0783917
79 11 2 0 3 7.27504e-48
79 8 1 0 3 0.0461624
79 9 3 0 1 0.0601447
79 9 1 0 2 0.0543497
79 4 2 0 2 1.60661e-47
79 11 2 0 1 1.03307e-47
79 8 1 0 2 0.0436493
79 7 2 0 3 7.47577e-48
79 8 3 0 1 0.0444451
79 11 3 0 2 0.0305719
79 7 1 0 1 0.0411808
79 8 3 0 2 0.0317849
79 12 3 0 2 0.00978344
79 6 1 0 1 0.0677138
80 2 0 0 3 0.511243
80 2 0 0 1 0.23733
80 1 0 0 1 0.251426
