0 0 3 2 0 0.266432
0 0 1 2 0 0.259107
0 0 2 3 0 0.239179
0 0 1 3 0 0.235282
1 0 1 10 3 0.0394913
1 0 2 11 3 0.0578882
1 0 2 12 2 0.0221478
1 0 2 11 1 0.0968933
1 0 2 4 3 0.0277705
1 0 3 4 3 0.0205454
1 0 1 11 2 0.0439281
1 0 3 10 1 0.0510095
1 0 3 5 3 0.0197168
1 0 1 4 2 0.0216285
1 0 3 12 2 0.0165509
1 0 2 12 1 0.0496619
1 0 3 4 1 0.0345188
1 0 1 7 2 0.018409
1 0 2 11 2 0.0220924
1 0 3 8 1 0.0440844
1 0 3 13 3 0.027721
1 0 1 6 3 0.0205879
1 0 1 5 2 0.0215204
1 0 3 12 1 0.0374879
1 0 2 7 2 0.0189618
1 0 2 9 1 0.0597983
1 0 1 12 2 0.0228289
1 0 3 9 3 0.0265003
1 0 3 6 1 0.0279382
1 0 2 4 1 0.0461995
1 0 3 8 3 0.0262097
1 0 2 10 2 0.0311115
1 0 1 4 1 0.0467982
2 0 1 10 3 0.0666832
2 0 2 11 3 0.0848814
2 0 2 12 2 0.0479873
2 0 2 11 1 0.0489989
2 0 2 4 3 0.0300605
2 0 3 4 3 0.0260303
2 0 1 11 2 0.0813923
2 0 3 10 1 0.0320729
2 0 3 5 3 0.0140282
2 0 1 4 2 0.029584
2 0 3 12 2 0.0419729
2 0 2 12 1 0.0318363
2 0 3 4 1 0.0150831
2 0 1 7 2 0.0344547
2 0 2 11 2 0.0377601
2 0 3 8 1 2.54788e-05
2 0 3 13 3 0.0395331
2 0 1 6 3 0.0273249
2 0 1 5 2 0.0165304
2 0 3 12 1 0.0281282
2 0 2 7 2 0.0327377
2 0 2 9 1 0.0290529
2 0 1 12 2 0.0536206
2 0 3 9 3 0.043695
2 0 3 6 1 0.0138076
2 0 2 4 1 0.0172473
2 0 3 8 3 4.39224e-05
2 0 2 10 2 0.0564877
2 0 1 4 1 0.0189392
3 0 1 10 3 0.0178268
3 0 2 11 3 0.0679465
3 0 2 12 2 0.0391684
3 0 2 11 1 0.077258
3 0 2 4 3 0.0232377
3 0 3 4 3 0.0204192
3 0 1 11 2 0.0983542
3 0 3 10 1 0.0167335
3 0 3 5 3 0.0247256
3 0 1 4 2 0.0345231
3 0 3 12 2 0.034765
3 0 2 12 1 0.0347259
3 0 3 4 1 0.0233052
3 0 1 7 2 0.0289398
3 0 2 11 2 0.0445522
3 0 3 8 1 0.0257304
3 0 3 13 3 0.0218008
3 0 1 6 3 0.0274612
3 0 1 5 2 0.043343
3 0 3 12 1 0.031134
3 0 2 7 2 0.0268485
3 0 2 9 1 0.0367625
3 0 1 12 2 0.0448245
3 0 3 9 3 0.0284844
3 0 3 6 1 0.0270813
3 0 2 4 1 0.0262615
3 0 3 8 3 0.022519
3 0 2 10 2 0.0217329
3 0 1 4 1 0.0295349
4 0 1 10 3 0.026568
4 0 2 11 3 0.0588175
4 0 2 12 2 0.0363994
4 0 2 11 1 0.0602381
4 0 2 4 3 0.0293582
4 0 3 4 3 0.0266923
4 0 1 11 2 0.0758245
4 0 3 10 1 0.0232667
4 0 3 5 3 0.0255606
4 0 1 4 2 0.038844
4 0 3 12 2 0.033428
4 0 2 12 1 0.0326031
4 0 3 4 1 0.0274403
4 0 1 7 2 0.0365671
4 0 2 11 2 0.0343834
4 0 3 8 1 0.027502
4 0 3 13 3 0.0238788
4 0 1 6 3 0.0311964
4 0 1 5 2 0.0385664
4 0 3 12 1 0.0302448
4 0 2 7 2 0.0339609
4 0 2 9 1 0.0313523
4 0 1 12 2 0.0416111
4 0 3 9 3 0.0279058
4 0 3 6 1 0.0287023
4 0 2 4 1 0.0298844
4 0 3 8 3 0.0267226
4 0 2 10 2 0.0289073
4 0 1 4 1 0.0335736
5 0 1 10 3 0.0339887
5 0 2 11 3 0.0519561
5 0 2 12 2 0.0296329
5 0 2 11 1 0.0502881
5 0 2 4 3 0.0281057
5 0 3 4 3 0.0305897
5 0 1 11 2 0.0744825
5 0 3 10 1 0.0271393
5 0 3 5 3 0.0259675
5 0 1 4 2 0.0413525
5 0 3 12 2 0.0325772
5 0 2 12 1 0.027989
5 0 3 4 1 0.0297194
5 0 1 7 2 0.0374602
5 0 2 11 2 0.0272204
5 0 3 8 1 0.0253458
5 0 3 13 3 0.0275958
5 0 1 6 3 0.0397286
5 0 1 5 2 0.0363965
5 0 3 12 1 0.0310816
5 0 2 7 2 0.0280388
5 0 2 9 1 0.0331317
5 0 1 12 2 0.0420329
5 0 3 9 3 0.0373534
5 0 3 6 1 0.0333276
5 0 2 4 1 0.0270379
5 0 3 8 3 0.026059
5 0 2 10 2 0.0267115
5 0 1 4 1 0.0376899
6 0 1 10 3 0.0170175
6 0 2 11 3 0.0564287
6 0 2 12 2 0.0341046
6 0 2 11 1 0.0516635
6 0 2 4 3 0.0380501
6 0 3 4 3 0.0437524
6 0 1 11 2 0.0520401
6 0 3 10 1 0.0204648
6 0 3 5 3 0.0444503
6 0 1 4 2 0.0360151
6 0 3 12 2 0.0396113
6 0 2 12 1 0.0314294
6 0 3 4 1 0.040209
6 0 1 7 2 0.0235418
6 0 2 11 2 0.0286618
6 0 3 8 1 0.0464596
6 0 3 13 3 0.028022
6 0 1 6 3 0.0230854
6 0 1 5 2 0.0379366
6 0 3 12 1 0.0368738
6 0 2 7 2 0.0265556
6 0 2 9 1 0.0202151
6 0 1 12 2 0.0320998
6 0 3 9 3 0.025455
6 0 3 6 1 0.0291665
6 0 2 4 1 0.034625
6 0 3 8 3 0.0504977
6 0 2 10 2 0.0195403
6 0 1 4 1 0.032027
7 0 1 10 3 8.07443e-45
7 0 2 11 3 0.054033
7 0 2 12 2 3.33537e-05
7 0 2 11 1 0.047002
7 0 2 4 3 0.0120481
7 0 3 4 3 0.0234875
7 0 1 11 2 0.112146
7 0 3 10 1 6.12494e-45
7 0 3 5 3 0.0620984
7 0 1 4 2 0.0256645
7 0 3 12 2 6.56784e-05
7 0 2 12 1 3.31377e-05
7 0 3 4 1 0.0205084
7 0 1 7 2 0.0754253
7 0 2 11 2 0.0241869
7 0 3 8 1 0.0681565
7 0 3 13 3 0.0589627
7 0 1 6 3 0.0886277
7 0 1 5 2 0.070352
7 0 3 12 1 6.59139e-05
7 0 2 7 2 0.033317
7 0 2 9 1 0.0123449
7 0 1 12 2 8.01679e-05
7 0 3 9 3 0.0277384
7 0 3 6 1 0.0706312
7 0 2 4 1 0.0104166
7 0 3 8 3 0.0779703
7 0 2 10 2 3.19962e-45
7 0 1 4 1 0.0246048
8 0 1 10 3 9.66471e-48
8 0 2 11 3 0.098337
8 0 2 12 2 0.0279774
8 0 2 11 1 0.0878006
8 0 2 4 3 0.036993
8 0 3 4 3 0.0468684
8 0 1 11 2 2.01705e-47
8 0 3 10 1 0.0469994
8 0 3 5 3 0.0834461
8 0 1 4 2 7.78773e-48
8 0 3 12 2 0.0358036
8 0 2 12 1 0.0300387
8 0 3 4 1 0.0420047
8 0 1 7 2 1.24535e-47
8 0 2 11 2 0.0418086
8 0 3 8 1 0.067348
8 0 3 13 3 0.0281171
8 0 1 6 3 4.371e-48
8 0 1 5 2 1.4376e-47
8 0 3 12 1 0.0388309
8 0 2 7 2 0.0528676
8 0 2 9 1 0.028719
8 0 1 12 2 6.99703e-48
8 0 3 9 3 0.0408585
8 0 3 6 1 0.0223317
8 0 2 4 1 0.0328285
8 0 3 8 3 0.0750628
8 0 2 10 2 0.0349584
8 0 1 4 1 8.06854e-48
9 0 0 3 2 0.2337
9 0 0 1 2 0.238627
9 0 0 2 3 0.275354
9 0 0 1 3 0.252319
10 1 10 3 0 5.64241e-48
10 2 11 3 0 0.0883379
10 2 12 2 0 0.0490291
10 2 11 1 0 0.0935515
10 2 4 3 0 0.0339221
10 3 4 3 0 0.0404425
10 1 11 2 0 2.78877e-47
10 3 10 1 0 0.031597
10 3 5 3 0 0.0339935
10 1 4 2 0 1.0991e-47
10 3 12 2 0 0.0590432
10 2 12 1 0 0.0393214
10 3 4 1 0 0.0429912
10 1 7 2 0 1.11476e-47
10 2 11 2 0 0.0596374
10 3 8 1 0 0.0481937
10 3 13 3 0 0.0292885
10 1 6 3 0 7.88396e-48
10 1 5 2 0 9.5785e-48
10 3 12 1 0 0.0478322
10 2 7 2 0 0.0488245
10 2 9 1 0 0.0437744
10 1 12 2 0 1.18851e-47
10 3 9 3 0 0.049409
10 3 6 1 0 0.0463834
10 2 4 1 0 0.0357056
10 3 8 3 0 0.0452863
10 2 10 2 0 0.0334356
10 1 4 1 0 8.50593e-48
11 5 11 9 12 0.00759684
11 9 12 5 11 0.0207247
11 11 9 12 5 0.00418751
11 12 5 11 9 0.00754309
11 4 10 12 9 0.00848845
11 9 4 10 12 0.0028645
11 10 12 9 4 0.0107393
11 12 9 4 10 0.000473043
11 7 11 12 12 0.00178093
11 11 12 12 7 0.00441473
11 12 7 11 12 0.00131865
11 12 12 7 11 0.00952442
11 5 9 7 6 0.000617528
11 6 5 9 7 0.00671583
11 7 6 5 9 0.00162257
11 9 7 6 5 0.000739432
11 5 11 8 13 0.000760364
11 8 13 5 11 0.00446568
11 11 8 13 5 0.00916883
11 13 5 11 8 0.0009979
11 4 13 12 10 0.00465023
11 10 4 13 12 0.00378615
11 12 10 4 13 0.00049323
11 13 12 10 4 0.00203631
11 4 12 10 12 0.0134403
11 10 12 4 12 0.00125327
11 12 4 12 10 0.00200262
11 12 10 12 4 0.00632413
11 7 12 12 12 0.00204175
11 12 7 12 12 0.00354128
11 12 12 7 12 0.00551564
11 12 12 12 7 0.00174656
11 4 7 9 8 0.0151177
11 7 9 8 4 0.00143936
11 8 4 7 9 0.00217394
11 9 8 4 7 0.000695952
11 6 7 13 13 0.00194796
11 7 13 13 6 0.000885542
11 13 6 7 13 0.000402192
11 13 13 6 7 0.00014982
11 6 6 12 11 0.00426187
11 6 12 11 6 0.000612637
11 11 6 6 12 0.00436993
11 12 11 6 6 0.00100525
11 4 4 10 11 0.0146793
11 4 10 11 4 0.00637808
11 10 11 4 4 0.00179065
11 11 4 4 10 0.00168079
11 7 12 8 9 2.06159e-05
11 8 9 7 12 2.4775e-05
11 9 7 12 8 3.81379e-05
11 12 8 9 7 5.18761e-05
11 10 12 13 12 0.0065148
11 12 10 12 13 0.00161663
11 12 13 12 10 0.00186857
11 13 12 10 12 0.00135294
11 5 5 8 9 0.00383919
11 5 8 9 5 0.00166626
11 8 9 5 5 0.00066089
11 9 5 5 8 0.0107396
11 4 7 12 8 0.0067067
11 7 12 8 4 0.00246511
11 8 4 7 12 0.00206369
11 12 8 4 7 0.000587621
11 8 10 8 12 0.00239616
11 8 12 8 10 0.00196509
11 10 8 12 8 0.00380647
11 12 8 10 8 0.0050045
11 5 12 6 7 0.000466992
11 6 7 5 12 0.00354522
11 7 5 12 6 0.00216998
11 12 6 7 5 0.00129746
11 6 7 7 10 0.00378598
11 7 7 10 6 0.00122881
11 7 10 6 7 0.000590386
11 10 6 7 7 0.00186803
11 4 7 12 11 0.0179151
11 7 12 11 4 0.00134705
11 11 4 7 12 0.00953812
11 12 11 4 7 0.000547162
11 7 13 9 12 0.00288852
11 9 12 7 13 0.00290899
11 12 7 13 9 0.00684774
11 13 9 12 7 0.000295694
11 4 11 10 7 0.00682088
11 7 4 11 10 0.00050719
11 10 7 4 11 0.002553
11 11 10 7 4 0.0293711
11 6 7 9 8 0.00459301
11 7 9 8 6 0.000404518
11 8 6 7 9 0.00237359
11 9 8 6 7 0.00120813
11 11 13 12 12 0.00594907
11 12 11 13 12 0.00600429
11 12 12 11 13 0.00062182
11 13 12 12 11 0.00187758
11 8 11 8 13 0.000963373
11 8 13 8 11 0.00268797
11 11 8 13 8 0.0186994
11 13 8 11 8 0.000435126
11 4 8 6 13 0.00302021
11 6 13 4 8 0.000514107
11 8 6 13 4 0.00526645
11 13 4 8 6 0.000266798
11 7 9 7 10 2.04081e-05
11 7 10 7 9 4.48956e-05
11 9 7 10 7 3.56319e-05
11 10 7 9 7 5.15817e-05
11 7 10 8 10 0.00198358
11 8 10 7 10 0.00430059
11 10 7 10 8 0.00500075
11 10 8 10 7 0.00357397
11 5 9 11 8 0.000364191
11 8 5 9 11 0.0274527
11 9 11 8 5 0.00133946
11 11 8 5 9 0.016951
11 4 13 13 12 0.0106697
11 12 4 13 13 0.00176788
11 13 12 4 13 0.0001466
11 13 13 12 4 0.00101928
11 4 10 6 10 0.00497683
11 6 10 4 10 0.000871024
11 10 4 10 6 0.00142219
11 10 6 10 4 0.0055252
11 6 11 8 9 0.00236896
11 8 9 6 11 0.0014614
11 9 6 11 8 0.000905221
11 11 8 9 6 0.0112972
11 6 10 12 12 0.00331331
11 10 12 12 6 0.00181212
11 12 6 10 12 0.00357395
11 12 12 6 10 0.00190337
11 4 5 11 9 0.00948613
11 5 11 9 4 0.00577794
11 9 4 5 11 0.00608639
11 11 9 4 5 0.000645607
11 8 12 11 11 0.00196405
11 11 8 12 11 0.0228365
11 11 11 8 12 0.0083912
11 12 11 11 8 0.0011727
11 4 10 4 12 0.00307663
11 4 12 4 10 0.00252314
11 10 4 12 4 0.003465
11 12 4 10 4 0.00455556
11 6 6 13 8 0.0025144
11 6 13 8 6 0.000604101
11 8 6 6 13 0.000361476
11 13 8 6 6 0.000268745
11 8 13 11 9 0.00056438
11 9 8 13 11 0.0147414
11 11 9 8 13 0.00187734
11 13 11 9 8 0.00154484
11 5 6 6 11 0.00161339
11 6 6 11 5 0.000364719
11 6 11 5 6 0.00203411
11 11 5 6 6 0.00783544
11 8 10 11 12 0.0010297
11 10 11 12 8 0.00278733
11 11 12 8 10 0.00714246
11 12 8 10 11 0.0105128
11 8 9 13 12 0.00244476
11 9 13 12 8 0.00200413
11 12 8 9 13 0.00392177
11 13 12 8 9 0.000868081
11 5 13 6 13 0.000285842
11 6 13 5 13 0.00107025
11 13 5 13 6 0.00216374
11 13 6 13 5 0.000478903
11 5 12 13 9 0.00281081
11 9 5 12 13 0.00381558
11 12 13 9 5 0.00151011
11 13 9 5 12 0.000645441
11 5 5 9 12 0.0100678
11 5 9 12 5 0.000384778
11 9 12 5 5 0.00204697
11 12 5 5 9 0.0123398
11 5 12 12 12 0.00181546
11 12 5 12 12 0.00903555
11 12 12 5 12 0.00476144
11 12 12 12 5 0.00133314
11 6 7 12 10 0.00237267
11 7 12 10 6 0.00119943
11 10 6 7 12 0.00369704
11 12 10 6 7 0.000999513
11 8 12 12 9 3.0436e-05
11 9 8 12 12 5.86125e-05
11 12 9 8 12 2.10201e-05
11 12 12 9 8 7.69826e-05
11 5 12 8 10 0.00133521
11 8 10 5 12 0.00342705
11 10 5 12 8 0.00751514
11 12 8 10 5 0.00211246
11 5 12 11 13 0.000360503
11 11 13 5 12 0.00904577
11 12 11 13 5 0.0025562
11 13 5 12 11 0.00541767
11 4 10 10 12 0.0141435
11 10 10 12 4 0.00650604
11 10 12 4 10 0.00108157
11 12 4 10 10 0.00270865
11 4 13 5 10 0.00657728
11 5 10 4 13 0.000265993
11 10 4 13 5 0.00149937
11 13 5 10 4 0.00546554
11 7 9 12 10 0.00107655
11 9 12 10 7 0.00292756
11 10 7 9 12 0.00859289
11 12 10 7 9 0.00639777
11 7 11 11 11 0.00149759
11 11 7 11 11 0.00752712
11 11 11 7 11 0.0274625
11 11 11 11 7 0.00187522
11 7 12 10 12 0.00297651
11 10 12 7 12 0.00611593
11 12 7 12 10 0.003294
11 12 10 12 7 0.00198098
11 4 7 8 11 0.000222505
11 7 8 11 4 2.29992e-05
11 8 11 4 7 5.45408e-06
11 11 4 7 8 0.000112383
11 4 4 4 13 0.000737901
11 4 4 13 4 0.0150053
11 4 13 4 4 0.00269338
11 13 4 4 4 0.000290575
11 5 7 11 10 0.000674429
11 7 11 10 5 0.0010483
11 10 5 7 11 0.0289013
11 11 10 5 7 0.00722101
11 4 4 8 10 0.0044199
11 4 8 10 4 0.0246621
11 8 10 4 4 0.00137332
11 10 4 4 8 0.000612778
11 6 6 10 8 0.00221505
11 6 10 8 6 0.00121098
11 8 6 6 10 0.000837541
11 10 8 6 6 0.00114001
11 5 9 6 12 0.000534677
11 6 12 5 9 0.00361173
11 9 6 12 5 0.000954139
11 12 5 9 6 0.00820472
11 4 9 11 7 0.00105175
11 7 4 9 11 0.00514019
11 9 11 7 4 0.00954441
11 11 7 4 9 0.00320171
11 7 7 9 13 0.00194323
11 7 9 13 7 0.00102335
11 9 13 7 7 0.00191724
11 13 7 7 9 0.00159736
12 5 11 9 12 3.02259e-48
12 9 12 5 11 4.66741e-48
12 11 9 12 5 0.117952
12 12 5 11 9 2.74129e-48
12 4 10 12 9 0.019586
12 9 4 10 12 8.23338e-49
12 10 12 9 4 3.32438e-48
12 12 9 4 10 1.97594e-48
12 7 11 12 12 0.0104237
12 11 12 12 7 0.0513761
12 12 7 11 12 1.43135e-48
12 12 12 7 11 1.85323e-48
12 5 9 7 6 1.82266e-48
12 6 5 9 7 2.45683e-48
12 7 6 5 9 1.13662e-48
12 9 7 6 5 1.90033e-48
12 5 11 8 13 2.76093e-48
12 8 13 5 11 2.03945e-48
12 11 8 13 5 6.70022e-48
12 13 5 11 8 2.21301e-48
12 4 13 12 10 0.0419234
12 10 4 13 12 1.48166e-48
12 12 10 4 13 3.66383e-48
12 13 12 10 4 1.16107e-48
12 4 12 10 12 4.63764e-48
12 10 12 4 12 2.34394e-48
12 12 4 12 10 0.0105188
12 12 10 12 4 0.0286945
12 7 12 12 12 0.0152899
12 12 7 12 12 0.0133225
12 12 12 7 12 2.03806e-48
12 12 12 12 7 0.0191547
12 4 7 9 8 6.8e-48
12 7 9 8 4 2.88475e-48
12 8 4 7 9 3.5468e-49
12 9 8 4 7 1.31474e-48
12 6 7 13 13 2.39325e-48
12 7 13 13 6 2.54931e-48
12 13 6 7 13 1.44354e-48
12 13 13 6 7 1.26792e-48
12 6 6 12 11 0.0146357
12 6 12 11 6 1.90028e-48
12 11 6 6 12 8.8771e-48
12 12 11 6 6 2.47947e-48
12 4 4 10 11 2.37884e-48
12 4 10 11 4 7.26345e-48
12 10 11 4 4 2.36759e-48
12 11 4 4 10 3.46549e-48
12 7 12 8 9 1.25982e-50
12 8 9 7 12 1.64328e-50
12 9 7 12 8 0.000236695
12 12 8 9 7 2.20719e-50
12 10 12 13 12 2.85858e-48
12 12 10 12 13 0.0324624
12 12 13 12 10 0.0193655
12 13 12 10 12 8.52843e-49
12 5 5 8 9 1.23514e-48
12 5 8 9 5 1.48136e-48
12 8 9 5 5 1.90289e-48
12 9 5 5 8 4.88923e-48
12 4 7 12 8 0.0445659
12 7 12 8 4 2.57682e-48
12 8 4 7 12 6.36732e-49
12 12 8 4 7 1.36634e-48
12 8 10 8 12 1.73661e-48
12 8 12 8 10 1.67209e-48
12 10 8 12 8 0.0223958
12 12 8 10 8 2.31017e-48
12 5 12 6 7 2.33914e-48
12 6 7 5 12 1.45246e-48
12 7 5 12 6 0.021443
12 12 6 7 5 2.2306e-48
12 6 7 7 10 1.41127e-48
12 7 7 10 6 1.67427e-48
12 7 10 6 7 3.25097e-48
12 10 6 7 7 2.83069e-48
12 4 7 12 11 0.0308729
12 7 12 11 4 2.63271e-48
12 11 4 7 12 3.33543e-48
12 12 11 4 7 1.73498e-48
12 7 13 9 12 2.57667e-48
12 9 12 7 13 3.4959e-48
12 12 7 13 9 1.18227e-48
12 13 9 12 7 0.0098807
12 4 11 10 7 4.44006e-48
12 7 4 11 10 1.26687e-48
12 10 7 4 11 2.08183e-48
12 11 10 7 4 1.15001e-47
12 6 7 9 8 2.23245e-48
12 7 9 8 6 2.25605e-48
12 8 6 7 9 6.62994e-49
12 9 8 6 7 1.70244e-48
12 11 13 12 12 0.0504743
12 12 11 13 12 1.85054e-48
12 12 12 11 13 3.26328e-48
12 13 12 12 11 0.00713899
12 8 11 8 13 1.97867e-48
12 8 13 8 11 1.63516e-48
12 11 8 13 8 9.10579e-48
12 13 8 11 8 1.05495e-48
12 4 8 6 13 7.55723e-48
12 6 13 4 8 2.90239e-48
12 8 6 13 4 2.68541e-48
12 13 4 8 6 6.67376e-49
12 7 9 7 10 3.08871e-50
12 7 10 7 9 1.59616e-50
12 9 7 10 7 2.29497e-50
12 10 7 9 7 3.52794e-50
12 7 10 8 10 3.28029e-48
12 8 10 7 10 2.12899e-48
12 10 7 10 8 3.71084e-48
12 10 8 10 7 2.18223e-48
12 5 9 11 8 3.07653e-48
12 8 5 9 11 2.18226e-48
12 9 11 8 5 1.81727e-48
12 11 8 5 9 2.86951e-48
12 4 13 13 12 6.44072e-48
12 12 4 13 13 2.48894e-48
12 13 12 4 13 1.56751e-48
12 13 13 12 4 0.0117148
12 4 10 6 10 7.76726e-48
12 6 10 4 10 1.96929e-48
12 10 4 10 6 1.40917e-48
12 10 6 10 4 3.36818e-48
12 6 11 8 9 6.45296e-49
12 8 9 6 11 1.73193e-48
12 9 6 11 8 2.98932e-48
12 11 8 9 6 5.31884e-48
12 6 10 12 12 0.0156229
12 10 12 12 6 0.0230605
12 12 6 10 12 2.16466e-48
12 12 12 6 10 3.09317e-48
12 4 5 11 9 2.99887e-48
12 5 11 9 4 2.07941e-48
12 9 4 5 11 1.2225e-48
12 11 9 4 5 6.7272e-48
12 8 12 11 11 1.26942e-48
12 11 8 12 11 0.0332292
12 11 11 8 12 4.87963e-48
12 12 11 11 8 2.43982e-48
12 4 10 4 12 4.96626e-48
12 4 12 4 10 4.78176e-48
12 10 4 12 4 0.0141323
12 12 4 10 4 1.45778e-48
12 6 6 13 8 2.88966e-48
12 6 13 8 6 1.76363e-48
12 8 6 6 13 2.59354e-48
12 13 8 6 6 7.72445e-49
12 8 13 11 9 6.44595e-49
12 9 8 13 11 1.42538e-48
12 11 9 8 13 1.07206e-47
12 13 11 9 8 1.19827e-48
12 5 6 6 11 2.69205e-48
12 6 6 11 5 2.09115e-48
12 6 11 5 6 1.98008e-48
12 11 5 6 6 1.37553e-47
12 8 10 11 12 1.3953e-48
12 10 11 12 8 0.0223642
12 11 12 8 10 6.88815e-48
12 12 8 10 11 1.25854e-48
12 8 9 13 12 1.73054e-48
12 9 13 12 8 0.0264356
12 12 8 9 13 2.76733e-48
12 13 12 8 9 5.11481e-49
12 5 13 6 13 4.17861e-48
12 6 13 5 13 3.73053e-48
12 13 5 13 6 1.78921e-48
12 13 6 13 5 1.39632e-48
12 5 12 13 9 9.70107e-49
12 9 5 12 13 0.029559
12 12 13 9 5 2.49049e-48
12 13 9 5 12 1.03521e-48
12 5 5 9 12 2.68681e-48
12 5 9 12 5 0.0169058
12 9 12 5 5 2.66759e-48
12 12 5 5 9 1.80068e-48
12 5 12 12 12 0.0136531
12 12 5 12 12 0.0215223
12 12 12 5 12 2.50642e-48
12 12 12 12 5 0.0184574
12 6 7 12 10 0.0108755
12 7 12 10 6 1.97377e-48
12 10 6 7 12 2.321e-48
12 12 10 6 7 3.33937e-48
12 8 12 12 9 6.84631e-05
12 9 8 12 12 0.000124007
12 12 9 8 12 2.82587e-50
12 12 12 9 8 4.80762e-50
12 5 12 8 10 2.00855e-48
12 8 10 5 12 1.86465e-48
12 10 5 12 8 0.0404446
12 12 8 10 5 1.46338e-48
12 5 12 11 13 3.13142e-48
12 11 13 5 12 8.89159e-48
12 12 11 13 5 2.40063e-48
12 13 5 12 11 0.0107989
12 4 10 10 12 5.38786e-48
12 10 10 12 4 0.0328472
12 10 12 4 10 2.62194e-48
12 12 4 10 10 1.24207e-48
12 4 13 5 10 6.86977e-48
12 5 10 4 13 3.27038e-48
12 10 4 13 5 1.78793e-48
12 13 5 10 4 1.63372e-48
12 7 9 12 10 0.020035
12 9 12 10 7 2.2773e-48
12 10 7 9 12 2.43488e-48
12 12 10 7 9 1.38007e-48
12 7 11 11 11 1.33177e-48
12 11 7 11 11 4.56543e-48
12 11 11 7 11 4.43168e-48
12 11 11 11 7 4.92123e-48
12 7 12 10 12 1.94595e-48
12 10 12 7 12 2.51459e-48
12 12 7 12 10 0.0160625
12 12 10 12 7 0.0239853
12 4 7 8 11 5.91728e-50
12 7 8 11 4 2.57622e-50
12 8 11 4 7 1.61916e-50
12 11 4 7 8 7.97982e-50
12 4 4 4 13 3.85192e-48
12 4 4 13 4 4.1524e-48
12 4 13 4 4 6.26839e-48
12 13 4 4 4 6.26133e-49
12 5 7 11 10 1.57058e-48
12 7 11 10 5 1.6322e-48
12 10 5 7 11 3.28038e-48
12 11 10 5 7 1.07483e-47
12 4 4 8 10 3.11651e-48
12 4 8 10 4 4.41157e-48
12 8 10 4 4 2.15811e-48
12 10 4 4 8 2.07546e-48
12 6 6 10 8 2.56067e-48
12 6 10 8 6 2.21797e-48
12 8 6 6 10 1.94576e-48
12 10 8 6 6 2.29434e-48
12 5 9 6 12 2.12735e-48
12 6 12 5 9 9.45007e-49
12 9 6 12 5 0.0163879
12 12 5 9 6 3.32983e-48
12 4 9 11 7 5.55071e-48
12 7 4 9 11 1.22372e-48
12 9 11 7 4 2.02566e-48
12 11 7 4 9 2.50017e-48
12 7 7 9 13 3.26492e-48
12 7 9 13 7 3.078e-48
12 9 13 7 7 2.44479e-48
12 13 7 7 9 4.10667e-49
13 5 11 9 12 6.46015e-46
13 9 12 5 11 0.00359348
13 11 9 12 5 0.0394934
13 12 5 11 9 0.0141577
13 4 10 12 9 0.0198047
13 9 4 10 12 1.96151e-46
13 10 12 9 4 2.55568e-46
13 12 9 4 10 0.00230862
13 7 11 12 12 0.0033343
13 11 12 12 7 0.022059
13 12 7 11 12 0.00224088
13 12 12 7 11 0.00101858
13 5 9 7 6 0.000620474
13 6 5 9 7 6.56648e-46
13 7 6 5 9 0.00850818
13 9 7 6 5 0.00481451
13 5 11 8 13 0.00773275
13 8 13 5 11 0.00126939
13 11 8 13 5 0.0153206
13 13 5 11 8 0.00100698
13 4 13 12 10 0.0134324
13 10 4 13 12 0.0029677
13 12 10 4 13 0.00463006
13 13 12 10 4 5.24889e-47
13 4 12 10 12 1.02418e-45
13 10 12 4 12 0.0027906
13 12 4 12 10 0.00520005
13 12 10 12 4 0.00231386
13 7 12 12 12 0.00541861
13 12 7 12 12 0.00548537
13 12 12 7 12 0.00272422
13 12 12 12 7 0.00947008
13 4 7 9 8 1.16337e-45
13 7 9 8 4 0.00180325
13 8 4 7 9 0.00189443
13 9 8 4 7 0.0019413
13 6 7 13 13 0.00559601
13 7 13 13 6 0.00169542
13 13 6 7 13 0.00140472
13 13 13 6 7 0.00174445
13 6 6 12 11 0.0017436
13 6 12 11 6 0.0010032
13 11 6 6 12 0.014825
13 12 11 6 6 0.00206233
13 4 4 10 11 2.47987e-46
13 4 10 11 4 0.00202016
13 10 11 4 4 0.000762538
13 11 4 4 10 0.00536899
13 7 12 8 9 0.000144793
13 8 9 7 12 1.38744e-05
13 9 7 12 8 4.89447e-05
13 12 8 9 7 8.23734e-48
13 10 12 13 12 0.00498745
13 12 10 12 13 0.0113682
13 12 13 12 10 0.00684027
13 13 12 10 12 1.2864e-46
13 5 5 8 9 0.0102819
13 5 8 9 5 4.48964e-46
13 8 9 5 5 0.00348055
13 9 5 5 8 0.00454582
13 4 7 12 8 0.00980685
13 7 12 8 4 0.00214236
13 8 4 7 12 0.000820848
13 12 8 4 7 0.00236682
13 8 10 8 12 0.00307254
13 8 12 8 10 0.00473496
13 10 8 12 8 0.00422686
13 12 8 10 8 3.21745e-46
13 5 12 6 7 0.00495842
13 6 7 5 12 0.0027863
13 7 5 12 6 0.00277072
13 12 6 7 5 0.00354836
13 6 7 7 10 0.00182374
13 7 7 10 6 1.70057e-46
13 7 10 6 7 0.00554629
13 10 6 7 7 0.0036823
13 4 7 12 11 0.00474122
13 7 12 11 4 0.00106326
13 11 4 7 12 0.00444494
13 12 11 4 7 0.00279393
13 7 13 9 12 5.82333e-46
13 9 12 7 13 0.00518444
13 12 7 13 9 0.0106656
13 13 9 12 7 0.00227555
13 4 11 10 7 1.1249e-45
13 7 4 11 10 0.00216957
13 10 7 4 11 0.00107876
13 11 10 7 4 0.00276743
13 6 7 9 8 3.47389e-46
13 7 9 8 6 0.00203563
13 8 6 7 9 0.00278476
13 9 8 6 7 0.00381454
13 11 13 12 12 0.0139862
13 12 11 13 12 0.00343599
13 12 12 11 13 0.00628223
13 13 12 12 11 0.000707444
13 8 11 8 13 0.00594625
13 8 13 8 11 0.00141073
13 11 8 13 8 0.00930587
13 13 8 11 8 0.000553019
13 4 8 6 13 0.0184532
13 6 13 4 8 0.00162447
13 8 6 13 4 0.00125569
13 13 4 8 6 0.000625253
13 7 9 7 10 3.13079e-05
13 7 10 7 9 5.57039e-05
13 9 7 10 7 6.40733e-48
13 10 7 9 7 1.21743e-47
13 7 10 8 10 0.00696757
13 8 10 7 10 0.00183063
13 10 7 10 8 4.77875e-46
13 10 8 10 7 5.56078e-46
13 5 9 11 8 0.0015783
13 8 5 9 11 1.9214e-46
13 9 11 8 5 0.00561201
13 11 8 5 9 0.0220208
13 4 13 13 12 0.00985795
13 12 4 13 13 0.00765039
13 13 12 4 13 0.00177436
13 13 13 12 4 0.000694064
13 4 10 6 10 0.0114916
13 6 10 4 10 0.00174634
13 10 4 10 6 1.44516e-46
13 10 6 10 4 1.88184e-46
13 6 11 8 9 0.00606218
13 8 9 6 11 0.000958174
13 9 6 11 8 0.00200464
13 11 8 9 6 5.86776e-46
13 6 10 12 12 0.00346798
13 10 12 12 6 0.00329144
13 12 6 10 12 4.75771e-46
13 12 12 6 10 0.00729392
13 4 5 11 9 0.0140491
13 5 11 9 4 1.33201e-46
13 9 4 5 11 0.00108052
13 11 9 4 5 0.00812822
13 8 12 11 11 0.000648591
13 11 8 12 11 0.00448155
13 11 11 8 12 0.0116463
13 12 11 11 8 0.0019191
13 4 10 4 12 0.00437381
13 4 12 4 10 0.0067403
13 10 4 12 4 0.00160424
13 12 4 10 4 1.22114e-46
13 6 6 13 8 0.00260863
13 6 13 8 6 0.00157216
13 8 6 6 13 0.00545358
13 13 8 6 6 0.00042819
13 8 13 11 9 0.00272203
13 9 8 13 11 0.000997819
13 11 9 8 13 0.0277417
13 13 11 9 8 1.19401e-46
13 5 6 6 11 0.00166666
13 6 6 11 5 0.0030369
13 6 11 5 6 0.00140128
13 11 5 6 6 0.00927761
13 8 10 11 12 0.0011992
13 10 11 12 8 0.00392389
13 11 12 8 10 0.0201636
13 12 8 10 11 1.22327e-46
13 8 9 13 12 0.00224859
13 9 13 12 8 0.00423611
13 12 8 9 13 1.05764e-45
13 13 12 8 9 0.00399761
13 5 13 6 13 0.0074404
13 6 13 5 13 0.00721819
13 13 5 13 6 0.000831415
13 13 6 13 5 0.00211787
13 5 12 13 9 0.00647372
13 9 5 12 13 0.0107513
13 12 13 9 5 8.14416e-46
13 13 9 5 12 0.00105926
13 5 5 9 12 5.36191e-46
13 5 9 12 5 0.00510339
13 9 12 5 5 0.00658444
13 12 5 5 9 0.0138116
13 5 12 12 12 0.00415828
13 12 5 12 12 0.00705572
13 12 12 5 12 0.00550569
13 12 12 12 5 0.00946463
13 6 7 12 10 0.0040899
13 7 12 10 6 1.89399e-46
13 10 6 7 12 0.00237551
13 12 10 6 7 0.00625325
13 8 12 12 9 9.26966e-05
13 9 8 12 12 3.9922e-05
13 12 9 8 12 6.46914e-05
13 12 12 9 8 8.56641e-48
13 5 12 8 10 0.00530091
13 8 10 5 12 0.00238009
13 10 5 12 8 0.00662586
13 12 8 10 5 4.56008e-46
13 5 12 11 13 0.00472008
13 11 13 5 12 0.0139133
13 12 11 13 5 0.00587593
13 13 5 12 11 0.000901891
13 4 10 10 12 8.22996e-46
13 10 10 12 4 0.00224653
13 10 12 4 10 0.00345572
13 12 4 10 10 3.84307e-46
13 4 13 5 10 0.0124298
13 5 10 4 13 0.00323592
13 10 4 13 5 0.00472086
13 13 5 10 4 6.22451e-47
13 7 9 12 10 0.00590985
13 9 12 10 7 6.00669e-46
13 10 7 9 12 6.6108e-46
13 12 10 7 9 0.00528642
13 7 11 11 11 0.000666049
13 11 7 11 11 0.00255235
13 11 11 7 11 0.00190933
13 11 11 11 7 0.00725189
13 7 12 10 12 4.31627e-46
13 10 12 7 12 0.00285081
13 12 7 12 10 0.00732144
13 12 10 12 7 0.00820208
13 4 7 8 11 7.11306e-05
13 7 8 11 4 1.0102e-05
13 8 11 4 7 2.19052e-05
13 11 4 7 8 6.26558e-05
13 4 4 4 13 0.00732863
13 4 4 13 4 0.00266594
13 4 13 4 4 0.00196216
13 13 4 4 4 0.000187356
13 5 7 11 10 0.00213129
13 7 11 10 5 4.30774e-46
13 10 5 7 11 0.00128879
13 11 10 5 7 0.0180256
13 4 4 8 10 0.0109391
13 4 8 10 4 2.83507e-46
13 8 10 4 4 0.000527584
13 10 4 4 8 0.00167133
13 6 6 10 8 2.73587e-46
13 6 10 8 6 0.00166724
13 8 6 6 10 0.0034799
13 10 8 6 6 0.00174109
13 5 9 6 12 0.00266761
13 6 12 5 9 0.00709586
13 9 6 12 5 0.00646668
13 12 5 9 6 3.67165e-46
13 4 9 11 7 0.00711658
13 7 4 9 11 1.59159e-46
13 9 11 7 4 0.000624362
13 11 7 4 9 0.0133663
13 7 7 9 13 1.23936e-45
13 7 9 13 7 0.00551256
13 9 13 7 7 0.00290403
13 13 7 7 9 0.00149147
14 5 11 9 12 0.00534217
14 9 12 5 11 0.00780959
14 11 9 12 5 0.0255078
14 12 5 11 9 0.0113732
14 4 10 12 9 0.0156066
14 9 4 10 12 0.00140675
14 10 12 9 4 0.00366009
14 12 9 4 10 0.00226602
14 7 11 12 12 0.00242286
14 11 12 12 7 0.0086656
14 12 7 11 12 0.00289749
14 12 12 7 11 0.00272029
14 5 9 7 6 0.00192353
14 6 5 9 7 0.00201514
14 7 6 5 9 0.00632137
14 9 7 6 5 0.00374025
14 5 11 8 13 0.00253222
14 8 13 5 11 0.00297862
14 11 8 13 5 0.0103953
14 13 5 11 8 0.00150868
14 4 13 12 10 0.0107
14 10 4 13 12 0.0030796
14 12 10 4 13 0.00370558
14 13 12 10 4 0.000695609
14 4 12 10 12 0.00678551
14 10 12 4 12 0.00240374
14 12 4 12 10 0.00400575
14 12 10 12 4 0.0039514
14 7 12 12 12 0.00379406
14 12 7 12 12 0.00351059
14 12 12 7 12 0.00354137
14 12 12 12 7 0.00366525
14 4 7 9 8 0.0109026
14 7 9 8 4 0.00154254
14 8 4 7 9 0.00227155
14 9 8 4 7 0.000842019
14 6 7 13 13 0.00369345
14 7 13 13 6 0.00333586
14 13 6 7 13 0.00141458
14 13 13 6 7 0.00120172
14 6 6 12 11 0.00254378
14 6 12 11 6 0.00306352
14 11 6 6 12 0.0147727
14 12 11 6 6 0.00447232
14 4 4 10 11 0.00356162
14 4 10 11 4 0.00719569
14 10 11 4 4 0.00123213
14 11 4 4 10 0.00490797
14 7 12 8 9 4.81418e-05
14 8 9 7 12 2.24412e-05
14 9 7 12 8 4.3757e-05
14 12 8 9 7 3.10296e-05
14 10 12 13 12 0.0049049
14 12 10 12 13 0.00778198
14 12 13 12 10 0.00527787
14 13 12 10 12 0.000943142
14 5 5 8 9 0.00250163
14 5 8 9 5 0.00251743
14 8 9 5 5 0.00336309
14 9 5 5 8 0.00438583
14 4 7 12 8 0.00854623
14 7 12 8 4 0.00159362
14 8 4 7 12 0.00121823
14 12 8 4 7 0.000969294
14 8 10 8 12 0.00184589
14 8 12 8 10 0.00219818
14 10 8 12 8 0.00371737
14 12 8 10 8 0.00246476
14 5 12 6 7 0.00294529
14 6 7 5 12 0.00266844
14 7 5 12 6 0.00267209
14 12 6 7 5 0.00335622
14 6 7 7 10 0.00233187
14 7 7 10 6 0.00192317
14 7 10 6 7 0.00413269
14 10 6 7 7 0.00252187
14 4 7 12 11 0.00643574
14 7 12 11 4 0.00271884
14 11 4 7 12 0.00618844
14 12 11 4 7 0.00131203
14 7 13 9 12 0.00463436
14 9 12 7 13 0.00517194
14 12 7 13 9 0.00736161
14 13 9 12 7 0.00115707
14 4 11 10 7 0.00420616
14 7 4 11 10 0.00332205
14 10 7 4 11 0.00171667
14 11 10 7 4 0.00876181
14 6 7 9 8 0.00336241
14 7 9 8 6 0.00191881
14 8 6 7 9 0.0029614
14 9 8 6 7 0.00208607
14 11 13 12 12 0.0106778
14 12 11 13 12 0.00338751
14 12 12 11 13 0.0065451
14 13 12 12 11 0.00118171
14 8 11 8 13 0.00202356
14 8 13 8 11 0.00138627
14 11 8 13 8 0.0107113
14 13 8 11 8 0.00108441
14 4 8 6 13 0.0131065
14 6 13 4 8 0.00200907
14 8 6 13 4 0.00218325
14 13 4 8 6 0.000627963
14 7 9 7 10 4.72348e-05
14 7 10 7 9 7.64097e-05
14 9 7 10 7 2.12972e-05
14 10 7 9 7 4.71711e-05
14 7 10 8 10 0.00390452
14 8 10 7 10 0.00350618
14 10 7 10 8 0.00376546
14 10 8 10 7 0.00181827
14 5 9 11 8 0.00358371
14 8 5 9 11 0.00226034
14 9 11 8 5 0.00200605
14 11 8 5 9 0.016324
14 4 13 13 12 0.0102184
14 12 4 13 13 0.00555663
14 13 12 4 13 0.00122214
14 13 13 12 4 0.00107809
14 4 10 6 10 0.0169485
14 6 10 4 10 0.00210981
14 10 4 10 6 0.00201781
14 10 6 10 4 0.00211474
14 6 11 8 9 0.00226698
14 8 9 6 11 0.00256953
14 9 6 11 8 0.00376798
14 11 8 9 6 0.00821704
14 6 10 12 12 0.00349346
14 10 12 12 6 0.00483008
14 12 6 10 12 0.00285724
14 12 12 6 10 0.0078495
14 4 5 11 9 0.0116515
14 5 11 9 4 0.00199104
14 9 4 5 11 0.00247781
14 11 9 4 5 0.00613782
14 8 12 11 11 0.00207298
14 11 8 12 11 0.00601926
14 11 11 8 12 0.00513131
14 12 11 11 8 0.00377704
14 4 10 4 12 0.00498757
14 4 12 4 10 0.00593944
14 10 4 12 4 0.00225429
14 12 4 10 4 0.00149468
14 6 6 13 8 0.00326146
14 6 13 8 6 0.00147608
14 8 6 6 13 0.00419742
14 13 8 6 6 0.00092515
14 8 13 11 9 0.00361608
14 9 8 13 11 0.0018667
14 11 9 8 13 0.00981378
14 13 11 9 8 0.00142902
14 5 6 6 11 0.00349986
14 6 6 11 5 0.00338772
14 6 11 5 6 0.0030848
14 11 5 6 6 0.0136068
14 8 10 11 12 0.00247658
14 10 11 12 8 0.00395705
14 11 12 8 10 0.0087814
14 12 8 10 11 0.00145964
14 8 9 13 12 0.00265787
14 9 13 12 8 0.00445099
14 12 8 9 13 0.00530825
14 13 12 8 9 0.00154343
14 5 13 6 13 0.00622354
14 6 13 5 13 0.00588693
14 13 5 13 6 0.00124285
14 13 6 13 5 0.00167245
14 5 12 13 9 0.00517326
14 9 5 12 13 0.00406035
14 12 13 9 5 0.00512207
14 13 9 5 12 0.00138999
14 5 5 9 12 0.00295446
14 5 9 12 5 0.00338106
14 9 12 5 5 0.00541561
14 12 5 5 9 0.00770721
14 5 12 12 12 0.00308115
14 12 5 12 12 0.00347234
14 12 12 5 12 0.00549912
14 12 12 12 5 0.00523723
14 6 7 12 10 0.00286295
14 7 12 10 6 0.00238187
14 10 6 7 12 0.00299158
14 12 10 6 7 0.00473597
14 8 12 12 9 5.76696e-05
14 9 8 12 12 2.7234e-05
14 12 9 8 12 3.11174e-05
14 12 12 9 8 8.64742e-05
14 5 12 8 10 0.00236805
14 8 10 5 12 0.00341441
14 10 5 12 8 0.00445226
14 12 8 10 5 0.00205927
14 5 12 11 13 0.00511989
14 11 13 5 12 0.0149076
14 12 11 13 5 0.00450415
14 13 5 12 11 0.00104175
14 4 10 10 12 0.00723819
14 10 10 12 4 0.00397152
14 10 12 4 10 0.00305345
14 12 4 10 10 0.00266948
14 4 13 5 10 0.0138958
14 5 10 4 13 0.00269635
14 10 4 13 5 0.00380893
14 13 5 10 4 0.00057042
14 7 9 12 10 0.00488141
14 9 12 10 7 0.00222022
14 10 7 9 12 0.00471006
14 12 10 7 9 0.00737051
14 7 11 11 11 0.00200886
14 11 7 11 11 0.00688173
14 11 11 7 11 0.0053712
14 11 11 11 7 0.0059731
14 7 12 10 12 0.0027252
14 10 12 7 12 0.00383642
14 12 7 12 10 0.00480656
14 12 10 12 7 0.00421406
14 4 7 8 11 5.67471e-05
14 7 8 11 4 2.33789e-05
14 8 11 4 7 1.11298e-05
14 11 4 7 8 0.000115055
14 4 4 4 13 0.00481317
14 4 4 13 4 0.00498695
14 4 13 4 4 0.00322008
14 13 4 4 4 0.000339693
14 5 7 11 10 0.0029432
14 7 11 10 5 0.00219459
14 10 5 7 11 0.00246391
14 11 10 5 7 0.0131923
14 4 4 8 10 0.00511305
14 4 8 10 4 0.00307282
14 8 10 4 4 0.0011397
14 10 4 4 8 0.00200356
14 6 6 10 8 0.00231066
14 6 10 8 6 0.00196611
14 8 6 6 10 0.00379182
14 10 8 6 6 0.0034087
14 5 9 6 12 0.0033507
14 6 12 5 9 0.00610562
14 9 6 12 5 0.00354654
14 12 5 9 6 0.00387045
14 4 9 11 7 0.00660664
14 7 4 9 11 0.00259795
14 9 11 7 4 0.00161254
14 11 7 4 9 0.00820159
14 7 7 9 13 0.00608066
14 7 9 13 7 0.00322218
14 9 13 7 7 0.00229806
14 13 7 7 9 0.00160933
15 5 11 9 12 0.00224832
15 9 12 5 11 0.00967171
15 11 9 12 5 0.0162161
15 12 5 11 9 0.00848598
15 4 10 12 9 0.0106368
15 9 4 10 12 0.00143464
15 10 12 9 4 0.00346734
15 12 9 4 10 0.00143754
15 7 11 12 12 0.0011824
15 11 12 12 7 0.0129298
15 12 7 11 12 0.00391245
15 12 12 7 11 0.00279126
15 5 9 7 6 0.00129457
15 6 5 9 7 0.00256967
15 7 6 5 9 0.00222968
15 9 7 6 5 0.00630564
15 5 11 8 13 0.00283064
15 8 13 5 11 0.00344294
15 11 8 13 5 0.0060748
15 13 5 11 8 0.00268354
15 4 13 12 10 0.00854224
15 10 4 13 12 0.00338545
15 12 10 4 13 0.00584785
15 13 12 10 4 0.000896698
15 4 12 10 12 0.0065587
15 10 12 4 12 0.00368565
15 12 4 12 10 0.00383523
15 12 10 12 4 0.00449553
15 7 12 12 12 0.00362334
15 12 7 12 12 0.00408048
15 12 12 7 12 0.00341874
15 12 12 12 7 0.00560191
15 4 7 9 8 0.0144147
15 7 9 8 4 0.00153797
15 8 4 7 9 0.00184729
15 9 8 4 7 0.000886498
15 6 7 13 13 0.00552437
15 7 13 13 6 0.00351139
15 13 6 7 13 0.000830521
15 13 13 6 7 0.00184377
15 6 6 12 11 0.00141214
15 6 12 11 6 0.00523396
15 11 6 6 12 0.00662991
15 12 11 6 6 0.00295838
15 4 4 10 11 0.00396861
15 4 10 11 4 0.0100813
15 10 11 4 4 0.00117613
15 11 4 4 10 0.00686269
15 7 12 8 9 5.64678e-05
15 8 9 7 12 1.17404e-05
15 9 7 12 8 7.41798e-05
15 12 8 9 7 1.60666e-05
15 10 12 13 12 0.00497148
15 12 10 12 13 0.00820926
15 12 13 12 10 0.00397492
15 13 12 10 12 0.000997968
15 5 5 8 9 0.00318406
15 5 8 9 5 0.00128427
15 8 9 5 5 0.00285667
15 9 5 5 8 0.00689983
15 4 7 12 8 0.0148932
15 7 12 8 4 0.00330757
15 8 4 7 12 0.00143895
15 12 8 4 7 0.000989618
15 8 10 8 12 0.00346919
15 8 12 8 10 0.00390514
15 10 8 12 8 0.00240633
15 12 8 10 8 0.00141941
15 5 12 6 7 0.00507034
15 6 7 5 12 0.00413124
15 7 5 12 6 0.00318255
15 12 6 7 5 0.00208527
15 6 7 7 10 0.00278633
15 7 7 10 6 0.002663
15 7 10 6 7 0.00598132
15 10 6 7 7 0.00185291
15 4 7 12 11 0.00842826
15 7 12 11 4 0.00367473
15 11 4 7 12 0.00632561
15 12 11 4 7 0.00153296
15 7 13 9 12 0.00286474
15 9 12 7 13 0.00581591
15 12 7 13 9 0.00582579
15 13 9 12 7 0.000985841
15 4 11 10 7 0.00324933
15 7 4 11 10 0.00361097
15 10 7 4 11 0.00332771
15 11 10 7 4 0.00961368
15 6 7 9 8 0.00483111
15 7 9 8 6 0.00205157
15 8 6 7 9 0.0010302
15 9 8 6 7 0.00148859
15 11 13 12 12 0.00869084
15 12 11 13 12 0.00167285
15 12 12 11 13 0.00839321
15 13 12 12 11 0.00142434
15 8 11 8 13 0.00229717
15 8 13 8 11 0.00247223
15 11 8 13 8 0.00638209
15 13 8 11 8 0.000902242
15 4 8 6 13 0.00694371
15 6 13 4 8 0.00408266
15 8 6 13 4 0.00134532
15 13 4 8 6 0.00180001
15 7 9 7 10 1.9338e-05
15 7 10 7 9 4.743e-05
15 9 7 10 7 3.72535e-05
15 10 7 9 7 6.82375e-05
15 7 10 8 10 0.00574249
15 8 10 7 10 0.00329636
15 10 7 10 8 0.00605829
15 10 8 10 7 0.00121446
15 5 9 11 8 0.00307065
15 8 5 9 11 0.00191825
15 9 11 8 5 0.00255634
15 11 8 5 9 0.00553578
15 4 13 13 12 0.0089305
15 12 4 13 13 0.00657881
15 13 12 4 13 0.002342
15 13 13 12 4 0.00127069
15 4 10 6 10 0.0153676
15 6 10 4 10 0.00306725
15 10 4 10 6 0.00273436
15 10 6 10 4 0.00114316
15 6 11 8 9 0.0016017
15 8 9 6 11 0.00146654
15 9 6 11 8 0.00289456
15 11 8 9 6 0.00346948
15 6 10 12 12 0.00375825
15 10 12 12 6 0.00646753
15 12 6 10 12 0.00120877
15 12 12 6 10 0.00702587
15 4 5 11 9 0.00921552
15 5 11 9 4 0.00102085
15 9 4 5 11 0.00332819
15 11 9 4 5 0.00583732
15 8 12 11 11 0.00282179
15 11 8 12 11 0.00272544
15 11 11 8 12 0.00446259
15 12 11 11 8 0.00309908
15 4 10 4 12 0.00738623
15 4 12 4 10 0.0083144
15 10 4 12 4 0.00305294
15 12 4 10 4 0.00180082
15 6 6 13 8 0.00238254
15 6 13 8 6 0.00330392
15 8 6 6 13 0.00245895
15 13 8 6 6 0.000620554
15 8 13 11 9 0.00272021
15 9 8 13 11 0.000882891
15 11 9 8 13 0.00906313
15 13 11 9 8 0.000888603
15 5 6 6 11 0.0018997
15 6 6 11 5 0.00285134
15 6 11 5 6 0.00268054
15 11 5 6 6 0.0164151
15 8 10 11 12 0.00303105
15 10 11 12 8 0.00293134
15 11 12 8 10 0.0135003
15 12 8 10 11 0.000631691
15 8 9 13 12 0.00139195
15 9 13 12 8 0.00541231
15 12 8 9 13 0.0019851
15 13 12 8 9 0.00214968
15 5 13 6 13 0.00660172
15 6 13 5 13 0.00738456
15 13 5 13 6 0.00173823
15 13 6 13 5 0.00120708
15 5 12 13 9 0.00382352
15 9 5 12 13 0.00441225
15 12 13 9 5 0.00449429
15 13 9 5 12 0.000875518
15 5 5 9 12 0.00232288
15 5 9 12 5 0.00244582
15 9 12 5 5 0.00875324
15 12 5 5 9 0.00572364
15 5 12 12 12 0.00334473
15 12 5 12 12 0.00323929
15 12 12 5 12 0.00621348
15 12 12 12 5 0.00709948
15 6 7 12 10 0.00346287
15 7 12 10 6 0.00277288
15 10 6 7 12 0.00140536
15 12 10 6 7 0.00701388
15 8 12 12 9 4.37711e-05
15 9 8 12 12 1.22546e-05
15 12 9 8 12 2.60592e-05
15 12 12 9 8 9.06779e-05
15 5 12 8 10 0.00414256
15 8 10 5 12 0.00415921
15 10 5 12 8 0.00616144
15 12 8 10 5 0.0011631
15 5 12 11 13 0.0072934
15 11 13 5 12 0.0140294
15 12 11 13 5 0.00308549
15 13 5 12 11 0.00119868
15 4 10 10 12 0.00668597
15 10 10 12 4 0.00473912
15 10 12 4 10 0.0042293
15 12 4 10 10 0.00238484
15 4 13 5 10 0.012827
15 5 10 4 13 0.00472687
15 10 4 13 5 0.00580845
15 13 5 10 4 0.00070196
15 7 9 12 10 0.00202297
15 9 12 10 7 0.00326513
15 10 7 9 12 0.00435644
15 12 10 7 9 0.00468153
15 7 11 11 11 0.00121052
15 11 7 11 11 0.00964217
15 11 11 7 11 0.00274946
15 11 11 11 7 0.00529078
15 7 12 10 12 0.00242844
15 10 12 7 12 0.00388448
15 12 7 12 10 0.0050468
15 12 10 12 7 0.00615506
15 4 7 8 11 0.000132575
15 7 8 11 4 1.41097e-05
15 8 11 4 7 1.467e-05
15 11 4 7 8 0.000166337
15 4 4 4 13 0.00913813
15 4 4 13 4 0.00675004
15 4 13 4 4 0.00518647
15 13 4 4 4 0.000761435
15 5 7 11 10 0.00398801
15 7 11 10 5 0.00138628
15 10 5 7 11 0.00253138
15 11 10 5 7 0.0217502
15 4 4 8 10 0.00925731
15 4 8 10 4 0.00161573
15 8 10 4 4 0.00218827
15 10 4 4 8 0.00471257
15 6 6 10 8 0.0015927
15 6 10 8 6 0.00492943
15 8 6 6 10 0.0017764
15 10 8 6 6 0.00206654
15 5 9 6 12 0.0017717
15 6 12 5 9 0.00547152
15 9 6 12 5 0.00230014
15 12 5 9 6 0.00357876
15 4 9 11 7 0.00597335
15 7 4 9 11 0.00216997
15 9 11 7 4 0.000999359
15 11 7 4 9 0.0095854
15 7 7 9 13 0.00591947
15 7 9 13 7 0.00228634
15 9 13 7 7 0.00305262
15 13 7 7 9 0.00147639
16 5 11 9 12 0.00177054
16 9 12 5 11 0.00207555
16 11 9 12 5 0.0285765
16 12 5 11 9 0.00268659
16 4 10 12 9 0.0252741
16 9 4 10 12 0.00129281
16 10 12 9 4 0.00140574
16 12 9 4 10 0.00436922
16 7 11 12 12 0.000994801
16 11 12 12 7 0.00518941
16 12 7 11 12 2.44011e-46
16 12 12 7 11 0.00191049
16 5 9 7 6 0.00295154
16 6 5 9 7 0.000849697
16 7 6 5 9 0.00285604
16 9 7 6 5 1.61895e-45
16 5 11 8 13 3.28736e-46
16 8 13 5 11 0.00266574
16 11 8 13 5 9.98501e-46
16 13 5 11 8 0.000755038
16 4 13 12 10 0.0138293
16 10 4 13 12 0.000838849
16 12 10 4 13 0.0158974
16 13 12 10 4 0.000842549
16 4 12 10 12 0.00516756
16 10 12 4 12 0.00244397
16 12 4 12 10 0.0018015
16 12 10 12 4 0.00892465
16 7 12 12 12 0.00154422
16 12 7 12 12 4.56134e-46
16 12 12 7 12 0.00204705
16 12 12 12 7 0.0023691
16 4 7 9 8 1.26136e-45
16 7 9 8 4 3.9885e-46
16 8 4 7 9 0.00149299
16 9 8 4 7 4.51483e-46
16 6 7 13 13 2.84888e-46
16 7 13 13 6 0.00271343
16 13 6 7 13 0.0039312
16 13 13 6 7 0.0077597
16 6 6 12 11 0.00517737
16 6 12 11 6 0.00122645
16 11 6 6 12 0.0532655
16 12 11 6 6 0.00647409
16 4 4 10 11 0.00347257
16 4 10 11 4 0.0106089
16 10 11 4 4 0.00148293
16 11 4 4 10 0.00433173
16 7 12 8 9 4.15523e-48
16 8 9 7 12 3.57356e-05
16 9 7 12 8 8.50201e-48
16 12 8 9 7 4.64385e-48
16 10 12 13 12 0.00126792
16 12 10 12 13 0.0157612
16 12 13 12 10 0.00677324
16 13 12 10 12 0.000973544
16 5 5 8 9 2.33406e-46
16 5 8 9 5 3.33276e-46
16 8 9 5 5 0.00208528
16 9 5 5 8 0.00113589
16 4 7 12 8 1.44998e-45
16 7 12 8 4 1.93202e-46
16 8 4 7 12 0.000958438
16 12 8 4 7 4.50616e-46
16 8 10 8 12 1.16497e-45
16 8 12 8 10 3.07613e-46
16 10 8 12 8 7.85538e-46
16 12 8 10 8 8.20517e-46
16 5 12 6 7 0.00467275
16 6 7 5 12 1.44193e-46
16 7 5 12 6 0.00122569
16 12 6 7 5 0.00770629
16 6 7 7 10 3.43099e-46
16 7 7 10 6 4.15863e-46
16 7 10 6 7 0.0223163
16 10 6 7 7 0.00663286
16 4 7 12 11 1.02321e-45
16 7 12 11 4 0.000841618
16 11 4 7 12 0.00349225
16 12 11 4 7 0.00181216
16 7 13 9 12 0.00386751
16 9 12 7 13 0.00362819
16 12 7 13 9 4.30334e-46
16 13 9 12 7 0.00217744
16 4 11 10 7 0.00437206
16 7 4 11 10 0.000824992
16 10 7 4 11 5.7676e-46
16 11 10 7 4 0.0221842
16 6 7 9 8 4.04646e-46
16 7 9 8 6 5.21822e-46
16 8 6 7 9 0.00618267
16 9 8 6 7 1.28518e-45
16 11 13 12 12 0.014211
16 12 11 13 12 0.000879212
16 12 12 11 13 0.0021325
16 13 12 12 11 0.000936326
16 8 11 8 13 3.36462e-46
16 8 13 8 11 7.9331e-46
16 11 8 13 8 1.12404e-45
16 13 8 11 8 2.01793e-46
16 4 8 6 13 5.48341e-45
16 6 13 4 8 0.00830343
16 8 6 13 4 0.00284963
16 13 4 8 6 1.3519e-46
16 7 9 7 10 4.43221e-05
16 7 10 7 9 0.000126656
16 9 7 10 7 6.83492e-48
16 10 7 9 7 5.68141e-48
16 7 10 8 10 1.45204e-45
16 8 10 7 10 0.0094228
16 10 7 10 8 1.00881e-45
16 10 8 10 7 6.34636e-46
16 5 9 11 8 0.00309465
16 8 5 9 11 0.00105527
16 9 11 8 5 3.35917e-46
16 11 8 5 9 8.1363e-46
16 4 13 13 12 0.00796139
16 12 4 13 13 0.00158511
16 13 12 4 13 0.00177642
16 13 13 12 4 0.00248066
16 4 10 6 10 0.071437
16 6 10 4 10 0.00805073
16 10 4 10 6 0.00199365
16 10 6 10 4 0.00631039
16 6 11 8 9 2.42718e-46
16 8 9 6 11 0.00999997
16 9 6 11 8 0.00583992
16 11 8 9 6 1.03927e-45
16 6 10 12 12 0.00704436
16 10 12 12 6 0.00286128
16 12 6 10 12 0.00723173
16 12 12 6 10 0.00815364
16 4 5 11 9 0.00277192
16 5 11 9 4 0.000774318
16 9 4 5 11 0.000693906
16 11 9 4 5 0.0145653
16 8 12 11 11 0.00100735
16 11 8 12 11 1.09911e-45
16 11 11 8 12 5.81603e-46
16 12 11 11 8 0.00152972
16 4 10 4 12 0.02048
16 4 12 4 10 0.00540779
16 10 4 12 4 0.00133791
16 12 4 10 4 0.00139749
16 6 6 13 8 0.00381492
16 6 13 8 6 6.95899e-46
16 8 6 6 13 0.0222019
16 13 8 6 6 6.15333e-46
16 8 13 11 9 0.00363298
16 9 8 13 11 2.28521e-46
16 11 9 8 13 2.47451e-45
16 13 11 9 8 0.00083119
16 5 6 6 11 0.0166896
16 6 6 11 5 0.00436519
16 6 11 5 6 0.00076306
16 11 5 6 6 0.0165195
16 8 10 11 12 0.00399087
16 10 11 12 8 0.00248431
16 11 12 8 10 8.81443e-46
16 12 8 10 11 4.55344e-46
16 8 9 13 12 0.00188383
16 9 13 12 8 0.00956138
16 12 8 9 13 6.1783e-46
16 13 12 8 9 2.13451e-46
16 5 13 6 13 0.0230894
16 6 13 5 13 0.00370062
16 13 5 13 6 0.000491939
16 13 6 13 5 0.00233322
16 5 12 13 9 0.00112137
16 9 5 12 13 0.00214975
16 12 13 9 5 0.00595432
16 13 9 5 12 0.000767501
16 5 5 9 12 0.000886383
16 5 9 12 5 0.00412312
16 9 12 5 5 0.00140586
16 12 5 5 9 0.00111511
16 5 12 12 12 0.00148448
16 12 5 12 12 0.00151484
16 12 12 5 12 0.00104293
16 12 12 12 5 0.00296928
16 6 7 12 10 3.48144e-46
16 7 12 10 6 0.00189376
16 10 6 7 12 0.00581546
16 12 10 6 7 0.0300179
16 8 12 12 9 2.97291e-05
16 9 8 12 12 5.09526e-48
16 12 9 8 12 8.04836e-48
16 12 12 9 8 3.65248e-05
16 5 12 8 10 2.58737e-46
16 8 10 5 12 0.00337001
16 10 5 12 8 0.00253029
16 12 8 10 5 6.27476e-46
16 5 12 11 13 0.00168232
16 11 13 5 12 0.00787635
16 12 11 13 5 0.00138736
16 13 5 12 11 0.00075377
16 4 10 10 12 0.0222093
16 10 10 12 4 0.00901256
16 10 12 4 10 0.00277355
16 12 4 10 10 0.00190026
16 4 13 5 10 0.00712982
16 5 10 4 13 0.011666
16 10 4 13 5 0.00123128
16 13 5 10 4 0.000630932
16 7 9 12 10 0.00378558
16 9 12 10 7 0.00261988
16 10 7 9 12 4.19288e-46
16 12 10 7 9 0.0143402
16 7 11 11 11 0.000649541
16 11 7 11 11 6.52374e-46
16 11 11 7 11 0.00352568
16 11 11 11 7 0.00233883
16 7 12 10 12 0.00175565
16 10 12 7 12 0.00222811
16 12 7 12 10 5.57933e-46
16 12 10 12 7 0.0109745
16 4 7 8 11 2.29023e-90
16 7 8 11 4 2.45727e-48
16 8 11 4 7 1.98561e-05
16 11 4 7 8 8.41825e-05
16 4 4 4 13 0.00543886
16 4 4 13 4 0.00159774
16 4 13 4 4 0.011579
16 13 4 4 4 0.000580203
16 5 7 11 10 2.23315e-46
16 7 11 10 5 0.00169262
16 10 5 7 11 0.00158769
16 11 10 5 7 0.0126363
16 4 4 8 10 5.8787e-46
16 4 8 10 4 9.32375e-46
16 8 10 4 4 0.00704289
16 10 4 4 8 0.00278312
16 6 6 10 8 0.00794366
16 6 10 8 6 1.24202e-45
16 8 6 6 10 0.0170287
16 10 8 6 6 1.66871e-45
16 5 9 6 12 0.00837979
16 6 12 5 9 0.00101342
16 9 6 12 5 0.00776241
16 12 5 9 6 0.00142101
16 4 9 11 7 0.00594519
16 7 4 9 11 0.000923121
16 9 11 7 4 0.0012726
16 11 7 4 9 1.7471e-45
16 7 7 9 13 4.82962e-46
16 7 9 13 7 0.00203807
16 9 13 7 7 0.006233
16 13 7 7 9 2.88525e-46
17 5 11 9 12 5.18851e-48
17 9 12 5 11 6.59305e-48
17 11 9 12 5 1.24015e-47
17 12 5 11 9 8.2078e-48
17 4 10 12 9 5.41215e-48
17 9 4 10 12 2.19871e-48
17 10 12 9 4 3.9238e-48
17 12 9 4 10 2.46239e-48
17 7 11 12 12 1.30009e-48
17 11 12 12 7 7.18213e-48
17 12 7 11 12 1.95382e-48
17 12 12 7 11 2.65138e-48
17 5 9 7 6 3.44956e-48
17 6 5 9 7 4.5024e-48
17 7 6 5 9 2.44623e-48
17 9 7 6 5 3.71594e-48
17 5 11 8 13 0.0425938
17 8 13 5 11 4.28404e-48
17 11 8 13 5 1.19548e-47
17 13 5 11 8 4.26999e-48
17 4 13 12 10 1.06933e-47
17 10 4 13 12 4.0316e-48
17 12 10 4 13 3.62062e-48
17 13 12 10 4 1.54959e-48
17 4 12 10 12 8.47339e-48
17 10 12 4 12 4.00919e-48
17 12 4 12 10 3.6499e-48
17 12 10 12 4 2.17723e-48
17 7 12 12 12 2.10384e-48
17 12 7 12 12 1.82023e-48
17 12 12 7 12 3.46515e-48
17 12 12 12 7 3.59607e-48
17 4 7 9 8 1.32145e-47
17 7 9 8 4 0.0156346
17 8 4 7 9 3.02691e-48
17 9 8 4 7 2.36503e-48
17 6 7 13 13 3.81289e-48
17 7 13 13 6 6.66473e-48
17 13 6 7 13 1.68137e-48
17 13 13 6 7 2.94386e-48
17 6 6 12 11 1.82048e-48
17 6 12 11 6 7.32607e-48
17 11 6 6 12 7.52387e-48
17 12 11 6 6 6.67815e-48
17 4 4 10 11 5.8181e-48
17 4 10 11 4 5.917e-48
17 10 11 4 4 2.53306e-48
17 11 4 4 10 8.9457e-48
17 7 12 8 9 0.000404632
17 8 9 7 12 2.15575e-50
17 9 7 12 8 4.23005e-50
17 12 8 9 7 4.02131e-50
17 10 12 13 12 4.88946e-48
17 12 10 12 13 3.21093e-48
17 12 13 12 10 4.59652e-48
17 13 12 10 12 1.64947e-48
17 5 5 8 9 0.0411531
17 5 8 9 5 3.95359e-48
17 8 9 5 5 3.62188e-48
17 9 5 5 8 8.18803e-48
17 4 7 12 8 8.66857e-48
17 7 12 8 4 0.0244215
17 8 4 7 12 2.32365e-48
17 12 8 4 7 2.48935e-48
17 8 10 8 12 0.0257163
17 8 12 8 10 0.0491183
17 10 8 12 8 4.93406e-48
17 12 8 10 8 5.05445e-48
17 5 12 6 7 4.88677e-48
17 6 7 5 12 2.57243e-48
17 7 5 12 6 3.88296e-48
17 12 6 7 5 3.68373e-48
17 6 7 7 10 3.2036e-48
17 7 7 10 6 3.22936e-48
17 7 10 6 7 3.18551e-48
17 10 6 7 7 3.57583e-48
17 4 7 12 11 3.81428e-48
17 7 12 11 4 2.49743e-48
17 11 4 7 12 6.71756e-48
17 12 11 4 7 2.94978e-48
17 7 13 9 12 3.85451e-48
17 9 12 7 13 5.27911e-48
17 12 7 13 9 3.774e-48
17 13 9 12 7 1.20671e-48
17 4 11 10 7 8.11221e-48
17 7 4 11 10 3.55096e-48
17 10 7 4 11 2.40563e-48
17 11 10 7 4 6.49146e-48
17 6 7 9 8 5.23802e-48
17 7 9 8 6 0.0309664
17 8 6 7 9 2.38112e-48
17 9 8 6 7 3.06244e-48
17 11 13 12 12 6.96016e-48
17 12 11 13 12 2.85199e-48
17 12 12 11 13 4.99101e-48
17 13 12 12 11 1.16293e-48
17 8 11 8 13 0.0369779
17 8 13 8 11 0.0343161
17 11 8 13 8 1.48349e-47
17 13 8 11 8 2.62563e-48
17 4 8 6 13 1.20651e-47
17 6 13 4 8 9.23019e-48
17 8 6 13 4 2.8459e-48
17 13 4 8 6 0.0358518
17 7 9 7 10 3.11216e-50
17 7 10 7 9 3.31546e-50
17 9 7 10 7 3.41216e-50
17 10 7 9 7 5.34457e-50
17 7 10 8 10 0.0373094
17 8 10 7 10 4.04458e-48
17 10 7 10 8 6.75094e-48
17 10 8 10 7 3.99976e-48
17 5 9 11 8 4.41387e-48
17 8 5 9 11 3.1722e-48
17 9 11 8 5 0.0400836
17 11 8 5 9 8.25231e-48
17 4 13 13 12 1.28055e-47
17 12 4 13 13 6.05573e-48
17 13 12 4 13 2.7272e-48
17 13 13 12 4 1.70295e-48
17 4 10 6 10 1.17525e-47
17 6 10 4 10 3.59763e-48
17 10 4 10 6 6.70101e-48
17 10 6 10 4 2.66144e-48
17 6 11 8 9 0.0301475
17 8 9 6 11 1.91186e-48
17 9 6 11 8 4.45061e-48
17 11 8 9 6 1.14311e-47
17 6 10 12 12 2.22885e-48
17 10 12 12 6 6.89972e-48
17 12 6 10 12 2.46389e-48
17 12 12 6 10 6.74058e-48
17 4 5 11 9 9.64906e-48
17 5 11 9 4 2.46314e-48
17 9 4 5 11 2.74712e-48
17 11 9 4 5 7.06644e-48
17 8 12 11 11 2.45043e-48
17 11 8 12 11 3.44176e-48
17 11 11 8 12 0.0559463
17 12 11 11 8 4.98143e-48
17 4 10 4 12 5.86277e-48
17 4 12 4 10 1.11979e-47
17 10 4 12 4 2.65601e-48
17 12 4 10 4 2.72081e-48
17 6 6 13 8 5.6536e-48
17 6 13 8 6 0.0739199
17 8 6 6 13 3.583e-48
17 13 8 6 6 2.53613e-48
17 8 13 11 9 3.76302e-48
17 9 8 13 11 1.95577e-48
17 11 9 8 13 0.0697552
17 13 11 9 8 2.78307e-48
17 5 6 6 11 2.8719e-48
17 6 6 11 5 4.48074e-48
17 6 11 5 6 6.91957e-48
17 11 5 6 6 2.29183e-47
17 8 10 11 12 2.06813e-48
17 10 11 12 8 4.59788e-48
17 11 12 8 10 0.111669
17 12 8 10 11 1.74899e-48
17 8 9 13 12 2.27022e-48
17 9 13 12 8 6.40347e-48
17 12 8 9 13 4.11124e-48
17 13 12 8 9 0.0231127
17 5 13 6 13 7.74614e-48
17 6 13 5 13 8.05577e-48
17 13 5 13 6 4.55414e-48
17 13 6 13 5 2.62315e-48
17 5 12 13 9 4.29624e-48
17 9 5 12 13 3.36445e-48
17 12 13 9 5 6.68538e-48
17 13 9 5 12 1.14496e-48
17 5 5 9 12 3.83157e-48
17 5 9 12 5 2.65878e-48
17 9 12 5 5 6.49719e-48
17 12 5 5 9 5.39147e-48
17 5 12 12 12 2.58794e-48
17 12 5 12 12 2.75813e-48
17 12 12 5 12 4.26147e-48
17 12 12 12 5 4.55734e-48
17 6 7 12 10 2.47104e-48
17 7 12 10 6 4.7419e-48
17 10 6 7 12 2.65773e-48
17 12 10 6 7 4.04696e-48
17 8 12 12 9 3.67625e-50
17 9 8 12 12 2.02395e-50
17 12 9 8 12 0.0002745
17 12 12 9 8 1.08288e-49
17 5 12 8 10 0.0487069
17 8 10 5 12 2.7638e-48
17 10 5 12 8 6.9078e-48
17 12 8 10 5 3.5065e-48
17 5 12 11 13 5.33446e-48
17 11 13 5 12 1.22497e-47
17 12 11 13 5 5.36793e-48
17 13 5 12 11 1.3247e-48
17 4 10 10 12 6.36048e-48
17 10 10 12 4 2.50732e-48
17 10 12 4 10 5.74808e-48
17 12 4 10 10 4.30582e-48
17 4 13 5 10 1.75064e-47
17 5 10 4 13 3.59966e-48
17 10 4 13 5 7.05849e-48
17 13 5 10 4 1.64194e-48
17 7 9 12 10 2.02059e-48
17 9 12 10 7 4.21735e-48
17 10 7 9 12 3.34365e-48
17 12 10 7 9 3.54542e-48
17 7 11 11 11 1.39643e-48
17 11 7 11 11 3.90479e-48
17 11 11 7 11 4.27951e-48
17 11 11 11 7 6.23027e-48
17 7 12 10 12 2.67509e-48
17 10 12 7 12 4.30108e-48
17 12 7 12 10 2.81283e-48
17 12 10 12 7 2.90945e-48
17 4 7 8 11 0.000729713
17 7 8 11 4 2.37384e-50
17 8 11 4 7 3.7143e-50
17 11 4 7 8 2.12912e-49
17 4 4 4 13 1.00713e-47
17 4 4 13 4 8.3284e-48
17 4 13 4 4 8.60012e-48
17 13 4 4 4 1.32937e-48
17 5 7 11 10 3.06058e-48
17 7 11 10 5 2.95092e-48
17 10 5 7 11 3.55543e-48
17 11 10 5 7 9.69935e-48
17 4 4 8 10 0.115993
17 4 8 10 4 5.40276e-48
17 8 10 4 4 2.20734e-48
17 10 4 4 8 7.48151e-48
17 6 6 10 8 5.00994e-48
17 6 10 8 6 0.0551975
17 8 6 6 10 3.83004e-48
17 10 8 6 6 6.66183e-48
17 5 9 6 12 2.30382e-48
17 6 12 5 9 4.87513e-48
17 9 6 12 5 2.6746e-48
17 12 5 9 6 7.45066e-48
17 4 9 11 7 6.398e-48
17 7 4 9 11 2.25188e-48
17 9 11 7 4 2.12699e-48
17 11 7 4 9 5.94284e-48
17 7 7 9 13 3.24147e-48
17 7 9 13 7 2.66938e-48
17 9 13 7 7 4.92678e-48
17 13 7 7 9 1.49124e-48
18 5 11 9 12 0.034924
18 9 12 5 11 0.00685332
18 11 9 12 5 0.00221478
18 12 5 11 9 0.00812296
18 4 10 12 9 0.00339226
18 9 4 10 12 0.00671733
18 10 12 9 4 0.00897328
18 12 9 4 10 0.00358541
18 7 11 12 12 0.00122112
18 11 12 12 7 1.68334e-05
18 12 7 11 12 0.00267263
18 12 12 7 11 0.0100011
18 5 9 7 6 4.64223e-46
18 6 5 9 7 2.02417e-05
18 7 6 5 9 0.000701252
18 9 7 6 5 0.000632847
18 5 11 8 13 0.00760888
18 8 13 5 11 0.000883678
18 11 8 13 5 0.00401116
18 13 5 11 8 3.27551e-46
18 4 13 12 10 0.000547415
18 10 4 13 12 0.0123762
18 12 10 4 13 0.00375393
18 13 12 10 4 0.00135604
18 4 12 10 12 0.00521801
18 10 12 4 12 0.00428863
18 12 4 12 10 0.00282842
18 12 10 12 4 0.00127588
18 7 12 12 12 0.000515993
18 12 7 12 12 0.000722334
18 12 12 7 12 0.0067116
18 12 12 12 7 8.62243e-06
18 4 7 9 8 2.39278e-45
18 7 9 8 4 0.00212164
18 8 4 7 9 0.0258734
18 9 8 4 7 2.62683e-05
18 6 7 13 13 0.00142121
18 7 13 13 6 8.28947e-47
18 13 6 7 13 0.00242601
18 13 13 6 7 2.57114e-06
18 6 6 12 11 0.000989729
18 6 12 11 6 4.45745e-46
18 11 6 6 12 0.00490668
18 12 11 6 6 1.07883e-45
18 4 4 10 11 0.0200131
18 4 10 11 4 0.00980381
18 10 11 4 4 0.0100463
18 11 4 4 10 0.0210029
18 7 12 8 9 4.11782e-05
18 8 9 7 12 8.84855e-05
18 9 7 12 8 1.93571e-48
18 12 8 9 7 6.95171e-07
18 10 12 13 12 0.00523307
18 12 10 12 13 0.00107411
18 12 13 12 10 0.000286874
18 13 12 10 12 0.00149092
18 5 5 8 9 0.00219199
18 5 8 9 5 0.00169058
18 8 9 5 5 0.000666896
18 9 5 5 8 1.77565e-46
18 4 7 12 8 2.29337e-46
18 7 12 8 4 0.00190594
18 8 4 7 12 0.0157329
18 12 8 4 7 1.94882e-05
18 8 10 8 12 0.00623529
18 8 12 8 10 0.00531588
18 10 8 12 8 1.45799e-46
18 12 8 10 8 3.24903e-46
18 5 12 6 7 8.66249e-06
18 6 7 5 12 0.000462634
18 7 5 12 6 3.37002e-47
18 12 6 7 5 0.00184494
18 6 7 7 10 0.00176149
18 7 7 10 6 8.07051e-47
18 7 10 6 7 7.175e-06
18 10 6 7 7 3.10017e-05
18 4 7 12 11 0.00241788
18 7 12 11 4 0.00204415
18 11 4 7 12 0.0364794
18 12 11 4 7 8.39524e-05
18 7 13 9 12 0.00149465
18 9 12 7 13 0.00801732
18 12 7 13 9 0.00586335
18 13 9 12 7 6.05695e-06
18 4 11 10 7 0.000100826
18 7 4 11 10 0.00511342
18 10 7 4 11 0.0043712
18 11 10 7 4 0.0158307
18 6 7 9 8 6.33719e-46
18 7 9 8 6 3.07265e-46
18 8 6 7 9 0.00794494
18 9 8 6 7 1.43736e-05
18 11 13 12 12 0.000715027
18 12 11 13 12 0.0154097
18 12 12 11 13 0.00432572
18 13 12 12 11 0.00124051
18 8 11 8 13 0.0142629
18 8 13 8 11 0.00281344
18 11 8 13 8 1.75173e-45
18 13 8 11 8 4.24449e-46
18 4 8 6 13 0.00343309
18 6 13 4 8 1.3393e-46
18 8 6 13 4 0.00530448
18 13 4 8 6 1.31051e-45
18 7 9 7 10 3.35546e-05
18 7 10 7 9 5.81453e-05
18 9 7 10 7 1.67076e-07
18 10 7 9 7 5.8034e-07
18 7 10 8 10 0.00237619
18 8 10 7 10 0.00754342
18 10 7 10 8 2.72578e-46
18 10 8 10 7 1.26466e-05
18 5 9 11 8 5.52189e-46
18 8 5 9 11 0.0117194
18 9 11 8 5 0.00752117
18 11 8 5 9 0.0040359
18 4 13 13 12 0.00342329
18 12 4 13 13 0.0135433
18 13 12 4 13 0.00255877
18 13 13 12 4 0.000208609
18 4 10 6 10 0.0045384
18 6 10 4 10 0.00219666
18 10 4 10 6 7.749e-46
18 10 6 10 4 0.00164302
18 6 11 8 9 0.0119447
18 8 9 6 11 0.00470172
18 9 6 11 8 9.01131e-46
18 11 8 9 6 2.59465e-45
18 6 10 12 12 0.000739374
18 10 12 12 6 1.68573e-46
18 12 6 10 12 0.00207108
18 12 12 6 10 0.00238526
18 4 5 11 9 0.00783275
18 5 11 9 4 0.0160515
18 9 4 5 11 0.00819041
18 11 9 4 5 0.00391149
18 8 12 11 11 0.00912114
18 11 8 12 11 0.00314007
18 11 11 8 12 0.0313169
18 12 11 11 8 2.43165e-45
18 4 10 4 12 0.00902181
18 4 12 4 10 0.00769152
18 10 4 12 4 0.00254544
18 12 4 10 4 0.00567235
18 6 6 13 8 3.97813e-46
18 6 13 8 6 9.90627e-47
18 8 6 6 13 0.0016101
18 13 8 6 6 1.35679e-46
18 8 13 11 9 0.00209749
18 9 8 13 11 0.00803129
18 11 9 8 13 0.00979784
18 13 11 9 8 3.24753e-45
18 5 6 6 11 0.0021062
18 6 6 11 5 0.000995805
18 6 11 5 6 3.86785e-46
18 11 5 6 6 4.72388e-46
18 8 10 11 12 0.00525904
18 10 11 12 8 4.93929e-46
18 11 12 8 10 0.00969307
18 12 8 10 11 0.00269378
18 8 9 13 12 0.00678775
18 9 13 12 8 7.76042e-47
18 12 8 9 13 0.00745282
18 13 12 8 9 0.00525294
18 5 13 6 13 0.000332617
18 6 13 5 13 0.000212047
18 13 5 13 6 2.7374e-46
18 13 6 13 5 0.00115214
18 5 12 13 9 0.00431939
18 9 5 12 13 0.000599939
18 12 13 9 5 0.0011106
18 13 9 5 12 0.000901732
18 5 5 9 12 0.00336636
18 5 9 12 5 0.00027419
18 9 12 5 5 0.000800921
18 12 5 5 9 0.00128001
18 5 12 12 12 0.000664593
18 12 5 12 12 0.000627256
18 12 12 5 12 0.00160322
18 12 12 12 5 0.000478854
18 6 7 12 10 0.000319145
18 7 12 10 6 1.35862e-46
18 10 6 7 12 0.0043721
18 12 10 6 7 1.69088e-05
18 8 12 12 9 2.57342e-05
18 9 8 12 12 1.37619e-05
18 12 9 8 12 7.13714e-05
18 12 12 9 8 2.74065e-47
18 5 12 8 10 0.00244136
18 8 10 5 12 0.00168599
18 10 5 12 8 9.68612e-47
18 12 8 10 5 0.000640471
18 5 12 11 13 0.0026097
18 11 13 5 12 0.00104062
18 12 11 13 5 0.00669843
18 13 5 12 11 0.000706351
18 4 10 10 12 0.00521111
18 10 10 12 4 0.00111461
18 10 12 4 10 0.00365142
18 12 4 10 10 0.00550622
18 4 13 5 10 0.000741077
18 5 10 4 13 0.00210666
18 10 4 13 5 0.00500428
18 13 5 10 4 0.000718238
18 7 9 12 10 0.000511721
18 9 12 10 7 2.36747e-05
18 10 7 9 12 0.00688907
18 12 10 7 9 0.011534
18 7 11 11 11 0.00880482
18 11 7 11 11 0.0101681
18 11 11 7 11 0.0604286
18 11 11 11 7 0.000192764
18 7 12 10 12 0.00108269
18 10 12 7 12 0.00631957
18 12 7 12 10 0.000662875
18 12 10 12 7 9.28121e-06
18 4 7 8 11 0.000152033
18 7 8 11 4 2.04677e-05
18 8 11 4 7 1.28837e-06
18 11 4 7 8 9.3975e-47
18 4 4 4 13 0.0184651
18 4 4 13 4 0.026764
18 4 13 4 4 0.00222465
18 13 4 4 4 0.00626704
18 5 7 11 10 0.00140335
18 7 11 10 5 0.00105633
18 10 5 7 11 0.00508547
18 11 10 5 7 2.50102e-05
18 4 4 8 10 0.0242325
18 4 8 10 4 0.00339317
18 8 10 4 4 0.00488633
18 10 4 4 8 1.86569e-45
18 6 6 10 8 1.87587e-46
18 6 10 8 6 4.26036e-46
18 8 6 6 10 0.0018494
18 10 8 6 6 2.24563e-46
18 5 9 6 12 0.00134737
18 6 12 5 9 0.00126898
18 9 6 12 5 0.000446404
18 12 5 9 6 8.20972e-46
18 4 9 11 7 7.54187e-05
18 7 4 9 11 0.0211147
18 9 11 7 4 0.021671
18 11 7 4 9 0.00902031
18 7 7 9 13 0.00262295
18 7 9 13 7 1.86054e-05
18 9 13 7 7 1.64824e-05
18 13 7 7 9 0.00382921
19 3 0 1 10 0.0287757
19 3 0 2 11 0.0603567
19 2 0 2 12 0.0203265
19 1 0 2 11 0.108931
19 3 0 2 4 0.0362595
19 3 0 3 4 0.0297145
19 2 0 1 11 0.0532353
19 1 0 3 10 0.0444746
19 3 0 3 5 0.0197036
19 2 0 1 4 0.0328236
19 2 0 3 12 0.0168256
19 1 0 2 12 0.0422048
19 1 0 3 4 0.0538311
19 2 0 1 7 0.0272626
19 2 0 2 11 0.0268224
19 1 0 3 8 0.0249008
19 3 0 3 13 0.0181512
19 3 0 1 6 0.0153956
19 2 0 1 5 0.0225666
19 1 0 3 12 0.0352894
19 2 0 2 7 0.0281329
19 1 0 2 9 0.0255075
19 2 0 1 12 0.0209132
19 3 0 3 9 0.0116124
19 1 0 3 6 0.0249989
19 1 0 2 4 0.0650428
19 3 0 3 8 0.0137298
19 2 0 2 10 0.0264461
19 1 0 1 4 0.0657649
20 1 10 3 0 0.0764676
20 2 11 3 0 0.0409552
20 2 12 2 0 0.0242965
20 2 11 1 0 0.0390567
20 2 4 3 0 0.017032
20 3 4 3 0 0.0319328
20 1 11 2 0 0.109892
20 3 10 1 0 0.0545777
20 3 5 3 0 0.0142954
20 1 4 2 0 0.0469045
20 3 12 2 0 0.0460122
20 2 12 1 0 0.0229377
20 3 4 1 0 0.0305676
20 1 7 2 0 0.0396754
20 2 11 2 0 0.0211511
20 3 8 1 0 0.000102127
20 3 13 3 0 0.0368573
20 1 6 3 0 0.0264752
20 1 5 2 0 0.021771
20 3 12 1 0 0.0438789
20 2 7 2 0 0.01564
20 2 9 1 0 0.021558
20 1 12 2 0 0.0654384
20 3 9 3 0 0.0424937
20 3 6 1 0 0.0198524
20 2 4 1 0 0.0161437
20 3 8 3 0 0.000106569
20 2 10 2 0 0.0311985
20 1 4 1 0 0.0427297
21 5 11 9 12 6.58686e-48
21 9 12 5 11 0.0943256
21 11 9 12 5 4.77088e-48
21 12 5 11 9 4.55388e-48
21 4 10 12 9 1.04057e-48
21 9 4 10 12 1.25866e-48
21 10 12 9 4 0.0388722
21 12 9 4 10 2.79309e-48
21 7 11 12 12 1.86917e-48
21 11 12 12 7 0.0131257
21 12 7 11 12 2.10483e-48
21 12 12 7 11 0.0553246
21 5 9 7 6 4.02925e-48
21 6 5 9 7 2.12148e-48
21 7 6 5 9 2.78208e-48
21 9 7 6 5 1.36301e-48
21 5 11 8 13 2.48405e-48
21 8 13 5 11 6.37341e-48
21 11 8 13 5 3.68061e-48
21 13 5 11 8 2.35915e-48
21 4 13 12 10 2.09853e-48
21 10 4 13 12 2.51663e-48
21 12 10 4 13 9.61477e-49
21 13 12 10 4 0.0328239
21 4 12 10 12 0.0121873
21 10 12 4 12 0.0185698
21 12 4 12 10 2.47486e-48
21 12 10 12 4 5.32365e-48
21 7 12 12 12 0.0173976
21 12 7 12 12 2.23527e-48
21 12 12 7 12 0.0272267
21 12 12 12 7 0.0147019
21 4 7 9 8 1.43075e-48
21 7 9 8 4 1.06689e-47
21 8 4 7 9 1.40829e-48
21 9 8 4 7 1.6278e-48
21 6 7 13 13 1.0563e-48
21 7 13 13 6 3.24122e-48
21 13 6 7 13 1.48103e-48
21 13 13 6 7 1.78606e-48
21 6 6 12 11 6.14077e-48
21 6 12 11 6 0.0169932
21 11 6 6 12 2.99608e-48
21 12 11 6 6 2.15305e-48
21 4 4 10 11 3.04189e-48
21 4 10 11 4 3.79326e-48
21 10 11 4 4 4.91985e-48
21 11 4 4 10 2.60503e-48
21 7 12 8 9 0.000304802
21 8 9 7 12 2.75215e-50
21 9 7 12 8 1.56308e-50
21 12 8 9 7 2.82442e-50
21 10 12 13 12 0.022298
21 12 10 12 13 8.87529e-49
21 12 13 12 10 3.01825e-48
21 13 12 10 12 0.0144865
21 5 5 8 9 4.96861e-48
21 5 8 9 5 3.26149e-48
21 8 9 5 5 2.04399e-48
21 9 5 5 8 2.36211e-48
21 4 7 12 8 1.10162e-48
21 7 12 8 4 0.0699217
21 8 4 7 12 1.70369e-48
21 12 8 4 7 1.97161e-48
21 8 10 8 12 2.55139e-48
21 8 12 8 10 0.0238117
21 10 8 12 8 1.66089e-48
21 12 8 10 8 1.6984e-48
21 5 12 6 7 0.016299
21 6 7 5 12 2.65799e-48
21 7 5 12 6 2.32907e-48
21 12 6 7 5 3.65384e-48
21 6 7 7 10 3.22481e-48
21 7 7 10 6 1.78219e-48
21 7 10 6 7 1.61263e-48
21 10 6 7 7 3.0041e-48
21 4 7 12 11 3.71761e-48
21 7 12 11 4 0.0436972
21 11 4 7 12 3.22959e-48
21 12 11 4 7 2.01437e-48
21 7 13 9 12 3.59975e-48
21 9 12 7 13 0.00982794
21 12 7 13 9 2.78186e-48
21 13 9 12 7 2.14576e-48
21 4 11 10 7 1.28685e-48
21 7 4 11 10 2.71028e-48
21 10 7 4 11 5.63831e-48
21 11 10 7 4 8.65046e-48
21 6 7 9 8 1.65988e-48
21 7 9 8 6 4.10927e-48
21 8 6 7 9 1.82357e-48
21 9 8 6 7 1.34593e-48
21 11 13 12 12 2.65794e-48
21 12 11 13 12 3.02281e-48
21 12 12 11 13 0.00769351
21 13 12 12 11 0.0363225
21 8 11 8 13 1.10552e-48
21 8 13 8 11 7.61883e-48
21 11 8 13 8 2.82269e-48
21 13 8 11 8 1.89148e-48
21 4 8 6 13 7.8378e-49
21 6 13 4 8 2.29452e-48
21 8 6 13 4 6.42735e-48
21 13 4 8 6 3.886e-48
21 7 9 7 10 5.74808e-50
21 7 10 7 9 3.33661e-50
21 9 7 10 7 1.72491e-50
21 10 7 9 7 2.65354e-50
21 7 10 8 10 5.35517e-48
21 8 10 7 10 2.61953e-48
21 10 7 10 8 1.60354e-48
21 10 8 10 7 1.84194e-48
21 5 9 11 8 2.73873e-48
21 8 5 9 11 4.87669e-48
21 9 11 8 5 3.13915e-48
21 11 8 5 9 2.92618e-48
21 4 13 13 12 3.09266e-48
21 12 4 13 13 1.37775e-48
21 13 12 4 13 0.00840177
21 13 13 12 4 6.40325e-48
21 4 10 6 10 1.67911e-48
21 6 10 4 10 2.35597e-48
21 10 4 10 6 1.54878e-48
21 10 6 10 4 5.20684e-48
21 6 11 8 9 2.6916e-48
21 8 9 6 11 3.2616e-48
21 9 6 11 8 1.70598e-48
21 11 8 9 6 2.65357e-48
21 6 10 12 12 1.97653e-48
21 10 12 12 6 0.0156018
21 12 6 10 12 2.67167e-48
21 12 12 6 10 0.0204844
21 4 5 11 9 1.59998e-48
21 5 11 9 4 7.54189e-48
21 9 4 5 11 5.37971e-48
21 11 9 4 5 2.61174e-48
21 8 12 11 11 0.0250818
21 11 8 12 11 5.30971e-48
21 11 11 8 12 4.02262e-48
21 12 11 11 8 1.69548e-48
21 4 10 4 12 1.70661e-48
21 4 12 4 10 0.0159275
21 10 4 12 4 4.22736e-48
21 12 4 10 4 4.32281e-48
21 6 6 13 8 2.35207e-48
21 6 13 8 6 3.71912e-48
21 8 6 6 13 5.93258e-49
21 13 8 6 6 1.7306e-48
21 8 13 11 9 1.21997e-48
21 9 8 13 11 5.5484e-48
21 11 9 8 13 1.8746e-48
21 13 11 9 8 1.67883e-48
21 5 6 6 11 9.035e-48
21 6 6 11 5 2.79734e-48
21 6 11 5 6 3.05978e-48
21 11 5 6 6 2.93799e-48
21 8 10 11 12 1.25391e-48
21 10 11 12 8 1.33447e-48
21 11 12 8 10 0.0354974
21 12 8 10 11 4.50735e-48
21 8 9 13 12 2.2487e-48
21 9 13 12 8 1.64607e-48
21 12 8 9 13 1.24107e-48
21 13 12 8 9 0.0247617
21 5 13 6 13 1.47191e-48
21 6 13 5 13 1.57877e-48
21 13 5 13 6 3.67498e-48
21 13 6 13 5 3.68398e-48
21 5 12 13 9 0.0221015
21 9 5 12 13 7.94502e-49
21 12 13 9 5 2.72623e-48
21 13 9 5 12 3.08723e-48
21 5 5 9 12 4.32672e-48
21 5 9 12 5 3.04286e-48
21 9 12 5 5 0.0196109
21 12 5 5 9 3.27997e-48
21 5 12 12 12 0.0221799
21 12 5 12 12 2.74896e-48
21 12 12 5 12 0.0264181
21 12 12 12 5 0.0164558
21 6 7 12 10 2.04023e-48
21 7 12 10 6 0.0137339
21 10 6 7 12 3.51975e-48
21 12 10 6 7 1.59667e-48
21 8 12 12 9 0.000102492
21 9 8 12 12 2.2857e-50
21 12 9 8 12 6.05271e-50
21 12 12 9 8 0.000205885
21 5 12 8 10 0.0460604
21 8 10 5 12 1.83739e-48
21 10 5 12 8 1.78335e-48
21 12 8 10 5 1.90651e-48
21 5 12 11 13 0.0109352
21 11 13 5 12 4.49975e-48
21 12 11 13 5 3.18767e-48
21 13 5 12 11 6.3986e-48
21 4 10 10 12 1.43908e-48
21 10 10 12 4 4.58623e-48
21 10 12 4 10 0.0204644
21 12 4 10 10 2.18019e-48
21 4 13 5 10 3.30472e-48
21 5 10 4 13 1.2712e-48
21 10 4 13 5 2.46864e-48
21 13 5 10 4 5.37867e-48
21 7 9 12 10 3.06106e-48
21 9 12 10 7 0.0111887
21 10 7 9 12 2.61696e-48
21 12 10 7 9 2.78073e-48
21 7 11 11 11 4.67732e-48
21 11 7 11 11 4.99374e-48
21 11 11 7 11 6.94007e-48
21 11 11 11 7 1.73662e-48
21 7 12 10 12 0.016519
21 10 12 7 12 0.0252808
21 12 7 12 10 2.65504e-48
21 12 10 12 7 1.87111e-48
21 4 7 8 11 1.02097e-49
21 7 8 11 4 8.37526e-50
21 8 11 4 7 1.72915e-50
21 11 4 7 8 3.54438e-50
21 4 4 4 13 6.9552e-49
21 4 4 13 4 5.0095e-48
21 4 13 4 4 5.08793e-48
21 13 4 4 4 4.95896e-48
21 5 7 11 10 3.37023e-48
21 7 11 10 5 1.77503e-48
21 10 5 7 11 8.58272e-48
21 11 10 5 7 2.68221e-48
21 4 4 8 10 3.37432e-48
21 4 8 10 4 3.77926e-48
21 8 10 4 4 3.53498e-48
21 10 4 4 8 1.64242e-48
21 6 6 10 8 1.64539e-48
21 6 10 8 6 3.2957e-48
21 8 6 6 10 1.78782e-48
21 10 8 6 6 1.86346e-48
21 5 9 6 12 2.88696e-48
21 6 12 5 9 0.0167754
21 9 6 12 5 1.89096e-48
21 12 5 9 6 2.96739e-48
21 4 9 11 7 1.6345e-48
21 7 4 9 11 5.76719e-48
21 9 11 7 4 6.09007e-48
21 11 7 4 9 1.98883e-48
21 7 7 9 13 1.18644e-48
21 7 9 13 7 3.157e-48
21 9 13 7 7 2.82877e-48
21 13 7 7 9 2.58543e-48
22 12 9 8 12 1
23 5 11 9 12 3.74652e-48
23 9 12 5 11 7.35893e-48
23 11 9 12 5 1.22051e-47
23 12 5 11 9 0.0864678
23 4 10 12 9 0.0417624
23 9 4 10 12 6.32667e-49
23 10 12 9 4 1.03546e-48
23 12 9 4 10 2.40994e-48
23 7 11 12 12 2.1695e-48
23 11 12 12 7 4.17428e-48
23 12 7 11 12 1.8921e-48
23 12 12 7 11 5.07589e-48
23 5 9 7 6 9.01865e-48
23 6 5 9 7 2.2427e-48
23 7 6 5 9 0.0525277
23 9 7 6 5 4.09185e-48
23 5 11 8 13 6.02557e-48
23 8 13 5 11 7.43179e-48
23 11 8 13 5 6.94228e-48
23 13 5 11 8 5.00284e-48
23 4 13 12 10 5.73499e-48
23 10 4 13 12 1.6084e-48
23 12 10 4 13 2.88814e-48
23 13 12 10 4 2.34878e-48
23 4 12 10 12 1.87941e-48
23 10 12 4 12 1.45913e-48
23 12 4 12 10 3.01217e-48
23 12 10 12 4 4.56277e-48
23 7 12 12 12 2.80115e-48
23 12 7 12 12 3.13333e-48
23 12 12 7 12 4.72885e-48
23 12 12 12 7 5.13151e-48
23 4 7 9 8 1.44452e-48
23 7 9 8 4 2.39289e-48
23 8 4 7 9 0.0316135
23 9 8 4 7 1.55451e-48
23 6 7 13 13 5.63311e-48
23 7 13 13 6 6.04008e-48
23 13 6 7 13 9.11191e-48
23 13 13 6 7 9.94607e-48
23 6 6 12 11 8.16027e-48
23 6 12 11 6 5.55895e-48
23 11 6 6 12 7.97076e-48
23 12 11 6 6 9.18958e-48
23 4 4 10 11 1.22608e-48
23 4 10 11 4 2.63697e-48
23 10 11 4 4 1.38684e-48
23 11 4 4 10 1.38407e-48
23 7 12 8 9 0.000345705
23 8 9 7 12 4.96154e-50
23 9 7 12 8 3.18533e-50
23 12 8 9 7 2.20525e-50
23 10 12 13 12 2.88011e-48
23 12 10 12 13 5.56459e-48
23 12 13 12 10 6.52154e-48
23 13 12 10 12 2.08301e-48
23 5 5 8 9 0.0591777
23 5 8 9 5 2.94369e-48
23 8 9 5 5 6.27641e-48
23 9 5 5 8 4.25704e-48
23 4 7 12 8 3.40783e-48
23 7 12 8 4 2.14203e-48
23 8 4 7 12 2.07573e-48
23 12 8 4 7 2.25978e-48
23 8 10 8 12 2.3818e-48
23 8 12 8 10 3.17487e-48
23 10 8 12 8 3.25756e-48
23 12 8 10 8 2.4764e-48
23 5 12 6 7 9.2181e-48
23 6 7 5 12 3.8138e-48
23 7 5 12 6 4.38777e-48
23 12 6 7 5 8.73866e-48
23 6 7 7 10 4.85343e-48
23 7 7 10 6 1.55396e-48
23 7 10 6 7 4.55264e-48
23 10 6 7 7 4.66723e-48
23 4 7 12 11 3.48174e-48
23 7 12 11 4 2.2453e-48
23 11 4 7 12 2.52886e-48
23 12 11 4 7 2.42831e-48
23 7 13 9 12 1.66159e-48
23 9 12 7 13 5.1776e-48
23 12 7 13 9 0.0565843
23 13 9 12 7 6.46672e-48
23 4 11 10 7 2.173e-48
23 7 4 11 10 1.48225e-48
23 10 7 4 11 1.42767e-48
23 11 10 7 4 5.10611e-48
23 6 7 9 8 1.75815e-48
23 7 9 8 6 3.09852e-48
23 8 6 7 9 0.0682594
23 9 8 6 7 4.1318e-48
23 11 13 12 12 4.88815e-48
23 12 11 13 12 3.94348e-48
23 12 12 11 13 4.12713e-48
23 13 12 12 11 5.19954e-48
23 8 11 8 13 3.61359e-48
23 8 13 8 11 4.40319e-48
23 11 8 13 8 5.56607e-48
23 13 8 11 8 3.93098e-48
23 4 8 6 13 8.75361e-48
23 6 13 4 8 5.13717e-48
23 8 6 13 4 6.77082e-48
23 13 4 8 6 3.33303e-48
23 7 9 7 10 5.48261e-50
23 7 10 7 9 0.000560751
23 9 7 10 7 1.62375e-50
23 10 7 9 7 1.31616e-50
23 7 10 8 10 2.64498e-48
23 8 10 7 10 5.17531e-48
23 10 7 10 8 1.48531e-48
23 10 8 10 7 1.6688e-48
23 5 9 11 8 5.42394e-48
23 8 5 9 11 1.91552e-48
23 9 11 8 5 2.76459e-48
23 11 8 5 9 0.0596809
23 4 13 13 12 6.21804e-48
23 12 4 13 13 4.49115e-48
23 13 12 4 13 3.97111e-48
23 13 13 12 4 7.58534e-48
23 4 10 6 10 6.03019e-48
23 6 10 4 10 2.76133e-48
23 10 4 10 6 1.11573e-48
23 10 6 10 4 1.86045e-48
23 6 11 8 9 0.0416751
23 8 9 6 11 6.32874e-48
23 9 6 11 8 3.01528e-48
23 11 8 9 6 2.07922e-48
23 6 10 12 12 4.51689e-48
23 10 12 12 6 4.28096e-48
23 12 6 10 12 2.68758e-48
23 12 12 6 10 7.76026e-48
23 4 5 11 9 0.0384248
23 5 11 9 4 2.13479e-48
23 9 4 5 11 2.0767e-48
23 11 9 4 5 3.20112e-48
23 8 12 11 11 2.7679e-48
23 11 8 12 11 4.02489e-48
23 11 11 8 12 2.32126e-48
23 12 11 11 8 3.14249e-48
23 4 10 4 12 1.78107e-48
23 4 12 4 10 2.37411e-48
23 10 4 12 4 1.70718e-48
23 12 4 10 4 1.2978e-48
23 6 6 13 8 8.13083e-48
23 6 13 8 6 6.37155e-48
23 8 6 6 13 8.94026e-48
23 13 8 6 6 8.28243e-48
23 8 13 11 9 0.0412477
23 9 8 13 11 3.02899e-48
23 11 9 8 13 3.9995e-48
23 13 11 9 8 1.86762e-48
23 5 6 6 11 1.46614e-47
23 6 6 11 5 7.53165e-48
23 6 11 5 6 8.67976e-48
23 11 5 6 6 1.10847e-47
23 8 10 11 12 1.96337e-48
23 10 11 12 8 2.75283e-48
23 11 12 8 10 3.04179e-48
23 12 8 10 11 1.9897e-48
23 8 9 13 12 4.22395e-48
23 9 13 12 8 4.83012e-48
23 12 8 9 13 2.32234e-48
23 13 12 8 9 0.0472693
23 5 13 6 13 1.7525e-47
23 6 13 5 13 1.18744e-47
23 13 5 13 6 9.17725e-48
23 13 6 13 5 1.08267e-47
23 5 12 13 9 0.0775323
23 9 5 12 13 3.8728e-48
23 12 13 9 5 2.99729e-48
23 13 9 5 12 4.72501e-48
23 5 5 9 12 2.38755e-48
23 5 9 12 5 8.98863e-48
23 9 12 5 5 4.83388e-48
23 12 5 5 9 0.0749165
23 5 12 12 12 5.36208e-48
23 12 5 12 12 4.41766e-48
23 12 12 5 12 4.68279e-48
23 12 12 12 5 6.31077e-48
23 6 7 12 10 4.06238e-48
23 7 12 10 6 1.963e-48
23 10 6 7 12 3.59999e-48
23 12 10 6 7 6.43302e-48
23 8 12 12 9 0.000615176
23 9 8 12 12 2.99937e-50
23 12 9 8 12 3.89316e-50
23 12 12 9 8 2.69402e-50
23 5 12 8 10 4.55752e-48
23 8 10 5 12 3.46078e-48
23 10 5 12 8 3.56904e-48
23 12 8 10 5 2.65899e-48
23 5 12 11 13 6.17172e-48
23 11 13 5 12 6.38372e-48
23 12 11 13 5 6.94043e-48
23 13 5 12 11 6.40592e-48
23 4 10 10 12 1.66332e-48
23 10 10 12 4 2.80553e-48
23 10 12 4 10 1.72135e-48
23 12 4 10 10 1.40798e-48
23 4 13 5 10 6.96687e-48
23 5 10 4 13 4.01746e-48
23 10 4 13 5 2.63315e-48
23 13 5 10 4 2.69175e-48
23 7 9 12 10 3.86272e-48
23 9 12 10 7 1.72653e-48
23 10 7 9 12 8.54523e-49
23 12 10 7 9 0.0666952
23 7 11 11 11 1.83904e-48
23 11 7 11 11 2.1606e-48
23 11 11 7 11 4.18226e-48
23 11 11 11 7 2.55317e-48
23 7 12 10 12 1.41124e-48
23 10 12 7 12 3.13395e-48
23 12 7 12 10 3.98411e-48
23 12 10 12 7 4.89496e-48
23 4 7 8 11 3.65584e-50
23 7 8 11 4 2.9496e-50
23 8 11 4 7 2.95522e-50
23 11 4 7 8 4.84248e-50
23 4 4 4 13 1.74447e-48
23 4 4 13 4 2.82342e-48
23 4 13 4 4 3.09691e-48
23 13 4 4 4 1.58536e-48
23 5 7 11 10 3.41213e-48
23 7 11 10 5 1.82445e-48
23 10 5 7 11 3.93067e-48
23 11 10 5 7 4.93191e-48
23 4 4 8 10 1.98601e-48
23 4 8 10 4 1.98787e-48
23 8 10 4 4 2.05791e-48
23 10 4 4 8 1.11416e-48
23 6 6 10 8 3.83212e-48
23 6 10 8 6 4.81765e-48
23 8 6 6 10 7.92242e-48
23 10 8 6 6 5.39736e-48
23 5 9 6 12 7.86971e-48
23 6 12 5 9 0.0726972
23 9 6 12 5 4.9852e-48
23 12 5 9 6 2.60387e-48
23 4 9 11 7 3.38784e-48
23 7 4 9 11 7.92107e-49
23 9 11 7 4 3.1617e-48
23 11 7 4 9 0.0224228
23 7 7 9 13 1.38458e-48
23 7 9 13 7 4.45199e-48
23 9 13 7 7 5.46206e-48
23 13 7 7 9 0.0595236
24 5 11 9 12 0.0134984
24 9 12 5 11 0.00242729
24 11 9 12 5 0.0185301
24 12 5 11 9 2.24879e-45
24 4 10 12 9 5.0261e-46
24 9 4 10 12 0.00132525
24 10 12 9 4 0.00184855
24 12 9 4 10 0.00162498
24 7 11 12 12 0.00237125
24 11 12 12 7 0.00551715
24 12 7 11 12 0.00667947
24 12 12 7 11 0.00115913
24 5 9 7 6 0.00333863
24 6 5 9 7 0.014907
24 7 6 5 9 5.70215e-46
24 9 7 6 5 0.0178496
24 5 11 8 13 0.00185886
24 8 13 5 11 0.00259665
24 11 8 13 5 0.0104628
24 13 5 11 8 0.00525503
24 4 13 12 10 0.00563345
24 10 4 13 12 0.002786
24 12 10 4 13 0.000794921
24 13 12 10 4 0.0012322
24 4 12 10 12 0.00322385
24 10 12 4 12 0.00203337
24 12 4 12 10 0.0036248
24 12 10 12 4 0.00175997
24 7 12 12 12 0.00402173
24 12 7 12 12 0.00678791
24 12 12 7 12 0.00371072
24 12 12 12 7 0.00789853
24 4 7 9 8 0.0052306
24 7 9 8 4 0.00109028
24 8 4 7 9 3.1872e-46
24 9 8 4 7 0.00162084
24 6 7 13 13 0.00273448
24 7 13 13 6 0.00638392
24 13 6 7 13 0.00138029
24 13 13 6 7 0.0158794
24 6 6 12 11 0.00267016
24 6 12 11 6 0.0086182
24 11 6 6 12 0.00878828
24 12 11 6 6 0.00760058
24 4 4 10 11 0.000747007
24 4 10 11 4 0.00163445
24 10 11 4 4 0.000473178
24 11 4 4 10 0.00138853
24 7 12 8 9 7.07546e-48
24 8 9 7 12 2.83693e-05
24 9 7 12 8 2.9841e-05
24 12 8 9 7 9.283e-05
24 10 12 13 12 0.00408755
24 12 10 12 13 0.00157753
24 12 13 12 10 0.00649636
24 13 12 10 12 0.00339776
24 5 5 8 9 1.20243e-45
24 5 8 9 5 0.0183654
24 8 9 5 5 0.00979353
24 9 5 5 8 0.00246313
24 4 7 12 8 0.00319084
24 7 12 8 4 0.00138557
24 8 4 7 12 0.00205649
24 12 8 4 7 0.00238813
24 8 10 8 12 0.00413957
24 8 12 8 10 0.00453631
24 10 8 12 8 0.0014493
24 12 8 10 8 0.00133523
24 5 12 6 7 0.0141185
24 6 7 5 12 0.00675766
24 7 5 12 6 0.00540706
24 12 6 7 5 0.0111326
24 6 7 7 10 0.00430127
24 7 7 10 6 0.00341701
24 7 10 6 7 0.00728597
24 10 6 7 7 0.00388646
24 4 7 12 11 0.00216454
24 7 12 11 4 0.00168949
24 11 4 7 12 0.00207967
24 12 11 4 7 0.00276252
24 7 13 9 12 0.0093208
24 9 12 7 13 0.000947522
24 12 7 13 9 1.23339e-45
24 13 9 12 7 0.00657458
24 4 11 10 7 0.00324359
24 7 4 11 10 0.00309916
24 10 7 4 11 0.000931471
24 11 10 7 4 0.000985539
24 6 7 9 8 0.00618961
24 7 9 8 6 0.00323488
24 8 6 7 9 4.91077e-46
24 9 8 6 7 0.00485828
24 11 13 12 12 0.00571026
24 12 11 13 12 0.00399704
24 12 12 11 13 0.00214066
24 13 12 12 11 0.00191065
24 8 11 8 13 0.00126887
24 8 13 8 11 0.00252623
24 11 8 13 8 0.00197244
24 13 8 11 8 0.0025071
24 4 8 6 13 0.0021273
24 6 13 4 8 0.00285129
24 8 6 13 4 0.00261215
24 13 4 8 6 0.00530258
24 7 9 7 10 2.36588e-05
24 7 10 7 9 4.25224e-48
24 9 7 10 7 5.12485e-05
24 10 7 9 7 0.000134352
24 7 10 8 10 0.00346932
24 8 10 7 10 0.00273975
24 10 7 10 8 0.00194205
24 10 8 10 7 0.00250133
24 5 9 11 8 0.00333953
24 8 5 9 11 0.00349756
24 9 11 8 5 0.00730143
24 11 8 5 9 4.23655e-46
24 4 13 13 12 0.00824796
24 12 4 13 13 0.0017251
24 13 12 4 13 0.00115073
24 13 13 12 4 0.00311215
24 4 10 6 10 0.00571734
24 6 10 4 10 0.00225716
24 10 4 10 6 0.00186073
24 10 6 10 4 0.000966281
24 6 11 8 9 5.83873e-46
24 8 9 6 11 0.00197857
24 9 6 11 8 0.00249195
24 11 8 9 6 0.00484523
24 6 10 12 12 0.00519378
24 10 12 12 6 0.00452822
24 12 6 10 12 0.00407173
24 12 12 6 10 0.00837729
24 4 5 11 9 9.85436e-46
24 5 11 9 4 0.00247369
24 9 4 5 11 0.000836016
24 11 9 4 5 0.00471845
24 8 12 11 11 0.00182845
24 11 8 12 11 0.000957767
24 11 11 8 12 0.00286228
24 12 11 11 8 0.00230083
24 4 10 4 12 0.00204506
24 4 12 4 10 0.00224105
24 10 4 12 4 0.000961861
24 12 4 10 4 0.000886159
24 6 6 13 8 0.00396202
24 6 13 8 6 0.0085791
24 8 6 6 13 0.002807
24 13 8 6 6 0.00596717
24 8 13 11 9 9.62602e-46
24 9 8 13 11 0.000818877
24 11 9 8 13 0.00107863
24 13 11 9 8 0.003043
24 5 6 6 11 0.00497913
24 6 6 11 5 0.025724
24 6 11 5 6 0.005363
24 11 5 6 6 0.0120443
24 8 10 11 12 0.00396945
24 10 11 12 8 0.00131842
24 11 12 8 10 0.00360761
24 12 8 10 11 0.000712305
24 8 9 13 12 0.00409796
24 9 13 12 8 0.00284163
24 12 8 9 13 0.00202156
24 13 12 8 9 8.50843e-46
24 5 13 6 13 0.00560771
24 6 13 5 13 0.00312323
24 13 5 13 6 0.00983429
24 13 6 13 5 0.0219449
24 5 12 13 9 9.54707e-46
24 9 5 12 13 0.00141653
24 12 13 9 5 0.029395
24 13 9 5 12 0.00358525
24 5 5 9 12 0.0131608
24 5 9 12 5 0.0144439
24 9 12 5 5 0.0102129
24 12 5 5 9 1.02002e-45
24 5 12 12 12 0.00656218
24 12 5 12 12 0.00692845
24 12 12 5 12 0.00537946
24 12 12 12 5 0.0158407
24 6 7 12 10 0.00617808
24 7 12 10 6 0.00268303
24 10 6 7 12 0.00262255
24 12 10 6 7 0.00965582
24 8 12 12 9 8.7202e-48
24 9 8 12 12 2.81801e-05
24 12 9 8 12 5.17288e-05
24 12 12 9 8 6.14901e-05
24 5 12 8 10 0.00572103
24 8 10 5 12 0.00366302
24 10 5 12 8 0.00261519
24 12 8 10 5 0.00609736
24 5 12 11 13 0.00290933
24 11 13 5 12 0.00636196
24 12 11 13 5 0.0131132
24 13 5 12 11 0.00274166
24 4 10 10 12 0.00254122
24 10 10 12 4 0.00115352
24 10 12 4 10 0.00175643
24 12 4 10 10 0.00218879
24 4 13 5 10 0.00583829
24 5 10 4 13 0.00100495
24 10 4 13 5 0.00850213
24 13 5 10 4 0.00164471
24 7 9 12 10 0.00286037
24 9 12 10 7 0.00338715
24 10 7 9 12 0.00763111
24 12 10 7 9 4.74344e-46
24 7 11 11 11 0.000953223
24 11 7 11 11 0.001906
24 11 11 7 11 0.000624312
24 11 11 11 7 0.00418621
24 7 12 10 12 0.00261748
24 10 12 7 12 0.00262137
24 12 7 12 10 0.00631977
24 12 10 12 7 0.00671065
24 4 7 8 11 3.18381e-05
24 7 8 11 4 1.56955e-05
24 8 11 4 7 3.47783e-05
24 11 4 7 8 1.74547e-05
24 4 4 4 13 0.000648803
24 4 4 13 4 0.00145508
24 4 13 4 4 0.00129726
24 13 4 4 4 0.000762884
24 5 7 11 10 0.00801589
24 7 11 10 5 0.00480195
24 10 5 7 11 0.00111439
24 11 10 5 7 0.004953
24 4 4 8 10 0.0033014
24 4 8 10 4 0.000775545
24 8 10 4 4 0.000797227
24 10 4 4 8 0.000830576
24 6 6 10 8 0.00243968
24 6 10 8 6 0.00571866
24 8 6 6 10 0.00770526
24 10 8 6 6 0.00442034
24 5 9 6 12 0.00742754
24 6 12 5 9 8.14771e-46
24 9 6 12 5 0.0107526
24 12 5 9 6 0.0116383
24 4 9 11 7 0.00590239
24 7 4 9 11 0.00156212
24 9 11 7 4 0.000599312
24 11 7 4 9 4.12092e-46
24 7 7 9 13 0.00292349
24 7 9 13 7 0.00508872
24 9 13 7 7 0.00488358
24 13 7 7 9 7.17045e-46
25 5 11 9 12 0.00780964
25 9 12 5 11 0.0133373
25 11 9 12 5 0.0124752
25 12 5 11 9 0.00231967
25 4 10 12 9 0.0148144
25 9 4 10 12 2.0688e-46
25 10 12 9 4 0.00173533
25 12 9 4 10 0.00331597
25 7 11 12 12 0.00265841
25 11 12 12 7 0.00338585
25 12 7 11 12 1.4522e-05
25 12 12 7 11 0.00549055
25 5 9 7 6 0.0095292
25 6 5 9 7 0.000484787
25 7 6 5 9 0.00326223
25 9 7 6 5 1.94451e-05
25 5 11 8 13 0.00557213
25 8 13 5 11 0.00819331
25 11 8 13 5 0.00838259
25 13 5 11 8 0.00092008
25 4 13 12 10 0.00527878
25 10 4 13 12 3.33044e-46
25 12 10 4 13 0.00886973
25 13 12 10 4 0.00208741
25 4 12 10 12 0.0038796
25 10 12 4 12 0.00255352
25 12 4 12 10 4.92078e-46
25 12 10 12 4 0.00685707
25 7 12 12 12 0.00411557
25 12 7 12 12 2.14459e-05
25 12 12 7 12 0.00513924
25 12 12 12 7 0.0051731
25 4 7 9 8 1.9335e-05
25 7 9 8 4 0.00180299
25 8 4 7 9 4.87513e-46
25 9 8 4 7 0.00271339
25 6 7 13 13 2.80966e-05
25 7 13 13 6 0.00681349
25 13 6 7 13 0.00261709
25 13 13 6 7 0.00576027
25 6 6 12 11 0.00338733
25 6 12 11 6 0.00857688
25 11 6 6 12 0.00271936
25 12 11 6 6 0.0107213
25 4 4 10 11 3.5297e-46
25 4 10 11 4 0.00434269
25 10 11 4 4 0.00102017
25 11 4 4 10 1.91652e-46
25 7 12 8 9 5.61611e-05
25 8 9 7 12 5.02505e-05
25 9 7 12 8 2.40806e-07
25 12 8 9 7 6.62009e-05
25 10 12 13 12 0.00425621
25 12 10 12 13 0.016222
25 12 13 12 10 0.00614258
25 13 12 10 12 0.00367301
25 5 5 8 9 0.00104458
25 5 8 9 5 0.0080748
25 8 9 5 5 0.00711206
25 9 5 5 8 0.000990819
25 4 7 12 8 2.27882e-05
25 7 12 8 4 0.00144068
25 8 4 7 12 2.62944e-46
25 12 8 4 7 0.00357028
25 8 10 8 12 0.00536599
25 8 12 8 10 0.00279675
25 10 8 12 8 0.00804867
25 12 8 10 8 0.00778024
25 5 12 6 7 0.00643081
25 6 7 5 12 2.34523e-05
25 7 5 12 6 0.000880523
25 12 6 7 5 0.00226875
25 6 7 7 10 1.49267e-05
25 7 7 10 6 1.49256e-05
25 7 10 6 7 0.0072495
25 10 6 7 7 0.00116421
25 4 7 12 11 2.31789e-05
25 7 12 11 4 0.00186444
25 11 4 7 12 3.09845e-46
25 12 11 4 7 0.00215078
25 7 13 9 12 0.00394775
25 9 12 7 13 0.00607786
25 12 7 13 9 4.19414e-05
25 13 9 12 7 0.00609652
25 4 11 10 7 0.00245354
25 7 4 11 10 2.59544e-46
25 10 7 4 11 1.1073e-05
25 11 10 7 4 0.00436536
25 6 7 9 8 2.01772e-05
25 7 9 8 6 0.00494871
25 8 6 7 9 0.00243269
25 9 8 6 7 0.00583197
25 11 13 12 12 0.00488395
25 12 11 13 12 0.00449716
25 12 12 11 13 0.00695494
25 13 12 12 11 0.00664041
25 8 11 8 13 0.00342195
25 8 13 8 11 0.00411189
25 11 8 13 8 0.00910807
25 13 8 11 8 0.00841242
25 4 8 6 13 0.0162921
25 6 13 4 8 0.00562948
25 8 6 13 4 0.00125697
25 13 4 8 6 5.81461e-46
25 7 9 7 10 4.83951e-05
25 7 10 7 9 0.000137561
25 9 7 10 7 1.10663e-07
25 10 7 9 7 1.27808e-07
25 7 10 8 10 0.00519346
25 8 10 7 10 0.00688431
25 10 7 10 8 1.5095e-05
25 10 8 10 7 0.00371709
25 5 9 11 8 0.008506
25 8 5 9 11 0.00062387
25 9 11 8 5 0.00262357
25 11 8 5 9 0.0143337
25 4 13 13 12 0.00671254
25 12 4 13 13 8.41281e-46
25 13 12 4 13 0.00524805
25 13 13 12 4 0.00396297
25 4 10 6 10 0.0113537
25 6 10 4 10 0.00551254
25 10 4 10 6 3.81279e-46
25 10 6 10 4 0.000693176
25 6 11 8 9 0.00494959
25 8 9 6 11 0.00768671
25 9 6 11 8 0.0018589
25 11 8 9 6 0.00818068
25 6 10 12 12 0.011285
25 10 12 12 6 0.00759749
25 12 6 10 12 0.00183837
25 12 12 6 10 0.0077075
25 4 5 11 9 0.00100735
25 5 11 9 4 0.00224281
25 9 4 5 11 5.27375e-46
25 11 9 4 5 0.00344688
25 8 12 11 11 0.00395015
25 11 8 12 11 0.00737071
25 11 11 8 12 0.00217465
25 12 11 11 8 0.00451631
25 4 10 4 12 0.00546733
25 4 12 4 10 0.00284957
25 10 4 12 4 2.00279e-46
25 12 4 10 4 1.936e-46
25 6 6 13 8 0.00301585
25 6 13 8 6 0.00643269
25 8 6 6 13 0.0030831
25 13 8 6 6 0.0143887
25 8 13 11 9 0.00581656
25 9 8 13 11 0.00677552
25 11 9 8 13 0.00492071
25 13 11 9 8 0.00399953
25 5 6 6 11 0.00502648
25 6 6 11 5 0.00259849
25 6 11 5 6 0.01068
25 11 5 6 6 0.00159511
25 8 10 11 12 0.00546106
25 10 11 12 8 0.003813
25 11 12 8 10 0.00259168
25 12 8 10 11 0.00622336
25 8 9 13 12 0.00538259
25 9 13 12 8 0.00662492
25 12 8 9 13 0.0103927
25 13 12 8 9 0.00670634
25 5 13 6 13 0.0147238
25 6 13 5 13 0.0129523
25 13 5 13 6 0.00143078
25 13 6 13 5 0.00295223
25 5 12 13 9 0.0104842
25 9 5 12 13 0.000822068
25 12 13 9 5 0.00549616
25 13 9 5 12 0.00728291
25 5 5 9 12 0.000762935
25 5 9 12 5 0.00927598
25 9 12 5 5 0.00649354
25 12 5 5 9 0.00192181
25 5 12 12 12 0.00669544
25 12 5 12 12 0.000868154
25 12 12 5 12 0.00771818
25 12 12 12 5 0.00715617
25 6 7 12 10 1.76709e-05
25 7 12 10 6 0.00423427
25 10 6 7 12 0.00136921
25 12 10 6 7 0.0107169
25 8 12 12 9 9.57591e-05
25 9 8 12 12 7.57753e-05
25 12 9 8 12 6.08902e-05
25 12 12 9 8 8.28686e-05
25 5 12 8 10 0.00392051
25 8 10 5 12 0.00920471
25 10 5 12 8 0.000757829
25 12 8 10 5 0.00616436
25 5 12 11 13 0.00844875
25 11 13 5 12 0.00683921
25 12 11 13 5 0.00583901
25 13 5 12 11 0.00104595
25 4 10 10 12 0.00666058
25 10 10 12 4 0.00455666
25 10 12 4 10 0.00228491
25 12 4 10 10 3.16091e-46
25 4 13 5 10 0.00687612
25 5 10 4 13 0.0100227
25 10 4 13 5 4.02233e-46
25 13 5 10 4 0.000305845
25 7 9 12 10 0.00482246
25 9 12 10 7 0.00264255
25 10 7 9 12 1.26524e-05
25 12 10 7 9 0.0171172
25 7 11 11 11 0.00251511
25 11 7 11 11 1.32799e-05
25 11 11 7 11 0.00303572
25 11 11 11 7 0.00193676
25 7 12 10 12 0.00284943
25 10 12 7 12 0.00368093
25 12 7 12 10 2.06835e-05
25 12 10 12 7 0.00957252
25 4 7 8 11 2.21054e-07
25 7 8 11 4 3.64374e-05
25 8 11 4 7 2.17739e-05
25 11 4 7 8 5.93172e-48
25 4 4 4 13 3.78163e-46
25 4 4 13 4 2.66437e-46
25 4 13 4 4 0.00199539
25 13 4 4 4 1.51338e-46
25 5 7 11 10 1.61363e-05
25 7 11 10 5 0.00226647
25 10 5 7 11 0.000587477
25 11 10 5 7 0.00832105
25 4 4 8 10 2.87971e-46
25 4 8 10 4 0.0030768
25 8 10 4 4 0.00271026
25 10 4 4 8 2.73138e-46
25 6 6 10 8 0.00219578
25 6 10 8 6 0.0116792
25 8 6 6 10 0.00211959
25 10 8 6 6 0.0121395
25 5 9 6 12 0.00937798
25 6 12 5 9 0.0122218
25 9 6 12 5 0.0020224
25 12 5 9 6 0.00109425
25 4 9 11 7 0.00419275
25 7 4 9 11 3.2488e-46
25 9 11 7 4 0.00159569
25 11 7 4 9 1.58361e-05
25 7 7 9 13 1.77269e-05
25 7 9 13 7 0.00427526
25 9 13 7 7 0.00347476
25 13 7 7 9 2.92721e-05
26 5 11 9 12 1.17012e-47
26 9 12 5 11 2.42695e-48
26 11 9 12 5 1.41769e-47
26 12 5 11 9 1.1906e-47
26 4 10 12 9 3.85543e-48
26 9 4 10 12 8.39067e-49
26 10 12 9 4 1.0329e-48
26 12 9 4 10 3.78787e-48
26 7 11 12 12 4.36487e-48
26 11 12 12 7 2.61011e-48
26 12 7 11 12 0.0451281
26 12 12 7 11 3.21075e-48
26 5 9 7 6 8.54065e-48
26 6 5 9 7 6.15642e-48
26 7 6 5 9 6.45212e-48
26 9 7 6 5 0.019463
26 5 11 8 13 9.30646e-48
26 8 13 5 11 6.54401e-48
26 11 8 13 5 6.23885e-48
26 13 5 11 8 5.01907e-48
26 4 13 12 10 4.66388e-48
26 10 4 13 12 2.078e-48
26 12 10 4 13 5.74116e-48
26 13 12 10 4 1.38619e-48
26 4 12 10 12 3.01394e-48
26 10 12 4 12 1.87526e-48
26 12 4 12 10 4.8154e-48
26 12 10 12 4 3.86152e-48
26 7 12 12 12 4.06644e-48
26 12 7 12 12 0.0594604
26 12 12 7 12 4.11178e-48
26 12 12 12 7 4.49917e-48
26 4 7 9 8 0.0405214
26 7 9 8 4 2.99485e-48
26 8 4 7 9 3.18665e-48
26 9 8 4 7 1.06906e-48
26 6 7 13 13 0.0727121
26 7 13 13 6 6.12013e-48
26 13 6 7 13 5.14801e-48
26 13 13 6 7 3.96513e-48
26 6 6 12 11 8.85857e-48
26 6 12 11 6 7.29501e-48
26 11 6 6 12 5.25686e-48
26 12 11 6 6 8.24095e-48
26 4 4 10 11 2.88815e-48
26 4 10 11 4 2.53305e-48
26 10 11 4 4 1.35223e-48
26 11 4 4 10 2.29562e-48
26 7 12 8 9 3.82983e-50
26 8 9 7 12 5.11167e-50
26 9 7 12 8 0.000177427
26 12 8 9 7 5.81343e-50
26 10 12 13 12 1.84286e-48
26 12 10 12 13 7.60351e-48
26 12 13 12 10 5.87269e-48
26 13 12 10 12 2.24568e-48
26 5 5 8 9 7.04822e-48
26 5 8 9 5 9.95115e-48
26 8 9 5 5 9.38001e-48
26 9 5 5 8 2.18777e-48
26 4 7 12 8 0.0463452
26 7 12 8 4 1.96459e-48
26 8 4 7 12 3.16433e-48
26 12 8 4 7 4.20153e-48
26 8 10 8 12 3.68997e-48
26 8 12 8 10 2.51895e-48
26 10 8 12 8 3.32881e-48
26 12 8 10 8 5.08672e-48
26 5 12 6 7 5.01327e-48
26 6 7 5 12 0.0812643
26 7 5 12 6 7.70961e-48
26 12 6 7 5 9.46863e-48
26 6 7 7 10 0.0500844
26 7 7 10 6 0.0478821
26 7 10 6 7 4.38538e-48
26 10 6 7 7 2.8296e-48
26 4 7 12 11 0.0434076
26 7 12 11 4 2.24263e-48
26 11 4 7 12 3.16634e-48
26 12 11 4 7 4.29265e-48
26 7 13 9 12 5.65901e-48
26 9 12 7 13 1.47178e-48
26 12 7 13 9 0.0514264
26 13 9 12 7 4.69731e-48
26 4 11 10 7 3.65097e-48
26 7 4 11 10 3.72778e-48
26 10 7 4 11 0.0218399
26 11 10 7 4 2.31045e-48
26 6 7 9 8 0.0580274
26 7 9 8 6 6.00207e-48
26 8 6 7 9 4.12633e-48
26 9 8 6 7 1.28614e-48
26 11 13 12 12 4.59857e-48
26 12 11 13 12 4.59108e-48
26 12 12 11 13 5.3173e-48
26 13 12 12 11 2.66343e-48
26 8 11 8 13 5.14449e-48
26 8 13 8 11 4.23435e-48
26 11 8 13 8 3.85718e-48
26 13 8 11 8 4.02412e-48
26 4 8 6 13 7.77807e-48
26 6 13 4 8 8.31256e-48
26 8 6 13 4 3.27372e-48
26 13 4 8 6 4.6337e-48
26 7 9 7 10 5.55851e-50
26 7 10 7 9 5.37911e-50
26 9 7 10 7 0.00013192
26 10 7 9 7 0.000296652
26 7 10 8 10 4.0324e-48
26 8 10 7 10 3.55547e-48
26 10 7 10 8 0.0260854
26 10 8 10 7 2.48728e-48
26 5 9 11 8 8.06518e-48
26 8 5 9 11 4.13507e-48
26 9 11 8 5 1.95217e-48
26 11 8 5 9 5.02795e-48
26 4 13 13 12 5.36521e-48
26 12 4 13 13 6.73292e-48
26 13 12 4 13 3.59538e-48
26 13 13 12 4 3.32552e-48
26 4 10 6 10 3.78448e-48
26 6 10 4 10 4.50471e-48
26 10 4 10 6 2.58174e-48
26 10 6 10 4 1.66808e-48
26 6 11 8 9 5.43171e-48
26 8 9 6 11 4.16618e-48
26 9 6 11 8 1.56224e-48
26 11 8 9 6 4.3811e-48
26 6 10 12 12 7.41979e-48
26 10 12 12 6 3.20426e-48
26 12 6 10 12 5.77904e-48
26 12 12 6 10 4.04579e-48
26 4 5 11 9 4.77805e-48
26 5 11 9 4 3.6499e-48
26 9 4 5 11 1.38289e-48
26 11 9 4 5 5.4093e-48
26 8 12 11 11 2.54862e-48
26 11 8 12 11 3.53022e-48
26 11 11 8 12 3.07096e-48
26 12 11 11 8 5.03793e-48
26 4 10 4 12 3.61755e-48
26 4 12 4 10 2.46952e-48
26 10 4 12 4 1.66701e-48
26 12 4 10 4 2.54734e-48
26 6 6 13 8 6.97376e-48
26 6 13 8 6 8.73258e-48
26 8 6 6 13 6.34496e-48
26 13 8 6 6 4.74276e-48
26 8 13 11 9 3.92636e-48
26 9 8 13 11 9.98019e-49
26 11 9 8 13 4.60473e-48
26 13 11 9 8 2.98325e-48
26 5 6 6 11 9.29144e-48
26 6 6 11 5 1.45369e-47
26 6 11 5 6 1.32729e-47
26 11 5 6 6 7.30721e-48
26 8 10 11 12 3.31252e-48
26 10 11 12 8 2.67458e-48
26 11 12 8 10 1.98219e-48
26 12 8 10 11 3.74668e-48
26 8 9 13 12 4.20429e-48
26 9 13 12 8 1.87021e-48
26 12 8 9 13 7.15772e-48
26 13 12 8 9 2.53999e-48
26 5 13 6 13 1.2674e-47
26 6 13 5 13 1.55452e-47
26 13 5 13 6 5.66495e-48
26 13 6 13 5 6.88075e-48
26 5 12 13 9 4.05682e-48
26 9 5 12 13 2.09769e-48
26 12 13 9 5 8.3929e-48
26 13 9 5 12 4.79778e-48
26 5 5 9 12 7.6862e-48
26 5 9 12 5 1.37909e-47
26 9 12 5 5 2.25518e-48
26 12 5 5 9 8.67323e-48
26 5 12 12 12 5.85825e-48
26 12 5 12 12 7.31928e-48
26 12 12 5 12 5.73938e-48
26 12 12 12 5 7.5323e-48
26 6 7 12 10 0.0559173
26 7 12 10 6 3.69674e-48
26 10 6 7 12 2.88713e-48
26 12 10 6 7 4.95069e-48
26 8 12 12 9 4.09642e-50
26 9 8 12 12 1.87558e-50
26 12 9 8 12 7.1111e-50
26 12 12 9 8 5.11444e-50
26 5 12 8 10 3.92288e-48
26 8 10 5 12 4.90933e-48
26 10 5 12 8 3.57425e-48
26 12 8 10 5 7.08297e-48
26 5 12 11 13 7.49028e-48
26 11 13 5 12 6.34639e-48
26 12 11 13 5 8.31535e-48
26 13 5 12 11 4.68758e-48
26 4 10 10 12 3.55557e-48
26 10 10 12 4 1.80853e-48
26 10 12 4 10 1.5102e-48
26 12 4 10 10 3.44626e-48
26 4 13 5 10 5.98725e-48
26 5 10 4 13 7.52285e-48
26 10 4 13 5 3.50095e-48
26 13 5 10 4 2.26937e-48
26 7 9 12 10 5.22366e-48
26 9 12 10 7 8.57289e-49
26 10 7 9 12 0.0254778
26 12 10 7 9 5.11143e-48
26 7 11 11 11 3.38302e-48
26 11 7 11 11 0.0267354
26 11 11 7 11 2.61473e-48
26 11 11 11 7 2.78081e-48
26 7 12 10 12 3.13675e-48
26 10 12 7 12 2.07562e-48
26 12 7 12 10 0.051612
26 12 10 12 7 5.72081e-48
26 4 7 8 11 0.000526018
26 7 8 11 4 4.29438e-50
26 8 11 4 7 4.53604e-50
26 11 4 7 8 4.81145e-50
26 4 4 4 13 4.74374e-48
26 4 4 13 4 2.36753e-48
26 4 13 4 4 2.93812e-48
26 13 4 4 4 1.79506e-48
26 5 7 11 10 0.0523332
26 7 11 10 5 5.78368e-48
26 10 5 7 11 2.7054e-48
26 11 10 5 7 4.34397e-48
26 4 4 8 10 3.30906e-48
26 4 8 10 4 2.54378e-48
26 8 10 4 4 2.2e-48
26 10 4 4 8 2.29435e-48
26 6 6 10 8 6.94793e-48
26 6 10 8 6 7.73838e-48
26 8 6 6 10 4.34269e-48
26 10 8 6 6 3.87761e-48
26 5 9 6 12 7.72579e-48
26 6 12 5 9 6.26002e-48
26 9 6 12 5 2.66503e-48
26 12 5 9 6 7.53961e-48
26 4 9 11 7 4.60073e-48
26 7 4 9 11 3.48405e-48
26 9 11 7 4 7.71468e-49
26 11 7 4 9 0.0291913
26 7 7 9 13 0.0599575
26 7 9 13 7 4.82898e-48
26 9 13 7 7 1.51044e-48
26 13 7 7 9 0.0339957
27 8 11 4 7 1
28 5 11 9 12 2.23955e-47
28 9 12 5 11 0.0530129
28 11 9 12 5 6.61619e-48
28 12 5 11 9 3.70656e-48
28 4 10 12 9 5.52477e-48
28 9 4 10 12 2.862e-48
28 10 12 9 4 3.28238e-48
28 12 9 4 10 1.94259e-48
28 7 11 12 12 1.7309e-47
28 11 12 12 7 2.96781e-48
28 12 7 11 12 1.41648e-48
28 12 12 7 11 0.019156
28 5 9 7 6 3.55959e-48
28 6 5 9 7 1.86904e-48
28 7 6 5 9 5.56591e-48
28 9 7 6 5 1.73402e-48
28 5 11 8 13 1.54689e-47
28 8 13 5 11 0.0248291
28 11 8 13 5 2.02178e-48
28 13 5 11 8 3.75284e-48
28 4 13 12 10 1.62648e-48
28 10 4 13 12 6.54674e-48
28 12 10 4 13 3.5549e-48
28 13 12 10 4 4.45149e-48
28 4 12 10 12 3.07912e-48
28 10 12 4 12 3.55939e-48
28 12 4 12 10 8.08607e-48
28 12 10 12 4 3.98274e-48
28 7 12 12 12 7.0389e-48
28 12 7 12 12 2.79198e-48
28 12 12 7 12 1.78628e-48
28 12 12 12 7 3.84727e-48
28 4 7 9 8 3.57134e-48
28 7 9 8 4 3.60795e-48
28 8 4 7 9 9.27667e-48
28 9 8 4 7 1.19616e-48
28 6 7 13 13 2.94292e-48
28 7 13 13 6 2.49175e-48
28 13 6 7 13 3.08361e-48
28 13 13 6 7 1.32905e-48
28 6 6 12 11 0.0278935
28 6 12 11 6 3.12412e-48
28 11 6 6 12 1.18059e-48
28 12 11 6 6 8.90971e-48
28 4 4 10 11 0.0718573
28 4 10 11 4 2.92814e-48
28 10 11 4 4 1.07412e-47
28 11 4 4 10 4.96842e-48
28 7 12 8 9 6.84279e-50
28 8 9 7 12 3.09739e-50
28 9 7 12 8 3.31414e-50
28 12 8 9 7 1.8885e-50
28 10 12 13 12 3.2741e-48
28 12 10 12 13 4.85721e-48
28 12 13 12 10 1.2215e-48
28 13 12 10 12 3.94779e-48
28 5 5 8 9 3.25629e-48
28 5 8 9 5 3.45464e-48
28 8 9 5 5 6.40553e-48
28 9 5 5 8 2.087e-48
28 4 7 12 8 4.59787e-48
28 7 12 8 4 4.23596e-48
28 8 4 7 12 6.0854e-48
28 12 8 4 7 1.48919e-48
28 8 10 8 12 3.54642e-48
28 8 12 8 10 4.06037e-48
28 10 8 12 8 3.51269e-48
28 12 8 10 8 1.67023e-48
28 5 12 6 7 3.85762e-48
28 6 7 5 12 2.49736e-48
28 7 5 12 6 7.49649e-48
28 12 6 7 5 1.68836e-48
28 6 7 7 10 1.94405e-48
28 7 7 10 6 6.6978e-48
28 7 10 6 7 5.42494e-48
28 10 6 7 7 2.08065e-48
28 4 7 12 11 0.0469323
28 7 12 11 4 4.74028e-48
28 11 4 7 12 3.24351e-48
28 12 11 4 7 8.15099e-48
28 7 13 9 12 1.91143e-48
28 9 12 7 13 2.28367e-48
28 12 7 13 9 3.31636e-48
28 13 9 12 7 6.47489e-48
28 4 11 10 7 1.13034e-47
28 7 4 11 10 1.12047e-47
28 10 7 4 11 0.0413527
28 11 10 7 4 2.1295e-48
28 6 7 9 8 2.56128e-48
28 7 9 8 6 4.67187e-48
28 8 6 7 9 2.86128e-48
28 9 8 6 7 9.18324e-49
28 11 13 12 12 8.68233e-49
28 12 11 13 12 6.16861e-48
28 12 12 11 13 2.59966e-48
28 13 12 12 11 0.068218
28 8 11 8 13 1.4673e-47
28 8 13 8 11 0.0140553
28 11 8 13 8 1.62099e-48
28 13 8 11 8 2.70346e-48
28 4 8 6 13 2.52293e-48
28 6 13 4 8 1.21057e-48
28 8 6 13 4 3.69834e-48
28 13 4 8 6 1.23334e-47
28 7 9 7 10 5.29241e-50
28 7 10 7 9 8.27319e-50
28 9 7 10 7 2.43816e-50
28 10 7 9 7 4.95862e-50
28 7 10 8 10 6.08967e-48
28 8 10 7 10 4.93345e-48
28 10 7 10 8 4.40725e-48
28 10 8 10 7 2.59703e-48
28 5 9 11 8 3.56983e-48
28 8 5 9 11 0.0387472
28 9 11 8 5 6.04713e-48
28 11 8 5 9 2.18054e-48
28 4 13 13 12 1.15885e-48
28 12 4 13 13 7.92267e-48
28 13 12 4 13 7.35367e-48
28 13 13 12 4 2.48856e-48
28 4 10 6 10 3.24619e-48
28 6 10 4 10 3.03245e-48
28 10 4 10 6 9.97376e-48
28 10 6 10 4 2.37573e-48
28 6 11 8 9 6.97194e-48
28 8 9 6 11 0.0319099
28 9 6 11 8 1.13432e-48
28 11 8 9 6 1.68852e-48
28 6 10 12 12 3.51771e-48
28 10 12 12 6 7.40572e-48
28 12 6 10 12 1.48738e-48
28 12 12 6 10 2.36975e-48
28 4 5 11 9 2.49402e-48
28 5 11 9 4 1.27611e-47
28 9 4 5 11 0.0535659
28 11 9 4 5 2.44694e-48
28 8 12 11 11 0.0377565
28 11 8 12 11 0.0178208
28 11 11 8 12 4.1236e-48
28 12 11 11 8 6.28472e-48
28 4 10 4 12 3.31941e-48
28 4 12 4 10 3.80046e-48
28 10 4 12 4 1.05744e-47
28 12 4 10 4 5.02797e-48
28 6 6 13 8 1.82807e-48
28 6 13 8 6 8.37939e-49
28 8 6 6 13 3.02675e-48
28 13 8 6 6 2.76142e-48
28 8 13 11 9 1.40826e-48
28 9 8 13 11 0.0108516
28 11 9 8 13 1.70619e-48
28 13 11 9 8 1.42691e-47
28 5 6 6 11 0.031353
28 6 6 11 5 2.16497e-48
28 6 11 5 6 1.51836e-47
28 11 5 6 6 2.18243e-48
28 8 10 11 12 3.12098e-48
28 10 11 12 8 1.51199e-47
28 11 12 8 10 1.70192e-48
28 12 8 10 11 0.0134073
28 8 9 13 12 3.43929e-48
28 9 13 12 8 1.05636e-48
28 12 8 9 13 1.98877e-48
28 13 12 8 9 4.88962e-48
28 5 13 6 13 1.8322e-48
28 6 13 5 13 1.63446e-48
28 13 5 13 6 5.38458e-48
28 13 6 13 5 4.77875e-48
28 5 12 13 9 5.23966e-48
28 9 5 12 13 2.3051e-48
28 12 13 9 5 1.02873e-48
28 13 9 5 12 3.89673e-48
28 5 5 9 12 3.05624e-48
28 5 9 12 5 7.04152e-48
28 9 12 5 5 3.4855e-48
28 12 5 5 9 3.14836e-48
28 5 12 12 12 5.50928e-48
28 12 5 12 12 2.25188e-48
28 12 12 5 12 2.89176e-48
28 12 12 12 5 4.73141e-48
28 6 7 12 10 3.22964e-48
28 7 12 10 6 7.11894e-48
28 10 6 7 12 1.60487e-48
28 12 10 6 7 2.2871e-48
28 8 12 12 9 1.00066e-49
28 9 8 12 12 1.63671e-50
28 12 9 8 12 1.75137e-50
28 12 12 9 8 3.70117e-50
28 5 12 8 10 3.68508e-48
28 8 10 5 12 5.39327e-48
28 10 5 12 8 4.19781e-48
28 12 8 10 5 1.79338e-48
28 5 12 11 13 5.32756e-48
28 11 13 5 12 9.33932e-49
28 12 11 13 5 1.08566e-47
28 13 5 12 11 0.0571427
28 4 10 10 12 3.17268e-48
28 10 10 12 4 5.6505e-48
28 10 12 4 10 4.19905e-48
28 12 4 10 10 5.45481e-48
28 4 13 5 10 1.62744e-48
28 5 10 4 13 6.77663e-48
28 10 4 13 5 1.07178e-47
28 13 5 10 4 3.46851e-48
28 7 9 12 10 7.40071e-48
28 9 12 10 7 2.18132e-48
28 10 7 9 12 3.21941e-48
28 12 10 7 9 2.93587e-48
28 7 11 11 11 0.123158
28 11 7 11 11 0.0153245
28 11 11 7 11 0.0475217
28 11 11 11 7 4.84215e-48
28 7 12 10 12 5.11796e-48
28 10 12 7 12 2.73152e-48
28 12 7 12 10 3.55007e-48
28 12 10 12 7 4.27271e-48
28 4 7 8 11 0.00038781
28 7 8 11 4 3.88163e-50
28 8 11 4 7 2.15016e-49
28 11 4 7 8 6.21094e-50
28 4 4 4 13 9.99881e-48
28 4 4 13 4 7.54155e-48
28 4 13 4 4 1.23851e-48
28 13 4 4 4 1.05116e-47
28 5 7 11 10 3.50063e-48
28 7 11 10 5 2.10073e-47
28 10 5 7 11 0.0232713
28 11 10 5 7 3.36253e-48
28 4 4 8 10 6.35283e-48
28 4 8 10 4 2.0301e-48
28 8 10 4 4 5.49048e-48
28 10 4 4 8 9.73145e-48
28 6 6 10 8 1.8922e-48
28 6 10 8 6 2.95265e-48
28 8 6 6 10 2.68215e-48
28 10 8 6 6 2.37053e-48
28 5 9 6 12 2.51101e-48
28 6 12 5 9 4.00908e-48
28 9 6 12 5 2.23218e-48
28 12 5 9 6 2.43221e-48
28 4 9 11 7 2.46363e-48
28 7 4 9 11 0.130475
28 9 11 7 4 4.4276e-48
28 11 7 4 9 2.67424e-48
28 7 7 9 13 7.57732e-48
28 7 9 13 7 5.60519e-48
28 9 13 7 7 6.01863e-49
28 13 7 7 9 4.68504e-48
29 3 0 1 10 5.5897e-45
29 3 0 2 11 0.0470872
29 2 0 2 12 0.0404382
29 1 0 2 11 0.0387655
29 3 0 2 4 0.045854
29 3 0 3 4 0.039956
29 2 0 1 11 0.058076
29 1 0 3 10 3.83056e-45
29 3 0 3 5 0.0475464
29 2 0 1 4 0.0580445
29 2 0 3 12 0.0355924
29 1 0 2 12 0.029962
29 1 0 3 4 0.0330188
29 2 0 1 7 0.0535181
29 2 0 2 11 0.0267491
29 1 0 3 8 0.0190514
29 3 0 3 13 0.038885
29 3 0 1 6 0.0344459
29 2 0 1 5 0.071614
29 1 0 3 12 0.0266386
29 2 0 2 7 0.050485
29 1 0 2 9 0.0154813
29 2 0 1 12 0.0455129
29 3 0 3 9 0.0164287
29 1 0 3 6 0.0247999
29 1 0 2 4 0.0375206
29 3 0 3 8 0.0230284
29 2 0 2 10 6.00306e-45
29 1 0 1 4 0.0415001
30 1 10 3 0 0.0294651
30 2 11 3 0 0.059013
30 2 12 2 0 0.0502109
30 2 11 1 0 0.0579048
30 2 4 3 0 0.03794
30 3 4 3 0 0.0288104
30 1 11 2 0 0.0575069
30 3 10 1 0 0.0256599
30 3 5 3 0 0.0218108
30 1 4 2 0 0.0379455
30 3 12 2 0 0.0385133
30 2 12 1 0 0.0458693
30 3 4 1 0 0.0283762
30 1 7 2 0 0.0310113
30 2 11 2 0 0.0324066
30 3 8 1 0 0.0132939
30 3 13 3 0 0.0352465
30 1 6 3 0 0.0260543
30 1 5 2 0 0.029784
30 3 12 1 0 0.0355394
30 2 7 2 0 0.0357918
30 2 9 1 0 0.0284135
30 1 12 2 0 0.0461891
30 3 9 3 0 0.0220468
30 3 6 1 0 0.0238377
30 2 4 1 0 0.0370011
30 3 8 3 0 0.0134824
30 2 10 2 0 0.037426
30 1 4 1 0 0.0334497
31 5 11 9 12 0.036947
31 9 12 5 11 0.010761
31 11 9 12 5 0.00618619
31 12 5 11 9 0.0039321
31 4 10 12 9 0.00205666
31 9 4 10 12 0.00135312
31 10 12 9 4 0.00798286
31 12 9 4 10 0.00421377
31 7 11 12 12 0.00677474
31 11 12 12 7 0.00250192
31 12 7 11 12 1.13946e-05
31 12 12 7 11 0.00827455
31 5 9 7 6 0.00495508
31 6 5 9 7 0.00143037
31 7 6 5 9 5.8881e-46
31 9 7 6 5 4.25776e-06
31 5 11 8 13 0.00914403
31 8 13 5 11 0.0304785
31 11 8 13 5 6.38044e-46
31 13 5 11 8 0.000781957
31 4 13 12 10 0.00306957
31 10 4 13 12 0.00568934
31 12 10 4 13 0.00146299
31 13 12 10 4 0.00387603
31 4 12 10 12 0.00219651
31 10 12 4 12 0.0041259
31 12 4 12 10 0.00304111
31 12 10 12 4 0.0107167
31 7 12 12 12 0.00281144
31 12 7 12 12 1.36803e-05
31 12 12 7 12 0.00328993
31 12 12 12 7 0.00266143
31 4 7 9 8 4.88354e-06
31 7 9 8 4 0.0131212
31 8 4 7 9 0.00329048
31 9 8 4 7 1.8272e-46
31 6 7 13 13 4.7303e-06
31 7 13 13 6 0.00504457
31 13 6 7 13 1.06346e-46
31 13 13 6 7 0.00250838
31 6 6 12 11 1.50942e-45
31 6 12 11 6 0.00144763
31 11 6 6 12 9.29407e-46
31 12 11 6 6 0.00689944
31 4 4 10 11 0.00511175
31 4 10 11 4 0.00531647
31 10 11 4 4 0.021999
31 11 4 4 10 0.00310135
31 7 12 8 9 4.65208e-05
31 8 9 7 12 7.66586e-05
31 9 7 12 8 4.45723e-08
31 12 8 9 7 5.23972e-48
31 10 12 13 12 0.00669177
31 12 10 12 13 0.0014677
31 12 13 12 10 0.00560886
31 13 12 10 12 0.00190644
31 5 5 8 9 0.00609213
31 5 8 9 5 6.09533e-46
31 8 9 5 5 0.00481564
31 9 5 5 8 0.000800751
31 4 7 12 8 3.96716e-06
31 7 12 8 4 0.00855547
31 8 4 7 12 0.0035565
31 12 8 4 7 3.55082e-46
31 8 10 8 12 0.0110769
31 8 12 8 10 0.00751681
31 10 8 12 8 3.24162e-46
31 12 8 10 8 3.14326e-46
31 5 12 6 7 0.00520389
31 6 7 5 12 1.08389e-05
31 7 5 12 6 0.00125964
31 12 6 7 5 4.28013e-46
31 6 7 7 10 9.88796e-06
31 7 7 10 6 8.73672e-06
31 7 10 6 7 0.00399073
31 10 6 7 7 7.08285e-46
31 4 7 12 11 2.21668e-05
31 7 12 11 4 0.00560463
31 11 4 7 12 0.00309539
31 12 11 4 7 0.00752549
31 7 13 9 12 0.00628111
31 9 12 7 13 0.000545601
31 12 7 13 9 2.36836e-05
31 13 9 12 7 0.00224401
31 4 11 10 7 0.00531221
31 7 4 11 10 0.00268551
31 10 7 4 11 5.35342e-05
31 11 10 7 4 0.0124987
31 6 7 9 8 5.74891e-06
31 7 9 8 6 0.00383126
31 8 6 7 9 7.93359e-46
31 9 8 6 7 1.9455e-46
31 11 13 12 12 0.00565176
31 12 11 13 12 0.0149367
31 12 12 11 13 0.000889217
31 13 12 12 11 0.00458049
31 8 11 8 13 0.00626995
31 8 13 8 11 0.0368536
31 11 8 13 8 5.2926e-46
31 13 8 11 8 1.37778e-46
31 4 8 6 13 1.03274e-46
31 6 13 4 8 0.00254563
31 8 6 13 4 4.08721e-45
31 13 4 8 6 0.00171193
31 7 9 7 10 5.85655e-05
31 7 10 7 9 5.20638e-05
31 9 7 10 7 8.67931e-08
31 10 7 9 7 2.14123e-07
31 7 10 8 10 0.00850444
31 8 10 7 10 0.0084541
31 10 7 10 8 1.29087e-05
31 10 8 10 7 6.34347e-46
31 5 9 11 8 0.00480297
31 8 5 9 11 0.0114431
31 9 11 8 5 0.00453673
31 11 8 5 9 5.51406e-46
31 4 13 13 12 0.0061097
31 12 4 13 13 0.00168545
31 13 12 4 13 0.000580582
31 13 13 12 4 0.00666876
31 4 10 6 10 0.00323293
31 6 10 4 10 0.0035744
31 10 4 10 6 0.00247534
31 10 6 10 4 2.04398e-45
31 6 11 8 9 0.00807259
31 8 9 6 11 0.019546
31 9 6 11 8 1.74817e-46
31 11 8 9 6 3.4527e-46
31 6 10 12 12 0.0035416
31 10 12 12 6 0.00256268
31 12 6 10 12 8.58049e-46
31 12 12 6 10 0.00395923
31 4 5 11 9 0.00108743
31 5 11 9 4 0.0379593
31 9 4 5 11 0.00462326
31 11 9 4 5 0.00311604
31 8 12 11 11 0.0111637
31 11 8 12 11 1.32633e-45
31 11 11 8 12 0.0142103
31 12 11 11 8 0.0044574
31 4 10 4 12 0.00277294
31 4 12 4 10 0.00188172
31 10 4 12 4 0.00689977
31 12 4 10 4 0.00669041
31 6 6 13 8 4.33971e-46
31 6 13 8 6 0.00344323
31 8 6 6 13 2.95462e-46
31 13 8 6 6 1.53655e-46
31 8 13 11 9 0.00559375
31 9 8 13 11 1.01961e-45
31 11 9 8 13 0.00218757
31 13 11 9 8 0.00271817
31 5 6 6 11 4.90408e-45
31 6 6 11 5 3.39613e-46
31 6 11 5 6 0.00551373
31 11 5 6 6 0.00217461
31 8 10 11 12 0.0057065
31 10 11 12 8 0.00540276
31 11 12 8 10 0.00514488
31 12 8 10 11 1.38119e-45
31 8 9 13 12 0.01142
31 9 13 12 8 0.00154882
31 12 8 9 13 1.66188e-46
31 13 12 8 9 0.00238273
31 5 13 6 13 0.00386435
31 6 13 5 13 0.00156587
31 13 5 13 6 0.00155738
31 13 6 13 5 4.52219e-46
31 5 12 13 9 0.00811239
31 9 5 12 13 0.00031835
31 12 13 9 5 0.00360644
31 13 9 5 12 0.00263743
31 5 5 9 12 0.00532381
31 5 9 12 5 0.00557764
31 9 12 5 5 0.00124927
31 12 5 5 9 0.00267104
31 5 12 12 12 0.00585243
31 12 5 12 12 0.0023975
31 12 12 5 12 0.00390672
31 12 12 12 5 0.0020161
31 6 7 12 10 9.17729e-06
31 7 12 10 6 0.00195006
31 10 6 7 12 8.1262e-46
31 12 10 6 7 0.00433429
31 8 12 12 9 4.66364e-05
31 9 8 12 12 2.73048e-48
31 12 9 8 12 9.10026e-05
31 12 12 9 8 2.5859e-05
31 5 12 8 10 0.00943735
31 8 10 5 12 0.00788633
31 10 5 12 8 0.00158382
31 12 8 10 5 3.26215e-46
31 5 12 11 13 0.00188131
31 11 13 5 12 0.00798201
31 12 11 13 5 0.0108864
31 13 5 12 11 0.00396997
31 4 10 10 12 0.00328246
31 10 10 12 4 0.012576
31 10 12 4 10 0.00418407
31 12 4 10 10 0.00346045
31 4 13 5 10 0.00403257
31 5 10 4 13 0.00287919
31 10 4 13 5 0.00385716
31 13 5 10 4 0.00312492
31 7 9 12 10 0.00457534
31 9 12 10 7 0.00163065
31 10 7 9 12 2.06784e-05
31 12 10 7 9 0.00475965
31 7 11 11 11 0.0185605
31 11 7 11 11 3.52329e-05
31 11 11 7 11 0.0245133
31 11 11 11 7 0.00656715
31 7 12 10 12 0.0034481
31 10 12 7 12 0.00416122
31 12 7 12 10 1.49529e-05
31 12 10 12 7 0.00428678
31 4 7 8 11 5.13698e-07
31 7 8 11 4 1.16147e-47
31 8 11 4 7 0.00014815
31 11 4 7 8 2.53952e-05
31 4 4 4 13 0.000495832
31 4 4 13 4 0.00587192
31 4 13 4 4 0.00667729
31 13 4 4 4 0.00314229
31 5 7 11 10 2.49909e-05
31 7 11 10 5 0.00574346
31 10 5 7 11 0.00860306
31 11 10 5 7 0.00539781
31 4 4 8 10 0.00275401
31 4 8 10 4 6.60824e-46
31 8 10 4 4 0.0150162
31 10 4 4 8 0.00205496
31 6 6 10 8 3.15518e-46
31 6 10 8 6 0.00338967
31 8 6 6 10 1.11155e-45
31 10 8 6 6 3.92128e-46
31 5 9 6 12 0.00907223
31 6 12 5 9 0.0022177
31 9 6 12 5 2.02535e-46
31 12 5 9 6 0.00166857
31 4 9 11 7 0.00207068
31 7 4 9 11 0.00823614
31 9 11 7 4 0.00923069
31 11 7 4 9 1.31994e-05
31 7 7 9 13 4.62473e-06
31 7 9 13 7 0.00650832
31 9 13 7 7 0.00247852
31 13 7 7 9 6.93869e-06
32 5 11 9 12 1.00301e-47
32 9 12 5 11 1.30372e-47
32 11 9 12 5 9.33176e-48
32 12 5 11 9 8.49952e-48
32 4 10 12 9 1.9922e-48
32 9 4 10 12 2.53942e-48
32 10 12 9 4 3.43747e-48
32 12 9 4 10 1.80537e-48
32 7 11 12 12 3.6544e-48
32 11 12 12 7 3.17853e-48
32 12 7 11 12 1.68448e-48
32 12 12 7 11 2.95237e-48
32 5 9 7 6 5.79149e-48
32 6 5 9 7 4.82342e-48
32 7 6 5 9 5.63891e-48
32 9 7 6 5 4.75537e-48
32 5 11 8 13 6.51721e-48
32 8 13 5 11 0.0630598
32 11 8 13 5 3.60922e-48
32 13 5 11 8 6.01194e-48
32 4 13 12 10 3.60849e-48
32 10 4 13 12 3.61613e-48
32 12 10 4 13 1.74611e-48
32 13 12 10 4 4.05914e-48
32 4 12 10 12 4.43674e-48
32 10 12 4 12 3.97633e-48
32 12 4 12 10 2.15378e-48
32 12 10 12 4 1.72926e-48
32 7 12 12 12 5.39474e-48
32 12 7 12 12 2.15171e-48
32 12 12 7 12 3.80991e-48
32 12 12 12 7 2.96121e-48
32 4 7 9 8 1.78059e-48
32 7 9 8 4 2.97613e-48
32 8 4 7 9 0.0257248
32 9 8 4 7 1.22971e-48
32 6 7 13 13 4.69661e-48
32 7 13 13 6 7.89921e-48
32 13 6 7 13 6.5929e-48
32 13 13 6 7 5.77961e-48
32 6 6 12 11 6.84606e-48
32 6 12 11 6 9.17481e-48
32 11 6 6 12 9.47102e-48
32 12 11 6 6 7.92896e-48
32 4 4 10 11 2.05574e-48
32 4 10 11 4 1.66131e-48
32 10 11 4 4 2.19912e-48
32 11 4 4 10 1.76431e-48
32 7 12 8 9 5.5323e-50
32 8 9 7 12 0.000479405
32 9 7 12 8 2.74296e-50
32 12 8 9 7 1.44144e-50
32 10 12 13 12 6.58191e-48
32 12 10 12 13 2.49007e-48
32 12 13 12 10 3.20017e-48
32 13 12 10 12 5.41089e-48
32 5 5 8 9 6.7191e-48
32 5 8 9 5 2.98046e-48
32 8 9 5 5 0.0602194
32 9 5 5 8 6.52834e-48
32 4 7 12 8 1.698e-48
32 7 12 8 4 3.49206e-48
32 8 4 7 12 0.0258639
32 12 8 4 7 8.06676e-49
32 8 10 8 12 0.0271385
32 8 12 8 10 0.046153
32 10 8 12 8 1.70236e-48
32 12 8 10 8 1.18125e-48
32 5 12 6 7 6.61793e-48
32 6 7 5 12 3.76335e-48
32 7 5 12 6 8.28431e-48
32 12 6 7 5 4.12146e-48
32 6 7 7 10 2.40889e-48
32 7 7 10 6 3.03908e-48
32 7 10 6 7 2.75675e-48
32 10 6 7 7 3.20886e-48
32 4 7 12 11 2.21331e-48
32 7 12 11 4 3.72963e-48
32 11 4 7 12 2.64493e-48
32 12 11 4 7 1.65586e-48
32 7 13 9 12 5.34501e-48
32 9 12 7 13 7.26145e-48
32 12 7 13 9 2.87516e-48
32 13 9 12 7 4.01684e-48
32 4 11 10 7 2.46277e-48
32 7 4 11 10 2.51708e-48
32 10 7 4 11 1.83471e-48
32 11 10 7 4 1.95693e-48
32 6 7 9 8 2.30565e-48
32 7 9 8 6 5.14204e-48
32 8 6 7 9 0.0457486
32 9 8 6 7 2.55729e-48
32 11 13 12 12 4.57827e-48
32 12 11 13 12 4.10823e-48
32 12 12 11 13 4.41853e-48
32 13 12 12 11 5.56791e-48
32 8 11 8 13 0.0522043
32 8 13 8 11 0.0451299
32 11 8 13 8 2.26657e-48
32 13 8 11 8 1.95849e-48
32 4 8 6 13 4.48625e-48
32 6 13 4 8 3.8029e-48
32 8 6 13 4 0.0683449
32 13 4 8 6 5.49352e-48
32 7 9 7 10 4.26791e-50
32 7 10 7 9 2.9288e-50
32 9 7 10 7 2.37531e-50
32 10 7 9 7 2.35479e-50
32 7 10 8 10 2.42798e-48
32 8 10 7 10 0.0245544
32 10 7 10 8 1.9393e-48
32 10 8 10 7 1.48149e-48
32 5 9 11 8 3.75594e-48
32 8 5 9 11 0.0624389
32 9 11 8 5 5.17802e-48
32 11 8 5 9 2.60762e-48
32 4 13 13 12 6.41192e-48
32 12 4 13 13 4.1341e-48
32 13 12 4 13 6.25138e-48
32 13 13 12 4 5.05392e-48
32 4 10 6 10 3.21894e-48
32 6 10 4 10 2.00431e-48
32 10 4 10 6 3.44187e-48
32 10 6 10 4 3.54272e-48
32 6 11 8 9 4.34368e-48
32 8 9 6 11 0.060894
32 9 6 11 8 4.17569e-48
32 11 8 9 6 2.90019e-48
32 6 10 12 12 3.51016e-48
32 10 12 12 6 7.66515e-48
32 12 6 10 12 4.0094e-48
32 12 12 6 10 5.96205e-48
32 4 5 11 9 4.84307e-48
32 5 11 9 4 3.80227e-48
32 9 4 5 11 3.61952e-48
32 11 9 4 5 3.30672e-48
32 8 12 11 11 0.0428127
32 11 8 12 11 1.84558e-48
32 11 11 8 12 3.58342e-48
32 12 11 11 8 2.11971e-48
32 4 10 4 12 1.75769e-48
32 4 12 4 10 2.98921e-48
32 10 4 12 4 2.2538e-48
32 12 4 10 4 1.56389e-48
32 6 6 13 8 6.05778e-48
32 6 13 8 6 6.96825e-48
32 8 6 6 13 0.0994124
32 13 8 6 6 5.27831e-48
32 8 13 11 9 0.0389666
32 9 8 13 11 2.64277e-48
32 11 9 8 13 4.2305e-48
32 13 11 9 8 3.3918e-48
32 5 6 6 11 1.12176e-47
32 6 6 11 5 8.19737e-48
32 6 11 5 6 1.01803e-47
32 11 5 6 6 1.59351e-47
32 8 10 11 12 0.0227939
32 10 11 12 8 2.74806e-48
32 11 12 8 10 3.71167e-48
32 12 8 10 11 1.21086e-48
32 8 9 13 12 0.0603392
32 9 13 12 8 4.29914e-48
32 12 8 9 13 2.17232e-48
32 13 12 8 9 5.82606e-48
32 5 13 6 13 1.21566e-47
32 6 13 5 13 9.51367e-48
32 13 5 13 6 1.51199e-47
32 13 6 13 5 1.06512e-47
32 5 12 13 9 7.09814e-48
32 9 5 12 13 7.82703e-48
32 12 13 9 5 3.80232e-48
32 13 9 5 12 5.63216e-48
32 5 5 9 12 8.07083e-48
32 5 9 12 5 6.12977e-48
32 9 12 5 5 8.56978e-48
32 12 5 5 9 5.98334e-48
32 5 12 12 12 6.6345e-48
32 12 5 12 12 5.12896e-48
32 12 12 5 12 5.18561e-48
32 12 12 12 5 4.79304e-48
32 6 7 12 10 2.63096e-48
32 7 12 10 6 5.87719e-48
32 10 6 7 12 4.50914e-48
32 12 10 6 7 2.12638e-48
32 8 12 12 9 0.000663953
32 9 8 12 12 3.19937e-50
32 12 9 8 12 3.9729e-50
32 12 12 9 8 3.96477e-50
32 5 12 8 10 4.96019e-48
32 8 10 5 12 0.032645
32 10 5 12 8 4.49871e-48
32 12 8 10 5 1.6193e-48
32 5 12 11 13 7.77651e-48
32 11 13 5 12 6.29797e-48
32 12 11 13 5 5.22354e-48
32 13 5 12 11 7.57567e-48
32 4 10 10 12 2.12771e-48
32 10 10 12 4 2.04002e-48
32 10 12 4 10 3.24297e-48
32 12 4 10 10 1.76305e-48
32 4 13 5 10 4.61743e-48
32 5 10 4 13 2.8586e-48
32 10 4 13 5 4.27691e-48
32 13 5 10 4 5.13734e-48
32 7 9 12 10 3.92362e-48
32 9 12 10 7 3.86654e-48
32 10 7 9 12 2.78528e-48
32 12 10 7 9 1.90154e-48
32 7 11 11 11 2.89928e-48
32 11 7 11 11 1.83238e-48
32 11 11 7 11 2.80744e-48
32 11 11 11 7 2.2044e-48
32 7 12 10 12 4.75976e-48
32 10 12 7 12 4.8444e-48
32 12 7 12 10 1.89145e-48
32 12 10 12 7 1.53062e-48
32 4 7 8 11 2.95693e-50
32 7 8 11 4 2.24331e-50
32 8 11 4 7 0.000316785
32 11 4 7 8 2.86595e-50
32 4 4 4 13 2.45528e-48
32 4 4 13 4 2.82241e-48
32 4 13 4 4 2.53351e-48
32 13 4 4 4 2.07948e-48
32 5 7 11 10 2.47163e-48
32 7 11 10 5 3.88813e-48
32 10 5 7 11 4.84422e-48
32 11 10 5 7 2.1435e-48
32 4 4 8 10 2.31675e-48
32 4 8 10 4 1.42948e-48
32 8 10 4 4 0.0165648
32 10 4 4 8 1.69027e-48
32 6 6 10 8 4.41304e-48
32 6 10 8 6 4.2286e-48
32 8 6 6 10 0.0775308
32 10 8 6 6 4.67738e-48
32 5 9 6 12 7.85261e-48
32 6 12 5 9 7.172e-48
32 9 6 12 5 6.79877e-48
32 12 5 9 6 6.63899e-48
32 4 9 11 7 2.47933e-48
32 7 4 9 11 2.68043e-48
32 9 11 7 4 3.28466e-48
32 11 7 4 9 1.79276e-48
32 7 7 9 13 3.3849e-48
32 7 9 13 7 4.06807e-48
32 9 13 7 7 3.61411e-48
32 13 7 7 9 2.88645e-48
33 5 11 9 12 0.0139941
33 9 12 5 11 6.76278e-46
33 11 9 12 5 0.012352
33 12 5 11 9 0.0046073
33 4 10 12 9 0.00191707
33 9 4 10 12 1.28599e-46
33 10 12 9 4 2.87833e-46
33 12 9 4 10 0.000958313
33 7 11 12 12 0.0032589
33 11 12 12 7 9.72313e-46
33 12 7 11 12 0.000259864
33 12 12 7 11 0.000290101
33 5 9 7 6 0.0306798
33 6 5 9 7 1.63698e-88
33 7 6 5 9 0.0175991
33 9 7 6 5 2.2223e-46
33 5 11 8 13 0.0221154
33 8 13 5 11 0.00634752
33 11 8 13 5 0.0077226
33 13 5 11 8 1.19282e-45
33 4 13 12 10 0.00284901
33 10 4 13 12 1.45662e-46
33 12 10 4 13 0.000656512
33 13 12 10 4 0.00378414
33 4 12 10 12 0.000630382
33 10 12 4 12 1.21107e-46
33 12 4 12 10 0.000924582
33 12 10 12 4 0.000461988
33 7 12 12 12 0.00310512
33 12 7 12 12 0.000385015
33 12 12 7 12 0.000291075
33 12 12 12 7 1.30009e-46
33 4 7 9 8 1.92966e-46
33 7 9 8 4 0.00354582
33 8 4 7 9 0.00616312
33 9 8 4 7 4.15099e-89
33 6 7 13 13 1.9455e-45
33 7 13 13 6 0.0373279
33 13 6 7 13 0.00838943
33 13 13 6 7 6.84913e-46
33 6 6 12 11 6.0065e-46
33 6 12 11 6 2.64793e-45
33 11 6 6 12 0.00328485
33 12 11 6 6 0.00300079
33 4 4 10 11 0.00033111
33 4 10 11 4 0.00043979
33 10 11 4 4 1.84245e-46
33 11 4 4 10 0.00374528
33 7 12 8 9 0.000134519
33 8 9 7 12 3.59628e-05
33 9 7 12 8 1.09379e-90
33 12 8 9 7 1.62114e-48
33 10 12 13 12 3.00802e-46
33 12 10 12 13 0.00131915
33 12 13 12 10 0.00219839
33 13 12 10 12 0.00284114
33 5 5 8 9 0.0264956
33 5 8 9 5 0.00780286
33 8 9 5 5 0.00639982
33 9 5 5 8 1.43827e-88
33 4 7 12 8 1.67442e-46
33 7 12 8 4 0.00270933
33 8 4 7 12 0.00111361
33 12 8 4 7 5.85897e-47
33 8 10 8 12 0.00198238
33 8 12 8 10 0.0109121
33 10 8 12 8 8.16543e-89
33 12 8 10 8 1.63219e-46
33 5 12 6 7 1.08147e-45
33 6 7 5 12 3.63772e-46
33 7 5 12 6 0.02969
33 12 6 7 5 0.00043743
33 6 7 7 10 1.00656e-45
33 7 7 10 6 0.0214964
33 7 10 6 7 4.80053e-46
33 10 6 7 7 5.22916e-89
33 4 7 12 11 0.000585414
33 7 12 11 4 0.00328603
33 11 4 7 12 0.00124095
33 12 11 4 7 7.99396e-47
33 7 13 9 12 0.0047688
33 9 12 7 13 9.07744e-46
33 12 7 13 9 0.00304853
33 13 9 12 7 1.15025e-45
33 4 11 10 7 2.39964e-46
33 7 4 11 10 0.00540593
33 10 7 4 11 1.2965e-46
33 11 10 7 4 0.00280574
33 6 7 9 8 1.34238e-88
33 7 9 8 6 0.0188601
33 8 6 7 9 0.0138508
33 9 8 6 7 5.48018e-89
33 11 13 12 12 0.00446278
33 12 11 13 12 0.000672352
33 12 12 11 13 0.00133031
33 13 12 12 11 0.00301696
33 8 11 8 13 0.0137114
33 8 13 8 11 0.00394203
33 11 8 13 8 1.86452e-45
33 13 8 11 8 7.951e-46
33 4 8 6 13 0.00189102
33 6 13 4 8 1.11796e-88
33 8 6 13 4 0.00912874
33 13 4 8 6 0.00846503
33 7 9 7 10 0.000142671
33 7 10 7 9 0.000109603
33 9 7 10 7 1.08971e-90
33 10 7 9 7 8.86763e-91
33 7 10 8 10 0.00790339
33 8 10 7 10 0.00893501
33 10 7 10 8 8.97226e-89
33 10 8 10 7 8.17528e-89
33 5 9 11 8 1.95382e-45
33 8 5 9 11 0.00637633
33 9 11 8 5 3.50197e-46
33 11 8 5 9 0.0204496
33 4 13 13 12 0.00109795
33 12 4 13 13 0.0013551
33 13 12 4 13 0.00658073
33 13 13 12 4 0.00533196
33 4 10 6 10 0.0012316
33 6 10 4 10 6.48964e-46
33 10 4 10 6 8.86866e-46
33 10 6 10 4 3.74718e-46
33 6 11 8 9 1.74118e-45
33 8 9 6 11 0.00343672
33 9 6 11 8 8.86391e-89
33 11 8 9 6 0.0280638
33 6 10 12 12 3.2613e-46
33 10 12 12 6 1.79794e-45
33 12 6 10 12 0.000552082
33 12 12 6 10 0.00130834
33 4 5 11 9 0.00301725
33 5 11 9 4 0.00941876
33 9 4 5 11 1.65488e-46
33 11 9 4 5 0.00310641
33 8 12 11 11 0.00301087
33 11 8 12 11 0.00382382
33 11 11 8 12 0.00291307
33 12 11 11 8 1.3467e-46
33 4 10 4 12 0.000215739
33 4 12 4 10 0.00118755
33 10 4 12 4 1.51356e-46
33 12 4 10 4 0.000302546
33 6 6 13 8 2.11022e-88
33 6 13 8 6 2.49786e-45
33 8 6 6 13 0.0111399
33 13 8 6 6 0.012765
33 8 13 11 9 0.0167221
33 9 8 13 11 3.88959e-46
33 11 9 8 13 0.0120006
33 13 11 9 8 1.16668e-45
33 5 6 6 11 0.00593291
33 6 6 11 5 6.01311e-46
33 6 11 5 6 4.61942e-45
33 11 5 6 6 0.0308956
33 8 10 11 12 0.00189079
33 10 11 12 8 8.76128e-89
33 11 12 8 10 0.00956266
33 12 8 10 11 0.000448764
33 8 9 13 12 0.00625828
33 9 13 12 8 1.34039e-88
33 12 8 9 13 0.00194329
33 13 12 8 9 0.0103689
33 5 13 6 13 0.0222869
33 6 13 5 13 2.53139e-45
33 13 5 13 6 0.0422386
33 13 6 13 5 0.00663871
33 5 12 13 9 0.0344652
33 9 5 12 13 1.44712e-45
33 12 13 9 5 0.000729142
33 13 9 5 12 0.0031879
33 5 5 9 12 0.00827948
33 5 9 12 5 0.00962001
33 9 12 5 5 4.31089e-46
33 12 5 5 9 0.00329129
33 5 12 12 12 0.00543638
33 12 5 12 12 0.000579546
33 12 12 5 12 0.000450013
33 12 12 12 5 0.000592957
33 6 7 12 10 1.4273e-45
33 7 12 10 6 0.0230445
33 10 6 7 12 1.66012e-46
33 12 10 6 7 6.38101e-47
33 8 12 12 9 0.000234308
33 9 8 12 12 3.43788e-48
33 12 9 8 12 4.59431e-06
33 12 12 9 8 2.07238e-48
33 5 12 8 10 0.0151519
33 8 10 5 12 0.00274798
33 10 5 12 8 1.05457e-88
33 12 8 10 5 0.00058198
33 5 12 11 13 0.0193418
33 11 13 5 12 0.0053711
33 12 11 13 5 0.00106623
33 13 5 12 11 0.00467616
33 4 10 10 12 0.000458612
33 10 10 12 4 2.35798e-46
33 10 12 4 10 4.84993e-46
33 12 4 10 10 0.000943291
33 4 13 5 10 0.00318953
33 5 10 4 13 0.00887893
33 10 4 13 5 2.14871e-46
33 13 5 10 4 0.00545586
33 7 9 12 10 0.0170287
33 9 12 10 7 9.83303e-89
33 10 7 9 12 2.36967e-46
33 12 10 7 9 0.0012263
33 7 11 11 11 0.00286696
33 11 7 11 11 0.00253316
33 11 11 7 11 0.00297792
33 11 11 11 7 9.00749e-46
33 7 12 10 12 0.00341452
33 10 12 7 12 1.60127e-46
33 12 7 12 10 0.00166186
33 12 10 12 7 1.01944e-46
33 4 7 8 11 5.93778e-06
33 7 8 11 4 4.60709e-05
33 8 11 4 7 9.77864e-48
33 11 4 7 8 6.44768e-48
33 4 4 4 13 0.00061644
33 4 4 13 4 0.000536213
33 4 13 4 4 0.000513316
33 13 4 4 4 0.000973004
33 5 7 11 10 0.0154669
33 7 11 10 5 0.00538986
33 10 5 7 11 2.346e-46
33 11 10 5 7 8.70272e-46
33 4 4 8 10 0.000867809
33 4 8 10 4 0.000840546
33 8 10 4 4 0.00200827
33 10 4 4 8 2.17577e-89
33 6 6 10 8 1.79911e-88
33 6 10 8 6 1.63033e-45
33 8 6 6 10 0.0121171
33 10 8 6 6 1.15224e-45
33 5 9 6 12 0.00445197
33 6 12 5 9 2.13833e-45
33 9 6 12 5 4.35404e-46
33 12 5 9 6 0.00450614
33 4 9 11 7 1.65632e-46
33 7 4 9 11 0.00192206
33 9 11 7 4 3.20822e-46
33 11 7 4 9 0.00882647
33 7 7 9 13 0.0135987
33 7 9 13 7 1.6949e-45
33 9 13 7 7 8.01151e-89
33 13 7 7 9 0.00940176
34 5 11 9 12 1.11422e-45
34 9 12 5 11 0.0192896
34 11 9 12 5 0.0173293
34 12 5 11 9 0.0141146
34 4 10 12 9 0.00345527
34 9 4 10 12 0.00135805
34 10 12 9 4 2.5402e-46
34 12 9 4 10 0.000612213
34 7 11 12 12 0.00357401
34 11 12 12 7 0.0036258
34 12 7 11 12 0.00312365
34 12 12 7 11 0.00288232
34 5 9 7 6 0.0046308
34 6 5 9 7 6.38689e-46
34 7 6 5 9 0.0137763
34 9 7 6 5 0.00750358
34 5 11 8 13 0.0023608
34 8 13 5 11 0.00833038
34 11 8 13 5 0.00311069
34 13 5 11 8 0.00693217
34 4 13 12 10 0.00252541
34 10 4 13 12 0.000875779
34 12 10 4 13 0.00134241
34 13 12 10 4 0.00187551
34 4 12 10 12 0.00147308
34 10 12 4 12 0.00106064
34 12 4 12 10 0.00234551
34 12 10 12 4 0.00375326
34 7 12 12 12 0.00472075
34 12 7 12 12 0.00548287
34 12 12 7 12 0.00537087
34 12 12 12 7 0.00640357
34 4 7 9 8 2.15812e-46
34 7 9 8 4 0.000636525
34 8 4 7 9 0.00211996
34 9 8 4 7 0.00107995
34 6 7 13 13 0.00231658
34 7 13 13 6 0.00191378
34 13 6 7 13 0.00951244
34 13 13 6 7 0.00760812
34 6 6 12 11 0.00810379
34 6 12 11 6 0.00757424
34 11 6 6 12 0.00601929
34 12 11 6 6 0.00708605
34 4 4 10 11 0.000439366
34 4 10 11 4 0.00108655
34 10 11 4 4 0.000481098
34 11 4 4 10 0.000246262
34 7 12 8 9 1.91691e-05
34 8 9 7 12 3.57514e-05
34 9 7 12 8 6.28044e-05
34 12 8 9 7 6.66036e-48
34 10 12 13 12 0.00171494
34 12 10 12 13 0.00787886
34 12 13 12 10 0.00540882
34 13 12 10 12 0.00340686
34 5 5 8 9 0.00252431
34 5 8 9 5 1.10824e-45
34 8 9 5 5 0.0152332
34 9 5 5 8 0.0152939
34 4 7 12 8 0.00224359
34 7 12 8 4 0.000626981
34 8 4 7 12 0.00150503
34 12 8 4 7 0.000987318
34 8 10 8 12 0.000996635
34 8 12 8 10 0.000671406
34 10 8 12 8 0.00545157
34 12 8 10 8 0.00276296
34 5 12 6 7 0.0045285
34 6 7 5 12 0.0118291
34 7 5 12 6 0.00513282
34 12 6 7 5 0.0113685
34 6 7 7 10 0.00228238
34 7 7 10 6 0.00129751
34 7 10 6 7 0.00244846
34 10 6 7 7 0.00386377
34 4 7 12 11 0.00161728
34 7 12 11 4 0.00174293
34 11 4 7 12 0.00182819
34 12 11 4 7 0.000972387
34 7 13 9 12 6.18931e-46
34 9 12 7 13 0.00785776
34 12 7 13 9 0.00246254
34 13 9 12 7 0.00812511
34 4 11 10 7 0.00107393
34 7 4 11 10 0.000948602
34 10 7 4 11 0.000469304
34 11 10 7 4 0.00171639
34 6 7 9 8 5.14504e-46
34 7 9 8 6 0.00121184
34 8 6 7 9 0.00494176
34 9 8 6 7 0.00496704
34 11 13 12 12 0.00641113
34 12 11 13 12 0.00200536
34 12 12 11 13 0.0063302
34 13 12 12 11 0.00557183
34 8 11 8 13 0.00142618
34 8 13 8 11 0.00103019
34 11 8 13 8 0.00152328
34 13 8 11 8 0.00600764
34 4 8 6 13 0.00457772
34 6 13 4 8 0.00234181
34 8 6 13 4 0.00118521
34 13 4 8 6 0.00166819
34 7 9 7 10 2.16988e-05
34 7 10 7 9 4.46896e-05
34 9 7 10 7 2.22381e-05
34 10 7 9 7 3.85862e-48
34 7 10 8 10 0.000607888
34 8 10 7 10 0.00157302
34 10 7 10 8 0.00160863
34 10 8 10 7 0.00193989
34 5 9 11 8 0.00441824
34 8 5 9 11 2.83825e-46
34 9 11 8 5 0.00343115
34 11 8 5 9 0.013511
34 4 13 13 12 0.00167282
34 12 4 13 13 0.00179546
34 13 12 4 13 0.00234804
34 13 13 12 4 0.00773103
34 4 10 6 10 0.00134877
34 6 10 4 10 0.00069913
34 10 4 10 6 0.00123748
34 10 6 10 4 0.00151518
34 6 11 8 9 0.00269673
34 8 9 6 11 0.00220608
34 9 6 11 8 0.00612199
34 11 8 9 6 4.86417e-46
34 6 10 12 12 0.00791473
34 10 12 12 6 0.00680438
34 12 6 10 12 0.00391694
34 12 12 6 10 0.0037537
34 4 5 11 9 0.00333021
34 5 11 9 4 3.09964e-46
34 9 4 5 11 0.00497786
34 11 9 4 5 0.00149203
34 8 12 11 11 0.00176328
34 11 8 12 11 0.00289004
34 11 11 8 12 0.00108697
34 12 11 11 8 0.00397299
34 4 10 4 12 0.000523035
34 4 12 4 10 0.000352355
34 10 4 12 4 0.00168768
34 12 4 10 4 0.000855349
34 6 6 13 8 0.0030775
34 6 13 8 6 0.00318839
34 8 6 6 13 0.00569033
34 13 8 6 6 0.00772016
34 8 13 11 9 0.00473442
34 9 8 13 11 0.00133606
34 11 9 8 13 0.00146321
34 13 11 9 8 6.29223e-46
34 5 6 6 11 0.00551147
34 6 6 11 5 0.0163754
34 6 11 5 6 0.0208843
34 11 5 6 6 0.00588548
34 8 10 11 12 0.00217876
34 10 11 12 8 0.00422233
34 11 12 8 10 0.00064137
34 12 8 10 11 0.00156626
34 8 9 13 12 0.00139411
34 9 13 12 8 0.010255
34 12 8 9 13 9.13778e-46
34 13 12 8 9 0.00333345
34 5 13 6 13 0.0109245
34 6 13 5 13 0.0333283
34 13 5 13 6 0.00367153
34 13 6 13 5 0.00714757
34 5 12 13 9 0.00258527
34 9 5 12 13 0.00968098
34 12 13 9 5 1.48697e-45
34 13 9 5 12 0.0156863
34 5 5 9 12 7.02426e-46
34 5 9 12 5 0.0127068
34 9 12 5 5 0.0294039
34 12 5 5 9 0.022092
34 5 12 12 12 0.00718903
34 12 5 12 12 0.0082643
34 12 12 5 12 0.0154403
34 12 12 12 5 0.0141649
34 6 7 12 10 0.00325401
34 7 12 10 6 0.00181208
34 10 6 7 12 0.00462024
34 12 10 6 7 0.00397154
34 8 12 12 9 7.68409e-05
34 9 8 12 12 9.84039e-05
34 12 9 8 12 2.43497e-05
34 12 12 9 8 8.38094e-48
34 5 12 8 10 0.000956782
34 8 10 5 12 0.00693787
34 10 5 12 8 0.00541538
34 12 8 10 5 0.0048573
34 5 12 11 13 0.0065603
34 11 13 5 12 0.0142701
34 12 11 13 5 0.00409488
34 13 5 12 11 0.00663805
34 4 10 10 12 0.00113543
34 10 10 12 4 0.00264145
34 10 12 4 10 0.000550743
34 12 4 10 10 0.000836613
34 4 13 5 10 0.00522876
34 5 10 4 13 0.0012941
34 10 4 13 5 0.00166349
34 13 5 10 4 0.00207844
34 7 9 12 10 0.00260399
34 9 12 10 7 0.00261421
34 10 7 9 12 3.88382e-46
34 12 10 7 9 0.00610161
34 7 11 11 11 0.00142904
34 11 7 11 11 0.00124131
34 11 11 7 11 0.00161587
34 11 11 11 7 0.00204522
34 7 12 10 12 0.00181488
34 10 12 7 12 0.00407408
34 12 7 12 10 0.0030686
34 12 10 12 7 0.00531992
34 4 7 8 11 6.04111e-06
34 7 8 11 4 2.442e-05
34 8 11 4 7 8.26129e-06
34 11 4 7 8 2.48073e-05
34 4 4 4 13 0.000452023
34 4 4 13 4 0.000348167
34 4 13 4 4 0.000496559
34 13 4 4 4 0.000498004
34 5 7 11 10 0.00171831
34 7 11 10 5 0.00266098
34 10 5 7 11 0.00247041
34 11 10 5 7 0.00635884
34 4 4 8 10 0.000292096
34 4 8 10 4 0.000811306
34 8 10 4 4 0.000387942
34 10 4 4 8 0.000524805
34 6 6 10 8 0.00411595
34 6 10 8 6 0.00215567
34 8 6 6 10 0.00264112
34 10 8 6 6 0.00519748
34 5 9 6 12 0.00544687
34 6 12 5 9 0.0230557
34 9 6 12 5 0.0175653
34 12 5 9 6 7.93471e-46
34 4 9 11 7 0.00192455
34 7 4 9 11 1.38499e-46
34 9 11 7 4 0.00272497
34 11 7 4 9 0.000829192
34 7 7 9 13 4.02492e-46
34 7 9 13 7 0.00118273
34 9 13 7 7 0.00619739
34 13 7 7 9 0.00626583
35 5 11 9 12 0.0188601
35 9 12 5 11 0.00427993
35 11 9 12 5 0.0063948
35 12 5 11 9 0.0127244
35 4 10 12 9 0.00294114
35 9 4 10 12 0.00199384
35 10 12 9 4 0.00145581
35 12 9 4 10 0.000783484
35 7 11 12 12 0.00319149
35 11 12 12 7 0.00216781
35 12 7 11 12 0.00606559
35 12 12 7 11 0.00115292
35 5 9 7 6 0.00231673
35 6 5 9 7 0.00942419
35 7 6 5 9 0.00392793
35 9 7 6 5 0.00967624
35 5 11 8 13 0.00514313
35 8 13 5 11 0.00551217
35 11 8 13 5 0.00617239
35 13 5 11 8 0.00423807
35 4 13 12 10 0.00356789
35 10 4 13 12 0.00406559
35 12 10 4 13 0.00189695
35 13 12 10 4 0.00108499
35 4 12 10 12 0.00315911
35 10 12 4 12 0.00160299
35 12 4 12 10 0.00289756
35 12 10 12 4 0.00145877
35 7 12 12 12 0.0036364
35 12 7 12 12 0.00816236
35 12 12 7 12 0.00234306
35 12 12 12 7 0.0029567
35 4 7 9 8 0.00572765
35 7 9 8 4 0.000495162
35 8 4 7 9 0.00222386
35 9 8 4 7 0.000743189
35 6 7 13 13 0.017302
35 7 13 13 6 0.00802649
35 13 6 7 13 0.00251092
35 13 13 6 7 0.0057196
35 6 6 12 11 0.00512213
35 6 12 11 6 0.00837075
35 11 6 6 12 0.00764306
35 12 11 6 6 0.00990023
35 4 4 10 11 0.00148283
35 4 10 11 4 0.00097359
35 10 11 4 4 0.000503412
35 11 4 4 10 0.000995464
35 7 12 8 9 2.62604e-05
35 8 9 7 12 2.07752e-05
35 9 7 12 8 4.14378e-05
35 12 8 9 7 4.12803e-05
35 10 12 13 12 0.00463841
35 12 10 12 13 0.00440588
35 12 13 12 10 0.0043235
35 13 12 10 12 0.00329999
35 5 5 8 9 0.0063031
35 5 8 9 5 0.009058
35 8 9 5 5 0.00466007
35 9 5 5 8 0.00358954
35 4 7 12 8 0.00371126
35 7 12 8 4 0.000693176
35 8 4 7 12 0.00213337
35 12 8 4 7 0.000963782
35 8 10 8 12 0.00295064
35 8 12 8 10 0.00219848
35 10 8 12 8 0.00171493
35 12 8 10 8 0.0017633
35 5 12 6 7 0.00577292
35 6 7 5 12 0.012892
35 7 5 12 6 0.00661284
35 12 6 7 5 0.00292686
35 6 7 7 10 0.00375886
35 7 7 10 6 0.00534109
35 7 10 6 7 0.00284019
35 10 6 7 7 0.00112043
35 4 7 12 11 0.00390171
35 7 12 11 4 0.00104591
35 11 4 7 12 0.00177257
35 12 11 4 7 0.00131523
35 7 13 9 12 0.00849521
35 9 12 7 13 0.0020766
35 12 7 13 9 0.0122689
35 13 9 12 7 0.00210728
35 4 11 10 7 0.00203643
35 7 4 11 10 0.00194508
35 10 7 4 11 0.00159933
35 11 10 7 4 0.000622531
35 6 7 9 8 0.00997449
35 7 9 8 6 0.00171119
35 8 6 7 9 0.00266408
35 9 8 6 7 0.00248418
35 11 13 12 12 0.0055811
35 12 11 13 12 0.00636399
35 12 12 11 13 0.00429502
35 13 12 12 11 0.0024688
35 8 11 8 13 0.00391243
35 8 13 8 11 0.00288894
35 11 8 13 8 0.0028401
35 13 8 11 8 0.00199177
35 4 8 6 13 0.00646645
35 6 13 4 8 0.00322905
35 8 6 13 4 0.00323573
35 13 4 8 6 0.00360476
35 7 9 7 10 1.00775e-05
35 7 10 7 9 1.97372e-05
35 9 7 10 7 3.56818e-05
35 10 7 9 7 6.94548e-05
35 7 10 8 10 0.00143836
35 8 10 7 10 0.00166054
35 10 7 10 8 0.00298148
35 10 8 10 7 0.00148403
35 5 9 11 8 0.00232002
35 8 5 9 11 0.0073819
35 9 11 8 5 0.00272924
35 11 8 5 9 0.00371825
35 4 13 13 12 0.00898885
35 12 4 13 13 0.00724913
35 13 12 4 13 0.00246386
35 13 13 12 4 0.00247803
35 4 10 6 10 0.00338753
35 6 10 4 10 0.00176487
35 10 4 10 6 0.00276038
35 10 6 10 4 0.00095688
35 6 11 8 9 0.00434513
35 8 9 6 11 0.00299534
35 9 6 11 8 0.00188971
35 11 8 9 6 0.00554851
35 6 10 12 12 0.00664984
35 10 12 12 6 0.00441188
35 12 6 10 12 0.00419211
35 12 12 6 10 0.00496173
35 4 5 11 9 0.00530622
35 5 11 9 4 0.00313353
35 9 4 5 11 0.00189569
35 11 9 4 5 0.00139131
35 8 12 11 11 0.00241667
35 11 8 12 11 0.00173778
35 11 11 8 12 0.00237361
35 12 11 11 8 0.00228626
35 4 10 4 12 0.00152022
35 4 12 4 10 0.00113269
35 10 4 12 4 0.0010347
35 12 4 10 4 0.00106388
35 6 6 13 8 0.00603148
35 6 13 8 6 0.00720975
35 8 6 6 13 0.00907692
35 13 8 6 6 0.00621433
35 8 13 11 9 0.0058164
35 9 8 13 11 0.00197795
35 11 9 8 13 0.0016665
35 13 11 9 8 0.0035555
35 5 6 6 11 0.00744973
35 6 6 11 5 0.00985162
35 6 11 5 6 0.0116315
35 11 5 6 6 0.0141703
35 8 10 11 12 0.00350118
35 10 11 12 8 0.00184042
35 11 12 8 10 0.0014365
35 12 8 10 11 0.00145784
35 8 9 13 12 0.00508362
35 9 13 12 8 0.00305555
35 12 8 9 13 0.00638037
35 13 12 8 9 0.00286486
35 5 13 6 13 0.0174241
35 6 13 5 13 0.0140951
35 13 5 13 6 0.0134198
35 13 6 13 5 0.00921822
35 5 12 13 9 0.00787395
35 9 5 12 13 0.00547697
35 12 13 9 5 0.0107311
35 13 9 5 12 0.00302448
35 5 5 9 12 0.0158233
35 5 9 12 5 0.005444
35 9 12 5 5 0.00476067
35 12 5 5 9 0.00865798
35 5 12 12 12 0.00654249
35 12 5 12 12 0.00771813
35 12 12 5 12 0.00530001
35 12 12 12 5 0.005737
35 6 7 12 10 0.00743623
35 7 12 10 6 0.00303316
35 10 6 7 12 0.00175654
35 12 10 6 7 0.0036204
35 8 12 12 9 6.51672e-05
35 9 8 12 12 3.51342e-05
35 12 9 8 12 2.49242e-05
35 12 12 9 8 5.11736e-05
35 5 12 8 10 0.00248797
35 8 10 5 12 0.00484667
35 10 5 12 8 0.00314136
35 12 8 10 5 0.00329905
35 5 12 11 13 0.00669174
35 11 13 5 12 0.00704413
35 12 11 13 5 0.00869451
35 13 5 12 11 0.00453763
35 4 10 10 12 0.00261771
35 10 10 12 4 0.00101433
35 10 12 4 10 0.000989676
35 12 4 10 10 0.0020716
35 4 13 5 10 0.00418884
35 5 10 4 13 0.00274919
35 10 4 13 5 0.00516672
35 13 5 10 4 0.001855
35 7 9 12 10 0.00167812
35 9 12 10 7 0.00170563
35 10 7 9 12 0.00916535
35 12 10 7 9 0.00211771
35 7 11 11 11 0.00152617
35 11 7 11 11 0.00286179
35 11 11 7 11 0.000970221
35 11 11 11 7 0.001849
35 7 12 10 12 0.00280217
35 10 12 7 12 0.00175601
35 12 7 12 10 0.0054316
35 12 10 12 7 0.00264067
35 4 7 8 11 3.5024e-05
35 7 8 11 4 1.22601e-05
35 8 11 4 7 2.11535e-05
35 11 4 7 8 1.51212e-05
35 4 4 4 13 0.00180245
35 4 4 13 4 0.00172685
35 4 13 4 4 0.00089047
35 13 4 4 4 0.000623397
35 5 7 11 10 0.00596429
35 7 11 10 5 0.00318663
35 10 5 7 11 0.00150621
35 11 10 5 7 0.00231758
35 4 4 8 10 0.00153266
35 4 8 10 4 0.000869376
35 8 10 4 4 0.000721302
35 10 4 4 8 0.000855848
35 6 6 10 8 0.00357541
35 6 10 8 6 0.00471855
35 8 6 6 10 0.00582948
35 10 8 6 6 0.00517789
35 5 9 6 12 0.00640547
35 6 12 5 9 0.00756146
35 9 6 12 5 0.00442382
35 12 5 9 6 0.0128894
35 4 9 11 7 0.00144147
35 7 4 9 11 0.00269376
35 9 11 7 4 0.000580232
35 11 7 4 9 0.0029892
35 7 7 9 13 0.010512
35 7 9 13 7 0.00221118
35 9 13 7 7 0.00161455
35 13 7 7 9 0.00397142
36 5 11 9 12 0.00606888
36 9 12 5 11 0.0273393
36 11 9 12 5 0.0176796
36 12 5 11 9 2.95875e-45
36 4 10 12 9 0.00372829
36 9 4 10 12 0.0104591
36 10 12 9 4 0.00215122
36 12 9 4 10 0.00283609
36 7 11 12 12 0.00205018
36 11 12 12 7 0.00443842
36 12 7 11 12 0.00352399
36 12 12 7 11 0.00464647
36 5 9 7 6 0.004576
36 6 5 9 7 2.65499e-46
36 7 6 5 9 1.09629e-45
36 9 7 6 5 0.0147857
36 5 11 8 13 0.00304594
36 8 13 5 11 3.91137e-05
36 11 8 13 5 0.0129707
36 13 5 11 8 2.28694e-45
36 4 13 12 10 0.00162882
36 10 4 13 12 0.00542874
36 12 10 4 13 0.00913324
36 13 12 10 4 0.00482112
36 4 12 10 12 0.00228636
36 10 12 4 12 0.00207869
36 12 4 12 10 0.0055132
36 12 10 12 4 0.00662586
36 7 12 12 12 0.00347876
36 12 7 12 12 0.00386714
36 12 12 7 12 0.00480808
36 12 12 12 7 0.0060482
36 4 7 9 8 0.00184434
36 7 9 8 4 0.00160003
36 8 4 7 9 2.53939e-05
36 9 8 4 7 0.00566504
36 6 7 13 13 0.00162274
36 7 13 13 6 0.00756923
36 13 6 7 13 2.33418e-45
36 13 13 6 7 0.0116607
36 6 6 12 11 3.4362e-46
36 6 12 11 6 0.00190771
36 11 6 6 12 2.09489e-45
36 12 11 6 6 0.00990527
36 4 4 10 11 0.0025045
36 4 10 11 4 0.00219785
36 10 11 4 4 0.000763605
36 11 4 4 10 0.00249394
36 7 12 8 9 3.40024e-05
36 8 9 7 12 2.86015e-07
36 9 7 12 8 9.45783e-05
36 12 8 9 7 8.32601e-05
36 10 12 13 12 0.00521232
36 12 10 12 13 0.0161251
36 12 13 12 10 0.00486987
36 13 12 10 12 0.00841773
36 5 5 8 9 6.14528e-46
36 5 8 9 5 0.00654149
36 8 9 5 5 5.41009e-05
36 9 5 5 8 2.94293e-45
36 4 7 12 8 0.00138869
36 7 12 8 4 0.00130344
36 8 4 7 12 2.03091e-05
36 12 8 4 7 0.00297161
36 8 10 8 12 3.38933e-05
36 8 12 8 10 1.55082e-05
36 10 8 12 8 0.00377424
36 12 8 10 8 0.00702993
36 5 12 6 7 0.00533698
36 6 7 5 12 0.000813486
36 7 5 12 6 1.00597e-45
36 12 6 7 5 1.78485e-45
36 6 7 7 10 0.000484749
36 7 7 10 6 0.00355816
36 7 10 6 7 0.00962477
36 10 6 7 7 7.0137e-46
36 4 7 12 11 0.00147145
36 7 12 11 4 0.00213733
36 11 4 7 12 0.00432605
36 12 11 4 7 0.00237666
36 7 13 9 12 0.00491961
36 9 12 7 13 0.0147872
36 12 7 13 9 0.00794844
36 13 9 12 7 0.0105817
36 4 11 10 7 0.00165663
36 7 4 11 10 0.0035527
36 10 7 4 11 0.00157913
36 11 10 7 4 0.00475228
36 6 7 9 8 0.000980386
36 7 9 8 6 0.00390199
36 8 6 7 9 5.78409e-48
36 9 8 6 7 0.0142765
36 11 13 12 12 0.004802
36 12 11 13 12 0.00595348
36 12 12 11 13 0.00903435
36 13 12 12 11 0.00846438
36 8 11 8 13 1.98527e-05
36 8 13 8 11 2.14867e-05
36 11 8 13 8 0.00884175
36 13 8 11 8 0.00951968
36 4 8 6 13 0.00510881
36 6 13 4 8 0.000880318
36 8 6 13 4 6.92638e-48
36 13 4 8 6 0.0103721
36 7 9 7 10 3.64502e-05
36 7 10 7 9 8.11443e-05
36 9 7 10 7 0.000102224
36 10 7 9 7 3.82345e-05
36 7 10 8 10 0.00434082
36 8 10 7 10 3.71925e-05
36 10 7 10 8 0.00324425
36 10 8 10 7 0.00409954
36 5 9 11 8 0.00530487
36 8 5 9 11 7.70011e-48
36 9 11 8 5 0.00821792
36 11 8 5 9 0.00672888
36 4 13 13 12 0.00357027
36 12 4 13 13 0.016844
36 13 12 4 13 0.00794222
36 13 13 12 4 0.00530079
36 4 10 6 10 0.00465247
36 6 10 4 10 0.00098134
36 10 4 10 6 0.00580764
36 10 6 10 4 5.42432e-46
36 6 11 8 9 0.00059706
36 8 9 6 11 4.7837e-05
36 9 6 11 8 3.08228e-45
36 11 8 9 6 0.00822581
36 6 10 12 12 0.00214511
36 10 12 12 6 0.00534601
36 12 6 10 12 1.69127e-45
36 12 12 6 10 0.00788002
36 4 5 11 9 5.00079e-46
36 5 11 9 4 0.00175645
36 9 4 5 11 0.014389
36 11 9 4 5 0.0050602
36 8 12 11 11 2.77687e-05
36 11 8 12 11 0.00478305
36 11 11 8 12 0.00219986
36 12 11 11 8 0.00448312
36 4 10 4 12 0.0021135
36 4 12 4 10 0.00096705
36 10 4 12 4 0.00211118
36 12 4 10 4 0.0039323
36 6 6 13 8 4.57665e-46
36 6 13 8 6 0.00106356
36 8 6 6 13 1.36214e-47
36 13 8 6 6 0.0151546
36 8 13 11 9 2.87129e-05
36 9 8 13 11 0.0153296
36 11 9 8 13 0.00554787
36 13 11 9 8 0.00698924
36 5 6 6 11 1.82569e-45
36 6 6 11 5 5.42775e-46
36 6 11 5 6 0.00156269
36 11 5 6 6 2.73363e-45
36 8 10 11 12 4.37061e-05
36 10 11 12 8 0.00237385
36 11 12 8 10 0.00259783
36 12 8 10 11 0.00585789
36 8 9 13 12 4.75139e-05
36 9 13 12 8 0.0126539
36 12 8 9 13 0.0107911
36 13 12 8 9 0.0067691
36 5 13 6 13 0.00950166
36 6 13 5 13 0.00226511
36 13 5 13 6 4.24683e-45
36 13 6 13 5 5.45174e-45
36 5 12 13 9 0.00599554
36 9 5 12 13 3.0045e-45
36 12 13 9 5 0.0104418
36 13 9 5 12 0.00976759
36 5 5 9 12 9.80869e-46
36 5 9 12 5 0.00685201
36 9 12 5 5 0.0203665
36 12 5 5 9 1.7674e-45
36 5 12 12 12 0.00364316
36 12 5 12 12 1.22011e-45
36 12 12 5 12 0.00697267
36 12 12 12 5 0.00922165
36 6 7 12 10 0.000571107
36 7 12 10 6 0.00521202
36 10 6 7 12 6.5689e-46
36 12 10 6 7 0.0156725
36 8 12 12 9 3.72942e-07
36 9 8 12 12 0.00012162
36 12 9 8 12 5.90609e-05
36 12 12 9 8 0.000104869
36 5 12 8 10 0.00204836
36 8 10 5 12 5.31149e-05
36 10 5 12 8 7.80555e-46
36 12 8 10 5 0.00887807
36 5 12 11 13 0.0064138
36 11 13 5 12 0.00652473
36 12 11 13 5 0.0106984
36 13 5 12 11 2.0125e-45
36 4 10 10 12 0.0040423
36 10 10 12 4 0.00371625
36 10 12 4 10 0.00168159
36 12 4 10 10 0.00575954
36 4 13 5 10 0.00205867
36 5 10 4 13 0.00603141
36 10 4 13 5 0.00907453
36 13 5 10 4 1.06626e-45
36 7 9 12 10 0.00361471
36 9 12 10 7 0.0126039
36 10 7 9 12 0.00301421
36 12 10 7 9 0.0111219
36 7 11 11 11 0.00236116
36 11 7 11 11 0.00326833
36 11 11 7 11 0.00262804
36 11 11 11 7 0.0031173
36 7 12 10 12 0.00391704
36 10 12 7 12 0.00290659
36 12 7 12 10 0.00337186
36 12 10 12 7 0.0115255
36 4 7 8 11 1.49044e-05
36 7 8 11 4 2.87057e-05
36 8 11 4 7 1.49235e-07
36 11 4 7 8 7.19124e-05
36 4 4 4 13 0.00195884
36 4 4 13 4 0.00201827
36 4 13 4 4 0.00071097
36 13 4 4 4 0.00296339
36 5 7 11 10 0.00206887
36 7 11 10 5 0.00393438
36 10 5 7 11 6.33396e-46
36 11 10 5 7 0.0108994
36 4 4 8 10 0.00133369
36 4 8 10 4 0.0012558
36 8 10 4 4 1.68266e-05
36 10 4 4 8 0.00256979
36 6 6 10 8 3.47742e-46
36 6 10 8 6 0.00211131
36 8 6 6 10 8.16632e-48
36 10 8 6 6 0.00713001
36 5 9 6 12 0.0060793
36 6 12 5 9 0.00147621
36 9 6 12 5 3.97184e-45
36 12 5 9 6 2.1555e-45
36 4 9 11 7 0.00251838
36 7 4 9 11 0.00517537
36 9 11 7 4 0.00344323
36 11 7 4 9 0.00223674
36 7 7 9 13 0.00470929
36 7 9 13 7 0.00693648
36 9 13 7 7 0.00964453
36 13 7 7 9 0.00541374
37 5 11 9 12 1.98491e-47
37 9 12 5 11 1.62236e-47
37 11 9 12 5 1.37859e-47
37 12 5 11 9 1.09429e-47
37 4 10 12 9 0.0308088
37 9 4 10 12 4.50004e-48
37 10 12 9 4 4.85196e-48
37 12 9 4 10 8.62934e-49
37 7 11 12 12 6.43453e-48
37 11 12 12 7 5.14883e-48
37 12 7 11 12 3.78075e-48
37 12 12 7 11 3.63422e-48
37 5 9 7 6 4.3578e-48
37 6 5 9 7 1.09331e-47
37 7 6 5 9 5.74367e-48
37 9 7 6 5 1.34132e-47
37 5 11 8 13 7.6198e-48
37 8 13 5 11 7.95334e-48
37 11 8 13 5 1.113e-47
37 13 5 11 8 1.81771e-47
37 4 13 12 10 0.0301929
37 10 4 13 12 6.08771e-48
37 12 10 4 13 2.36218e-48
37 13 12 10 4 5.10276e-48
37 4 12 10 12 0.0671663
37 10 12 4 12 4.89133e-48
37 12 4 12 10 2.08326e-48
37 12 10 12 4 2.91788e-48
37 7 12 12 12 8.16642e-48
37 12 7 12 12 5.38038e-48
37 12 12 7 12 5.02121e-48
37 12 12 12 7 4.7968e-48
37 4 7 9 8 0.0893543
37 7 9 8 4 2.15636e-48
37 8 4 7 9 3.02037e-48
37 9 8 4 7 2.52698e-48
37 6 7 13 13 9.14115e-48
37 7 13 13 6 9.24352e-48
37 13 6 7 13 7.14432e-48
37 13 13 6 7 7.79294e-48
37 6 6 12 11 9.72314e-48
37 6 12 11 6 1.0008e-47
37 11 6 6 12 1.18388e-47
37 12 11 6 6 9.21324e-48
37 4 4 10 11 0.0339934
37 4 10 11 4 0.0251384
37 10 11 4 4 2.61045e-48
37 11 4 4 10 1.38676e-48
37 7 12 8 9 5.17053e-50
37 8 9 7 12 4.49756e-50
37 9 7 12 8 1.22586e-49
37 12 8 9 7 4.09681e-50
37 10 12 13 12 9.47479e-48
37 12 10 12 13 4.14543e-48
37 12 13 12 10 2.68012e-48
37 13 12 10 12 8.19896e-48
37 5 5 8 9 7.81829e-48
37 5 8 9 5 1.08628e-47
37 8 9 5 5 7.83728e-48
37 9 5 5 8 1.93546e-47
37 4 7 12 8 0.0758151
37 7 12 8 4 3.55773e-48
37 8 4 7 12 3.99009e-48
37 12 8 4 7 1.65767e-48
37 8 10 8 12 4.48191e-48
37 8 12 8 10 3.09957e-48
37 10 8 12 8 7.19017e-48
37 12 8 10 8 4.9941e-48
37 5 12 6 7 8.81241e-48
37 6 7 5 12 8.28244e-48
37 7 5 12 6 1.25342e-47
37 12 6 7 5 7.48744e-48
37 6 7 7 10 2.86527e-48
37 7 7 10 6 6.10665e-48
37 7 10 6 7 4.93213e-48
37 10 6 7 7 4.54592e-48
37 4 7 12 11 0.0516434
37 7 12 11 4 4.20429e-48
37 11 4 7 12 4.07662e-48
37 12 11 4 7 2.5353e-48
37 7 13 9 12 9.20823e-48
37 9 12 7 13 7.83338e-48
37 12 7 13 9 5.20314e-48
37 13 9 12 7 4.62749e-48
37 4 11 10 7 0.0464056
37 7 4 11 10 2.18536e-48
37 10 7 4 11 3.48197e-48
37 11 10 7 4 2.87486e-48
37 6 7 9 8 1.15811e-47
37 7 9 8 6 3.60519e-48
37 8 6 7 9 4.61372e-48
37 9 8 6 7 5.316e-48
37 11 13 12 12 7.01769e-48
37 12 11 13 12 6.87879e-48
37 12 12 11 13 4.91423e-48
37 13 12 12 11 7.87228e-48
37 8 11 8 13 6.10929e-48
37 8 13 8 11 5.24631e-48
37 11 8 13 8 9.10359e-48
37 13 8 11 8 7.42491e-48
37 4 8 6 13 0.0712685
37 6 13 4 8 8.46609e-48
37 8 6 13 4 8.20665e-48
37 13 4 8 6 6.33371e-48
37 7 9 7 10 2.18563e-50
37 7 10 7 9 3.947e-50
37 9 7 10 7 6.36205e-50
37 10 7 9 7 7.08168e-50
37 7 10 8 10 2.18881e-48
37 8 10 7 10 2.37782e-48
37 10 7 10 8 8.67548e-48
37 10 8 10 7 3.75009e-48
37 5 9 11 8 6.48686e-48
37 8 5 9 11 1.23644e-47
37 9 11 8 5 1.01495e-47
37 11 8 5 9 4.12775e-48
37 4 13 13 12 0.0933758
37 12 4 13 13 5.6967e-48
37 13 12 4 13 6.29438e-48
37 13 13 12 4 6.42692e-48
37 4 10 6 10 0.0293775
37 6 10 4 10 1.80994e-48
37 10 4 10 6 4.89646e-48
37 10 6 10 4 4.47369e-48
37 6 11 8 9 4.72201e-48
37 8 9 6 11 5.03796e-48
37 9 6 11 8 1.01865e-47
37 11 8 9 6 6.18388e-48
37 6 10 12 12 7.13926e-48
37 10 12 12 6 9.31509e-48
37 12 6 10 12 6.10277e-48
37 12 12 6 10 4.05356e-48
37 4 5 11 9 0.0622953
37 5 11 9 4 6.24254e-48
37 9 4 5 11 5.26753e-48
37 11 9 4 5 3.96965e-48
37 8 12 11 11 5.43835e-48
37 11 8 12 11 4.07356e-48
37 11 11 8 12 5.11855e-48
37 12 11 11 8 5.98761e-48
37 4 10 4 12 0.0290235
37 4 12 4 10 0.0200719
37 10 4 12 4 3.31018e-48
37 12 4 10 4 2.29916e-48
37 6 6 13 8 1.5656e-47
37 6 13 8 6 6.95616e-48
37 8 6 6 13 1.01809e-47
37 13 8 6 6 8.23161e-48
37 8 13 11 9 4.08405e-48
37 9 8 13 11 5.54699e-48
37 11 9 8 13 3.02421e-48
37 13 11 9 8 1.19966e-47
37 5 6 6 11 1.30966e-47
37 6 6 11 5 1.53535e-47
37 6 11 5 6 1.26655e-47
37 11 5 6 6 1.98191e-47
37 8 10 11 12 4.16516e-48
37 10 11 12 8 8.64807e-48
37 11 12 8 10 2.49039e-48
37 12 8 10 11 2.67525e-48
37 8 9 13 12 6.18299e-48
37 9 13 12 8 1.17779e-47
37 12 8 9 13 4.72266e-48
37 13 12 8 9 5.44507e-48
37 5 13 6 13 1.25379e-47
37 6 13 5 13 1.05058e-47
37 13 5 13 6 2.17542e-47
37 13 6 13 5 2.11352e-47
37 5 12 13 9 7.77645e-48
37 9 5 12 13 1.20743e-47
37 12 13 9 5 8.98889e-48
37 13 9 5 12 5.33667e-48
37 5 5 9 12 1.70957e-47
37 5 9 12 5 9.05555e-48
37 9 12 5 5 1.56681e-47
37 12 5 5 9 7.55357e-48
37 5 12 12 12 1.00431e-47
37 12 5 12 12 9.66636e-48
37 12 12 5 12 6.90903e-48
37 12 12 12 5 9.95641e-48
37 6 7 12 10 3.59444e-48
37 7 12 10 6 7.14931e-48
37 10 6 7 12 5.96959e-48
37 12 10 6 7 3.80432e-48
37 8 12 12 9 7.65633e-50
37 9 8 12 12 7.56066e-50
37 12 9 8 12 3.46973e-50
37 12 12 9 8 1.20561e-49
37 5 12 8 10 3.3281e-48
37 8 10 5 12 5.84926e-48
37 10 5 12 8 1.51535e-47
37 12 8 10 5 5.25632e-48
37 5 12 11 13 8.64893e-48
37 11 13 5 12 8.49667e-48
37 12 11 13 5 1.2002e-47
37 13 5 12 11 1.33353e-47
37 4 10 10 12 0.0432776
37 10 10 12 4 3.44225e-48
37 10 12 4 10 2.1796e-48
37 12 4 10 10 1.70701e-48
37 4 13 5 10 0.0340043
37 5 10 4 13 3.86719e-48
37 10 4 13 5 9.8803e-48
37 13 5 10 4 8.04047e-48
37 7 9 12 10 2.30789e-48
37 9 12 10 7 6.26949e-48
37 10 7 9 12 7.82767e-48
37 12 10 7 9 2.56261e-48
37 7 11 11 11 4.27978e-48
37 11 7 11 11 3.84126e-48
37 11 11 7 11 4.01967e-48
37 11 11 11 7 3.72817e-48
37 7 12 10 12 7.21232e-48
37 10 12 7 12 6.38459e-48
37 12 7 12 10 2.58412e-48
37 12 10 12 7 3.3313e-48
37 4 7 8 11 0.000559708
37 7 8 11 4 3.94775e-50
37 8 11 4 7 4.8548e-50
37 11 4 7 8 7.8949e-50
37 4 4 4 13 0.0288848
37 4 4 13 4 0.039383
37 4 13 4 4 0.0261564
37 13 4 4 4 2.48184e-48
37 5 7 11 10 3.03099e-48
37 7 11 10 5 9.40374e-48
37 10 5 7 11 7.42397e-48
37 11 10 5 7 4.10606e-48
37 4 4 8 10 0.0181622
37 4 8 10 4 0.0280273
37 8 10 4 4 2.27342e-48
37 10 4 4 8 4.34596e-48
37 6 6 10 8 1.20054e-47
37 6 10 8 6 5.60113e-48
37 8 6 6 10 5.3e-48
37 10 8 6 6 7.29445e-48
37 5 9 6 12 6.94935e-48
37 6 12 5 9 7.27237e-48
37 9 6 12 5 1.41867e-47
37 12 5 9 6 1.12895e-47
37 4 9 11 7 0.0256139
37 7 4 9 11 4.98127e-48
37 9 11 7 4 4.17739e-48
37 11 7 4 9 2.77238e-48
37 7 7 9 13 7.78649e-48
37 7 9 13 7 4.45662e-48
37 9 13 7 7 5.16115e-48
37 13 7 7 9 4.78238e-48
38 5 11 9 12 0.0129289
38 9 12 5 11 0.00771445
38 11 9 12 5 0.00824025
38 12 5 11 9 0.00182485
38 4 10 12 9 0.000620329
38 9 4 10 12 0.00786419
38 10 12 9 4 0.00312873
38 12 9 4 10 0.00367892
38 7 11 12 12 0.00482062
38 11 12 12 7 0.0155466
38 12 7 11 12 0.000806175
38 12 12 7 11 0.00114325
38 5 9 7 6 1.45463e-45
38 6 5 9 7 0.00536951
38 7 6 5 9 0.00170306
38 9 7 6 5 0.00280759
38 5 11 8 13 0.0269333
38 8 13 5 11 0.000157323
38 11 8 13 5 0.00352002
38 13 5 11 8 0.000475641
38 4 13 12 10 0.000875089
38 10 4 13 12 0.0033233
38 12 10 4 13 0.00621078
38 13 12 10 4 0.000731478
38 4 12 10 12 0.000631107
38 10 12 4 12 0.000956189
38 12 4 12 10 0.0178657
38 12 10 12 4 0.00592776
38 7 12 12 12 0.00198979
38 12 7 12 12 0.001321
38 12 12 7 12 0.00146977
38 12 12 12 7 0.00846832
38 4 7 9 8 0.00115387
38 7 9 8 4 0.00306405
38 8 4 7 9 0.000721154
38 9 8 4 7 0.00783194
38 6 7 13 13 0.00751744
38 7 13 13 6 5.14286e-46
38 13 6 7 13 0.000895053
38 13 13 6 7 0.000431587
38 6 6 12 11 0.00166895
38 6 12 11 6 1.22008e-45
38 11 6 6 12 0.00320687
38 12 11 6 6 3.94321e-45
38 4 4 10 11 0.00122591
38 4 10 11 4 0.00129739
38 10 11 4 4 0.00688686
38 11 4 4 10 0.0212031
38 7 12 8 9 1.46165e-05
38 8 9 7 12 3.44358e-06
38 9 7 12 8 0.000105232
38 12 8 9 7 6.26412e-05
38 10 12 13 12 0.00144831
38 12 10 12 13 0.0104559
38 12 13 12 10 0.00265557
38 13 12 10 12 0.000267778
38 5 5 8 9 0.00115503
38 5 8 9 5 0.001904
38 8 9 5 5 0.000445608
38 9 5 5 8 0.00925532
38 4 7 12 8 0.00124968
38 7 12 8 4 0.00296825
38 8 4 7 12 0.000640606
38 12 8 4 7 0.00337254
38 8 10 8 12 0.000248557
38 8 12 8 10 0.000891817
38 10 8 12 8 0.00342132
38 12 8 10 8 0.00407046
38 5 12 6 7 0.011473
38 6 7 5 12 0.00162434
38 7 5 12 6 9.764e-46
38 12 6 7 5 0.00126708
38 6 7 7 10 0.00496
38 7 7 10 6 1.05978e-45
38 7 10 6 7 0.00976744
38 10 6 7 7 0.0045268
38 4 7 12 11 0.000398602
38 7 12 11 4 0.00390491
38 11 4 7 12 0.00728858
38 12 11 4 7 0.0143459
38 7 13 9 12 0.000725268
38 9 12 7 13 0.0190347
38 12 7 13 9 0.00154857
38 13 9 12 7 0.00141464
38 4 11 10 7 0.00863251
38 7 4 11 10 0.0144643
38 10 7 4 11 0.00065506
38 11 10 7 4 0.010664
38 6 7 9 8 0.0038553
38 7 9 8 6 7.92405e-46
38 8 6 7 9 0.00023828
38 9 8 6 7 0.0118188
38 11 13 12 12 0.00135789
38 12 11 13 12 0.00472696
38 12 12 11 13 0.00637686
38 13 12 12 11 0.000235854
38 8 11 8 13 0.00336286
38 8 13 8 11 7.64284e-05
38 11 8 13 8 0.00882942
38 13 8 11 8 0.000456126
38 4 8 6 13 0.00257493
38 6 13 4 8 0.00172798
38 8 6 13 4 0.000955084
38 13 4 8 6 3.33986e-46
38 7 9 7 10 8.48031e-05
38 7 10 7 9 2.57754e-05
38 9 7 10 7 0.000179501
38 10 7 9 7 5.99876e-05
38 7 10 8 10 0.0061514
38 8 10 7 10 0.00158046
38 10 7 10 8 0.00391733
38 10 8 10 7 0.00586486
38 5 9 11 8 0.0059548
38 8 5 9 11 0.000206434
38 9 11 8 5 0.00761055
38 11 8 5 9 0.00337116
38 4 13 13 12 0.000251877
38 12 4 13 13 0.0247772
38 13 12 4 13 0.000996766
38 13 13 12 4 0.000324475
38 4 10 6 10 0.00260484
38 6 10 4 10 0.00576737
38 10 4 10 6 2.60836e-45
38 10 6 10 4 0.00333255
38 6 11 8 9 0.00348276
38 8 9 6 11 0.000290363
38 9 6 11 8 0.00655143
38 11 8 9 6 1.7052e-45
38 6 10 12 12 0.00249179
38 10 12 12 6 1.186e-45
38 12 6 10 12 0.00151434
38 12 12 6 10 0.00727871
38 4 5 11 9 0.000303875
38 5 11 9 4 0.0178469
38 9 4 5 11 0.00894512
38 11 9 4 5 0.00247343
38 8 12 11 11 0.000213751
38 11 8 12 11 0.00226964
38 11 11 8 12 0.00575773
38 12 11 11 8 0.0100618
38 4 10 4 12 0.000409619
38 4 12 4 10 0.00146971
38 10 4 12 4 0.00973031
38 12 4 10 4 0.0115765
38 6 6 13 8 0.00467794
38 6 13 8 6 3.14319e-46
38 8 6 6 13 0.0013495
38 13 8 6 6 1.28793e-46
38 8 13 11 9 9.16533e-05
38 9 8 13 11 0.00224382
38 11 9 8 13 0.0102683
38 13 11 9 8 0.00184895
38 5 6 6 11 0.00219845
38 6 6 11 5 0.00159388
38 6 11 5 6 5.79062e-45
38 11 5 6 6 2.2219e-45
38 8 10 11 12 0.000257149
38 10 11 12 8 0.0114449
38 11 12 8 10 0.00797951
38 12 8 10 11 0.00102102
38 8 9 13 12 0.000361451
38 9 13 12 8 0.0046588
38 12 8 9 13 0.00611144
38 13 12 8 9 0.000176111
38 5 13 6 13 0.00570033
38 6 13 5 13 0.00517363
38 13 5 13 6 1.58041e-46
38 13 6 13 5 0.000277655
38 5 12 13 9 0.00254903
38 9 5 12 13 0.0129418
38 12 13 9 5 0.000596256
38 13 9 5 12 0.0002684
38 5 5 9 12 0.00170542
38 5 9 12 5 0.00312116
38 9 12 5 5 0.00518827
38 12 5 5 9 0.00153639
38 5 12 12 12 0.00271572
38 12 5 12 12 0.00124806
38 12 12 5 12 0.00200666
38 12 12 12 5 0.00204307
38 6 7 12 10 0.00582838
38 7 12 10 6 1.38558e-45
38 10 6 7 12 0.000923229
38 12 10 6 7 0.0084779
38 8 12 12 9 4.79476e-06
38 9 8 12 12 3.49125e-05
38 12 9 8 12 1.26403e-05
38 12 12 9 8 5.94367e-05
38 5 12 8 10 0.00614893
38 8 10 5 12 0.00044046
38 10 5 12 8 0.00307136
38 12 8 10 5 0.00139701
38 5 12 11 13 0.0110685
38 11 13 5 12 0.00174154
38 12 11 13 5 0.00617251
38 13 5 12 11 0.000188138
38 4 10 10 12 0.000686464
38 10 10 12 4 0.00478298
38 10 12 4 10 0.00373171
38 12 4 10 10 0.0171506
38 4 13 5 10 0.00104399
38 5 10 4 13 0.0100277
38 10 4 13 5 0.00403669
38 13 5 10 4 0.000542763
38 7 9 12 10 0.00838786
38 9 12 10 7 0.0197539
38 10 7 9 12 0.0010298
38 12 10 7 9 0.00188315
38 7 11 11 11 0.00299269
38 11 7 11 11 0.00150556
38 11 11 7 11 0.00664986
38 11 11 11 7 0.0300604
38 7 12 10 12 0.00205881
38 10 12 7 12 0.00127823
38 12 7 12 10 0.00555668
38 12 10 12 7 0.00992801
38 4 7 8 11 3.37023e-06
38 7 8 11 4 4.05357e-05
38 8 11 4 7 4.21906e-05
38 11 4 7 8 0.000323965
38 4 4 4 13 0.00469966
38 4 4 13 4 0.00403566
38 4 13 4 4 0.000396035
38 13 4 4 4 0.00113049
38 5 7 11 10 0.00558245
38 7 11 10 5 0.0061772
38 10 5 7 11 0.000752203
38 11 10 5 7 0.0221702
38 4 4 8 10 0.00355437
38 4 8 10 4 0.00127786
38 8 10 4 4 0.00073942
38 10 4 4 8 0.00696359
38 6 6 10 8 0.00515582
38 6 10 8 6 1.03545e-45
38 8 6 6 10 0.00112909
38 10 8 6 6 7.67758e-46
38 5 9 6 12 0.00239314
38 6 12 5 9 0.00236868
38 9 6 12 5 0.00342579
38 12 5 9 6 7.75302e-46
38 4 9 11 7 0.00195648
38 7 4 9 11 0.00364945
38 9 11 7 4 0.0251387
38 11 7 4 9 0.00180477
38 7 7 9 13 0.00725288
38 7 9 13 7 0.00970624
38 9 13 7 7 0.00611434
38 13 7 7 9 0.00018954
39 3 0 1 10 0.0458826
39 3 0 2 11 0.062407
39 2 0 2 12 0.0300247
39 1 0 2 11 0.065301
39 3 0 2 4 0.0279729
39 3 0 3 4 0.0269131
39 2 0 1 11 0.0628372
39 1 0 3 10 0.0417394
39 3 0 3 5 0.019197
39 2 0 1 4 0.0289076
39 2 0 3 12 0.0291786
39 1 0 2 12 0.0366145
39 1 0 3 4 0.0282675
39 2 0 1 7 0.0321922
39 2 0 2 11 0.0273771
39 1 0 3 8 0.0366443
39 3 0 3 13 0.0340994
39 3 0 1 6 0.0238227
39 2 0 1 5 0.0213788
39 1 0 3 12 0.0359431
39 2 0 2 7 0.0287257
39 1 0 2 9 0.0323265
39 2 0 1 12 0.0357243
39 3 0 3 9 0.0298011
39 1 0 3 6 0.0227681
39 1 0 2 4 0.0290921
39 3 0 3 8 0.0348498
39 2 0 2 10 0.0359948
39 1 0 1 4 0.034017
40 1 10 3 0 0.0306103
40 2 11 3 0 0.0740939
40 2 12 2 0 0.0321648
40 2 11 1 0 0.0683972
40 2 4 3 0 0.0317435
40 3 4 3 0 0.0260462
40 1 11 2 0 0.0842607
40 3 10 1 0 0.0218158
40 3 5 3 0 0.0273474
40 1 4 2 0 0.03705
40 3 12 2 0 0.0266582
40 2 12 1 0 0.0294235
40 3 4 1 0 0.0241344
40 1 7 2 0 0.0373877
40 2 11 2 0 0.0382269
40 3 8 1 0 0.022832
40 3 13 3 0 0.0268838
40 1 6 3 0 0.0302466
40 1 5 2 0 0.040333
40 3 12 1 0 0.0246331
40 2 7 2 0 0.0347394
40 2 9 1 0 0.0294635
40 1 12 2 0 0.036753
40 3 9 3 0 0.0262574
40 3 6 1 0 0.0226473
40 2 4 1 0 0.0291247
40 3 8 3 0 0.0246132
40 2 10 2 0 0.0294079
40 1 4 1 0 0.0327046
41 5 11 9 12 0.0105236
41 9 12 5 11 0.0224518
41 11 9 12 5 0.00492165
41 12 5 11 9 0.00551912
41 4 10 12 9 0.001683
41 9 4 10 12 0.00366736
41 10 12 9 4 0.00287388
41 12 9 4 10 0.00348015
41 7 11 12 12 0.00394759
41 11 12 12 7 0.00237681
41 12 7 11 12 0.0013267
41 12 12 7 11 0.00586469
41 5 9 7 6 0.00231807
41 6 5 9 7 0.0035109
41 7 6 5 9 0.00314567
41 9 7 6 5 0.00191209
41 5 11 8 13 0.0020402
41 8 13 5 11 0.0171383
41 11 8 13 5 0.00531322
41 13 5 11 8 0.00191632
41 4 13 12 10 0.00467831
41 10 4 13 12 0.00182682
41 12 10 4 13 0.000816456
41 13 12 10 4 0.00699218
41 4 12 10 12 0.00371152
41 10 12 4 12 0.00173955
41 12 4 12 10 0.0023676
41 12 10 12 4 0.00568421
41 7 12 12 12 0.00368313
41 12 7 12 12 0.00204527
41 12 12 7 12 0.0023183
41 12 12 12 7 0.00271444
41 4 7 9 8 0.00104101
41 7 9 8 4 0.00864128
41 8 4 7 9 0.00179152
41 9 8 4 7 0.00520098
41 6 7 13 13 0.00121651
41 7 13 13 6 0.00696624
41 13 6 7 13 0.0009119
41 13 13 6 7 0.00298986
41 6 6 12 11 0.0159351
41 6 12 11 6 0.0019316
41 11 6 6 12 0.00455332
41 12 11 6 6 0.00263478
41 4 4 10 11 0.00655569
41 4 10 11 4 0.00359086
41 10 11 4 4 0.00431784
41 11 4 4 10 0.00232524
41 7 12 8 9 3.73365e-05
41 8 9 7 12 4.33646e-05
41 9 7 12 8 2.39436e-05
41 12 8 9 7 3.50084e-05
41 10 12 13 12 0.00284748
41 12 10 12 13 0.000792219
41 12 13 12 10 0.00522802
41 13 12 10 12 0.00328591
41 5 5 8 9 0.00522334
41 5 8 9 5 0.00337794
41 8 9 5 5 0.00257098
41 9 5 5 8 0.00316549
41 4 7 12 8 0.00100258
41 7 12 8 4 0.00727725
41 8 4 7 12 0.00196078
41 12 8 4 7 0.002908
41 8 10 8 12 0.00361067
41 8 12 8 10 0.00498826
41 10 8 12 8 0.00106133
41 12 8 10 8 0.00260796
41 5 12 6 7 0.00315669
41 6 7 5 12 0.00151197
41 7 5 12 6 0.00340147
41 12 6 7 5 0.00230214
41 6 7 7 10 0.00169714
41 7 7 10 6 0.00201734
41 7 10 6 7 0.00213829
41 10 6 7 7 0.00145075
41 4 7 12 11 0.0054504
41 7 12 11 4 0.00598472
41 11 4 7 12 0.00153309
41 12 11 4 7 0.00352966
41 7 13 9 12 0.00627053
41 9 12 7 13 0.00142325
41 12 7 13 9 0.00364875
41 13 9 12 7 0.00295552
41 4 11 10 7 0.00411306
41 7 4 11 10 0.00215458
41 10 7 4 11 0.00342833
41 11 10 7 4 0.00439514
41 6 7 9 8 0.00115998
41 7 9 8 6 0.00269561
41 8 6 7 9 0.00392109
41 9 8 6 7 0.00415413
41 11 13 12 12 0.00470852
41 12 11 13 12 0.00686329
41 12 12 11 13 0.000730228
41 13 12 12 11 0.0076074
41 8 11 8 13 0.00189148
41 8 13 8 11 0.0213252
41 11 8 13 8 0.00408888
41 13 8 11 8 0.00142251
41 4 8 6 13 0.00107257
41 6 13 4 8 0.00376659
41 8 6 13 4 0.0313867
41 13 4 8 6 0.00147963
41 7 9 7 10 4.40626e-05
41 7 10 7 9 2.4541e-05
41 9 7 10 7 4.84978e-05
41 10 7 9 7 1.14582e-05
41 7 10 8 10 0.00368696
41 8 10 7 10 0.00329498
41 10 7 10 8 0.000857808
41 10 8 10 7 0.00216038
41 5 9 11 8 0.00227296
41 8 5 9 11 0.0183706
41 9 11 8 5 0.00479974
41 11 8 5 9 0.002351
41 4 13 13 12 0.00932383
41 12 4 13 13 0.00139942
41 13 12 4 13 0.00105571
41 13 13 12 4 0.0104122
41 4 10 6 10 0.00216528
41 6 10 4 10 0.00302076
41 10 4 10 6 0.000889029
41 10 6 10 4 0.00623766
41 6 11 8 9 0.00337056
41 8 9 6 11 0.0121184
41 9 6 11 8 0.0033174
41 11 8 9 6 0.00233219
41 6 10 12 12 0.00277787
41 10 12 12 6 0.00116852
41 12 6 10 12 0.00607394
41 12 12 6 10 0.00316815
41 4 5 11 9 0.00249572
41 5 11 9 4 0.011316
41 9 4 5 11 0.00727883
41 11 9 4 5 0.00256314
41 8 12 11 11 0.00897623
41 11 8 12 11 0.00955413
41 11 11 8 12 0.00361574
41 12 11 11 8 0.00158025
41 4 10 4 12 0.00237568
41 4 12 4 10 0.00328208
41 10 4 12 4 0.00222218
41 12 4 10 4 0.00546046
41 6 6 13 8 0.00491365
41 6 13 8 6 0.00330636
41 8 6 6 13 0.0017162
41 13 8 6 6 0.00170887
41 8 13 11 9 0.00398959
41 9 8 13 11 0.0285977
41 11 9 8 13 0.001032
41 13 11 9 8 0.0017408
41 5 6 6 11 0.0198952
41 6 6 11 5 0.00309337
41 6 11 5 6 0.00253305
41 11 5 6 6 0.00320588
41 8 10 11 12 0.00233514
41 10 11 12 8 0.00101307
41 11 12 8 10 0.00306717
41 12 8 10 11 0.0111496
41 8 9 13 12 0.00947075
41 9 13 12 8 0.00497748
41 12 8 9 13 0.00114798
41 13 12 8 9 0.00241035
41 5 13 6 13 0.00218953
41 6 13 5 13 0.00139184
41 13 5 13 6 0.00553118
41 13 6 13 5 0.00594745
41 5 12 13 9 0.00634658
41 9 5 12 13 0.00215082
41 12 13 9 5 0.00303184
41 13 9 5 12 0.0020327
41 5 5 9 12 0.00628468
41 5 9 12 5 0.00365332
41 9 12 5 5 0.00288763
41 12 5 5 9 0.00290212
41 5 12 12 12 0.00444312
41 12 5 12 12 0.00437554
41 12 12 5 12 0.00233164
41 12 12 12 5 0.00222413
41 6 7 12 10 0.00221303
41 7 12 10 6 0.00298171
41 10 6 7 12 0.00161567
41 12 10 6 7 0.00175504
41 8 12 12 9 4.72754e-05
41 9 8 12 12 7.29685e-05
41 12 9 8 12 4.32735e-05
41 12 12 9 8 2.23238e-05
41 5 12 8 10 0.00463194
41 8 10 5 12 0.00249808
41 10 5 12 8 0.00123085
41 12 8 10 5 0.0029174
41 5 12 11 13 0.00118473
41 11 13 5 12 0.00400883
41 12 11 13 5 0.00557398
41 13 5 12 11 0.0121546
41 4 10 10 12 0.00283917
41 10 10 12 4 0.00274756
41 10 12 4 10 0.00183839
41 12 4 10 10 0.00281213
41 4 13 5 10 0.00370508
41 5 10 4 13 0.00123216
41 10 4 13 5 0.00138008
41 13 5 10 4 0.0103918
41 7 9 12 10 0.00483629
41 9 12 10 7 0.00603369
41 10 7 9 12 0.00107411
41 12 10 7 9 0.00169546
41 7 11 11 11 0.00847157
41 11 7 11 11 0.00384324
41 11 11 7 11 0.00719799
41 11 11 11 7 0.00216106
41 7 12 10 12 0.00471513
41 10 12 7 12 0.0012078
41 12 7 12 10 0.00232971
41 12 10 12 7 0.00223805
41 4 7 8 11 7.83563e-05
41 7 8 11 4 9.63215e-05
41 8 11 4 7 7.20458e-05
41 11 4 7 8 1.30028e-05
41 4 4 4 13 0.000666981
41 4 4 13 4 0.00783361
41 4 13 4 4 0.0105674
41 13 4 4 4 0.00423684
41 5 7 11 10 0.00232532
41 7 11 10 5 0.00389262
41 10 5 7 11 0.00462995
41 11 10 5 7 0.0015824
41 4 4 8 10 0.00217487
41 4 8 10 4 0.00907645
41 8 10 4 4 0.00853811
41 10 4 4 8 0.000675878
41 6 6 10 8 0.00357363
41 6 10 8 6 0.00184423
41 8 6 6 10 0.00631719
41 10 8 6 6 0.00107701
41 5 9 6 12 0.00413599
41 6 12 5 9 0.00202303
41 9 6 12 5 0.0053195
41 12 5 9 6 0.00287211
41 4 9 11 7 0.00208221
41 7 4 9 11 0.00690754
41 9 11 7 4 0.0105243
41 11 7 4 9 0.00187676
41 7 7 9 13 0.000821975
41 7 9 13 7 0.00709646
41 9 13 7 7 0.00564973
41 13 7 7 9 0.00121616
42 5 11 9 12 0.0152494
42 9 12 5 11 0.00583724
42 11 9 12 5 0.0100683
42 12 5 11 9 3.33994e-05
42 4 10 12 9 0.000568477
42 9 4 10 12 0.0017159
42 10 12 9 4 3.10991e-46
42 12 9 4 10 9.19617e-06
42 7 11 12 12 0.00649823
42 11 12 12 7 0.00276963
42 12 7 11 12 1.76864e-05
42 12 12 7 11 9.45816e-06
42 5 9 7 6 0.00715443
42 6 5 9 7 0.00424463
42 7 6 5 9 0.00755466
42 9 7 6 5 0.00273187
42 5 11 8 13 0.009634
42 8 13 5 11 0.0148445
42 11 8 13 5 0.00646679
42 13 5 11 8 0.00749016
42 4 13 12 10 0.00116459
42 10 4 13 12 4.1197e-46
42 12 10 4 13 1.31086e-05
42 13 12 10 4 0.00416071
42 4 12 10 12 0.000704867
42 10 12 4 12 4.15015e-46
42 12 4 12 10 1.12447e-05
42 12 10 12 4 1.4469e-05
42 7 12 12 12 0.00589509
42 12 7 12 12 1.94068e-05
42 12 12 7 12 1.30716e-05
42 12 12 12 7 1.21117e-05
42 4 7 9 8 0.000654186
42 7 9 8 4 0.0032491
42 8 4 7 9 0.00396737
42 9 8 4 7 0.00165561
42 6 7 13 13 0.0132566
42 7 13 13 6 0.0136927
42 13 6 7 13 0.0080846
42 13 13 6 7 0.00521014
42 6 6 12 11 0.0144633
42 6 12 11 6 0.0154525
42 11 6 6 12 0.00643938
42 12 11 6 6 2.633e-05
42 4 4 10 11 0.000388013
42 4 10 11 4 0.000652856
42 10 11 4 4 4.29186e-46
42 11 4 4 10 0.00193202
42 7 12 8 9 4.04909e-05
42 8 9 7 12 7.54301e-05
42 9 7 12 8 4.53589e-05
42 12 8 9 7 1.08551e-07
42 10 12 13 12 5.89333e-46
42 12 10 12 13 1.89876e-05
42 12 13 12 10 2.55998e-05
42 13 12 10 12 0.00482666
42 5 5 8 9 0.0046355
42 5 8 9 5 0.00653327
42 8 9 5 5 0.00929245
42 9 5 5 8 0.00348461
42 4 7 12 8 0.000839997
42 7 12 8 4 0.00302353
42 8 4 7 12 0.00410648
42 12 8 4 7 8.05318e-06
42 8 10 8 12 0.00495582
42 8 12 8 10 0.00474944
42 10 8 12 8 6.08278e-46
42 12 8 10 8 1.56782e-05
42 5 12 6 7 0.00400421
42 6 7 5 12 0.0100611
42 7 5 12 6 0.00714071
42 12 6 7 5 2.01618e-05
42 6 7 7 10 0.00600789
42 7 7 10 6 0.00630794
42 7 10 6 7 0.00248566
42 10 6 7 7 3.99265e-46
42 4 7 12 11 0.000751996
42 7 12 11 4 0.0054519
42 11 4 7 12 0.00245981
42 12 11 4 7 1.08504e-05
42 7 13 9 12 0.00845658
42 9 12 7 13 0.00351853
42 12 7 13 9 2.12745e-05
42 13 9 12 7 0.00469264
42 4 11 10 7 0.000613561
42 7 4 11 10 0.00393885
42 10 7 4 11 3.79959e-46
42 11 10 7 4 0.00281986
42 6 7 9 8 0.00742915
42 7 9 8 6 0.00470645
42 8 6 7 9 0.00835465
42 9 8 6 7 0.00174533
42 11 13 12 12 0.00807035
42 12 11 13 12 2.39646e-05
42 12 12 11 13 2.28624e-05
42 13 12 12 11 0.00499844
42 8 11 8 13 0.00946914
42 8 13 8 11 0.00874424
42 11 8 13 8 0.00583421
42 13 8 11 8 0.00738827
42 4 8 6 13 0.000995368
42 6 13 4 8 0.0149022
42 8 6 13 4 0.0154269
42 13 4 8 6 0.0044642
42 7 9 7 10 4.59579e-05
42 7 10 7 9 4.31139e-05
42 9 7 10 7 2.58324e-05
42 10 7 9 7 3.79668e-48
42 7 10 8 10 0.00303442
42 8 10 7 10 0.00508216
42 10 7 10 8 5.51076e-46
42 10 8 10 7 3.48137e-46
42 5 9 11 8 0.00942938
42 8 5 9 11 0.00547254
42 9 11 8 5 0.00314716
42 11 8 5 9 0.00475665
42 4 13 13 12 0.00180782
42 12 4 13 13 1.97463e-05
42 13 12 4 13 0.00619669
42 13 13 12 4 0.0108851
42 4 10 6 10 0.000456272
42 6 10 4 10 0.00491518
42 10 4 10 6 4.14975e-46
42 10 6 10 4 6.03278e-46
42 6 11 8 9 0.00710954
42 8 9 6 11 0.00552329
42 9 6 11 8 0.00569933
42 11 8 9 6 0.00465155
42 6 10 12 12 0.00904358
42 10 12 12 6 7.82849e-46
42 12 6 10 12 2.37877e-05
42 12 12 6 10 1.22096e-05
42 4 5 11 9 0.000767802
42 5 11 9 4 0.00664276
42 9 4 5 11 0.00206199
42 11 9 4 5 0.00351251
42 8 12 11 11 0.00718375
42 11 8 12 11 0.003863
42 11 11 8 12 0.00363561
42 12 11 11 8 2.31703e-05
42 4 10 4 12 0.000508365
42 4 12 4 10 0.000487195
42 10 4 12 4 3.49332e-46
42 12 4 10 4 9.00395e-06
42 6 6 13 8 0.0157384
42 6 13 8 6 0.013552
42 8 6 6 13 0.012084
42 13 8 6 6 0.00604918
42 8 13 11 9 0.0132602
42 9 8 13 11 0.00295755
42 11 9 8 13 0.00348279
42 13 11 9 8 0.00535793
42 5 6 6 11 0.00990828
42 6 6 11 5 0.0204332
42 6 11 5 6 0.0200783
42 11 5 6 6 0.00567224
42 8 10 11 12 0.00702744
42 10 11 12 8 6.44508e-46
42 11 12 8 10 0.00223729
42 12 8 10 11 1.10378e-05
42 8 9 13 12 0.00991936
42 9 13 12 8 0.00652208
42 12 8 9 13 1.77774e-05
42 13 12 8 9 0.00375169
42 5 13 6 13 0.0155825
42 6 13 5 13 0.0244353
42 13 5 13 6 0.00968476
42 13 6 13 5 0.0123321
42 5 12 13 9 0.00732595
42 9 5 12 13 0.00384136
42 12 13 9 5 2.2112e-05
42 13 9 5 12 0.00571989
42 5 5 9 12 0.00617405
42 5 9 12 5 0.00920165
42 9 12 5 5 0.00388885
42 12 5 5 9 1.69198e-05
42 5 12 12 12 0.00834641
42 12 5 12 12 1.78235e-05
42 12 12 5 12 1.84381e-05
42 12 12 12 5 1.92515e-05
42 6 7 12 10 0.00811722
42 7 12 10 6 0.0057405
42 10 6 7 12 5.82201e-46
42 12 10 6 7 7.44673e-06
42 8 12 12 9 9.9555e-05
42 9 8 12 12 4.54005e-05
42 12 9 8 12 1.46604e-07
42 12 12 9 8 1.69905e-07
42 5 12 8 10 0.00415988
42 8 10 5 12 0.00724272
42 10 5 12 8 5.30877e-46
42 12 8 10 5 1.49605e-05
42 5 12 11 13 0.0119267
42 11 13 5 12 0.00930046
42 12 11 13 5 2.88358e-05
42 13 5 12 11 0.00556834
42 4 10 10 12 0.00057993
42 10 10 12 4 4.2635e-46
42 10 12 4 10 3.27234e-46
42 12 4 10 10 8.54027e-06
42 4 13 5 10 0.00124842
42 5 10 4 13 0.00636106
42 10 4 13 5 4.61107e-46
42 13 5 10 4 0.00431156
42 7 9 12 10 0.00522661
42 9 12 10 7 0.00197879
42 10 7 9 12 4.66003e-46
42 12 10 7 9 1.08721e-05
42 7 11 11 11 0.00560398
42 11 7 11 11 0.00382712
42 11 11 7 11 0.00311793
42 11 11 11 7 0.00363874
42 7 12 10 12 0.00482572
42 10 12 7 12 4.15152e-46
42 12 7 12 10 1.6493e-05
42 12 10 12 7 1.07404e-05
42 4 7 8 11 6.92742e-06
42 7 8 11 4 8.12977e-05
42 8 11 4 7 7.54977e-05
42 11 4 7 8 3.62363e-05
42 4 4 4 13 0.000551522
42 4 4 13 4 0.000596799
42 4 13 4 4 0.000956793
42 13 4 4 4 0.00287786
42 5 7 11 10 0.00743673
42 7 11 10 5 0.00607055
42 10 5 7 11 3.17377e-46
42 11 10 5 7 0.00268443
42 4 4 8 10 0.000336487
42 4 8 10 4 0.000646972
42 8 10 4 4 0.00496296
42 10 4 4 8 3.05167e-46
42 6 6 10 8 0.0125947
42 6 10 8 6 0.00723718
42 8 6 6 10 0.00870049
42 10 8 6 6 5.91069e-46
42 5 9 6 12 0.00621664
42 6 12 5 9 0.00876435
42 9 6 12 5 0.00554859
42 12 5 9 6 1.6507e-05
42 4 9 11 7 0.000600533
42 7 4 9 11 0.00258439
42 9 11 7 4 0.00284188
42 11 7 4 9 0.00329422
42 7 7 9 13 0.00611318
42 7 9 13 7 0.0045622
42 9 13 7 7 0.00314168
42 13 7 7 9 0.0046306
43 5 11 9 12 0.0041795
43 9 12 5 11 0.00548579
43 11 9 12 5 1.34167e-45
43 12 5 11 9 0.0060983
43 4 10 12 9 3.0501e-46
43 9 4 10 12 0.00344338
43 10 12 9 4 0.00105649
43 12 9 4 10 2.34239e-46
43 7 11 12 12 0.00325371
43 11 12 12 7 0.00459378
43 12 7 11 12 0.000761493
43 12 12 7 11 0.00594799
43 5 9 7 6 1.47503e-45
43 6 5 9 7 0.00814071
43 7 6 5 9 0.00376215
43 9 7 6 5 0.0065905
43 5 11 8 13 5.67653e-46
43 8 13 5 11 0.00478311
43 11 8 13 5 0.00321215
43 13 5 11 8 0.00343903
43 4 13 12 10 0.00220946
43 10 4 13 12 0.000844848
43 12 10 4 13 3.14347e-46
43 13 12 10 4 0.00525003
43 4 12 10 12 0.00540655
43 10 12 4 12 0.00303843
43 12 4 12 10 0.00169528
43 12 10 12 4 1.2284e-46
43 7 12 12 12 0.00803662
43 12 7 12 12 0.00177268
43 12 12 7 12 0.00744421
43 12 12 12 7 0.0038748
43 4 7 9 8 0.000707651
43 7 9 8 4 3.25491e-89
43 8 4 7 9 0.0159097
43 9 8 4 7 0.00316627
43 6 7 13 13 0.00497819
43 7 13 13 6 0.00486901
43 13 6 7 13 0.022056
43 13 13 6 7 0.0113246
43 6 6 12 11 0.0141803
43 6 12 11 6 0.0150026
43 11 6 6 12 0.0132171
43 12 11 6 6 0.00888212
43 4 4 10 11 0.0018578
43 4 10 11 4 4.86035e-47
43 10 11 4 4 0.000548149
43 11 4 4 10 0.00156262
43 7 12 8 9 1.49299e-47
43 8 9 7 12 3.0609e-47
43 9 7 12 8 2.24638e-05
43 12 8 9 7 2.35546e-05
43 10 12 13 12 0.00213801
43 12 10 12 13 4.40023e-46
43 12 13 12 10 0.00261067
43 13 12 10 12 0.0128226
43 5 5 8 9 8.8747e-46
43 5 8 9 5 0.00363852
43 8 9 5 5 7.27997e-46
43 9 5 5 8 0.00179071
43 4 7 12 8 0.00089884
43 7 12 8 4 3.2818e-46
43 8 4 7 12 0.0102061
43 12 8 4 7 0.00178873
43 8 10 8 12 1.1464e-88
43 8 12 8 10 1.63929e-45
43 10 8 12 8 0.00181824
43 12 8 10 8 0.00273101
43 5 12 6 7 0.0104154
43 6 7 5 12 0.00224377
43 7 5 12 6 0.0124187
43 12 6 7 5 0.0073241
43 6 7 7 10 0.0082235
43 7 7 10 6 0.00687374
43 7 10 6 7 8.52497e-46
43 10 6 7 7 0.00470859
43 4 7 12 11 0.00141113
43 7 12 11 4 0.00166398
43 11 4 7 12 0.00410543
43 12 11 4 7 0.00131929
43 7 13 9 12 0.00445635
43 9 12 7 13 0.0223683
43 12 7 13 9 0.00160773
43 13 9 12 7 8.92799e-46
43 4 11 10 7 0.00220876
43 7 4 11 10 0.00152414
43 10 7 4 11 0.00112074
43 11 10 7 4 2.82327e-46
43 6 7 9 8 0.00267139
43 7 9 8 6 1.32061e-88
43 8 6 7 9 0.0339874
43 9 8 6 7 0.00889502
43 11 13 12 12 0.00400546
43 12 11 13 12 0.00112993
43 12 12 11 13 0.00349792
43 13 12 12 11 0.00890414
43 8 11 8 13 1.46095e-45
43 8 13 8 11 1.1963e-45
43 11 8 13 8 0.0016405
43 13 8 11 8 0.00237349
43 4 8 6 13 0.0111206
43 6 13 4 8 0.00574865
43 8 6 13 4 0.00416446
43 13 4 8 6 9.07841e-46
43 7 9 7 10 1.4012e-47
43 7 10 7 9 1.54012e-47
43 9 7 10 7 4.2754e-05
43 10 7 9 7 1.26601e-05
43 7 10 8 10 5.2739e-89
43 8 10 7 10 1.69941e-45
43 10 7 10 8 0.00147513
43 10 8 10 7 0.0034777
43 5 9 11 8 1.90676e-46
43 8 5 9 11 0.0113231
43 9 11 8 5 4.64614e-46
43 11 8 5 9 0.00263876
43 4 13 13 12 0.00165091
43 12 4 13 13 0.00185781
43 13 12 4 13 0.013411
43 13 13 12 4 0.00318912
43 4 10 6 10 4.45699e-46
43 6 10 4 10 5.98909e-46
43 10 4 10 6 0.00363613
43 10 6 10 4 0.00191453
43 6 11 8 9 1.09347e-45
43 8 9 6 11 3.00042e-45
43 9 6 11 8 0.00209112
43 11 8 9 6 0.00544797
43 6 10 12 12 9.99667e-46
43 10 12 12 6 0.00736861
43 12 6 10 12 0.00562419
43 12 12 6 10 0.00897956
43 4 5 11 9 0.00260806
43 5 11 9 4 0.000864741
43 9 4 5 11 0.00109543
43 11 9 4 5 4.84346e-46
43 8 12 11 11 0.00722738
43 11 8 12 11 0.00371495
43 11 11 8 12 2.90535e-46
43 12 11 11 8 0.000632383
43 4 10 4 12 1.74927e-46
43 4 12 4 10 0.00250136
43 10 4 12 4 0.000663602
43 12 4 10 4 0.000996732
43 6 6 13 8 0.00451175
43 6 13 8 6 1.78921e-45
43 8 6 6 13 0.047886
43 13 8 6 6 0.0240192
43 8 13 11 9 0.00745356
43 9 8 13 11 0.00242205
43 11 9 8 13 9.06765e-89
43 13 11 9 8 0.0020208
43 5 6 6 11 0.0127718
43 6 6 11 5 0.00951198
43 6 11 5 6 0.00599683
43 11 5 6 6 0.0259003
43 8 10 11 12 4.57107e-46
43 10 11 12 8 0.00105462
43 11 12 8 10 5.18562e-46
43 12 8 10 11 0.00337174
43 8 9 13 12 9.07357e-46
43 9 13 12 8 0.00338522
43 12 8 9 13 0.00391384
43 13 12 8 9 1.63691e-45
43 5 13 6 13 0.0157246
43 6 13 5 13 0.00740458
43 13 5 13 6 0.0102196
43 13 6 13 5 0.0065068
43 5 12 13 9 0.00447405
43 9 5 12 13 0.0102949
43 12 13 9 5 0.00238034
43 13 9 5 12 3.36219e-46
43 5 5 9 12 0.00441798
43 5 9 12 5 6.97335e-46
43 9 12 5 5 0.00368146
43 12 5 5 9 0.00258756
43 5 12 12 12 0.00616108
43 12 5 12 12 0.00427904
43 12 12 5 12 0.00182246
43 12 12 12 5 0.00536134
43 6 7 12 10 0.00488452
43 7 12 10 6 0.0171454
43 10 6 7 12 0.00537311
43 12 10 6 7 4.69032e-46
43 8 12 12 9 0.000310482
43 9 8 12 12 6.56639e-05
43 12 9 8 12 5.6786e-91
43 12 12 9 8 2.70781e-05
43 5 12 8 10 5.48333e-46
43 8 10 5 12 3.94592e-46
43 10 5 12 8 0.002268
43 12 8 10 5 0.00460345
43 5 12 11 13 0.00538016
43 11 13 5 12 0.00182238
43 12 11 13 5 0.00151235
43 13 5 12 11 0.00951188
43 4 10 10 12 3.17581e-46
43 10 10 12 4 1.02291e-46
43 10 12 4 10 0.00255213
43 12 4 10 10 0.00212035
43 4 13 5 10 0.000935082
43 5 10 4 13 4.49749e-46
43 10 4 13 5 0.00105186
43 13 5 10 4 0.00521689
43 7 9 12 10 7.00548e-46
43 9 12 10 7 0.00897645
43 10 7 9 12 0.00121604
43 12 10 7 9 7.13245e-46
43 7 11 11 11 0.00146051
43 11 7 11 11 0.000943355
43 11 11 7 11 0.00373365
43 11 11 11 7 0.00104484
43 7 12 10 12 0.010834
43 10 12 7 12 0.00668136
43 12 7 12 10 0.00160484
43 12 10 12 7 2.4532e-46
43 4 7 8 11 2.17907e-48
43 7 8 11 4 1.66479e-05
43 8 11 4 7 7.08704e-05
43 11 4 7 8 3.80829e-05
43 4 4 4 13 0.00194811
43 4 4 13 4 0.000382682
43 4 13 4 4 0.000837509
43 13 4 4 4 0.00128983
43 5 7 11 10 0.00100567
43 7 11 10 5 0.00556798
43 10 5 7 11 0.00540867
43 11 10 5 7 1.25499e-46
43 4 4 8 10 1.582e-46
43 4 8 10 4 0.00158142
43 8 10 4 4 3.3661e-46
43 10 4 4 8 0.000795275
43 6 6 10 8 0.011596
43 6 10 8 6 1.78403e-88
43 8 6 6 10 0.0283288
43 10 8 6 6 0.0102933
43 5 9 6 12 1.16793e-45
43 6 12 5 9 0.00864395
43 9 6 12 5 0.00762959
43 12 5 9 6 0.0053297
43 4 9 11 7 1.55492e-46
43 7 4 9 11 0.00222327
43 9 11 7 4 0.00243095
43 11 7 4 9 0.00260464
43 7 7 9 13 0.00398511
43 7 9 13 7 3.76116e-46
43 9 13 7 7 0.00752715
43 13 7 7 9 0.0100027
44 5 11 9 12 0.0957696
44 9 12 5 11 5.50456e-48
44 11 9 12 5 4.99853e-48
44 12 5 11 9 1.06481e-47
44 4 10 12 9 8.37005e-49
44 9 4 10 12 1.94836e-48
44 10 12 9 4 0.0221208
44 12 9 4 10 1.87325e-48
44 7 11 12 12 1.82144e-48
44 11 12 12 7 2.7099e-48
44 12 7 11 12 2.33329e-48
44 12 12 7 11 1.97047e-48
44 5 9 7 6 8.27474e-48
44 6 5 9 7 0.066746
44 7 6 5 9 3.9823e-48
44 9 7 6 5 4.0569e-48
44 5 11 8 13 6.56372e-48
44 8 13 5 11 3.04787e-48
44 11 8 13 5 6.67051e-48
44 13 5 11 8 8.48044e-48
44 4 13 12 10 1.74485e-48
44 10 4 13 12 2.12046e-48
44 12 10 4 13 1.96339e-48
44 13 12 10 4 3.7519e-48
44 4 12 10 12 2.26418e-48
44 10 12 4 12 2.77029e-48
44 12 4 12 10 1.89755e-48
44 12 10 12 4 1.15702e-48
44 7 12 12 12 2.54538e-48
44 12 7 12 12 2.17376e-48
44 12 12 7 12 3.59087e-48
44 12 12 12 7 3.16194e-48
44 4 7 9 8 0.0200493
44 7 9 8 4 1.72214e-48
44 8 4 7 9 2.27372e-48
44 9 8 4 7 3.60214e-48
44 6 7 13 13 4.71428e-48
44 7 13 13 6 1.00846e-47
44 13 6 7 13 6.06466e-48
44 13 13 6 7 6.86142e-48
44 6 6 12 11 2.45398e-48
44 6 12 11 6 1.27322e-47
44 11 6 6 12 4.88452e-48
44 12 11 6 6 1.08176e-47
44 4 4 10 11 8.48671e-49
44 4 10 11 4 8.10803e-49
44 10 11 4 4 1.65518e-48
44 11 4 4 10 1.99573e-48
44 7 12 8 9 4.5162e-50
44 8 9 7 12 2.57093e-50
44 9 7 12 8 2.79872e-50
44 12 8 9 7 0.000544691
44 10 12 13 12 3.37854e-48
44 12 10 12 13 1.74123e-48
44 12 13 12 10 2.90871e-48
44 13 12 10 12 4.89046e-48
44 5 5 8 9 8.22733e-48
44 5 8 9 5 0.0790743
44 8 9 5 5 3.51502e-48
44 9 5 5 8 6.38533e-48
44 4 7 12 8 1.31643e-48
44 7 12 8 4 2.41514e-48
44 8 4 7 12 1.89381e-48
44 12 8 4 7 3.37498e-48
44 8 10 8 12 1.73071e-48
44 8 12 8 10 3.46955e-48
44 10 8 12 8 2.59253e-48
44 12 8 10 8 3.98293e-48
44 5 12 6 7 6.61536e-48
44 6 7 5 12 3.81672e-48
44 7 5 12 6 8.61372e-48
44 12 6 7 5 4.53518e-48
44 6 7 7 10 3.13279e-48
44 7 7 10 6 6.07789e-48
44 7 10 6 7 2.05351e-48
44 10 6 7 7 3.06068e-48
44 4 7 12 11 8.42347e-49
44 7 12 11 4 2.46752e-48
44 11 4 7 12 2.2738e-48
44 12 11 4 7 3.00343e-48
44 7 13 9 12 0.0431669
44 9 12 7 13 5.12144e-48
44 12 7 13 9 4.15393e-48
44 13 9 12 7 3.38116e-48
44 4 11 10 7 2.12981e-48
44 7 4 11 10 2.15535e-48
44 10 7 4 11 1.37379e-48
44 11 10 7 4 1.48033e-48
44 6 7 9 8 0.0382914
44 7 9 8 6 5.63816e-48
44 8 6 7 9 3.43052e-48
44 9 8 6 7 4.66435e-48
44 11 13 12 12 2.8676e-48
44 12 11 13 12 3.42239e-48
44 12 12 11 13 4.31003e-48
44 13 12 12 11 2.47274e-48
44 8 11 8 13 3.8242e-48
44 8 13 8 11 2.44368e-48
44 11 8 13 8 5.01638e-48
44 13 8 11 8 5.91955e-48
44 4 8 6 13 4.14244e-48
44 6 13 4 8 5.42984e-48
44 8 6 13 4 3.6329e-48
44 13 4 8 6 1.09319e-47
44 7 9 7 10 2.76415e-50
44 7 10 7 9 2.3216e-50
44 9 7 10 7 3.88418e-50
44 10 7 9 7 0.00036077
44 7 10 8 10 1.86999e-48
44 8 10 7 10 1.79239e-48
44 10 7 10 8 2.65112e-48
44 10 8 10 7 3.61584e-48
44 5 9 11 8 3.86819e-48
44 8 5 9 11 0.0330562
44 9 11 8 5 4.4014e-48
44 11 8 5 9 5.21509e-48
44 4 13 13 12 3.17027e-48
44 12 4 13 13 3.98056e-48
44 13 12 4 13 6.73807e-48
44 13 13 12 4 3.82015e-48
44 4 10 6 10 1.29976e-48
44 6 10 4 10 1.91707e-48
44 10 4 10 6 4.75759e-48
44 10 6 10 4 2.1925e-48
44 6 11 8 9 4.14639e-48
44 8 9 6 11 1.63519e-48
44 9 6 11 8 3.73038e-48
44 11 8 9 6 0.105704
44 6 10 12 12 1.80199e-48
44 10 12 12 6 6.43565e-48
44 12 6 10 12 3.72758e-48
44 12 12 6 10 4.60387e-48
44 4 5 11 9 3.2278e-48
44 5 11 9 4 0.0371281
44 9 4 5 11 1.74582e-48
44 11 9 4 5 2.84819e-48
44 8 12 11 11 1.88166e-48
44 11 8 12 11 1.69244e-48
44 11 11 8 12 2.88357e-48
44 12 11 11 8 2.94799e-48
44 4 10 4 12 9.83759e-49
44 4 12 4 10 1.97214e-48
44 10 4 12 4 1.1408e-48
44 12 4 10 4 1.75263e-48
44 6 6 13 8 5.24062e-48
44 6 13 8 6 1.19136e-47
44 8 6 6 13 4.66731e-48
44 13 8 6 6 1.56505e-47
44 8 13 11 9 3.44059e-48
44 9 8 13 11 2.51775e-48
44 11 9 8 13 2.88177e-48
44 13 11 9 8 0.0470781
44 5 6 6 11 4.79733e-48
44 6 6 11 5 6.85359e-48
44 6 11 5 6 1.39256e-47
44 11 5 6 6 1.86864e-47
44 8 10 11 12 1.39056e-48
44 10 11 12 8 1.81434e-48
44 11 12 8 10 3.27595e-48
44 12 8 10 11 2.00421e-48
44 8 9 13 12 2.70744e-48
44 9 13 12 8 3.40619e-48
44 12 8 9 13 0.0546917
44 13 12 8 9 6.32166e-48
44 5 13 6 13 9.54177e-48
44 6 13 5 13 8.00768e-48
44 13 5 13 6 2.47571e-47
44 13 6 13 5 9.23965e-48
44 5 12 13 9 6.3175e-48
44 9 5 12 13 4.43344e-48
44 12 13 9 5 0.0521854
44 13 9 5 12 3.78102e-48
44 5 5 9 12 0.0829575
44 5 9 12 5 3.84487e-48
44 9 12 5 5 6.15523e-48
44 12 5 5 9 6.99447e-48
44 5 12 12 12 4.12895e-48
44 12 5 12 12 3.88231e-48
44 12 12 5 12 4.41609e-48
44 12 12 12 5 3.84318e-48
44 6 7 12 10 2.41643e-48
44 7 12 10 6 7.74432e-48
44 10 6 7 12 2.68106e-48
44 12 10 6 7 2.23453e-48
44 8 12 12 9 3.62791e-50
44 9 8 12 12 3.63309e-50
44 12 9 8 12 3.17129e-50
44 12 12 9 8 0.000552903
44 5 12 8 10 5.12655e-48
44 8 10 5 12 1.85831e-48
44 10 5 12 8 3.19739e-48
44 12 8 10 5 4.55947e-48
44 5 12 11 13 7.09233e-48
44 11 13 5 12 5.04692e-48
44 12 11 13 5 5.24191e-48
44 13 5 12 11 3.82593e-48
44 4 10 10 12 1.06727e-48
44 10 10 12 4 8.8846e-49
44 10 12 4 10 2.61781e-48
44 12 4 10 10 2.23856e-48
44 4 13 5 10 2.85655e-48
44 5 10 4 13 3.00532e-48
44 10 4 13 5 3.02112e-48
44 13 5 10 4 5.3999e-48
44 7 9 12 10 1.79464e-48
44 9 12 10 7 4.16584e-48
44 10 7 9 12 0.0266007
44 12 10 7 9 2.12643e-48
44 7 11 11 11 1.40307e-48
44 11 7 11 11 1.43508e-48
44 11 11 7 11 1.58041e-48
44 11 11 11 7 2.72214e-48
44 7 12 10 12 3.23651e-48
44 10 12 7 12 2.97198e-48
44 12 7 12 10 2.21399e-48
44 12 10 12 7 1.60645e-48
44 4 7 8 11 1.613e-50
44 7 8 11 4 3.61641e-50
44 8 11 4 7 3.90756e-50
44 11 4 7 8 3.55412e-50
44 4 4 4 13 1.70701e-48
44 4 4 13 4 1.38334e-48
44 4 13 4 4 1.73873e-48
44 13 4 4 4 2.44999e-48
44 5 7 11 10 3.70888e-48
44 7 11 10 5 3.36434e-48
44 10 5 7 11 2.39318e-48
44 11 10 5 7 2.29814e-48
44 4 4 8 10 1.5564e-48
44 4 8 10 4 1.81785e-48
44 8 10 4 4 1.21202e-48
44 10 4 4 8 1.94059e-48
44 6 6 10 8 4.64398e-48
44 6 10 8 6 6.02959e-48
44 8 6 6 10 3.946e-48
44 10 8 6 6 9.58109e-48
44 5 9 6 12 4.09398e-48
44 6 12 5 9 5.78495e-48
44 9 6 12 5 3.69917e-48
44 12 5 9 6 0.141436
44 4 9 11 7 1.61569e-48
44 7 4 9 11 0.0148589
44 9 11 7 4 2.34161e-48
44 11 7 4 9 2.8069e-48
44 7 7 9 13 0.0376268
44 7 9 13 7 3.05216e-48
44 9 13 7 7 4.50892e-48
44 13 7 7 9 4.69603e-48
45 5 11 9 12 0.00319011
45 9 12 5 11 0.0148533
45 11 9 12 5 0.0232213
45 12 5 11 9 1.04863e-45
45 4 10 12 9 2.76165e-46
45 9 4 10 12 0.000341798
45 10 12 9 4 0.000981718
45 12 9 4 10 2.59673e-46
45 7 11 12 12 0.00032383
45 11 12 12 7 0.00459824
45 12 7 11 12 0.000267121
45 12 12 7 11 0.00540975
45 5 9 7 6 8.08064e-46
45 6 5 9 7 0.0181305
45 7 6 5 9 5.29606e-46
45 9 7 6 5 0.0093586
45 5 11 8 13 3.2066e-05
45 8 13 5 11 0.00986119
45 11 8 13 5 0.0195023
45 13 5 11 8 0.0133433
45 4 13 12 10 3.42362e-46
45 10 4 13 12 0.000318156
45 12 10 4 13 0.00257186
45 13 12 10 4 0.000845476
45 4 12 10 12 0.000291658
45 10 12 4 12 0.00025898
45 12 4 12 10 2.93858e-46
45 12 10 12 4 0.000577437
45 7 12 12 12 0.000388528
45 12 7 12 12 0.000386993
45 12 12 7 12 0.00042342
45 12 12 12 7 0.00497163
45 4 7 9 8 0.0108709
45 7 9 8 4 2.41708e-06
45 8 4 7 9 3.86545e-46
45 9 8 4 7 0.00465506
45 6 7 13 13 0.00642658
45 7 13 13 6 1.00574e-45
45 13 6 7 13 0.00747613
45 13 13 6 7 0.00760035
45 6 6 12 11 0.0137087
45 6 12 11 6 7.34892e-46
45 11 6 6 12 0.000593499
45 12 11 6 6 5.307e-46
45 4 4 10 11 0.00268792
45 4 10 11 4 0.000268771
45 10 11 4 4 0.000311792
45 11 4 4 10 2.11589e-46
45 7 12 8 9 2.72274e-50
45 8 9 7 12 5.56951e-06
45 9 7 12 8 0.000112417
45 12 8 9 7 0.00014501
45 10 12 13 12 0.000480021
45 12 10 12 13 0.00359537
45 12 13 12 10 5.52549e-46
45 13 12 10 12 0.00063702
45 5 5 8 9 4.77473e-48
45 5 8 9 5 0.0410936
45 8 9 5 5 0.0104971
45 9 5 5 8 0.0112111
45 4 7 12 8 0.00410029
45 7 12 8 4 2.27485e-06
45 8 4 7 12 0.000290756
45 12 8 4 7 0.00327433
45 8 10 8 12 2.1957e-06
45 8 12 8 10 2.23756e-48
45 10 8 12 8 0.00629413
45 12 8 10 8 0.00818339
45 5 12 6 7 0.005754
45 6 7 5 12 0.000424218
45 7 5 12 6 6.15182e-46
45 12 6 7 5 0.0139712
45 6 7 7 10 4.47525e-46
45 7 7 10 6 4.50641e-46
45 7 10 6 7 0.00309599
45 10 6 7 7 0.00489047
45 4 7 12 11 0.00360639
45 7 12 11 4 0.000419012
45 11 4 7 12 0.000305559
45 12 11 4 7 0.00348937
45 7 13 9 12 0.00148585
45 9 12 7 13 0.00575772
45 12 7 13 9 7.89515e-46
45 13 9 12 7 0.00827407
45 4 11 10 7 0.00324923
45 7 4 11 10 2.11875e-46
45 10 7 4 11 0.00344261
45 11 10 7 4 0.000607971
45 6 7 9 8 0.0223034
45 7 9 8 6 2.3929e-48
45 8 6 7 9 7.72276e-46
45 9 8 6 7 0.00494741
45 11 13 12 12 0.000619893
45 12 11 13 12 0.000594296
45 12 12 11 13 0.00306763
45 13 12 12 11 0.00929844
45 8 11 8 13 2.16811e-05
45 8 13 8 11 5.01209e-05
45 11 8 13 8 0.0132969
45 13 8 11 8 0.0101288
45 4 8 6 13 0.00239837
45 6 13 4 8 0.012968
45 8 6 13 4 0.00161553
45 13 4 8 6 3.47917e-48
45 7 9 7 10 4.54653e-48
45 7 10 7 9 5.58228e-48
45 9 7 10 7 7.55359e-05
45 10 7 9 7 0.000108344
45 7 10 8 10 1.80128e-48
45 8 10 7 10 4.61026e-46
45 10 7 10 8 0.00614446
45 10 8 10 7 0.00425013
45 5 9 11 8 0.0103142
45 8 5 9 11 0.0228461
45 9 11 8 5 7.03666e-05
45 11 8 5 9 5.27387e-46
45 4 13 13 12 0.000632411
45 12 4 13 13 0.00448579
45 13 12 4 13 0.0049415
45 13 13 12 4 0.0013827
45 4 10 6 10 1.91239e-46
45 6 10 4 10 3.69172e-46
45 10 4 10 6 3.12372e-46
45 10 6 10 4 0.000630394
45 6 11 8 9 3.27283e-48
45 8 9 6 11 0.00563162
45 9 6 11 8 0.0117035
45 11 8 9 6 1.56243e-45
45 6 10 12 12 0.000576802
45 10 12 12 6 4.96128e-46
45 12 6 10 12 0.000650074
45 12 12 6 10 3.51532e-46
45 4 5 11 9 3.28332e-46
45 5 11 9 4 0.00213958
45 9 4 5 11 0.00497481
45 11 9 4 5 0.00839394
45 8 12 11 11 0.00537115
45 11 8 12 11 0.00639584
45 11 11 8 12 1.99916e-06
45 12 11 11 8 0.0057833
45 4 10 4 12 0.000185957
45 4 12 4 10 1.89502e-46
45 10 4 12 4 0.000307133
45 12 4 10 4 0.000399323
45 6 6 13 8 0.0205344
45 6 13 8 6 4.94095e-48
45 8 6 6 13 0.00463754
45 13 8 6 6 6.69677e-46
45 8 13 11 9 6.05059e-46
45 9 8 13 11 0.0113229
45 11 9 8 13 1.8295e-05
45 13 11 9 8 0.0261136
45 5 6 6 11 0.0133609
45 6 6 11 5 0.0197557
45 6 11 5 6 8.19158e-46
45 11 5 6 6 7.59691e-46
45 8 10 11 12 0.000318049
45 10 11 12 8 0.00527484
45 11 12 8 10 1.84922e-48
45 12 8 10 11 0.00566031
45 8 9 13 12 0.000741577
45 9 13 12 8 0.0153942
45 12 8 9 13 0.0102494
45 13 12 8 9 4.03264e-48
45 5 13 6 13 0.00756796
45 6 13 5 13 0.00716794
45 13 5 13 6 1.80377e-45
45 13 6 13 5 0.037589
45 5 12 13 9 1.10803e-45
45 9 5 12 13 0.00584601
45 12 13 9 5 0.0339971
45 13 9 5 12 0.000511998
45 5 5 9 12 0.00212194
45 5 9 12 5 0.0175845
45 9 12 5 5 0.0133274
45 12 5 5 9 6.02706e-46
45 5 12 12 12 0.000678323
45 12 5 12 12 0.000536935
45 12 12 5 12 0.000384227
45 12 12 12 5 0.0111027
45 6 7 12 10 4.52678e-46
45 7 12 10 6 4.98737e-46
45 10 6 7 12 0.000421303
45 12 10 6 7 0.00341287
45 8 12 12 9 7.65896e-48
45 9 8 12 12 7.27854e-06
45 12 9 8 12 2.60641e-08
45 12 12 9 8 0.000252098
45 5 12 8 10 2.84892e-48
45 8 10 5 12 0.000371899
45 10 5 12 8 0.00713814
45 12 8 10 5 0.0103327
45 5 12 11 13 0.005363
45 11 13 5 12 0.000613866
45 12 11 13 5 0.017006
45 13 5 12 11 0.0128677
45 4 10 10 12 0.000256479
45 10 10 12 4 0.00042256
45 10 12 4 10 2.32084e-46
45 12 4 10 10 2.79588e-46
45 4 13 5 10 3.15369e-46
45 5 10 4 13 0.00418243
45 10 4 13 5 0.00846866
45 13 5 10 4 0.00108835
45 7 9 12 10 3.87102e-46
45 9 12 10 7 0.00703667
45 10 7 9 12 0.000785636
45 12 10 7 9 5.17971e-46
45 7 11 11 11 0.00373478
45 11 7 11 11 0.00412804
45 11 11 7 11 0.00545383
45 11 11 11 7 0.00345962
45 7 12 10 12 0.000398432
45 10 12 7 12 0.000333969
45 12 7 12 10 3.73794e-46
45 12 10 12 7 0.00471223
45 4 7 8 11 2.46325e-07
45 7 8 11 4 5.97308e-06
45 8 11 4 7 5.59727e-05
45 11 4 7 8 8.08993e-05
45 4 4 4 13 0.00130737
45 4 4 13 4 0.000389183
45 4 13 4 4 0.000394814
45 13 4 4 4 0.000458605
45 5 7 11 10 4.27802e-46
45 7 11 10 5 0.00901253
45 10 5 7 11 0.00560017
45 11 10 5 7 0.00409333
45 4 4 8 10 8.88005e-49
45 4 8 10 4 0.000394024
45 8 10 4 4 0.000473114
45 10 4 4 8 0.00324507
45 6 6 10 8 0.0152214
45 6 10 8 6 3.60135e-48
45 8 6 6 10 5.19481e-46
45 10 8 6 6 3.74063e-46
45 5 9 6 12 0.000521832
45 6 12 5 9 6.18413e-46
45 9 6 12 5 0.0199061
45 12 5 9 6 1.78136e-45
45 4 9 11 7 0.00251431
45 7 4 9 11 0.00970779
45 9 11 7 4 0.000741103
45 11 7 4 9 3.7882e-46
45 7 7 9 13 0.00823913
45 7 9 13 7 0.00680576
45 9 13 7 7 0.00932835
45 13 7 7 9 7.37323e-46
46 5 11 9 12 0.00647475
46 9 12 5 11 0.00735341
46 11 9 12 5 0.00513733
46 12 5 11 9 0.0107804
46 4 10 12 9 0.00338424
46 9 4 10 12 0.00142463
46 10 12 9 4 0.00168055
46 12 9 4 10 0.000803373
46 7 11 12 12 0.0020753
46 11 12 12 7 0.00224312
46 12 7 11 12 0.00189687
46 12 12 7 11 0.00270032
46 5 9 7 6 0.00556515
46 6 5 9 7 0.00561703
46 7 6 5 9 0.00580545
46 9 7 6 5 0.00464625
46 5 11 8 13 0.00528215
46 8 13 5 11 0.0044899
46 11 8 13 5 0.00430062
46 13 5 11 8 0.00934023
46 4 13 12 10 0.00124545
46 10 4 13 12 0.0023513
46 12 10 4 13 0.0029804
46 13 12 10 4 0.00199494
46 4 12 10 12 0.00261621
46 10 12 4 12 0.002386
46 12 4 12 10 0.00155467
46 12 10 12 4 0.0019007
46 7 12 12 12 0.00301817
46 12 7 12 12 0.00325617
46 12 12 7 12 0.00233449
46 12 12 12 7 0.00530409
46 4 7 9 8 0.00613301
46 7 9 8 4 0.00108825
46 8 4 7 9 0.0026586
46 9 8 4 7 0.00277745
46 6 7 13 13 0.00553387
46 7 13 13 6 0.0067606
46 13 6 7 13 0.00402413
46 13 13 6 7 0.0057702
46 6 6 12 11 0.00748608
46 6 12 11 6 0.0102138
46 11 6 6 12 0.00305719
46 12 11 6 6 0.0134661
46 4 4 10 11 0.0026694
46 4 10 11 4 0.000970569
46 10 11 4 4 0.00120197
46 11 4 4 10 0.000491223
46 7 12 8 9 4.71179e-05
46 8 9 7 12 1.60682e-05
46 9 7 12 8 6.85458e-05
46 12 8 9 7 6.41702e-05
46 10 12 13 12 0.002901
46 12 10 12 13 0.00434143
46 12 13 12 10 0.00154632
46 13 12 10 12 0.00296348
46 5 5 8 9 0.00703669
46 5 8 9 5 0.00873165
46 8 9 5 5 0.00445172
46 9 5 5 8 0.0085031
46 4 7 12 8 0.00657969
46 7 12 8 4 0.00137455
46 8 4 7 12 0.00137666
46 12 8 4 7 0.00395527
46 8 10 8 12 0.00153464
46 8 12 8 10 0.00104256
46 10 8 12 8 0.0104589
46 12 8 10 8 0.00977467
46 5 12 6 7 0.00790291
46 6 7 5 12 0.00389235
46 7 5 12 6 0.00960017
46 12 6 7 5 0.00438883
46 6 7 7 10 0.00099741
46 7 7 10 6 0.00548962
46 7 10 6 7 0.00345371
46 10 6 7 7 0.00273181
46 4 7 12 11 0.00357114
46 7 12 11 4 0.00139333
46 11 4 7 12 0.000941985
46 12 11 4 7 0.00294741
46 7 13 9 12 0.00262496
46 9 12 7 13 0.00291742
46 12 7 13 9 0.00607491
46 13 9 12 7 0.0044343
46 4 11 10 7 0.00289207
46 7 4 11 10 0.000828516
46 10 7 4 11 0.0027239
46 11 10 7 4 0.000568768
46 6 7 9 8 0.0084573
46 7 9 8 6 0.00451369
46 8 6 7 9 0.00338063
46 9 8 6 7 0.00501924
46 11 13 12 12 0.0016263
46 12 11 13 12 0.00273775
46 12 12 11 13 0.00427283
46 13 12 12 11 0.00503403
46 8 11 8 13 0.00317919
46 8 13 8 11 0.00280399
46 11 8 13 8 0.00587659
46 13 8 11 8 0.00884812
46 4 8 6 13 0.00990591
46 6 13 4 8 0.00915341
46 8 6 13 4 0.00250088
46 13 4 8 6 0.00829081
46 7 9 7 10 7.97853e-06
46 7 10 7 9 2.86473e-05
46 9 7 10 7 2.93747e-05
46 10 7 9 7 4.1721e-05
46 7 10 8 10 0.000765782
46 8 10 7 10 0.000637004
46 10 7 10 8 0.00638658
46 10 8 10 7 0.00450425
46 5 9 11 8 0.00665923
46 8 5 9 11 0.00428231
46 9 11 8 5 0.00285531
46 11 8 5 9 0.00457529
46 4 13 13 12 0.00296937
46 12 4 13 13 0.00569936
46 13 12 4 13 0.00527648
46 13 13 12 4 0.00271271
46 4 10 6 10 0.00128406
46 6 10 4 10 0.000979831
46 10 4 10 6 0.0060622
46 10 6 10 4 0.00185855
46 6 11 8 9 0.00466138
46 8 9 6 11 0.00386176
46 9 6 11 8 0.00494153
46 11 8 9 6 0.0055853
46 6 10 12 12 0.00327053
46 10 12 12 6 0.0101207
46 12 6 10 12 0.00349142
46 12 12 6 10 0.00248176
46 4 5 11 9 0.00438766
46 5 11 9 4 0.00220255
46 9 4 5 11 0.00301178
46 11 9 4 5 0.00178219
46 8 12 11 11 0.00255644
46 11 8 12 11 0.00277074
46 11 11 8 12 0.00102582
46 12 11 11 8 0.00524019
46 4 10 4 12 0.00150552
46 4 12 4 10 0.00102278
46 10 4 12 4 0.00182875
46 12 4 10 4 0.00170912
46 6 6 13 8 0.0114398
46 6 13 8 6 0.00807163
46 8 6 6 13 0.00682655
46 13 8 6 6 0.0163826
46 8 13 11 9 0.00298889
46 9 8 13 11 0.00333576
46 11 9 8 13 0.00157763
46 13 11 9 8 0.00664496
46 5 6 6 11 0.0107507
46 6 6 11 5 0.00736212
46 6 11 5 6 0.0138901
46 11 5 6 6 0.0101005
46 8 10 11 12 0.00122334
46 10 11 12 8 0.0061291
46 11 12 8 10 0.000561001
46 12 8 10 11 0.00417207
46 8 9 13 12 0.00216688
46 9 13 12 8 0.00640079
46 12 8 9 13 0.00701633
46 13 12 8 9 0.005372
46 5 13 6 13 0.0104011
46 6 13 5 13 0.00834463
46 13 5 13 6 0.0136409
46 13 6 13 5 0.0080624
46 5 12 13 9 0.0070906
46 9 5 12 13 0.00450525
46 12 13 9 5 0.00502039
46 13 9 5 12 0.00284736
46 5 5 9 12 0.00493528
46 5 9 12 5 0.00671214
46 9 12 5 5 0.00533505
46 12 5 5 9 0.00916317
46 5 12 12 12 0.0047467
46 12 5 12 12 0.00450249
46 12 12 5 12 0.00425372
46 12 12 12 5 0.00720941
46 6 7 12 10 0.00162312
46 7 12 10 6 0.00640477
46 10 6 7 12 0.00195663
46 12 10 6 7 0.00434721
46 8 12 12 9 6.93024e-05
46 9 8 12 12 3.7622e-05
46 12 9 8 12 2.64183e-05
46 12 12 9 8 0.000115342
46 5 12 8 10 0.0014912
46 8 10 5 12 0.00211548
46 10 5 12 8 0.00950459
46 12 8 10 5 0.00615814
46 5 12 11 13 0.00589319
46 11 13 5 12 0.00201007
46 12 11 13 5 0.00573503
46 13 5 12 11 0.00658584
46 4 10 10 12 0.00168327
46 10 10 12 4 0.00150535
46 10 12 4 10 0.00104291
46 12 4 10 10 0.00115075
46 4 13 5 10 0.0014319
46 5 10 4 13 0.00382371
46 10 4 13 5 0.0045817
46 13 5 10 4 0.00242774
46 7 9 12 10 0.00109288
46 9 12 10 7 0.00288475
46 10 7 9 12 0.00251528
46 12 10 7 9 0.00303516
46 7 11 11 11 0.00182883
46 11 7 11 11 0.00121351
46 11 11 7 11 0.00102691
46 11 11 11 7 0.00117506
46 7 12 10 12 0.00240789
46 10 12 7 12 0.00199282
46 12 7 12 10 0.00153402
46 12 10 12 7 0.00367825
46 4 7 8 11 3.74065e-05
46 7 8 11 4 2.34331e-05
46 8 11 4 7 3.32024e-05
46 11 4 7 8 3.65906e-05
46 4 4 4 13 0.00329165
46 4 4 13 4 0.00175215
46 4 13 4 4 0.00143336
46 13 4 4 4 0.00163239
46 5 7 11 10 0.00116895
46 7 11 10 5 0.00328941
46 10 5 7 11 0.00286014
46 11 10 5 7 0.00182346
46 4 4 8 10 0.00093655
46 4 8 10 4 0.00211497
46 8 10 4 4 0.00104957
46 10 4 4 8 0.00536395
46 6 6 10 8 0.0104793
46 6 10 8 6 0.00665442
46 8 6 6 10 0.00200455
46 10 8 6 6 0.0146907
46 5 9 6 12 0.00444011
46 6 12 5 9 0.00868913
46 9 6 12 5 0.00496906
46 12 5 9 6 0.0111596
46 4 9 11 7 0.0021928
46 7 4 9 11 0.00293533
46 9 11 7 4 0.000844481
46 11 7 4 9 0.00203178
46 7 7 9 13 0.00397156
46 7 9 13 7 0.00298289
46 9 13 7 7 0.00197645
46 13 7 7 9 0.00377635
47 5 11 9 12 0.00297545
47 9 12 5 11 0.0104241
47 11 9 12 5 0.0145144
47 12 5 11 9 0.00800532
47 4 10 12 9 0.00482207
47 9 4 10 12 0.00273139
47 10 12 9 4 0.00498088
47 12 9 4 10 0.00148637
47 7 11 12 12 6.21964e-46
47 11 12 12 7 0.00495447
47 12 7 11 12 0.00236522
47 12 12 7 11 0.00403619
47 5 9 7 6 0.00151302
47 6 5 9 7 0.00436247
47 7 6 5 9 9.33799e-46
47 9 7 6 5 0.00469659
47 5 11 8 13 0.00136464
47 8 13 5 11 0.00161284
47 11 8 13 5 0.00945381
47 13 5 11 8 0.00766575
47 4 13 12 10 0.005046
47 10 4 13 12 0.00819905
47 12 10 4 13 0.00330937
47 13 12 10 4 0.00375668
47 4 12 10 12 0.00620459
47 10 12 4 12 0.0062932
47 12 4 12 10 0.00338452
47 12 10 12 4 0.002722
47 7 12 12 12 8.53234e-46
47 12 7 12 12 0.00396772
47 12 12 7 12 0.00394786
47 12 12 12 7 0.00503722
47 4 7 9 8 0.00576225
47 7 9 8 4 1.77919e-46
47 8 4 7 9 0.000744999
47 9 8 4 7 0.00183866
47 6 7 13 13 0.00584249
47 7 13 13 6 1.27262e-45
47 13 6 7 13 0.00788237
47 13 13 6 7 0.00516014
47 6 6 12 11 0.00736462
47 6 12 11 6 0.00575468
47 11 6 6 12 0.00582855
47 12 11 6 6 0.00578895
47 4 4 10 11 0.00520169
47 4 10 11 4 0.00217735
47 10 11 4 4 0.00308807
47 11 4 4 10 0.0020531
47 7 12 8 9 5.2312e-48
47 8 9 7 12 7.76266e-06
47 9 7 12 8 5.54759e-05
47 12 8 9 7 3.90256e-05
47 10 12 13 12 0.0108817
47 12 10 12 13 0.00583976
47 12 13 12 10 0.00409256
47 13 12 10 12 0.00607354
47 5 5 8 9 0.00112398
47 5 8 9 5 0.00237541
47 8 9 5 5 0.0015159
47 9 5 5 8 0.00644512
47 4 7 12 8 0.00612344
47 7 12 8 4 2.34803e-46
47 8 4 7 12 0.000645992
47 12 8 4 7 0.00196685
47 8 10 8 12 0.000469524
47 8 12 8 10 0.00047925
47 10 8 12 8 0.0105758
47 12 8 10 8 0.0047924
47 5 12 6 7 0.00158215
47 6 7 5 12 0.00380913
47 7 5 12 6 1.29019e-45
47 12 6 7 5 0.00744992
47 6 7 7 10 0.00250105
47 7 7 10 6 8.93383e-46
47 7 10 6 7 5.53078e-46
47 10 6 7 7 0.00864159
47 4 7 12 11 0.00588778
47 7 12 11 4 3.70349e-46
47 11 4 7 12 0.00344417
47 12 11 4 7 0.00244956
47 7 13 9 12 8.46676e-46
47 9 12 7 13 0.00566826
47 12 7 13 9 0.0051896
47 13 9 12 7 0.00533187
47 4 11 10 7 0.00538275
47 7 4 11 10 4.06725e-46
47 10 7 4 11 0.0060315
47 11 10 7 4 0.00249724
47 6 7 9 8 0.00443898
47 7 9 8 6 4.03073e-46
47 8 6 7 9 0.00103386
47 9 8 6 7 0.00253517
47 11 13 12 12 0.00548391
47 12 11 13 12 0.00437112
47 12 12 11 13 0.00484083
47 13 12 12 11 0.00755111
47 8 11 8 13 0.00073247
47 8 13 8 11 0.000705337
47 11 8 13 8 0.0065143
47 13 8 11 8 0.00486293
47 4 8 6 13 0.00670741
47 6 13 4 8 0.00467418
47 8 6 13 4 0.00104799
47 13 4 8 6 0.00431709
47 7 9 7 10 5.1946e-48
47 7 10 7 9 7.74562e-48
47 9 7 10 7 4.25984e-05
47 10 7 9 7 9.46283e-05
47 7 10 8 10 3.15751e-46
47 8 10 7 10 0.000713121
47 10 7 10 8 0.011678
47 10 8 10 7 0.00816109
47 5 9 11 8 0.00139715
47 8 5 9 11 0.00138598
47 9 11 8 5 0.00336362
47 11 8 5 9 0.00485623
47 4 13 13 12 0.00773702
47 12 4 13 13 0.00688641
47 13 12 4 13 0.00637944
47 13 13 12 4 0.00478067
47 4 10 6 10 0.00352245
47 6 10 4 10 0.00196802
47 10 4 10 6 0.0109132
47 10 6 10 4 0.00668494
47 6 11 8 9 0.00212916
47 8 9 6 11 0.000787857
47 9 6 11 8 0.00437123
47 11 8 9 6 0.00535577
47 6 10 12 12 0.00435932
47 10 12 12 6 0.0162291
47 12 6 10 12 0.00548763
47 12 12 6 10 0.00366047
47 4 5 11 9 0.00498776
47 5 11 9 4 0.000930013
47 9 4 5 11 0.00396899
47 11 9 4 5 0.00415645
47 8 12 11 11 0.000885376
47 11 8 12 11 0.00463485
47 11 11 8 12 0.00213386
47 12 11 11 8 0.00363848
47 4 10 4 12 0.00296527
47 4 12 4 10 0.0030267
47 10 4 12 4 0.00499098
47 12 4 10 4 0.00226165
47 6 6 13 8 0.00745791
47 6 13 8 6 0.00330312
47 8 6 6 13 0.00144151
47 13 8 6 6 0.00557459
47 8 13 11 9 0.000790429
47 9 8 13 11 0.00374963
47 11 9 8 13 0.00255688
47 13 11 9 8 0.00602171
47 5 6 6 11 0.00260708
47 6 6 11 5 0.00829618
47 6 11 5 6 0.00761412
47 11 5 6 6 0.00902321
47 8 10 11 12 0.000582389
47 10 11 12 8 0.010358
47 11 12 8 10 0.00200941
47 12 8 10 11 0.00362375
47 8 9 13 12 0.00093228
47 9 13 12 8 0.00616381
47 12 8 9 13 0.0049745
47 13 12 8 9 0.00358044
47 5 13 6 13 0.00274351
47 6 13 5 13 0.0083856
47 13 5 13 6 0.0129199
47 13 6 13 5 0.0161237
47 5 12 13 9 0.00213445
47 9 5 12 13 0.00628986
47 12 13 9 5 0.00727036
47 13 9 5 12 0.00434334
47 5 5 9 12 0.00202647
47 5 9 12 5 0.00272908
47 9 12 5 5 0.00846581
47 12 5 5 9 0.00624472
47 5 12 12 12 0.00203814
47 12 5 12 12 0.00547135
47 12 12 5 12 0.00512478
47 12 12 12 5 0.00915057
47 6 7 12 10 0.00308754
47 7 12 10 6 1.09736e-45
47 10 6 7 12 0.00836096
47 12 10 6 7 0.00315916
47 8 12 12 9 1.58474e-05
47 9 8 12 12 4.07562e-05
47 12 9 8 12 2.13317e-05
47 12 12 9 8 7.453e-05
47 5 12 8 10 0.00076866
47 8 10 5 12 0.000924262
47 10 5 12 8 0.014352
47 12 8 10 5 0.00598735
47 5 12 11 13 0.00223466
47 11 13 5 12 0.00636538
47 12 11 13 5 0.0090594
47 13 5 12 11 0.00935758
47 4 10 10 12 0.00485011
47 10 10 12 4 0.00536936
47 10 12 4 10 0.00502129
47 12 4 10 10 0.00302532
47 4 13 5 10 0.00544824
47 5 10 4 13 0.00142106
47 10 4 13 5 0.0158069
47 13 5 10 4 0.00433045
47 7 9 12 10 5.39779e-46
47 9 12 10 7 0.00440432
47 10 7 9 12 0.00770649
47 12 10 7 9 0.00372404
47 7 11 11 11 4.95726e-46
47 11 7 11 11 0.00311046
47 11 11 7 11 0.00378453
47 11 11 11 7 0.00281554
47 7 12 10 12 8.22037e-46
47 10 12 7 12 0.00839356
47 12 7 12 10 0.0034122
47 12 10 12 7 0.00424404
47 4 7 8 11 4.05582e-05
47 7 8 11 4 3.95089e-48
47 8 11 4 7 8.23642e-06
47 11 4 7 8 6.67483e-05
47 4 4 4 13 0.00428112
47 4 4 13 4 0.00345046
47 4 13 4 4 0.00241295
47 13 4 4 4 0.00195335
47 5 7 11 10 0.000890551
47 7 11 10 5 1.17786e-45
47 10 5 7 11 0.0100858
47 11 10 5 7 0.00459537
47 4 4 8 10 0.0020526
47 4 8 10 4 0.00292338
47 8 10 4 4 0.000370354
47 10 4 4 8 0.00656176
47 6 6 10 8 0.00702755
47 6 10 8 6 0.00292745
47 8 6 6 10 0.000895331
47 10 8 6 6 0.00941141
47 5 9 6 12 0.00114923
47 6 12 5 9 0.00534619
47 9 6 12 5 0.00851826
47 12 5 9 6 0.00687087
47 4 9 11 7 0.00312215
47 7 4 9 11 6.88338e-46
47 9 11 7 4 0.00185188
47 11 7 4 9 0.00283849
47 7 7 9 13 9.29145e-46
47 7 9 13 7 7.01395e-46
47 9 13 7 7 0.00372268
47 13 7 7 9 0.00479206
48 5 11 9 12 0.0180488
48 9 12 5 11 0.00487527
48 11 9 12 5 0.0125198
48 12 5 11 9 0.00321876
48 4 10 12 9 0.00344199
48 9 4 10 12 0.00672303
48 10 12 9 4 0.00251756
48 12 9 4 10 0.00115094
48 7 11 12 12 0.0098336
48 11 12 12 7 0.00444551
48 12 7 11 12 0.00225707
48 12 12 7 11 0.00199536
48 5 9 7 6 0.00274407
48 6 5 9 7 0.00260845
48 7 6 5 9 0.00162173
48 9 7 6 5 0.00415206
48 5 11 8 13 0.00755589
48 8 13 5 11 0.00179847
48 11 8 13 5 0.00473227
48 13 5 11 8 0.00433668
48 4 13 12 10 0.00125634
48 10 4 13 12 0.00615307
48 12 10 4 13 0.00252394
48 13 12 10 4 0.0040795
48 4 12 10 12 0.005446
48 10 12 4 12 0.00199366
48 12 4 12 10 0.00599943
48 12 10 12 4 0.00415379
48 7 12 12 12 0.00392733
48 12 7 12 12 0.00333985
48 12 12 7 12 0.00286767
48 12 12 12 7 0.00399228
48 4 7 9 8 0.00578305
48 7 9 8 4 0.00196795
48 8 4 7 9 0.0064104
48 9 8 4 7 0.00126967
48 6 7 13 13 0.00305428
48 7 13 13 6 0.00175523
48 13 6 7 13 0.00235737
48 13 13 6 7 0.00174077
48 6 6 12 11 0.00246926
48 6 12 11 6 0.00468148
48 11 6 6 12 0.00412197
48 12 11 6 6 0.0180931
48 4 4 10 11 0.00869344
48 4 10 11 4 0.00384562
48 10 11 4 4 0.00489901
48 11 4 4 10 0.00405324
48 7 12 8 9 2.13396e-05
48 8 9 7 12 4.44042e-05
48 9 7 12 8 5.18361e-05
48 12 8 9 7 2.88199e-05
48 10 12 13 12 0.00291895
48 12 10 12 13 0.00452735
48 12 13 12 10 0.000998065
48 13 12 10 12 0.00452399
48 5 5 8 9 0.00113744
48 5 8 9 5 0.00291919
48 8 9 5 5 0.00644564
48 9 5 5 8 0.00334445
48 4 7 12 8 0.00570827
48 7 12 8 4 0.00209058
48 8 4 7 12 0.00832167
48 12 8 4 7 0.00132722
48 8 10 8 12 0.00413351
48 8 12 8 10 0.00255391
48 10 8 12 8 0.00319737
48 12 8 10 8 0.00386816
48 5 12 6 7 0.00344194
48 6 7 5 12 0.00284157
48 7 5 12 6 0.00386362
48 12 6 7 5 0.0027918
48 6 7 7 10 0.00167645
48 7 7 10 6 0.00478046
48 7 10 6 7 0.00463337
48 10 6 7 7 0.00176681
48 4 7 12 11 0.00344365
48 7 12 11 4 0.0028174
48 11 4 7 12 0.00792398
48 12 11 4 7 0.00656025
48 7 13 9 12 0.00161492
48 9 12 7 13 0.00312067
48 12 7 13 9 0.00243053
48 13 9 12 7 0.0045483
48 4 11 10 7 0.0168629
48 7 4 11 10 0.00493223
48 10 7 4 11 0.00143513
48 11 10 7 4 0.00410858
48 6 7 9 8 0.0043926
48 7 9 8 6 0.00285805
48 8 6 7 9 0.00204019
48 9 8 6 7 0.00227143
48 11 13 12 12 0.00182272
48 12 11 13 12 0.00953963
48 12 12 11 13 0.00310033
48 13 12 12 11 0.00339619
48 8 11 8 13 0.0119547
48 8 13 8 11 0.00118535
48 11 8 13 8 0.00439912
48 13 8 11 8 0.0034203
48 4 8 6 13 0.00427367
48 6 13 4 8 0.00147409
48 8 6 13 4 0.00394817
48 13 4 8 6 0.00989727
48 7 9 7 10 2.34974e-05
48 7 10 7 9 3.11215e-05
48 9 7 10 7 4.29756e-05
48 10 7 9 7 3.76198e-05
48 7 10 8 10 0.00219816
48 8 10 7 10 0.00374304
48 10 7 10 8 0.00507429
48 10 8 10 7 0.00266397
48 5 9 11 8 0.00350111
48 8 5 9 11 0.00341817
48 9 11 8 5 0.00962114
48 11 8 5 9 0.0021343
48 4 13 13 12 0.0019317
48 12 4 13 13 0.00906626
48 13 12 4 13 0.00307171
48 13 13 12 4 0.0017728
48 4 10 6 10 0.0039911
48 6 10 4 10 0.00169453
48 10 4 10 6 0.0103573
48 10 6 10 4 0.00226973
48 6 11 8 9 0.00497667
48 8 9 6 11 0.00411106
48 9 6 11 8 0.0026921
48 11 8 9 6 0.00402748
48 6 10 12 12 0.00459328
48 10 12 12 6 0.00488436
48 12 6 10 12 0.00302711
48 12 12 6 10 0.00296033
48 4 5 11 9 0.00204745
48 5 11 9 4 0.00822446
48 9 4 5 11 0.00519322
48 11 9 4 5 0.003527
48 8 12 11 11 0.00330295
48 11 8 12 11 0.00235753
48 11 11 8 12 0.00839797
48 12 11 11 8 0.0117229
48 4 10 4 12 0.0031173
48 4 12 4 10 0.00192604
48 10 4 12 4 0.00655544
48 12 4 10 4 0.00793074
48 6 6 13 8 0.00331979
48 6 13 8 6 0.00121049
48 8 6 6 13 0.00422771
48 13 8 6 6 0.00380344
48 8 13 11 9 0.00111391
48 9 8 13 11 0.00143604
48 11 9 8 13 0.00269553
48 13 11 9 8 0.0159631
48 5 6 6 11 0.00238356
48 6 6 11 5 0.00372552
48 6 11 5 6 0.016523
48 11 5 6 6 0.00647056
48 8 10 11 12 0.00438077
48 10 11 12 8 0.0124285
48 11 12 8 10 0.00191244
48 12 8 10 11 0.00183513
48 8 9 13 12 0.00466459
48 9 13 12 8 0.00200875
48 12 8 9 13 0.00261857
48 13 12 8 9 0.00209696
48 5 13 6 13 0.00163751
48 6 13 5 13 0.00161596
48 13 5 13 6 0.00462703
48 13 6 13 5 0.0045789
48 5 12 13 9 0.001948
48 9 5 12 13 0.00253135
48 12 13 9 5 0.00184772
48 13 9 5 12 0.00313922
48 5 5 9 12 0.00249121
48 5 9 12 5 0.00447152
48 9 12 5 5 0.00467771
48 12 5 5 9 0.0019499
48 5 12 12 12 0.00334314
48 12 5 12 12 0.00290518
48 12 12 5 12 0.00344139
48 12 12 12 5 0.00561208
48 6 7 12 10 0.0021732
48 7 12 10 6 0.00532085
48 10 6 7 12 0.00164516
48 12 10 6 7 0.00438568
48 8 12 12 9 5.11811e-05
48 9 8 12 12 2.75329e-05
48 12 9 8 12 2.68193e-05
48 12 12 9 8 6.63892e-05
48 5 12 8 10 0.00138962
48 8 10 5 12 0.00539909
48 10 5 12 8 0.00349002
48 12 8 10 5 0.00358221
48 5 12 11 13 0.00307777
48 11 13 5 12 0.00186263
48 12 11 13 5 0.0158975
48 13 5 12 11 0.0029298
48 4 10 10 12 0.00584203
48 10 10 12 4 0.0034593
48 10 12 4 10 0.00132137
48 12 4 10 10 0.00604458
48 4 13 5 10 0.00119424
48 5 10 4 13 0.00233069
48 10 4 13 5 0.00953816
48 13 5 10 4 0.00327362
48 7 9 12 10 0.00256391
48 9 12 10 7 0.00402631
48 10 7 9 12 0.00294854
48 12 10 7 9 0.00247956
48 7 11 11 11 0.00604728
48 11 7 11 11 0.00228705
48 11 11 7 11 0.0072757
48 11 11 11 7 0.00983763
48 7 12 10 12 0.00426484
48 10 12 7 12 0.00257408
48 12 7 12 10 0.00238589
48 12 10 12 7 0.00461591
48 4 7 8 11 3.14743e-05
48 7 8 11 4 2.6013e-05
48 8 11 4 7 0.000139827
48 11 4 7 8 0.000166581
48 4 4 4 13 0.00679579
48 4 4 13 4 0.00912884
48 4 13 4 4 0.00103726
48 13 4 4 4 0.00517945
48 5 7 11 10 0.00151809
48 7 11 10 5 0.0168778
48 10 5 7 11 0.00146542
48 11 10 5 7 0.00498156
48 4 4 8 10 0.0049286
48 4 8 10 4 0.00323767
48 8 10 4 4 0.00352433
48 10 4 4 8 0.00630848
48 6 6 10 8 0.00423297
48 6 10 8 6 0.00382493
48 8 6 6 10 0.00294498
48 10 8 6 6 0.00312908
48 5 9 6 12 0.00298913
48 6 12 5 9 0.00241391
48 9 6 12 5 0.00343018
48 12 5 9 6 0.00367083
48 4 9 11 7 0.00355791
48 7 4 9 11 0.00649483
48 9 11 7 4 0.00689344
48 11 7 4 9 0.00177745
48 7 7 9 13 0.00376345
48 7 9 13 7 0.00347136
48 9 13 7 7 0.0011067
48 13 7 7 9 0.00222304
49 3 0 1 10 0.0363545
49 3 0 2 11 0.0769282
49 2 0 2 12 0.0291058
49 1 0 2 11 0.0593035
49 3 0 2 4 0.0309105
49 3 0 3 4 0.0279935
49 2 0 1 11 0.0800823
49 1 0 3 10 0.0248865
49 3 0 3 5 0.026889
49 2 0 1 4 0.0330253
49 2 0 3 12 0.026625
49 1 0 2 12 0.0233088
49 1 0 3 4 0.0216615
49 2 0 1 7 0.0353671
49 2 0 2 11 0.0378603
49 1 0 3 8 0.0273196
49 3 0 3 13 0.0319853
49 3 0 1 6 0.0346635
49 2 0 1 5 0.0328902
49 1 0 3 12 0.021538
49 2 0 2 7 0.0342449
49 1 0 2 9 0.0326112
49 2 0 1 12 0.0319145
49 3 0 3 9 0.0384111
49 1 0 3 6 0.0249297
49 1 0 2 4 0.0236838
49 3 0 3 8 0.0352663
49 2 0 2 10 0.0347191
49 1 0 1 4 0.0255209
50 1 10 3 0 0.0303491
50 2 11 3 0 0.0737219
50 2 12 2 0 0.0323655
50 2 11 1 0 0.0632802
50 2 4 3 0 0.0363633
50 3 4 3 0 0.0304706
50 1 11 2 0 0.0762587
50 3 10 1 0 0.0222073
50 3 5 3 0 0.0225842
50 1 4 2 0 0.0386053
50 3 12 2 0 0.0273943
50 2 12 1 0 0.0279935
50 3 4 1 0 0.0262536
50 1 7 2 0 0.0301693
50 2 11 2 0 0.0374055
50 3 8 1 0 0.0269259
50 3 13 3 0 0.0281415
50 1 6 3 0 0.0337016
50 1 5 2 0 0.0296668
50 3 12 1 0 0.0239338
50 2 7 2 0 0.0303082
50 2 9 1 0 0.0335178
50 1 12 2 0 0.0342052
50 3 9 3 0 0.0328063
50 3 6 1 0 0.0259082
50 2 4 1 0 0.0310231
50 3 8 3 0 0.0312162
50 2 10 2 0 0.0310025
50 1 4 1 0 0.0322204
51 5 11 9 12 0.00691235
51 9 12 5 11 0.0135992
51 11 9 12 5 0.00204165
51 12 5 11 9 0.00889773
51 4 10 12 9 0.00115817
51 9 4 10 12 0.00585806
51 10 12 9 4 0.00399652
51 12 9 4 10 0.00163633
51 7 11 12 12 0.00225666
51 11 12 12 7 0.00241656
51 12 7 11 12 0.00268005
51 12 12 7 11 0.006778
51 5 9 7 6 0.0012707
51 6 5 9 7 0.00542385
51 7 6 5 9 0.00156465
51 9 7 6 5 0.0019483
51 5 11 8 13 0.00134564
51 8 13 5 11 0.00863659
51 11 8 13 5 0.00487401
51 13 5 11 8 0.00424869
51 4 13 12 10 0.00248983
51 10 4 13 12 0.00517032
51 12 10 4 13 0.00097623
51 13 12 10 4 0.0144932
51 4 12 10 12 0.0035408
51 10 12 4 12 0.00343617
51 12 4 12 10 0.00432355
51 12 10 12 4 0.00613906
51 7 12 12 12 0.00317524
51 12 7 12 12 0.00432295
51 12 12 7 12 0.00268542
51 12 12 12 7 0.00307287
51 4 7 9 8 0.00102138
51 7 9 8 4 0.00202521
51 8 4 7 9 0.00240389
51 9 8 4 7 0.00378821
51 6 7 13 13 0.00326241
51 7 13 13 6 0.00407521
51 13 6 7 13 0.00105148
51 13 13 6 7 0.00259201
51 6 6 12 11 0.016113
51 6 12 11 6 0.00268132
51 11 6 6 12 0.00238597
51 12 11 6 6 0.00146084
51 4 4 10 11 0.00998807
51 4 10 11 4 0.0022847
51 10 11 4 4 0.00558598
51 11 4 4 10 0.00389111
51 7 12 8 9 2.23934e-05
51 8 9 7 12 1.43818e-05
51 9 7 12 8 3.37898e-05
51 12 8 9 7 2.81881e-05
51 10 12 13 12 0.00503482
51 12 10 12 13 0.000928388
51 12 13 12 10 0.00451399
51 13 12 10 12 0.00689584
51 5 5 8 9 0.00716491
51 5 8 9 5 0.00327868
51 8 9 5 5 0.000694365
51 9 5 5 8 0.0028806
51 4 7 12 8 0.00135258
51 7 12 8 4 0.00422236
51 8 4 7 12 0.00257692
51 12 8 4 7 0.00328498
51 8 10 8 12 0.00190694
51 8 12 8 10 0.00274865
51 10 8 12 8 0.0020809
51 12 8 10 8 0.00408783
51 5 12 6 7 0.00318256
51 6 7 5 12 0.00341742
51 7 5 12 6 0.00416719
51 12 6 7 5 0.00183015
51 6 7 7 10 0.00471737
51 7 7 10 6 0.00428766
51 7 10 6 7 0.00130729
51 10 6 7 7 0.00193676
51 4 7 12 11 0.00708481
51 7 12 11 4 0.00487044
51 11 4 7 12 0.00255299
51 12 11 4 7 0.00270337
51 7 13 9 12 0.00297539
51 9 12 7 13 0.00113922
51 12 7 13 9 0.00719141
51 13 9 12 7 0.00183249
51 4 11 10 7 0.00258073
51 7 4 11 10 0.00284045
51 10 7 4 11 0.0125127
51 11 10 7 4 0.00432688
51 6 7 9 8 0.00239347
51 7 9 8 6 0.000627926
51 8 6 7 9 0.00225163
51 9 8 6 7 0.00221302
51 11 13 12 12 0.00365279
51 12 11 13 12 0.00474392
51 12 12 11 13 0.000853661
51 13 12 12 11 0.0117463
51 8 11 8 13 0.000740967
51 8 13 8 11 0.0088766
51 11 8 13 8 0.00387681
51 13 8 11 8 0.00213081
51 4 8 6 13 0.000590202
51 6 13 4 8 0.00445598
51 8 6 13 4 0.0156901
51 13 4 8 6 0.00245182
51 7 9 7 10 1.55664e-05
51 7 10 7 9 2.10041e-05
51 9 7 10 7 8.88989e-05
51 10 7 9 7 2.96332e-05
51 7 10 8 10 0.00207424
51 8 10 7 10 0.00259089
51 10 7 10 8 0.00431868
51 10 8 10 7 0.00550184
51 5 9 11 8 0.00123764
51 8 5 9 11 0.0156101
51 9 11 8 5 0.00159895
51 11 8 5 9 0.00198513
51 4 13 13 12 0.00453391
51 12 4 13 13 0.00250236
51 13 12 4 13 0.0017865
51 13 13 12 4 0.012045
51 4 10 6 10 0.00108867
51 6 10 4 10 0.00436701
51 10 4 10 6 0.00366757
51 10 6 10 4 0.0110796
51 6 11 8 9 0.00230045
51 8 9 6 11 0.00294846
51 9 6 11 8 0.00165507
51 11 8 9 6 0.00166926
51 6 10 12 12 0.00393751
51 10 12 12 6 0.00222085
51 12 6 10 12 0.0064396
51 12 12 6 10 0.00269731
51 4 5 11 9 0.00248006
51 5 11 9 4 0.0073414
51 9 4 5 11 0.00705702
51 11 9 4 5 0.00108487
51 8 12 11 11 0.00692457
51 11 8 12 11 0.00955644
51 11 11 8 12 0.00167467
51 12 11 11 8 0.00118362
51 4 10 4 12 0.00163377
51 4 12 4 10 0.00235491
51 10 4 12 4 0.00680143
51 12 4 10 4 0.0133611
51 6 6 13 8 0.00470966
51 6 13 8 6 0.0024765
51 8 6 6 13 0.000760626
51 13 8 6 6 0.00189483
51 8 13 11 9 0.00238354
51 9 8 13 11 0.0187554
51 11 9 8 13 0.000312042
51 13 11 9 8 0.0013453
51 5 6 6 11 0.0138213
51 6 6 11 5 0.00300191
51 6 11 5 6 0.0020125
51 11 5 6 6 0.00348503
51 8 10 11 12 0.00172981
51 10 11 12 8 0.0013467
51 11 12 8 10 0.00214149
51 12 8 10 11 0.0168386
51 8 9 13 12 0.00282651
51 9 13 12 8 0.00287064
51 12 8 9 13 0.000998729
51 13 12 8 9 0.00259511
51 5 13 6 13 0.00180512
51 6 13 5 13 0.00137782
51 13 5 13 6 0.0111098
51 13 6 13 5 0.00576918
51 5 12 13 9 0.00806083
51 9 5 12 13 0.00245547
51 12 13 9 5 0.00190816
51 13 9 5 12 0.00104822
51 5 5 9 12 0.00901174
51 5 9 12 5 0.00201376
51 9 12 5 5 0.00175633
51 12 5 5 9 0.00403839
51 5 12 12 12 0.00605183
51 12 5 12 12 0.00722901
51 12 12 5 12 0.00219532
51 12 12 12 5 0.00254324
51 6 7 12 10 0.0060609
51 7 12 10 6 0.00342207
51 10 6 7 12 0.00217461
51 12 10 6 7 0.00142051
51 8 12 12 9 3.90478e-05
51 9 8 12 12 5.25165e-05
51 12 9 8 12 1.35939e-05
51 12 12 9 8 1.91879e-05
51 5 12 8 10 0.00429726
51 8 10 5 12 0.00159726
51 10 5 12 8 0.00357193
51 12 8 10 5 0.00442432
51 5 12 11 13 0.00165285
51 11 13 5 12 0.00256557
51 12 11 13 5 0.00386001
51 13 5 12 11 0.027167
51 4 10 10 12 0.00259502
51 10 10 12 4 0.0050335
51 10 12 4 10 0.00362992
51 12 4 10 10 0.00696385
51 4 13 5 10 0.00162669
51 5 10 4 13 0.00175824
51 10 4 13 5 0.00391331
51 13 5 10 4 0.0311805
51 7 9 12 10 0.00168345
51 9 12 10 7 0.00597226
51 10 7 9 12 0.00280064
51 12 10 7 9 0.0019211
51 7 11 11 11 0.00461802
51 11 7 11 11 0.00695702
51 11 11 7 11 0.00495429
51 11 11 11 7 0.00139247
51 7 12 10 12 0.00551234
51 10 12 7 12 0.00237318
51 12 7 12 10 0.00492213
51 12 10 12 7 0.00242735
51 4 7 8 11 6.94035e-05
51 7 8 11 4 7.66634e-05
51 8 11 4 7 3.91123e-05
51 11 4 7 8 2.24221e-05
51 4 4 4 13 0.000821276
51 4 4 13 4 0.00795738
51 4 13 4 4 0.00566998
51 13 4 4 4 0.0105766
51 5 7 11 10 0.00560357
51 7 11 10 5 0.00302327
51 10 5 7 11 0.013139
51 11 10 5 7 0.00127159
51 4 4 8 10 0.00166813
51 4 8 10 4 0.00836426
51 8 10 4 4 0.00666899
51 10 4 4 8 0.0022129
51 6 6 10 8 0.00508576
51 6 10 8 6 0.00174869
51 8 6 6 10 0.00261142
51 10 8 6 6 0.00149394
51 5 9 6 12 0.00169814
51 6 12 5 9 0.00252092
51 9 6 12 5 0.0026866
51 12 5 9 6 0.0033878
51 4 9 11 7 0.000560907
51 7 4 9 11 0.0069165
51 9 11 7 4 0.00514804
51 11 7 4 9 0.00371134
51 7 7 9 13 0.00102282
51 7 9 13 7 0.00223862
51 9 13 7 7 0.00316755
51 13 7 7 9 0.0036117
52 5 11 9 12 0.0100282
52 9 12 5 11 8.53718e-46
52 11 9 12 5 0.0273829
52 12 5 11 9 5.33741e-46
52 4 10 12 9 0.00408253
52 9 4 10 12 9.23945e-46
52 10 12 9 4 0.000905957
52 12 9 4 10 0.00557603
52 7 11 12 12 0.0033593
52 11 12 12 7 0.00253844
52 12 7 11 12 5.96764e-48
52 12 12 7 11 0.00203936
52 5 9 7 6 0.0268982
52 6 5 9 7 0.00291816
52 7 6 5 9 4.82569e-46
52 9 7 6 5 4.88538e-05
52 5 11 8 13 8.90168e-46
52 8 13 5 11 1.93678e-45
52 11 8 13 5 0.0231624
52 13 5 11 8 7.08912e-46
52 4 13 12 10 0.00405077
52 10 4 13 12 6.96852e-46
52 12 10 4 13 0.00857079
52 13 12 10 4 0.00448506
52 4 12 10 12 0.00226231
52 10 12 4 12 0.00228037
52 12 4 12 10 4.97718e-46
52 12 10 12 4 0.00835184
52 7 12 12 12 0.00291191
52 12 7 12 12 7.33596e-05
52 12 12 7 12 0.00307202
52 12 12 12 7 0.00211102
52 4 7 9 8 2.70195e-05
52 7 9 8 4 6.64832e-46
52 8 4 7 9 1.0288e-45
52 9 8 4 7 0.00922706
52 6 7 13 13 0.000200925
52 7 13 13 6 0.016731
52 13 6 7 13 0.00958233
52 13 13 6 7 0.00419482
52 6 6 12 11 0.00997509
52 6 12 11 6 8.64245e-46
52 11 6 6 12 0.00377442
52 12 11 6 6 0.00256029
52 4 4 10 11 3.57458e-46
52 4 10 11 4 5.01843e-46
52 10 11 4 4 0.00241002
52 11 4 4 10 6.45369e-46
52 7 12 8 9 2.31371e-48
52 8 9 7 12 0.000229275
52 9 7 12 8 1.28928e-06
52 12 8 9 7 4.10561e-05
52 10 12 13 12 0.00318634
52 12 10 12 13 0.00865022
52 12 13 12 10 0.00596834
52 13 12 10 12 0.00532819
52 5 5 8 9 5.9417e-46
52 5 8 9 5 0.0123749
52 8 9 5 5 2.59213e-45
52 9 5 5 8 7.17362e-46
52 4 7 12 8 4.45241e-05
52 7 12 8 4 2.07177e-46
52 8 4 7 12 1.30769e-45
52 12 8 4 7 0.00560996
52 8 10 8 12 1.80243e-45
52 8 12 8 10 4.13428e-46
52 10 8 12 8 0.00609532
52 12 8 10 8 0.00882782
52 5 12 6 7 0.00192144
52 6 7 5 12 1.74475e-47
52 7 5 12 6 0.00515175
52 12 6 7 5 0.00654084
52 6 7 7 10 0.000108656
52 7 7 10 6 0.000105202
52 7 10 6 7 0.00269917
52 10 6 7 7 0.00311892
52 4 7 12 11 3.89098e-05
52 7 12 11 4 2.34727e-46
52 11 4 7 12 9.51035e-46
52 12 11 4 7 0.00284058
52 7 13 9 12 0.00536373
52 9 12 7 13 0.00509859
52 12 7 13 9 9.2481e-05
52 13 9 12 7 0.0125332
52 4 11 10 7 0.00224502
52 7 4 11 10 4.80409e-89
52 10 7 4 11 4.52517e-05
52 11 10 7 4 0.0125714
52 6 7 9 8 7.57679e-05
52 7 9 8 6 1.04833e-45
52 8 6 7 9 0.00883104
52 9 8 6 7 0.00370245
52 11 13 12 12 0.0111896
52 12 11 13 12 0.00566725
52 12 12 11 13 2.51651e-46
52 13 12 12 11 0.00376531
52 8 11 8 13 7.51904e-46
52 8 13 8 11 1.3015e-45
52 11 8 13 8 0.0181441
52 13 8 11 8 1.41722e-45
52 4 8 6 13 0.00278585
52 6 13 4 8 0.0195257
52 8 6 13 4 0.0188009
52 13 4 8 6 1.73164e-88
52 7 9 7 10 8.80396e-05
52 7 10 7 9 9.41005e-05
52 9 7 10 7 1.14417e-06
52 10 7 9 7 2.91483e-07
52 7 10 8 10 6.95545e-46
52 8 10 7 10 0.0168977
52 10 7 10 8 6.29846e-05
52 10 8 10 7 0.00543611
52 5 9 11 8 1.90491e-45
52 8 5 9 11 0.00372541
52 9 11 8 5 6.48362e-46
52 11 8 5 9 1.13018e-45
52 4 13 13 12 0.0100431
52 12 4 13 13 1.07584e-45
52 13 12 4 13 0.00562758
52 13 13 12 4 0.0143814
52 4 10 6 10 0.00194362
52 6 10 4 10 0.0135829
52 10 4 10 6 7.10363e-46
52 10 6 10 4 0.00386703
52 6 11 8 9 5.07375e-46
52 8 9 6 11 0.00572868
52 9 6 11 8 7.80549e-46
52 11 8 9 6 0.00902751
52 6 10 12 12 0.0196941
52 10 12 12 6 0.00318592
52 12 6 10 12 0.00652602
52 12 12 6 10 0.000943635
52 4 5 11 9 1.83058e-46
52 5 11 9 4 0.00426567
52 9 4 5 11 9.4349e-89
52 11 9 4 5 0.0137103
52 8 12 11 11 4.07695e-46
52 11 8 12 11 0.00830433
52 11 11 8 12 4.54788e-46
52 12 11 11 8 3.25507e-46
52 4 10 4 12 0.00643439
52 4 12 4 10 0.00147587
52 10 4 12 4 4.08586e-46
52 12 4 10 4 5.91754e-46
52 6 6 13 8 0.015703
52 6 13 8 6 1.98784e-45
52 8 6 6 13 0.00449612
52 13 8 6 6 0.00803157
52 8 13 11 9 1.10068e-45
52 9 8 13 11 0.0136606
52 11 9 8 13 9.58063e-46
52 13 11 9 8 0.00337179
52 5 6 6 11 0.0051068
52 6 6 11 5 1.48409e-45
52 6 11 5 6 1.63959e-45
52 11 5 6 6 0.0038079
52 8 10 11 12 1.60593e-45
52 10 11 12 8 0.00242713
52 11 12 8 10 2.36451e-46
52 12 8 10 11 0.00606689
52 8 9 13 12 0.0289892
52 9 13 12 8 0.0129309
52 12 8 9 13 0.00475709
52 13 12 8 9 3.5634e-46
52 5 13 6 13 0.00871773
52 6 13 5 13 2.27796e-45
52 13 5 13 6 0.0164016
52 13 6 13 5 0.0197387
52 5 12 13 9 0.00679363
52 9 5 12 13 0.00520739
52 12 13 9 5 0.00491766
52 13 9 5 12 1.74641e-45
52 5 5 9 12 0.00533063
52 5 9 12 5 0.0239851
52 9 12 5 5 6.71036e-46
52 12 5 5 9 3.77218e-46
52 5 12 12 12 0.0067305
52 12 5 12 12 0.00391864
52 12 12 5 12 3.67381e-46
52 12 12 12 5 0.00333434
52 6 7 12 10 9.99498e-05
52 7 12 10 6 0.00405246
52 10 6 7 12 0.00417507
52 12 10 6 7 0.00261941
52 8 12 12 9 5.61809e-05
52 9 8 12 12 0.000161848
52 12 9 8 12 9.95123e-48
52 12 12 9 8 1.99099e-05
52 5 12 8 10 4.21358e-46
52 8 10 5 12 2.30907e-45
52 10 5 12 8 0.00262479
52 12 8 10 5 0.00970165
52 5 12 11 13 6.61615e-46
52 11 13 5 12 1.60579e-45
52 12 11 13 5 0.00738145
52 13 5 12 11 0.00576361
52 4 10 10 12 0.00687634
52 10 10 12 4 0.0058885
52 10 12 4 10 0.00158983
52 12 4 10 10 5.08233e-46
52 4 13 5 10 5.4074e-46
52 5 10 4 13 0.0209605
52 10 4 13 5 8.44278e-46
52 13 5 10 4 0.00638612
52 7 9 12 10 0.00681679
52 9 12 10 7 0.00370989
52 10 7 9 12 3.28433e-05
52 12 10 7 9 0.0076867
52 7 11 11 11 2.37247e-46
52 11 7 11 11 6.22992e-48
52 11 11 7 11 0.00369977
52 11 11 11 7 3.11545e-46
52 7 12 10 12 0.00320486
52 10 12 7 12 0.00233452
52 12 7 12 10 5.51257e-05
52 12 10 12 7 0.0069159
52 4 7 8 11 5.09199e-50
52 7 8 11 4 9.74738e-48
52 8 11 4 7 8.56035e-05
52 11 4 7 8 1.31675e-47
52 4 4 4 13 4.55597e-46
52 4 4 13 4 6.14644e-46
52 4 13 4 4 0.00527481
52 13 4 4 4 1.03601e-45
52 5 7 11 10 1.11816e-47
52 7 11 10 5 0.00456718
52 10 5 7 11 0.00224988
52 11 10 5 7 1.13187e-45
52 4 4 8 10 3.15662e-89
52 4 8 10 4 0.00564668
52 8 10 4 4 0.0178069
52 10 4 4 8 4.93047e-46
52 6 6 10 8 0.0119638
52 6 10 8 6 2.3799e-45
52 8 6 6 10 0.00371399
52 10 8 6 6 0.00365933
52 5 9 6 12 0.00817777
52 6 12 5 9 5.23881e-46
52 9 6 12 5 0.00980491
52 12 5 9 6 0.003006
52 4 9 11 7 4.16249e-46
52 7 4 9 11 2.85521e-46
52 9 11 7 4 0.00546071
52 11 7 4 9 7.65265e-05
52 7 7 9 13 4.2841e-05
52 7 9 13 7 0.0103522
52 9 13 7 7 0.0106035
52 13 7 7 9 0.00010743
53 5 11 9 12 1.0074e-47
53 9 12 5 11 9.13813e-49
53 11 9 12 5 1.36938e-47
53 12 5 11 9 8.44896e-48
53 4 10 12 9 1.78972e-48
53 9 4 10 12 6.19125e-48
53 10 12 9 4 1.5341e-48
53 12 9 4 10 1.97879e-48
53 7 11 12 12 2.92492e-48
53 11 12 12 7 3.00738e-48
53 12 7 11 12 0.0221977
53 12 12 7 11 1.34254e-48
53 5 9 7 6 1.13993e-47
53 6 5 9 7 4.77306e-48
53 7 6 5 9 1.01041e-48
53 9 7 6 5 0.0664938
53 5 11 8 13 5.06388e-48
53 8 13 5 11 9.47344e-49
53 11 8 13 5 1.15232e-47
53 13 5 11 8 7.28054e-48
53 4 13 12 10 1.73045e-48
53 10 4 13 12 3.93958e-48
53 12 10 4 13 2.43167e-48
53 13 12 10 4 7.26678e-48
53 4 12 10 12 2.79763e-48
53 10 12 4 12 1.8118e-48
53 12 4 12 10 2.58147e-48
53 12 10 12 4 2.67576e-48
53 7 12 12 12 2.72494e-48
53 12 7 12 12 0.0276431
53 12 12 7 12 1.89188e-48
53 12 12 12 7 2.18154e-48
53 4 7 9 8 0.0147359
53 7 9 8 4 2.03229e-48
53 8 4 7 9 4.47451e-48
53 9 8 4 7 2.77911e-48
53 6 7 13 13 0.0961435
53 7 13 13 6 1.23461e-47
53 13 6 7 13 5.80748e-48
53 13 13 6 7 7.70229e-48
53 6 6 12 11 5.95433e-48
53 6 12 11 6 8.98748e-48
53 11 6 6 12 8.8717e-48
53 12 11 6 6 9.2142e-48
53 4 4 10 11 2.43631e-48
53 4 10 11 4 1.28532e-48
53 10 11 4 4 1.94729e-48
53 11 4 4 10 2.84973e-48
53 7 12 8 9 2.51558e-50
53 8 9 7 12 4.97505e-50
53 9 7 12 8 0.00051033
53 12 8 9 7 2.83302e-50
53 10 12 13 12 3.4938e-48
53 12 10 12 13 3.30483e-48
53 12 13 12 10 3.14827e-48
53 13 12 10 12 7.89835e-48
53 5 5 8 9 5.91805e-48
53 5 8 9 5 7.49081e-48
53 8 9 5 5 1.30646e-48
53 9 5 5 8 1.01932e-48
53 4 7 12 8 0.0167691
53 7 12 8 4 1.33316e-48
53 8 4 7 12 3.07975e-48
53 12 8 4 7 1.98522e-48
53 8 10 8 12 2.46542e-48
53 8 12 8 10 1.94073e-48
53 10 8 12 8 3.71141e-48
53 12 8 10 8 7.67158e-48
53 5 12 6 7 6.84225e-48
53 6 7 5 12 0.00973615
53 7 5 12 6 8.13343e-48
53 12 6 7 5 3.80922e-48
53 6 7 7 10 0.0422759
53 7 7 10 6 0.145725
53 7 10 6 7 4.68214e-48
53 10 6 7 7 2.89588e-48
53 4 7 12 11 0.0126929
53 7 12 11 4 2.36992e-48
53 11 4 7 12 3.46194e-48
53 12 11 4 7 2.02827e-48
53 7 13 9 12 3.81126e-48
53 9 12 7 13 3.48327e-48
53 12 7 13 9 0.0659551
53 13 9 12 7 5.97296e-48
53 4 11 10 7 3.53456e-48
53 7 4 11 10 3.04768e-48
53 10 7 4 11 0.019176
53 11 10 7 4 3.76522e-48
53 6 7 9 8 0.0485065
53 7 9 8 6 4.3021e-48
53 8 6 7 9 5.79396e-48
53 9 8 6 7 5.24138e-48
53 11 13 12 12 5.08021e-48
53 12 11 13 12 4.08131e-48
53 12 12 11 13 2.44528e-48
53 13 12 12 11 2.95099e-48
53 8 11 8 13 3.21356e-48
53 8 13 8 11 2.57106e-48
53 11 8 13 8 9.1627e-48
53 13 8 11 8 5.83728e-48
53 4 8 6 13 3.57443e-48
53 6 13 4 8 6.7373e-48
53 8 6 13 4 9.17547e-48
53 13 4 8 6 6.04274e-48
53 7 9 7 10 4.25089e-50
53 7 10 7 9 5.14676e-50
53 9 7 10 7 0.00101523
53 10 7 9 7 0.000308308
53 7 10 8 10 2.11699e-48
53 8 10 7 10 3.9903e-48
53 10 7 10 8 0.0839007
53 10 8 10 7 7.41986e-48
53 5 9 11 8 8.21996e-48
53 8 5 9 11 3.71413e-48
53 9 11 8 5 2.96623e-48
53 11 8 5 9 1.29808e-48
53 4 13 13 12 3.30103e-48
53 12 4 13 13 5.59583e-48
53 13 12 4 13 3.99356e-48
53 13 13 12 4 6.04308e-48
53 4 10 6 10 2.14506e-48
53 6 10 4 10 3.7439e-48
53 10 4 10 6 1.16255e-47
53 10 6 10 4 7.11124e-48
53 6 11 8 9 3.93789e-48
53 8 9 6 11 5.68785e-48
53 9 6 11 8 4.75424e-48
53 11 8 9 6 7.65819e-48
53 6 10 12 12 5.48786e-48
53 10 12 12 6 5.00157e-48
53 12 6 10 12 7.75058e-48
53 12 12 6 10 3.31329e-48
53 4 5 11 9 2.34674e-48
53 5 11 9 4 4.68361e-48
53 9 4 5 11 5.20696e-49
53 11 9 4 5 5.09162e-48
53 8 12 11 11 2.40988e-48
53 11 8 12 11 3.54419e-48
53 11 11 8 12 2.305e-48
53 12 11 11 8 2.78665e-48
53 4 10 4 12 1.13428e-48
53 4 12 4 10 8.92883e-49
53 10 4 12 4 2.46348e-48
53 12 4 10 4 5.09209e-48
53 6 6 13 8 1.10911e-47
53 6 13 8 6 6.90861e-48
53 8 6 6 13 8.91165e-48
53 13 8 6 6 1.39066e-47
53 8 13 11 9 5.89386e-48
53 9 8 13 11 4.43594e-48
53 11 9 8 13 3.2313e-48
53 13 11 9 8 4.11068e-48
53 5 6 6 11 1.10496e-47
53 6 6 11 5 9.94649e-48
53 6 11 5 6 2.50353e-48
53 11 5 6 6 1.94147e-47
53 8 10 11 12 3.4466e-48
53 10 11 12 8 2.98198e-48
53 11 12 8 10 1.7156e-48
53 12 8 10 11 4.56649e-48
53 8 9 13 12 7.90586e-48
53 9 13 12 8 5.37926e-48
53 12 8 9 13 3.12677e-48
53 13 12 8 9 3.0354e-48
53 5 13 6 13 1.55059e-47
53 6 13 5 13 1.74125e-48
53 13 5 13 6 2.07917e-47
53 13 6 13 5 1.40254e-47
53 5 12 13 9 9.58678e-48
53 9 5 12 13 5.01627e-48
53 12 13 9 5 3.42881e-48
53 13 9 5 12 9.47513e-49
53 5 5 9 12 6.61731e-48
53 5 9 12 5 1.03291e-47
53 9 12 5 5 8.16969e-49
53 12 5 5 9 9.42309e-49
53 5 12 12 12 5.01825e-48
53 12 5 12 12 3.40273e-48
53 12 12 5 12 4.32215e-49
53 12 12 12 5 3.06177e-48
53 6 7 12 10 0.0476906
53 7 12 10 6 1.12507e-47
53 10 6 7 12 2.83302e-48
53 12 10 6 7 3.66707e-48
53 8 12 12 9 5.81182e-50
53 9 8 12 12 4.79732e-50
53 12 9 8 12 2.24613e-50
53 12 12 9 8 2.68728e-50
53 5 12 8 10 2.63271e-48
53 8 10 5 12 7.82039e-49
53 10 5 12 8 3.98505e-48
53 12 8 10 5 8.30575e-48
53 5 12 11 13 6.34688e-48
53 11 13 5 12 1.13569e-48
53 12 11 13 5 6.46325e-48
53 13 5 12 11 5.19368e-48
53 4 10 10 12 3.30039e-48
53 10 10 12 4 2.67261e-48
53 10 12 4 10 1.68252e-48
53 12 4 10 10 5.32969e-48
53 4 13 5 10 3.59844e-49
53 5 10 4 13 5.87101e-48
53 10 4 13 5 5.80333e-48
53 13 5 10 4 1.18966e-47
53 7 9 12 10 4.03639e-48
53 9 12 10 7 6.59752e-48
53 10 7 9 12 0.0253879
53 12 10 7 9 3.39299e-48
53 7 11 11 11 2.17975e-48
53 11 7 11 11 0.0283991
53 11 11 7 11 2.59804e-48
53 11 11 11 7 3.39003e-48
53 7 12 10 12 6.06376e-48
53 10 12 7 12 2.03672e-48
53 12 7 12 10 0.0276685
53 12 10 12 7 2.77388e-48
53 4 7 8 11 0.000104504
53 7 8 11 4 4.53812e-50
53 8 11 4 7 4.53367e-50
53 11 4 7 8 5.91572e-50
53 4 4 4 13 1.39061e-48
53 4 4 13 4 2.17115e-48
53 4 13 4 4 1.37311e-48
53 13 4 4 4 3.17869e-48
53 5 7 11 10 0.0546938
53 7 11 10 5 9.77578e-48
53 10 5 7 11 2.41253e-48
53 11 10 5 7 8.10761e-49
53 4 4 8 10 8.3417e-49
53 4 8 10 4 3.51937e-48
53 8 10 4 4 3.14235e-48
53 10 4 4 8 2.49275e-48
53 6 6 10 8 1.66708e-47
53 6 10 8 6 6.12207e-48
53 8 6 6 10 7.52294e-48
53 10 8 6 6 9.24624e-48
53 5 9 6 12 1.011e-47
53 6 12 5 9 1.08203e-48
53 9 6 12 5 5.96007e-48
53 12 5 9 6 5.54617e-48
53 4 9 11 7 1.63356e-48
53 7 4 9 11 2.13241e-48
53 9 11 7 4 2.91082e-48
53 11 7 4 9 0.0453377
53 7 7 9 13 0.0377527
53 7 9 13 7 6.45351e-48
53 9 13 7 7 3.98786e-48
53 13 7 7 9 0.0591799
54 9 7 10 7 1
55 5 11 9 12 9.54421e-48
55 9 12 5 11 6.93124e-48
55 11 9 12 5 8.8569e-48
55 12 5 11 9 1.35072e-47
55 4 10 12 9 1.45578e-48
55 9 4 10 12 2.67164e-48
55 10 12 9 4 2.6293e-48
55 12 9 4 10 2.80471e-48
55 7 11 12 12 1.4244e-48
55 11 12 12 7 0.0337464
55 12 7 11 12 2.53578e-48
55 12 12 7 11 3.58873e-48
55 5 9 7 6 4.82174e-48
55 6 5 9 7 0.0688812
55 7 6 5 9 2.58551e-48
55 9 7 6 5 6.1969e-48
55 5 11 8 13 6.52036e-48
55 8 13 5 11 2.00625e-48
55 11 8 13 5 1.0173e-47
55 13 5 11 8 8.83707e-48
55 4 13 12 10 2.20187e-48
55 10 4 13 12 2.16111e-48
55 12 10 4 13 2.99709e-48
55 13 12 10 4 6.25708e-48
55 4 12 10 12 2.51416e-48
55 10 12 4 12 1.8043e-48
55 12 4 12 10 2.939e-48
55 12 10 12 4 2.79581e-48
55 7 12 12 12 1.62227e-48
55 12 7 12 12 2.55965e-48
55 12 12 7 12 3.34336e-48
55 12 12 12 7 0.0392853
55 4 7 9 8 2.3325e-48
55 7 9 8 4 1.83595e-48
55 8 4 7 9 1.305e-48
55 9 8 4 7 0.0355849
55 6 7 13 13 6.17997e-48
55 7 13 13 6 4.45674e-48
55 13 6 7 13 7.09747e-48
55 13 13 6 7 0.0999584
55 6 6 12 11 5.65584e-48
55 6 12 11 6 6.49377e-48
55 11 6 6 12 8.26011e-48
55 12 11 6 6 1.05032e-47
55 4 4 10 11 2.08844e-48
55 4 10 11 4 1.50663e-48
55 10 11 4 4 1.94413e-48
55 11 4 4 10 2.41514e-48
55 7 12 8 9 2.96043e-50
55 8 9 7 12 1.44116e-50
55 9 7 12 8 3.66652e-50
55 12 8 9 7 0.000735695
55 10 12 13 12 3.03922e-48
55 12 10 12 13 3.40967e-48
55 12 13 12 10 4.40537e-48
55 13 12 10 12 5.54906e-48
55 5 5 8 9 7.019e-48
55 5 8 9 5 8.28853e-48
55 8 9 5 5 1.72366e-48
55 9 5 5 8 4.97772e-48
55 4 7 12 8 1.58227e-48
55 7 12 8 4 1.83262e-48
55 8 4 7 12 8.56067e-49
55 12 8 4 7 0.0367124
55 8 10 8 12 9.87687e-49
55 8 12 8 10 1.64645e-48
55 10 8 12 8 2.98032e-48
55 12 8 10 8 7.30341e-48
55 5 12 6 7 0.0782931
55 6 7 5 12 2.52545e-48
55 7 5 12 6 3.1547e-48
55 12 6 7 5 6.0139e-48
55 6 7 7 10 3.39927e-48
55 7 7 10 6 2.94694e-48
55 7 10 6 7 0.0277138
55 10 6 7 7 0.0305767
55 4 7 12 11 1.61658e-48
55 7 12 11 4 2.13333e-48
55 11 4 7 12 2.40406e-48
55 12 11 4 7 0.0356925
55 7 13 9 12 2.95021e-48
55 9 12 7 13 5.15801e-48
55 12 7 13 9 6.68674e-48
55 13 9 12 7 0.0502509
55 4 11 10 7 0.0329241
55 7 4 11 10 1.79324e-48
55 10 7 4 11 1.88204e-48
55 11 10 7 4 3.04839e-48
55 6 7 9 8 4.6414e-48
55 7 9 8 6 2.37734e-48
55 8 6 7 9 2.15403e-48
55 9 8 6 7 0.0734788
55 11 13 12 12 3.48689e-48
55 12 11 13 12 4.951e-48
55 12 12 11 13 5.18836e-48
55 13 12 12 11 4.50958e-48
55 8 11 8 13 2.12444e-48
55 8 13 8 11 2.01296e-48
55 11 8 13 8 8.15637e-48
55 13 8 11 8 7.0085e-48
55 4 8 6 13 6.28515e-48
55 6 13 4 8 5.46111e-48
55 8 6 13 4 3.34372e-48
55 13 4 8 6 5.43751e-48
55 7 9 7 10 2.62729e-50
55 7 10 7 9 2.39824e-50
55 9 7 10 7 0.000573553
55 10 7 9 7 0.000355959
55 7 10 8 10 1.80951e-48
55 8 10 7 10 1.34039e-48
55 10 7 10 8 3.55118e-48
55 10 8 10 7 0.046852
55 5 9 11 8 5.15621e-48
55 8 5 9 11 2.90317e-48
55 9 11 8 5 4.99904e-48
55 11 8 5 9 5.28359e-48
55 4 13 13 12 3.45028e-48
55 12 4 13 13 6.33313e-48
55 13 12 4 13 5.83292e-48
55 13 13 12 4 5.7995e-48
55 4 10 6 10 2.76307e-48
55 6 10 4 10 2.6627e-48
55 10 4 10 6 3.18609e-48
55 10 6 10 4 4.06134e-48
55 6 11 8 9 4.9743e-48
55 8 9 6 11 2.62137e-48
55 9 6 11 8 5.19897e-48
55 11 8 9 6 7.3317e-48
55 6 10 12 12 2.57183e-48
55 10 12 12 6 3.12573e-48
55 12 6 10 12 6.15729e-48
55 12 12 6 10 7.82382e-48
55 4 5 11 9 3.41153e-48
55 5 11 9 4 5.43834e-48
55 9 4 5 11 2.49058e-48
55 11 9 4 5 3.93409e-48
55 8 12 11 11 1.59408e-48
55 11 8 12 11 4.08095e-48
55 11 11 8 12 3.14568e-48
55 12 11 11 8 4.47858e-48
55 4 10 4 12 1.05048e-48
55 4 12 4 10 1.75113e-48
55 10 4 12 4 1.58717e-48
55 12 4 10 4 3.88943e-48
55 6 6 13 8 8.14458e-48
55 6 13 8 6 5.90823e-48
55 8 6 6 13 4.01931e-48
55 13 8 6 6 1.18425e-47
55 8 13 11 9 2.09607e-48
55 9 8 13 11 5.92258e-48
55 11 9 8 13 4.2875e-48
55 13 11 9 8 6.38617e-48
55 5 6 6 11 1.21323e-47
55 6 6 11 5 8.56401e-48
55 6 11 5 6 6.11204e-48
55 11 5 6 6 1.46505e-47
55 8 10 11 12 9.04175e-49
55 10 11 12 8 2.27863e-48
55 11 12 8 10 3.6361e-48
55 12 8 10 11 5.86802e-48
55 8 9 13 12 1.92183e-48
55 9 13 12 8 4.59743e-48
55 12 8 9 13 7.75478e-48
55 13 12 8 9 6.06193e-48
55 5 13 6 13 1.31337e-47
55 6 13 5 13 6.50207e-48
55 13 5 13 6 1.42807e-47
55 13 6 13 5 1.32096e-47
55 5 12 13 9 7.24697e-48
55 9 5 12 13 5.19115e-48
55 12 13 9 5 7.04139e-48
55 13 9 5 12 3.20589e-48
55 5 5 9 12 6.66047e-48
55 5 9 12 5 5.20854e-48
55 9 12 5 5 4.55294e-48
55 12 5 5 9 6.22268e-48
55 5 12 12 12 3.46468e-48
55 12 5 12 12 4.20248e-48
55 12 12 5 12 3.13023e-48
55 12 12 12 5 4.83582e-48
55 6 7 12 10 3.08374e-48
55 7 12 10 6 3.49193e-48
55 10 6 7 12 2.36067e-48
55 12 10 6 7 0.0518139
55 8 12 12 9 2.16155e-50
55 9 8 12 12 4.0579e-50
55 12 9 8 12 3.9522e-50
55 12 12 9 8 7.17936e-50
55 5 12 8 10 4.35028e-48
55 8 10 5 12 8.47448e-49
55 10 5 12 8 3.2351e-48
55 12 8 10 5 7.84189e-48
55 5 12 11 13 6.5423e-48
55 11 13 5 12 3.97238e-48
55 12 11 13 5 8.71365e-48
55 13 5 12 11 6.89729e-48
55 4 10 10 12 1.77926e-48
55 10 10 12 4 1.63801e-48
55 10 12 4 10 2.12854e-48
55 12 4 10 10 4.21962e-48
55 4 13 5 10 2.33336e-48
55 5 10 4 13 3.51541e-48
55 10 4 13 5 3.53801e-48
55 13 5 10 4 8.90204e-48
55 7 9 12 10 2.00619e-48
55 9 12 10 7 0.057206
55 10 7 9 12 2.31323e-48
55 12 10 7 9 3.77413e-48
55 7 11 11 11 1.98088e-48
55 11 7 11 11 3.05776e-48
55 11 11 7 11 3.53984e-48
55 11 11 11 7 0.0383888
55 7 12 10 12 2.51043e-48
55 10 12 7 12 2.11127e-48
55 12 7 12 10 3.25466e-48
55 12 10 12 7 0.0299658
55 4 7 8 11 2.50754e-50
55 7 8 11 4 3.5116e-50
55 8 11 4 7 0.000198993
55 11 4 7 8 4.6035e-50
55 4 4 4 13 1.63838e-48
55 4 4 13 4 2.26289e-48
55 4 13 4 4 2.01368e-48
55 13 4 4 4 2.96507e-48
55 5 7 11 10 3.856e-48
55 7 11 10 5 3.67929e-48
55 10 5 7 11 3.28733e-48
55 11 10 5 7 0.0278122
55 4 4 8 10 1.627e-48
55 4 8 10 4 3.33212e-48
55 8 10 4 4 9.78329e-49
55 10 4 4 8 1.75425e-48
55 6 6 10 8 8.15811e-48
55 6 10 8 6 4.05224e-48
55 8 6 6 10 3.56172e-48
55 10 8 6 6 6.49689e-48
55 5 9 6 12 5.99978e-48
55 6 12 5 9 4.51974e-48
55 9 6 12 5 5.23936e-48
55 12 5 9 6 8.61448e-48
55 4 9 11 7 0.0216881
55 7 4 9 11 2.03142e-48
55 9 11 7 4 3.57074e-48
55 11 7 4 9 3.27892e-48
55 7 7 9 13 2.97297e-48
55 7 9 13 7 0.0333866
55 9 13 7 7 0.0479238
55 13 7 7 9 5.08265e-48
56 5 11 9 12 0.0109561
56 9 12 5 11 0.0122072
56 11 9 12 5 0.00571154
56 12 5 11 9 0.011358
56 4 10 12 9 0.00274351
56 9 4 10 12 0.00486937
56 10 12 9 4 4.11258e-46
56 12 9 4 10 0.00308866
56 7 11 12 12 0.00386779
56 11 12 12 7 6.57361e-05
56 12 7 11 12 0.00340505
56 12 12 7 11 0.00266766
56 5 9 7 6 0.000727441
56 6 5 9 7 6.82072e-05
56 7 6 5 9 0.00522625
56 9 7 6 5 0.00241816
56 5 11 8 13 0.00550345
56 8 13 5 11 0.00503136
56 11 8 13 5 0.005096
56 13 5 11 8 0.0132519
56 4 13 12 10 0.00534125
56 10 4 13 12 0.00531348
56 12 10 4 13 0.00403176
56 13 12 10 4 6.79462e-46
56 4 12 10 12 0.00379816
56 10 12 4 12 0.00531304
56 12 4 12 10 0.00762835
56 12 10 12 4 3.87851e-46
56 7 12 12 12 0.00547537
56 12 7 12 12 0.0057346
56 12 12 7 12 0.00395438
56 12 12 12 7 5.98467e-05
56 4 7 9 8 0.00400238
56 7 9 8 4 1.21015e-46
56 8 4 7 9 0.00321645
56 9 8 4 7 4.64283e-05
56 6 7 13 13 0.0102888
56 7 13 13 6 0.00128381
56 13 6 7 13 0.00839709
56 13 13 6 7 5.02069e-05
56 6 6 12 11 0.00930385
56 6 12 11 6 0.0021596
56 11 6 6 12 0.00647237
56 12 11 6 6 0.00109772
56 4 4 10 11 0.00213823
56 4 10 11 4 1.5799e-46
56 10 11 4 4 3.28627e-46
56 11 4 4 10 0.00606143
56 7 12 8 9 3.47404e-05
56 8 9 7 12 2.59308e-05
56 9 7 12 8 0.000125036
56 12 8 9 7 5.06424e-07
56 10 12 13 12 0.00692959
56 12 10 12 13 0.00606557
56 12 13 12 10 0.00847331
56 13 12 10 12 0.00844522
56 5 5 8 9 0.00514887
56 5 8 9 5 0.00360821
56 8 9 5 5 0.0019794
56 9 5 5 8 0.0125257
56 4 7 12 8 0.00482285
56 7 12 8 4 1.99654e-46
56 8 4 7 12 0.00274534
56 12 8 4 7 3.39463e-05
56 8 10 8 12 0.00218437
56 8 12 8 10 0.00450789
56 10 8 12 8 0.0100489
56 12 8 10 8 0.00757499
56 5 12 6 7 4.47668e-05
56 6 7 5 12 0.00710736
56 7 5 12 6 0.00161674
56 12 6 7 5 0.00232643
56 6 7 7 10 0.00625353
56 7 7 10 6 0.00101246
56 7 10 6 7 1.87085e-05
56 10 6 7 7 3.83861e-05
56 4 7 12 11 0.00287075
56 7 12 11 4 3.0792e-46
56 11 4 7 12 0.0039207
56 12 11 4 7 3.30799e-05
56 7 13 9 12 0.00447931
56 9 12 7 13 0.00787622
56 12 7 13 9 0.00674156
56 13 9 12 7 5.88459e-05
56 4 11 10 7 2.77982e-05
56 7 4 11 10 0.00429356
56 10 7 4 11 0.00355837
56 11 10 7 4 2.91649e-46
56 6 7 9 8 0.00875932
56 7 9 8 6 0.000400607
56 8 6 7 9 0.0042364
56 9 8 6 7 4.11709e-05
56 11 13 12 12 0.00781321
56 12 11 13 12 0.00511457
56 12 12 11 13 0.00623954
56 13 12 12 11 0.00789679
56 8 11 8 13 0.00390095
56 8 13 8 11 0.00252177
56 11 8 13 8 0.0115956
56 13 8 11 8 0.0101342
56 4 8 6 13 0.0041458
56 6 13 4 8 0.0108285
56 8 6 13 4 6.62794e-46
56 13 4 8 6 0.00134816
56 7 9 7 10 3.17599e-05
56 7 10 7 9 2.97476e-05
56 9 7 10 7 6.87997e-07
56 10 7 9 7 5.53792e-07
56 7 10 8 10 0.00268865
56 8 10 7 10 0.00387914
56 10 7 10 8 0.00832453
56 10 8 10 7 5.55667e-05
56 5 9 11 8 0.00511231
56 8 5 9 11 0.00471462
56 9 11 8 5 0.00213999
56 11 8 5 9 0.00827709
56 4 13 13 12 0.00446484
56 12 4 13 13 0.00802333
56 13 12 4 13 0.0112446
56 13 13 12 4 9.21317e-46
56 4 10 6 10 0.00241501
56 6 10 4 10 0.00596023
56 10 4 10 6 0.00133302
56 10 6 10 4 5.30369e-46
56 6 11 8 9 0.00423253
56 8 9 6 11 0.00178487
56 9 6 11 8 0.00895014
56 11 8 9 6 0.00169456
56 6 10 12 12 0.00693589
56 10 12 12 6 0.00222026
56 12 6 10 12 0.00634638
56 12 12 6 10 0.00611561
56 4 5 11 9 0.00361798
56 5 11 9 4 4.45437e-46
56 9 4 5 11 0.00473
56 11 9 4 5 0.00191845
56 8 12 11 11 0.003311
56 11 8 12 11 0.00577278
56 11 11 8 12 0.00321044
56 12 11 11 8 0.00510883
56 4 10 4 12 0.00194787
56 4 12 4 10 0.00401983
56 10 4 12 4 4.75534e-46
56 12 4 10 4 3.58465e-46
56 6 6 13 8 0.013465
56 6 13 8 6 0.0011851
56 8 6 6 13 0.00566636
56 13 8 6 6 0.0015689
56 8 13 11 9 0.00425436
56 9 8 13 11 0.00541317
56 11 9 8 13 0.00301085
56 13 11 9 8 0.00869351
56 5 6 6 11 0.0054004
56 6 6 11 5 0.0051067
56 6 11 5 6 0.0024709
56 11 5 6 6 0.00202576
56 8 10 11 12 0.00264931
56 10 11 12 8 0.00770082
56 11 12 8 10 0.00506279
56 12 8 10 11 0.00354586
56 8 9 13 12 0.00375404
56 9 13 12 8 0.0122631
56 12 8 9 13 0.00703086
56 13 12 8 9 0.00587249
56 5 13 6 13 0.00790386
56 6 13 5 13 0.0130957
56 13 5 13 6 0.00353761
56 13 6 13 5 0.00704848
56 5 12 13 9 0.00826578
56 9 5 12 13 0.0122342
56 12 13 9 5 0.00264035
56 13 9 5 12 0.00489421
56 5 5 9 12 0.00791083
56 5 9 12 5 0.00303596
56 9 12 5 5 0.00484959
56 12 5 5 9 0.0079062
56 5 12 12 12 0.00878147
56 12 5 12 12 0.00767142
56 12 12 5 12 0.00621651
56 12 12 12 5 0.00403091
56 6 7 12 10 0.0105184
56 7 12 10 6 0.0011743
56 10 6 7 12 0.00426616
56 12 10 6 7 2.27263e-05
56 8 12 12 9 9.1603e-05
56 9 8 12 12 0.000100786
56 12 9 8 12 2.37221e-05
56 12 12 9 8 9.56111e-05
56 5 12 8 10 0.00547495
56 8 10 5 12 0.00375187
56 10 5 12 8 0.0113123
56 12 8 10 5 0.00286589
56 5 12 11 13 0.00909343
56 11 13 5 12 0.00806092
56 12 11 13 5 0.00342153
56 13 5 12 11 0.0100539
56 4 10 10 12 0.00238312
56 10 10 12 4 4.03501e-46
56 10 12 4 10 0.00687959
56 12 4 10 10 0.00598241
56 4 13 5 10 0.00512594
56 5 10 4 13 0.0054657
56 10 4 13 5 0.00330648
56 13 5 10 4 8.04682e-46
56 7 9 12 10 0.00449654
56 9 12 10 7 6.71677e-05
56 10 7 9 12 0.00518064
56 12 10 7 9 0.00304169
56 7 11 11 11 0.00202616
56 11 7 11 11 0.00329972
56 11 11 7 11 0.00270696
56 11 11 11 7 3.60588e-05
56 7 12 10 12 0.00462816
56 10 12 7 12 0.00443414
56 12 7 12 10 0.00800337
56 12 10 12 7 4.04727e-05
56 4 7 8 11 2.01446e-05
56 7 8 11 4 4.06835e-48
56 8 11 4 7 4.63727e-07
56 11 4 7 8 8.09894e-05
56 4 4 4 13 0.00338079
56 4 4 13 4 2.81953e-46
56 4 13 4 4 2.40123e-46
56 13 4 4 4 4.80672e-46
56 5 7 11 10 0.00656854
56 7 11 10 5 0.00207429
56 10 5 7 11 0.00361198
56 11 10 5 7 4.34992e-05
56 4 4 8 10 0.00240941
56 4 8 10 4 2.88295e-46
56 8 10 4 4 2.58056e-46
56 10 4 4 8 0.00600906
56 6 6 10 8 0.0125821
56 6 10 8 6 0.000901823
56 8 6 6 10 0.00602355
56 10 8 6 6 0.00120292
56 5 9 6 12 0.00298785
56 6 12 5 9 0.00956904
56 9 6 12 5 0.00530255
56 12 5 9 6 0.00161482
56 4 9 11 7 1.51103e-05
56 7 4 9 11 0.00261586
56 9 11 7 4 3.42085e-46
56 11 7 4 9 0.00545925
56 7 7 9 13 0.0052802
56 7 9 13 7 2.77307e-05
56 9 13 7 7 4.43978e-05
56 13 7 7 9 0.00599718
57 5 11 9 12 0.0136788
57 9 12 5 11 0.00310721
57 11 9 12 5 0.011268
57 12 5 11 9 0.00615183
57 4 10 12 9 0.0031128
57 9 4 10 12 0.00452484
57 10 12 9 4 0.00406102
57 12 9 4 10 0.00166111
57 7 11 12 12 0.00504671
57 11 12 12 7 0.00607631
57 12 7 11 12 0.00218675
57 12 12 7 11 0.00385943
57 5 9 7 6 0.00549294
57 6 5 9 7 0.00917973
57 7 6 5 9 0.00187534
57 9 7 6 5 0.00313365
57 5 11 8 13 3.37104e-05
57 8 13 5 11 0.00131831
57 11 8 13 5 0.00435636
57 13 5 11 8 0.00510499
57 4 13 12 10 0.00366984
57 10 4 13 12 0.00335287
57 12 10 4 13 0.00343171
57 13 12 10 4 0.00759989
57 4 12 10 12 0.00705443
57 10 12 4 12 0.00313999
57 12 4 12 10 0.00504557
57 12 10 12 4 0.00428036
57 7 12 12 12 0.00660464
57 12 7 12 12 0.00544137
57 12 12 7 12 0.00602273
57 12 12 12 7 0.00986167
57 4 7 9 8 0.00380993
57 7 9 8 4 1.11017e-05
57 8 4 7 9 0.00230951
57 9 8 4 7 0.00246619
57 6 7 13 13 0.00411664
57 7 13 13 6 0.00477797
57 13 6 7 13 0.00947297
57 13 13 6 7 0.00737875
57 6 6 12 11 0.00608949
57 6 12 11 6 0.00537661
57 11 6 6 12 0.00418464
57 12 11 6 6 0.00730626
57 4 4 10 11 0.00421039
57 4 10 11 4 0.00140819
57 10 11 4 4 0.00181744
57 11 4 4 10 0.00153403
57 7 12 8 9 2.06382e-07
57 8 9 7 12 2.97787e-05
57 9 7 12 8 4.04993e-05
57 12 8 9 7 9.71282e-05
57 10 12 13 12 0.0039178
57 12 10 12 13 0.00756891
57 12 13 12 10 0.0048788
57 13 12 10 12 0.0109192
57 5 5 8 9 2.08484e-05
57 5 8 9 5 0.00850073
57 8 9 5 5 0.0017274
57 9 5 5 8 0.00201005
57 4 7 12 8 0.00348478
57 7 12 8 4 1.37667e-05
57 8 4 7 12 0.0026448
57 12 8 4 7 0.00337094
57 8 10 8 12 1.04355e-05
57 8 12 8 10 1.00042e-05
57 10 8 12 8 0.0049087
57 12 8 10 8 0.00664726
57 5 12 6 7 0.00624205
57 6 7 5 12 0.00195068
57 7 5 12 6 0.00890635
57 12 6 7 5 0.00746259
57 6 7 7 10 0.00270281
57 7 7 10 6 0.00670526
57 7 10 6 7 0.0040046
57 10 6 7 7 0.00581245
57 4 7 12 11 0.0030876
57 7 12 11 4 0.00217473
57 11 4 7 12 0.00373859
57 12 11 4 7 0.00402195
57 7 13 9 12 0.00691602
57 9 12 7 13 0.00627663
57 12 7 13 9 0.00311111
57 13 9 12 7 0.0107167
57 4 11 10 7 0.00804342
57 7 4 11 10 0.00202637
57 10 7 4 11 0.00165667
57 11 10 7 4 0.00240343
57 6 7 9 8 0.00461621
57 7 9 8 6 2.06742e-05
57 8 6 7 9 0.00248446
57 9 8 6 7 0.00354298
57 11 13 12 12 0.00487217
57 12 11 13 12 0.00413053
57 12 12 11 13 0.00472622
57 13 12 12 11 0.00712932
57 8 11 8 13 1.7685e-05
57 8 13 8 11 9.97201e-06
57 11 8 13 8 0.00273794
57 13 8 11 8 0.00367533
57 4 8 6 13 0.00540542
57 6 13 4 8 0.00346157
57 8 6 13 4 0.00221157
57 13 4 8 6 4.59877e-05
57 7 9 7 10 3.51429e-05
57 7 10 7 9 3.96949e-05
57 9 7 10 7 6.84167e-05
57 10 7 9 7 7.55008e-05
57 7 10 8 10 1.23762e-05
57 8 10 7 10 0.00193371
57 10 7 10 8 0.00519272
57 10 8 10 7 0.00833349
57 5 9 11 8 0.00257373
57 8 5 9 11 0.00359016
57 9 11 8 5 2.16288e-05
57 11 8 5 9 0.00153158
57 4 13 13 12 0.00386474
57 12 4 13 13 0.00653962
57 13 12 4 13 0.00713063
57 13 13 12 4 0.00735995
57 4 10 6 10 0.00210425
57 6 10 4 10 0.0017747
57 10 4 10 6 0.00853402
57 10 6 10 4 0.00492979
57 6 11 8 9 1.70434e-05
57 8 9 6 11 0.00161634
57 9 6 11 8 0.00215668
57 11 8 9 6 0.00616041
57 6 10 12 12 0.00584543
57 10 12 12 6 0.00936174
57 12 6 10 12 0.00900463
57 12 12 6 10 0.00400502
57 4 5 11 9 0.00233837
57 5 11 9 4 0.00481105
57 9 4 5 11 0.00134376
57 11 9 4 5 0.00258166
57 8 12 11 11 0.00138028
57 11 8 12 11 0.00310933
57 11 11 8 12 1.47278e-05
57 12 11 11 8 0.00273091
57 4 10 4 12 0.00202261
57 4 12 4 10 0.00193902
57 10 4 12 4 0.00397812
57 12 4 10 4 0.0053871
57 6 6 13 8 0.00386343
57 6 13 8 6 2.79872e-05
57 8 6 6 13 0.00362042
57 13 8 6 6 0.00708468
57 8 13 11 9 0.00135206
57 9 8 13 11 0.00181424
57 11 9 8 13 1.66173e-05
57 13 11 9 8 0.00751405
57 5 6 6 11 0.00452736
57 6 6 11 5 0.00550223
57 6 11 5 6 0.0043047
57 11 5 6 6 0.00656161
57 8 10 11 12 0.00129638
57 10 11 12 8 0.00460575
57 11 12 8 10 1.11211e-05
57 12 8 10 11 0.00463166
57 8 9 13 12 0.0021133
57 9 13 12 8 0.00465343
57 12 8 9 13 0.00915844
57 13 12 8 9 2.74881e-05
57 5 13 6 13 0.00727237
57 6 13 5 13 0.00411886
57 13 5 13 6 0.0100198
57 13 6 13 5 0.00920667
57 5 12 13 9 0.00352201
57 9 5 12 13 0.00687313
57 12 13 9 5 0.00893389
57 13 9 5 12 0.00270964
57 5 5 9 12 0.00856855
57 5 9 12 5 0.00817593
57 9 12 5 5 0.00300242
57 12 5 5 9 0.00277021
57 5 12 12 12 0.0076935
57 12 5 12 12 0.00823688
57 12 12 5 12 0.00311417
57 12 12 12 5 0.0106555
57 6 7 12 10 0.00341515
57 7 12 10 6 0.00937768
57 10 6 7 12 0.00448535
57 12 10 6 7 0.00461422
57 8 12 12 9 4.42708e-05
57 9 8 12 12 5.4496e-05
57 12 9 8 12 2.38611e-07
57 12 12 9 8 9.19689e-05
57 5 12 8 10 1.64167e-05
57 8 10 5 12 0.00118765
57 10 5 12 8 0.00586958
57 12 8 10 5 0.00910512
57 5 12 11 13 0.00527427
57 11 13 5 12 0.00220084
57 12 11 13 5 0.00638417
57 13 5 12 11 0.00851794
57 4 10 10 12 0.00493518
57 10 10 12 4 0.00337216
57 10 12 4 10 0.00210592
57 12 4 10 10 0.00538288
57 4 13 5 10 0.00154201
57 5 10 4 13 0.00356233
57 10 4 13 5 0.00482049
57 13 5 10 4 0.00844636
57 7 9 12 10 0.0037377
57 9 12 10 7 0.00805406
57 10 7 9 12 0.00490414
57 12 10 7 9 0.00384988
57 7 11 11 11 0.00169967
57 11 7 11 11 0.00112916
57 11 11 7 11 0.00237634
57 11 11 11 7 0.0024402
57 7 12 10 12 0.00759458
57 10 12 7 12 0.00511414
57 12 7 12 10 0.00393343
57 12 10 12 7 0.00743604
57 4 7 8 11 1.43166e-07
57 7 8 11 4 2.53852e-05
57 8 11 4 7 3.19531e-05
57 11 4 7 8 4.92826e-05
57 4 4 4 13 0.00343726
57 4 4 13 4 0.00242534
57 4 13 4 4 0.00187958
57 13 4 4 4 0.00300877
57 5 7 11 10 0.00167305
57 7 11 10 5 0.00850672
57 10 5 7 11 0.00371354
57 11 10 5 7 0.0019629
57 4 4 8 10 1.25658e-05
57 4 8 10 4 0.00409243
57 8 10 4 4 0.00110093
57 10 4 4 8 0.0025294
57 6 6 10 8 0.00752622
57 6 10 8 6 2.44406e-05
57 8 6 6 10 0.00203794
57 10 8 6 6 0.00495193
57 5 9 6 12 0.00384859
57 6 12 5 9 0.00236032
57 9 6 12 5 0.00683497
57 12 5 9 6 0.0111162
57 4 9 11 7 0.00267543
57 7 4 9 11 0.00440712
57 9 11 7 4 0.00260799
57 11 7 4 9 0.00147728
57 7 7 9 13 0.00680678
57 7 9 13 7 0.00418237
57 9 13 7 7 0.0050614
57 13 7 7 9 0.00468994
58 5 11 9 12 0.0168607
58 9 12 5 11 0.00971917
58 11 9 12 5 0.0129244
58 12 5 11 9 0.00273465
58 4 10 12 9 0.00436549
58 9 4 10 12 0.00770186
58 10 12 9 4 0.00183216
58 12 9 4 10 0.0017577
58 7 11 12 12 0.012
58 11 12 12 7 0.00458867
58 12 7 11 12 0.00142277
58 12 12 7 11 0.00298731
58 5 9 7 6 0.00495152
58 6 5 9 7 0.00203145
58 7 6 5 9 0.00309041
58 9 7 6 5 0.00245793
58 5 11 8 13 0.00550324
58 8 13 5 11 0.00255388
58 11 8 13 5 0.0029816
58 13 5 11 8 0.00346879
58 4 13 12 10 0.00139064
58 10 4 13 12 0.00691591
58 12 10 4 13 0.00363927
58 13 12 10 4 0.00334763
58 4 12 10 12 0.0033731
58 10 12 4 12 0.00415961
58 12 4 12 10 0.00948064
58 12 10 12 4 0.00386192
58 7 12 12 12 0.00523964
58 12 7 12 12 0.00438459
58 12 12 7 12 0.00421427
58 12 12 12 7 0.00487176
58 4 7 9 8 0.00244435
58 7 9 8 4 0.000695839
58 8 4 7 9 0.0120899
58 9 8 4 7 0.00230327
58 6 7 13 13 0.0025908
58 7 13 13 6 0.00114739
58 13 6 7 13 0.00558504
58 13 13 6 7 0.00105
58 6 6 12 11 0.00438596
58 6 12 11 6 0.00333856
58 11 6 6 12 0.00186631
58 12 11 6 6 0.00754589
58 4 4 10 11 0.00561259
58 4 10 11 4 0.00128609
58 10 11 4 4 0.00638684
58 11 4 4 10 0.00565724
58 7 12 8 9 1.45093e-05
58 8 9 7 12 6.23064e-05
58 9 7 12 8 7.42876e-05
58 12 8 9 7 1.97122e-05
58 10 12 13 12 0.00320649
58 12 10 12 13 0.00625179
58 12 13 12 10 0.00147471
58 13 12 10 12 0.00543427
58 5 5 8 9 0.00114757
58 5 8 9 5 0.00293493
58 8 9 5 5 0.00832728
58 9 5 5 8 0.00545212
58 4 7 12 8 0.00452548
58 7 12 8 4 0.000780584
58 8 4 7 12 0.0126163
58 12 8 4 7 0.00177794
58 8 10 8 12 0.00232369
58 8 12 8 10 0.00162926
58 10 8 12 8 0.00541439
58 12 8 10 8 0.00271036
58 5 12 6 7 0.0020789
58 6 7 5 12 0.00453676
58 7 5 12 6 0.00496246
58 12 6 7 5 0.00420129
58 6 7 7 10 0.00305443
58 7 7 10 6 0.00340429
58 7 10 6 7 0.00192722
58 10 6 7 7 0.00365493
58 4 7 12 11 0.00345021
58 7 12 11 4 0.00123297
58 11 4 7 12 0.0100784
58 12 11 4 7 0.00764585
58 7 13 9 12 0.00109895
58 9 12 7 13 0.00630142
58 12 7 13 9 0.00218221
58 13 9 12 7 0.00763633
58 4 11 10 7 0.00847
58 7 4 11 10 0.0036277
58 10 7 4 11 0.00290956
58 11 10 7 4 0.00344995
58 6 7 9 8 0.0028708
58 7 9 8 6 0.00137808
58 8 6 7 9 0.00411263
58 9 8 6 7 0.00140333
58 11 13 12 12 0.00203014
58 12 11 13 12 0.00660244
58 12 12 11 13 0.00207893
58 13 12 12 11 0.00691856
58 8 11 8 13 0.00630753
58 8 13 8 11 0.000656792
58 11 8 13 8 0.00238619
58 13 8 11 8 0.00278318
58 4 8 6 13 0.00167154
58 6 13 4 8 0.00189251
58 8 6 13 4 0.00225037
58 13 4 8 6 0.00772838
58 7 9 7 10 3.55688e-05
58 7 10 7 9 5.45329e-05
58 9 7 10 7 4.06914e-05
58 10 7 9 7 3.38917e-05
58 7 10 8 10 0.00133309
58 8 10 7 10 0.00615387
58 10 7 10 8 0.00468307
58 10 8 10 7 0.00298044
58 5 9 11 8 0.0024584
58 8 5 9 11 0.00266248
58 9 11 8 5 0.00629194
58 11 8 5 9 0.00341183
58 4 13 13 12 0.00104757
58 12 4 13 13 0.00712203
58 13 12 4 13 0.00650769
58 13 13 12 4 0.00231689
58 4 10 6 10 0.00162376
58 6 10 4 10 0.00313001
58 10 4 10 6 0.0118497
58 10 6 10 4 0.00203535
58 6 11 8 9 0.00369849
58 8 9 6 11 0.00195724
58 9 6 11 8 0.00212402
58 11 8 9 6 0.0024483
58 6 10 12 12 0.00724112
58 10 12 12 6 0.00909194
58 12 6 10 12 0.00273707
58 12 12 6 10 0.0016259
58 4 5 11 9 0.00130312
58 5 11 9 4 0.00524865
58 9 4 5 11 0.0105931
58 11 9 4 5 0.00380184
58 8 12 11 11 0.00224212
58 11 8 12 11 0.00293958
58 11 11 8 12 0.00366361
58 12 11 11 8 0.00571239
58 4 10 4 12 0.00331865
58 4 12 4 10 0.00232687
58 10 4 12 4 0.00915577
58 12 4 10 4 0.00458323
58 6 6 13 8 0.00256518
58 6 13 8 6 0.000704632
58 8 6 6 13 0.00231509
58 13 8 6 6 0.00264891
58 8 13 11 9 0.000883352
58 9 8 13 11 0.00157599
58 11 9 8 13 0.00123529
58 13 11 9 8 0.0125483
58 5 6 6 11 0.00180906
58 6 6 11 5 0.00292043
58 6 11 5 6 0.0235663
58 11 5 6 6 0.002579
58 8 10 11 12 0.00288641
58 10 11 12 8 0.0183108
58 11 12 8 10 0.00102352
58 12 8 10 11 0.00162501
58 8 9 13 12 0.00337006
58 9 13 12 8 0.00288746
58 12 8 9 13 0.00204968
58 13 12 8 9 0.00213699
58 5 13 6 13 0.00108285
58 6 13 5 13 0.00262565
58 13 5 13 6 0.00489707
58 13 6 13 5 0.00515469
58 5 12 13 9 0.00255211
58 9 5 12 13 0.00494716
58 12 13 9 5 0.00121459
58 13 9 5 12 0.00624129
58 5 5 9 12 0.00262936
58 5 9 12 5 0.00759549
58 9 12 5 5 0.00857116
58 12 5 5 9 0.00362232
58 5 12 12 12 0.00640432
58 12 5 12 12 0.0041322
58 12 12 5 12 0.00497298
58 12 12 12 5 0.00723261
58 6 7 12 10 0.00370833
58 7 12 10 6 0.00397253
58 10 6 7 12 0.00383851
58 12 10 6 7 0.00188191
58 8 12 12 9 8.8355e-05
58 9 8 12 12 5.39509e-05
58 12 9 8 12 1.43205e-05
58 12 12 9 8 3.92712e-05
58 5 12 8 10 0.00122375
58 8 10 5 12 0.00777843
58 10 5 12 8 0.00580937
58 12 8 10 5 0.00291551
58 5 12 11 13 0.00287246
58 11 13 5 12 0.00217814
58 12 11 13 5 0.0103025
58 13 5 12 11 0.00616791
58 4 10 10 12 0.00357793
58 10 10 12 4 0.00466919
58 10 12 4 10 0.00309362
58 12 4 10 10 0.00573791
58 4 13 5 10 0.00138788
58 5 10 4 13 0.0046774
58 10 4 13 5 0.0100383
58 13 5 10 4 0.0027761
58 7 9 12 10 0.00363488
58 9 12 10 7 0.00399684
58 10 7 9 12 0.00299606
58 12 10 7 9 0.00448229
58 7 11 11 11 0.00360979
58 11 7 11 11 0.00124231
58 11 11 7 11 0.00842749
58 11 11 11 7 0.00445973
58 7 12 10 12 0.00341797
58 10 12 7 12 0.00549175
58 12 7 12 10 0.00351474
58 12 10 12 7 0.00556978
58 4 7 8 11 1.29187e-05
58 7 8 11 4 1.19681e-05
58 8 11 4 7 0.000164312
58 11 4 7 8 0.000170794
58 4 4 4 13 0.0075958
58 4 4 13 4 0.00361701
58 4 13 4 4 0.000729863
58 13 4 4 4 0.00755933
58 5 7 11 10 0.00149456
58 7 11 10 5 0.0115847
58 10 5 7 11 0.00329148
58 11 10 5 7 0.00533824
58 4 4 8 10 0.00239028
58 4 8 10 4 0.00144021
58 8 10 4 4 0.00344972
58 10 4 4 8 0.0108562
58 6 6 10 8 0.00357385
58 6 10 8 6 0.00230126
58 8 6 6 10 0.0017835
58 10 8 6 6 0.00217759
58 5 9 6 12 0.00192835
58 6 12 5 9 0.00502639
58 9 6 12 5 0.00654695
58 12 5 9 6 0.00259323
58 4 9 11 7 0.00147894
58 7 4 9 11 0.00481547
58 9 11 7 4 0.00857215
58 11 7 4 9 0.00256385
58 7 7 9 13 0.00259071
58 7 9 13 7 0.00213775
58 9 13 7 7 0.00186818
58 13 7 7 9 0.0056319
59 3 0 1 10 0.0383405
59 3 0 2 11 0.0513557
59 2 0 2 12 0.0285826
59 1 0 2 11 0.048559
59 3 0 2 4 0.0251361
59 3 0 3 4 0.0285536
59 2 0 1 11 0.0768322
59 1 0 3 10 0.0297219
59 3 0 3 5 0.0279858
59 2 0 1 4 0.0385961
59 2 0 3 12 0.0327962
59 1 0 2 12 0.0265405
59 1 0 3 4 0.0271006
59 2 0 1 7 0.0401838
59 2 0 2 11 0.0267365
59 1 0 3 8 0.0256603
59 3 0 3 13 0.032222
59 3 0 1 6 0.036678
59 2 0 1 5 0.0392213
59 1 0 3 12 0.0307614
59 2 0 2 7 0.0286393
59 1 0 2 9 0.0333969
59 2 0 1 12 0.042579
59 3 0 3 9 0.0402274
59 1 0 3 6 0.0298718
59 1 0 2 4 0.0236227
59 3 0 3 8 0.0270061
59 2 0 2 10 0.0285103
59 1 0 1 4 0.0345828
60 1 10 3 0 0.0345811
60 2 11 3 0 0.0614886
60 2 12 2 0 0.0263094
60 2 11 1 0 0.0652269
60 2 4 3 0 0.0371453
60 3 4 3 0 0.0354658
60 1 11 2 0 0.0698215
60 3 10 1 0 0.0303733
60 3 5 3 0 0.0234975
60 1 4 2 0 0.0432901
60 3 12 2 0 0.0253733
60 2 12 1 0 0.0300532
60 3 4 1 0 0.0377641
60 1 7 2 0 0.0310602
60 2 11 2 0 0.0291938
60 3 8 1 0 0.0323884
60 3 13 3 0 0.0305956
60 1 6 3 0 0.024438
60 1 5 2 0 0.0297373
60 3 12 1 0 0.0292774
60 2 7 2 0 0.0265984
60 2 9 1 0 0.0240271
60 1 12 2 0 0.0326186
60 3 9 3 0 0.0216825
60 3 6 1 0 0.0225505
60 2 4 1 0 0.0391639
60 3 8 3 0 0.0303834
60 2 10 2 0 0.0281775
60 1 4 1 0 0.0477174
61 5 11 9 12 0.00854922
61 9 12 5 11 4.525e-45
61 11 9 12 5 9.03311e-46
61 12 5 11 9 0.00539532
61 4 10 12 9 0.000591761
61 9 4 10 12 0.0135888
61 10 12 9 4 0.0125594
61 12 9 4 10 1.73724e-45
61 7 11 12 12 0.00165503
61 11 12 12 7 0.00262882
61 12 7 11 12 0.00244916
61 12 12 7 11 0.00923599
61 5 9 7 6 5.4021e-46
61 6 5 9 7 0.00406441
61 7 6 5 9 4.21924e-46
61 9 7 6 5 4.31792e-46
61 5 11 8 13 0.000710427
61 8 13 5 11 3.05817e-88
61 11 8 13 5 0.00659905
61 13 5 11 8 0.00206227
61 4 13 12 10 5.35762e-46
61 10 4 13 12 0.0111998
61 12 10 4 13 0.000990707
61 13 12 10 4 0.0172802
61 4 12 10 12 0.00517194
61 10 12 4 12 0.00982902
61 12 4 12 10 0.0090074
61 12 10 12 4 0.00324534
61 7 12 12 12 0.00391429
61 12 7 12 12 0.00389465
61 12 12 7 12 0.00384099
61 12 12 12 7 0.00383212
61 4 7 9 8 0.00211538
61 7 9 8 4 8.78257e-46
61 8 4 7 9 0.00384854
61 9 8 4 7 0.0110396
61 6 7 13 13 0.00214944
61 7 13 13 6 9.1577e-46
61 13 6 7 13 0.000996572
61 13 13 6 7 8.96587e-89
61 6 6 12 11 0.0130551
61 6 12 11 6 0.00297184
61 11 6 6 12 6.00514e-46
61 12 11 6 6 3.22173e-46
61 4 4 10 11 0.0205696
61 4 10 11 4 0.00120388
61 10 11 4 4 0.0101325
61 11 4 4 10 0.0143918
61 7 12 8 9 2.57764e-05
61 8 9 7 12 5.49902e-48
61 9 7 12 8 3.57993e-05
61 12 8 9 7 8.02922e-05
61 10 12 13 12 0.00736949
61 12 10 12 13 0.000462923
61 12 13 12 10 9.88447e-46
61 13 12 10 12 0.00771351
61 5 5 8 9 0.00271922
61 5 8 9 5 0.00730673
61 8 9 5 5 6.05287e-89
61 9 5 5 8 4.60162e-46
61 4 7 12 8 0.00133541
61 7 12 8 4 0.0049414
61 8 4 7 12 0.00393512
61 12 8 4 7 0.00907833
61 8 10 8 12 0.000607665
61 8 12 8 10 0.00248614
61 10 8 12 8 0.00355133
61 12 8 10 8 0.00737824
61 5 12 6 7 6.70371e-46
61 6 7 5 12 5.12288e-46
61 7 5 12 6 0.00237078
61 12 6 7 5 0.00225714
61 6 7 7 10 0.00309206
61 7 7 10 6 0.00412062
61 7 10 6 7 1.22188e-46
61 10 6 7 7 0.00220001
61 4 7 12 11 0.00597554
61 7 12 11 4 0.00649155
61 11 4 7 12 0.00471399
61 12 11 4 7 0.00408204
61 7 13 9 12 1.19686e-45
61 9 12 7 13 0.00172752
61 12 7 13 9 0.00707391
61 13 9 12 7 6.37258e-46
61 4 11 10 7 0.00201161
61 7 4 11 10 0.00532232
61 10 7 4 11 0.0220962
61 11 10 7 4 0.00205269
61 6 7 9 8 0.00352328
61 7 9 8 6 2.87472e-46
61 8 6 7 9 0.00213332
61 9 8 6 7 7.5085e-46
61 11 13 12 12 6.89089e-46
61 12 11 13 12 0.0040864
61 12 12 11 13 0.00121037
61 13 12 12 11 0.011708
61 8 11 8 13 0.000395909
61 8 13 8 11 1.17508e-45
61 11 8 13 8 0.00594568
61 13 8 11 8 0.00274588
61 4 8 6 13 2.09162e-46
61 6 13 4 8 1.52765e-45
61 8 6 13 4 0.0152999
61 13 4 8 6 0.00380465
61 7 9 7 10 7.40718e-48
61 7 10 7 9 9.96228e-06
61 9 7 10 7 8.09934e-05
61 10 7 9 7 5.07826e-05
61 7 10 8 10 0.000822578
61 8 10 7 10 0.000965621
61 10 7 10 8 0.00468965
61 10 8 10 7 0.00807443
61 5 9 11 8 5.14141e-46
61 8 5 9 11 0.0128327
61 9 11 8 5 0.00122286
61 11 8 5 9 6.54718e-46
61 4 13 13 12 1.00346e-45
61 12 4 13 13 0.00539102
61 13 12 4 13 0.0038246
61 13 13 12 4 2.08944e-45
61 4 10 6 10 1.27297e-46
61 6 10 4 10 0.00311729
61 10 4 10 6 0.00917756
61 10 6 10 4 0.0155422
61 6 11 8 9 0.0012409
61 8 9 6 11 2.47378e-88
61 9 6 11 8 0.00240396
61 11 8 9 6 0.00520314
61 6 10 12 12 0.00136392
61 10 12 12 6 0.00351231
61 12 6 10 12 0.00838337
61 12 12 6 10 8.9973e-46
61 4 5 11 9 0.00147778
61 5 11 9 4 0.00967827
61 9 4 5 11 3.4751e-45
61 11 9 4 5 9.76897e-46
61 8 12 11 11 0.00671158
61 11 8 12 11 0.0120223
61 11 11 8 12 0.00107614
61 12 11 11 8 0.00110745
61 4 10 4 12 0.00162052
61 4 12 4 10 0.00663004
61 10 4 12 4 0.0150793
61 12 4 10 4 0.0313287
61 6 6 13 8 0.0046519
61 6 13 8 6 3.74889e-46
61 8 6 6 13 1.59179e-46
61 13 8 6 6 5.75549e-46
61 8 13 11 9 3.9546e-46
61 9 8 13 11 0.0297049
61 11 9 8 13 1.2557e-46
61 13 11 9 8 0.00195892
61 5 6 6 11 2.70814e-45
61 6 6 11 5 0.00254953
61 6 11 5 6 3.11664e-46
61 11 5 6 6 4.62187e-46
61 8 10 11 12 0.000627784
61 10 11 12 8 0.00125577
61 11 12 8 10 0.00234209
61 12 8 10 11 0.0259635
61 8 9 13 12 1.09404e-45
61 9 13 12 8 7.30065e-46
61 12 8 9 13 0.00318865
61 13 12 8 9 0.00253521
61 5 13 6 13 6.62936e-89
61 6 13 5 13 4.98472e-89
61 13 5 13 6 0.00558652
61 13 6 13 5 0.00542024
61 5 12 13 9 0.0087222
61 9 5 12 13 0.00148438
61 12 13 9 5 8.52254e-46
61 13 9 5 12 9.68149e-89
61 5 5 9 12 0.00768361
61 5 9 12 5 7.28076e-46
61 9 12 5 5 6.03923e-46
61 12 5 5 9 5.75122e-46
61 5 12 12 12 0.00599758
61 12 5 12 12 0.00412198
61 12 12 5 12 7.2712e-46
61 12 12 12 5 0.00348112
61 6 7 12 10 0.00386156
61 7 12 10 6 0.00507518
61 10 6 7 12 0.00275387
61 12 10 6 7 1.49739e-46
61 8 12 12 9 4.10597e-05
61 9 8 12 12 8.38327e-05
61 12 9 8 12 6.23747e-48
61 12 12 9 8 6.24078e-05
61 5 12 8 10 0.00384054
61 8 10 5 12 1.36145e-46
61 10 5 12 8 0.00229614
61 12 8 10 5 0.00704977
61 5 12 11 13 0.00167051
61 11 13 5 12 1.15302e-88
61 12 11 13 5 0.00327352
61 13 5 12 11 0.0111056
61 4 10 10 12 0.00135215
61 10 10 12 4 0.00268993
61 10 12 4 10 0.0105134
61 12 4 10 10 0.0155111
61 4 13 5 10 8.33888e-89
61 5 10 4 13 0.0012719
61 10 4 13 5 0.00834566
61 13 5 10 4 0.015247
61 7 9 12 10 7.78649e-46
61 9 12 10 7 0.00839677
61 10 7 9 12 0.00535066
61 12 10 7 9 0.00102763
61 7 11 11 11 0.00327289
61 11 7 11 11 0.00528344
61 11 11 7 11 0.00350343
61 11 11 11 7 0.000914109
61 7 12 10 12 0.00726518
61 10 12 7 12 0.00343142
61 12 7 12 10 0.00449005
61 12 10 12 7 0.00107984
61 4 7 8 11 5.21352e-05
61 7 8 11 4 0.000111258
61 8 11 4 7 4.26061e-05
61 11 4 7 8 4.61711e-05
61 4 4 4 13 0.00339782
61 4 4 13 4 0.0178599
61 4 13 4 4 2.614e-45
61 13 4 4 4 0.0355264
61 5 7 11 10 0.00369598
61 7 11 10 5 0.00233384
61 10 5 7 11 0.0074229
61 11 10 5 7 1.17555e-46
61 4 4 8 10 0.00304158
61 4 8 10 4 0.0141795
61 8 10 4 4 0.00517629
61 10 4 4 8 0.010447
61 6 6 10 8 0.00515702
61 6 10 8 6 0.000607065
61 8 6 6 10 5.50379e-46
61 10 8 6 6 6.09586e-46
61 5 9 6 12 1.47769e-88
61 6 12 5 9 6.11391e-46
61 9 6 12 5 0.00339623
61 12 5 9 6 0.00455982
61 4 9 11 7 2.58368e-46
61 7 4 9 11 0.0252176
61 9 11 7 4 0.00492378
61 11 7 4 9 0.00622338
61 7 7 9 13 0.00172323
61 7 9 13 7 9.55282e-46
61 9 13 7 7 6.66592e-46
61 13 7 7 9 0.00264101
62 5 11 9 12 1.33957e-47
62 9 12 5 11 1.01855e-47
62 11 9 12 5 6.11644e-48
62 12 5 11 9 9.75006e-48
62 4 10 12 9 8.42039e-49
62 9 4 10 12 0.0297337
62 10 12 9 4 2.57835e-48
62 12 9 4 10 2.33565e-48
62 7 11 12 12 2.05198e-48
62 11 12 12 7 2.38775e-48
62 12 7 11 12 3.21278e-48
62 12 12 7 11 3.77017e-48
62 5 9 7 6 5.42358e-48
62 6 5 9 7 1.32384e-47
62 7 6 5 9 2.11414e-48
62 9 7 6 5 5.2342e-48
62 5 11 8 13 7.13238e-48
62 8 13 5 11 8.41943e-48
62 11 8 13 5 6.97009e-48
62 13 5 11 8 1.29651e-47
62 4 13 12 10 2.17405e-48
62 10 4 13 12 2.31164e-48
62 12 10 4 13 2.29569e-48
62 13 12 10 4 0.0550255
62 4 12 10 12 0.0301369
62 10 12 4 12 2.17421e-48
62 12 4 12 10 2.62069e-48
62 12 10 12 4 2.58144e-48
62 7 12 12 12 2.45733e-48
62 12 7 12 12 2.99312e-48
62 12 12 7 12 4.08317e-48
62 12 12 12 7 3.14562e-48
62 4 7 9 8 3.54755e-48
62 7 9 8 4 3.09347e-48
62 8 4 7 9 2.76815e-48
62 9 8 4 7 3.71117e-48
62 6 7 13 13 7.1293e-48
62 7 13 13 6 4.54482e-48
62 13 6 7 13 4.49306e-48
62 13 13 6 7 6.35226e-48
62 6 6 12 11 6.38657e-48
62 6 12 11 6 8.92509e-48
62 11 6 6 12 4.73736e-48
62 12 11 6 6 6.26489e-48
62 4 4 10 11 0.0264018
62 4 10 11 4 2.11948e-48
62 10 11 4 4 2.24921e-48
62 11 4 4 10 2.44122e-48
62 7 12 8 9 2.48965e-50
62 8 9 7 12 4.94858e-50
62 9 7 12 8 4.08381e-50
62 12 8 9 7 5.80806e-50
62 10 12 13 12 2.65159e-48
62 12 10 12 13 2.03592e-48
62 12 13 12 10 3.09326e-48
62 13 12 10 12 0.0483393
62 5 5 8 9 7.93385e-48
62 5 8 9 5 9.8339e-48
62 8 9 5 5 6.55527e-48
62 9 5 5 8 1.08507e-47
62 4 7 12 8 2.32716e-48
62 7 12 8 4 3.45953e-48
62 8 4 7 12 4.03771e-48
62 12 8 4 7 3.59542e-48
62 8 10 8 12 3.51294e-48
62 8 12 8 10 4.65664e-48
62 10 8 12 8 2.38753e-48
62 12 8 10 8 0.053094
62 5 12 6 7 6.93104e-48
62 6 7 5 12 7.42289e-48
62 7 5 12 6 5.11829e-48
62 12 6 7 5 4.81171e-48
62 6 7 7 10 5.32756e-48
62 7 7 10 6 0.0309825
62 7 10 6 7 2.29363e-48
62 10 6 7 7 2.02388e-48
62 4 7 12 11 2.28659e-48
62 7 12 11 4 3.53455e-48
62 11 4 7 12 3.18086e-48
62 12 11 4 7 3.48672e-48
62 7 13 9 12 4.46139e-48
62 9 12 7 13 4.37934e-48
62 12 7 13 9 3.26606e-48
62 13 9 12 7 3.67009e-48
62 4 11 10 7 0.0289422
62 7 4 11 10 2.52728e-48
62 10 7 4 11 2.19688e-48
62 11 10 7 4 2.92523e-48
62 6 7 9 8 8.1679e-48
62 7 9 8 6 2.97914e-48
62 8 6 7 9 2.89557e-48
62 9 8 6 7 4.80552e-48
62 11 13 12 12 3.08891e-48
62 12 11 13 12 4.54122e-48
62 12 12 11 13 3.81089e-48
62 13 12 12 11 4.11646e-48
62 8 11 8 13 5.32626e-48
62 8 13 8 11 6.7504e-48
62 11 8 13 8 5.92815e-48
62 13 8 11 8 6.8721e-48
62 4 8 6 13 4.59538e-48
62 6 13 4 8 1.02208e-47
62 8 6 13 4 7.96779e-48
62 13 4 8 6 6.55694e-48
62 7 9 7 10 2.92609e-50
62 7 10 7 9 1.69243e-50
62 9 7 10 7 0.000452101
62 10 7 9 7 3.00248e-50
62 7 10 8 10 2.08749e-48
62 8 10 7 10 3.18121e-48
62 10 7 10 8 0.0275829
62 10 8 10 7 0.0265622
62 5 9 11 8 6.36535e-48
62 8 5 9 11 1.20509e-47
62 9 11 8 5 5.47242e-48
62 11 8 5 9 3.2116e-48
62 4 13 13 12 4.51746e-48
62 12 4 13 13 4.8888e-48
62 13 12 4 13 5.18366e-48
62 13 13 12 4 5.99793e-48
62 4 10 6 10 2.00229e-48
62 6 10 4 10 3.56024e-48
62 10 4 10 6 0.0226158
62 10 6 10 4 0.0245647
62 6 11 8 9 4.4375e-48
62 8 9 6 11 5.29602e-48
62 9 6 11 8 4.32892e-48
62 11 8 9 6 4.98011e-48
62 6 10 12 12 3.82721e-48
62 10 12 12 6 2.20449e-48
62 12 6 10 12 0.0407808
62 12 12 6 10 4.57755e-48
62 4 5 11 9 3.46285e-48
62 5 11 9 4 7.70556e-48
62 9 4 5 11 4.48718e-48
62 11 9 4 5 3.48518e-48
62 8 12 11 11 4.85982e-48
62 11 8 12 11 3.07124e-48
62 11 11 8 12 3.38889e-48
62 12 11 11 8 4.28639e-48
62 4 10 4 12 1.73316e-48
62 4 12 4 10 2.29743e-48
62 10 4 12 4 1.84528e-48
62 12 4 10 4 0.0410356
62 6 6 13 8 8.88196e-48
62 6 13 8 6 8.93218e-48
62 8 6 6 13 5.36459e-48
62 13 8 6 6 7.23679e-48
62 8 13 11 9 3.22537e-48
62 9 8 13 11 4.98885e-48
62 11 9 8 13 2.83003e-48
62 13 11 9 8 5.96134e-48
62 5 6 6 11 9.30928e-48
62 6 6 11 5 1.02706e-47
62 6 11 5 6 1.13912e-47
62 11 5 6 6 1.15832e-47
62 8 10 11 12 2.82252e-48
62 10 11 12 8 1.82081e-48
62 11 12 8 10 2.8849e-48
62 12 8 10 11 0.0410258
62 8 9 13 12 5.21133e-48
62 9 13 12 8 4.39001e-48
62 12 8 9 13 5.18317e-48
62 13 12 8 9 3.57139e-48
62 5 13 6 13 9.50326e-48
62 6 13 5 13 1.06962e-47
62 13 5 13 6 1.50756e-47
62 13 6 13 5 8.52935e-48
62 5 12 13 9 4.32004e-48
62 9 5 12 13 5.34615e-48
62 12 13 9 5 6.155e-48
62 13 9 5 12 4.69099e-48
62 5 5 9 12 1.40227e-47
62 5 9 12 5 5.59432e-48
62 9 12 5 5 6.55822e-48
62 12 5 5 9 6.40454e-48
62 5 12 12 12 4.94457e-48
62 12 5 12 12 6.22544e-48
62 12 12 5 12 5.02152e-48
62 12 12 12 5 4.23411e-48
62 6 7 12 10 4.10932e-48
62 7 12 10 6 0.0326011
62 10 6 7 12 2.02636e-48
62 12 10 6 7 2.93967e-48
62 8 12 12 9 3.17978e-50
62 9 8 12 12 4.27829e-50
62 12 9 8 12 4.52206e-50
62 12 12 9 8 6.89559e-50
62 5 12 8 10 5.36818e-48
62 8 10 5 12 3.77195e-48
62 10 5 12 8 3.87773e-48
62 12 8 10 5 0.0537412
62 5 12 11 13 6.6043e-48
62 11 13 5 12 5.43641e-48
62 12 11 13 5 6.73917e-48
62 13 5 12 11 8.98185e-48
62 4 10 10 12 0.0187855
62 10 10 12 4 1.36816e-48
62 10 12 4 10 1.7965e-48
62 12 4 10 10 0.0308879
62 4 13 5 10 3.5592e-48
62 5 10 4 13 3.70074e-48
62 10 4 13 5 3.19102e-48
62 13 5 10 4 0.111682
62 7 9 12 10 1.89978e-48
62 9 12 10 7 0.0400428
62 10 7 9 12 2.53038e-48
62 12 10 7 9 1.82583e-48
62 7 11 11 11 2.65968e-48
62 11 7 11 11 2.94486e-48
62 11 11 7 11 3.12528e-48
62 11 11 11 7 2.79894e-48
62 7 12 10 12 0.0312166
62 10 12 7 12 2.3325e-48
62 12 7 12 10 2.66564e-48
62 12 10 12 7 2.1134e-48
62 4 7 8 11 4.37856e-50
62 7 8 11 4 5.54726e-50
62 8 11 4 7 6.12342e-50
62 11 4 7 8 5.44812e-50
62 4 4 4 13 2.45634e-48
62 4 4 13 4 3.79835e-48
62 4 13 4 4 3.67614e-48
62 13 4 4 4 4.99564e-48
62 5 7 11 10 4.70283e-48
62 7 11 10 5 0.0366884
62 10 5 7 11 4.45685e-48
62 11 10 5 7 2.67776e-48
62 4 4 8 10 2.51847e-48
62 4 8 10 4 0.0384445
62 8 10 4 4 3.65022e-48
62 10 4 4 8 2.31817e-48
62 6 6 10 8 0.0786346
62 6 10 8 6 5.58928e-48
62 8 6 6 10 5.10024e-48
62 10 8 6 6 3.51444e-48
62 5 9 6 12 6.14806e-48
62 6 12 5 9 5.30544e-48
62 9 6 12 5 3.7956e-48
62 12 5 9 6 9.90791e-48
62 4 9 11 7 2.3616e-48
62 7 4 9 11 3.35587e-48
62 9 11 7 4 4.45854e-48
62 11 7 4 9 1.95468e-48
62 7 7 9 13 3.42353e-48
62 7 9 13 7 3.23279e-48
62 9 13 7 7 4.63984e-48
62 13 7 7 9 3.21256e-48
63 5 11 9 12 0.00184507
63 9 12 5 11 0.00621834
63 11 9 12 5 5.83274e-46
63 12 5 11 9 1.4656e-46
63 4 10 12 9 6.73881e-47
63 9 4 10 12 0.0269573
63 10 12 9 4 0.00211515
63 12 9 4 10 1.84571e-46
63 7 11 12 12 0.00204031
63 11 12 12 7 0.00163991
63 12 7 11 12 0.00155599
63 12 12 7 11 0.00273639
63 5 9 7 6 9.79948e-46
63 6 5 9 7 0.000187518
63 7 6 5 9 6.28597e-46
63 9 7 6 5 1.79281e-45
63 5 11 8 13 8.24274e-46
63 8 13 5 11 5.66714e-49
63 11 8 13 5 0.0209478
63 13 5 11 8 0.00186254
63 4 13 12 10 7.69919e-47
63 10 4 13 12 0.0198677
63 12 10 4 13 3.34227e-46
63 13 12 10 4 0.0218299
63 4 12 10 12 0.0121666
63 10 12 4 12 0.0130473
63 12 4 12 10 0.000640968
63 12 10 12 4 0.000763688
63 7 12 12 12 0.00474806
63 12 7 12 12 0.00274755
63 12 12 7 12 0.00717264
63 12 12 12 7 0.00144357
63 4 7 9 8 0.00208459
63 7 9 8 4 1.58529e-45
63 8 4 7 9 1.98837e-48
63 9 8 4 7 0.013636
63 6 7 13 13 1.62286e-45
63 7 13 13 6 5.15526e-45
63 13 6 7 13 2.5049e-45
63 13 13 6 7 1.90094e-88
63 6 6 12 11 0.00187497
63 6 12 11 6 0.00301359
63 11 6 6 12 3.60423e-45
63 12 11 6 6 1.47618e-45
63 4 4 10 11 0.00483283
63 4 10 11 4 0.000394572
63 10 11 4 4 0.00564909
63 11 4 4 10 0.00233239
63 7 12 8 9 2.13028e-47
63 8 9 7 12 2.38525e-50
63 9 7 12 8 0.000111932
63 12 8 9 7 1.46958e-05
63 10 12 13 12 0.0207668
63 12 10 12 13 1.13557e-46
63 12 13 12 10 9.18443e-47
63 13 12 10 12 0.0235794
63 5 5 8 9 3.1765e-46
63 5 8 9 5 0.0014888
63 8 9 5 5 4.90098e-49
63 9 5 5 8 0.00290659
63 4 7 12 8 0.00311687
63 7 12 8 4 0.0130514
63 8 4 7 12 1.57228e-05
63 12 8 4 7 0.00541239
63 8 10 8 12 6.19653e-06
63 8 12 8 10 5.03281e-06
63 10 8 12 8 0.00843832
63 12 8 10 8 0.0276272
63 5 12 6 7 6.32387e-46
63 6 7 5 12 0.00187888
63 7 5 12 6 0.00189584
63 12 6 7 5 0.00546372
63 6 7 7 10 0.00083681
63 7 7 10 6 0.0221516
63 7 10 6 7 2.3133e-46
63 10 6 7 7 0.00495965
63 4 7 12 11 0.0010344
63 7 12 11 4 0.00293053
63 11 4 7 12 0.00917674
63 12 11 4 7 0.0021493
63 7 13 9 12 5.03849e-46
63 9 12 7 13 2.87928e-45
63 12 7 13 9 1.88398e-45
63 13 9 12 7 3.29714e-46
63 4 11 10 7 0.00264762
63 7 4 11 10 0.000604619
63 10 7 4 11 0.00479772
63 11 10 7 4 0.00218296
63 6 7 9 8 0.00191028
63 7 9 8 6 2.42819e-45
63 8 6 7 9 2.72197e-48
63 9 8 6 7 2.29756e-45
63 11 13 12 12 6.41847e-46
63 12 11 13 12 0.00829682
63 12 12 11 13 3.21318e-46
63 13 12 12 11 0.00255454
63 8 11 8 13 2.12412e-48
63 8 13 8 11 1.87791e-48
63 11 8 13 8 0.0484226
63 13 8 11 8 0.00837161
63 4 8 6 13 3.73872e-88
63 6 13 4 8 2.15107e-45
63 8 6 13 4 6.67444e-05
63 13 4 8 6 0.0335609
63 7 9 7 10 2.76825e-48
63 7 10 7 9 3.54862e-48
63 9 7 10 7 0.000144863
63 10 7 9 7 1.17457e-05
63 7 10 8 10 0.000722712
63 8 10 7 10 8.42518e-07
63 10 7 10 8 0.0221905
63 10 8 10 7 0.010975
63 5 9 11 8 3.40453e-46
63 8 5 9 11 6.81542e-07
63 9 11 8 5 0.00774053
63 11 8 5 9 6.745e-46
63 4 13 13 12 2.54848e-45
63 12 4 13 13 2.92072e-45
63 13 12 4 13 3.11617e-45
63 13 13 12 4 9.7609e-46
63 4 10 6 10 6.30954e-47
63 6 10 4 10 0.000343159
63 10 4 10 6 0.0239709
63 10 6 10 4 0.0214238
63 6 11 8 9 5.00311e-46
63 8 9 6 11 2.12536e-91
63 9 6 11 8 0.0102071
63 11 8 9 6 0.00553988
63 6 10 12 12 0.00066087
63 10 12 12 6 0.00655597
63 12 6 10 12 0.0198239
63 12 12 6 10 3.46508e-46
63 4 5 11 9 6.20843e-47
63 5 11 9 4 0.000863191
63 9 4 5 11 0.00300626
63 11 9 4 5 8.6751e-46
63 8 12 11 11 2.23027e-06
63 11 8 12 11 0.0024873
63 11 11 8 12 0.00652992
63 12 11 11 8 0.0014837
63 4 10 4 12 0.00196269
63 4 12 4 10 0.0015941
63 10 4 12 4 0.00378641
63 12 4 10 4 0.0123968
63 6 6 13 8 0.0262996
63 6 13 8 6 1.82826e-45
63 8 6 6 13 8.44732e-91
63 13 8 6 6 6.0012e-45
63 8 13 11 9 8.80384e-92
63 9 8 13 11 0.0224478
63 11 9 8 13 2.20725e-88
63 13 11 9 8 0.00247285
63 5 6 6 11 1.14461e-45
63 6 6 11 5 0.00173297
63 6 11 5 6 0.00217911
63 11 5 6 6 1.17632e-45
63 8 10 11 12 1.09417e-06
63 10 11 12 8 0.00263519
63 11 12 8 10 0.00231003
63 12 8 10 11 0.00721031
63 8 9 13 12 5.07679e-48
63 9 13 12 8 1.81996e-45
63 12 8 9 13 4.567e-46
63 13 12 8 9 2.37539e-45
63 5 13 6 13 4.02262e-131
63 6 13 5 13 6.27941e-89
63 13 5 13 6 0.0147867
63 13 6 13 5 0.0282095
63 5 12 13 9 1.65614e-45
63 9 5 12 13 3.09047e-46
63 12 13 9 5 1.68755e-46
63 13 9 5 12 5.55917e-46
63 5 5 9 12 0.000556221
63 5 9 12 5 2.08666e-46
63 9 12 5 5 0.00436157
63 12 5 5 9 1.05989e-46
63 5 12 12 12 0.00301652
63 12 5 12 12 0.000961526
63 12 12 5 12 0.00303985
63 12 12 12 5 0.00198616
63 6 7 12 10 0.000382945
63 7 12 10 6 0.0264635
63 10 6 7 12 0.0112772
63 12 10 6 7 1.59921e-46
63 8 12 12 9 1.23483e-50
63 9 8 12 12 0.000136769
63 12 9 8 12 1.53688e-47
63 12 12 9 8 3.857e-05
63 5 12 8 10 0.0016813
63 8 10 5 12 1.60983e-06
63 10 5 12 8 0.0016162
63 12 8 10 5 0.0102889
63 5 12 11 13 3.2596e-46
63 11 13 5 12 6.56155e-46
63 12 11 13 5 0.00554177
63 13 5 12 11 0.000826033
63 4 10 10 12 0.00264692
63 10 10 12 4 0.000892868
63 10 12 4 10 0.00230545
63 12 4 10 10 0.00245351
63 4 13 5 10 7.32143e-47
63 5 10 4 13 3.15389e-46
63 10 4 13 5 0.0123441
63 13 5 10 4 0.00656617
63 7 9 12 10 1.06632e-46
63 9 12 10 7 0.0145671
63 10 7 9 12 0.00224803
63 12 10 7 9 2.06493e-46
63 7 11 11 11 0.000576493
63 11 7 11 11 0.00088191
63 11 11 7 11 0.00174694
63 11 11 11 7 0.000521914
63 7 12 10 12 0.0195893
63 10 12 7 12 0.00903857
63 12 7 12 10 0.000523275
63 12 10 12 7 0.000338503
63 4 7 8 11 4.75513e-05
63 7 8 11 4 5.77993e-05
63 8 11 4 7 7.62469e-08
63 11 4 7 8 0.000192275
63 4 4 4 13 1.34114e-45
63 4 4 13 4 0.0143557
63 4 13 4 4 1.29238e-45
63 13 4 4 4 0.0174799
63 5 7 11 10 0.000285115
63 7 11 10 5 0.00533255
63 10 5 7 11 0.00105751
63 11 10 5 7 0.000372837
63 4 4 8 10 0.00176372
63 4 8 10 4 0.0158632
63 8 10 4 4 5.69372e-06
63 10 4 4 8 0.018675
63 6 6 10 8 0.022198
63 6 10 8 6 0.00299713
63 8 6 6 10 1.12002e-48
63 10 8 6 6 4.46109e-45
63 5 9 6 12 1.73047e-88
63 6 12 5 9 2.81247e-46
63 9 6 12 5 0.00624129
63 12 5 9 6 0.000868469
63 4 9 11 7 9.26417e-47
63 7 4 9 11 0.0012899
63 9 11 7 4 0.00800089
63 11 7 4 9 1.29295e-45
63 7 7 9 13 3.91972e-46
63 7 9 13 7 1.27279e-45
63 9 13 7 7 1.16703e-45
63 13 7 7 9 1.32137e-45
64 5 11 9 12 5.56692e-48
64 9 12 5 11 9.54944e-48
64 11 9 12 5 1.02243e-47
64 12 5 11 9 4.90738e-48
64 4 10 12 9 2.57228e-48
64 9 4 10 12 1.93501e-48
64 10 12 9 4 0.0302083
64 12 9 4 10 1.0721e-48
64 7 11 12 12 2.71496e-48
64 11 12 12 7 1.95968e-48
64 12 7 11 12 1.5801e-48
64 12 12 7 11 2.50672e-48
64 5 9 7 6 5.62403e-48
64 6 5 9 7 2.41864e-48
64 7 6 5 9 4.90261e-48
64 9 7 6 5 4.61678e-48
64 5 11 8 13 5.83494e-48
64 8 13 5 11 7.22156e-48
64 11 8 13 5 1.0701e-47
64 13 5 11 8 6.78122e-48
64 4 13 12 10 2.00283e-48
64 10 4 13 12 0.0264365
64 12 10 4 13 3.72363e-48
64 13 12 10 4 5.24359e-48
64 4 12 10 12 3.63419e-48
64 10 12 4 12 0.0368249
64 12 4 12 10 7.1194e-49
64 12 10 12 4 4.51118e-48
64 7 12 12 12 4.02758e-48
64 12 7 12 12 2.2178e-48
64 12 12 7 12 3.22674e-48
64 12 12 12 7 1.82569e-48
64 4 7 9 8 2.09079e-48
64 7 9 8 4 5.47419e-48
64 8 4 7 9 1.58349e-48
64 9 8 4 7 3.25423e-48
64 6 7 13 13 5.29583e-48
64 7 13 13 6 8.26775e-48
64 13 6 7 13 8.83839e-48
64 13 13 6 7 4.80844e-48
64 6 6 12 11 7.81125e-48
64 6 12 11 6 5.31026e-48
64 11 6 6 12 9.31225e-48
64 12 11 6 6 4.33503e-48
64 4 4 10 11 1.57038e-48
64 4 10 11 4 3.94422e-48
64 10 11 4 4 0.0319619
64 11 4 4 10 7.24111e-49
64 7 12 8 9 3.74184e-50
64 8 9 7 12 5.47014e-50
64 9 7 12 8 4.31124e-50
64 12 8 9 7 2.29518e-50
64 10 12 13 12 0.0517258
64 12 10 12 13 4.2768e-48
64 12 13 12 10 1.7762e-48
64 13 12 10 12 4.43213e-48
64 5 5 8 9 4.94747e-48
64 5 8 9 5 6.26574e-48
64 8 9 5 5 6.46313e-48
64 9 5 5 8 7.91858e-48
64 4 7 12 8 2.66883e-48
64 7 12 8 4 4.77205e-48
64 8 4 7 12 2.03963e-48
64 12 8 4 7 2.13474e-48
64 8 10 8 12 5.21514e-48
64 8 12 8 10 1.90519e-48
64 10 8 12 8 0.0669371
64 12 8 10 8 5.1007e-48
64 5 12 6 7 3.52489e-48
64 6 7 5 12 3.79617e-48
64 7 5 12 6 5.73571e-48
64 12 6 7 5 5.80191e-48
64 6 7 7 10 1.34058e-48
64 7 7 10 6 2.92761e-48
64 7 10 6 7 3.25331e-48
64 10 6 7 7 0.0341822
64 4 7 12 11 2.28701e-48
64 7 12 11 4 3.99643e-48
64 11 4 7 12 2.08386e-48
64 12 11 4 7 1.26137e-48
64 7 13 9 12 4.6566e-48
64 9 12 7 13 6.38559e-48
64 12 7 13 9 2.43719e-48
64 13 9 12 7 3.33341e-48
64 4 11 10 7 1.65777e-48
64 7 4 11 10 7.57218e-49
64 10 7 4 11 0.0235167
64 11 10 7 4 5.79136e-48
64 6 7 9 8 2.70732e-48
64 7 9 8 6 5.10877e-48
64 8 6 7 9 4.61482e-48
64 9 8 6 7 4.70871e-48
64 11 13 12 12 5.33898e-48
64 12 11 13 12 3.21577e-48
64 12 12 11 13 3.11718e-48
64 13 12 12 11 4.16729e-48
64 8 11 8 13 4.67825e-48
64 8 13 8 11 6.12927e-48
64 11 8 13 8 9.39877e-48
64 13 8 11 8 7.01487e-48
64 4 8 6 13 1.0386e-47
64 6 13 4 8 8.39661e-48
64 8 6 13 4 1.29371e-47
64 13 4 8 6 3.77218e-48
64 7 9 7 10 2.31565e-50
64 7 10 7 9 4.28993e-50
64 9 7 10 7 2.21826e-50
64 10 7 9 7 0.000149602
64 7 10 8 10 2.21863e-48
64 8 10 7 10 2.19507e-48
64 10 7 10 8 0.0334114
64 10 8 10 7 0.0346117
64 5 9 11 8 5.23797e-48
64 8 5 9 11 3.80431e-48
64 9 11 8 5 4.86812e-48
64 11 8 5 9 5.1411e-48
64 4 13 13 12 7.87822e-48
64 12 4 13 13 3.14104e-48
64 13 12 4 13 6.01681e-48
64 13 13 12 4 9.29471e-48
64 4 10 6 10 2.18937e-48
64 6 10 4 10 1.95927e-48
64 10 4 10 6 0.0223206
64 10 6 10 4 0.0697024
64 6 11 8 9 2.92355e-48
64 8 9 6 11 5.30455e-48
64 9 6 11 8 6.59549e-48
64 11 8 9 6 4.76351e-48
64 6 10 12 12 5.80639e-48
64 10 12 12 6 0.048703
64 12 6 10 12 5.00659e-48
64 12 12 6 10 1.8302e-48
64 4 5 11 9 2.79625e-48
64 5 11 9 4 3.32817e-48
64 9 4 5 11 2.46632e-48
64 11 9 4 5 4.49839e-48
64 8 12 11 11 2.91889e-48
64 11 8 12 11 4.77521e-48
64 11 11 8 12 3.08989e-48
64 12 11 11 8 2.1855e-48
64 4 10 4 12 3.61002e-48
64 4 12 4 10 1.31881e-48
64 10 4 12 4 0.0246629
64 12 4 10 4 1.87934e-48
64 6 6 13 8 1.10773e-47
64 6 13 8 6 8.03419e-48
64 8 6 6 13 1.01585e-47
64 13 8 6 6 1.00253e-47
64 8 13 11 9 3.23102e-48
64 9 8 13 11 7.2045e-48
64 11 9 8 13 5.12316e-48
64 13 11 9 8 2.87069e-48
64 5 6 6 11 1.10572e-47
64 6 6 11 5 9.25766e-48
64 6 11 5 6 6.30525e-48
64 11 5 6 6 9.53128e-48
64 8 10 11 12 3.43465e-48
64 10 11 12 8 0.0311039
64 11 12 8 10 1.53075e-48
64 12 8 10 11 3.43736e-48
64 8 9 13 12 6.39447e-48
64 9 13 12 8 7.64509e-48
64 12 8 9 13 4.34902e-48
64 13 12 8 9 3.94052e-48
64 5 13 6 13 1.27163e-47
64 6 13 5 13 1.12737e-47
64 13 5 13 6 1.10297e-47
64 13 6 13 5 1.39261e-47
64 5 12 13 9 4.35821e-48
64 9 5 12 13 6.60531e-48
64 12 13 9 5 3.61178e-48
64 13 9 5 12 5.53894e-48
64 5 5 9 12 4.9006e-48
64 5 9 12 5 6.71608e-48
64 9 12 5 5 6.82698e-48
64 12 5 5 9 3.71493e-48
64 5 12 12 12 4.95316e-48
64 12 5 12 12 4.16866e-48
64 12 12 5 12 3.78884e-48
64 12 12 12 5 3.90155e-48
64 6 7 12 10 1.29067e-48
64 7 12 10 6 4.10088e-48
64 10 6 7 12 0.0581645
64 12 10 6 7 2.50939e-48
64 8 12 12 9 3.87276e-50
64 9 8 12 12 8.2573e-50
64 12 9 8 12 4.63367e-50
64 12 12 9 8 3.3721e-50
64 5 12 8 10 2.04566e-48
64 8 10 5 12 5.2897e-48
64 10 5 12 8 0.0557055
64 12 8 10 5 4.99947e-48
64 5 12 11 13 5.48617e-48
64 11 13 5 12 7.1877e-48
64 12 11 13 5 4.45808e-48
64 13 5 12 11 6.17271e-48
64 4 10 10 12 3.86154e-48
64 10 10 12 4 0.0531694
64 10 12 4 10 0.0142944
64 12 4 10 10 6.39408e-49
64 4 13 5 10 2.50814e-48
64 5 10 4 13 6.09607e-48
64 10 4 13 5 0.0340913
64 13 5 10 4 7.22481e-48
64 7 9 12 10 1.87659e-48
64 9 12 10 7 2.61547e-48
64 10 7 9 12 0.0214274
64 12 10 7 9 2.78526e-48
64 7 11 11 11 1.96519e-48
64 11 7 11 11 1.72315e-48
64 11 11 7 11 2.37202e-48
64 11 11 11 7 1.23084e-48
64 7 12 10 12 3.89878e-48
64 10 12 7 12 0.0409908
64 12 7 12 10 9.27891e-49
64 12 10 12 7 2.09089e-48
64 4 7 8 11 3.54621e-50
64 7 8 11 4 8.30988e-50
64 8 11 4 7 2.41538e-50
64 11 4 7 8 3.44324e-50
64 4 4 4 13 2.19836e-48
64 4 4 13 4 3.25712e-48
64 4 13 4 4 5.78519e-48
64 13 4 4 4 2.82796e-48
64 5 7 11 10 1.10349e-48
64 7 11 10 5 3.45549e-48
64 10 5 7 11 0.0447354
64 11 10 5 7 2.86563e-48
64 4 4 8 10 8.88833e-49
64 4 8 10 4 6.38371e-48
64 8 10 4 4 5.3704e-48
64 10 4 4 8 0.0222058
64 6 6 10 8 8.4032e-48
64 6 10 8 6 6.91572e-48
64 8 6 6 10 3.6316e-48
64 10 8 6 6 0.0887568
64 5 9 6 12 6.81707e-48
64 6 12 5 9 4.09028e-48
64 9 6 12 5 8.43676e-48
64 12 5 9 6 3.43398e-48
64 4 9 11 7 1.87249e-48
64 7 4 9 11 1.39423e-48
64 9 11 7 4 4.36579e-48
64 11 7 4 9 1.79083e-48
64 7 7 9 13 2.70631e-48
64 7 9 13 7 3.55694e-48
64 9 13 7 7 3.94836e-48
64 13 7 7 9 2.63441e-48
65 5 11 9 12 0.00458768
65 9 12 5 11 0.00633826
65 11 9 12 5 0.00348499
65 12 5 11 9 1.35377e-45
65 4 10 12 9 6.03872e-46
65 9 4 10 12 0.00182763
65 10 12 9 4 0.00603329
65 12 9 4 10 0.0010129
65 7 11 12 12 0.00418595
65 11 12 12 7 0.00226065
65 12 7 11 12 0.00837638
65 12 12 7 11 0.0024956
65 5 9 7 6 0.00145775
65 6 5 9 7 0.00937776
65 7 6 5 9 1.28416e-45
65 9 7 6 5 0.00421343
65 5 11 8 13 4.88709e-46
65 8 13 5 11 1.03797e-45
65 11 8 13 5 0.00286072
65 13 5 11 8 0.00216197
65 4 13 12 10 0.0030919
65 10 4 13 12 0.00468494
65 12 10 4 13 7.05714e-46
65 13 12 10 4 0.00174138
65 4 12 10 12 0.00441123
65 10 12 4 12 0.00519933
65 12 4 12 10 0.00164579
65 12 10 12 4 0.00896934
65 7 12 12 12 0.00466728
65 12 7 12 12 0.00935484
65 12 12 7 12 0.00515703
65 12 12 12 7 0.00495836
65 4 7 9 8 0.00836464
65 7 9 8 4 0.00473766
65 8 4 7 9 5.60384e-89
65 9 8 4 7 0.00238721
65 6 7 13 13 3.81376e-45
65 7 13 13 6 0.00831453
65 13 6 7 13 4.05041e-46
65 13 13 6 7 0.00195837
65 6 6 12 11 0.0196442
65 6 12 11 6 0.0210515
65 11 6 6 12 0.00618538
65 12 11 6 6 0.00704701
65 4 4 10 11 0.00177179
65 4 10 11 4 0.00892595
65 10 11 4 4 0.0073523
65 11 4 4 10 0.000706932
65 7 12 8 9 6.88332e-48
65 8 9 7 12 4.98427e-48
65 9 7 12 8 7.83092e-05
65 12 8 9 7 4.11829e-05
65 10 12 13 12 0.006143
65 12 10 12 13 8.15224e-46
65 12 13 12 10 0.00302766
65 13 12 10 12 0.001202
65 5 5 8 9 3.02746e-46
65 5 8 9 5 0.00151844
65 8 9 5 5 5.65458e-46
65 9 5 5 8 0.00549923
65 4 7 12 8 0.00929616
65 7 12 8 4 0.00673328
65 8 4 7 12 4.52124e-46
65 12 8 4 7 0.00331585
65 8 10 8 12 7.82598e-46
65 8 12 8 10 2.72784e-46
65 10 8 12 8 0.00498551
65 12 8 10 8 0.00358554
65 5 12 6 7 0.0018078
65 6 7 5 12 0.0326601
65 7 5 12 6 0.00448071
65 12 6 7 5 0.00761299
65 6 7 7 10 0.00658044
65 7 7 10 6 0.00488894
65 7 10 6 7 0.00302658
65 10 6 7 7 0.00687392
65 4 7 12 11 0.00544224
65 7 12 11 4 0.00712725
65 11 4 7 12 0.0021109
65 12 11 4 7 0.00453179
65 7 13 9 12 0.00681948
65 9 12 7 13 5.65836e-46
65 12 7 13 9 1.37258e-45
65 13 9 12 7 0.00112364
65 4 11 10 7 0.0037802
65 7 4 11 10 0.00132539
65 10 7 4 11 0.0045357
65 11 10 7 4 0.00406389
65 6 7 9 8 0.0207963
65 7 9 8 6 0.00340516
65 8 6 7 9 1.32106e-88
65 9 8 6 7 0.00233996
65 11 13 12 12 0.00479942
65 12 11 13 12 0.00688261
65 12 12 11 13 8.84633e-46
65 13 12 12 11 0.00101036
65 8 11 8 13 1.29901e-88
65 8 13 8 11 7.46806e-46
65 11 8 13 8 0.00336825
65 13 8 11 8 0.00179973
65 4 8 6 13 8.22928e-46
65 6 13 4 8 0.0280142
65 8 6 13 4 2.85912e-45
65 13 4 8 6 0.00205442
65 7 9 7 10 1.10151e-05
65 7 10 7 9 5.56672e-48
65 9 7 10 7 4.34758e-05
65 10 7 9 7 7.55525e-05
65 7 10 8 10 0.00173808
65 8 10 7 10 2.217e-46
65 10 7 10 8 0.00661047
65 10 8 10 7 0.00278157
65 5 9 11 8 0.00198545
65 8 5 9 11 3.4784e-46
65 9 11 8 5 0.00397928
65 11 8 5 9 4.5244e-46
65 4 13 13 12 0.0126287
65 12 4 13 13 8.85143e-46
65 13 12 4 13 2.7335e-46
65 13 13 12 4 0.00487424
65 4 10 6 10 0.00174651
65 6 10 4 10 0.00442989
65 10 4 10 6 0.00310803
65 10 6 10 4 0.0101941
65 6 11 8 9 2.06526e-45
65 8 9 6 11 2.4406e-46
65 9 6 11 8 0.00828724
65 11 8 9 6 0.00242488
65 6 10 12 12 0.0163938
65 10 12 12 6 0.00652242
65 12 6 10 12 0.00809938
65 12 12 6 10 0.00190972
65 4 5 11 9 6.98613e-46
65 5 11 9 4 0.00335858
65 9 4 5 11 0.00244269
65 11 9 4 5 0.0015245
65 8 12 11 11 4.0854e-46
65 11 8 12 11 0.00139792
65 11 11 8 12 0.0033397
65 12 11 11 8 0.00640925
65 4 10 4 12 0.00527809
65 4 12 4 10 0.00183974
65 10 4 12 4 0.00639947
65 12 4 10 4 0.00460246
65 6 6 13 8 0.034103
65 6 13 8 6 0.0277262
65 8 6 6 13 1.73344e-88
65 13 8 6 6 0.00142574
65 8 13 11 9 1.27526e-88
65 9 8 13 11 0.00196119
65 11 9 8 13 2.99689e-46
65 13 11 9 8 0.00155685
65 5 6 6 11 0.00301981
65 6 6 11 5 0.0319495
65 6 11 5 6 0.031039
65 11 5 6 6 0.00353574
65 8 10 11 12 6.51452e-46
65 10 11 12 8 0.00535838
65 11 12 8 10 0.00100156
65 12 8 10 11 0.00165074
65 8 9 13 12 5.86443e-46
65 9 13 12 8 0.00696743
65 12 8 9 13 6.4882e-46
65 13 12 8 9 2.43465e-46
65 5 13 6 13 5.96634e-46
65 6 13 5 13 5.71317e-45
65 13 5 13 6 0.00242028
65 13 6 13 5 0.00372167
65 5 12 13 9 3.13802e-46
65 9 5 12 13 5.03524e-46
65 12 13 9 5 0.00597161
65 13 9 5 12 0.00155104
65 5 5 9 12 0.00216973
65 5 9 12 5 0.00151103
65 9 12 5 5 0.00494781
65 12 5 5 9 9.5647e-46
65 5 12 12 12 0.00267112
65 12 5 12 12 0.00573153
65 12 12 5 12 0.0085482
65 12 12 12 5 0.0051044
65 6 7 12 10 0.00762474
65 7 12 10 6 0.00312283
65 10 6 7 12 0.00828394
65 12 10 6 7 0.00387489
65 8 12 12 9 1.10538e-90
65 9 8 12 12 4.3147e-05
65 12 9 8 12 5.43577e-05
65 12 12 9 8 6.7927e-05
65 5 12 8 10 0.000883482
65 8 10 5 12 9.36392e-46
65 10 5 12 8 0.00515577
65 12 8 10 5 0.00262161
65 5 12 11 13 4.36514e-46
65 11 13 5 12 0.00757887
65 12 11 13 5 0.00648992
65 13 5 12 11 0.00106976
65 4 10 10 12 0.00395663
65 10 10 12 4 0.00780461
65 10 12 4 10 0.00162552
65 12 4 10 10 0.00102994
65 4 13 5 10 0.00454168
65 5 10 4 13 3.23921e-46
65 10 4 13 5 0.00410928
65 13 5 10 4 0.00171506
65 7 9 12 10 0.00107431
65 9 12 10 7 0.00233752
65 10 7 9 12 0.00766399
65 12 10 7 9 5.99902e-46
65 7 11 11 11 0.00237206
65 11 7 11 11 0.00241692
65 11 11 7 11 0.00133456
65 11 11 11 7 0.00237422
65 7 12 10 12 0.00314811
65 10 12 7 12 0.00483661
65 12 7 12 10 0.00315234
65 12 10 12 7 0.00479352
65 4 7 8 11 8.39084e-05
65 7 8 11 4 8.52471e-05
65 8 11 4 7 8.06597e-48
65 11 4 7 8 3.18032e-05
65 4 4 4 13 6.67017e-46
65 4 4 13 4 0.00867068
65 4 13 4 4 0.0135006
65 13 4 4 4 0.0019997
65 5 7 11 10 0.00132095
65 7 11 10 5 0.00252503
65 10 5 7 11 0.00235032
65 11 10 5 7 0.00327315
65 4 4 8 10 0.00185032
65 4 8 10 4 0.005458
65 8 10 4 4 9.86792e-46
65 10 4 4 8 0.0042658
65 6 6 10 8 0.0215543
65 6 10 8 6 0.0183101
65 8 6 6 10 4.25146e-46
65 10 8 6 6 0.00460529
65 5 9 6 12 0.00151879
65 6 12 5 9 2.56188e-45
65 9 6 12 5 0.00629217
65 12 5 9 6 0.00511417
65 4 9 11 7 0.00355037
65 7 4 9 11 0.00172491
65 9 11 7 4 0.00536879
65 11 7 4 9 5.09299e-46
65 7 7 9 13 9.27342e-46
65 7 9 13 7 0.00298548
65 9 13 7 7 0.00463001
65 13 7 7 9 2.98277e-46
66 5 11 9 12 0.0114653
66 9 12 5 11 0.00537964
66 11 9 12 5 0.00132697
66 12 5 11 9 0.00397235
66 4 10 12 9 0.00273434
66 9 4 10 12 0.0024525
66 10 12 9 4 0.00096291
66 12 9 4 10 0.000507943
66 7 11 12 12 0.00725676
66 11 12 12 7 0.0057658
66 12 7 11 12 0.00151748
66 12 12 7 11 0.00406147
66 5 9 7 6 0.000957604
66 6 5 9 7 0.00282617
66 7 6 5 9 0.00109149
66 9 7 6 5 0.00791822
66 5 11 8 13 2.42475e-45
66 8 13 5 11 0.00216145
66 11 8 13 5 0.00238489
66 13 5 11 8 0.00324607
66 4 13 12 10 0.00289848
66 10 4 13 12 0.000714897
66 12 10 4 13 0.00725917
66 13 12 10 4 0.00372053
66 4 12 10 12 0.00358443
66 10 12 4 12 0.00316055
66 12 4 12 10 0.00427748
66 12 10 12 4 0.00431981
66 7 12 12 12 0.00505403
66 12 7 12 12 0.00394097
66 12 12 7 12 0.00380106
66 12 12 12 7 0.00584323
66 4 7 9 8 0.0010174
66 7 9 8 4 4.08346e-47
66 8 4 7 9 0.00178564
66 9 8 4 7 0.00526769
66 6 7 13 13 0.00180522
66 7 13 13 6 0.00151249
66 13 6 7 13 0.00554437
66 13 13 6 7 0.0107275
66 6 6 12 11 0.00597548
66 6 12 11 6 0.00434744
66 11 6 6 12 0.0132508
66 12 11 6 6 0.0389278
66 4 4 10 11 0.0027172
66 4 10 11 4 0.00136528
66 10 11 4 4 0.00338988
66 11 4 4 10 0.00372562
66 7 12 8 9 4.29061e-48
66 8 9 7 12 5.42298e-06
66 9 7 12 8 3.54432e-05
66 12 8 9 7 3.52949e-05
66 10 12 13 12 0.00109667
66 12 10 12 13 0.00895034
66 12 13 12 10 0.00384315
66 13 12 10 12 0.00542058
66 5 5 8 9 6.82561e-46
66 5 8 9 5 0.0038209
66 8 9 5 5 0.000258787
66 9 5 5 8 0.00207345
66 4 7 12 8 0.00217775
66 7 12 8 4 3.29693e-46
66 8 4 7 12 0.00238866
66 12 8 4 7 0.00512794
66 8 10 8 12 6.36736e-46
66 8 12 8 10 6.63858e-46
66 10 8 12 8 0.00341145
66 12 8 10 8 0.00416066
66 5 12 6 7 0.0200363
66 6 7 5 12 0.00161374
66 7 5 12 6 0.00924386
66 12 6 7 5 0.00270924
66 6 7 7 10 0.00311452
66 7 7 10 6 0.00475812
66 7 10 6 7 0.0141415
66 10 6 7 7 0.0021548
66 4 7 12 11 0.00373864
66 7 12 11 4 0.00157241
66 11 4 7 12 0.00287825
66 12 11 4 7 0.00801042
66 7 13 9 12 0.00160058
66 9 12 7 13 0.00642694
66 12 7 13 9 0.000959605
66 13 9 12 7 0.000955361
66 4 11 10 7 0.00667283
66 7 4 11 10 0.00184704
66 10 7 4 11 0.00295308
66 11 10 7 4 0.00359507
66 6 7 9 8 0.00129501
66 7 9 8 6 9.05993e-47
66 8 6 7 9 0.00206615
66 9 8 6 7 0.0149718
66 11 13 12 12 0.00376587
66 12 11 13 12 0.00263306
66 12 12 11 13 0.00356817
66 13 12 12 11 0.00794105
66 8 11 8 13 1.5612e-45
66 8 13 8 11 4.7848e-46
66 11 8 13 8 0.00183721
66 13 8 11 8 0.00290546
66 4 8 6 13 0.021691
66 6 13 4 8 0.00270905
66 8 6 13 4 0.00113883
66 13 4 8 6 8.72493e-46
66 7 9 7 10 6.23891e-06
66 7 10 7 9 3.6117e-05
66 9 7 10 7 4.49259e-05
66 10 7 9 7 1.67526e-05
66 7 10 8 10 7.36166e-46
66 8 10 7 10 0.00561583
66 10 7 10 8 0.00198462
66 10 8 10 7 0.00434558
66 5 9 11 8 0.000340242
66 8 5 9 11 0.00378328
66 9 11 8 5 8.6709e-46
66 11 8 5 9 0.00222853
66 4 13 13 12 0.00093039
66 12 4 13 13 0.00195262
66 13 12 4 13 0.00984563
66 13 13 12 4 0.00343153
66 4 10 6 10 0.0124714
66 6 10 4 10 0.00558525
66 10 4 10 6 0.00319362
66 10 6 10 4 0.00166554
66 6 11 8 9 6.24965e-46
66 8 9 6 11 0.0018768
66 9 6 11 8 0.00139506
66 11 8 9 6 0.00484762
66 6 10 12 12 0.0063011
66 10 12 12 6 0.006189
66 12 6 10 12 0.00373873
66 12 12 6 10 0.0157751
66 4 5 11 9 0.00151392
66 5 11 9 4 0.00397667
66 9 4 5 11 0.00177213
66 11 9 4 5 0.000543857
66 8 12 11 11 0.00282515
66 11 8 12 11 0.00812624
66 11 11 8 12 9.59149e-46
66 12 11 11 8 0.00288542
66 4 10 4 12 0.00371254
66 4 12 4 10 0.00387068
66 10 4 12 4 0.00168142
66 12 4 10 4 0.00205069
66 6 6 13 8 0.000973366
66 6 13 8 6 5.30506e-46
66 8 6 6 13 0.0155399
66 13 8 6 6 0.0282424
66 8 13 11 9 0.00100559
66 9 8 13 11 0.00206811
66 11 9 8 13 1.02208e-46
66 13 11 9 8 0.00346844
66 5 6 6 11 0.022849
66 6 6 11 5 0.00217826
66 6 11 5 6 0.0074025
66 11 5 6 6 0.0343962
66 8 10 11 12 0.00238816
66 10 11 12 8 0.00419082
66 11 12 8 10 6.29067e-46
66 12 8 10 11 0.00561715
66 8 9 13 12 0.000206866
66 9 13 12 8 0.00271388
66 12 8 9 13 0.00442576
66 13 12 8 9 4.98866e-46
66 5 13 6 13 0.0219713
66 6 13 5 13 0.00262373
66 13 5 13 6 0.00451621
66 13 6 13 5 0.00175995
66 5 12 13 9 0.00156574
66 9 5 12 13 0.00877856
66 12 13 9 5 0.00129363
66 13 9 5 12 0.000301472
66 5 5 9 12 0.00441228
66 5 9 12 5 0.00092033
66 9 12 5 5 0.00218879
66 12 5 5 9 0.00202451
66 5 12 12 12 0.00803102
66 12 5 12 12 0.00648432
66 12 12 5 12 0.00230289
66 12 12 12 5 0.00510166
66 6 7 12 10 0.00425218
66 7 12 10 6 0.00626553
66 10 6 7 12 0.00191373
66 12 10 6 7 0.0145206
66 8 12 12 9 4.85542e-05
66 9 8 12 12 7.48901e-05
66 12 9 8 12 7.93115e-49
66 12 12 9 8 2.30628e-05
66 5 12 8 10 8.87619e-46
66 8 10 5 12 0.00247619
66 10 5 12 8 0.00328113
66 12 8 10 5 0.0046496
66 5 12 11 13 0.0060954
66 11 13 5 12 0.0018447
66 12 11 13 5 0.00285731
66 13 5 12 11 0.0109529
66 4 10 10 12 0.00376327
66 10 10 12 4 0.00280814
66 10 12 4 10 0.00345958
66 12 4 10 10 0.0033913
66 4 13 5 10 0.0013207
66 5 10 4 13 0.011535
66 10 4 13 5 0.000721634
66 13 5 10 4 0.00477344
66 7 9 12 10 0.000716973
66 9 12 10 7 0.00497958
66 10 7 9 12 0.00125236
66 12 10 7 9 0.00312157
66 7 11 11 11 0.0039046
66 11 7 11 11 0.00209239
66 11 11 7 11 0.00752544
66 11 11 11 7 0.00416889
66 7 12 10 12 0.00431883
66 10 12 7 12 0.00266323
66 12 7 12 10 0.00464959
66 12 10 12 7 0.00661223
66 4 7 8 11 5.50146e-48
66 7 8 11 4 2.63428e-05
66 8 11 4 7 0.000119561
66 11 4 7 8 3.26515e-05
66 4 4 4 13 0.00370019
66 4 4 13 4 0.000619675
66 4 13 4 4 0.00160453
66 13 4 4 4 0.00270069
66 5 7 11 10 0.00290061
66 7 11 10 5 0.00638218
66 10 5 7 11 0.00372253
66 11 10 5 7 0.0030312
66 4 4 8 10 3.38971e-46
66 4 8 10 4 0.00294309
66 8 10 4 4 0.00373401
66 10 4 4 8 0.0016689
66 6 6 10 8 0.00283258
66 6 10 8 6 9.82334e-46
66 8 6 6 10 0.0123556
66 10 8 6 6 0.0166279
66 5 9 6 12 0.00218368
66 6 12 5 9 0.00157388
66 9 6 12 5 0.00376464
66 12 5 9 6 0.00439344
66 4 9 11 7 0.000233902
66 7 4 9 11 0.00183033
66 9 11 7 4 0.0042826
66 11 7 4 9 0.00262396
66 7 7 9 13 0.00273147
66 7 9 13 7 0.000212475
66 9 13 7 7 0.00275827
66 13 7 7 9 0.00263627
67 5 11 9 12 6.49329e-48
67 9 12 5 11 6.53974e-48
67 11 9 12 5 0.0166253
67 12 5 11 9 1.04228e-47
67 4 10 12 9 0.0111575
67 9 4 10 12 2.73788e-48
67 10 12 9 4 1.99427e-48
67 12 9 4 10 7.43297e-49
67 7 11 12 12 0.0146624
67 11 12 12 7 0.0181203
67 12 7 11 12 2.90143e-48
67 12 12 7 11 2.27565e-48
67 5 9 7 6 1.58902e-48
67 6 5 9 7 4.72924e-48
67 7 6 5 9 4.8186e-48
67 9 7 6 5 4.86665e-48
67 5 11 8 13 4.916e-48
67 8 13 5 11 2.26834e-48
67 11 8 13 5 4.75746e-48
67 13 5 11 8 9.25872e-48
67 4 13 12 10 0.0147976
67 10 4 13 12 3.49867e-48
67 12 10 4 13 2.46785e-48
67 13 12 10 4 2.68549e-48
67 4 12 10 12 2.87084e-48
67 10 12 4 12 3.64933e-48
67 12 4 12 10 0.0264178
67 12 10 12 4 0.008985
67 7 12 12 12 0.0246802
67 12 7 12 12 0.0270055
67 12 12 7 12 3.91616e-48
67 12 12 12 7 0.0231648
67 4 7 9 8 3.40329e-48
67 7 9 8 4 4.07572e-49
67 8 4 7 9 3.07893e-48
67 9 8 4 7 2.0762e-48
67 6 7 13 13 7.03777e-48
67 7 13 13 6 4.23858e-48
67 13 6 7 13 8.66929e-48
67 13 13 6 7 3.16946e-48
67 6 6 12 11 0.0379686
67 6 12 11 6 9.94956e-48
67 11 6 6 12 6.00463e-48
67 12 11 6 6 6.46356e-48
67 4 4 10 11 1.42724e-48
67 4 10 11 4 7.3271e-49
67 10 11 4 4 1.23771e-48
67 11 4 4 10 2.5383e-48
67 7 12 8 9 4.42476e-50
67 8 9 7 12 9.81966e-51
67 9 7 12 8 0.000419583
67 12 8 9 7 3.05463e-50
67 10 12 13 12 4.45059e-48
67 12 10 12 13 0.0218658
67 12 13 12 10 0.0212175
67 13 12 10 12 5.11953e-48
67 5 5 8 9 6.02493e-48
67 5 8 9 5 4.62701e-48
67 8 9 5 5 1.259e-48
67 9 5 5 8 7.47132e-48
67 4 7 12 8 0.0223045
67 7 12 8 4 1.60264e-48
67 8 4 7 12 2.54028e-48
67 12 8 4 7 1.89094e-48
67 8 10 8 12 1.93202e-48
67 8 12 8 10 3.79052e-48
67 10 8 12 8 0.0305812
67 12 8 10 8 3.89321e-48
67 5 12 6 7 3.62922e-48
67 6 7 5 12 5.15327e-48
67 7 5 12 6 0.0490018
67 12 6 7 5 5.72818e-48
67 6 7 7 10 4.31507e-48
67 7 7 10 6 4.43837e-48
67 7 10 6 7 1.39682e-48
67 10 6 7 7 3.34806e-48
67 4 7 12 11 0.0128838
67 7 12 11 4 1.63739e-48
67 11 4 7 12 2.83485e-48
67 12 11 4 7 1.82848e-48
67 7 13 9 12 2.75186e-48
67 9 12 7 13 6.35302e-48
67 12 7 13 9 5.21456e-48
67 13 9 12 7 0.00848019
67 4 11 10 7 1.50748e-48
67 7 4 11 10 2.67278e-48
67 10 7 4 11 2.18508e-48
67 11 10 7 4 1.0502e-48
67 6 7 9 8 6.07036e-48
67 7 9 8 6 1.28786e-48
67 8 6 7 9 4.58046e-48
67 9 8 6 7 2.68843e-48
67 11 13 12 12 0.0187148
67 12 11 13 12 3.09872e-48
67 12 12 11 13 5.19718e-48
67 13 12 12 11 0.0273862
67 8 11 8 13 3.75944e-48
67 8 13 8 11 1.81867e-48
67 11 8 13 8 4.47539e-48
67 13 8 11 8 5.55411e-48
67 4 8 6 13 4.43721e-48
67 6 13 4 8 4.9498e-48
67 8 6 13 4 3.28532e-48
67 13 4 8 6 9.45908e-48
67 7 9 7 10 9.7604e-51
67 7 10 7 9 2.37099e-50
67 9 7 10 7 3.34088e-50
67 10 7 9 7 3.64689e-50
67 7 10 8 10 1.92987e-48
67 8 10 7 10 2.04119e-48
67 10 7 10 8 4.67108e-48
67 10 8 10 7 2.44705e-48
67 5 9 11 8 1.32041e-48
67 8 5 9 11 3.33602e-48
67 9 11 8 5 3.84449e-48
67 11 8 5 9 4.00407e-48
67 4 13 13 12 2.63796e-48
67 12 4 13 13 6.01194e-48
67 13 12 4 13 7.79907e-48
67 13 13 12 4 0.0179276
67 4 10 6 10 1.75247e-48
67 6 10 4 10 2.414e-48
67 10 4 10 6 5.18021e-48
67 10 6 10 4 2.43888e-48
67 6 11 8 9 4.1152e-48
67 8 9 6 11 6.61377e-49
67 9 6 11 8 6.0632e-48
67 11 8 9 6 5.31014e-48
67 6 10 12 12 0.0222222
67 10 12 12 6 0.0558943
67 12 6 10 12 5.0206e-48
67 12 12 6 10 5.12208e-48
67 4 5 11 9 3.67331e-48
67 5 11 9 4 1.72121e-48
67 9 4 5 11 2.59788e-48
67 11 9 4 5 9.482e-49
67 8 12 11 11 2.13392e-48
67 11 8 12 11 0.0136179
67 11 11 8 12 2.38297e-48
67 12 11 11 8 3.1311e-48
67 4 10 4 12 1.30021e-48
67 4 12 4 10 2.55094e-48
67 10 4 12 4 0.012858
67 12 4 10 4 1.63692e-48
67 6 6 13 8 8.99042e-48
67 6 13 8 6 6.10964e-48
67 8 6 6 13 6.82536e-48
67 13 8 6 6 8.26086e-48
67 8 13 11 9 2.4411e-48
67 9 8 13 11 2.28549e-48
67 11 9 8 13 1.13116e-48
67 13 11 9 8 4.80411e-48
67 5 6 6 11 5.11901e-48
67 6 6 11 5 9.3992e-48
67 6 11 5 6 9.03459e-48
67 11 5 6 6 1.0913e-47
67 8 10 11 12 1.55231e-48
67 10 11 12 8 0.023255
67 11 12 8 10 3.32656e-48
67 12 8 10 11 1.76851e-48
67 8 9 13 12 1.03411e-48
67 9 13 12 8 0.0293912
67 12 8 9 13 5.04359e-48
67 13 12 8 9 6.6808e-48
67 5 13 6 13 5.64898e-48
67 6 13 5 13 6.88046e-48
67 13 5 13 6 1.52056e-47
67 13 6 13 5 1.12021e-47
67 5 12 13 9 5.2036e-48
67 9 5 12 13 0.0488497
67 12 13 9 5 3.50572e-48
67 13 9 5 12 1.41167e-48
67 5 5 9 12 6.0233e-48
67 5 9 12 5 0.0104823
67 9 12 5 5 6.47588e-48
67 12 5 5 9 6.84647e-48
67 5 12 12 12 0.0336572
67 12 5 12 12 0.0376082
67 12 12 5 12 4.81613e-48
67 12 12 12 5 0.0392682
67 6 7 12 10 0.0332528
67 7 12 10 6 4.95989e-48
67 10 6 7 12 4.36179e-48
67 12 10 6 7 1.70801e-48
67 8 12 12 9 0.000391862
67 9 8 12 12 0.000311145
67 12 9 8 12 1.2335e-50
67 12 12 9 8 7.07993e-50
67 5 12 8 10 4.26707e-48
67 8 10 5 12 2.07447e-48
67 10 5 12 8 0.0438867
67 12 8 10 5 3.56283e-48
67 5 12 11 13 6.3982e-48
67 11 13 5 12 3.29681e-48
67 12 11 13 5 4.45078e-48
67 13 5 12 11 0.0376726
67 4 10 10 12 1.41058e-48
67 10 10 12 4 0.00833378
67 10 12 4 10 3.51796e-48
67 12 4 10 10 3.11943e-48
67 4 13 5 10 2.4248e-48
67 5 10 4 13 2.82609e-48
67 10 4 13 5 4.67447e-48
67 13 5 10 4 3.43632e-48
67 7 9 12 10 0.00633112
67 9 12 10 7 3.14255e-48
67 10 7 9 12 3.99914e-48
67 12 10 7 9 2.44035e-48
67 7 11 11 11 1.19715e-48
67 11 7 11 11 1.72476e-48
67 11 11 7 11 1.38304e-48
67 11 11 11 7 1.51258e-48
67 7 12 10 12 3.14106e-48
67 10 12 7 12 3.91502e-48
67 12 7 12 10 0.0280594
67 12 10 12 7 0.0122679
67 4 7 8 11 2.46939e-50
67 7 8 11 4 1.83358e-50
67 8 11 4 7 2.33603e-50
67 11 4 7 8 5.19789e-50
67 4 4 4 13 2.99741e-48
67 4 4 13 4 1.50212e-48
67 4 13 4 4 9.89227e-49
67 13 4 4 4 2.19644e-48
67 5 7 11 10 3.51989e-48
67 7 11 10 5 2.54206e-48
67 10 5 7 11 2.96808e-48
67 11 10 5 7 1.6033e-48
67 4 4 8 10 2.52154e-48
67 4 8 10 4 1.20414e-48
67 8 10 4 4 9.25101e-49
67 10 4 4 8 3.75598e-48
67 6 6 10 8 7.96686e-48
67 6 10 8 6 4.91148e-48
67 8 6 6 10 5.32417e-48
67 10 8 6 6 6.36386e-48
67 5 9 6 12 1.19133e-48
67 6 12 5 9 6.91556e-48
67 9 6 12 5 0.0480204
67 12 5 9 6 9.05829e-48
67 4 9 11 7 4.91266e-49
67 7 4 9 11 1.91447e-48
67 9 11 7 4 1.49129e-48
67 11 7 4 9 3.21603e-48
67 7 7 9 13 4.60797e-48
67 7 9 13 7 7.10345e-49
67 9 13 7 7 2.23216e-48
67 13 7 7 9 5.65862e-48
68 5 11 9 12 0.0366351
68 9 12 5 11 0.001432
68 11 9 12 5 0.0096605
68 12 5 11 9 0.00426343
68 4 10 12 9 0.00360781
68 9 4 10 12 0.0206691
68 10 12 9 4 0.00162484
68 12 9 4 10 0.0014099
68 7 11 12 12 0.00634602
68 11 12 12 7 0.00235176
68 12 7 11 12 0.00127431
68 12 12 7 11 1.79874e-46
68 5 9 7 6 4.50068e-46
68 6 5 9 7 0.00394802
68 7 6 5 9 0.0015603
68 9 7 6 5 0.012542
68 5 11 8 13 3.13976e-45
68 8 13 5 11 0.000434831
68 11 8 13 5 0.0104376
68 13 5 11 8 0.00117647
68 4 13 12 10 0.00109871
68 10 4 13 12 0.0146246
68 12 10 4 13 0.00230002
68 13 12 10 4 0.00436372
68 4 12 10 12 0.00916579
68 10 12 4 12 0.00187797
68 12 4 12 10 0.00642817
68 12 10 12 4 0.000843245
68 7 12 12 12 0.00280946
68 12 7 12 12 0.00191101
68 12 12 7 12 5.44423e-46
68 12 12 12 7 0.00266726
68 4 7 9 8 0.00165973
68 7 9 8 4 1.5492e-46
68 8 4 7 9 2.79508e-45
68 9 8 4 7 0.0013843
68 6 7 13 13 0.00767861
68 7 13 13 6 0.00193322
68 13 6 7 13 8.54575e-46
68 13 13 6 7 0.00525523
68 6 6 12 11 0.000879452
68 6 12 11 6 0.00200286
68 11 6 6 12 0.00599005
68 12 11 6 6 0.0173158
68 4 4 10 11 0.00666144
68 4 10 11 4 0.000563466
68 10 11 4 4 0.00131763
68 11 4 4 10 0.0034966
68 7 12 8 9 1.09988e-47
68 8 9 7 12 9.74401e-48
68 9 7 12 8 1.28761e-05
68 12 8 9 7 4.88115e-05
68 10 12 13 12 0.00723561
68 12 10 12 13 0.00405749
68 12 13 12 10 0.00119327
68 13 12 10 12 0.0152892
68 5 5 8 9 7.33686e-46
68 5 8 9 5 0.00996664
68 8 9 5 5 0.00435732
68 9 5 5 8 0.000564467
68 4 7 12 8 0.000744284
68 7 12 8 4 1.5265e-46
68 8 4 7 12 1.62407e-45
68 12 8 4 7 0.00103841
68 8 10 8 12 9.16645e-46
68 8 12 8 10 9.86728e-46
68 10 8 12 8 0.00106274
68 12 8 10 8 0.00319329
68 5 12 6 7 0.00985198
68 6 7 5 12 0.00123631
68 7 5 12 6 0.00130183
68 12 6 7 5 6.49692e-46
68 6 7 7 10 5.0811e-46
68 7 7 10 6 0.0051445
68 7 10 6 7 0.00867705
68 10 6 7 7 4.10382e-46
68 4 7 12 11 0.000684372
68 7 12 11 4 0.000629441
68 11 4 7 12 1.14215e-45
68 12 11 4 7 0.00402038
68 7 13 9 12 0.00272064
68 9 12 7 13 1.15362e-45
68 12 7 13 9 0.00831386
68 13 9 12 7 0.00481201
68 4 11 10 7 0.0249332
68 7 4 11 10 0.00543734
68 10 7 4 11 0.000535364
68 11 10 7 4 1.82761e-46
68 6 7 9 8 0.00202536
68 7 9 8 6 3.82296e-46
68 8 6 7 9 8.63159e-46
68 9 8 6 7 0.00700308
68 11 13 12 12 0.00105937
68 12 11 13 12 0.0157979
68 12 12 11 13 0.00293254
68 13 12 12 11 0.001625
68 8 11 8 13 3.57442e-45
68 8 13 8 11 1.42838e-46
68 11 8 13 8 0.00229423
68 13 8 11 8 0.00122017
68 4 8 6 13 0.00992363
68 6 13 4 8 0.000402773
68 8 6 13 4 0.00228815
68 13 4 8 6 1.65853e-45
68 7 9 7 10 8.1685e-48
68 7 10 7 9 1.28684e-47
68 9 7 10 7 0.00011192
68 10 7 9 7 6.23065e-05
68 7 10 8 10 7.72238e-46
68 8 10 7 10 1.16018e-45
68 10 7 10 8 0.00409634
68 10 8 10 7 0.00928316
68 5 9 11 8 0.00118605
68 8 5 9 11 0.00230136
68 9 11 8 5 3.52562e-45
68 11 8 5 9 0.0019303
68 4 13 13 12 0.00277517
68 12 4 13 13 0.0222981
68 13 12 4 13 0.00439778
68 13 13 12 4 0.000604944
68 4 10 6 10 0.00876964
68 6 10 4 10 0.00211537
68 10 4 10 6 0.016594
68 10 6 10 4 0.00207661
68 6 11 8 9 2.60785e-45
68 8 9 6 11 0.00445083
68 9 6 11 8 0.000736055
68 11 8 9 6 0.0029828
68 6 10 12 12 0.00346212
68 10 12 12 6 0.00243348
68 12 6 10 12 0.00648004
68 12 12 6 10 0.00951178
68 4 5 11 9 0.00198372
68 5 11 9 4 0.00528377
68 9 4 5 11 0.0014626
68 11 9 4 5 0.00276725
68 8 12 11 11 0.00113823
68 11 8 12 11 0.00070035
68 11 11 8 12 1.32719e-45
68 12 11 11 8 0.00223021
68 4 10 4 12 0.0014871
68 4 12 4 10 0.00160079
68 10 4 12 4 0.00184302
68 12 4 10 4 0.00553784
68 6 6 13 8 0.00207572
68 6 13 8 6 1.81092e-46
68 8 6 6 13 0.0116235
68 13 8 6 6 0.00682576
68 8 13 11 9 0.00193241
68 9 8 13 11 0.00200893
68 11 9 8 13 7.11369e-46
68 13 11 9 8 0.00995058
68 5 6 6 11 0.00309492
68 6 6 11 5 0.00363284
68 6 11 5 6 0.00418177
68 11 5 6 6 0.00476042
68 8 10 11 12 0.00297241
68 10 11 12 8 0.00323577
68 11 12 8 10 5.45711e-46
68 12 8 10 11 0.00230908
68 8 9 13 12 0.00989747
68 9 13 12 8 0.000640092
68 12 8 9 13 0.00636347
68 13 12 8 9 1.52245e-45
68 5 13 6 13 0.00719532
68 6 13 5 13 0.00126024
68 13 5 13 6 0.00587638
68 13 6 13 5 0.0151339
68 5 12 13 9 0.011904
68 9 5 12 13 0.00296156
68 12 13 9 5 0.00393317
68 13 9 5 12 0.0022067
68 5 5 9 12 0.00490914
68 5 9 12 5 0.00649261
68 9 12 5 5 0.00381239
68 12 5 5 9 0.00169365
68 5 12 12 12 0.0034174
68 12 5 12 12 0.00174556
68 12 12 5 12 0.00152764
68 12 12 12 5 0.00507267
68 6 7 12 10 0.00238019
68 7 12 10 6 0.00686549
68 10 6 7 12 3.92387e-46
68 12 10 6 7 0.00787663
68 8 12 12 9 8.41045e-05
68 9 8 12 12 3.03152e-05
68 12 9 8 12 6.39708e-48
68 12 12 9 8 3.12319e-05
68 5 12 8 10 7.46158e-46
68 8 10 5 12 0.00240226
68 10 5 12 8 0.000882132
68 12 8 10 5 0.0125067
68 5 12 11 13 0.00433771
68 11 13 5 12 0.000700469
68 12 11 13 5 0.0346862
68 13 5 12 11 0.00122775
68 4 10 10 12 0.00919232
68 10 10 12 4 0.000948289
68 10 12 4 10 0.0020274
68 12 4 10 10 0.0217212
68 4 13 5 10 0.000675777
68 5 10 4 13 0.00316463
68 10 4 13 5 0.0298688
68 13 5 10 4 0.00306682
68 7 9 12 10 0.00322085
68 9 12 10 7 0.0125721
68 10 7 9 12 0.00501457
68 12 10 7 9 9.83254e-46
68 7 11 11 11 0.00182844
68 11 7 11 11 0.000485478
68 11 11 7 11 4.68502e-46
68 11 11 11 7 0.00463253
68 7 12 10 12 0.0102322
68 10 12 7 12 6.59894e-46
68 12 7 12 10 0.00222364
68 12 10 12 7 0.00288317
68 4 7 8 11 2.01719e-48
68 7 8 11 4 6.69323e-06
68 8 11 4 7 9.18714e-05
68 11 4 7 8 7.48006e-48
68 4 4 4 13 0.00464586
68 4 4 13 4 0.00372006
68 4 13 4 4 0.000179231
68 13 4 4 4 0.00161056
68 5 7 11 10 0.00208014
68 7 11 10 5 0.0481288
68 10 5 7 11 1.56229e-46
68 11 10 5 7 0.00159419
68 4 4 8 10 1.24571e-45
68 4 8 10 4 0.00198632
68 8 10 4 4 0.000779953
68 10 4 4 8 0.00177503
68 6 6 10 8 0.00331736
68 6 10 8 6 5.00016e-46
68 8 6 6 10 0.00943847
68 10 8 6 6 0.00516256
68 5 9 6 12 0.00947194
68 6 12 5 9 0.00281333
68 9 6 12 5 0.00401978
68 12 5 9 6 0.00261095
68 4 9 11 7 0.00184967
68 7 4 9 11 0.00465613
68 9 11 7 4 5.20727e-46
68 11 7 4 9 0.00182943
68 7 7 9 13 0.00690607
68 7 9 13 7 0.0069764
68 9 13 7 7 3.05066e-46
68 13 7 7 9 1.1551e-45
69 3 0 1 10 0.0190726
69 3 0 2 11 0.0685137
69 2 0 2 12 0.0313859
69 1 0 2 11 0.0620666
69 3 0 2 4 0.0317196
69 3 0 3 4 0.0332035
69 2 0 1 11 0.0552549
69 1 0 3 10 0.0236109
69 3 0 3 5 0.0248786
69 2 0 1 4 0.026255
69 2 0 3 12 0.0331857
69 1 0 2 12 0.0286361
69 1 0 3 4 0.0301927
69 2 0 1 7 0.0301227
69 2 0 2 11 0.0347794
69 1 0 3 8 0.047496
69 3 0 3 13 0.0339952
69 3 0 1 6 0.0314466
69 2 0 1 5 0.0203965
69 1 0 3 12 0.0305848
69 2 0 2 7 0.0388325
69 1 0 2 9 0.0318547
69 2 0 1 12 0.0258487
69 3 0 3 9 0.0369049
69 1 0 3 6 0.0408991
69 1 0 2 4 0.02856
69 3 0 3 8 0.0521743
69 2 0 2 10 0.0250133
69 1 0 1 4 0.0231153
70 1 10 3 0 0.066786
70 2 11 3 0 0.0584339
70 2 12 2 0 0.0301602
70 2 11 1 0 0.0360507
70 2 4 3 0 0.0643995
70 3 4 3 0 0.0578916
70 1 11 2 0 0.0627304
70 3 10 1 0 0.0345214
70 3 5 3 0 0.0235064
70 1 4 2 0 0.0709556
70 3 12 2 0 0.0273859
70 2 12 1 0 0.01972
70 3 4 1 0 0.0358511
70 1 7 2 0 5.69313e-45
70 2 11 2 0 0.0281893
70 3 8 1 0 0.0138397
70 3 13 3 0 0.0302388
70 1 6 3 0 0.0486408
70 1 5 2 0 0.0298715
70 3 12 1 0 0.0180874
70 2 7 2 0 5.2397e-45
70 2 9 1 0 0.00630921
70 1 12 2 0 0.0347923
70 3 9 3 0 0.00921708
70 3 6 1 0 0.0264144
70 2 4 1 0 0.0394895
70 3 8 3 0 0.0223232
70 2 10 2 0 0.059426
70 1 4 1 0 0.044768
71 5 11 9 12 4.16191e-48
71 9 12 5 11 1.54981e-47
71 11 9 12 5 4.37258e-48
71 12 5 11 9 5.63594e-48
71 4 10 12 9 1.39976e-48
71 9 4 10 12 0.0274846
71 10 12 9 4 3.27602e-48
71 12 9 4 10 4.3983e-48
71 7 11 12 12 2.17422e-48
71 11 12 12 7 1.53759e-48
71 12 7 11 12 2.35042e-48
71 12 12 7 11 6.3873e-48
71 5 9 7 6 3.37145e-48
71 6 5 9 7 1.51644e-48
71 7 6 5 9 2.68213e-48
71 9 7 6 5 2.72051e-48
71 5 11 8 13 2.84331e-48
71 8 13 5 11 8.09e-48
71 11 8 13 5 3.95974e-48
71 13 5 11 8 3.1683e-48
71 4 13 12 10 2.55952e-48
71 10 4 13 12 0.0609643
71 12 10 4 13 1.49421e-48
71 13 12 10 4 6.84987e-48
71 4 12 10 12 1.87745e-48
71 10 12 4 12 4.96205e-48
71 12 4 12 10 0.0301265
71 12 10 12 4 5.97093e-48
71 7 12 12 12 2.02557e-48
71 12 7 12 12 2.71029e-48
71 12 12 7 12 2.46832e-48
71 12 12 12 7 2.03375e-48
71 4 7 9 8 6.27788e-49
71 7 9 8 4 9.24033e-48
71 8 4 7 9 0.0155257
71 9 8 4 7 4.13325e-48
71 6 7 13 13 1.74995e-48
71 7 13 13 6 3.45729e-48
71 13 6 7 13 1.95023e-48
71 13 13 6 7 4.69444e-48
71 6 6 12 11 1.1129e-47
71 6 12 11 6 1.74152e-48
71 11 6 6 12 3.99089e-48
71 12 11 6 6 2.64571e-48
71 4 4 10 11 0.0595648
71 4 10 11 4 3.92221e-48
71 10 11 4 4 1.21492e-47
71 11 4 4 10 0.0347059
71 7 12 8 9 3.16591e-50
71 8 9 7 12 2.74016e-50
71 9 7 12 8 2.21029e-50
71 12 8 9 7 1.72012e-50
71 10 12 13 12 5.41161e-48
71 12 10 12 13 1.06722e-48
71 12 13 12 10 3.67753e-48
71 13 12 10 12 3.2682e-48
71 5 5 8 9 6.35576e-48
71 5 8 9 5 1.83946e-48
71 8 9 5 5 1.81855e-48
71 9 5 5 8 2.49786e-48
71 4 7 12 8 1.09691e-48
71 7 12 8 4 6.06156e-48
71 8 4 7 12 0.016947
71 12 8 4 7 3.52163e-48
71 8 10 8 12 2.73735e-48
71 8 12 8 10 2.56958e-48
71 10 8 12 8 2.81454e-48
71 12 8 10 8 2.14224e-48
71 5 12 6 7 3.45897e-48
71 6 7 5 12 2.82876e-48
71 7 5 12 6 2.11642e-48
71 12 6 7 5 2.95403e-48
71 6 7 7 10 3.44494e-48
71 7 7 10 6 2.05354e-48
71 7 10 6 7 2.77373e-48
71 10 6 7 7 5.28351e-48
71 4 7 12 11 5.74623e-48
71 7 12 11 4 4.33412e-48
71 11 4 7 12 0.0247482
71 12 11 4 7 3.598e-48
71 7 13 9 12 1.84516e-48
71 9 12 7 13 1.25611e-48
71 12 7 13 9 4.38818e-48
71 13 9 12 7 4.34743e-48
71 4 11 10 7 2.25747e-48
71 7 4 11 10 0.0291491
71 10 7 4 11 1.91686e-47
71 11 10 7 4 6.13741e-48
71 6 7 9 8 8.53966e-49
71 7 9 8 6 3.00574e-48
71 8 6 7 9 2.01226e-48
71 9 8 6 7 3.43045e-48
71 11 13 12 12 2.72913e-48
71 12 11 13 12 4.30233e-48
71 12 12 11 13 8.52791e-49
71 13 12 12 11 8.22969e-48
71 8 11 8 13 1.17627e-48
71 8 13 8 11 1.04096e-47
71 11 8 13 8 2.79103e-48
71 13 8 11 8 2.54023e-48
71 4 8 6 13 1.2239e-48
71 6 13 4 8 3.46218e-48
71 8 6 13 4 9.30191e-48
71 13 4 8 6 0.0433956
71 7 9 7 10 5.01894e-50
71 7 10 7 9 3.21319e-50
71 9 7 10 7 4.29723e-50
71 10 7 9 7 2.75309e-50
71 7 10 8 10 5.03861e-48
71 8 10 7 10 2.62086e-48
71 10 7 10 8 3.44568e-48
71 10 8 10 7 5.4991e-48
71 5 9 11 8 2.96699e-48
71 8 5 9 11 3.64761e-48
71 9 11 8 5 3.88771e-48
71 11 8 5 9 2.49021e-48
71 4 13 13 12 4.40624e-48
71 12 4 13 13 0.0194288
71 13 12 4 13 1.91591e-48
71 13 13 12 4 1.05284e-47
71 4 10 6 10 2.6568e-48
71 6 10 4 10 4.35439e-48
71 10 4 10 6 0.0316616
71 10 6 10 4 1.26154e-47
71 6 11 8 9 3.41726e-48
71 8 9 6 11 7.18201e-48
71 9 6 11 8 2.2217e-48
71 11 8 9 6 9.37954e-49
71 6 10 12 12 2.81285e-48
71 10 12 12 6 2.51996e-48
71 12 6 10 12 4.10769e-48
71 12 12 6 10 3.24089e-48
71 4 5 11 9 1.98218e-48
71 5 11 9 4 4.40801e-48
71 9 4 5 11 0.0882271
71 11 9 4 5 3.09363e-48
71 8 12 11 11 3.92447e-48
71 11 8 12 11 6.94291e-48
71 11 11 8 12 3.32473e-48
71 12 11 11 8 1.55323e-48
71 4 10 4 12 2.67708e-48
71 4 12 4 10 2.51301e-48
71 10 4 12 4 0.0806983
71 12 4 10 4 0.0614222
71 6 6 13 8 3.22341e-48
71 6 13 8 6 3.32825e-48
71 8 6 6 13 1.01731e-48
71 13 8 6 6 3.11755e-48
71 8 13 11 9 1.65971e-48
71 9 8 13 11 1.42962e-47
71 11 9 8 13 1.53653e-48
71 13 11 9 8 1.0788e-48
71 5 6 6 11 2.14026e-47
71 6 6 11 5 3.27259e-48
71 6 11 5 6 2.54389e-48
71 11 5 6 6 3.05726e-48
71 8 10 11 12 1.5392e-48
71 10 11 12 8 2.26138e-48
71 11 12 8 10 2.95094e-48
71 12 8 10 11 8.82525e-48
71 8 9 13 12 3.51823e-48
71 9 13 12 8 2.32765e-48
71 12 8 9 13 6.57621e-49
71 13 12 8 9 3.93026e-48
71 5 13 6 13 2.71528e-48
71 6 13 5 13 1.66628e-48
71 13 5 13 6 5.99019e-48
71 13 6 13 5 6.86118e-48
71 5 12 13 9 4.12665e-48
71 9 5 12 13 1.35812e-48
71 12 13 9 5 1.30021e-48
71 13 9 5 12 4.10377e-48
71 5 5 9 12 2.73385e-48
71 5 9 12 5 3.89449e-48
71 9 12 5 5 2.25847e-48
71 12 5 5 9 3.29618e-48
71 5 12 12 12 3.18324e-48
71 12 5 12 12 3.33313e-48
71 12 12 5 12 2.39767e-48
71 12 12 12 5 1.78266e-48
71 6 7 12 10 2.91768e-48
71 7 12 10 6 1.58396e-48
71 10 6 7 12 5.43103e-48
71 12 10 6 7 2.86269e-48
71 8 12 12 9 1.51543e-50
71 9 8 12 12 3.9398e-50
71 12 9 8 12 5.90748e-50
71 12 12 9 8 9.033e-51
71 5 12 8 10 5.34714e-48
71 8 10 5 12 1.83142e-48
71 10 5 12 8 3.02205e-48
71 12 8 10 5 2.61645e-48
71 5 12 11 13 1.4334e-48
71 11 13 5 12 3.45515e-48
71 12 11 13 5 4.04973e-48
71 13 5 12 11 1.44841e-47
71 4 10 10 12 2.21484e-48
71 10 10 12 4 8.76302e-48
71 10 12 4 10 5.495e-48
71 12 4 10 10 0.0336528
71 4 13 5 10 3.01423e-48
71 5 10 4 13 2.33621e-48
71 10 4 13 5 0.0533793
71 13 5 10 4 1.12141e-47
71 7 9 12 10 3.57801e-48
71 9 12 10 7 2.79e-48
71 10 7 9 12 2.38206e-48
71 12 10 7 9 2.79138e-48
71 7 11 11 11 6.38097e-48
71 11 7 11 11 6.01368e-48
71 11 11 7 11 6.77882e-48
71 11 11 11 7 1.87182e-48
71 7 12 10 12 2.43877e-48
71 10 12 7 12 3.90448e-48
71 12 7 12 10 3.23498e-48
71 12 10 12 7 2.58597e-48
71 4 7 8 11 1.27028e-49
71 7 8 11 4 8.29934e-50
71 8 11 4 7 3.39512e-50
71 11 4 7 8 0.000222818
71 4 4 4 13 0.0108099
71 4 4 13 4 0.065959
71 4 13 4 4 7.38271e-48
71 13 4 4 4 0.105281
71 5 7 11 10 4.47225e-48
71 7 11 10 5 2.33695e-48
71 10 5 7 11 1.6865e-47
71 11 10 5 7 2.34751e-48
71 4 4 8 10 0.0330974
71 4 8 10 4 5.38036e-48
71 8 10 4 4 5.63274e-48
71 10 4 4 8 0.0359373
71 6 6 10 8 2.43588e-48
71 6 10 8 6 2.94933e-48
71 8 6 6 10 3.10644e-48
71 10 8 6 6 3.90097e-48
71 5 9 6 12 5.37016e-48
71 6 12 5 9 1.9805e-48
71 9 6 12 5 2.90936e-48
71 12 5 9 6 1.2386e-48
71 4 9 11 7 2.08255e-48
71 7 4 9 11 0.037611
71 9 11 7 4 7.25342e-48
71 11 7 4 9 2.92505e-48
71 7 7 9 13 6.03109e-49
71 7 9 13 7 4.91331e-48
71 9 13 7 7 4.15154e-48
71 13 7 7 9 3.80472e-48
72 10 4 12 4 1
73 5 11 9 12 4.20959e-48
73 9 12 5 11 1.18481e-47
73 11 9 12 5 1.26287e-47
73 12 5 11 9 1.01978e-47
73 4 10 12 9 2.38674e-48
73 9 4 10 12 2.36257e-48
73 10 12 9 4 0.0679414
73 12 9 4 10 2.74169e-48
73 7 11 12 12 1.56569e-48
73 11 12 12 7 4.65596e-48
73 12 7 11 12 2.41307e-48
73 12 12 7 11 2.61571e-48
73 5 9 7 6 3.16704e-48
73 6 5 9 7 6.35464e-48
73 7 6 5 9 5.96042e-48
73 9 7 6 5 6.1788e-48
73 5 11 8 13 2.87248e-48
73 8 13 5 11 3.81749e-48
73 11 8 13 5 1.05131e-47
73 13 5 11 8 8.95126e-48
73 4 13 12 10 2.67665e-48
73 10 4 13 12 6.8486e-48
73 12 10 4 13 3.56099e-48
73 13 12 10 4 0.0555167
73 4 12 10 12 1.94521e-48
73 10 12 4 12 6.17715e-48
73 12 4 12 10 3.43188e-48
73 12 10 12 4 0.0391797
73 7 12 12 12 2.51448e-48
73 12 7 12 12 3.03837e-48
73 12 12 7 12 2.43687e-48
73 12 12 12 7 4.38682e-48
73 4 7 9 8 2.07094e-48
73 7 9 8 4 0.0187974
73 8 4 7 9 1.5173e-48
73 9 8 4 7 4.2996e-48
73 6 7 13 13 8.40439e-48
73 7 13 13 6 4.82408e-48
73 13 6 7 13 8.59899e-48
73 13 13 6 7 9.18756e-48
73 6 6 12 11 1.19561e-47
73 6 12 11 6 8.88233e-48
73 11 6 6 12 9.28371e-48
73 12 11 6 6 5.46873e-48
73 4 4 10 11 1.69126e-48
73 4 10 11 4 0.0197838
73 10 11 4 4 0.0471577
73 11 4 4 10 2.95155e-48
73 7 12 8 9 2.93288e-50
73 8 9 7 12 1.65599e-50
73 9 7 12 8 5.55503e-50
73 12 8 9 7 5.26143e-50
73 10 12 13 12 9.20178e-48
73 12 10 12 13 4.78264e-48
73 12 13 12 10 4.58172e-48
73 13 12 10 12 4.92804e-48
73 5 5 8 9 3.68074e-48
73 5 8 9 5 5.1592e-48
73 8 9 5 5 3.63925e-48
73 9 5 5 8 7.18277e-48
73 4 7 12 8 2.1953e-48
73 7 12 8 4 0.0181389
73 8 4 7 12 9.95335e-49
73 12 8 4 7 3.47538e-48
73 8 10 8 12 1.34955e-48
73 8 12 8 10 1.78929e-48
73 10 8 12 8 1.20554e-47
73 12 8 10 8 4.83838e-48
73 5 12 6 7 5.01235e-48
73 6 7 5 12 5.50377e-48
73 7 5 12 6 4.12768e-48
73 12 6 7 5 5.43081e-48
73 6 7 7 10 4.03174e-48
73 7 7 10 6 2.88364e-48
73 7 10 6 7 3.5576e-48
73 10 6 7 7 1.00127e-47
73 4 7 12 11 2.24291e-48
73 7 12 11 4 0.0264836
73 11 4 7 12 2.26606e-48
73 12 11 4 7 2.39421e-48
73 7 13 9 12 2.72795e-48
73 9 12 7 13 4.79847e-48
73 12 7 13 9 5.94593e-48
73 13 9 12 7 7.78749e-48
73 4 11 10 7 1.80817e-48
73 7 4 11 10 2.33225e-48
73 10 7 4 11 6.85569e-48
73 11 10 7 4 0.0344839
73 6 7 9 8 5.39206e-48
73 7 9 8 6 2.4363e-48
73 8 6 7 9 2.96455e-48
73 9 8 6 7 6.89773e-48
73 11 13 12 12 4.48069e-48
73 12 11 13 12 2.93431e-48
73 12 12 11 13 4.6403e-48
73 13 12 12 11 6.74976e-48
73 8 11 8 13 1.63729e-48
73 8 13 8 11 2.03937e-48
73 11 8 13 8 8.42901e-48
73 13 8 11 8 8.41649e-48
73 4 8 6 13 5.39807e-48
73 6 13 4 8 7.35794e-48
73 8 6 13 4 0.0527166
73 13 4 8 6 5.44482e-48
73 7 9 7 10 2.75208e-50
73 7 10 7 9 3.05342e-50
73 9 7 10 7 5.16073e-50
73 10 7 9 7 9.80487e-50
73 7 10 8 10 2.25393e-48
73 8 10 7 10 1.87205e-48
73 10 7 10 8 9.06115e-48
73 10 8 10 7 1.12552e-47
73 5 9 11 8 4.15573e-48
73 8 5 9 11 2.66651e-48
73 9 11 8 5 3.22658e-48
73 11 8 5 9 8.75005e-48
73 4 13 13 12 3.14195e-48
73 12 4 13 13 5.53982e-48
73 13 12 4 13 7.39525e-48
73 13 13 12 4 0.080848
73 4 10 6 10 2.98125e-48
73 6 10 4 10 4.83846e-48
73 10 4 10 6 7.99724e-48
73 10 6 10 4 0.120557
73 6 11 8 9 3.84707e-48
73 8 9 6 11 3.03416e-48
73 9 6 11 8 7.35302e-48
73 11 8 9 6 6.47247e-48
73 6 10 12 12 5.51711e-48
73 10 12 12 6 1.26333e-47
73 12 6 10 12 5.04974e-48
73 12 12 6 10 5.74424e-48
73 4 5 11 9 3.01054e-48
73 5 11 9 4 0.0239642
73 9 4 5 11 4.45608e-48
73 11 9 4 5 4.75157e-48
73 8 12 11 11 2.17282e-48
73 11 8 12 11 5.62982e-48
73 11 11 8 12 1.96544e-48
73 12 11 11 8 2.84058e-48
73 4 10 4 12 1.45886e-48
73 4 12 4 10 1.93421e-48
73 10 4 12 4 0.0670811
73 12 4 10 4 0.0269227
73 6 6 13 8 1.28975e-47
73 6 13 8 6 6.00668e-48
73 8 6 6 13 5.57216e-48
73 13 8 6 6 1.16747e-47
73 8 13 11 9 2.66347e-48
73 9 8 13 11 6.32267e-48
73 11 9 8 13 3.90749e-48
73 13 11 9 8 4.33785e-48
73 5 6 6 11 9.61436e-48
73 6 6 11 5 1.45133e-47
73 6 11 5 6 8.87799e-48
73 11 5 6 6 1.1219e-47
73 8 10 11 12 1.54955e-48
73 10 11 12 8 6.53115e-48
73 11 12 8 10 3.20354e-48
73 12 8 10 11 3.88747e-48
73 8 9 13 12 2.53206e-48
73 9 13 12 8 6.10286e-48
73 12 8 9 13 5.5408e-48
73 13 12 8 9 5.79936e-48
73 5 13 6 13 7.83126e-48
73 6 13 5 13 1.24154e-47
73 13 5 13 6 1.35168e-47
73 13 6 13 5 1.83505e-47
73 5 12 13 9 5.27619e-48
73 9 5 12 13 6.2399e-48
73 12 13 9 5 4.68636e-48
73 13 9 5 12 5.95865e-48
73 5 5 9 12 3.49687e-48
73 5 9 12 5 5.23641e-48
73 9 12 5 5 7.78268e-48
73 12 5 5 9 7.03505e-48
73 5 12 12 12 3.3673e-48
73 12 5 12 12 3.95775e-48
73 12 12 5 12 4.19219e-48
73 12 12 12 5 5.39495e-48
73 6 7 12 10 5.59825e-48
73 7 12 10 6 3.21138e-48
73 10 6 7 12 7.72311e-48
73 12 10 6 7 4.78742e-48
73 8 12 12 9 3.6752e-50
73 9 8 12 12 5.78291e-50
73 12 9 8 12 2.91522e-50
73 12 12 9 8 5.12547e-50
73 5 12 8 10 2.70242e-48
73 8 10 5 12 2.17478e-48
73 10 5 12 8 1.10377e-47
73 12 8 10 5 5.19512e-48
73 5 12 11 13 5.09739e-48
73 11 13 5 12 6.12781e-48
73 12 11 13 5 5.16431e-48
73 13 5 12 11 8.71476e-48
73 4 10 10 12 1.73081e-48
73 10 10 12 4 0.0831608
73 10 12 4 10 7.28723e-48
73 12 4 10 10 2.92353e-48
73 4 13 5 10 3.40508e-48
73 5 10 4 13 3.63872e-48
73 10 4 13 5 1.1212e-47
73 13 5 10 4 0.0666755
73 7 9 12 10 3.21659e-48
73 9 12 10 7 4.83766e-48
73 10 7 9 12 6.36587e-48
73 12 10 7 9 3.45863e-48
73 7 11 11 11 1.74554e-48
73 11 7 11 11 3.59521e-48
73 11 11 7 11 2.26071e-48
73 11 11 11 7 3.01116e-48
73 7 12 10 12 2.30873e-48
73 10 12 7 12 5.57494e-48
73 12 7 12 10 3.86337e-48
73 12 10 12 7 4.20711e-48
73 4 7 8 11 2.22371e-50
73 7 8 11 4 0.000436294
73 8 11 4 7 2.03433e-50
73 11 4 7 8 4.33924e-50
73 4 4 4 13 1.89415e-48
73 4 4 13 4 0.0231148
73 4 13 4 4 0.0207159
73 13 4 4 4 0.039311
73 5 7 11 10 3.19667e-48
73 7 11 10 5 2.3996e-48
73 10 5 7 11 7.32766e-48
73 11 10 5 7 5.79167e-48
73 4 4 8 10 1.41935e-48
73 4 8 10 4 0.0257778
73 8 10 4 4 0.0176991
73 10 4 4 8 6.28619e-48
73 6 6 10 8 1.02325e-47
73 6 10 8 6 5.55625e-48
73 8 6 6 10 4.93777e-48
73 10 8 6 6 1.72951e-47
73 5 9 6 12 3.96963e-48
73 6 12 5 9 9.25748e-48
73 9 6 12 5 9.24332e-48
73 12 5 9 6 5.19162e-48
73 4 9 11 7 2.34743e-48
73 7 4 9 11 2.10897e-48
73 9 11 7 4 0.0235357
73 11 7 4 9 4.0735e-48
73 7 7 9 13 3.13754e-48
73 7 9 13 7 4.01368e-48
73 9 13 7 7 4.1601e-48
73 13 7 7 9 5.28832e-48
74 5 11 9 12 1.17041e-45
74 9 12 5 11 0.00992217
74 11 9 12 5 8.37539e-46
74 12 5 11 9 0.00391219
74 4 10 12 9 0.000744497
74 9 4 10 12 0.00236873
74 10 12 9 4 0.00861348
74 12 9 4 10 0.00763561
74 7 11 12 12 0.00517182
74 11 12 12 7 9.49244e-89
74 12 7 11 12 0.00743859
74 12 12 7 11 0.00519152
74 5 9 7 6 6.29863e-46
74 6 5 9 7 7.37956e-46
74 7 6 5 9 0.00216381
74 9 7 6 5 0.00445197
74 5 11 8 13 6.88162e-46
74 8 13 5 11 1.12703e-45
74 11 8 13 5 7.79502e-46
74 13 5 11 8 0.00158366
74 4 13 12 10 0.0120376
74 10 4 13 12 0.00692616
74 12 10 4 13 0.0051352
74 13 12 10 4 0.00715217
74 4 12 10 12 0.00487484
74 10 12 4 12 0.00591444
74 12 4 12 10 0.0119958
74 12 10 12 4 0.00912621
74 7 12 12 12 0.00764739
74 12 7 12 12 0.0102705
74 12 12 7 12 0.004982
74 12 12 12 7 1.26819e-45
74 4 7 9 8 0.00142932
74 7 9 8 4 0.00644692
74 8 4 7 9 7.11631e-47
74 9 8 4 7 4.78356e-46
74 6 7 13 13 0.00890395
74 7 13 13 6 0.0187701
74 13 6 7 13 0.00503886
74 13 13 6 7 1.14906e-45
74 6 6 12 11 0.00736349
74 6 12 11 6 0.00649363
74 11 6 6 12 1.04903e-45
74 12 11 6 6 0.0120259
74 4 4 10 11 0.00426861
74 4 10 11 4 0.00482768
74 10 11 4 4 0.00692097
74 11 4 4 10 7.60172e-46
74 7 12 8 9 1.48218e-05
74 8 9 7 12 3.60015e-48
74 9 7 12 8 1.50835e-05
74 12 8 9 7 1.23969e-47
74 10 12 13 12 0.00897045
74 12 10 12 13 0.00660122
74 12 13 12 10 0.0179369
74 13 12 10 12 0.00449853
74 5 5 8 9 1.85785e-46
74 5 8 9 5 5.93782e-46
74 8 9 5 5 4.07463e-46
74 9 5 5 8 0.00130679
74 4 7 12 8 0.00154569
74 7 12 8 4 0.00786353
74 8 4 7 12 2.83749e-46
74 12 8 4 7 8.72789e-46
74 8 10 8 12 3.02392e-46
74 8 12 8 10 8.18459e-46
74 10 8 12 8 0.00166559
74 12 8 10 8 0.00159132
74 5 12 6 7 1.53175e-88
74 6 7 5 12 0.00580585
74 7 5 12 6 0.015114
74 12 6 7 5 0.00491757
74 6 7 7 10 0.00684417
74 7 7 10 6 0.013852
74 7 10 6 7 9.50599e-46
74 10 6 7 7 9.19207e-46
74 4 7 12 11 0.00845521
74 7 12 11 4 0.0103664
74 11 4 7 12 3.38942e-46
74 12 11 4 7 7.85412e-46
74 7 13 9 12 0.00944942
74 9 12 7 13 0.00363442
74 12 7 13 9 0.00351751
74 13 9 12 7 7.45263e-46
74 4 11 10 7 6.47219e-46
74 7 4 11 10 0.0102853
74 10 7 4 11 0.00979879
74 11 10 7 4 5.26823e-46
74 6 7 9 8 0.00114136
74 7 9 8 6 0.00612823
74 8 6 7 9 1.09782e-46
74 9 8 6 7 6.53587e-46
74 11 13 12 12 8.07122e-46
74 12 11 13 12 0.00745267
74 12 12 11 13 0.00777943
74 13 12 12 11 0.00602755
74 8 11 8 13 4.43812e-46
74 8 13 8 11 6.86526e-46
74 11 8 13 8 2.09574e-46
74 13 8 11 8 0.00106442
74 4 8 6 13 0.00843422
74 6 13 4 8 0.00125439
74 8 6 13 4 1.9155e-45
74 13 4 8 6 0.0054318
74 7 9 7 10 9.43881e-05
74 7 10 7 9 1.06679e-05
74 9 7 10 7 1.00856e-47
74 10 7 9 7 1.78105e-47
74 7 10 8 10 0.00796733
74 8 10 7 10 5.91995e-46
74 10 7 10 8 0.00229757
74 10 8 10 7 1.11921e-45
74 5 9 11 8 1.41974e-46
74 8 5 9 11 8.72129e-46
74 9 11 8 5 0.00186389
74 11 8 5 9 1.64366e-46
74 4 13 13 12 0.00980696
74 12 4 13 13 0.0112389
74 13 12 4 13 0.00594356
74 13 13 12 4 0.0121949
74 4 10 6 10 0.00770909
74 6 10 4 10 0.00450551
74 10 4 10 6 0.0078096
74 10 6 10 4 0.0126742
74 6 11 8 9 0.000537732
74 8 9 6 11 6.12711e-46
74 9 6 11 8 0.000969904
74 11 8 9 6 8.46513e-46
74 6 10 12 12 0.00320818
74 10 12 12 6 0.0119834
74 12 6 10 12 0.00902345
74 12 12 6 10 0.017222
74 4 5 11 9 0.00132674
74 5 11 9 4 9.40327e-46
74 9 4 5 11 0.00387133
74 11 9 4 5 3.29241e-46
74 8 12 11 11 5.68406e-46
74 11 8 12 11 7.04519e-46
74 11 11 8 12 3.34254e-46
74 12 11 11 8 0.00112146
74 4 10 4 12 0.00288992
74 4 12 4 10 0.00782188
74 10 4 12 4 0.00900039
74 12 4 10 4 0.00859903
74 6 6 13 8 0.00157821
74 6 13 8 6 0.00565094
74 8 6 6 13 1.00356e-45
74 13 8 6 6 0.00822394
74 8 13 11 9 1.37195e-46
74 9 8 13 11 0.00528722
74 11 9 8 13 4.04795e-46
74 13 11 9 8 0.000770276
74 5 6 6 11 1.77661e-45
74 6 6 11 5 0.0045402
74 6 11 5 6 0.00684695
74 11 5 6 6 1.86332e-45
74 8 10 11 12 3.13495e-46
74 10 11 12 8 0.00117871
74 11 12 8 10 7.68842e-46
74 12 8 10 11 0.00684553
74 8 9 13 12 6.29653e-46
74 9 13 12 8 0.00125216
74 12 8 9 13 0.00830191
74 13 12 8 9 0.000886423
74 5 13 6 13 1.76826e-45
74 6 13 5 13 0.00827595
74 13 5 13 6 0.0159238
74 13 6 13 5 0.00795296
74 5 12 13 9 2.41146e-46
74 9 5 12 13 0.00591106
74 12 13 9 5 0.00634459
74 13 9 5 12 0.0038409
74 5 5 9 12 1.04122e-45
74 5 9 12 5 5.84994e-46
74 9 12 5 5 0.0036302
74 12 5 5 9 0.00262139
74 5 12 12 12 8.7938e-46
74 12 5 12 12 0.0101199
74 12 12 5 12 0.00816298
74 12 12 12 5 0.00641287
74 6 7 12 10 0.0102187
74 7 12 10 6 0.0100324
74 10 6 7 12 0.00539149
74 12 10 6 7 9.24622e-46
74 8 12 12 9 1.78662e-48
74 9 8 12 12 4.68266e-05
74 12 9 8 12 5.12072e-05
74 12 12 9 8 2.00265e-05
74 5 12 8 10 1.09252e-45
74 8 10 5 12 4.27358e-46
74 10 5 12 8 0.00213335
74 12 8 10 5 0.00509541
74 5 12 11 13 1.01521e-45
74 11 13 5 12 9.77731e-46
74 12 11 13 5 0.00709244
74 13 5 12 11 0.00905205
74 4 10 10 12 0.00325663
74 10 10 12 4 0.00807523
74 10 12 4 10 0.0106942
74 12 4 10 10 0.010141
74 4 13 5 10 0.0135642
74 5 10 4 13 6.23364e-46
74 10 4 13 5 0.00613129
74 13 5 10 4 0.00999124
74 7 9 12 10 0.0118622
74 9 12 10 7 6.14843e-46
74 10 7 9 12 0.00879318
74 12 10 7 9 0.000873409
74 7 11 11 11 0.0051047
74 11 7 11 11 7.58773e-46
74 11 11 7 11 3.43681e-46
74 11 11 11 7 6.08057e-89
74 7 12 10 12 0.00696813
74 10 12 7 12 0.00475137
74 12 7 12 10 0.0200159
74 12 10 12 7 9.13151e-46
74 4 7 8 11 8.4667e-05
74 7 8 11 4 0.000141995
74 8 11 4 7 8.9702e-91
74 11 4 7 8 1.17684e-48
74 4 4 4 13 0.00433565
74 4 4 13 4 0.00909119
74 4 13 4 4 0.00896271
74 13 4 4 4 0.00553134
74 5 7 11 10 1.79425e-45
74 7 11 10 5 0.00425334
74 10 5 7 11 0.00705205
74 11 10 5 7 7.85266e-89
74 4 4 8 10 0.00575622
74 4 8 10 4 0.00758052
74 8 10 4 4 5.7897e-46
74 10 4 4 8 0.00113217
74 6 6 10 8 0.00116808
74 6 10 8 6 0.0033777
74 8 6 6 10 1.62992e-45
74 10 8 6 6 0.0121376
74 5 9 6 12 7.29786e-46
74 6 12 5 9 0.00104485
74 9 6 12 5 0.00398701
74 12 5 9 6 0.0134688
74 4 9 11 7 5.62434e-46
74 7 4 9 11 0.00633212
74 9 11 7 4 0.00326741
74 11 7 4 9 1.66917e-46
74 7 7 9 13 0.012028
74 7 9 13 7 1.35098e-45
74 9 13 7 7 5.75718e-46
74 13 7 7 9 0.00114446
75 5 11 9 12 0.00936751
75 9 12 5 11 0.0113305
75 11 9 12 5 0.013376
75 12 5 11 9 0.00410276
75 4 10 12 9 0.00364529
75 9 4 10 12 5.13606e-46
75 10 12 9 4 0.00690514
75 12 9 4 10 0.0039436
75 7 11 12 12 0.00321727
75 11 12 12 7 0.0041639
75 12 7 11 12 5.54532e-05
75 12 12 7 11 0.00248127
75 5 9 7 6 0.00315972
75 6 5 9 7 0.00175852
75 7 6 5 9 0.000858176
75 9 7 6 5 6.52711e-05
75 5 11 8 13 0.00464891
75 8 13 5 11 0.00508882
75 11 8 13 5 0.0100563
75 13 5 11 8 0.00346771
75 4 13 12 10 0.00455235
75 10 4 13 12 9.52841e-46
75 12 10 4 13 0.00935525
75 13 12 10 4 0.00669388
75 4 12 10 12 0.00426468
75 10 12 4 12 0.00660991
75 12 4 12 10 5.17347e-46
75 12 10 12 4 0.0145069
75 7 12 12 12 0.0043678
75 12 7 12 12 6.61393e-05
75 12 12 7 12 0.00470579
75 12 12 12 7 0.00570041
75 4 7 9 8 2.21013e-05
75 7 9 8 4 0.00368872
75 8 4 7 9 1.28867e-46
75 9 8 4 7 0.00593289
75 6 7 13 13 5.08413e-05
75 7 13 13 6 0.00377698
75 13 6 7 13 0.00210358
75 13 13 6 7 0.00915116
75 6 6 12 11 0.00122863
75 6 12 11 6 0.00311898
75 11 6 6 12 0.00302657
75 12 11 6 6 0.00487246
75 4 4 10 11 2.27073e-46
75 4 10 11 4 0.00905759
75 10 11 4 4 0.00552981
75 11 4 4 10 2.76716e-46
75 7 12 8 9 1.53979e-05
75 8 9 7 12 4.55201e-05
75 9 7 12 8 5.08939e-07
75 12 8 9 7 7.9903e-05
75 10 12 13 12 0.0102693
75 12 10 12 13 0.0139044
75 12 13 12 10 0.00665308
75 13 12 10 12 0.00641423
75 5 5 8 9 0.00128066
75 5 8 9 5 0.00694712
75 8 9 5 5 0.00614319
75 9 5 5 8 0.00358194
75 4 7 12 8 2.5287e-05
75 7 12 8 4 0.00270404
75 8 4 7 12 2.59114e-46
75 12 8 4 7 0.00514773
75 8 10 8 12 0.00540377
75 8 12 8 10 0.00216748
75 10 8 12 8 0.00813545
75 12 8 10 8 0.00516134
75 5 12 6 7 0.00589231
75 6 7 5 12 4.92646e-05
75 7 5 12 6 0.00161904
75 12 6 7 5 0.00149063
75 6 7 7 10 1.95734e-05
75 7 7 10 6 1.91507e-05
75 7 10 6 7 0.00694168
75 10 6 7 7 0.00175571
75 4 7 12 11 2.80908e-05
75 7 12 11 4 0.00449897
75 11 4 7 12 3.75453e-46
75 12 11 4 7 0.00332571
75 7 13 9 12 0.00527221
75 9 12 7 13 0.00627886
75 12 7 13 9 3.97967e-05
75 13 9 12 7 0.0092625
75 4 11 10 7 0.00295782
75 7 4 11 10 3.12943e-46
75 10 7 4 11 3.80761e-05
75 11 10 7 4 0.00823675
75 6 7 9 8 1.99174e-05
75 7 9 8 6 0.00205534
75 8 6 7 9 0.000505867
75 9 8 6 7 0.00966874
75 11 13 12 12 0.0076293
75 12 11 13 12 0.00673974
75 12 12 11 13 0.00734086
75 13 12 12 11 0.00474989
75 8 11 8 13 0.00290758
75 8 13 8 11 0.00248291
75 11 8 13 8 0.00641909
75 13 8 11 8 0.00725388
75 4 8 6 13 0.0109707
75 6 13 4 8 0.00301283
75 8 6 13 4 0.00256822
75 13 4 8 6 3.58763e-46
75 7 9 7 10 3.46202e-05
75 7 10 7 9 3.14673e-05
75 9 7 10 7 5.99737e-07
75 10 7 9 7 7.16885e-07
75 7 10 8 10 0.00413018
75 8 10 7 10 0.00445143
75 10 7 10 8 4.65366e-05
75 10 8 10 7 0.00963435
75 5 9 11 8 0.00529744
75 8 5 9 11 0.00153297
75 9 11 8 5 0.0038512
75 11 8 5 9 0.00517889
75 4 13 13 12 0.00858054
75 12 4 13 13 9.75371e-46
75 13 12 4 13 0.00696332
75 13 13 12 4 0.0128842
75 4 10 6 10 0.00751958
75 6 10 4 10 0.0041582
75 10 4 10 6 4.27186e-46
75 10 6 10 4 0.00300957
75 6 11 8 9 0.00114878
75 8 9 6 11 0.00401241
75 9 6 11 8 0.00168591
75 11 8 9 6 0.00427146
75 6 10 12 12 0.00893965
75 10 12 12 6 0.00595778
75 12 6 10 12 0.00236755
75 12 12 6 10 0.00637615
75 4 5 11 9 0.00141861
75 5 11 9 4 0.00494006
75 9 4 5 11 5.31254e-46
75 11 9 4 5 0.00454782
75 8 12 11 11 0.00251031
75 11 8 12 11 0.0049463
75 11 11 8 12 0.00305404
75 12 11 11 8 0.00330184
75 4 10 4 12 0.00617156
75 4 12 4 10 0.00247545
75 10 4 12 4 9.17364e-46
75 12 4 10 4 5.81999e-46
75 6 6 13 8 0.00114881
75 6 13 8 6 0.0022227
75 8 6 6 13 0.00207608
75 13 8 6 6 0.00771256
75 8 13 11 9 0.00245419
75 9 8 13 11 0.00708661
75 11 9 8 13 0.00491443
75 13 11 9 8 0.00307703
75 5 6 6 11 0.00220476
75 6 6 11 5 0.00181886
75 6 11 5 6 0.00354329
75 11 5 6 6 0.00329731
75 8 10 11 12 0.00707042
75 10 11 12 8 0.00413332
75 11 12 8 10 0.00246984
75 12 8 10 11 0.00450898
75 8 9 13 12 0.00699829
75 9 13 12 8 0.00635476
75 12 8 9 13 0.00970372
75 13 12 8 9 0.00251097
75 5 13 6 13 0.012749
75 6 13 5 13 0.00918698
75 13 5 13 6 0.00412079
75 13 6 13 5 0.00352148
75 5 12 13 9 0.00329383
75 9 5 12 13 0.00493904
75 12 13 9 5 0.00609585
75 13 9 5 12 0.0113975
75 5 5 9 12 0.0037297
75 5 9 12 5 0.00794195
75 9 12 5 5 0.00859787
75 12 5 5 9 0.00271944
75 5 12 12 12 0.00683683
75 12 5 12 12 0.00462311
75 12 12 5 12 0.00876052
75 12 12 12 5 0.00630733
75 6 7 12 10 2.8996e-05
75 7 12 10 6 0.00201849
75 10 6 7 12 0.00214708
75 12 10 6 7 0.0110791
75 8 12 12 9 2.67123e-05
75 9 8 12 12 0.000140003
75 12 9 8 12 7.32421e-05
75 12 12 9 8 4.42004e-05
75 5 12 8 10 0.00298345
75 8 10 5 12 0.00953446
75 10 5 12 8 0.00334809
75 12 8 10 5 0.00696097
75 5 12 11 13 0.00794713
75 11 13 5 12 0.0105833
75 12 11 13 5 0.00673127
75 13 5 12 11 0.00347718
75 4 10 10 12 0.00736192
75 10 10 12 4 0.0176983
75 10 12 4 10 0.00457678
75 12 4 10 10 4.00421e-46
75 4 13 5 10 0.00587421
75 5 10 4 13 0.00942095
75 10 4 13 5 8.85219e-46
75 13 5 10 4 0.00455824
75 7 9 12 10 0.00431692
75 9 12 10 7 0.00532081
75 10 7 9 12 7.37938e-05
75 12 10 7 9 0.00422739
75 7 11 11 11 0.00186009
75 11 7 11 11 2.79318e-05
75 11 11 7 11 0.00174594
75 11 11 11 7 0.00336301
75 7 12 10 12 0.00364375
75 10 12 7 12 0.00618781
75 12 7 12 10 4.93599e-05
75 12 10 12 7 0.0106062
75 4 7 8 11 2.58009e-07
75 7 8 11 4 9.34915e-05
75 8 11 4 7 3.05573e-05
75 11 4 7 8 3.24812e-48
75 4 4 4 13 3.74521e-46
75 4 4 13 4 6.07079e-46
75 4 13 4 4 0.00502506
75 13 4 4 4 5.87704e-46
75 5 7 11 10 4.24917e-05
75 7 11 10 5 0.00254231
75 10 5 7 11 0.00226528
75 11 10 5 7 0.0101928
75 4 4 8 10 2.32162e-46
75 4 8 10 4 0.00660398
75 8 10 4 4 0.00640381
75 10 4 4 8 3.78862e-46
75 6 6 10 8 0.00087867
75 6 10 8 6 0.00332165
75 8 6 6 10 0.00148452
75 10 8 6 6 0.00944435
75 5 9 6 12 0.00973917
75 6 12 5 9 0.00255862
75 9 6 12 5 0.00252157
75 12 5 9 6 0.00223766
75 4 9 11 7 0.00496489
75 7 4 9 11 2.07858e-46
75 9 11 7 4 0.00463983
75 11 7 4 9 1.79915e-05
75 7 7 9 13 3.88071e-05
75 7 9 13 7 0.00545555
75 9 13 7 7 0.00566851
75 13 7 7 9 2.44778e-05
76 5 11 9 12 8.63335e-48
76 9 12 5 11 8.69691e-48
76 11 9 12 5 1.3509e-47
76 12 5 11 9 9.03142e-48
76 4 10 12 9 3.24224e-48
76 9 4 10 12 4.58445e-48
76 10 12 9 4 1.71451e-48
76 12 9 4 10 2.46793e-48
76 7 11 12 12 4.18506e-48
76 11 12 12 7 2.82124e-48
76 12 7 11 12 0.0379849
76 12 12 7 11 1.55872e-48
76 5 9 7 6 4.18271e-48
76 6 5 9 7 4.72348e-48
76 7 6 5 9 4.01216e-48
76 9 7 6 5 0.0580804
76 5 11 8 13 2.4268e-48
76 8 13 5 11 7.10917e-48
76 11 8 13 5 7.0156e-48
76 13 5 11 8 6.83234e-48
76 4 13 12 10 4.23855e-48
76 10 4 13 12 4.50682e-48
76 12 10 4 13 3.24142e-48
76 13 12 10 4 2.81389e-48
76 4 12 10 12 2.70664e-48
76 10 12 4 12 2.45213e-48
76 12 4 12 10 4.40958e-48
76 12 10 12 4 4.25407e-48
76 7 12 12 12 3.89892e-48
76 12 7 12 12 0.0559073
76 12 12 7 12 2.27586e-48
76 12 12 12 7 3.11458e-48
76 4 7 9 8 0.0246204
76 7 9 8 4 1.08608e-48
76 8 4 7 9 2.9097e-48
76 9 8 4 7 3.17937e-48
76 6 7 13 13 0.0979
76 7 13 13 6 6.01894e-48
76 13 6 7 13 4.60429e-48
76 13 13 6 7 4.25602e-48
76 6 6 12 11 1.05038e-47
76 6 12 11 6 7.67359e-48
76 11 6 6 12 6.24991e-48
76 12 11 6 6 5.45409e-48
76 4 4 10 11 2.2749e-48
76 4 10 11 4 2.47924e-48
76 10 11 4 4 2.07175e-48
76 11 4 4 10 2.33535e-48
76 7 12 8 9 1.06828e-50
76 8 9 7 12 5.17905e-50
76 9 7 12 8 0.000850853
76 12 8 9 7 3.1022e-50
76 10 12 13 12 3.99685e-48
76 12 10 12 13 6.03359e-48
76 12 13 12 10 5.37776e-48
76 13 12 10 12 3.89068e-48
76 5 5 8 9 1.96262e-48
76 5 8 9 5 4.76551e-48
76 8 9 5 5 7.54085e-48
76 9 5 5 8 7.55017e-48
76 4 7 12 8 0.0365297
76 7 12 8 4 7.12454e-49
76 8 4 7 12 3.20603e-48
76 12 8 4 7 2.06942e-48
76 8 10 8 12 2.05014e-48
76 8 12 8 10 1.36303e-48
76 10 8 12 8 5.16765e-48
76 12 8 10 8 3.88799e-48
76 5 12 6 7 2.86101e-48
76 6 7 5 12 0.07906
76 7 5 12 6 6.42501e-48
76 12 6 7 5 3.40166e-48
76 6 7 7 10 0.0388186
76 7 7 10 6 0.0384031
76 7 10 6 7 2.50701e-48
76 10 6 7 7 2.25391e-48
76 4 7 12 11 0.0355268
76 7 12 11 4 2.25537e-48
76 11 4 7 12 2.73646e-48
76 12 11 4 7 2.1143e-48
76 7 13 9 12 4.18253e-48
76 9 12 7 13 4.15127e-48
76 12 7 13 9 0.0514247
76 13 9 12 7 6.2259e-48
76 4 11 10 7 2.41397e-48
76 7 4 11 10 3.11621e-48
76 10 7 4 11 0.0250482
76 11 10 7 4 2.33956e-48
76 6 7 9 8 0.0510783
76 7 9 8 6 1.6147e-48
76 8 6 7 9 3.76771e-48
76 9 8 6 7 4.3536e-48
76 11 13 12 12 6.75115e-48
76 12 11 13 12 5.09416e-48
76 12 12 11 13 3.77725e-48
76 13 12 12 11 4.20545e-48
76 8 11 8 13 2.41226e-48
76 8 13 8 11 2.06344e-48
76 11 8 13 8 5.64466e-48
76 13 8 11 8 5.47793e-48
76 4 8 6 13 4.96057e-48
76 6 13 4 8 6.7537e-48
76 8 6 13 4 7.79069e-48
76 13 4 8 6 2.34054e-48
76 7 9 7 10 3.05554e-50
76 7 10 7 9 2.73617e-50
76 9 7 10 7 0.000530673
76 10 7 9 7 0.000309422
76 7 10 8 10 1.21553e-48
76 8 10 7 10 3.50838e-48
76 10 7 10 8 0.038972
76 10 8 10 7 3.23901e-48
76 5 9 11 8 5.83731e-48
76 8 5 9 11 4.8118e-48
76 9 11 8 5 2.32218e-48
76 11 8 5 9 4.78731e-48
76 4 13 13 12 5.90813e-48
76 12 4 13 13 6.30496e-48
76 13 12 4 13 3.88656e-48
76 13 13 12 4 7.01442e-48
76 4 10 6 10 2.78527e-48
76 6 10 4 10 4.2199e-48
76 10 4 10 6 3.96903e-48
76 10 6 10 4 3.45686e-48
76 6 11 8 9 2.13624e-48
76 8 9 6 11 5.09315e-48
76 9 6 11 8 6.70666e-48
76 11 8 9 6 4.30943e-48
76 6 10 12 12 1.00306e-47
76 10 12 12 6 5.11856e-48
76 12 6 10 12 5.22935e-48
76 12 12 6 10 3.00027e-48
76 4 5 11 9 3.59705e-48
76 5 11 9 4 3.15526e-48
76 9 4 5 11 4.95555e-48
76 11 9 4 5 3.66739e-48
76 8 12 11 11 3.44416e-48
76 11 8 12 11 4.5457e-48
76 11 11 8 12 1.45539e-48
76 12 11 11 8 3.58189e-48
76 4 10 4 12 2.40178e-48
76 4 12 4 10 1.59682e-48
76 10 4 12 4 3.58966e-48
76 12 4 10 4 2.70075e-48
76 6 6 13 8 9.39762e-48
76 6 13 8 6 3.31239e-48
76 8 6 6 13 7.46369e-48
76 13 8 6 6 6.00984e-48
76 8 13 11 9 5.45194e-48
76 9 8 13 11 5.86464e-48
76 11 9 8 13 1.84175e-48
76 13 11 9 8 3.49689e-48
76 5 6 6 11 6.31683e-48
76 6 6 11 5 1.14188e-47
76 6 11 5 6 1.12237e-47
76 11 5 6 6 7.55112e-48
76 8 10 11 12 5.10378e-48
76 10 11 12 8 4.15202e-48
76 11 12 8 10 9.14899e-49
76 12 8 10 11 2.9736e-48
76 8 9 13 12 8.53928e-48
76 9 13 12 8 8.96862e-48
76 12 8 9 13 4.3783e-48
76 13 12 8 9 1.33026e-48
76 5 13 6 13 8.291e-48
76 6 13 5 13 1.27637e-47
76 13 5 13 6 1.04605e-47
76 13 6 13 5 9.48783e-48
76 5 12 13 9 4.12961e-48
76 9 5 12 13 1.00508e-47
76 12 13 9 5 3.94829e-48
76 13 9 5 12 6.21565e-48
76 5 5 9 12 5.67101e-48
76 5 9 12 5 8.56761e-48
76 9 12 5 5 5.98036e-48
76 12 5 5 9 5.28893e-48
76 5 12 12 12 5.60722e-48
76 12 5 12 12 6.88191e-48
76 12 12 5 12 3.88351e-48
76 12 12 12 5 4.59679e-48
76 6 7 12 10 0.0736219
76 7 12 10 6 2.96491e-48
76 10 6 7 12 3.12356e-48
76 12 10 6 7 2.77541e-48
76 8 12 12 9 6.35392e-50
76 9 8 12 12 1.06482e-49
76 12 9 8 12 2.15838e-50
76 12 12 9 8 3.13115e-50
76 5 12 8 10 1.18048e-48
76 8 10 5 12 6.08068e-48
76 10 5 12 8 5.54867e-48
76 12 8 10 5 4.16001e-48
76 5 12 11 13 5.41654e-48
76 11 13 5 12 6.70504e-48
76 12 11 13 5 5.98861e-48
76 13 5 12 11 7.4015e-48
76 4 10 10 12 3.19305e-48
76 10 10 12 4 3.89439e-48
76 10 12 4 10 1.92327e-48
76 12 4 10 10 3.03714e-48
76 4 13 5 10 3.91576e-48
76 5 10 4 13 4.3237e-48
76 10 4 13 5 4.92832e-48
76 13 5 10 4 4.6067e-48
76 7 9 12 10 4.87785e-48
76 9 12 10 7 3.44862e-48
76 10 7 9 12 0.0360943
76 12 10 7 9 2.54968e-48
76 7 11 11 11 2.54684e-48
76 11 7 11 11 0.0308184
76 11 11 7 11 1.98199e-48
76 11 11 11 7 2.69077e-48
76 7 12 10 12 2.89442e-48
76 10 12 7 12 2.2456e-48
76 12 7 12 10 0.0472623
76 12 10 12 7 3.96027e-48
76 4 7 8 11 0.000138976
76 7 8 11 4 4.31877e-50
76 8 11 4 7 4.08968e-50
76 11 4 7 8 3.51239e-50
76 4 4 4 13 2.65804e-48
76 4 4 13 4 3.05468e-48
76 4 13 4 4 2.28557e-48
76 13 4 4 4 2.69392e-48
76 5 7 11 10 0.043672
76 7 11 10 5 3.46395e-48
76 10 5 7 11 2.56721e-48
76 11 10 5 7 3.379e-48
76 4 4 8 10 9.70788e-49
76 4 8 10 4 2.67659e-48
76 8 10 4 4 3.15655e-48
76 10 4 4 8 2.53418e-48
76 6 6 10 8 7.63555e-48
76 6 10 8 6 2.93528e-48
76 8 6 6 10 5.89504e-48
76 10 8 6 6 5.01622e-48
76 5 9 6 12 5.98845e-48
76 6 12 5 9 5.48857e-48
76 9 6 12 5 9.8204e-48
76 12 5 9 6 4.74976e-48
76 4 9 11 7 2.82959e-48
76 7 4 9 11 2.25854e-48
76 9 11 7 4 3.02092e-48
76 11 7 4 9 0.0274795
76 7 7 9 13 0.0373993
76 7 9 13 7 4.02281e-48
76 9 13 7 7 3.71659e-48
76 13 7 7 9 0.0324678
77 12 8 9 7 1
78 5 11 9 12 1.16173e-47
78 9 12 5 11 1.21736e-47
78 11 9 12 5 6.66821e-48
78 12 5 11 9 6.18242e-48
78 4 10 12 9 4.07932e-48
78 9 4 10 12 8.03571e-48
78 10 12 9 4 2.03409e-48
78 12 9 4 10 1.63587e-48
78 7 11 12 12 6.67096e-48
78 11 12 12 7 2.88031e-48
78 12 7 11 12 1.54172e-48
78 12 12 7 11 2.8616e-48
78 5 9 7 6 4.27825e-48
78 6 5 9 7 2.57554e-48
78 7 6 5 9 7.47001e-48
78 9 7 6 5 4.24161e-48
78 5 11 8 13 8.65911e-48
78 8 13 5 11 6.81974e-48
78 11 8 13 5 6.16426e-48
78 13 5 11 8 0.0653855
78 4 13 12 10 1.59055e-48
78 10 4 13 12 1.04569e-47
78 12 10 4 13 3.18577e-48
78 13 12 10 4 8.13667e-48
78 4 12 10 12 3.96949e-48
78 10 12 4 12 2.10533e-48
78 12 4 12 10 8.43321e-48
78 12 10 12 4 3.98796e-48
78 7 12 12 12 3.44546e-48
78 12 7 12 12 2.206e-48
78 12 12 7 12 2.66595e-48
78 12 12 12 7 3.48581e-48
78 4 7 9 8 0.0194932
78 7 9 8 4 1.85578e-48
78 8 4 7 9 1.81707e-47
78 9 8 4 7 2.02489e-48
78 6 7 13 13 5.92554e-48
78 7 13 13 6 3.74834e-48
78 13 6 7 13 7.26947e-48
78 13 13 6 7 4.08893e-48
78 6 6 12 11 4.63839e-48
78 6 12 11 6 4.73247e-48
78 11 6 6 12 3.84097e-48
78 12 11 6 6 1.41034e-47
78 4 4 10 11 1.0673e-47
78 4 10 11 4 2.97828e-48
78 10 11 4 4 5.0023e-48
78 11 4 4 10 4.96757e-48
78 7 12 8 9 3.38923e-50
78 8 9 7 12 5.47356e-50
78 9 7 12 8 0.000365013
78 12 8 9 7 2.40059e-50
78 10 12 13 12 4.54325e-48
78 12 10 12 13 4.86358e-48
78 12 13 12 10 1.6199e-48
78 13 12 10 12 7.21597e-48
78 5 5 8 9 3.09385e-48
78 5 8 9 5 3.40541e-48
78 8 9 5 5 1.24714e-47
78 9 5 5 8 0.0639279
78 4 7 12 8 0.0267641
78 7 12 8 4 2.09807e-48
78 8 4 7 12 1.19198e-47
78 12 8 4 7 1.80682e-48
78 8 10 8 12 4.09692e-48
78 8 12 8 10 4.24438e-48
78 10 8 12 8 0.0347023
78 12 8 10 8 0.0436489
78 5 12 6 7 6.0141e-48
78 6 7 5 12 4.34632e-48
78 7 5 12 6 4.90383e-48
78 12 6 7 5 3.8069e-48
78 6 7 7 10 3.07087e-48
78 7 7 10 6 5.51659e-48
78 7 10 6 7 6.51167e-48
78 10 6 7 7 3.422e-48
78 4 7 12 11 2.73699e-48
78 7 12 11 4 3.1963e-48
78 11 4 7 12 5.96863e-48
78 12 11 4 7 5.2042e-48
78 7 13 9 12 1.2841e-48
78 9 12 7 13 4.75535e-48
78 12 7 13 9 5.50179e-48
78 13 9 12 7 6.36971e-48
78 4 11 10 7 1.14734e-47
78 7 4 11 10 8.69661e-48
78 10 7 4 11 2.13498e-48
78 11 10 7 4 3.76227e-48
78 6 7 9 8 0.0230098
78 7 9 8 6 2.40302e-48
78 8 6 7 9 7.35594e-48
78 9 8 6 7 3.85412e-48
78 11 13 12 12 1.23334e-48
78 12 11 13 12 9.23975e-48
78 12 12 11 13 3.24466e-48
78 13 12 12 11 6.4683e-48
78 8 11 8 13 1.20765e-47
78 8 13 8 11 2.15246e-48
78 11 8 13 8 0.0493771
78 13 8 11 8 0.0527355
78 4 8 6 13 5.5962e-48
78 6 13 4 8 0.0174224
78 8 6 13 4 1.21194e-47
78 13 4 8 6 1.36082e-47
78 7 9 7 10 4.43147e-50
78 7 10 7 9 7.37201e-50
78 9 7 10 7 5.18627e-50
78 10 7 9 7 2.6797e-50
78 7 10 8 10 3.33334e-48
78 8 10 7 10 9.27778e-48
78 10 7 10 8 0.0489652
78 10 8 10 7 4.95508e-48
78 5 9 11 8 0.0358476
78 8 5 9 11 5.02061e-48
78 9 11 8 5 6.0904e-48
78 11 8 5 9 5.74648e-48
78 4 13 13 12 2.37944e-48
78 12 4 13 13 1.7349e-47
78 13 12 4 13 6.23463e-48
78 13 13 12 4 3.45049e-48
78 4 10 6 10 5.31843e-48
78 6 10 4 10 3.29829e-48
78 10 4 10 6 1.464e-47
78 10 6 10 4 4.57697e-48
78 6 11 8 9 6.10818e-48
78 8 9 6 11 7.60302e-48
78 9 6 11 8 0.0298149
78 11 8 9 6 2.29911e-48
78 6 10 12 12 4.27501e-48
78 10 12 12 6 4.89432e-48
78 12 6 10 12 3.92852e-48
78 12 12 6 10 4.76419e-48
78 4 5 11 9 3.06756e-48
78 5 11 9 4 6.61962e-48
78 9 4 5 11 1.4159e-47
78 11 9 4 5 2.20721e-48
78 8 12 11 11 5.37796e-48
78 11 8 12 11 2.59017e-48
78 11 11 8 12 3.18845e-48
78 12 11 11 8 0.0617034
78 4 10 4 12 2.19358e-48
78 4 12 4 10 2.27253e-48
78 10 4 12 4 8.04426e-48
78 12 4 10 4 1.01181e-47
78 6 6 13 8 0.0637089
78 6 13 8 6 1.36471e-48
78 8 6 6 13 1.04819e-47
78 13 8 6 6 8.68468e-48
78 8 13 11 9 2.93325e-48
78 9 8 13 11 4.31356e-48
78 11 9 8 13 1.74002e-48
78 13 11 9 8 0.0997041
78 5 6 6 11 7.39155e-48
78 6 6 11 5 4.95467e-48
78 6 11 5 6 2.38587e-47
78 11 5 6 6 6.2808e-48
78 8 10 11 12 4.90833e-48
78 10 11 12 8 0.0786041
78 11 12 8 10 1.67135e-48
78 12 8 10 11 3.51029e-48
78 8 9 13 12 7.7471e-48
78 9 13 12 8 0.0195277
78 12 8 9 13 2.52806e-48
78 13 12 8 9 4.68694e-48
78 5 13 6 13 4.18087e-48
78 6 13 5 13 4.77436e-48
78 13 5 13 6 1.43127e-47
78 13 6 13 5 1.436e-47
78 5 12 13 9 7.72975e-48
78 9 5 12 13 3.89422e-48
78 12 13 9 5 1.27924e-48
78 13 9 5 12 6.95708e-48
78 5 5 9 12 2.69087e-48
78 5 9 12 5 5.13783e-48
78 9 12 5 5 7.99651e-48
78 12 5 5 9 6.91844e-48
78 5 12 12 12 3.87087e-48
78 12 5 12 12 2.72666e-48
78 12 12 5 12 4.75502e-48
78 12 12 12 5 4.28688e-48
78 6 7 12 10 3.0971e-48
78 7 12 10 6 6.72373e-48
78 10 6 7 12 2.6395e-48
78 12 10 6 7 5.08149e-48
78 8 12 12 9 1.03373e-49
78 9 8 12 12 3.09573e-50
78 12 9 8 12 1.66745e-50
78 12 12 9 8 0.000314154
78 5 12 8 10 2.61991e-48
78 8 10 5 12 1.11746e-47
78 10 5 12 8 0.0370408
78 12 8 10 5 4.69107e-48
78 5 12 11 13 5.15637e-48
78 11 13 5 12 2.40769e-48
78 12 11 13 5 1.62617e-47
78 13 5 12 11 7.2408e-48
78 4 10 10 12 4.52015e-48
78 10 10 12 4 4.12697e-48
78 10 12 4 10 2.48367e-48
78 12 4 10 10 1.09771e-47
78 4 13 5 10 2.8883e-48
78 5 10 4 13 4.70939e-48
78 10 4 13 5 1.71193e-47
78 13 5 10 4 8.47266e-48
78 7 9 12 10 3.76196e-48
78 9 12 10 7 5.32069e-48
78 10 7 9 12 1.73981e-48
78 12 10 7 9 4.84237e-48
78 7 11 11 11 6.54458e-48
78 11 7 11 11 1.78828e-48
78 11 11 7 11 5.98719e-48
78 11 11 11 7 5.09702e-48
78 7 12 10 12 4.83384e-48
78 10 12 7 12 2.9736e-48
78 12 7 12 10 2.80499e-48
78 12 10 12 7 4.27831e-48
78 4 7 8 11 2.28848e-50
78 7 8 11 4 3.9161e-50
78 8 11 4 7 1.56526e-49
78 11 4 7 8 0.00114186
78 4 4 4 13 6.8822e-48
78 4 4 13 4 1.21778e-47
78 4 13 4 4 1.08397e-48
78 13 4 4 4 1.02585e-47
78 5 7 11 10 2.95464e-48
78 7 11 10 5 1.56221e-47
78 10 5 7 11 3.38873e-48
78 11 10 5 7 6.54524e-48
78 4 4 8 10 4.94371e-48
78 4 8 10 4 3.9158e-48
78 8 10 4 4 5.61009e-48
78 10 4 4 8 0.0661948
78 6 6 10 8 0.0606008
78 6 10 8 6 3.6309e-48
78 8 6 6 10 9.28851e-48
78 10 8 6 6 5.2012e-48
78 5 9 6 12 4.06536e-48
78 6 12 5 9 8.00096e-48
78 9 6 12 5 4.26313e-48
78 12 5 9 6 2.76149e-48
78 4 9 11 7 2.35468e-48
78 7 4 9 11 6.89976e-48
78 9 11 7 4 7.25925e-48
78 11 7 4 9 2.02565e-48
78 7 7 9 13 3.03289e-48
78 7 9 13 7 5.98247e-48
78 9 13 7 7 1.83438e-48
78 13 7 7 9 6.37525e-48
79 3 0 1 10 8.85837e-45
79 3 0 2 11 0.0470758
79 2 0 2 12 3.39319e-05
79 1 0 2 11 0.0406592
79 3 0 2 4 0.00586908
79 3 0 3 4 0.0133722
79 2 0 1 11 0.129851
79 1 0 3 10 6.24375e-45
79 3 0 3 5 0.072696
79 2 0 1 4 0.0166153
79 2 0 3 12 7.80913e-05
79 1 0 2 12 3.14545e-05
79 1 0 3 4 0.0115932
79 2 0 1 7 0.087613
79 2 0 2 11 0.0224247
79 1 0 3 8 0.0838492
79 3 0 3 13 0.0369495
79 3 0 1 6 0.0885469
79 2 0 1 5 0.0936518
79 1 0 3 12 7.31229e-05
79 2 0 2 7 0.0309884
79 1 0 2 9 0.00983478
79 2 0 1 12 0.000101855
79 3 0 3 9 0.0260119
79 1 0 3 6 0.0655696
79 1 0 2 4 0.00503827
79 3 0 3 8 0.096609
79 2 0 2 10 2.9911e-45
79 1 0 1 4 0.0148625
80 1 10 3 0 0.0332226
80 2 11 3 0 0.0451107
80 2 12 2 0 0.0149627
80 2 11 1 0 0.0762055
80 2 4 3 0 0.0304502
80 3 4 3 0 0.0353108
80 1 11 2 0 0.052142
80 3 10 1 0 0.0454346
80 3 5 3 0 0.0117756
80 1 4 2 0 0.0361234
80 3 12 2 0 0.0175262
80 2 12 1 0 0.0332153
80 3 4 1 0 0.0598758
80 1 7 2 0 0.0246203
80 2 11 2 0 0.017551
80 3 8 1 0 0.06074
80 3 13 3 0 0.0250974
80 1 6 3 0 0.0160287
80 1 5 2 0 0.0124901
80 3 12 1 0 0.0392999
80 2 7 2 0 0.016973
80 2 9 1 0 0.0400569
80 1 12 2 0 0.0230437
80 3 9 3 0 0.027569
80 3 6 1 0 0.0230296
80 2 4 1 0 0.0511266
80 3 8 3 0 0.0357807
80 2 10 2 0 0.0178582
80 1 4 1 0 0.0773794
81 5 11 9 12 0.00417519
81 9 12 5 11 0.00667833
81 11 9 12 5 0.00201901
81 12 5 11 9 0.014534
81 4 10 12 9 0.00533027
81 9 4 10 12 0.000997134
81 10 12 9 4 0.0155634
81 12 9 4 10 0.00672529
81 7 11 12 12 0.000751447
81 11 12 12 7 0.000522545
81 12 7 11 12 0.00780996
81 12 12 7 11 0.00282168
81 5 9 7 6 0.00299764
81 6 5 9 7 4.04632e-46
81 7 6 5 9 0.000304064
81 9 7 6 5 0.0013887
81 5 11 8 13 0.000661642
81 8 13 5 11 0.00472859
81 11 8 13 5 0.000304502
81 13 5 11 8 0.0172129
81 4 13 12 10 0.00923981
81 10 4 13 12 0.00105864
81 12 10 4 13 0.00197599
81 13 12 10 4 0.0148474
81 4 12 10 12 0.00396485
81 10 12 4 12 0.0112173
81 12 4 12 10 0.0012124
81 12 10 12 4 0.0107858
81 7 12 12 12 0.00191532
81 12 7 12 12 0.00439415
81 12 12 7 12 0.00130689
81 12 12 12 7 0.0014954
81 4 7 9 8 0.00573283
81 7 9 8 4 0.00645497
81 8 4 7 9 0.00037682
81 9 8 4 7 0.00273598
81 6 7 13 13 1.33925e-46
81 7 13 13 6 0.00150154
81 13 6 7 13 0.000442073
81 13 13 6 7 0.00305834
81 6 6 12 11 7.32356e-46
81 6 12 11 6 1.2878e-45
81 11 6 6 12 0.000241786
81 12 11 6 6 0.000579883
81 4 4 10 11 0.00337638
81 4 10 11 4 0.0319242
81 10 11 4 4 0.0122959
81 11 4 4 10 0.000717727
81 7 12 8 9 1.9289e-05
81 8 9 7 12 1.93519e-05
81 9 7 12 8 5.6504e-05
81 12 8 9 7 1.66393e-05
81 10 12 13 12 0.00292112
81 12 10 12 13 0.00126939
81 12 13 12 10 0.00603843
81 13 12 10 12 0.00578354
81 5 5 8 9 0.00508448
81 5 8 9 5 0.00254837
81 8 9 5 5 0.00078096
81 9 5 5 8 0.00149502
81 4 7 12 8 0.00525107
81 7 12 8 4 0.00385164
81 8 4 7 12 0.000350223
81 12 8 4 7 0.00198552
81 8 10 8 12 0.00268722
81 8 12 8 10 0.00213971
81 10 8 12 8 0.00530055
81 12 8 10 8 0.00190594
81 5 12 6 7 0.00107991
81 6 7 5 12 3.58227e-46
81 7 5 12 6 0.00227622
81 12 6 7 5 0.000329834
81 6 7 7 10 5.29053e-46
81 7 7 10 6 0.00258567
81 7 10 6 7 0.000675989
81 10 6 7 7 0.000781707
81 4 7 12 11 0.0170896
81 7 12 11 4 0.0102878
81 11 4 7 12 0.00019483
81 12 11 4 7 0.00107511
81 7 13 9 12 0.00436847
81 9 12 7 13 0.000629751
81 12 7 13 9 0.00221821
81 13 9 12 7 0.0064744
81 4 11 10 7 0.00103195
81 7 4 11 10 0.00183096
81 10 7 4 11 0.0472117
81 11 10 7 4 0.00218512
81 6 7 9 8 7.81981e-46
81 7 9 8 6 0.00225961
81 8 6 7 9 0.000437432
81 9 8 6 7 0.000748342
81 11 13 12 12 0.00205566
81 12 11 13 12 0.000518338
81 12 12 11 13 0.00175018
81 13 12 12 11 0.0157065
81 8 11 8 13 0.000286581
81 8 13 8 11 0.00942182
81 11 8 13 8 0.000393839
81 13 8 11 8 0.0110301
81 4 8 6 13 0.000680893
81 6 13 4 8 1.85738e-45
81 8 6 13 4 0.00131287
81 13 4 8 6 0.00230931
81 7 9 7 10 2.24168e-05
81 7 10 7 9 1.80743e-05
81 9 7 10 7 3.74762e-05
81 10 7 9 7 8.25751e-05
81 7 10 8 10 0.00312823
81 8 10 7 10 0.00201491
81 10 7 10 8 0.00950534
81 10 8 10 7 0.003533
81 5 9 11 8 0.0129178
81 8 5 9 11 0.00754651
81 9 11 8 5 0.00083176
81 11 8 5 9 0.00041009
81 4 13 13 12 0.00419118
81 12 4 13 13 0.000166157
81 13 12 4 13 0.00392976
81 13 13 12 4 0.0387177
81 4 10 6 10 0.00318015
81 6 10 4 10 1.58595e-45
81 10 4 10 6 0.00211192
81 10 6 10 4 0.00700348
81 6 11 8 9 2.20298e-46
81 8 9 6 11 0.00363621
81 9 6 11 8 0.00256848
81 11 8 9 6 0.000933395
81 6 10 12 12 9.14555e-46
81 10 12 12 6 0.00675377
81 12 6 10 12 0.00113688
81 12 12 6 10 0.0014855
81 4 5 11 9 0.0112382
81 5 11 9 4 0.00541636
81 9 4 5 11 0.00122304
81 11 9 4 5 0.00158819
81 8 12 11 11 0.0101093
81 11 8 12 11 0.00229266
81 11 11 8 12 0.000382601
81 12 11 11 8 0.00194017
81 4 10 4 12 0.00965069
81 4 12 4 10 0.00768442
81 10 4 12 4 0.00646536
81 12 4 10 4 0.00232477
81 6 6 13 8 9.06433e-47
81 6 13 8 6 8.64761e-46
81 8 6 6 13 0.000130487
81 13 8 6 6 0.00237529
81 8 13 11 9 0.00789904
81 9 8 13 11 0.00318357
81 11 9 8 13 0.000428936
81 13 11 9 8 0.00231071
81 5 6 6 11 0.00271254
81 6 6 11 5 3.87166e-46
81 6 11 5 6 1.1886e-46
81 11 5 6 6 0.000731169
81 8 10 11 12 0.00564455
81 10 11 12 8 0.00225708
81 11 12 8 10 0.000936088
81 12 8 10 11 0.00487799
81 8 9 13 12 0.00154683
81 9 13 12 8 0.00598124
81 12 8 9 13 0.000866344
81 13 12 8 9 0.00579271
81 5 13 6 13 0.00151535
81 6 13 5 13 1.71067e-46
81 13 5 13 6 0.00413744
81 13 6 13 5 0.000878647
81 5 12 13 9 0.00185123
81 9 5 12 13 0.00137779
81 12 13 9 5 0.00295832
81 13 9 5 12 0.00365627
81 5 5 9 12 0.00647468
81 5 9 12 5 0.00450867
81 9 12 5 5 0.000853693
81 12 5 5 9 0.00146943
81 5 12 12 12 0.00458009
81 12 5 12 12 0.00357104
81 12 12 5 12 0.00105472
81 12 12 12 5 0.00161994
81 6 7 12 10 1.05075e-45
81 7 12 10 6 0.00152735
81 10 6 7 12 0.00135684
81 12 10 6 7 0.000916089
81 8 12 12 9 2.6811e-05
81 9 8 12 12 3.96084e-05
81 12 9 8 12 4.42399e-05
81 12 12 9 8 2.87325e-05
81 5 12 8 10 0.00425279
81 8 10 5 12 0.00116103
81 10 5 12 8 0.00712094
81 12 8 10 5 0.00126859
81 5 12 11 13 0.003409
81 11 13 5 12 0.000922062
81 12 11 13 5 0.000357094
81 13 5 12 11 0.0238533
81 4 10 10 12 0.0055558
81 10 10 12 4 0.0259225
81 10 12 4 10 0.0125159
81 12 4 10 10 0.00104775
81 4 13 5 10 0.00385519
81 5 10 4 13 0.00358019
81 10 4 13 5 0.000678415
81 13 5 10 4 0.0209746
81 7 9 12 10 0.00374755
81 9 12 10 7 0.00186335
81 10 7 9 12 0.0120644
81 12 10 7 9 0.00206174
81 7 11 11 11 0.00377117
81 11 7 11 11 0.00770586
81 11 11 7 11 0.000505904
81 11 11 11 7 0.00047653
81 7 12 10 12 0.00178404
81 10 12 7 12 0.00338544
81 12 7 12 10 0.00528441
81 12 10 12 7 0.00225853
81 4 7 8 11 0.000207267
81 7 8 11 4 0.000135864
81 8 11 4 7 1.23086e-05
81 11 4 7 8 2.35583e-06
81 4 4 4 13 0.000851211
81 4 4 13 4 0.00188345
81 4 13 4 4 0.0360223
81 13 4 4 4 0.0105502
81 5 7 11 10 0.0173507
81 7 11 10 5 0.000457332
81 10 5 7 11 0.0105281
81 11 10 5 7 0.000335738
81 4 4 8 10 0.00160661
81 4 8 10 4 0.00959827
81 8 10 4 4 0.0137254
81 10 4 4 8 0.00350997
81 6 6 10 8 1.99613e-46
81 6 10 8 6 6.93469e-46
81 8 6 6 10 0.000497769
81 10 8 6 6 0.00264195
81 5 9 6 12 0.00311241
81 6 12 5 9 2.25575e-46
81 9 6 12 5 0.00089436
81 12 5 9 6 0.00333665
81 4 9 11 7 0.00758541
81 7 4 9 11 0.00182092
81 9 11 7 4 0.00201862
81 11 7 4 9 0.00286209
81 7 7 9 13 0.00114567
81 7 9 13 7 0.000803007
81 9 13 7 7 0.00200602
81 13 7 7 9 0.00569158
82 5 11 9 12 4.80095e-48
82 9 12 5 11 4.03436e-48
82 11 9 12 5 8.08827e-48
82 12 5 11 9 0.0463901
82 4 10 12 9 1.08684e-48
82 9 4 10 12 3.48173e-48
82 10 12 9 4 1.51511e-48
82 12 9 4 10 0.0363914
82 7 11 12 12 2.29294e-48
82 11 12 12 7 1.82763e-48
82 12 7 11 12 0.0656424
82 12 12 7 11 0.0122872
82 5 9 7 6 1.77433e-48
82 6 5 9 7 1.56519e-48
82 7 6 5 9 9.82412e-49
82 9 7 6 5 4.77999e-48
82 5 11 8 13 2.31004e-48
82 8 13 5 11 2.50808e-48
82 11 8 13 5 2.69333e-48
82 13 5 11 8 5.06163e-48
82 4 13 12 10 2.03143e-48
82 10 4 13 12 1.0443e-48
82 12 10 4 13 0.0432303
82 13 12 10 4 3.12495e-48
82 4 12 10 12 2.81627e-48
82 10 12 4 12 6.10622e-48
82 12 4 12 10 0.0203764
82 12 10 12 4 0.0206853
82 7 12 12 12 2.56998e-48
82 12 7 12 12 0.0298923
82 12 12 7 12 0.0178779
82 12 12 12 7 0.017011
82 4 7 9 8 1.60863e-48
82 7 9 8 4 1.78088e-48
82 8 4 7 9 1.44356e-48
82 9 8 4 7 9.98237e-48
82 6 7 13 13 1.42729e-48
82 7 13 13 6 6.19621e-49
82 13 6 7 13 2.17884e-48
82 13 13 6 7 2.42056e-48
82 6 6 12 11 2.61362e-48
82 6 12 11 6 5.60167e-48
82 11 6 6 12 2.31248e-48
82 12 11 6 6 0.0128814
82 4 4 10 11 2.49982e-48
82 4 10 11 4 5.57956e-48
82 10 11 4 4 5.39454e-48
82 11 4 4 10 5.38561e-48
82 7 12 8 9 1.05655e-50
82 8 9 7 12 3.21761e-50
82 9 7 12 8 3.24836e-50
82 12 8 9 7 0.000276657
82 10 12 13 12 8.79998e-49
82 12 10 12 13 0.0191249
82 12 13 12 10 0.017999
82 13 12 10 12 3.43463e-48
82 5 5 8 9 9.49288e-49
82 5 8 9 5 6.04555e-48
82 8 9 5 5 3.82633e-48
82 9 5 5 8 1.43511e-48
82 4 7 12 8 2.01086e-48
82 7 12 8 4 1.46365e-48
82 8 4 7 12 2.62633e-48
82 12 8 4 7 0.0654226
82 8 10 8 12 1.94533e-48
82 8 12 8 10 1.4692e-48
82 10 8 12 8 3.02495e-48
82 12 8 10 8 0.0279419
82 5 12 6 7 2.15846e-48
82 6 7 5 12 3.83268e-48
82 7 5 12 6 1.33394e-48
82 12 6 7 5 0.0222701
82 6 7 7 10 3.03919e-48
82 7 7 10 6 2.57268e-48
82 7 10 6 7 1.86323e-48
82 10 6 7 7 1.64369e-48
82 4 7 12 11 2.7296e-48
82 7 12 11 4 6.04463e-48
82 11 4 7 12 2.68329e-48
82 12 11 4 7 0.040386
82 7 13 9 12 2.49432e-48
82 9 12 7 13 2.65589e-48
82 12 7 13 9 0.00619486
82 13 9 12 7 3.29741e-48
82 4 11 10 7 2.48515e-48
82 7 4 11 10 6.68608e-48
82 10 7 4 11 7.2938e-48
82 11 10 7 4 2.31007e-48
82 6 7 9 8 2.08298e-48
82 7 9 8 6 1.15914e-48
82 8 6 7 9 1.07392e-48
82 9 8 6 7 3.65291e-48
82 11 13 12 12 2.80065e-48
82 12 11 13 12 0.00722768
82 12 12 11 13 0.045937
82 13 12 12 11 2.35251e-48
82 8 11 8 13 1.85211e-48
82 8 13 8 11 1.77788e-48
82 11 8 13 8 1.13033e-48
82 13 8 11 8 9.76184e-48
82 4 8 6 13 4.1345e-48
82 6 13 4 8 6.3866e-48
82 8 6 13 4 1.0023e-48
82 13 4 8 6 1.87359e-48
82 7 9 7 10 2.63369e-50
82 7 10 7 9 1.57531e-50
82 9 7 10 7 5.31191e-50
82 10 7 9 7 3.01495e-50
82 7 10 8 10 1.60018e-48
82 8 10 7 10 2.20142e-48
82 10 7 10 8 3.06013e-48
82 10 8 10 7 4.97107e-48
82 5 9 11 8 6.10262e-48
82 8 5 9 11 1.49021e-48
82 9 11 8 5 3.00362e-48
82 11 8 5 9 2.202e-48
82 4 13 13 12 1.10082e-48
82 12 4 13 13 0.00928839
82 13 12 4 13 7.47564e-48
82 13 13 12 4 3.74959e-48
82 4 10 6 10 1.65882e-48
82 6 10 4 10 5.86979e-48
82 10 4 10 6 2.15611e-48
82 10 6 10 4 2.46438e-48
82 6 11 8 9 1.09259e-48
82 8 9 6 11 2.08546e-48
82 9 6 11 8 4.29401e-48
82 11 8 9 6 2.10906e-48
82 6 10 12 12 3.46524e-48
82 10 12 12 6 1.66839e-48
82 12 6 10 12 0.0229747
82 12 12 6 10 0.0148126
82 4 5 11 9 2.64578e-48
82 5 11 9 4 2.20732e-48
82 9 4 5 11 2.41931e-48
82 11 9 4 5 9.2389e-48
82 8 12 11 11 5.07878e-48
82 11 8 12 11 3.41515e-48
82 11 11 8 12 1.63107e-48
82 12 11 11 8 0.0317441
82 4 10 4 12 5.59345e-48
82 4 12 4 10 4.22442e-48
82 10 4 12 4 2.81271e-48
82 12 4 10 4 0.0259814
82 6 6 13 8 6.23266e-49
82 6 13 8 6 1.41284e-48
82 8 6 6 13 1.89194e-48
82 13 8 6 6 2.85409e-48
82 8 13 11 9 3.69847e-48
82 9 8 13 11 1.37249e-48
82 11 9 8 13 1.62539e-48
82 13 11 9 8 1.38268e-48
82 5 6 6 11 2.42919e-48
82 6 6 11 5 1.26139e-47
82 6 11 5 6 2.13748e-48
82 11 5 6 6 1.45544e-48
82 8 10 11 12 6.31791e-48
82 10 11 12 8 1.46849e-48
82 11 12 8 10 1.18045e-48
82 12 8 10 11 0.0298278
82 8 9 13 12 1.15281e-48
82 9 13 12 8 2.23978e-48
82 12 8 9 13 0.0268999
82 13 12 8 9 1.11265e-48
82 5 13 6 13 3.2848e-48
82 6 13 5 13 3.31923e-48
82 13 5 13 6 6.83279e-49
82 13 6 13 5 1.63983e-48
82 5 12 13 9 5.24444e-49
82 9 5 12 13 2.14804e-48
82 12 13 9 5 0.0225921
82 13 9 5 12 2.8055e-48
82 5 5 9 12 2.16985e-48
82 5 9 12 5 5.31296e-48
82 9 12 5 5 3.81054e-48
82 12 5 5 9 0.00852669
82 5 12 12 12 3.16059e-48
82 12 5 12 12 0.0180589
82 12 12 5 12 0.0180762
82 12 12 12 5 0.029072
82 6 7 12 10 3.36675e-48
82 7 12 10 6 1.7045e-48
82 10 6 7 12 1.91364e-48
82 12 10 6 7 0.0143584
82 8 12 12 9 1.74954e-50
82 9 8 12 12 6.67518e-50
82 12 9 8 12 0.000195834
82 12 12 9 8 0.0001226
82 5 12 8 10 1.57753e-48
82 8 10 5 12 2.36253e-48
82 10 5 12 8 1.35027e-48
82 12 8 10 5 0.0573167
82 5 12 11 13 8.0923e-48
82 11 13 5 12 2.82168e-48
82 12 11 13 5 0.0117116
82 13 5 12 11 2.36791e-48
82 4 10 10 12 2.79878e-48
82 10 10 12 4 2.44253e-48
82 10 12 4 10 4.58304e-48
82 12 4 10 10 0.0222251
82 4 13 5 10 1.90383e-48
82 5 10 4 13 7.08392e-48
82 10 4 13 5 1.57404e-48
82 13 5 10 4 2.92584e-48
82 7 9 12 10 2.4558e-48
82 9 12 10 7 2.96234e-48
82 10 7 9 12 2.95457e-48
82 12 10 7 9 0.0102183
82 7 11 11 11 4.52575e-48
82 11 7 11 11 6.33895e-48
82 11 11 7 11 1.54032e-48
82 11 11 11 7 4.68289e-48
82 7 12 10 12 3.02131e-48
82 10 12 7 12 2.27532e-48
82 12 7 12 10 0.0241819
82 12 10 12 7 0.0182211
82 4 7 8 11 2.64543e-50
82 7 8 11 4 1.59232e-49
82 8 11 4 7 7.74062e-50
82 11 4 7 8 2.47622e-50
82 4 4 4 13 6.34198e-48
82 4 4 13 4 9.8855e-49
82 4 13 4 4 6.0591e-48
82 13 4 4 4 8.36554e-48
82 5 7 11 10 8.87209e-48
82 7 11 10 5 4.14261e-48
82 10 5 7 11 1.49283e-48
82 11 10 5 7 1.87061e-48
82 4 4 8 10 1.5915e-48
82 4 8 10 4 4.81978e-48
82 8 10 4 4 6.39919e-48
82 10 4 4 8 4.77489e-48
82 6 6 10 8 2.15565e-48
82 6 10 8 6 1.38362e-48
82 8 6 6 10 1.74373e-48
82 10 8 6 6 2.52915e-48
82 5 9 6 12 3.02941e-48
82 6 12 5 9 1.38285e-48
82 9 6 12 5 3.72958e-48
82 12 5 9 6 0.00814753
82 4 9 11 7 5.70909e-48
82 7 4 9 11 1.86613e-48
82 9 11 7 4 2.46438e-48
82 11 7 4 9 4.44073e-48
82 7 7 9 13 2.7961e-48
82 7 9 13 7 9.37231e-49
82 9 13 7 7 2.6309e-48
82 13 7 7 9 2.18681e-48
83 5 11 9 12 1.20459e-45
83 9 12 5 11 0.00496701
83 11 9 12 5 0.00614858
83 12 5 11 9 0.0147181
83 4 10 12 9 0.0016225
83 9 4 10 12 0.00365222
83 10 12 9 4 0.00375792
83 12 9 4 10 0.0160004
83 7 11 12 12 0.00223252
83 11 12 12 7 0.00110389
83 12 7 11 12 0.0167121
83 12 12 7 11 0.00375666
83 5 9 7 6 6.02743e-46
83 6 5 9 7 5.91641e-46
83 7 6 5 9 0.000671385
83 9 7 6 5 0.00405214
83 5 11 8 13 2.35948e-46
83 8 13 5 11 0.00201958
83 11 8 13 5 0.00138942
83 13 5 11 8 0.0137515
83 4 13 12 10 0.00719836
83 10 4 13 12 0.00271267
83 12 10 4 13 0.00559794
83 13 12 10 4 0.00146027
83 4 12 10 12 0.00448042
83 10 12 4 12 0.0201275
83 12 4 12 10 0.00636919
83 12 10 12 4 0.00318576
83 7 12 12 12 0.00244157
83 12 7 12 12 0.00664387
83 12 12 7 12 0.0043431
83 12 12 12 7 0.00440273
83 4 7 9 8 0.00569087
83 7 9 8 4 0.00109126
83 8 4 7 9 0.000636163
83 9 8 4 7 0.0136762
83 6 7 13 13 1.39391e-46
83 7 13 13 6 0.000792002
83 13 6 7 13 0.00125116
83 13 13 6 7 0.00207464
83 6 6 12 11 9.24887e-46
83 6 12 11 6 1.76881e-45
83 11 6 6 12 0.00112686
83 12 11 6 6 0.00270258
83 4 4 10 11 0.00420264
83 4 10 11 4 0.00688157
83 10 11 4 4 0.0107678
83 11 4 4 10 0.00347953
83 7 12 8 9 6.73138e-06
83 8 9 7 12 2.74888e-05
83 9 7 12 8 8.00063e-05
83 12 8 9 7 8.79222e-05
83 10 12 13 12 0.0027224
83 12 10 12 13 0.00279611
83 12 13 12 10 0.00912274
83 13 12 10 12 0.00271631
83 5 5 8 9 1.89858e-46
83 5 8 9 5 1.59955e-45
83 8 9 5 5 0.00238031
83 9 5 5 8 0.00389364
83 4 7 12 8 0.00630705
83 7 12 8 4 0.00067257
83 8 4 7 12 0.00141279
83 12 8 4 7 0.0163264
83 8 10 8 12 0.00109463
83 8 12 8 10 0.00118072
83 10 8 12 8 0.024738
83 12 8 10 8 0.013972
83 5 12 6 7 3.44868e-46
83 6 7 5 12 5.81339e-46
83 7 5 12 6 0.00206997
83 12 6 7 5 0.00651228
83 6 7 7 10 9.50794e-46
83 7 7 10 6 0.00242704
83 7 10 6 7 0.00138025
83 10 6 7 7 0.00770244
83 4 7 12 11 0.00533803
83 7 12 11 4 0.0038867
83 11 4 7 12 0.00127732
83 12 11 4 7 0.00948795
83 7 13 9 12 0.00363911
83 9 12 7 13 0.00198681
83 12 7 13 9 0.000937637
83 13 9 12 7 0.00395522
83 4 11 10 7 0.00426191
83 7 4 11 10 0.00924272
83 10 7 4 11 0.0273306
83 11 10 7 4 0.000819702
83 6 7 9 8 9.93311e-46
83 7 9 8 6 0.00142903
83 8 6 7 9 0.000683444
83 9 8 6 7 0.00395444
83 11 13 12 12 0.00218967
83 12 11 13 12 0.00151513
83 12 12 11 13 0.00726257
83 13 12 12 11 0.00253197
83 8 11 8 13 0.000565574
83 8 13 8 11 0.00161829
83 11 8 13 8 0.00118564
83 13 8 11 8 0.021013
83 4 8 6 13 0.00303952
83 6 13 4 8 3.60484e-45
83 8 6 13 4 0.000387363
83 13 4 8 6 0.00130921
83 7 9 7 10 4.98351e-05
83 7 10 7 9 1.2822e-05
83 9 7 10 7 6.30471e-05
83 10 7 9 7 0.00012024
83 7 10 8 10 0.00199432
83 8 10 7 10 0.00226019
83 10 7 10 8 0.0192024
83 10 8 10 7 0.0195908
83 5 9 11 8 4.08405e-45
83 8 5 9 11 0.00188615
83 9 11 8 5 0.00337931
83 11 8 5 9 0.000816656
83 4 13 13 12 0.00214328
83 12 4 13 13 0.000894796
83 13 12 4 13 0.00317605
83 13 13 12 4 0.00257963
83 4 10 6 10 0.00320048
83 6 10 4 10 1.93198e-45
83 10 4 10 6 0.00740711
83 10 6 10 4 0.00607675
83 6 11 8 9 1.74132e-46
83 8 9 6 11 0.00158948
83 9 6 11 8 0.0162627
83 11 8 9 6 0.00176787
83 6 10 12 12 8.51187e-46
83 10 12 12 6 0.00738127
83 12 6 10 12 0.00633928
83 12 12 6 10 0.00385908
83 4 5 11 9 0.0058686
83 5 11 9 4 3.27241e-46
83 9 4 5 11 0.002501
83 11 9 4 5 0.00622047
83 8 12 11 11 0.00475119
83 11 8 12 11 0.00268694
83 11 11 8 12 0.000785785
83 12 11 11 8 0.0185093
83 4 10 4 12 0.00902774
83 4 12 4 10 0.00973774
83 10 4 12 4 0.00519337
83 12 4 10 4 0.00293322
83 6 6 13 8 2.94047e-46
83 6 13 8 6 4.34081e-46
83 8 6 6 13 0.000584376
83 13 8 6 6 0.00221061
83 8 13 11 9 0.00306639
83 9 8 13 11 0.00211162
83 11 9 8 13 0.000571497
83 13 11 9 8 0.00275902
83 5 6 6 11 5.63111e-46
83 6 6 11 5 4.03311e-45
83 6 11 5 6 4.37303e-46
83 11 5 6 6 0.00095538
83 8 10 11 12 0.00497464
83 10 11 12 8 0.0113057
83 11 12 8 10 0.000839493
83 12 8 10 11 0.00929957
83 8 9 13 12 0.000829242
83 9 13 12 8 0.0083153
83 12 8 9 13 0.0045589
83 13 12 8 9 0.000638108
83 5 13 6 13 3.81061e-46
83 6 13 5 13 4.25669e-46
83 13 5 13 6 0.000793385
83 13 6 13 5 0.00140321
83 5 12 13 9 7.7519e-47
83 9 5 12 13 0.00223638
83 12 13 9 5 0.00847499
83 13 9 5 12 0.00231687
83 5 5 9 12 7.29902e-46
83 5 9 12 5 1.52661e-45
83 9 12 5 5 0.00370058
83 12 5 5 9 0.00171025
83 5 12 12 12 6.86018e-46
83 12 5 12 12 0.0061056
83 12 12 5 12 0.00322102
83 12 12 12 5 0.00710156
83 6 7 12 10 1.06686e-45
83 7 12 10 6 0.00178023
83 10 6 7 12 0.00852563
83 12 10 6 7 0.00275491
83 8 12 12 9 9.30085e-06
83 9 8 12 12 9.81675e-05
83 12 9 8 12 5.26023e-05
83 12 12 9 8 6.86829e-05
83 5 12 8 10 4.24052e-46
83 8 10 5 12 0.00117602
83 10 5 12 8 0.013937
83 12 8 10 5 0.0140957
83 5 12 11 13 1.12854e-45
83 11 13 5 12 0.00159758
83 12 11 13 5 0.00243722
83 13 5 12 11 0.0035017
83 4 10 10 12 0.00471655
83 10 10 12 4 0.00568951
83 10 12 4 10 0.0228547
83 12 4 10 10 0.00642451
83 4 13 5 10 0.00488533
83 5 10 4 13 8.09155e-46
83 10 4 13 5 0.00405898
83 13 5 10 4 0.00187858
83 7 9 12 10 0.00470684
83 9 12 10 7 0.00389258
83 10 7 9 12 0.0112026
83 12 10 7 9 0.00215417
83 7 11 11 11 0.00635248
83 11 7 11 11 0.00473996
83 11 11 7 11 0.00112634
83 11 11 11 7 0.00332047
83 7 12 10 12 0.00265445
83 10 12 7 12 0.00836008
83 12 7 12 10 0.00813123
83 12 10 12 7 0.00499549
83 4 7 8 11 4.23496e-05
83 7 8 11 4 0.000111462
83 8 11 4 7 4.79579e-05
83 11 4 7 8 2.3793e-05
83 4 4 4 13 0.00455102
83 4 4 13 4 0.000701342
83 4 13 4 4 0.00742693
83 13 4 4 4 0.00314362
83 5 7 11 10 3.01435e-45
83 7 11 10 5 0.00370294
83 10 5 7 11 0.00948491
83 11 10 5 7 0.000866699
83 4 4 8 10 0.002847
83 4 8 10 4 0.00493226
83 8 10 4 4 0.00230199
83 10 4 4 8 0.0266755
83 6 6 10 8 1.13143e-45
83 6 10 8 6 3.30735e-46
83 8 6 6 10 0.00145269
83 10 8 6 6 0.00852498
83 5 9 6 12 6.13648e-46
83 6 12 5 9 1.90237e-46
83 9 6 12 5 0.00606467
83 12 5 9 6 0.00369356
83 4 9 11 7 0.0157794
83 7 4 9 11 0.00211314
83 9 11 7 4 0.00199029
83 11 7 4 9 0.00167129
83 7 7 9 13 0.00151802
83 7 9 13 7 0.00103815
83 9 13 7 7 0.00502486
83 13 7 7 9 0.00136622
84 5 11 9 12 0.00542269
84 9 12 5 11 0.00367178
84 11 9 12 5 0.00643879
84 12 5 11 9 0.025101
84 4 10 12 9 0.00162047
84 9 4 10 12 0.00264538
84 10 12 9 4 0.00284381
84 12 9 4 10 0.00689602
84 7 11 12 12 0.00233509
84 11 12 12 7 0.00186219
84 12 7 11 12 0.0161738
84 12 12 7 11 0.0027924
84 5 9 7 6 0.00265465
84 6 5 9 7 0.00341653
84 7 6 5 9 0.00100477
84 9 7 6 5 0.00312455
84 5 11 8 13 0.00142897
84 8 13 5 11 0.00242965
84 11 8 13 5 0.00174192
84 13 5 11 8 0.023287
84 4 13 12 10 0.0024955
84 10 4 13 12 0.00110984
84 12 10 4 13 0.0078789
84 13 12 10 4 0.00371918
84 4 12 10 12 0.0031094
84 10 12 4 12 0.0104258
84 12 4 12 10 0.00250592
84 12 10 12 4 0.00520168
84 7 12 12 12 0.00241773
84 12 7 12 12 0.00652884
84 12 12 7 12 0.00400888
84 12 12 12 7 0.00434216
84 4 7 9 8 0.00299542
84 7 9 8 4 0.00150633
84 8 4 7 9 0.000958956
84 9 8 4 7 0.0136877
84 6 7 13 13 0.00072059
84 7 13 13 6 0.000903356
84 13 6 7 13 0.00280058
84 13 13 6 7 0.00391373
84 6 6 12 11 0.00307984
84 6 12 11 6 0.00771657
84 11 6 6 12 0.00214965
84 12 11 6 6 0.00341053
84 4 4 10 11 0.00195264
84 4 10 11 4 0.00816528
84 10 11 4 4 0.00919317
84 11 4 4 10 0.00245296
84 7 12 8 9 8.86004e-06
84 8 9 7 12 3.34971e-05
84 9 7 12 8 5.39051e-05
84 12 8 9 7 8.8936e-05
84 10 12 13 12 0.00133975
84 12 10 12 13 0.0037568
84 12 13 12 10 0.0042861
84 13 12 10 12 0.00443348
84 5 5 8 9 0.0015905
84 5 8 9 5 0.00543918
84 8 9 5 5 0.00237581
84 9 5 5 8 0.00383675
84 4 7 12 8 0.00338493
84 7 12 8 4 0.0010679
84 8 4 7 12 0.00164634
84 12 8 4 7 0.0176395
84 8 10 8 12 0.00178723
84 8 12 8 10 0.000871911
84 10 8 12 8 0.00946833
84 12 8 10 8 0.0101716
84 5 12 6 7 0.00177782
84 6 7 5 12 0.00252469
84 7 5 12 6 0.00346565
84 12 6 7 5 0.00499093
84 6 7 7 10 0.00197196
84 7 7 10 6 0.00303932
84 7 10 6 7 0.00183797
84 10 6 7 7 0.00442862
84 4 7 12 11 0.003117
84 7 12 11 4 0.00591472
84 11 4 7 12 0.00167659
84 12 11 4 7 0.0103538
84 7 13 9 12 0.0035086
84 9 12 7 13 0.00218139
84 12 7 13 9 0.00118622
84 13 9 12 7 0.00588506
84 4 11 10 7 0.00333804
84 7 4 11 10 0.00384205
84 10 7 4 11 0.0121371
84 11 10 7 4 0.00228927
84 6 7 9 8 0.00291679
84 7 9 8 6 0.0014737
84 8 6 7 9 0.00134858
84 9 8 6 7 0.00419473
84 11 13 12 12 0.0034321
84 12 11 13 12 0.00147017
84 12 12 11 13 0.00847743
84 13 12 12 11 0.00326611
84 8 11 8 13 0.00110483
84 8 13 8 11 0.00186341
84 11 8 13 8 0.00144203
84 13 8 11 8 0.0256586
84 4 8 6 13 0.00308649
84 6 13 4 8 0.0105433
84 8 6 13 4 0.000917652
84 13 4 8 6 0.00208856
84 7 9 7 10 2.1996e-05
84 7 10 7 9 1.86182e-05
84 9 7 10 7 6.24822e-05
84 10 7 9 7 6.63288e-05
84 7 10 8 10 0.0011794
84 8 10 7 10 0.00184128
84 10 7 10 8 0.00762361
84 10 8 10 7 0.0110292
84 5 9 11 8 0.0112468
84 8 5 9 11 0.00302826
84 9 11 8 5 0.00239269
84 11 8 5 9 0.00187258
84 4 13 13 12 0.00144232
84 12 4 13 13 0.000877501
84 13 12 4 13 0.00684325
84 13 13 12 4 0.00640133
84 4 10 6 10 0.00140662
84 6 10 4 10 0.00446943
84 10 4 10 6 0.00361708
84 10 6 10 4 0.00519935
84 6 11 8 9 0.000928953
84 8 9 6 11 0.00173175
84 9 6 11 8 0.0110308
84 11 8 9 6 0.00333738
84 6 10 12 12 0.00366635
84 10 12 12 6 0.00425503
84 12 6 10 12 0.0064885
84 12 12 6 10 0.0020277
84 4 5 11 9 0.00738517
84 5 11 9 4 0.00229875
84 9 4 5 11 0.00153704
84 11 9 4 5 0.0068238
84 8 12 11 11 0.00528169
84 11 8 12 11 0.00357262
84 11 11 8 12 0.00134652
84 12 11 11 8 0.0131544
84 4 10 4 12 0.00730163
84 4 12 4 10 0.00356214
84 10 4 12 4 0.00333148
84 12 4 10 4 0.00357894
84 6 6 13 8 0.000895673
84 6 13 8 6 0.00196153
84 8 6 6 13 0.00127083
84 13 8 6 6 0.00479315
84 8 13 11 9 0.005436
84 9 8 13 11 0.00151331
84 11 9 8 13 0.001035
84 13 11 9 8 0.00338859
84 5 6 6 11 0.00238099
84 6 6 11 5 0.0125309
84 6 11 5 6 0.00219666
84 11 5 6 6 0.00283154
84 8 10 11 12 0.00778458
84 10 11 12 8 0.00437053
84 11 12 8 10 0.000698275
84 12 8 10 11 0.0073659
84 8 9 13 12 0.00100568
84 9 13 12 8 0.00522441
84 12 8 9 13 0.00554195
84 13 12 8 9 0.00135865
84 5 13 6 13 0.00234368
84 6 13 5 13 0.00221354
84 13 5 13 6 0.00213851
84 13 6 13 5 0.00185735
84 5 12 13 9 0.000433685
84 9 5 12 13 0.00356108
84 12 13 9 5 0.00581105
84 13 9 5 12 0.00346383
84 5 5 9 12 0.00451158
84 5 9 12 5 0.00440019
84 9 12 5 5 0.00259173
84 12 5 5 9 0.00317955
84 5 12 12 12 0.00298117
84 12 5 12 12 0.00817356
84 12 12 5 12 0.00319192
84 12 12 12 5 0.00500114
84 6 7 12 10 0.00221268
84 7 12 10 6 0.00209404
84 10 6 7 12 0.00458783
84 12 10 6 7 0.0034196
84 8 12 12 9 1.68641e-05
84 9 8 12 12 8.77811e-05
84 12 9 8 12 4.33745e-05
84 12 12 9 8 4.60203e-05
84 5 12 8 10 0.000970827
84 8 10 5 12 0.00200613
84 10 5 12 8 0.0073977
84 12 8 10 5 0.0105776
84 5 12 11 13 0.0062018
84 11 13 5 12 0.00268831
84 12 11 13 5 0.00180429
84 13 5 12 11 0.00655103
84 4 10 10 12 0.00371056
84 10 10 12 4 0.00497655
84 10 12 4 10 0.00606966
84 12 4 10 10 0.00257555
84 4 13 5 10 0.00181825
84 5 10 4 13 0.00536161
84 10 4 13 5 0.00126699
84 13 5 10 4 0.00693908
84 7 9 12 10 0.00207748
84 9 12 10 7 0.00362358
84 10 7 9 12 0.0057838
84 12 10 7 9 0.00291574
84 7 11 11 11 0.00526951
84 11 7 11 11 0.00631861
84 11 11 7 11 0.00151261
84 11 11 11 7 0.00582683
84 7 12 10 12 0.0026783
84 10 12 7 12 0.00413388
84 12 7 12 10 0.00409675
84 12 10 12 7 0.00558494
84 4 7 8 11 2.54102e-05
84 7 8 11 4 0.000177387
84 8 11 4 7 7.94719e-05
84 11 4 7 8 2.31152e-05
84 4 4 4 13 0.00346631
84 4 4 13 4 0.000616747
84 4 13 4 4 0.00820895
84 13 4 4 4 0.00684323
84 5 7 11 10 0.00704156
84 7 11 10 5 0.00301087
84 10 5 7 11 0.00547761
84 11 10 5 7 0.00177933
84 4 4 8 10 0.000849303
84 4 8 10 4 0.00558589
84 8 10 4 4 0.00597906
84 10 4 4 8 0.00850245
84 6 6 10 8 0.00352842
84 6 10 8 6 0.00170654
84 8 6 6 10 0.0012614
84 10 8 6 6 0.00570599
84 5 9 6 12 0.00257393
84 6 12 5 9 0.00100386
84 9 6 12 5 0.00430553
84 12 5 9 6 0.00565337
84 4 9 11 7 0.00983174
84 7 4 9 11 0.00137394
84 9 11 7 4 0.00280496
84 11 7 4 9 0.00380664
84 7 7 9 13 0.00201533
84 7 9 13 7 0.000950352
84 9 13 7 7 0.00455744
84 13 7 7 9 0.00301384
85 5 11 9 12 0.00799525
85 9 12 5 11 0.00315442
85 11 9 12 5 0.0102894
85 12 5 11 9 0.0195751
85 4 10 12 9 0.00172537
85 9 4 10 12 0.00179398
85 10 12 9 4 0.00109608
85 12 9 4 10 0.0110494
85 7 11 12 12 0.0028137
85 11 12 12 7 0.00133845
85 12 7 11 12 0.0163354
85 12 12 7 11 0.00227028
85 5 9 7 6 0.00645766
85 6 5 9 7 0.00303014
85 7 6 5 9 0.00212942
85 9 7 6 5 0.00351767
85 5 11 8 13 0.00276866
85 8 13 5 11 0.00251852
85 11 8 13 5 0.00297285
85 13 5 11 8 0.01026
85 4 13 12 10 0.00294759
85 10 4 13 12 0.000632301
85 12 10 4 13 0.00532642
85 13 12 10 4 0.00177483
85 4 12 10 12 0.00306953
85 10 12 4 12 0.00510247
85 12 4 12 10 0.00220897
85 12 10 12 4 0.00217365
85 7 12 12 12 0.00218219
85 12 7 12 12 0.00634932
85 12 12 7 12 0.00304075
85 12 12 12 7 0.00262358
85 4 7 9 8 0.00380542
85 7 9 8 4 0.00183656
85 8 4 7 9 0.00130316
85 9 8 4 7 0.0119191
85 6 7 13 13 0.0021939
85 7 13 13 6 0.00110664
85 13 6 7 13 0.00328386
85 13 13 6 7 0.00182403
85 6 6 12 11 0.00651928
85 6 12 11 6 0.0132523
85 11 6 6 12 0.00256641
85 12 11 6 6 0.00382641
85 4 4 10 11 0.00188464
85 4 10 11 4 0.0047823
85 10 11 4 4 0.00461469
85 11 4 4 10 0.00251685
85 7 12 8 9 1.20363e-05
85 8 9 7 12 5.8298e-05
85 9 7 12 8 5.14201e-05
85 12 8 9 7 7.81058e-05
85 10 12 13 12 0.000836804
85 12 10 12 13 0.00259557
85 12 13 12 10 0.00375128
85 13 12 10 12 0.00275382
85 5 5 8 9 0.00195449
85 5 8 9 5 0.00988501
85 8 9 5 5 0.00488143
85 9 5 5 8 0.00220051
85 4 7 12 8 0.0042873
85 7 12 8 4 0.000768395
85 8 4 7 12 0.00154242
85 12 8 4 7 0.0151125
85 8 10 8 12 0.00136591
85 8 12 8 10 0.00118397
85 10 8 12 8 0.00662284
85 12 8 10 8 0.0104052
85 5 12 6 7 0.0016992
85 6 7 5 12 0.00547326
85 7 5 12 6 0.00278356
85 12 6 7 5 0.00616105
85 6 7 7 10 0.00569191
85 7 7 10 6 0.00480469
85 7 10 6 7 0.00112185
85 10 6 7 7 0.00298487
85 4 7 12 11 0.00438495
85 7 12 11 4 0.00425956
85 11 4 7 12 0.00137987
85 12 11 4 7 0.00817207
85 7 13 9 12 0.00287667
85 9 12 7 13 0.00213618
85 12 7 13 9 0.00208958
85 13 9 12 7 0.00511629
85 4 11 10 7 0.00380724
85 7 4 11 10 0.00454718
85 10 7 4 11 0.00886881
85 11 10 7 4 0.00123633
85 6 7 9 8 0.00541906
85 7 9 8 6 0.00280669
85 8 6 7 9 0.00287951
85 9 8 6 7 0.00374426
85 11 13 12 12 0.00258146
85 12 11 13 12 0.00171119
85 12 12 11 13 0.00780787
85 13 12 12 11 0.00207547
85 8 11 8 13 0.00183798
85 8 13 8 11 0.00177452
85 11 8 13 8 0.00209151
85 13 8 11 8 0.0220933
85 4 8 6 13 0.0053692
85 6 13 4 8 0.0124241
85 8 6 13 4 0.00119289
85 13 4 8 6 0.00140646
85 7 9 7 10 5.05896e-05
85 7 10 7 9 2.06309e-05
85 9 7 10 7 5.60003e-05
85 10 7 9 7 4.01141e-05
85 7 10 8 10 0.00119117
85 8 10 7 10 0.00203944
85 10 7 10 8 0.00537044
85 10 8 10 7 0.00724849
85 5 9 11 8 0.0210307
85 8 5 9 11 0.00228232
85 9 11 8 5 0.00267089
85 11 8 5 9 0.00369226
85 4 13 13 12 0.00153693
85 12 4 13 13 0.000886418
85 13 12 4 13 0.0050425
85 13 13 12 4 0.00264052
85 4 10 6 10 0.00143353
85 6 10 4 10 0.00649835
85 10 4 10 6 0.00207494
85 10 6 10 4 0.0030001
85 6 11 8 9 0.00257203
85 8 9 6 11 0.0029825
85 9 6 11 8 0.0112437
85 11 8 9 6 0.0048349
85 6 10 12 12 0.00393575
85 10 12 12 6 0.00255409
85 12 6 10 12 0.00680227
85 12 12 6 10 0.00196546
85 4 5 11 9 0.00777259
85 5 11 9 4 0.00260392
85 9 4 5 11 0.00120447
85 11 9 4 5 0.01067
85 8 12 11 11 0.00555852
85 11 8 12 11 0.00460875
85 11 11 8 12 0.00154918
85 12 11 11 8 0.0122883
85 4 10 4 12 0.00524441
85 4 12 4 10 0.00454586
85 10 4 12 4 0.00116771
85 12 4 10 4 0.0018346
85 6 6 13 8 0.00213163
85 6 13 8 6 0.00304824
85 8 6 6 13 0.00219381
85 13 8 6 6 0.00495671
85 8 13 11 9 0.00701132
85 9 8 13 11 0.00208295
85 11 9 8 13 0.00191979
85 13 11 9 8 0.00259604
85 5 6 6 11 0.00403953
85 6 6 11 5 0.0291842
85 6 11 5 6 0.0054774
85 11 5 6 6 0.00209896
85 8 10 11 12 0.00595457
85 10 11 12 8 0.00281636
85 11 12 8 10 0.000832964
85 12 8 10 11 0.00836913
85 8 9 13 12 0.00201181
85 9 13 12 8 0.00324015
85 12 8 9 13 0.00714367
85 13 12 8 9 0.00121233
85 5 13 6 13 0.0029776
85 6 13 5 13 0.00396311
85 13 5 13 6 0.00140886
85 13 6 13 5 0.00223787
85 5 12 13 9 0.000864956
85 9 5 12 13 0.0023801
85 12 13 9 5 0.00418496
85 13 9 5 12 0.00393015
85 5 5 9 12 0.00369461
85 5 9 12 5 0.00932238
85 9 12 5 5 0.00235884
85 12 5 5 9 0.0026967
85 5 12 12 12 0.00328249
85 12 5 12 12 0.00423134
85 12 12 5 12 0.00251703
85 12 12 12 5 0.00396492
85 6 7 12 10 0.00587864
85 7 12 10 6 0.0023765
85 10 6 7 12 0.00357297
85 12 10 6 7 0.00161451
85 8 12 12 9 2.31258e-05
85 9 8 12 12 9.02658e-05
85 12 9 8 12 5.32441e-05
85 12 12 9 8 3.11004e-05
85 5 12 8 10 0.00153537
85 8 10 5 12 0.00166889
85 10 5 12 8 0.00264773
85 12 8 10 5 0.0127323
85 5 12 11 13 0.00900841
85 11 13 5 12 0.00228385
85 12 11 13 5 0.00238476
85 13 5 12 11 0.0030868
85 4 10 10 12 0.0028537
85 10 10 12 4 0.00148982
85 10 12 4 10 0.00411183
85 12 4 10 10 0.0023787
85 4 13 5 10 0.00242574
85 5 10 4 13 0.00571646
85 10 4 13 5 0.000819683
85 13 5 10 4 0.0024554
85 7 9 12 10 0.00439798
85 9 12 10 7 0.0023315
85 10 7 9 12 0.0040418
85 12 10 7 9 0.00249918
85 7 11 11 11 0.00706834
85 11 7 11 11 0.00813721
85 11 11 7 11 0.00195304
85 11 11 11 7 0.00580668
85 7 12 10 12 0.00253276
85 10 12 7 12 0.00224633
85 12 7 12 10 0.00551483
85 12 10 12 7 0.00262894
85 4 7 8 11 3.70928e-05
85 7 8 11 4 0.000185122
85 8 11 4 7 8.49389e-05
85 11 4 7 8 1.83595e-05
85 4 4 4 13 0.00370273
85 4 4 13 4 0.000508536
85 4 13 4 4 0.00526585
85 13 4 4 4 0.0027819
85 5 7 11 10 0.0155257
85 7 11 10 5 0.00431643
85 10 5 7 11 0.00236573
85 11 10 5 7 0.00112536
85 4 4 8 10 0.00104841
85 4 8 10 4 0.0061392
85 8 10 4 4 0.0033105
85 10 4 4 8 0.00366294
85 6 6 10 8 0.00704541
85 6 10 8 6 0.00228131
85 8 6 6 10 0.0023729
85 10 8 6 6 0.00497824
85 5 9 6 12 0.00481669
85 6 12 5 9 0.00226618
85 9 6 12 5 0.00497231
85 12 5 9 6 0.00352293
85 4 9 11 7 0.0141081
85 7 4 9 11 0.00121611
85 9 11 7 4 0.00221796
85 11 7 4 9 0.00625025
85 7 7 9 13 0.00322823
85 7 9 13 7 0.00157079
85 9 13 7 7 0.00275381
85 13 7 7 9 0.0039221
86 5 11 9 12 0.00926568
86 9 12 5 11 0.0024158
86 11 9 12 5 2.09675e-45
86 12 5 11 9 0.0472075
86 4 10 12 9 3.32955e-46
86 9 4 10 12 0.00201593
86 10 12 9 4 0.00044424
86 12 9 4 10 2.04301e-45
86 7 11 12 12 0.00378529
86 11 12 12 7 0.000788229
86 12 7 11 12 0.0299112
86 12 12 7 11 0.000531714
86 5 9 7 6 5.97673e-46
86 6 5 9 7 0.00564575
86 7 6 5 9 3.9513e-46
86 9 7 6 5 0.0219815
86 5 11 8 13 0.00374356
86 8 13 5 11 1.30422e-05
86 11 8 13 5 0.00485628
86 13 5 11 8 0.0329304
86 4 13 12 10 0.0026103
86 10 4 13 12 0.000254071
86 12 10 4 13 2.02464e-45
86 13 12 10 4 0.00115005
86 4 12 10 12 0.000765859
86 10 12 4 12 0.00213781
86 12 4 12 10 0.000967582
86 12 10 12 4 5.35093e-46
86 7 12 12 12 0.00106356
86 12 7 12 12 0.0118929
86 12 12 7 12 0.000782812
86 12 12 12 7 0.00103196
86 4 7 9 8 0.00480615
86 7 9 8 4 4.10307e-46
86 8 4 7 9 2.06784e-06
86 9 8 4 7 0.0420458
86 6 7 13 13 0.00302009
86 7 13 13 6 0.00225697
86 13 6 7 13 6.95681e-46
86 13 13 6 7 0.00599197
86 6 6 12 11 5.27065e-46
86 6 12 11 6 0.00324458
86 11 6 6 12 7.42798e-46
86 12 11 6 6 0.00575424
86 4 4 10 11 0.000466389
86 4 10 11 4 7.29165e-46
86 10 11 4 4 0.00479348
86 11 4 4 10 0.00202023
86 7 12 8 9 8.84836e-06
86 8 9 7 12 2.87087e-50
86 9 7 12 8 0.000203519
86 12 8 9 7 0.000113375
86 10 12 13 12 0.000308412
86 12 10 12 13 8.06087e-46
86 12 13 12 10 0.00524319
86 13 12 10 12 0.00198669
86 5 5 8 9 0.00560104
86 5 8 9 5 0.0113011
86 8 9 5 5 2.92115e-48
86 9 5 5 8 0.00892098
86 4 7 12 8 0.00410767
86 7 12 8 4 0.000456558
86 8 4 7 12 2.20238e-06
86 12 8 4 7 0.0203681
86 8 10 8 12 2.58501e-48
86 8 12 8 10 3.28462e-06
86 10 8 12 8 0.00512382
86 12 8 10 8 0.00926075
86 5 12 6 7 0.000749569
86 6 7 5 12 0.0053374
86 7 5 12 6 0.00904106
86 12 6 7 5 6.11576e-46
86 6 7 7 10 0.00479653
86 7 7 10 6 0.0139336
86 7 10 6 7 5.57724e-46
86 10 6 7 7 2.96151e-46
86 4 7 12 11 0.00473427
86 7 12 11 4 0.00182282
86 11 4 7 12 0.000579855
86 12 11 4 7 0.0108597
86 7 13 9 12 0.00642957
86 9 12 7 13 0.00163102
86 12 7 13 9 0.00468306
86 13 9 12 7 1.38624e-45
86 4 11 10 7 0.00277137
86 7 4 11 10 0.00254998
86 10 7 4 11 0.0170146
86 11 10 7 4 3.15224e-46
86 6 7 9 8 0.00650721
86 7 9 8 6 7.7993e-46
86 8 6 7 9 1.66134e-48
86 9 8 6 7 0.0141412
86 11 13 12 12 0.00500381
86 12 11 13 12 0.00189256
86 12 12 11 13 0.0032186
86 13 12 12 11 0.00128729
86 8 11 8 13 1.47724e-05
86 8 13 8 11 1.4432e-05
86 11 8 13 8 0.00283573
86 13 8 11 8 0.0332787
86 4 8 6 13 0.0052625
86 6 13 4 8 0.00957437
86 8 6 13 4 8.65772e-49
86 13 4 8 6 0.00158522
86 7 9 7 10 6.92381e-48
86 7 10 7 9 5.69289e-48
86 9 7 10 7 0.000307063
86 10 7 9 7 9.62952e-05
86 7 10 8 10 6.26526e-46
86 8 10 7 10 2.12374e-48
86 10 7 10 8 0.00790462
86 10 8 10 7 0.00776896
86 5 9 11 8 1.98765e-45
86 8 5 9 11 3.09108e-05
86 9 11 8 5 0.00948062
86 11 8 5 9 0.00553137
86 4 13 13 12 0.00135737
86 12 4 13 13 0.000438768
86 13 12 4 13 0.00476788
86 13 13 12 4 0.00562518
86 4 10 6 10 3.52168e-46
86 6 10 4 10 1.4177e-45
86 10 4 10 6 0.000915446
86 10 6 10 4 3.86927e-46
86 6 11 8 9 0.00240065
86 8 9 6 11 2.53105e-48
86 9 6 11 8 3.42628e-45
86 11 8 9 6 0.0111064
86 6 10 12 12 6.49806e-46
86 10 12 12 6 0.000976757
86 12 6 10 12 1.06187e-45
86 12 12 6 10 0.00103477
86 4 5 11 9 0.0118763
86 5 11 9 4 0.00271043
86 9 4 5 11 0.00100567
86 11 9 4 5 2.66126e-45
86 8 12 11 11 9.35899e-06
86 11 8 12 11 0.00654003
86 11 11 8 12 0.0032339
86 12 11 11 8 0.00996201
86 4 10 4 12 1.11465e-45
86 4 12 4 10 0.00141632
86 10 4 12 4 0.000391425
86 12 4 10 4 0.000707457
86 6 6 13 8 1.64658e-46
86 6 13 8 6 0.00360487
86 8 6 6 13 2.44474e-48
86 13 8 6 6 0.0138498
86 8 13 11 9 5.01666e-05
86 9 8 13 11 0.00556346
86 11 9 8 13 6.18575e-46
86 13 11 9 8 0.00519913
86 5 6 6 11 6.0801e-46
86 6 6 11 5 2.46607e-45
86 6 11 5 6 0.00327258
86 11 5 6 6 0.010213
86 8 10 11 12 8.11629e-48
86 10 11 12 8 0.00214838
86 11 12 8 10 0.000680079
86 12 8 10 11 0.00839367
86 8 9 13 12 1.54194e-48
86 9 13 12 8 0.008864
86 12 8 9 13 0.0111167
86 13 12 8 9 0.0012467
86 5 13 6 13 0.00489888
86 6 13 5 13 0.00302684
86 13 5 13 6 0.00689194
86 13 6 13 5 6.33396e-46
86 5 12 13 9 0.000329619
86 9 5 12 13 0.0156703
86 12 13 9 5 0.00694704
86 13 9 5 12 8.70718e-46
86 5 5 9 12 0.00925306
86 5 9 12 5 1.08592e-45
86 9 12 5 5 0.00193147
86 12 5 5 9 0.00574959
86 5 12 12 12 0.00104547
86 12 5 12 12 0.00939328
86 12 12 5 12 0.000809547
86 12 12 12 5 0.00143522
86 6 7 12 10 0.00716115
86 7 12 10 6 0.00136926
86 10 6 7 12 3.35401e-46
86 12 10 6 7 6.12876e-46
86 8 12 12 9 4.86551e-08
86 9 8 12 12 0.000246142
86 12 9 8 12 1.01124e-47
86 12 12 9 8 1.23171e-05
86 5 12 8 10 0.000716572
86 8 10 5 12 2.01109e-48
86 10 5 12 8 0.00436483
86 12 8 10 5 0.013653
86 5 12 11 13 0.00317817
86 11 13 5 12 0.00382597
86 12 11 13 5 0.00256547
86 13 5 12 11 0.0114207
86 4 10 10 12 5.24376e-46
86 10 10 12 4 3.37352e-46
86 10 12 4 10 0.00185988
86 12 4 10 10 0.00110254
86 4 13 5 10 0.00185655
86 5 10 4 13 1.85966e-45
86 10 4 13 5 0.000320367
86 13 5 10 4 0.00949092
86 7 9 12 10 8.7011e-46
86 9 12 10 7 0.00253996
86 10 7 9 12 0.0091797
86 12 10 7 9 5.26574e-46
86 7 11 11 11 0.00845672
86 11 7 11 11 0.0202946
86 11 11 7 11 0.00189035
86 11 11 11 7 0.00922727
86 7 12 10 12 0.00130622
86 10 12 7 12 0.000531939
86 12 7 12 10 0.0111521
86 12 10 12 7 7.61565e-46
86 4 7 8 11 5.43569e-05
86 7 8 11 4 0.000221777
86 8 11 4 7 5.74227e-07
86 11 4 7 8 6.22852e-06
86 4 4 4 13 0.0013201
86 4 4 13 4 0.00012642
86 4 13 4 4 0.00474855
86 13 4 4 4 0.00227318
86 5 7 11 10 0.0262671
86 7 11 10 5 0.00597686
86 10 5 7 11 0.00304017
86 11 10 5 7 4.21829e-46
86 4 4 8 10 0.000394922
86 4 8 10 4 0.00385156
86 8 10 4 4 5.07445e-48
86 10 4 4 8 0.00135078
86 6 6 10 8 5.34872e-46
86 6 10 8 6 5.71139e-46
86 8 6 6 10 2.5194e-48
86 10 8 6 6 0.00698411
86 5 9 6 12 7.55879e-46
86 6 12 5 9 0.000487928
86 9 6 12 5 1.86748e-45
86 12 5 9 6 0.0115173
86 4 9 11 7 1.29234e-45
86 7 4 9 11 0.000774937
86 9 11 7 4 0.00370524
86 11 7 4 9 0.0238412
86 7 7 9 13 0.0118288
86 7 9 13 7 3.27577e-46
86 9 13 7 7 0.00682295
86 13 7 7 9 0.0103465
87 5 11 9 12 7.81387e-48
87 9 12 5 11 0.0549831
87 11 9 12 5 6.14553e-48
87 12 5 11 9 2.74569e-47
87 4 10 12 9 3.26892e-48
87 9 4 10 12 0.0526156
87 10 12 9 4 1.84709e-48
87 12 9 4 10 2.39412e-48
87 7 11 12 12 2.91478e-48
87 11 12 12 7 2.39022e-48
87 12 7 11 12 1.774e-47
87 12 12 7 11 1.71853e-48
87 5 9 7 6 2.31996e-48
87 6 5 9 7 6.05377e-48
87 7 6 5 9 2.12959e-48
87 9 7 6 5 0.0900007
87 5 11 8 13 2.65956e-48
87 8 13 5 11 5.14307e-48
87 11 8 13 5 4.24049e-48
87 13 5 11 8 2.84014e-47
87 4 13 12 10 3.24995e-48
87 10 4 13 12 1.99496e-48
87 12 10 4 13 6.90719e-48
87 13 12 10 4 3.16513e-48
87 4 12 10 12 4.17156e-48
87 10 12 4 12 8.45724e-48
87 12 4 12 10 2.21657e-48
87 12 10 12 4 2.7201e-48
87 7 12 12 12 3.57869e-48
87 12 7 12 12 6.879e-48
87 12 12 7 12 2.51166e-48
87 12 12 12 7 2.2268e-48
87 4 7 9 8 7.03418e-48
87 7 9 8 4 1.14158e-48
87 8 4 7 9 3.23905e-48
87 9 8 4 7 0.124245
87 6 7 13 13 3.68254e-48
87 7 13 13 6 2.61417e-48
87 13 6 7 13 2.58156e-48
87 13 13 6 7 4.43883e-48
87 6 6 12 11 3.66152e-48
87 6 12 11 6 1.37431e-47
87 11 6 6 12 3.03539e-48
87 12 11 6 6 2.29368e-48
87 4 4 10 11 3.76438e-48
87 4 10 11 4 8.60838e-48
87 10 11 4 4 4.66395e-48
87 11 4 4 10 5.82167e-48
87 7 12 8 9 2.49719e-50
87 8 9 7 12 2.80419e-50
87 9 7 12 8 0.0011084
87 12 8 9 7 4.44073e-50
87 10 12 13 12 1.64624e-48
87 12 10 12 13 3.0722e-48
87 12 13 12 10 2.8822e-48
87 13 12 10 12 5.08749e-48
87 5 5 8 9 5.18256e-48
87 5 8 9 5 9.0713e-48
87 8 9 5 5 2.8608e-48
87 9 5 5 8 0.067411
87 4 7 12 8 6.86777e-48
87 7 12 8 4 1.51106e-48
87 8 4 7 12 3.76435e-48
87 12 8 4 7 8.1579e-48
87 8 10 8 12 4.05242e-48
87 8 12 8 10 1.69534e-48
87 10 8 12 8 5.99264e-48
87 12 8 10 8 5.89371e-48
87 5 12 6 7 2.63313e-48
87 6 7 5 12 8.67097e-48
87 7 5 12 6 6.43703e-48
87 12 6 7 5 2.77848e-48
87 6 7 7 10 5.38302e-48
87 7 7 10 6 9.43956e-48
87 7 10 6 7 3.13615e-48
87 10 6 7 7 2.18967e-48
87 4 7 12 11 6.24776e-48
87 7 12 11 4 6.75911e-48
87 11 4 7 12 3.84599e-48
87 12 11 4 7 4.80026e-48
87 7 13 9 12 6.6849e-48
87 9 12 7 13 0.0311101
87 12 7 13 9 2.99819e-48
87 13 9 12 7 2.67765e-48
87 4 11 10 7 3.15611e-48
87 7 4 11 10 8.53344e-48
87 10 7 4 11 1.66051e-47
87 11 10 7 4 3.05909e-48
87 6 7 9 8 9.10843e-48
87 7 9 8 6 1.63026e-48
87 8 6 7 9 2.38462e-48
87 9 8 6 7 0.0426386
87 11 13 12 12 5.8624e-48
87 12 11 13 12 1.23547e-48
87 12 12 11 13 6.28077e-48
87 13 12 12 11 3.26128e-48
87 8 11 8 13 2.13234e-48
87 8 13 8 11 4.01703e-48
87 11 8 13 8 3.00832e-48
87 13 8 11 8 2.27109e-47
87 4 8 6 13 4.29622e-48
87 6 13 4 8 1.97523e-47
87 8 6 13 4 1.29568e-48
87 13 4 8 6 4.33377e-48
87 7 9 7 10 1.75427e-50
87 7 10 7 9 4.77588e-50
87 9 7 10 7 0.00121898
87 10 7 9 7 8.33534e-50
87 7 10 8 10 2.5477e-48
87 8 10 7 10 3.2584e-48
87 10 7 10 8 1.11174e-47
87 10 8 10 7 6.62317e-48
87 5 9 11 8 9.20477e-48
87 8 5 9 11 6.1096e-48
87 9 11 8 5 0.0363462
87 11 8 5 9 4.52371e-48
87 4 13 13 12 3.09564e-48
87 12 4 13 13 1.48356e-48
87 13 12 4 13 8.64882e-48
87 13 13 12 4 5.36691e-48
87 4 10 6 10 2.27212e-48
87 6 10 4 10 8.57311e-48
87 10 4 10 6 4.89291e-48
87 10 6 10 4 2.52243e-48
87 6 11 8 9 2.35744e-48
87 8 9 6 11 1.67444e-48
87 9 6 11 8 0.105315
87 11 8 9 6 5.40277e-48
87 6 10 12 12 6.65778e-48
87 10 12 12 6 3.48548e-48
87 12 6 10 12 3.44222e-48
87 12 12 6 10 1.47186e-48
87 4 5 11 9 1.56451e-47
87 5 11 9 4 2.45656e-48
87 9 4 5 11 0.0336701
87 11 9 4 5 6.9821e-48
87 8 12 11 11 8.26832e-48
87 11 8 12 11 4.53422e-48
87 11 11 8 12 2.24808e-48
87 12 11 11 8 7.04613e-48
87 4 10 4 12 1.0689e-47
87 4 12 4 10 4.47179e-48
87 10 4 12 4 2.73489e-48
87 12 4 10 4 2.68974e-48
87 6 6 13 8 1.75032e-48
87 6 13 8 6 4.81071e-48
87 8 6 6 13 2.07442e-48
87 13 8 6 6 5.32662e-48
87 8 13 11 9 1.42326e-47
87 9 8 13 11 0.0244577
87 11 9 8 13 1.2728e-48
87 13 11 9 8 3.34295e-48
87 5 6 6 11 3.17439e-48
87 6 6 11 5 1.83183e-47
87 6 11 5 6 4.01135e-48
87 11 5 6 6 6.55125e-48
87 8 10 11 12 1.42551e-47
87 10 11 12 8 2.77302e-48
87 11 12 8 10 1.36215e-48
87 12 8 10 11 4.21644e-48
87 8 9 13 12 1.33906e-48
87 9 13 12 8 0.0695809
87 12 8 9 13 3.84027e-48
87 13 12 8 9 2.62979e-48
87 5 13 6 13 5.35745e-48
87 6 13 5 13 5.71096e-48
87 13 5 13 6 4.42963e-48
87 13 6 13 5 2.72428e-48
87 5 12 13 9 1.53587e-48
87 9 5 12 13 0.0576594
87 12 13 9 5 5.32573e-48
87 13 9 5 12 2.38692e-48
87 5 5 9 12 8.93576e-48
87 5 9 12 5 4.03683e-48
87 9 12 5 5 0.0458414
87 12 5 5 9 4.22869e-48
87 5 12 12 12 4.40111e-48
87 12 5 12 12 5.81394e-48
87 12 12 5 12 2.47917e-48
87 12 12 12 5 3.56082e-48
87 6 7 12 10 5.91606e-48
87 7 12 10 6 3.78785e-48
87 10 6 7 12 2.71434e-48
87 12 10 6 7 2.41902e-48
87 8 12 12 9 3.81384e-50
87 9 8 12 12 0.000889388
87 12 9 8 12 1.83756e-50
87 12 12 9 8 3.24999e-50
87 5 12 8 10 1.82034e-48
87 8 10 5 12 4.46657e-48
87 10 5 12 8 6.45158e-48
87 12 8 10 5 7.15193e-48
87 5 12 11 13 1.1054e-47
87 11 13 5 12 5.81202e-48
87 12 11 13 5 1.75925e-48
87 13 5 12 11 7.58234e-48
87 4 10 10 12 5.71999e-48
87 10 10 12 4 3.20893e-48
87 10 12 4 10 4.85141e-48
87 12 4 10 10 2.57174e-48
87 4 13 5 10 2.99712e-48
87 5 10 4 13 1.1308e-47
87 10 4 13 5 2.64244e-48
87 13 5 10 4 6.84514e-48
87 7 9 12 10 1.62284e-48
87 9 12 10 7 0.0411729
87 10 7 9 12 8.69726e-48
87 12 10 7 9 3.10077e-48
87 7 11 11 11 6.72617e-48
87 11 7 11 11 1.7039e-47
87 11 11 7 11 1.96487e-48
87 11 11 11 7 6.56575e-48
87 7 12 10 12 4.47528e-48
87 10 12 7 12 3.19363e-48
87 12 7 12 10 4.25319e-48
87 12 10 12 7 3.29099e-48
87 4 7 8 11 6.56518e-50
87 7 8 11 4 1.70525e-49
87 8 11 4 7 9.19193e-50
87 11 4 7 8 5.27229e-50
87 4 4 4 13 7.49258e-48
87 4 4 13 4 1.29132e-48
87 4 13 4 4 8.62603e-48
87 13 4 4 4 8.09044e-48
87 5 7 11 10 1.83084e-47
87 7 11 10 5 4.92262e-48
87 10 5 7 11 4.81835e-48
87 11 10 5 7 3.32152e-48
87 4 4 8 10 1.87535e-48
87 4 8 10 4 4.67532e-48
87 8 10 4 4 8.36193e-48
87 10 4 4 8 1.0032e-47
87 6 6 10 8 4.7933e-48
87 6 10 8 6 4.32425e-48
87 8 6 6 10 1.74934e-48
87 10 8 6 6 4.72019e-48
87 5 9 6 12 2.44323e-48
87 6 12 5 9 2.9663e-48
87 9 6 12 5 0.0460778
87 12 5 9 6 5.03853e-48
87 4 9 11 7 5.44439e-48
87 7 4 9 11 3.38237e-48
87 9 11 7 4 0.021572
87 11 7 4 9 1.58973e-47
87 7 7 9 13 6.87534e-48
87 7 9 13 7 1.02246e-48
87 9 13 7 7 0.052086
87 13 7 7 9 7.93351e-48
88 5 11 9 12 0.0134756
88 9 12 5 11 0.00627289
88 11 9 12 5 0.0300699
88 12 5 11 9 2.33284e-45
88 4 10 12 9 5.61142e-46
88 9 4 10 12 0.0219147
88 10 12 9 4 0.00256245
88 12 9 4 10 1.83973e-45
88 7 11 12 12 0.000119172
88 11 12 12 7 0.00431394
88 12 7 11 12 0.00609932
88 12 12 7 11 0.00160536
88 5 9 7 6 0.00385698
88 6 5 9 7 1.7587e-46
88 7 6 5 9 1.72221e-48
88 9 7 6 5 0.0029112
88 5 11 8 13 0.00451307
88 8 13 5 11 2.05541e-46
88 11 8 13 5 0.00349062
88 13 5 11 8 0.00909886
88 4 13 12 10 3.37941e-46
88 10 4 13 12 0.00240869
88 12 10 4 13 0.011158
88 13 12 10 4 0.00257777
88 4 12 10 12 0.00528786
88 10 12 4 12 0.0125869
88 12 4 12 10 1.51004e-45
88 12 10 12 4 0.00308075
88 7 12 12 12 5.81145e-05
88 12 7 12 12 0.00254674
88 12 12 7 12 0.00339193
88 12 12 12 7 0.00209999
88 4 7 9 8 0.0024812
88 7 9 8 4 2.53082e-05
88 8 4 7 9 1.93846e-88
88 9 8 4 7 0.0104355
88 6 7 13 13 9.3828e-47
88 7 13 13 6 1.69029e-05
88 13 6 7 13 0.00129661
88 13 13 6 7 0.000659699
88 6 6 12 11 3.32937e-46
88 6 12 11 6 7.11352e-45
88 11 6 6 12 0.00581035
88 12 11 6 6 0.0244897
88 4 4 10 11 0.00522845
88 4 10 11 4 0.00661556
88 10 11 4 4 0.014691
88 11 4 4 10 7.58104e-45
88 7 12 8 9 6.41947e-50
88 8 9 7 12 1.08687e-47
88 9 7 12 8 7.32248e-05
88 12 8 9 7 2.72894e-05
88 10 12 13 12 0.00125479
88 12 10 12 13 0.00496888
88 12 13 12 10 4.10188e-46
88 13 12 10 12 0.00492897
88 5 5 8 9 1.25923e-46
88 5 8 9 5 0.00247143
88 8 9 5 5 6.04034e-46
88 9 5 5 8 0.00324879
88 4 7 12 8 0.00218731
88 7 12 8 4 1.87256e-05
88 8 4 7 12 1.29192e-45
88 12 8 4 7 0.00452106
88 8 10 8 12 7.95186e-46
88 8 12 8 10 1.06188e-88
88 10 8 12 8 0.00618603
88 12 8 10 8 0.00708344
88 5 12 6 7 0.000619511
88 6 7 5 12 1.85211e-46
88 7 5 12 6 6.10209e-05
88 12 6 7 5 0.00140725
88 6 7 7 10 2.9026e-89
88 7 7 10 6 5.18183e-05
88 7 10 6 7 1.23469e-05
88 10 6 7 7 0.000515816
88 4 7 12 11 0.00116901
88 7 12 11 4 8.56876e-05
88 11 4 7 12 0.0157459
88 12 11 4 7 0.0113837
88 7 13 9 12 3.97862e-05
88 9 12 7 13 0.00764365
88 12 7 13 9 9.90085e-47
88 13 9 12 7 0.00252269
88 4 11 10 7 0.00449316
88 7 4 11 10 4.14701e-47
88 10 7 4 11 0.00299361
88 11 10 7 4 0.00423573
88 6 7 9 8 4.92847e-46
88 7 9 8 6 0.000101133
88 8 6 7 9 4.99817e-89
88 9 8 6 7 0.00305776
88 11 13 12 12 0.00784914
88 12 11 13 12 0.00336375
88 12 12 11 13 0.0148028
88 13 12 12 11 0.00266327
88 8 11 8 13 1.9843e-45
88 8 13 8 11 2.83115e-46
88 11 8 13 8 0.00431308
88 13 8 11 8 0.0172497
88 4 8 6 13 0.00399708
88 6 13 4 8 1.82136e-45
88 8 6 13 4 1.04832e-46
88 13 4 8 6 0.0173066
88 7 9 7 10 6.62261e-50
88 7 10 7 9 5.50577e-50
88 9 7 10 7 2.50378e-05
88 10 7 9 7 1.07459e-05
88 7 10 8 10 4.86927e-48
88 8 10 7 10 9.1525e-89
88 10 7 10 8 0.00280309
88 10 8 10 7 0.00212567
88 5 9 11 8 0.011136
88 8 5 9 11 3.93962e-46
88 9 11 8 5 0.0179932
88 11 8 5 9 9.66658e-46
88 4 13 13 12 0.000809402
88 12 4 13 13 0.0030507
88 13 12 4 13 0.0122425
88 13 13 12 4 0.00176258
88 4 10 6 10 3.88026e-46
88 6 10 4 10 2.6304e-88
88 10 4 10 6 0.0222939
88 10 6 10 4 0.0014385
88 6 11 8 9 2.22629e-88
88 8 9 6 11 5.993e-46
88 9 6 11 8 0.0204695
88 11 8 9 6 0.0335062
88 6 10 12 12 1.00537e-45
88 10 12 12 6 0.0122168
88 12 6 10 12 0.00331314
88 12 12 6 10 5.3981e-46
88 4 5 11 9 9.71218e-46
88 5 11 9 4 0.00356132
88 9 4 5 11 0.00608491
88 11 9 4 5 0.034122
88 8 12 11 11 1.80146e-45
88 11 8 12 11 0.00746626
88 11 11 8 12 0.0207891
88 12 11 11 8 0.0410088
88 4 10 4 12 0.0105097
88 4 12 4 10 1.40345e-45
88 10 4 12 4 0.00542658
88 12 4 10 4 0.00621381
88 6 6 13 8 1.38574e-46
88 6 13 8 6 8.05486e-46
88 8 6 6 13 3.99585e-46
88 13 8 6 6 0.00742204
88 8 13 11 9 2.5869e-88
88 9 8 13 11 0.00163137
88 11 9 8 13 0.0100395
88 13 11 9 8 0.0129574
88 5 6 6 11 0.000642503
88 6 6 11 5 1.51175e-45
88 6 11 5 6 2.89761e-45
88 11 5 6 6 0.0131953
88 8 10 11 12 2.86154e-45
88 10 11 12 8 0.0122491
88 11 12 8 10 1.01778e-45
88 12 8 10 11 0.00297714
88 8 9 13 12 4.15595e-46
88 9 13 12 8 0.00868641
88 12 8 9 13 0.00635077
88 13 12 8 9 4.91481e-46
88 5 13 6 13 0.00112249
88 6 13 5 13 2.76716e-46
88 13 5 13 6 0.00156156
88 13 6 13 5 0.000617007
88 5 12 13 9 8.47289e-47
88 9 5 12 13 0.00550372
88 12 13 9 5 0.00278954
88 13 9 5 12 0.00259507
88 5 5 9 12 0.001519
88 5 9 12 5 0.00301935
88 9 12 5 5 0.00511118
88 12 5 5 9 1.99152e-46
88 5 12 12 12 0.00272198
88 12 5 12 12 0.00305031
88 12 12 5 12 0.00269801
88 12 12 12 5 0.00508892
88 6 7 12 10 4.99379e-89
88 7 12 10 6 0.000118737
88 10 6 7 12 0.0014334
88 12 10 6 7 0.00123983
88 8 12 12 9 2.25562e-90
88 9 8 12 12 0.000167664
88 12 9 8 12 6.30895e-05
88 12 12 9 8 8.95958e-05
88 5 12 8 10 2.07913e-46
88 8 10 5 12 4.9699e-46
88 10 5 12 8 0.00280906
88 12 8 10 5 0.00493516
88 5 12 11 13 0.00762167
88 11 13 5 12 0.00400578
88 12 11 13 5 0.00323796
88 13 5 12 11 0.00153667
88 4 10 10 12 0.00462088
88 10 10 12 4 0.00256167
88 10 12 4 10 1.46882e-45
88 12 4 10 10 1.43776e-45
88 4 13 5 10 1.60429e-46
88 5 10 4 13 0.00534403
88 10 4 13 5 0.00215678
88 13 5 10 4 0.00138352
88 7 9 12 10 9.59057e-48
88 9 12 10 7 0.00482919
88 10 7 9 12 0.00251355
88 12 10 7 9 4.65368e-46
88 7 11 11 11 0.000176657
88 11 7 11 11 0.00775533
88 11 11 7 11 0.00884411
88 11 11 11 7 0.0277074
88 7 12 10 12 5.96393e-05
88 10 12 7 12 0.00303993
88 12 7 12 10 3.20321e-46
88 12 10 12 7 0.00197793
88 4 7 8 11 1.11515e-05
88 7 8 11 4 1.27194e-06
88 8 11 4 7 3.49713e-47
88 11 4 7 8 0.000254148
88 4 4 4 13 0.0219809
88 4 4 13 4 0.00135861
88 4 13 4 4 0.00370202
88 13 4 4 4 0.0127034
88 5 7 11 10 3.74619e-46
88 7 11 10 5 0.000111652
88 10 5 7 11 0.000787326
88 11 10 5 7 0.00196668
88 4 4 8 10 8.47402e-46
88 4 8 10 4 0.00293118
88 8 10 4 4 1.51754e-45
88 10 4 4 8 0.027847
88 6 6 10 8 6.08821e-46
88 6 10 8 6 1.39439e-45
88 8 6 6 10 5.71031e-89
88 10 8 6 6 0.00830128
88 5 9 6 12 0.00230528
88 6 12 5 9 6.30912e-89
88 9 6 12 5 0.00553689
88 12 5 9 6 0.00688672
88 4 9 11 7 0.00623241
88 7 4 9 11 6.66552e-05
88 9 11 7 4 0.00934455
88 11 7 4 9 1.96178e-45
88 7 7 9 13 2.59946e-05
88 7 9 13 7 6.77762e-06
88 9 13 7 7 0.00157369
88 13 7 7 9 1.82708e-46
89 3 0 1 10 6.8586e-48
89 3 0 2 11 0.100509
89 2 0 2 12 0.027898
89 1 0 2 11 0.0918953
89 3 0 2 4 0.0415981
89 3 0 3 4 0.0483034
89 2 0 1 11 1.94351e-47
89 1 0 3 10 0.0327271
89 3 0 3 5 0.0506403
89 2 0 1 4 8.25556e-48
89 2 0 3 12 0.0327218
89 1 0 2 12 0.0311215
89 1 0 3 4 0.0443308
89 2 0 1 7 7.58377e-48
89 2 0 2 11 0.0421161
89 1 0 3 8 0.0673485
89 3 0 3 13 0.0330171
89 3 0 1 6 8.47344e-48
89 2 0 1 5 8.9736e-48
89 1 0 3 12 0.0368724
89 2 0 2 7 0.0336587
89 1 0 2 9 0.0466698
89 2 0 1 12 6.67369e-48
89 3 0 3 9 0.0594271
89 1 0 3 6 0.0424785
89 1 0 2 4 0.0378019
89 3 0 3 8 0.0733023
89 2 0 2 10 0.0255629
89 1 0 1 4 8.88675e-48
90 3 2 0 0 0.260347
90 1 2 0 0 0.262948
90 2 3 0 0 0.23329
90 1 3 0 0 0.243415
91 10 3 0 1 1.00102e-47
91 11 3 0 2 0.0715391
91 12 2 0 2 0.0616785
91 11 1 0 2 0.0723797
91 4 3 0 2 0.0438907
91 4 3 0 3 0.0517929
91 11 2 0 1 2.1033e-47
91 10 1 0 3 0.0532826
91 5 3 0 3 0.0289269
91 4 2 0 1 1.3244e-47
91 12 2 0 3 0.0735176
91 12 1 0 2 0.050482
91 4 1 0 3 0.0525994
91 7 2 0 1 9.6502e-48
91 11 2 0 2 0.0452123
91 8 1 0 3 0.026614
91 13 3 0 3 0.0299054
91 6 3 0 1 5.61292e-48
91 5 2 0 1 7.66924e-48
91 12 1 0 3 0.0607814
91 7 2 0 2 0.0424857
91 9 1 0 2 0.0356745
91 12 2 0 1 1.48742e-47
91 9 3 0 3 0.0417173
91 6 1 0 3 0.0313884
91 4 1 0 2 0.0441363
91 8 3 0 3 0.0261768
91 10 2 0 2 0.0558186
91 4 1 0 1 1.046e-47
92 10 3 0 1 0.086936
92 11 3 0 2 0.0381707
92 12 2 0 2 0.0299155
92 11 1 0 2 0.0381877
92 4 3 0 2 0.0191424
92 4 3 0 3 0.0276212
92 11 2 0 1 0.0929116
92 10 1 0 3 0.0572735
92 5 3 0 3 0.00951769
92 4 2 0 1 0.0478219
92 12 2 0 3 0.0436016
92 12 1 0 2 0.0285688
92 4 1 0 3 0.0277379
92 7 2 0 1 0.0431899
92 11 2 0 2 0.0204442
92 8 1 0 3 9.95191e-05
92 13 3 0 3 0.0344218
92 6 3 0 1 0.0248511
92 5 2 0 1 0.0170851
92 12 1 0 3 0.0420605
92 7 2 0 2 0.019464
92 9 1 0 2 0.0237293
92 12 2 0 1 0.0704776
92 9 3 0 3 0.0343141
92 6 1 0 3 0.0172004
92 4 1 0 2 0.0190344
92 8 3 0 3 9.89905e-05
92 10 2 0 2 0.0420538
92 4 1 0 1 0.0440689
93 10 3 0 1 0.0481012
93 11 3 0 2 0.0499793
93 12 2 0 2 0.0476113
93 11 1 0 2 0.0484822
93 4 3 0 2 0.0411047
93 4 3 0 3 0.0307048
93 11 2 0 1 0.050345
93 10 1 0 3 0.0407775
93 5 3 0 3 0.0150818
93 4 2 0 1 0.042496
93 12 2 0 3 0.0359241
93 12 1 0 2 0.0415563
93 4 1 0 3 0.0298976
93 7 2 0 1 0.0328451
93 11 2 0 2 0.0283987
93 8 1 0 3 0.00993144
93 13 3 0 3 0.0280532
93 6 3 0 1 0.0229872
93 5 2 0 1 0.021642
93 12 1 0 3 0.0316729
93 7 2 0 2 0.0379457
93 9 1 0 2 0.0289731
93 12 2 0 1 0.0437546
93 9 3 0 3 0.0223693
93 6 1 0 3 0.0204733
93 4 1 0 2 0.0396309
93 8 3 0 3 0.0101883
93 10 2 0 2 0.0632809
93 4 1 0 1 0.0357918
94 10 3 0 1 0.0435861
94 11 3 0 2 0.0622278
94 12 2 0 2 0.0361376
94 11 1 0 2 0.064335
94 4 3 0 2 0.0290157
94 4 3 0 3 0.0237122
94 11 2 0 1 0.0777368
94 10 1 0 3 0.0339509
94 5 3 0 3 0.0172787
94 4 2 0 1 0.037202
94 12 2 0 3 0.0298303
94 12 1 0 2 0.0343981
94 4 1 0 3 0.0246078
94 7 2 0 1 0.0338633
94 11 2 0 2 0.0345553
94 8 1 0 3 0.0149243
94 13 3 0 3 0.0256335
94 6 3 0 1 0.0303797
94 5 2 0 1 0.0281064
94 12 1 0 3 0.028682
94 7 2 0 2 0.0308295
94 9 1 0 2 0.0387671
94 12 2 0 1 0.0421431
94 9 3 0 3 0.0307238
94 6 1 0 3 0.0248613
94 4 1 0 2 0.0298158
94 8 3 0 3 0.0143652
94 10 2 0 2 0.0441602
94 4 1 0 1 0.0341705
95 10 3 0 1 0.042985
95 11 3 0 2 0.0797414
95 12 2 0 2 0.0355246
95 11 1 0 2 0.0550868
95 4 3 0 2 0.0305387
95 4 3 0 3 0.0257653
95 11 2 0 1 0.0869789
95 10 1 0 3 0.0244871
95 5 3 0 3 0.0235578
95 4 2 0 1 0.0341878
95 12 2 0 3 0.0302744
95 12 1 0 2 0.024409
95 4 1 0 3 0.0178664
95 7 2 0 1 0.0326123
95 11 2 0 2 0.0409892
95 8 1 0 3 0.0154346
95 13 3 0 3 0.0332725
95 6 3 0 1 0.037596
95 5 2 0 1 0.0324094
95 12 1 0 3 0.0210122
95 7 2 0 2 0.0314765
95 9 1 0 2 0.0330895
95 12 2 0 1 0.0390777
95 9 3 0 3 0.0405178
95 6 1 0 3 0.0225008
95 4 1 0 2 0.0209683
95 8 3 0 3 0.0222336
95 10 2 0 2 0.042739
95 4 1 0 1 0.0226673
96 10 3 0 1 0.0374436
96 11 3 0 2 0.074622
96 12 2 0 2 0.0227996
96 11 1 0 2 0.0843429
96 4 3 0 2 0.0243535
96 4 3 0 3 0.022426
96 11 2 0 1 0.0585692
96 10 1 0 3 0.0361164
96 5 3 0 3 0.0231691
96 4 2 0 1 0.019618
96 12 2 0 3 0.021207
96 12 1 0 2 0.0375673
96 4 1 0 3 0.0254432
96 7 2 0 1 0.0181023
96 11 2 0 2 0.0261702
96 8 1 0 3 0.0176769
96 13 3 0 3 0.0376998
96 6 3 0 1 0.0451281
96 5 2 0 1 0.0210141
96 12 1 0 3 0.0352971
96 7 2 0 2 0.0165661
96 9 1 0 2 0.0684081
96 12 2 0 1 0.0264511
96 9 3 0 3 0.0558795
96 6 1 0 3 0.045731
96 4 1 0 2 0.0273585
96 8 3 0 3 0.0155634
96 10 2 0 2 0.0240837
96 4 1 0 1 0.0311922
97 10 3 0 1 0.0419603
97 11 3 0 2 0.0348779
97 12 2 0 2 0.0367914
97 11 1 0 2 0.0214642
97 4 3 0 2 0.0249265
97 4 3 0 3 0.0249974
97 11 2 0 1 0.0344226
97 10 1 0 3 0.0226993
97 5 3 0 3 0.0986172
97 4 2 0 1 0.025249
97 12 2 0 3 0.0372683
97 12 1 0 2 0.0277524
97 4 1 0 3 0.0154418
97 7 2 0 1 0.0561559
97 11 2 0 2 0.014548
97 8 1 0 3 0.0138883
97 13 3 0 3 0.0244565
97 6 3 0 1 0.084567
97 5 2 0 1 0.103277
97 12 1 0 3 0.0283969
97 7 2 0 2 0.0486077
97 9 1 0 2 6.0246e-45
97 12 2 0 1 0.0451275
97 9 3 0 3 9.8431e-45
97 6 1 0 3 0.0480631
97 4 1 0 2 0.0152467
97 8 3 0 3 0.0224576
97 10 2 0 2 0.0303611
97 4 1 0 1 0.0183784
98 10 3 0 1 0.0274987
98 11 3 0 2 0.0431639
98 12 2 0 2 0.0247899
98 11 1 0 2 0.0804221
98 4 3 0 2 0.0270955
98 4 3 0 3 0.0202189
98 11 2 0 1 0.0320928
98 10 1 0 3 0.0503775
98 5 3 0 3 0.015523
98 4 2 0 1 0.0206764
98 12 2 0 3 0.0186851
98 12 1 0 2 0.0499907
98 4 1 0 3 0.0378137
98 7 2 0 1 0.0282357
98 11 2 0 2 0.0203894
98 8 1 0 3 0.0461899
98 13 3 0 3 0.0292769
98 6 3 0 1 0.0259116
98 5 2 0 1 0.0164587
98 12 1 0 3 0.0380614
98 7 2 0 2 0.0367403
98 9 1 0 2 0.0651666
98 12 2 0 1 0.0202271
98 9 3 0 3 0.0261676
98 6 1 0 3 0.0498719
98 4 1 0 2 0.0501767
98 8 3 0 3 0.0246702
98 10 2 0 2 0.0338733
98 4 1 0 1 0.0402345
99 2 0 0 3 0.239521
99 2 0 0 1 0.239318
99 3 0 0 2 0.252175
99 3 0 0 1 0.268985
