0 0 1 3 0 0.322523
0 0 2 2 0 0.212537
0 0 3 2 0 0.46494
1 0 2 11 3 0.025957
1 0 3 4 3 0.0500222
1 0 3 12 1 0.0342204
1 0 3 8 2 0.0169624
1 0 3 5 3 0.0842424
1 0 3 4 2 0.0387652
1 0 2 11 1 0.0316299
1 0 2 6 1 0.0563425
1 0 3 10 1 0.0340908
1 0 1 12 2 0.0660792
1 0 3 4 1 0.062891
1 0 1 4 2 0.0599994
1 0 2 9 2 0.0113434
1 0 3 7 3 0.0211034
1 0 1 11 1 0.0823635
1 0 2 11 2 0.0193894
1 0 2 8 3 0.0135379
1 0 3 12 3 0.0272301
1 0 2 10 1 0.0209766
1 0 1 11 3 0.0663662
1 0 3 11 3 0.0418498
1 0 2 9 3 0.0146401
1 0 1 4 3 0.0770565
1 0 1 5 3 0.0429406
2 0 2 11 3 0.0228948
2 0 3 4 3 0.0191153
2 0 3 12 1 0.036997
2 0 3 8 2 0.0227825
2 0 3 5 3 0.139745
2 0 3 4 2 0.0199724
2 0 2 11 1 0.0235268
2 0 2 6 1 0.107251
2 0 3 10 1 0.103761
2 0 1 12 2 0.0683325
2 0 3 4 1 0.0202669
2 0 1 4 2 0.0184939
2 0 2 9 2 0.0411688
2 0 3 7 3 0.0140782
2 0 1 11 1 0.0338213
2 0 2 11 2 0.0230577
2 0 2 8 3 0.0146151
2 0 3 12 3 0.03491
2 0 2 10 1 0.0691889
2 0 1 11 3 0.0323163
2 0 3 11 3 0.0340623
2 0 2 9 3 0.0394097
2 0 1 4 3 0.0176166
2 0 1 5 3 0.0426155
3 0 2 11 3 0.0277706
3 0 3 4 3 0.036392
3 0 3 12 1 0.0316325
3 0 3 8 2 0.037466
3 0 3 5 3 0.112853
3 0 3 4 2 0.0569992
3 0 2 11 1 0.0237759
3 0 2 6 1 0.0348829
3 0 3 10 1 0.0330778
3 0 1 12 2 0.107354
3 0 3 4 1 0.0321468
3 0 1 4 2 0.0539014
3 0 2 9 2 0.0434596
3 0 3 7 3 0.0348742
3 0 1 11 1 0.0367237
3 0 2 11 2 0.0419256
3 0 2 8 3 0.0152395
3 0 3 12 3 0.0358254
3 0 2 10 1 0.0209646
3 0 1 11 3 0.0421165
3 0 3 11 3 0.0434683
3 0 2 9 3 0.0277527
3 0 1 4 3 0.0342515
3 0 1 5 3 0.0351462
4 0 2 11 3 0.0305474
4 0 3 4 3 0.0406625
4 0 3 12 1 0.0379077
4 0 3 8 2 0.0437491
4 0 3 5 3 0.130563
4 0 3 4 2 0.0453923
4 0 2 11 1 0.0364353
4 0 2 6 1 0.0691844
4 0 3 10 1 0.0453592
4 0 1 12 2 0.0505399
4 0 3 4 1 0.0500405
4 0 1 4 2 0.0329616
4 0 2 9 2 0.0302598
4 0 3 7 3 0.0340168
4 0 1 11 1 0.0368662
4 0 2 11 2 0.0328696
4 0 2 8 3 0.0292667
4 0 3 12 3 0.0308169
4 0 2 10 1 0.0336988
4 0 1 11 3 0.0303486
4 0 3 11 3 0.040791
4 0 2 9 3 0.0271118
4 0 1 4 3 0.0293874
4 0 1 5 3 0.0312233
5 0 2 11 3 0.0272851
5 0 3 4 3 0.0329597
5 0 3 12 1 0.0454263
5 0 3 8 2 0.0696699
5 0 3 5 3 0.128515
5 0 3 4 2 0.0350867
5 0 2 11 1 0.0263563
5 0 2 6 1 0.0409735
5 0 3 10 1 0.014597
5 0 1 12 2 0.0942434
5 0 3 4 1 0.0328491
5 0 1 4 2 0.0336702
5 0 2 9 2 0.0287065
5 0 3 7 3 0.0387117
5 0 1 11 1 0.0420344
5 0 2 11 2 0.0279973
5 0 2 8 3 0.0409772
5 0 3 12 3 0.0455992
5 0 2 10 1 0.00909235
5 0 1 11 3 0.042727
5 0 3 11 3 0.0434561
5 0 2 9 3 0.0269714
5 0 1 4 3 0.0314795
5 0 1 5 3 0.0406152
6 0 2 11 3 0.0329025
6 0 3 4 3 0.0208461
6 0 3 12 1 0.02814
6 0 3 8 2 0.000880127
6 0 3 5 3 0.112903
6 0 3 4 2 0.0214206
6 0 2 11 1 0.0332345
6 0 2 6 1 0.0801101
6 0 3 10 1 0.0182917
6 0 1 12 2 0.105207
6 0 3 4 1 0.0217253
6 0 1 4 2 0.0401298
6 0 2 9 2 0.02813
6 0 3 7 3 0.0233076
6 0 1 11 1 0.090207
6 0 2 11 2 0.0325888
6 0 2 8 3 0.000615172
6 0 3 12 3 0.0270129
6 0 2 10 1 0.0130697
6 0 1 11 3 0.0876873
6 0 3 11 3 0.0456828
6 0 2 9 3 0.0273807
6 0 1 4 3 0.0388688
6 0 1 5 3 0.0696582
7 0 2 11 3 0.104265
7 0 3 4 3 0.0160393
7 0 3 12 1 0.0130132
7 0 3 8 2 0.0257428
7 0 3 5 3 0.0351724
7 0 3 4 2 0.0237267
7 0 2 11 1 0.124358
7 0 2 6 1 0.149977
7 0 3 10 1 0.0222883
7 0 1 12 2 2.07754e-47
7 0 3 4 1 0.0197381
7 0 1 4 2 1.55686e-47
7 0 2 9 2 0.0498916
7 0 3 7 3 0.0175575
7 0 1 11 1 1.83897e-47
7 0 2 11 2 0.148669
7 0 2 8 3 0.0803509
7 0 3 12 3 0.0105793
7 0 2 10 1 0.102381
7 0 1 11 3 1.51389e-47
7 0 3 11 3 0.0225182
7 0 2 9 3 0.0337332
7 0 1 4 3 1.04746e-47
7 0 1 5 3 7.60056e-48
8 0 0 1 3 0.206372
8 0 0 2 2 0.241598
8 0 0 3 2 0.552029
9 2 11 3 0 0.0669333
9 3 4 3 0 0.0216625
9 3 12 1 0 0.0106185
9 3 8 2 0 0.0167093
9 3 5 3 0 0.128015
9 3 4 2 0 0.0180587
9 2 11 1 0 0.0455517
9 2 6 1 0 0.208725
9 3 10 1 0 0.0128776
9 1 12 2 0 1.40375e-47
9 3 4 1 0 0.0152108
9 1 4 2 0 9.93477e-48
9 2 9 2 0 0.0825281
9 3 7 3 0 0.0661145
9 1 11 1 0 7.08447e-48
9 2 11 2 0 0.0537837
9 2 8 3 0 0.0737778
9 3 12 3 0 0.0151289
9 2 10 1 0 0.0471558
9 1 11 3 0 1.02212e-47
9 3 11 3 0 0.0181335
9 2 9 3 0 0.0990163
9 1 4 3 0 1.1861e-47
9 1 5 3 0 2.31934e-47
10 4 7 6 10 0.00113489
10 6 10 4 7 4.90805e-06
10 7 6 10 4 3.31937e-06
10 10 4 7 6 0.00216504
10 4 12 12 7 0.000560493
10 7 4 12 12 8.31227e-05
10 12 7 4 12 9.41244e-06
10 12 12 7 4 0.0031988
10 8 12 8 12 5.0641e-05
10 12 8 12 8 5.93577e-05
10 5 10 9 7 0.0275438
10 7 5 10 9 0.00206519
10 9 7 5 10 0.00116086
10 10 9 7 5 0.00271923
10 8 12 9 10 0.00786177
10 9 10 8 12 0.00216942
10 10 8 12 9 0.00108116
10 12 9 10 8 0.00568288
10 4 12 10 8 0.0173418
10 8 4 12 10 0.000501364
10 10 8 4 12 1.60795e-06
10 12 10 8 4 0.00737296
10 6 12 8 12 0.00168401
10 8 12 6 12 0.000378828
10 12 6 12 8 2.66433e-05
10 12 8 12 6 0.0020251
10 4 5 9 6 0.0251133
10 5 9 6 4 0.00135309
10 6 4 5 9 0.0030731
10 9 6 4 5 1.56368e-07
10 4 10 10 12 0.00516504
10 10 10 12 4 0.000889068
10 10 12 4 10 6.5417e-06
10 12 4 10 10 0.00209499
10 4 9 11 7 2.7801e-06
10 7 4 9 11 6.17597e-05
10 9 11 7 4 2.81437e-05
10 11 7 4 9 1.50245e-06
10 4 10 10 6 0.0318468
10 6 4 10 10 0.00141226
10 10 6 4 10 3.86111e-08
10 10 10 6 4 0.000665187
10 4 4 11 5 0.00336175
10 4 11 5 4 0.00362993
10 5 4 4 11 0.000126618
10 11 5 4 4 1.19472e-05
10 4 12 12 12 0.000861952
10 12 4 12 12 0.000351775
10 12 12 4 12 7.71488e-06
10 12 12 12 4 0.00104208
10 4 7 5 5 0.00850431
10 5 4 7 5 0.0214763
10 5 5 4 7 7.63175e-06
10 7 5 5 4 0.000152313
10 5 12 8 7 0.0060229
10 7 5 12 8 0.000551395
10 8 7 5 12 0.000931292
10 12 8 7 5 0.0068137
10 4 8 6 7 0.000277568
10 6 7 4 8 5.7721e-05
10 7 4 8 6 0.00258024
10 8 6 7 4 1.92653e-05
10 4 10 10 9 0.0350027
10 9 4 10 10 0.000839199
10 10 9 4 10 2.41395e-06
10 10 10 9 4 0.0064069
10 9 10 11 12 7.17659e-06
10 10 11 12 9 4.44514e-05
10 11 12 9 10 0.000224851
10 12 9 10 11 7.98016e-05
10 4 11 12 7 0.00111199
10 7 4 11 12 0.000100923
10 11 12 7 4 0.00680574
10 12 7 4 11 8.76582e-05
10 4 10 6 6 0.0071324
10 6 4 10 6 0.00412722
10 6 6 4 10 5.47218e-08
10 10 6 6 4 1.84946e-06
10 4 11 8 7 0.00428022
10 7 4 11 8 0.000701954
10 8 7 4 11 6.83877e-05
10 11 8 7 4 0.00344416
10 7 11 11 8 0.00206527
10 8 7 11 11 0.00561464
10 11 8 7 11 0.0160574
10 11 11 8 7 0.00551156
10 9 9 11 12 0.000141972
10 9 11 12 9 0.00426042
10 11 12 9 9 0.0821943
10 12 9 9 11 0.0195909
10 7 12 7 12 0.000869657
10 12 7 12 7 0.000951191
10 4 6 4 12 6.4079e-10
10 4 12 4 6 6.694e-07
10 6 4 12 4 4.0344e-06
10 12 4 6 4 4.47772e-06
10 7 11 11 11 0.00230735
10 11 7 11 11 0.0127759
10 11 11 7 11 0.0525249
10 11 11 11 7 0.00145059
10 5 11 7 7 0.0105847
10 7 5 11 7 6.95219e-05
10 7 7 5 11 0.00291787
10 11 7 7 5 0.0388203
10 4 7 7 10 0.00684893
10 7 7 10 4 0.00100925
10 7 10 4 7 2.5306e-06
10 10 4 7 7 0.000335856
10 6 10 9 10 0.011424
10 9 10 6 10 0.000704799
10 10 6 10 9 3.33714e-05
10 10 9 10 6 0.00189826
10 5 9 12 11 0.00853153
10 9 12 11 5 0.00220084
10 11 5 9 12 0.00530686
10 12 11 5 9 0.0135716
10 4 10 9 6 0.0885336
10 6 4 10 9 0.00584604
10 9 6 4 10 4.19064e-08
10 10 9 6 4 0.000149015
10 4 12 10 11 0.018678
10 10 11 4 12 5.07061e-06
10 11 4 12 10 0.00109982
10 12 10 11 4 0.00187073
10 4 10 10 10 0.0091044
10 10 4 10 10 0.000832521
10 10 10 4 10 1.16022e-05
10 10 10 10 4 0.00248144
10 8 12 10 11 0.0103089
10 10 11 8 12 0.00154268
10 11 8 12 10 0.000964813
10 12 10 11 8 0.00761392
10 5 12 7 8 0.0514077
10 7 8 5 12 0.000117074
10 8 5 12 7 0.000170307
10 12 7 8 5 0.020611
10 10 11 10 12 0.00106998
10 10 12 10 11 0.00502268
10 11 10 12 10 0.00323432
10 12 10 11 10 0.00184571
10 4 10 11 12 0.00175193
10 10 11 12 4 0.000775453
10 11 12 4 10 2.73092e-05
10 12 4 10 11 0.00863051
10 7 7 12 9 0.00143845
10 7 12 9 7 0.000815257
10 9 7 7 12 0.00110454
10 12 9 7 7 0.000542315
10 6 8 12 11 0.0014589
10 8 12 11 6 0.0026819
10 11 6 8 12 2.21959e-05
10 12 11 6 8 0.00474082
10 4 4 10 11 0.0107667
10 4 10 11 4 0.00264229
10 10 11 4 4 8.65859e-06
10 11 4 4 10 1.39039e-05
10 7 11 10 12 0.000655922
10 10 12 7 11 0.00569493
10 11 10 12 7 0.00123006
10 12 7 11 10 0.00130894
10 7 12 10 12 0.000379945
10 10 12 7 12 0.000702744
10 12 7 12 10 0.00123894
10 12 10 12 7 0.000664411
10 4 12 10 10 0.00490217
10 10 4 12 10 0.000284849
10 10 10 4 12 6.28567e-06
10 12 10 10 4 0.00596319
10 5 6 11 8 0.000124857
10 6 11 8 5 0.0235054
10 8 5 6 11 0.00189856
10 11 8 5 6 0.00676186
10 6 12 9 7 0.00216956
10 7 6 12 9 6.49149e-06
10 9 7 6 12 0.000251134
10 12 9 7 6 0.00479685
10 6 11 7 7 0.00157986
10 7 6 11 7 6.51654e-07
10 7 7 6 11 0.0011888
10 11 7 7 6 0.0290753
10 7 9 9 10 0.000946187
10 9 9 10 7 0.000229176
10 9 10 7 9 0.0126253
10 10 7 9 9 0.0202265
10 4 9 4 12 4.38786e-06
10 4 12 4 9 8.05828e-05
10 9 4 12 4 0.000262573
10 12 4 9 4 0.00472369
10 4 7 12 8 9.9077e-05
10 7 12 8 4 1.28386e-05
10 8 4 7 12 1.14113e-05
10 12 8 4 7 3.43892e-08
11 4 7 6 10 1.07077e-47
11 6 10 4 7 0.0249542
11 7 6 10 4 1.18813e-48
11 10 4 7 6 7.39835e-49
11 4 12 12 7 3.42487e-48
11 7 4 12 12 1.2362e-48
11 12 7 4 12 0.0701937
11 12 12 7 4 2.51444e-48
11 8 12 8 12 1.52953e-49
11 12 8 12 8 9.55225e-50
11 5 10 9 7 2.90258e-47
11 7 5 10 9 2.21055e-48
11 9 7 5 10 7.07324e-48
11 10 9 7 5 1.29633e-48
11 8 12 9 10 5.16418e-48
11 9 10 8 12 6.75572e-48
11 10 8 12 9 2.4735e-48
11 12 9 10 8 2.67876e-48
11 4 12 10 8 3.50978e-48
11 8 4 12 10 4.09329e-48
11 10 8 4 12 0.0238864
11 12 10 8 4 5.79121e-48
11 6 12 8 12 3.7767e-48
11 8 12 6 12 7.15877e-48
11 12 6 12 8 4.86902e-48
11 12 8 12 6 2.85139e-48
11 4 5 9 6 6.32708e-48
11 5 9 6 4 1.54874e-47
11 6 4 5 9 4.86236e-48
11 9 6 4 5 0.0353486
11 4 10 10 12 1.24753e-47
11 10 10 12 4 2.03407e-48
11 10 12 4 10 0.0138642
11 12 4 10 10 4.64635e-48
11 4 9 11 7 4.20298e-50
11 7 4 9 11 7.97121e-51
11 9 11 7 4 3.18617e-50
11 11 7 4 9 0.00121483
11 4 10 10 6 5.73235e-48
11 6 4 10 10 3.33715e-48
11 10 6 4 10 0.0290527
11 10 10 6 4 3.31645e-48
11 4 4 11 5 4.25528e-48
11 4 11 5 4 7.84058e-48
11 5 4 4 11 0.0644607
11 11 5 4 4 0.0609341
11 4 12 12 12 5.25446e-48
11 12 4 12 12 4.48737e-48
11 12 12 4 12 0.0361327
11 12 12 12 4 2.31188e-48
11 4 7 5 5 7.521e-48
11 5 4 7 5 9.13711e-48
11 5 5 4 7 0.117901
11 7 5 5 4 1.25479e-48
11 5 12 8 7 1.28059e-47
11 7 5 12 8 1.08054e-48
11 8 7 5 12 1.25424e-47
11 12 8 7 5 4.26074e-48
11 4 8 6 7 1.15554e-47
11 6 7 4 8 0.0390635
11 7 4 8 6 9.96041e-49
11 8 6 7 4 7.71474e-48
11 4 10 10 9 1.00906e-47
11 9 4 10 10 2.70885e-48
11 10 9 4 10 0.0120194
11 10 10 9 4 2.48938e-48
11 9 10 11 12 6.75711e-50
11 10 11 12 9 3.21887e-50
11 11 12 9 10 9.35051e-50
11 12 9 10 11 2.25687e-50
11 4 11 12 7 6.72382e-48
11 7 4 11 12 1.58064e-48
11 11 12 7 4 4.85972e-48
11 12 7 4 11 0.0334062
11 4 10 6 6 7.17747e-48
11 6 4 10 6 1.62943e-48
11 6 6 4 10 0.0432418
11 10 6 6 4 3.22063e-48
11 4 11 8 7 9.0145e-48
11 7 4 11 8 9.36396e-49
11 8 7 4 11 0.0373967
11 11 8 7 4 7.68887e-48
11 7 11 11 8 1.29157e-48
11 8 7 11 11 4.17211e-48
11 11 8 7 11 4.99003e-48
11 11 11 8 7 1.04535e-47
11 9 9 11 12 3.08953e-48
11 9 11 12 9 4.42587e-48
11 11 12 9 9 9.14637e-48
11 12 9 9 11 2.41395e-48
11 7 12 7 12 2.17098e-48
11 12 7 12 7 9.17482e-48
11 4 6 4 12 0.00107479
11 4 12 4 6 0.000235676
11 6 4 12 4 2.01292e-50
11 12 4 6 4 4.56954e-50
11 7 11 11 11 8.65736e-49
11 11 7 11 11 6.01015e-48
11 11 11 7 11 5.16643e-48
11 11 11 11 7 8.31853e-48
11 5 11 7 7 2.26544e-47
11 7 5 11 7 1.68848e-48
11 7 7 5 11 1.63162e-48
11 11 7 7 5 1.12311e-47
11 4 7 7 10 1.05064e-47
11 7 7 10 4 1.62017e-48
11 7 10 4 7 0.0140789
11 10 4 7 7 1.54369e-48
11 6 10 9 10 5.66385e-48
11 9 10 6 10 6.12498e-48
11 10 6 10 9 3.37949e-48
11 10 9 10 6 7.94262e-49
11 5 9 12 11 6.23778e-48
11 9 12 11 5 1.90424e-48
11 11 5 9 12 1.6157e-47
11 12 11 5 9 9.44845e-48
11 4 10 9 6 6.94316e-48
11 6 4 10 9 3.69649e-48
11 9 6 4 10 0.0452359
11 10 9 6 4 1.71714e-48
11 4 12 10 11 2.26801e-48
11 10 11 4 12 0.0238416
11 11 4 12 10 5.68459e-48
11 12 10 11 4 4.44275e-48
11 4 10 10 10 9.80847e-48
11 10 4 10 10 1.87321e-48
11 10 10 4 10 0.0249948
11 10 10 10 4 2.21292e-48
11 8 12 10 11 1.78065e-48
11 10 11 8 12 3.26e-48
11 11 8 12 10 7.38609e-48
11 12 10 11 8 4.19536e-48
11 5 12 7 8 9.44807e-48
11 7 8 5 12 2.51533e-48
11 8 5 12 7 4.83407e-48
11 12 7 8 5 6.45287e-48
11 10 11 10 12 2.53039e-48
11 10 12 10 11 6.134e-49
11 11 10 12 10 8.0503e-48
11 12 10 11 10 5.32583e-48
11 4 10 11 12 1.14324e-47
11 10 11 12 4 1.72713e-48
11 11 12 4 10 0.0518241
11 12 4 10 11 2.19297e-48
11 7 7 12 9 1.92609e-48
11 7 12 9 7 9.77809e-49
11 9 7 7 12 5.48104e-48
11 12 9 7 7 2.73461e-48
11 6 8 12 11 1.50077e-48
11 8 12 11 6 1.82517e-48
11 11 6 8 12 1.5068e-47
11 12 11 6 8 5.26234e-48
11 4 4 10 11 2.75961e-48
11 4 10 11 4 6.32981e-48
11 10 11 4 4 0.0149456
11 11 4 4 10 0.0556943
11 7 11 10 12 1.78255e-48
11 10 12 7 11 6.32201e-49
11 11 10 12 7 6.8804e-48
11 12 7 11 10 5.91653e-48
11 7 12 10 12 1.04345e-48
11 10 12 7 12 1.5266e-48
11 12 7 12 10 5.31767e-48
11 12 10 12 7 4.09113e-48
11 4 12 10 10 5.19561e-48
11 10 4 12 10 1.64428e-48
11 10 10 4 12 0.030359
11 12 10 10 4 5.24177e-48
11 5 6 11 8 2.42148e-47
11 6 11 8 5 4.8727e-48
11 8 5 6 11 5.98706e-48
11 11 8 5 6 8.43587e-48
11 6 12 9 7 2.37805e-48
11 7 6 12 9 1.93807e-48
11 9 7 6 12 7.66471e-48
11 12 9 7 6 1.79829e-48
11 6 11 7 7 3.57508e-48
11 7 6 11 7 1.7207e-48
11 7 7 6 11 1.48522e-48
11 11 7 7 6 6.71095e-48
11 7 9 9 10 1.18639e-48
11 9 9 10 7 1.85031e-48
11 9 10 7 9 4.7735e-48
11 10 7 9 9 4.00253e-48
11 4 9 4 12 0.0487014
11 4 12 4 9 0.0454382
11 9 4 12 4 1.78961e-48
11 12 4 9 4 3.75673e-48
11 4 7 12 8 8.19128e-50
11 7 12 8 4 1.15661e-50
11 8 4 7 12 7.40069e-50
11 12 8 4 7 0.000504738
12 4 7 6 10 0.00236893
12 6 10 4 7 0.00206785
12 7 6 10 4 0.00249436
12 10 4 7 6 0.003051
12 4 12 12 7 0.00548739
12 7 4 12 12 0.00125329
12 12 7 4 12 0.012796
12 12 12 7 4 0.00746172
12 8 12 8 12 0.000153471
12 12 8 12 8 2.5898e-05
12 5 10 9 7 0.0259675
12 7 5 10 9 0.00225488
12 9 7 5 10 5.01811e-46
12 10 9 7 5 0.00540423
12 8 12 9 10 0.00385185
12 9 10 8 12 0.0044912
12 10 8 12 9 0.00124986
12 12 9 10 8 0.00209337
12 4 12 10 8 0.00262429
12 8 4 12 10 0.00284889
12 10 8 4 12 0.00147705
12 12 10 8 4 0.00467005
12 6 12 8 12 0.00233602
12 8 12 6 12 0.00275569
12 12 6 12 8 0.00195746
12 12 8 12 6 0.00702372
12 4 5 9 6 0.0134795
12 5 9 6 4 0.00562015
12 6 4 5 9 2.73958e-46
12 9 6 4 5 0.0116468
12 4 10 10 12 0.0209828
12 10 10 12 4 0.00167575
12 10 12 4 10 0.000772708
12 12 4 10 10 0.00516498
12 4 9 11 7 6.36077e-05
12 7 4 9 11 3.40453e-06
12 9 11 7 4 6.02947e-05
12 11 7 4 9 0.000159761
12 4 10 10 6 0.0277876
12 6 4 10 10 0.00241858
12 10 6 4 10 0.00142353
12 10 10 6 4 0.000689832
12 4 4 11 5 0.0116514
12 4 11 5 4 6.75373e-46
12 5 4 4 11 0.00325214
12 11 5 4 4 0.00534522
12 4 12 12 12 0.00733197
12 12 4 12 12 0.00552612
12 12 12 4 12 0.0056051
12 12 12 12 4 0.00396992
12 4 7 5 5 2.42138e-45
12 5 4 7 5 0.0395802
12 5 5 4 7 0.0100539
12 7 5 5 4 8.19159e-47
12 5 12 8 7 0.0115415
12 7 5 12 8 0.000235389
12 8 7 5 12 1.79337e-45
12 12 8 7 5 0.0154826
12 4 8 6 7 0.00277143
12 6 7 4 8 0.00147276
12 7 4 8 6 0.00191535
12 8 6 7 4 0.0212867
12 4 10 10 9 0.0149239
12 9 4 10 10 0.00295707
12 10 9 4 10 0.000677704
12 10 10 9 4 0.00187755
12 9 10 11 12 6.37302e-05
12 10 11 12 9 1.78146e-05
12 11 12 9 10 5.41003e-05
12 12 9 10 11 2.55842e-05
12 4 11 12 7 0.0069957
12 7 4 11 12 0.0014962
12 11 12 7 4 0.0118314
12 12 7 4 11 0.00280229
12 4 10 6 6 0.00520035
12 6 4 10 6 0.00636918
12 6 6 4 10 0.00205456
12 10 6 6 4 0.000825344
12 4 11 8 7 0.00617244
12 7 4 11 8 0.000281173
12 8 7 4 11 0.00331781
12 11 8 7 4 0.0110983
12 7 11 11 8 0.000294804
12 8 7 11 11 0.00321158
12 11 8 7 11 0.00278244
12 11 11 8 7 0.00606661
12 9 9 11 12 0.00413122
12 9 11 12 9 0.00357766
12 11 12 9 9 0.00870803
12 12 9 9 11 0.0014831
12 7 12 7 12 0.00445254
12 12 7 12 7 0.0178466
12 4 6 4 12 0.000141881
12 4 12 4 6 0.000101991
12 6 4 12 4 1.92515e-05
12 12 4 6 4 1.69242e-05
12 7 11 11 11 0.000286652
12 11 7 11 11 0.00358876
12 11 11 7 11 0.00315528
12 11 11 11 7 0.00684896
12 5 11 7 7 0.0348161
12 7 5 11 7 0.0012431
12 7 7 5 11 8.3565e-47
12 11 7 7 5 0.0663636
12 4 7 7 10 0.0159098
12 7 7 10 4 0.00454665
12 7 10 4 7 0.00147317
12 10 4 7 7 0.00253624
12 6 10 9 10 0.00185829
12 9 10 6 10 0.00083477
12 10 6 10 9 0.00427735
12 10 9 10 6 0.00379157
12 5 9 12 11 0.00346339
12 9 12 11 5 0.00619215
12 11 5 9 12 0.0101226
12 12 11 5 9 6.20683e-46
12 4 10 9 6 0.018241
12 6 4 10 9 0.00440841
12 9 6 4 10 0.00323735
12 10 9 6 4 0.000506381
12 4 12 10 11 0.00245998
12 10 11 4 12 0.00161475
12 11 4 12 10 0.00306902
12 12 10 11 4 0.00508273
12 4 10 10 10 0.00881573
12 10 4 10 10 0.00140003
12 10 10 4 10 0.000994041
12 10 10 10 4 0.00307958
12 8 12 10 11 0.00211027
12 10 11 8 12 0.00135032
12 11 8 12 10 0.00276752
12 12 10 11 8 0.00127817
12 5 12 7 8 0.00617737
12 7 8 5 12 1.41242e-46
12 8 5 12 7 0.00489691
12 12 7 8 5 0.0176992
12 10 11 10 12 0.00269024
12 10 12 10 11 0.000462131
12 11 10 12 10 0.0036304
12 12 10 11 10 0.00273336
12 4 10 11 12 0.0106282
12 10 11 12 4 0.00129487
12 11 12 4 10 0.00352441
12 12 4 10 11 0.0020992
12 7 7 12 9 0.00236207
12 7 12 9 7 0.00121987
12 9 7 7 12 0.0157577
12 12 9 7 7 0.00791366
12 6 8 12 11 0.00038482
12 8 12 11 6 0.00748805
12 11 6 8 12 0.0103105
12 12 11 6 8 0.000394539
12 4 4 10 11 0.00255698
12 4 10 11 4 0.0070096
12 10 11 4 4 0.00120576
12 11 4 4 10 0.00323562
12 7 11 10 12 0.00232055
12 10 12 7 11 0.000487274
12 11 10 12 7 0.00666715
12 12 7 11 10 0.00500074
12 7 12 10 12 0.00209182
12 10 12 7 12 0.00255701
12 12 7 12 10 0.00481388
12 12 10 12 7 0.00483218
12 4 12 10 10 0.00654421
12 10 4 12 10 0.000727512
12 10 10 4 12 0.00225943
12 12 10 10 4 0.0108496
12 5 6 11 8 0.00751994
12 6 11 8 5 0.00481502
12 8 5 6 11 0.000613664
12 11 8 5 6 1.36049e-45
12 6 12 9 7 0.00234948
12 7 6 12 9 0.00177808
12 9 7 6 12 0.00321937
12 12 9 7 6 0.0130623
12 6 11 7 7 0.00432965
12 7 6 11 7 0.00192469
12 7 7 6 11 0.000240654
12 11 7 7 6 0.0464544
12 7 9 9 10 0.00069685
12 9 9 10 7 0.00513985
12 9 10 7 9 0.00732759
12 10 7 9 9 0.00366999
12 4 9 4 12 0.0073981
12 4 12 4 9 0.00599948
12 9 4 12 4 0.00257802
12 12 4 9 4 0.00504518
12 4 7 12 8 4.26083e-05
12 7 12 8 4 1.07607e-05
12 8 4 7 12 0.000166576
12 12 8 4 7 5.33025e-05
13 4 7 6 10 0.00935604
13 6 10 4 7 0.00438969
13 7 6 10 4 0.00113664
13 10 4 7 6 0.000846894
13 4 12 12 7 0.00466835
13 7 4 12 12 0.000597982
13 12 7 4 12 0.00628409
13 12 12 7 4 0.00405942
13 8 12 8 12 0.000137287
13 12 8 12 8 6.75078e-05
13 5 10 9 7 0.0403404
13 7 5 10 9 0.00322998
13 9 7 5 10 0.00635659
13 10 9 7 5 0.00100695
13 8 12 9 10 0.0136213
13 9 10 8 12 0.00508423
13 10 8 12 9 0.00195872
13 12 9 10 8 0.00147045
13 4 12 10 8 0.00437371
13 8 4 12 10 0.00406723
13 10 8 4 12 0.00231598
13 12 10 8 4 0.00559901
13 6 12 8 12 0.0040355
13 8 12 6 12 0.00472259
13 12 6 12 8 0.00284334
13 12 8 12 6 0.00307383
13 4 5 9 6 0.0176877
13 5 9 6 4 0.00613588
13 6 4 5 9 0.00167946
13 9 6 4 5 0.00353625
13 4 10 10 12 0.0108313
13 10 10 12 4 0.0028984
13 10 12 4 10 0.00379724
13 12 4 10 10 0.00476446
13 4 9 11 7 1.91323e-05
13 7 4 9 11 9.46978e-06
13 9 11 7 4 6.68984e-05
13 11 7 4 9 0.000116441
13 4 10 10 6 0.00860677
13 6 4 10 10 0.00459345
13 10 6 4 10 0.00440128
13 10 10 6 4 0.0029689
13 4 4 11 5 0.00197592
13 4 11 5 4 0.0067757
13 5 4 4 11 0.00675817
13 11 5 4 4 0.0147354
13 4 12 12 12 0.00496331
13 12 4 12 12 0.00209121
13 12 12 4 12 0.00415423
13 12 12 12 4 0.00331045
13 4 7 5 5 0.00398118
13 5 4 7 5 0.00621909
13 5 5 4 7 0.0248381
13 7 5 5 4 0.00131568
13 5 12 8 7 0.0144987
13 7 5 12 8 0.00152551
13 8 7 5 12 0.0056156
13 12 8 7 5 0.00393571
13 4 8 6 7 0.00662395
13 6 7 4 8 0.00532206
13 7 4 8 6 0.000712219
13 8 6 7 4 0.00776805
13 4 10 10 9 0.0088339
13 9 4 10 10 0.00332472
13 10 9 4 10 0.00147089
13 10 10 9 4 0.00471215
13 9 10 11 12 4.44651e-05
13 10 11 12 9 4.1375e-05
13 11 12 9 10 0.000232246
13 12 9 10 11 2.02023e-05
13 4 11 12 7 0.00995844
13 7 4 11 12 0.000571474
13 11 12 7 4 0.00833058
13 12 7 4 11 0.00552906
13 4 10 6 6 0.00581813
13 6 4 10 6 0.00205119
13 6 6 4 10 0.00697989
13 10 6 6 4 0.00201893
13 4 11 8 7 0.0114124
13 7 4 11 8 0.000383819
13 8 7 4 11 0.00697922
13 11 8 7 4 0.00882285
13 7 11 11 8 0.00114947
13 8 7 11 11 0.00471375
13 11 8 7 11 0.00688451
13 11 11 8 7 0.0138535
13 9 9 11 12 0.00115005
13 9 11 12 9 0.00540496
13 11 12 9 9 0.0121142
13 12 9 9 11 0.0024668
13 7 12 7 12 0.00236599
13 12 7 12 7 0.00960042
13 4 6 4 12 6.93292e-05
13 4 12 4 6 4.75296e-05
13 6 4 12 4 1.93621e-05
13 12 4 6 4 2.05715e-05
13 7 11 11 11 0.00125645
13 11 7 11 11 0.00639425
13 11 11 7 11 0.01157
13 11 11 11 7 0.00963938
13 5 11 7 7 0.0367595
13 7 5 11 7 0.00226781
13 7 7 5 11 0.00124326
13 11 7 7 5 0.0128136
13 4 7 7 10 0.0164749
13 7 7 10 4 0.002182
13 7 10 4 7 0.00191509
13 10 4 7 7 0.00147453
13 6 10 9 10 0.0140477
13 9 10 6 10 0.00640619
13 10 6 10 9 0.00257321
13 10 9 10 6 0.000837848
13 5 9 12 11 0.00472957
13 9 12 11 5 0.00208502
13 11 5 9 12 0.0273409
13 12 11 5 9 0.0052788
13 4 10 9 6 0.0119008
13 6 4 10 9 0.00271324
13 9 6 4 10 0.00651079
13 10 9 6 4 0.000869545
13 4 12 10 11 0.00460886
13 10 11 4 12 0.00375226
13 11 4 12 10 0.00531886
13 12 10 11 4 0.00375577
13 4 10 10 10 0.0161028
13 10 4 10 10 0.00241991
13 10 10 4 10 0.00540732
13 10 10 10 4 0.00366929
13 8 12 10 11 0.00402251
13 10 11 8 12 0.00355227
13 11 8 12 10 0.00924429
13 12 10 11 8 0.00261494
13 5 12 7 8 0.0110849
13 7 8 5 12 0.000891218
13 8 5 12 7 0.00943654
13 12 7 8 5 0.00525678
13 10 11 10 12 0.00375354
13 10 12 10 11 0.00154818
13 11 10 12 10 0.0118892
13 12 10 11 10 0.00553666
13 4 10 11 12 0.00637539
13 10 11 12 4 0.00338542
13 11 12 4 10 0.0119629
13 12 4 10 11 0.00219859
13 7 7 12 9 0.00146181
13 7 12 9 7 0.00181185
13 9 7 7 12 0.00536352
13 12 9 7 7 0.00185123
13 6 8 12 11 0.00232168
13 8 12 11 6 0.00247718
13 11 6 8 12 0.00704438
13 12 11 6 8 0.00379255
13 4 4 10 11 0.00280633
13 4 10 11 4 0.00542772
13 10 11 4 4 0.00361682
13 11 4 4 10 0.00643364
13 7 11 10 12 0.00217862
13 10 12 7 11 0.001546
13 11 10 12 7 0.00775456
13 12 7 11 10 0.00606345
13 7 12 10 12 0.00117369
13 10 12 7 12 0.00201929
13 12 7 12 10 0.00729138
13 12 10 12 7 0.00434255
13 4 12 10 10 0.0107988
13 10 4 12 10 0.00182542
13 10 10 4 12 0.00347336
13 12 10 10 4 0.00689898
13 5 6 11 8 0.0104173
13 6 11 8 5 0.00743535
13 8 5 6 11 0.00940693
13 11 8 5 6 0.00528743
13 6 12 9 7 0.00569847
13 7 6 12 9 0.00104485
13 9 7 6 12 0.00417937
13 12 9 7 6 0.00145891
13 6 11 7 7 0.00790032
13 7 6 11 7 0.000992259
13 7 7 6 11 0.00129841
13 11 7 7 6 0.0100745
13 7 9 9 10 0.00128712
13 9 9 10 7 0.00154741
13 9 10 7 9 0.00477791
13 10 7 9 9 0.0048978
13 4 9 4 12 0.00253769
13 4 12 4 9 0.00534314
13 9 4 12 4 0.00153494
13 12 4 9 4 0.00357609
13 4 7 12 8 6.83047e-05
13 7 12 8 4 1.46947e-05
13 8 4 7 12 4.38458e-05
13 12 8 4 7 5.6055e-05
14 4 7 6 10 0.0418316
14 6 10 4 7 7.68505e-46
14 7 6 10 4 0.000298162
14 10 4 7 6 0.00110851
14 4 12 12 7 0.00364303
14 7 4 12 12 0.000396833
14 12 7 4 12 0.0357711
14 12 12 7 4 0.00863933
14 8 12 8 12 0.000658356
14 12 8 12 8 6.26085e-48
14 5 10 9 7 9.13195e-46
14 7 5 10 9 0.00395146
14 9 7 5 10 0.00866016
14 10 9 7 5 3.21507e-46
14 8 12 9 10 0.00250224
14 9 10 8 12 2.32394e-45
14 10 8 12 9 1.37231e-46
14 12 9 10 8 4.41056e-46
14 4 12 10 8 0.00612901
14 8 4 12 10 0.001957
14 10 8 4 12 5.95236e-46
14 12 10 8 4 2.84904e-45
14 6 12 8 12 0.0144808
14 8 12 6 12 0.0131304
14 12 6 12 8 0.000441605
14 12 8 12 6 3.62633e-46
14 4 5 9 6 0.0042151
14 5 9 6 4 3.64467e-45
14 6 4 5 9 0.000824984
14 9 6 4 5 0.00142092
14 4 10 10 12 1.9201e-45
14 10 10 12 4 1.90497e-46
14 10 12 4 10 0.00701176
14 12 4 10 10 0.00453244
14 4 9 11 7 7.4624e-48
14 7 4 9 11 1.43051e-06
14 9 11 7 4 8.0763e-48
14 11 7 4 9 0.00052603
14 4 10 10 6 1.62244e-45
14 6 4 10 10 0.00282636
14 10 6 4 10 0.0015136
14 10 10 6 4 6.29161e-46
14 4 4 11 5 0.00276677
14 4 11 5 4 5.20427e-46
14 5 4 4 11 0.013115
14 11 5 4 4 0.0318064
14 4 12 12 12 0.00486859
14 12 4 12 12 0.00145691
14 12 12 4 12 0.0133656
14 12 12 12 4 0.00286436
14 4 7 5 5 0.00737398
14 5 4 7 5 0.00927949
14 5 5 4 7 0.0551098
14 7 5 5 4 0.00115212
14 5 12 8 7 0.0647361
14 7 5 12 8 0.00103837
14 8 7 5 12 0.0106232
14 12 8 7 5 9.24401e-46
14 4 8 6 7 1.85353e-45
14 6 7 4 8 0.0163801
14 7 4 8 6 0.00279504
14 8 6 7 4 0.00266139
14 4 10 10 9 1.37676e-45
14 9 4 10 10 0.00246418
14 10 9 4 10 5.71637e-46
14 10 10 9 4 8.25744e-47
14 9 10 11 12 8.67927e-48
14 10 11 12 9 1.89781e-48
14 11 12 9 10 4.45552e-05
14 12 9 10 11 6.18875e-48
14 4 11 12 7 5.65815e-46
14 7 4 11 12 0.000900634
14 11 12 7 4 0.0160044
14 12 7 4 11 0.0268706
14 4 10 6 6 2.06927e-45
14 6 4 10 6 0.0016797
14 6 6 4 10 0.00216143
14 10 6 6 4 0.000753499
14 4 11 8 7 3.60602e-45
14 7 4 11 8 0.000505656
14 8 7 4 11 0.0293183
14 11 8 7 4 1.88504e-45
14 7 11 11 8 1.57881e-46
14 8 7 11 11 0.014581
14 11 8 7 11 1.44789e-45
14 11 11 8 7 4.01867e-45
14 9 9 11 12 4.46766e-46
14 9 11 12 9 2.68902e-46
14 11 12 9 9 0.00255717
14 12 9 9 11 1.17896e-46
14 7 12 7 12 0.00553005
14 12 7 12 7 0.0134805
14 4 6 4 12 4.08473e-05
14 4 12 4 6 0.000159891
14 6 4 12 4 7.56735e-06
14 12 4 6 4 4.00795e-05
14 7 11 11 11 1.76252e-46
14 11 7 11 11 0.0206564
14 11 11 7 11 1.59306e-45
14 11 11 11 7 1.19409e-45
14 5 11 7 7 5.28539e-45
14 7 5 11 7 0.00348872
14 7 7 5 11 0.00221275
14 11 7 7 5 0.0432221
14 4 7 7 10 0.056192
14 7 7 10 4 0.00543755
14 7 10 4 7 4.9376e-46
14 10 4 7 7 0.00144392
14 6 10 9 10 2.04201e-46
14 9 10 6 10 1.35649e-45
14 10 6 10 9 0.000515956
14 10 9 10 6 2.29631e-46
14 5 9 12 11 8.57663e-46
14 9 12 11 5 0.00331248
14 11 5 9 12 0.00562517
14 12 11 5 9 4.17968e-46
14 4 10 9 6 3.5e-46
14 6 4 10 9 0.00183692
14 9 6 4 10 0.00242858
14 10 9 6 4 3.66741e-46
14 4 12 10 11 0.00659618
14 10 11 4 12 6.31371e-46
14 11 4 12 10 0.00267273
14 12 10 11 4 8.16113e-46
14 4 10 10 10 2.28084e-45
14 10 4 10 10 0.0016536
14 10 10 4 10 1.05589e-45
14 10 10 10 4 4.1214e-46
14 8 12 10 11 0.00506087
14 10 11 8 12 1.03068e-45
14 11 8 12 10 7.39735e-46
14 12 10 11 8 5.47652e-46
14 5 12 7 8 0.0230019
14 7 8 5 12 1.16782e-46
14 8 5 12 7 0.00554707
14 12 7 8 5 0.0444116
14 10 11 10 12 3.34675e-46
14 10 12 10 11 0.00161866
14 11 10 12 10 9.0466e-46
14 12 10 11 10 1.10832e-45
14 4 10 11 12 1.57054e-45
14 10 11 12 4 1.53196e-46
14 11 12 4 10 0.0277608
14 12 4 10 11 0.00223484
14 7 7 12 9 0.00216067
14 7 12 9 7 0.000365195
14 9 7 7 12 0.0181414
14 12 9 7 7 7.60571e-46
14 6 8 12 11 1.42236e-46
14 8 12 11 6 0.00539433
14 11 6 8 12 0.00657036
14 12 11 6 8 7.42475e-46
14 4 4 10 11 0.0028049
14 4 10 11 4 1.1597e-45
14 10 11 4 4 5.27841e-46
14 11 4 4 10 0.0104264
14 7 11 10 12 2.57594e-46
14 10 12 7 11 0.00232642
14 11 10 12 7 5.875e-46
14 12 7 11 10 0.0203073
14 7 12 10 12 0.001906
14 10 12 7 12 0.00355912
14 12 7 12 10 0.0102828
14 12 10 12 7 3.64457e-46
14 4 12 10 10 0.014464
14 10 4 12 10 0.000729897
14 10 10 4 12 8.48862e-46
14 12 10 10 4 1.07879e-45
14 5 6 11 8 0.00388701
14 6 11 8 5 1.67201e-45
14 8 5 6 11 0.0191338
14 11 8 5 6 6.98211e-46
14 6 12 9 7 0.000779914
14 7 6 12 9 0.000162566
14 9 7 6 12 0.0185307
14 12 9 7 6 8.01172e-46
14 6 11 7 7 7.26269e-46
14 7 6 11 7 0.00033177
14 7 7 6 11 0.00600918
14 11 7 7 6 0.0419837
14 7 9 9 10 5.48383e-47
14 9 9 10 7 3.44141e-46
14 9 10 7 9 8.49199e-46
14 10 7 9 9 0.00145553
14 4 9 4 12 1.68963e-45
14 4 12 4 9 0.0148605
14 9 4 12 4 0.000722617
14 12 4 9 4 0.000576137
14 4 7 12 8 9.90953e-05
14 7 12 8 4 6.73523e-05
14 8 4 7 12 6.4945e-05
14 12 8 4 7 1.5956e-47
15 4 7 6 10 1.88027e-47
15 6 10 4 7 2.86677e-48
15 7 6 10 4 9.83832e-49
15 10 4 7 6 1.87712e-48
15 4 12 12 7 5.83337e-48
15 7 4 12 12 1.38466e-48
15 12 7 4 12 1.29031e-47
15 12 12 7 4 4.11287e-48
15 8 12 8 12 0.00147572
15 12 8 12 8 3.59161e-50
15 5 10 9 7 3.63925e-47
15 7 5 10 9 1.59516e-48
15 9 7 5 10 9.60846e-48
15 10 9 7 5 1.52423e-48
15 8 12 9 10 5.95024e-48
15 9 10 8 12 0.0555147
15 10 8 12 9 6.70215e-49
15 12 9 10 8 4.39369e-48
15 4 12 10 8 4.0822e-48
15 8 4 12 10 5.17061e-48
15 10 8 4 12 7.99153e-49
15 12 10 8 4 0.071706
15 6 12 8 12 0.0377038
15 8 12 6 12 7.44507e-48
15 12 6 12 8 4.55832e-48
15 12 8 12 6 2.8979e-48
15 4 5 9 6 1.60928e-47
15 5 9 6 4 2.78404e-47
15 6 4 5 9 5.00789e-48
15 9 6 4 5 2.68725e-48
15 4 10 10 12 1.42845e-47
15 10 10 12 4 1.85745e-48
15 10 12 4 10 1.71038e-48
15 12 4 10 10 8.52078e-48
15 4 9 11 7 9.38272e-50
15 7 4 9 11 1.70078e-50
15 9 11 7 4 3.7618e-50
15 11 7 4 9 1.86838e-49
15 4 10 10 6 1.47048e-47
15 6 4 10 10 4.36188e-48
15 10 6 4 10 2.68131e-48
15 10 10 6 4 3.02848e-48
15 4 4 11 5 5.68511e-48
15 4 11 5 4 1.19664e-47
15 5 4 4 11 1.83701e-47
15 11 5 4 4 8.33039e-48
15 4 12 12 12 7.37345e-48
15 12 4 12 12 7.42773e-48
15 12 12 4 12 5.88053e-48
15 12 12 12 4 3.78155e-48
15 4 7 5 5 1.03521e-47
15 5 4 7 5 1.10129e-47
15 5 5 4 7 1.57992e-47
15 7 5 5 4 1.12367e-48
15 5 12 8 7 0.18255
15 7 5 12 8 7.40295e-49
15 8 7 5 12 1.4733e-47
15 12 8 7 5 1.67854e-48
15 4 8 6 7 5.91351e-48
15 6 7 4 8 4.24198e-48
15 7 4 8 6 0.0231878
15 8 6 7 4 6.50264e-48
15 4 10 10 9 1.00865e-47
15 9 4 10 10 3.57172e-48
15 10 9 4 10 1.94346e-48
15 10 10 9 4 2.27322e-48
15 9 10 11 12 5.98528e-50
15 10 11 12 9 2.91421e-50
15 11 12 9 10 1.49903e-49
15 12 9 10 11 8.50744e-50
15 4 11 12 7 1.14971e-47
15 7 4 11 12 1.77047e-48
15 11 12 7 4 7.6183e-48
15 12 7 4 11 1.16974e-47
15 4 10 6 6 1.84119e-47
15 6 4 10 6 4.30672e-48
15 6 6 4 10 4.15736e-48
15 10 6 6 4 2.69641e-48
15 4 11 8 7 0.142997
15 7 4 11 8 8.69334e-49
15 8 7 4 11 9.01984e-48
15 11 8 7 4 3.62154e-48
15 7 11 11 8 1.09801e-48
15 8 7 11 11 9.33542e-48
15 11 8 7 11 4.13265e-48
15 11 11 8 7 0.170993
15 9 9 11 12 4.39584e-48
15 9 11 12 9 4.21078e-48
15 11 12 9 9 1.1554e-47
15 12 9 9 11 9.0996e-48
15 7 12 7 12 2.21807e-48
15 12 7 12 7 1.89905e-47
15 4 6 4 12 1.21624e-49
15 4 12 4 6 7.98657e-50
15 6 4 12 4 2.57275e-50
15 12 4 6 4 8.1943e-50
15 7 11 11 11 1.6915e-48
15 11 7 11 11 1.87113e-47
15 11 11 7 11 1.42965e-47
15 11 11 11 7 1.46673e-47
15 5 11 7 7 3.49469e-47
15 7 5 11 7 1.69402e-48
15 7 7 5 11 3.58664e-48
15 11 7 7 5 1.59406e-47
15 4 7 7 10 1.84492e-47
15 7 7 10 4 2.02551e-48
15 7 10 4 7 1.5356e-48
15 10 4 7 7 2.12195e-48
15 6 10 9 10 5.50991e-48
15 9 10 6 10 6.01079e-48
15 10 6 10 9 2.27999e-48
15 10 9 10 6 2.40924e-48
15 5 9 12 11 1.97161e-47
15 9 12 11 5 1.79518e-48
15 11 5 9 12 1.89149e-47
15 12 11 5 9 1.25026e-47
15 4 10 9 6 1.78108e-47
15 6 4 10 9 3.80712e-48
15 9 6 4 10 4.38723e-48
15 10 9 6 4 2.51874e-48
15 4 12 10 11 6.06256e-48
15 10 11 4 12 2.66519e-48
15 11 4 12 10 9.99103e-48
15 12 10 11 4 5.92959e-48
15 4 10 10 10 1.24428e-47
15 10 4 10 10 2.35035e-48
15 10 10 4 10 2.51603e-48
15 10 10 10 4 2.02077e-48
15 8 12 10 11 3.52759e-48
15 10 11 8 12 0.0313643
15 11 8 12 10 3.55774e-48
15 12 10 11 8 4.28389e-48
15 5 12 7 8 9.91378e-48
15 7 8 5 12 7.72146e-49
15 8 5 12 7 4.93681e-48
15 12 7 8 5 0.0886555
15 10 11 10 12 2.62417e-48
15 10 12 10 11 1.20703e-48
15 11 10 12 10 1.05307e-47
15 12 10 11 10 7.26923e-48
15 4 10 11 12 1.30903e-47
15 10 11 12 4 1.94046e-48
15 11 12 4 10 8.95559e-48
15 12 4 10 11 6.91457e-48
15 7 7 12 9 1.94038e-48
15 7 12 9 7 1.21257e-48
15 9 7 7 12 6.72041e-48
15 12 9 7 7 6.56829e-48
15 6 8 12 11 9.24329e-49
15 8 12 11 6 4.25254e-48
15 11 6 8 12 0.151323
15 12 11 6 8 6.61115e-48
15 4 4 10 11 8.08714e-48
15 4 10 11 4 7.85196e-48
15 10 11 4 4 1.81001e-48
15 11 4 4 10 1.05514e-47
15 7 11 10 12 1.82836e-48
15 10 12 7 11 1.24403e-48
15 11 10 12 7 9.86026e-48
15 12 7 11 10 1.11783e-47
15 7 12 10 12 1.06608e-48
15 10 12 7 12 1.577e-48
15 12 7 12 10 1.00469e-47
15 12 10 12 7 6.1175e-48
15 4 12 10 10 8.07759e-48
15 10 4 12 10 2.0631e-48
15 10 10 4 12 2.75836e-48
15 12 10 10 4 6.99602e-48
15 5 6 11 8 1.90082e-47
15 6 11 8 5 0.0424105
15 8 5 6 11 9.59585e-48
15 11 8 5 6 8.21676e-48
15 6 12 9 7 3.10609e-48
15 7 6 12 9 1.29319e-48
15 9 7 6 12 9.39786e-48
15 12 9 7 6 7.97259e-48
15 6 11 7 7 4.68788e-48
15 7 6 11 7 1.59633e-48
15 7 7 6 11 3.26481e-48
15 11 7 7 6 2.45725e-47
15 7 9 9 10 1.76014e-48
15 9 9 10 7 3.19542e-48
15 9 10 7 9 3.69124e-48
15 10 7 9 9 4.07691e-48
15 4 9 4 12 9.65536e-48
15 4 12 4 9 6.00016e-48
15 9 4 12 4 2.3074e-48
15 12 4 9 4 6.73674e-48
15 4 7 12 8 1.07608e-49
15 7 12 8 4 0.000118766
15 8 4 7 12 8.43798e-50
15 12 8 4 7 2.9957e-50
16 4 7 6 10 0.000139027
16 6 10 4 7 0.000821791
16 7 6 10 4 0.00011943
16 10 4 7 6 0.0170982
16 4 12 12 7 0.000326456
16 7 4 12 12 0.000581961
16 12 7 4 12 0.000322483
16 12 12 7 4 0.000378301
16 8 12 8 12 0.000249139
16 12 8 12 8 2.52852e-48
16 5 10 9 7 0.000926794
16 7 5 10 9 9.97013e-46
16 9 7 5 10 4.27334e-46
16 10 9 7 5 1.30667e-45
16 8 12 9 10 0.00535038
16 9 10 8 12 0.00656241
16 10 8 12 9 3.57021e-46
16 12 9 10 8 3.23768e-46
16 4 12 10 8 5.69004e-46
16 8 4 12 10 0.0040195
16 10 8 4 12 0.00389444
16 12 10 8 4 5.21249e-05
16 6 12 8 12 0.0138364
16 8 12 6 12 0.00449688
16 12 6 12 8 7.1955e-47
16 12 8 12 6 0.00131878
16 4 5 9 6 0.0156245
16 5 9 6 4 0.000291684
16 6 4 5 9 3.86004e-88
16 9 6 4 5 9.20682e-46
16 4 10 10 12 0.00356328
16 10 10 12 4 0.000108825
16 10 12 4 10 0.00155589
16 12 4 10 10 0.00278042
16 4 9 11 7 8.1317e-06
16 7 4 9 11 1.46254e-05
16 9 11 7 4 9.03218e-05
16 11 7 4 9 4.01197e-48
16 4 10 10 6 0.00412132
16 6 4 10 10 0.0287607
16 10 6 4 10 0.00155184
16 10 10 6 4 8.07654e-05
16 4 4 11 5 4.04e-46
16 4 11 5 4 7.43682e-47
16 5 4 4 11 0.0089597
16 11 5 4 4 0.00395266
16 4 12 12 12 0.00151537
16 12 4 12 12 0.0011727
16 12 12 4 12 0.000984891
16 12 12 12 4 6.94596e-05
16 4 7 5 5 9.18973e-90
16 5 4 7 5 2.20257e-45
16 5 5 4 7 0.00389881
16 7 5 5 4 3.40177e-47
16 5 12 8 7 0.00148629
16 7 5 12 8 1.60699e-46
16 8 7 5 12 5.49573e-46
16 12 8 7 5 5.23124e-46
16 4 8 6 7 0.000427438
16 6 7 4 8 3.72354e-46
16 7 4 8 6 0.00139311
16 8 6 7 4 0.00353745
16 4 10 10 9 3.22702e-46
16 9 4 10 10 0.024388
16 10 9 4 10 0.00134564
16 10 10 9 4 0.00017039
16 9 10 11 12 0.000113145
16 10 11 12 9 6.82498e-48
16 11 12 9 10 9.7134e-05
16 12 9 10 11 5.76825e-05
16 4 11 12 7 0.000802661
16 7 4 11 12 0.00151397
16 11 12 7 4 0.00469412
16 12 7 4 11 0.000467546
16 4 10 6 6 0.00060196
16 6 4 10 6 0.0602363
16 6 6 4 10 0.00474138
16 10 6 6 4 0.000147081
16 4 11 8 7 0.00127015
16 7 4 11 8 1.2921e-46
16 8 7 4 11 0.0033514
16 11 8 7 4 0.00633178
16 7 11 11 8 1.84071e-46
16 8 7 11 11 0.00601493
16 11 8 7 11 0.0898008
16 11 11 8 7 0.00706679
16 9 9 11 12 0.0203338
16 9 11 12 9 2.01235e-45
16 11 12 9 9 1.81285e-45
16 12 9 9 11 0.00202284
16 7 12 7 12 0.00422071
16 12 7 12 7 0.000110154
16 4 6 4 12 1.86591e-05
16 4 12 4 6 2.16376e-05
16 6 4 12 4 1.05615e-05
16 12 4 6 4 7.57757e-07
16 7 11 11 11 0.0026091
16 11 7 11 11 0.00868785
16 11 11 7 11 0.136579
16 11 11 11 7 0.00969372
16 5 11 7 7 0.0139706
16 7 5 11 7 0.00117215
16 7 7 5 11 6.12729e-47
16 11 7 7 5 1.75021e-45
16 4 7 7 10 0.00150073
16 7 7 10 4 5.76704e-05
16 7 10 4 7 5.79923e-05
16 10 4 7 7 0.00468448
16 6 10 9 10 0.00334996
16 9 10 6 10 0.00134647
16 10 6 10 9 1.06264e-45
16 10 9 10 6 0.011768
16 5 9 12 11 0.00564015
16 9 12 11 5 1.67634e-45
16 11 5 9 12 0.0760511
16 12 11 5 9 5.37911e-89
16 4 10 9 6 0.00163665
16 6 4 10 9 6.07843e-45
16 9 6 4 10 0.00518143
16 10 9 6 4 0.000164365
16 4 12 10 11 0.00777533
16 10 11 4 12 0.00571012
16 11 4 12 10 0.00559694
16 12 10 11 4 6.89304e-05
16 4 10 10 10 0.00164402
16 10 4 10 10 0.0078645
16 10 10 4 10 0.000711942
16 10 10 10 4 0.000461981
16 8 12 10 11 0.0292112
16 10 11 8 12 0.0072866
16 11 8 12 10 0.00511306
16 12 10 11 8 6.72672e-47
16 5 12 7 8 2.02782e-45
16 7 8 5 12 1.56839e-46
16 8 5 12 7 0.00586283
16 12 7 8 5 3.69181e-47
16 10 11 10 12 0.0186979
16 10 12 10 11 0.0110256
16 11 10 12 10 0.0016591
16 12 10 11 10 0.000347839
16 4 10 11 12 0.00170263
16 10 11 12 4 0.000455945
16 11 12 4 10 0.00532201
16 12 4 10 11 0.00681258
16 7 7 12 9 1.41118e-47
16 7 12 9 7 0.000160522
16 9 7 7 12 0.0150002
16 12 9 7 7 0.000973127
16 6 8 12 11 0.0120987
16 8 12 11 6 0.0128996
16 11 6 8 12 0.011713
16 12 11 6 8 9.31414e-47
16 4 4 10 11 0.0114717
16 4 10 11 4 0.000131416
16 10 11 4 4 0.000498997
16 11 4 4 10 0.00693521
16 7 11 10 12 0.003382
16 10 12 7 11 0.0145831
16 11 10 12 7 0.000798649
16 12 7 11 10 0.000256605
16 7 12 10 12 0.00158076
16 10 12 7 12 0.0115593
16 12 7 12 10 0.000113355
16 12 10 12 7 7.39669e-05
16 4 12 10 10 0.00343107
16 10 4 12 10 0.00176915
16 10 10 4 12 0.00147358
16 12 10 10 4 0.000155974
16 5 6 11 8 1.00507e-45
16 6 11 8 5 2.9833e-45
16 8 5 6 11 0.0304645
16 11 8 5 6 4.7188e-45
16 6 12 9 7 0.00312117
16 7 6 12 9 4.0099e-47
16 9 7 6 12 0.00190671
16 12 9 7 6 0.00487361
16 6 11 7 7 0.0230016
16 7 6 11 7 0.000213823
16 7 7 6 11 0.000134768
16 11 7 7 6 0.0197278
16 7 9 9 10 0.000344977
16 9 9 10 7 0.00771929
16 9 10 7 9 2.20267e-45
16 10 7 9 9 1.46119e-46
16 4 9 4 12 0.00177212
16 4 12 4 9 1.85564e-46
16 9 4 12 4 0.000980892
16 12 4 9 4 0.000175094
16 4 7 12 8 5.73605e-49
16 7 12 8 4 7.38854e-07
16 8 4 7 12 0.000620144
16 12 8 4 7 3.87672e-06
17 3 0 2 11 0.0418911
17 3 0 3 4 0.0454696
17 1 0 3 12 0.0356609
17 2 0 3 8 0.053036
17 3 0 3 5 0.103894
17 2 0 3 4 0.0352371
17 1 0 2 11 0.0349795
17 1 0 2 6 0.0272258
17 1 0 3 10 0.0167181
17 2 0 1 12 0.0628841
17 1 0 3 4 0.0391736
17 2 0 1 4 0.0341288
17 2 0 2 9 0.0250212
17 3 0 3 7 0.0577891
17 1 0 1 11 0.0365813
17 2 0 2 11 0.0312919
17 3 0 2 8 0.0659542
17 3 0 3 12 0.0414103
17 1 0 2 10 0.0160285
17 3 0 1 11 0.0430154
17 3 0 3 11 0.0433465
17 3 0 2 9 0.0322931
17 3 0 1 4 0.0438312
17 3 0 1 5 0.0331392
18 2 11 3 0 2.39685e-45
18 3 4 3 0 0.0582817
18 3 12 1 0 0.00880336
18 3 8 2 0 0.0502342
18 3 5 3 0 0.179911
18 3 4 2 0 0.0637142
18 2 11 1 0 2.29153e-45
18 2 6 1 0 5.39866e-45
18 3 10 1 0 0.0447379
18 1 12 2 0 0.0334639
18 3 4 1 0 0.0574907
18 1 4 2 0 0.10797
18 2 9 2 0 0.0621367
18 3 7 3 0 0.0166779
18 1 11 1 0 7.01616e-45
18 2 11 2 0 2.52567e-45
18 2 8 3 0 0.0264645
18 3 12 3 0 0.00892838
18 2 10 1 0 0.025633
18 1 11 3 0 7.20563e-45
18 3 11 3 0 4.15007e-45
18 2 9 3 0 0.0568494
18 1 4 3 0 0.0982974
18 1 5 3 0 0.100406
19 4 7 6 10 6.55504e-49
19 6 10 4 7 9.00431e-49
19 7 6 10 4 0.209767
19 10 4 7 6 2.33383e-48
19 4 12 12 7 7.70301e-49
19 7 4 12 12 9.29013e-48
19 12 7 4 12 2.89445e-48
19 12 12 7 4 3.88293e-48
19 8 12 8 12 6.34531e-50
19 12 8 12 8 8.26216e-50
19 5 10 9 7 1.86646e-48
19 7 5 10 9 9.91331e-48
19 9 7 5 10 1.69525e-48
19 10 9 7 5 3.76123e-47
19 8 12 9 10 1.17605e-48
19 9 10 8 12 5.81426e-48
19 10 8 12 9 4.18447e-48
19 12 9 10 8 5.16721e-48
19 4 12 10 8 4.59816e-48
19 8 4 12 10 7.78042e-49
19 10 8 4 12 8.45767e-48
19 12 10 8 4 3.49096e-48
19 6 12 8 12 4.90172e-48
19 8 12 6 12 2.26857e-48
19 12 6 12 8 0.0358745
19 12 8 12 6 1.67578e-48
19 4 5 9 6 3.81118e-48
19 5 9 6 4 7.28735e-48
19 6 4 5 9 2.31538e-48
19 9 6 4 5 0.280305
19 4 10 10 12 7.65521e-48
19 10 10 12 4 1.16426e-47
19 10 12 4 10 1.82721e-48
19 12 4 10 10 1.349e-48
19 4 9 11 7 6.98946e-51
19 7 4 9 11 2.19349e-49
19 9 11 7 4 9.65478e-50
19 11 7 4 9 2.18851e-50
19 4 10 10 6 3.07934e-48
19 6 4 10 10 2.65656e-48
19 10 6 4 10 0.0276382
19 10 10 6 4 8.66375e-48
19 4 4 11 5 7.27443e-48
19 4 11 5 4 4.65439e-48
19 5 4 4 11 6.33823e-48
19 11 5 4 4 8.11442e-48
19 4 12 12 12 3.99131e-48
19 12 4 12 12 3.08571e-48
19 12 12 4 12 2.66127e-48
19 12 12 12 4 3.86517e-48
19 4 7 5 5 9.0036e-48
19 5 4 7 5 1.255e-47
19 5 5 4 7 9.78353e-49
19 7 5 5 4 1.13559e-47
19 5 12 8 7 7.84032e-49
19 7 5 12 8 1.04999e-47
19 8 7 5 12 2.77233e-48
19 12 8 7 5 1.30797e-47
19 4 8 6 7 1.00513e-48
19 6 7 4 8 5.6902e-48
19 7 4 8 6 3.91523e-48
19 8 6 7 4 0.075365
19 4 10 10 9 2.75026e-48
19 9 4 10 10 2.36957e-48
19 10 9 4 10 2.23622e-48
19 10 10 9 4 1.48172e-47
19 9 10 11 12 5.09788e-50
19 10 11 12 9 4.18533e-50
19 11 12 9 10 2.38987e-50
19 12 9 10 11 1.18979e-49
19 4 11 12 7 9.84927e-49
19 7 4 11 12 6.22153e-48
19 11 12 7 4 7.38148e-48
19 12 7 4 11 4.85043e-48
19 4 10 6 6 1.31454e-48
19 6 4 10 6 3.60026e-48
19 6 6 4 10 0.0198808
19 10 6 6 4 0.100637
19 4 11 8 7 7.88962e-49
19 7 4 11 8 4.74866e-48
19 8 7 4 11 4.75869e-48
19 11 8 7 4 9.89622e-48
19 7 11 11 8 4.9148e-48
19 8 7 11 11 2.99102e-48
19 11 8 7 11 1.07167e-47
19 11 11 8 7 9.38577e-49
19 9 9 11 12 5.45272e-48
19 9 11 12 9 3.05613e-48
19 11 12 9 9 3.29209e-48
19 12 9 9 11 9.88581e-48
19 7 12 7 12 1.73623e-47
19 12 7 12 7 1.20495e-48
19 4 6 4 12 0.000547855
19 4 12 4 6 1.45695e-50
19 6 4 12 4 8.00882e-50
19 12 4 6 4 3.02634e-50
19 7 11 11 11 9.00357e-48
19 11 7 11 11 4.83575e-48
19 11 11 7 11 8.528e-48
19 11 11 11 7 6.54728e-49
19 5 11 7 7 1.39649e-48
19 7 5 11 7 1.97493e-48
19 7 7 5 11 1.58359e-47
19 11 7 7 5 2.24054e-47
19 4 7 7 10 1.30167e-48
19 7 7 10 4 2.21862e-47
19 7 10 4 7 2.02489e-48
19 10 4 7 7 1.64704e-48
19 6 10 9 10 2.43516e-48
19 9 10 6 10 1.27004e-48
19 10 6 10 9 0.0651939
19 10 9 10 6 5.90604e-48
19 5 9 12 11 1.07306e-47
19 9 12 11 5 1.17858e-47
19 11 5 9 12 1.14049e-47
19 12 11 5 9 1.23132e-48
19 4 10 9 6 2.89736e-48
19 6 4 10 9 4.14398e-48
19 9 6 4 10 0.0228535
19 10 9 6 4 1.04937e-47
19 4 12 10 11 8.12064e-48
19 10 11 4 12 6.48833e-48
19 11 4 12 10 1.21267e-48
19 12 10 11 4 2.34765e-48
19 4 10 10 10 1.89834e-48
19 10 4 10 10 3.08549e-48
19 10 10 4 10 1.98787e-48
19 10 10 10 4 1.69559e-47
19 8 12 10 11 5.82779e-48
19 10 11 8 12 5.70189e-48
19 11 8 12 10 1.53829e-48
19 12 10 11 8 1.35351e-48
19 5 12 7 8 3.89111e-48
19 7 8 5 12 1.04936e-47
19 8 5 12 7 8.65698e-49
19 12 7 8 5 8.46604e-48
19 10 11 10 12 9.91592e-48
19 10 12 10 11 1.29958e-47
19 11 10 12 10 1.19401e-48
19 12 10 11 10 4.2063e-49
19 4 10 11 12 2.74476e-48
19 10 11 12 4 1.06693e-47
19 11 12 4 10 1.18414e-48
19 12 4 10 11 7.10809e-48
19 7 7 12 9 4.14708e-48
19 7 12 9 7 2.60682e-48
19 9 7 7 12 6.7656e-48
19 12 9 7 7 8.36459e-49
19 6 8 12 11 9.72716e-48
19 8 12 11 6 5.81062e-49
19 11 6 8 12 0.0506402
19 12 11 6 8 1.59666e-48
19 4 4 10 11 8.57608e-48
19 4 10 11 4 3.20695e-48
19 10 11 4 4 8.58312e-48
19 11 4 4 10 1.10453e-48
19 7 11 10 12 1.34562e-47
19 10 12 7 11 9.24187e-48
19 11 10 12 7 9.58011e-49
19 12 7 11 10 4.33522e-49
19 7 12 10 12 1.20942e-47
19 10 12 7 12 6.33787e-48
19 12 7 12 10 7.43933e-49
19 12 10 12 7 5.79142e-49
19 4 12 10 10 1.66633e-48
19 10 4 12 10 2.02321e-48
19 10 10 4 12 7.65524e-48
19 12 10 10 4 7.07942e-48
19 5 6 11 8 0.0408187
19 6 11 8 5 2.03908e-47
19 8 5 6 11 5.81933e-48
19 11 8 5 6 2.77284e-48
19 6 12 9 7 1.59056e-48
19 7 6 12 9 0.0538007
19 9 7 6 12 4.67489e-48
19 12 9 7 6 1.6263e-48
19 6 11 7 7 1.38329e-48
19 7 6 11 7 0.0166776
19 7 7 6 11 1.15702e-47
19 11 7 7 6 2.36744e-48
19 7 9 9 10 4.75622e-48
19 9 9 10 7 2.47135e-48
19 9 10 7 9 2.82098e-48
19 10 7 9 9 4.65218e-48
19 4 9 4 12 4.85501e-48
19 4 12 4 9 1.42522e-48
19 9 4 12 4 7.82419e-48
19 12 4 9 4 5.6689e-48
19 4 7 12 8 4.48811e-50
19 7 12 8 4 1.26266e-49
19 8 4 7 12 4.11956e-50
19 12 8 4 7 9.32734e-51
20 4 12 4 6 1
21 4 7 6 10 2.29536e-48
21 6 10 4 7 5.27359e-48
21 7 6 10 4 5.87565e-48
21 10 4 7 6 3.20001e-48
21 4 12 12 7 3.70746e-48
21 7 4 12 12 0.0514213
21 12 7 4 12 0.0351764
21 12 12 7 4 3.61268e-48
21 8 12 8 12 0.000586403
21 12 8 12 8 7.08138e-50
21 5 10 9 7 1.49931e-47
21 7 5 10 9 1.03214e-47
21 9 7 5 10 2.82958e-48
21 10 9 7 5 2.96764e-48
21 8 12 9 10 1.81285e-47
21 9 10 8 12 0.0182225
21 10 8 12 9 2.83508e-48
21 12 9 10 8 3.05209e-48
21 4 12 10 8 5.19238e-48
21 8 4 12 10 4.14033e-48
21 10 8 4 12 0.0246626
21 12 10 8 4 1.38418e-48
21 6 12 8 12 0.0260601
21 8 12 6 12 0.0511463
21 12 6 12 8 4.43624e-48
21 12 8 12 6 3.31434e-48
21 4 5 9 6 1.31889e-47
21 5 9 6 4 3.0172e-48
21 6 4 5 9 3.71379e-48
21 9 6 4 5 9.98093e-48
21 4 10 10 12 0.0306393
21 10 10 12 4 3.21745e-48
21 10 12 4 10 6.53472e-48
21 12 4 10 10 4.01459e-48
21 4 9 11 7 9.81106e-51
21 7 4 9 11 2.05979e-49
21 9 11 7 4 4.14226e-50
21 11 7 4 9 5.61179e-50
21 4 10 10 6 5.38486e-48
21 6 4 10 10 6.12182e-48
21 10 6 4 10 5.49887e-48
21 10 10 6 4 3.41598e-48
21 4 4 11 5 1.71973e-48
21 4 11 5 4 1.45168e-48
21 5 4 4 11 5.6042e-48
21 11 5 4 4 3.60772e-48
21 4 12 12 12 0.0316237
21 12 4 12 12 0.0257968
21 12 12 4 12 0.0493757
21 12 12 12 4 3.90487e-48
21 4 7 5 5 1.5991e-48
21 5 4 7 5 3.98746e-48
21 5 5 4 7 4.34813e-48
21 7 5 5 4 2.48387e-48
21 5 12 8 7 2.66075e-48
21 7 5 12 8 7.48867e-48
21 8 7 5 12 0.019363
21 12 8 7 5 2.76545e-48
21 4 8 6 7 2.66138e-48
21 6 7 4 8 1.01388e-47
21 7 4 8 6 5.53734e-48
21 8 6 7 4 5.25066e-48
21 4 10 10 9 4.04196e-48
21 9 4 10 10 4.79665e-48
21 10 9 4 10 2.82321e-48
21 10 10 9 4 8.44655e-48
21 9 10 11 12 0.000225705
21 10 11 12 9 4.98563e-50
21 11 12 9 10 1.57265e-49
21 12 9 10 11 3.05272e-50
21 4 11 12 7 3.2137e-48
21 7 4 11 12 0.0284501
21 11 12 7 4 3.94625e-48
21 12 7 4 11 4.84822e-48
21 4 10 6 6 4.35704e-48
21 6 4 10 6 7.66513e-48
21 6 6 4 10 7.51428e-48
21 10 6 6 4 3.28937e-48
21 4 11 8 7 1.50552e-48
21 7 4 11 8 4.11147e-48
21 8 7 4 11 6.40234e-48
21 11 8 7 4 2.04001e-48
21 7 11 11 8 4.05107e-48
21 8 7 11 11 2.10367e-48
21 11 8 7 11 2.11138e-48
21 11 11 8 7 1.52489e-48
21 9 9 11 12 0.0126992
21 9 11 12 9 6.07518e-48
21 11 12 9 9 1.68212e-47
21 12 9 9 11 6.9508e-48
21 7 12 7 12 0.124284
21 12 7 12 7 5.6288e-48
21 4 6 4 12 0.000381634
21 4 12 4 6 7.97069e-50
21 6 4 12 4 4.46157e-50
21 12 4 6 4 3.10635e-50
21 7 11 11 11 3.2237e-48
21 11 7 11 11 1.45192e-48
21 11 11 7 11 2.95404e-48
21 11 11 11 7 1.50268e-48
21 5 11 7 7 5.05936e-48
21 7 5 11 7 3.7335e-48
21 7 7 5 11 4.4745e-48
21 11 7 7 5 4.62416e-48
21 4 7 7 10 2.94213e-48
21 7 7 10 4 7.31708e-48
21 7 10 4 7 1.01399e-47
21 10 4 7 7 3.13986e-48
21 6 10 9 10 1.44919e-47
21 9 10 6 10 4.59218e-48
21 10 6 10 9 4.79715e-48
21 10 9 10 6 3.28122e-48
21 5 9 12 11 2.97615e-48
21 9 12 11 5 3.9435e-48
21 11 5 9 12 0.0769103
21 12 11 5 9 2.42811e-48
21 4 10 9 6 1.38843e-47
21 6 4 10 9 7.41489e-48
21 9 6 4 10 7.58776e-48
21 10 9 6 4 2.17646e-48
21 4 12 10 11 3.98335e-48
21 10 11 4 12 0.0332649
21 11 4 12 10 2.75485e-48
21 12 10 11 4 1.31497e-48
21 4 10 10 10 3.59307e-48
21 10 4 10 10 3.7428e-48
21 10 10 4 10 4.77096e-48
21 10 10 10 4 3.52719e-48
21 8 12 10 11 5.70138e-48
21 10 11 8 12 0.0108179
21 11 8 12 10 1.89219e-48
21 12 10 11 8 1.66805e-48
21 5 12 7 8 6.48137e-48
21 7 8 5 12 0.0212213
21 8 5 12 7 4.02722e-48
21 12 7 8 5 1.93102e-48
21 10 11 10 12 0.0242143
21 10 12 10 11 3.85013e-48
21 11 10 12 10 2.5562e-48
21 12 10 11 10 1.29473e-48
21 4 10 11 12 0.0120572
21 10 11 12 4 2.97854e-48
21 11 12 4 10 5.96992e-48
21 12 4 10 11 3.67897e-48
21 7 7 12 9 7.75308e-48
21 7 12 9 7 2.53895e-47
21 9 7 7 12 0.0325916
21 12 9 7 7 1.93932e-48
21 6 8 12 11 2.80428e-48
21 8 12 11 6 3.31434e-48
21 11 6 8 12 0.0111144
21 12 11 6 8 3.4328e-48
21 4 4 10 11 2.99567e-48
21 4 10 11 4 1.21229e-48
21 10 11 4 4 3.7868e-48
21 11 4 4 10 3.96543e-48
21 7 11 10 12 0.0533738
21 10 12 7 11 3.34978e-48
21 11 10 12 7 2.63454e-48
21 12 7 11 10 1.30249e-48
21 7 12 10 12 0.0707616
21 10 12 7 12 0.0279308
21 12 7 12 10 2.70539e-48
21 12 10 12 7 2.77171e-48
21 4 12 10 10 4.69975e-48
21 10 4 12 10 3.26038e-48
21 10 10 4 12 0.0388514
21 12 10 10 4 3.61294e-48
21 5 6 11 8 3.39322e-48
21 6 11 8 5 3.72732e-48
21 8 5 6 11 5.22946e-48
21 11 8 5 6 2.12632e-48
21 6 12 9 7 1.81183e-47
21 7 6 12 9 8.54247e-48
21 9 7 6 12 0.0348888
21 12 9 7 6 2.71196e-48
21 6 11 7 7 4.7692e-48
21 7 6 11 7 3.61925e-48
21 7 7 6 11 6.91256e-48
21 11 7 7 6 4.20923e-48
21 7 9 9 10 1.27306e-47
21 9 9 10 7 3.18562e-48
21 9 10 7 9 5.11227e-48
21 10 7 9 9 1.10452e-47
21 4 9 4 12 0.0214604
21 4 12 4 9 6.55291e-48
21 9 4 12 4 3.82883e-48
21 12 4 9 4 8.41271e-48
21 4 7 12 8 4.41023e-50
21 7 12 8 4 4.93926e-50
21 8 4 7 12 0.000426917
21 12 8 4 7 4.05341e-50
22 4 7 6 10 0.0122753
22 6 10 4 7 0.00321508
22 7 6 10 4 0.000698
22 10 4 7 6 0.000318239
22 4 12 12 7 0.00669538
22 7 4 12 12 0.00342631
22 12 7 4 12 0.00699701
22 12 12 7 4 0.00819622
22 8 12 8 12 0.000486794
22 12 8 12 8 8.37552e-05
22 5 10 9 7 9.44468e-46
22 7 5 10 9 0.00179732
22 9 7 5 10 0.0081303
22 10 9 7 5 0.00887592
22 8 12 9 10 1.10751e-45
22 9 10 8 12 0.0200289
22 10 8 12 9 0.0026608
22 12 9 10 8 0.00343745
22 4 12 10 8 0.00547043
22 8 4 12 10 0.00109842
22 10 8 4 12 0.00472814
22 12 10 8 4 0.00568623
22 6 12 8 12 0.0250787
22 8 12 6 12 0.0374989
22 12 6 12 8 0.000698552
22 12 8 12 6 0.00073407
22 4 5 9 6 7.20363e-47
22 5 9 6 4 0.00845161
22 6 4 5 9 0.00146721
22 9 6 4 5 0.000975319
22 4 10 10 12 0.0110683
22 10 10 12 4 0.00378968
22 10 12 4 10 0.00372914
22 12 4 10 10 0.00134067
22 4 9 11 7 6.53088e-05
22 7 4 9 11 4.14018e-48
22 9 11 7 4 7.49111e-05
22 11 7 4 9 2.40483e-05
22 4 10 10 6 0.00105339
22 6 4 10 10 0.00171935
22 10 6 4 10 0.000508218
22 10 10 6 4 0.0120937
22 4 4 11 5 0.00230932
22 4 11 5 4 0.003413
22 5 4 4 11 0.000715558
22 11 5 4 4 0.000706474
22 4 12 12 12 0.0126163
22 12 4 12 12 0.00260519
22 12 12 4 12 0.00797448
22 12 12 12 4 0.00475366
22 4 7 5 5 0.00599358
22 5 4 7 5 0.0017466
22 5 5 4 7 0.000701245
22 7 5 5 4 0.0014425
22 5 12 8 7 0.00831748
22 7 5 12 8 0.00175598
22 8 7 5 12 0.0115063
22 12 8 7 5 0.00812901
22 4 8 6 7 0.0175738
22 6 7 4 8 0.00490473
22 7 4 8 6 0.000679978
22 8 6 7 4 0.00139964
22 4 10 10 9 0.00343363
22 9 4 10 10 0.00155178
22 10 9 4 10 0.00204364
22 10 10 9 4 6.88125e-46
22 9 10 11 12 0.00021182
22 10 11 12 9 3.165e-05
22 11 12 9 10 1.21326e-47
22 12 9 10 11 5.18532e-05
22 4 11 12 7 0.00477548
22 7 4 11 12 0.00550867
22 11 12 7 4 0.00820221
22 12 7 4 11 0.00420589
22 4 10 6 6 0.00280535
22 6 4 10 6 0.000321942
22 6 6 4 10 0.000598565
22 10 6 6 4 0.00190213
22 4 11 8 7 0.00761373
22 7 4 11 8 0.0023021
22 8 7 4 11 0.00402938
22 11 8 7 4 0.005158
22 7 11 11 8 0.00621387
22 8 7 11 11 0.00800924
22 11 8 7 11 0.00643034
22 11 11 8 7 0.00595415
22 9 9 11 12 0.0152464
22 9 11 12 9 0.00382885
22 11 12 9 9 8.42752e-46
22 12 9 9 11 8.94231e-46
22 7 12 7 12 0.0513822
22 12 7 12 7 0.010551
22 4 6 4 12 1.18447e-05
22 4 12 4 6 8.27159e-06
22 6 4 12 4 1.37202e-05
22 12 4 6 4 3.41408e-05
22 7 11 11 11 0.00745756
22 11 7 11 11 0.00698063
22 11 11 7 11 0.00608544
22 11 11 11 7 0.00500986
22 5 11 7 7 0.00712621
22 7 5 11 7 0.00398225
22 7 7 5 11 0.0105465
22 11 7 7 5 0.0126077
22 4 7 7 10 0.00975554
22 7 7 10 4 0.00661021
22 7 10 4 7 0.00484983
22 10 4 7 7 0.00261025
22 6 10 9 10 1.01765e-45
22 9 10 6 10 0.016142
22 10 6 10 9 0.000547384
22 10 9 10 6 0.000675272
22 5 9 12 11 0.00334081
22 9 12 11 5 0.0143938
22 11 5 9 12 5.98943e-46
22 12 11 5 9 0.00312467
22 4 10 9 6 2.05713e-46
22 6 4 10 9 0.00135242
22 9 6 4 10 0.000696218
22 10 9 6 4 0.00985738
22 4 12 10 11 0.00632927
22 10 11 4 12 0.00431366
22 11 4 12 10 0.00092293
22 12 10 11 4 0.00461241
22 4 10 10 10 0.00470008
22 10 4 10 10 0.00121965
22 10 10 4 10 0.0026996
22 10 10 10 4 0.00379394
22 8 12 10 11 0.0055388
22 10 11 8 12 0.00993885
22 11 8 12 10 0.0025674
22 12 10 11 8 0.00467294
22 5 12 7 8 0.00708762
22 7 8 5 12 0.011328
22 8 5 12 7 0.00162537
22 12 7 8 5 0.0104945
22 10 11 10 12 0.00596953
22 10 12 10 11 0.00503087
22 11 10 12 10 0.00282702
22 12 10 11 10 0.00454184
22 4 10 11 12 0.0138597
22 10 11 12 4 0.00291135
22 11 12 4 10 0.00319857
22 12 4 10 11 0.00147974
22 7 7 12 9 0.00498129
22 7 12 9 7 1.76348e-45
22 9 7 7 12 0.0243656
22 12 9 7 7 0.00697745
22 6 8 12 11 0.00420695
22 8 12 11 6 0.00127214
22 11 6 8 12 0.00188698
22 12 11 6 8 0.00825477
22 4 4 10 11 0.0014297
22 4 10 11 4 0.0050456
22 10 11 4 4 0.00177798
22 11 4 4 10 0.000638153
22 7 11 10 12 0.00889713
22 10 12 7 11 0.00893254
22 11 10 12 7 0.00364238
22 12 7 11 10 0.00567526
22 7 12 10 12 0.0143353
22 10 12 7 12 0.0170777
22 12 7 12 10 0.00405662
22 12 10 12 7 0.00418279
22 4 12 10 10 0.00620015
22 10 4 12 10 0.00116341
22 10 10 4 12 0.00607106
22 12 10 10 4 0.0039826
22 5 6 11 8 0.000937036
22 6 11 8 5 0.011382
22 8 5 6 11 0.0061121
22 11 8 5 6 0.000853433
22 6 12 9 7 1.60408e-45
22 7 6 12 9 0.000721728
22 9 7 6 12 0.0420678
22 12 9 7 6 0.00116724
22 6 11 7 7 0.00936119
22 7 6 11 7 0.00171044
22 7 7 6 11 0.024758
22 11 7 7 6 0.00161152
22 7 9 9 10 8.97215e-46
22 9 9 10 7 0.00544079
22 9 10 7 9 0.00723575
22 10 7 9 9 7.25916e-46
22 4 9 4 12 0.00521672
22 4 12 4 9 0.00295308
22 9 4 12 4 0.00135627
22 12 4 9 4 2.12766e-46
22 4 7 12 8 6.26637e-05
22 7 12 8 4 0.000135019
22 8 4 7 12 5.82912e-05
22 12 8 4 7 3.60492e-05
23 4 7 6 10 1.06174e-47
23 6 10 4 7 4.48506e-48
23 7 6 10 4 7.94387e-48
23 10 4 7 6 1.01763e-48
23 4 12 12 7 0.039228
23 7 4 12 12 4.1325e-48
23 12 7 4 12 3.01854e-48
23 12 12 7 4 0.0119205
23 8 12 8 12 0.000191468
23 12 8 12 8 5.62543e-50
23 5 10 9 7 1.06747e-47
23 7 5 10 9 1.27674e-47
23 9 7 5 10 1.76292e-48
23 10 9 7 5 1.22477e-48
23 8 12 9 10 0.0358326
23 9 10 8 12 1.7538e-48
23 10 8 12 9 1.91114e-48
23 12 9 10 8 5.15738e-48
23 4 12 10 8 0.0492017
23 8 4 12 10 1.65364e-48
23 10 8 4 12 2.65102e-48
23 12 10 8 4 8.35987e-49
23 6 12 8 12 0.0156359
23 8 12 6 12 0.0571825
23 12 6 12 8 2.6329e-48
23 12 8 12 6 3.04531e-48
23 4 5 9 6 1.23676e-47
23 5 9 6 4 1.13584e-47
23 6 4 5 9 1.43603e-48
23 9 6 4 5 3.77195e-48
23 4 10 10 12 9.97738e-48
23 10 10 12 4 1.45053e-48
23 10 12 4 10 0.0200576
23 12 4 10 10 5.74354e-48
23 4 9 11 7 6.90536e-50
23 7 4 9 11 9.33422e-50
23 9 11 7 4 2.16822e-50
23 11 7 4 9 2.47543e-50
23 4 10 10 6 9.47967e-48
23 6 4 10 10 8.74983e-48
23 10 6 4 10 3.52513e-48
23 10 10 6 4 5.20905e-48
23 4 4 11 5 2.05328e-48
23 4 11 5 4 1.17632e-48
23 5 4 4 11 3.18841e-48
23 11 5 4 4 2.50372e-48
23 4 12 12 12 0.0329214
23 12 4 12 12 2.37407e-48
23 12 12 4 12 0.0257474
23 12 12 12 4 0.0148637
23 4 7 5 5 7.44991e-49
23 5 4 7 5 1.05941e-48
23 5 5 4 7 4.90822e-48
23 7 5 5 4 1.43591e-48
23 5 12 8 7 0.0155522
23 7 5 12 8 4.13332e-48
23 8 7 5 12 8.23518e-49
23 12 8 7 5 1.41708e-48
23 4 8 6 7 2.6627e-47
23 6 7 4 8 4.06252e-48
23 7 4 8 6 2.37647e-48
23 8 6 7 4 1.96726e-48
23 4 10 10 9 7.07971e-48
23 9 4 10 10 6.84657e-48
23 10 9 4 10 2.64602e-48
23 10 10 9 4 2.85262e-48
23 9 10 11 12 4.79056e-50
23 10 11 12 9 1.91153e-50
23 11 12 9 10 0.000546429
23 12 9 10 11 8.30749e-50
23 4 11 12 7 5.40664e-48
23 7 4 11 12 4.9809e-48
23 11 12 7 4 0.0124443
23 12 7 4 11 3.13158e-48
23 4 10 6 6 1.33222e-47
23 6 4 10 6 7.41946e-48
23 6 6 4 10 6.52656e-48
23 10 6 6 4 6.52225e-48
23 4 11 8 7 2.502e-48
23 7 4 11 8 3.36438e-48
23 8 7 4 11 2.24829e-48
23 11 8 7 4 1.79838e-48
23 7 11 11 8 3.48209e-48
23 8 7 11 11 1.87634e-48
23 11 8 7 11 2.23779e-48
23 11 11 8 7 1.41443e-48
23 9 9 11 12 5.124e-48
23 9 11 12 9 3.1516e-48
23 11 12 9 9 0.0393819
23 12 9 9 11 7.27618e-48
23 7 12 7 12 0.0571991
23 12 7 12 7 5.72378e-48
23 4 6 4 12 7.11695e-50
23 4 12 4 6 0.000384747
23 6 4 12 4 2.5682e-50
23 12 4 6 4 6.05397e-50
23 7 11 11 11 4.46248e-48
23 11 7 11 11 2.27648e-48
23 11 11 7 11 1.78076e-48
23 11 11 11 7 3.07385e-48
23 5 11 7 7 4.12621e-48
23 7 5 11 7 9.76193e-48
23 7 7 5 11 2.30086e-48
23 11 7 7 5 1.33302e-48
23 4 7 7 10 3.48775e-48
23 7 7 10 4 7.79455e-48
23 7 10 4 7 7.53803e-48
23 10 4 7 7 1.87726e-48
23 6 10 9 10 8.45469e-48
23 9 10 6 10 1.20805e-47
23 10 6 10 9 4.70496e-48
23 10 9 10 6 4.72881e-48
23 5 9 12 11 3.98234e-48
23 9 12 11 5 0.0181238
23 11 5 9 12 7.44594e-48
23 12 11 5 9 9.87182e-49
23 4 10 9 6 9.40216e-48
23 6 4 10 9 7.14106e-48
23 9 6 4 10 6.58151e-48
23 10 9 6 4 6.30933e-48
23 4 12 10 11 0.0607875
23 10 11 4 12 2.03374e-48
23 11 4 12 10 1.93415e-48
23 12 10 11 4 1.75145e-48
23 4 10 10 10 9.34008e-48
23 10 4 10 10 3.9484e-48
23 10 10 4 10 2.35216e-48
23 10 10 10 4 3.09676e-48
23 8 12 10 11 0.0276248
23 10 11 8 12 7.61724e-49
23 11 8 12 10 2.45349e-48
23 12 10 11 8 1.65861e-48
23 5 12 7 8 0.0152879
23 7 8 5 12 2.46277e-48
23 8 5 12 7 3.00927e-48
23 12 7 8 5 6.63754e-49
23 10 11 10 12 3.36134e-48
23 10 12 10 11 0.0253016
23 11 10 12 10 1.90438e-48
23 12 10 11 10 2.19875e-48
23 4 10 11 12 4.39211e-48
23 10 11 12 4 1.32927e-48
23 11 12 4 10 0.0237494
23 12 4 10 11 4.96311e-48
23 7 7 12 9 3.64347e-48
23 7 12 9 7 0.102633
23 9 7 7 12 2.82007e-48
23 12 9 7 7 3.17201e-48
23 6 8 12 11 3.58419e-48
23 8 12 11 6 0.0129018
23 11 6 8 12 1.33236e-48
23 12 11 6 8 5.24627e-48
23 4 4 10 11 6.9199e-48
23 4 10 11 4 2.76483e-48
23 10 11 4 4 1.44949e-48
23 11 4 4 10 2.3879e-48
23 7 11 10 12 8.77454e-48
23 10 12 7 11 0.00979876
23 11 10 12 7 2.49904e-48
23 12 7 11 10 2.26614e-48
23 7 12 10 12 0.0731631
23 10 12 7 12 0.0108543
23 12 7 12 10 2.16068e-48
23 12 10 12 7 2.75105e-48
23 4 12 10 10 0.0760592
23 10 4 12 10 1.76615e-48
23 10 10 4 12 2.3995e-48
23 12 10 10 4 4.30183e-48
23 5 6 11 8 4.20099e-48
23 6 11 8 5 1.23673e-48
23 8 5 6 11 9.78863e-48
23 11 8 5 6 1.45994e-48
23 6 12 9 7 0.0837896
23 7 6 12 9 5.09505e-48
23 9 7 6 12 1.17794e-47
23 12 9 7 6 2.35936e-48
23 6 11 7 7 4.05804e-48
23 7 6 11 7 8.88599e-48
23 7 7 6 11 1.53765e-47
23 11 7 7 6 1.88608e-48
23 7 9 9 10 1.23416e-47
23 9 9 10 7 1.16787e-47
23 9 10 7 9 2.3224e-48
23 10 7 9 9 3.28329e-48
23 4 9 4 12 5.85103e-48
23 4 12 4 9 0.0314715
23 9 4 12 4 2.20101e-48
23 12 4 9 4 3.63116e-48
23 4 7 12 8 3.53131e-50
23 7 12 8 4 0.000162183
23 8 4 7 12 1.85161e-50
23 12 8 4 7 6.00568e-50
24 8 12 8 12 1
25 4 7 6 10 1.16154e-48
25 6 10 4 7 2.60692e-48
25 7 6 10 4 3.56241e-48
25 10 4 7 6 9.09327e-48
25 4 12 12 7 1.91555e-48
25 7 4 12 12 0.0339839
25 12 7 4 12 0.00714266
25 12 12 7 4 3.5732e-48
25 8 12 8 12 0.000419532
25 12 8 12 8 6.69056e-50
25 5 10 9 7 1.04807e-48
25 7 5 10 9 4.10795e-47
25 9 7 5 10 2.81434e-48
25 10 9 7 5 6.33367e-48
25 8 12 9 10 2.66047e-48
25 9 10 8 12 0.0153178
25 10 8 12 9 3.94298e-48
25 12 9 10 8 3.60833e-48
25 4 12 10 8 5.17667e-48
25 8 4 12 10 2.94708e-48
25 10 8 4 12 0.0365852
25 12 10 8 4 6.68989e-49
25 6 12 8 12 0.0401959
25 8 12 6 12 0.0401097
25 12 6 12 8 1.72058e-48
25 12 8 12 6 3.13142e-48
25 4 5 9 6 1.67034e-47
25 5 9 6 4 2.80284e-48
25 6 4 5 9 1.71199e-47
25 9 6 4 5 7.18123e-48
25 4 10 10 12 0.0180057
25 10 10 12 4 1.16685e-48
25 10 12 4 10 4.28835e-48
25 12 4 10 10 6.31938e-48
25 4 9 11 7 2.36335e-50
25 7 4 9 11 5.47797e-50
25 9 11 7 4 1.73352e-49
25 11 7 4 9 8.58936e-51
25 4 10 10 6 3.16451e-48
25 6 4 10 10 1.81276e-47
25 10 6 4 10 3.34853e-48
25 10 10 6 4 2.66393e-48
25 4 4 11 5 5.51563e-48
25 4 11 5 4 5.48129e-48
25 5 4 4 11 3.43824e-48
25 11 5 4 4 7.38492e-48
25 4 12 12 12 0.0163392
25 12 4 12 12 0.0210443
25 12 12 4 12 0.0220121
25 12 12 12 4 1.6321e-48
25 4 7 5 5 1.13044e-48
25 5 4 7 5 5.42748e-48
25 5 5 4 7 8.32554e-48
25 7 5 5 4 1.539e-47
25 5 12 8 7 1.53827e-48
25 7 5 12 8 1.54462e-47
25 8 7 5 12 0.00966176
25 12 8 7 5 6.18295e-48
25 4 8 6 7 6.68393e-48
25 6 7 4 8 3.87276e-48
25 7 4 8 6 7.17912e-48
25 8 6 7 4 4.20484e-48
25 4 10 10 9 2.37533e-48
25 9 4 10 10 1.31321e-47
25 10 9 4 10 2.71587e-48
25 10 10 9 4 1.23268e-48
25 9 10 11 12 0.000307597
25 10 11 12 9 7.46241e-50
25 11 12 9 10 1.99384e-50
25 12 9 10 11 3.60908e-50
25 4 11 12 7 4.03948e-48
25 7 4 11 12 0.0598008
25 11 12 7 4 2.94214e-48
25 12 7 4 11 9.84444e-49
25 4 10 6 6 2.85339e-48
25 6 4 10 6 2.26975e-47
25 6 6 4 10 5.84762e-48
25 10 6 6 4 4.03822e-48
25 4 11 8 7 3.71232e-48
25 7 4 11 8 8.64211e-48
25 8 7 4 11 1.13432e-48
25 11 8 7 4 3.43805e-48
25 7 11 11 8 1.06138e-47
25 8 7 11 11 1.11137e-48
25 11 8 7 11 3.55834e-48
25 11 11 8 7 2.29283e-48
25 9 9 11 12 0.0430399
25 9 11 12 9 1.0744e-47
25 11 12 9 9 2.13262e-48
25 12 9 9 11 1.71374e-48
25 7 12 7 12 0.0995874
25 12 7 12 7 1.07156e-48
25 4 6 4 12 0.00019516
25 4 12 4 6 4.3926e-50
25 6 4 12 4 6.84669e-50
25 12 4 6 4 5.44907e-50
25 7 11 11 11 8.44606e-48
25 11 7 11 11 6.62654e-49
25 11 11 7 11 5.35793e-48
25 11 11 11 7 3.66313e-48
25 5 11 7 7 8.58368e-48
25 7 5 11 7 2.44921e-47
25 7 7 5 11 2.07301e-48
25 11 7 7 5 1.57026e-48
25 4 7 7 10 1.63842e-48
25 7 7 10 4 2.17755e-48
25 7 10 4 7 2.1587e-48
25 10 4 7 7 8.92234e-48
25 6 10 9 10 2.70275e-48
25 9 10 6 10 4.23129e-48
25 10 6 10 9 5.28473e-48
25 10 9 10 6 5.71032e-48
25 5 9 12 11 1.28572e-48
25 9 12 11 5 9.11749e-48
25 11 5 9 12 0.0593958
25 12 11 5 9 7.41658e-48
25 4 10 9 6 1.70159e-48
25 6 4 10 9 2.19566e-47
25 9 6 4 10 5.45935e-48
25 10 9 6 4 4.22097e-48
25 4 12 10 11 3.9713e-48
25 10 11 4 12 0.0531071
25 11 4 12 10 1.69401e-48
25 12 10 11 4 1.03038e-48
25 4 10 10 10 2.11153e-48
25 10 4 10 10 8.67251e-48
25 10 10 4 10 1.84551e-48
25 10 10 10 4 2.4683e-48
25 8 12 10 11 4.01215e-48
25 10 11 8 12 0.0317643
25 11 8 12 10 1.3476e-48
25 12 10 11 8 1.30705e-48
25 5 12 7 8 4.52004e-48
25 7 8 5 12 0.0487946
25 8 5 12 7 8.94644e-48
25 12 7 8 5 7.2115e-49
25 10 11 10 12 0.0699355
25 10 12 10 11 4.57085e-48
25 11 10 12 10 4.74715e-49
25 12 10 11 10 1.01452e-48
25 4 10 11 12 0.0116789
25 10 11 12 4 4.45823e-48
25 11 12 4 10 2.00617e-48
25 12 4 10 11 5.79109e-48
25 7 7 12 9 1.19575e-48
25 7 12 9 7 3.45959e-48
25 9 7 7 12 0.0255361
25 12 9 7 7 2.81177e-48
25 6 8 12 11 4.98414e-48
25 8 12 11 6 3.84432e-48
25 11 6 8 12 0.00637433
25 12 11 6 8 7.50579e-48
25 4 4 10 11 5.82915e-48
25 4 10 11 4 1.17426e-48
25 10 11 4 4 6.04559e-48
25 11 4 4 10 2.60085e-48
25 7 11 10 12 0.0848402
25 10 12 7 11 4.87707e-48
25 11 10 12 7 4.89265e-49
25 12 7 11 10 7.88617e-49
25 7 12 10 12 0.0462347
25 10 12 7 12 0.0406655
25 12 7 12 10 5.15029e-49
25 12 10 12 7 6.82869e-49
25 4 12 10 10 4.68553e-48
25 10 4 12 10 3.91517e-48
25 10 10 4 12 0.0150286
25 12 10 10 4 1.71758e-48
25 5 6 11 8 2.95128e-48
25 6 11 8 5 1.39864e-47
25 8 5 6 11 2.49808e-47
25 11 8 5 6 4.54898e-48
25 6 12 9 7 5.73258e-48
25 7 6 12 9 2.68414e-48
25 9 7 6 12 0.02484
25 12 9 7 6 3.93199e-48
25 6 11 7 7 2.15875e-47
25 7 6 11 7 3.61686e-48
25 7 7 6 11 2.29249e-48
25 11 7 7 6 1.42936e-48
25 7 9 9 10 2.54285e-48
25 9 9 10 7 6.55035e-48
25 9 10 7 9 5.18382e-48
25 10 7 9 9 1.24554e-48
25 4 9 4 12 0.0173366
25 4 12 4 9 3.61126e-48
25 9 4 12 4 5.43244e-48
25 12 4 9 4 2.76165e-48
25 4 7 12 8 1.03786e-50
25 7 12 8 4 3.28099e-50
25 8 4 7 12 0.000719097
25 12 8 4 7 4.08481e-50
26 3 0 2 11 0.0359953
26 3 0 3 4 0.0264541
26 1 0 3 12 0.0849906
26 2 0 3 8 0.046557
26 3 0 3 5 0.0461479
26 2 0 3 4 0.0219244
26 1 0 2 11 0.033108
26 1 0 2 6 0.006573
26 1 0 3 10 0.035756
26 2 0 1 12 0.130976
26 1 0 3 4 0.0251051
26 2 0 1 4 0.0191144
26 2 0 2 9 0.0273567
26 3 0 3 7 0.0671768
26 1 0 1 11 0.0434575
26 2 0 2 11 0.028755
26 3 0 2 8 0.0388261
26 3 0 3 12 0.0895966
26 1 0 2 10 0.0245854
26 3 0 1 11 0.0463911
26 3 0 3 11 0.0519343
26 3 0 2 9 0.0330149
26 3 0 1 4 0.0229544
26 3 0 1 5 0.01325
27 2 11 3 0 0.0244712
27 3 4 3 0 0.0566894
27 3 12 1 0 0.0394768
27 3 8 2 0 0.0479158
27 3 5 3 0 0.122842
27 3 4 2 0 0.0595364
27 2 11 1 0 0.0211643
27 2 6 1 0 0.0791114
27 3 10 1 0 0.0502274
27 1 12 2 0 0.0408158
27 3 4 1 0 0.050586
27 1 4 2 0 0.0258402
27 2 9 2 0 0.0503101
27 3 7 3 0 0.0408518
27 1 11 1 0 0.0130953
27 2 11 2 0 0.0247724
27 2 8 3 0 0.0333023
27 3 12 3 0 0.044259
27 2 10 1 0 0.036473
27 1 11 3 0 0.014867
27 3 11 3 0 0.0334319
27 2 9 3 0 0.0479133
27 1 4 3 0 0.0244882
27 1 5 3 0 0.0175588
28 4 7 6 10 0.00383609
28 6 10 4 7 0.00294529
28 7 6 10 4 0.0123243
28 10 4 7 6 0.00127828
28 4 12 12 7 0.0064826
28 7 4 12 12 0.000999728
28 12 7 4 12 0.00160098
28 12 12 7 4 0.00354037
28 8 12 8 12 5.50737e-05
28 12 8 12 8 4.09433e-05
28 5 10 9 7 3.8052e-46
28 7 5 10 9 0.00286519
28 9 7 5 10 2.78771e-46
28 10 9 7 5 0.0345629
28 8 12 9 10 0.00213988
28 9 10 8 12 2.85915e-46
28 10 8 12 9 0.00262944
28 12 9 10 8 0.00715104
28 4 12 10 8 0.0306121
28 8 4 12 10 0.000665523
28 10 8 4 12 0.00163409
28 12 10 8 4 0.00238439
28 6 12 8 12 0.00670591
28 8 12 6 12 0.00399349
28 12 6 12 8 0.0159325
28 12 8 12 6 0.000892747
28 4 5 9 6 0.00867397
28 5 9 6 4 1.42468e-45
28 6 4 5 9 0.00525552
28 9 6 4 5 5.65327e-45
28 4 10 10 12 0.0202146
28 10 10 12 4 0.0151655
28 10 12 4 10 0.00368392
28 12 4 10 10 0.000662733
28 4 9 11 7 4.22594e-05
28 7 4 9 11 1.82085e-05
28 9 11 7 4 4.89768e-48
28 11 7 4 9 2.52071e-05
28 4 10 10 6 0.0189959
28 6 4 10 10 0.00265684
28 10 6 4 10 0.00968054
28 10 10 6 4 0.0130753
28 4 4 11 5 0.0123039
28 4 11 5 4 0.0200007
28 5 4 4 11 3.50488e-46
28 11 5 4 4 0.00287142
28 4 12 12 12 0.0164848
28 12 4 12 12 0.00101032
28 12 12 4 12 0.00243476
28 12 12 12 4 0.0053617
28 4 7 5 5 0.0452433
28 5 4 7 5 6.72849e-46
28 5 5 4 7 1.21113e-46
28 7 5 5 4 0.00277731
28 5 12 8 7 1.78939e-46
28 7 5 12 8 0.00351496
28 8 7 5 12 0.00342867
28 12 8 7 5 0.00293036
28 4 8 6 7 0.0018998
28 6 7 4 8 0.0139232
28 7 4 8 6 0.000562263
28 8 6 7 4 0.015418
28 4 10 10 9 0.018369
28 9 4 10 10 9.88277e-47
28 10 9 4 10 0.0032904
28 10 10 9 4 0.0114267
28 9 10 11 12 4.31998e-48
28 10 11 12 9 8.89143e-05
28 11 12 9 10 2.77196e-05
28 12 9 10 11 9.87283e-05
28 4 11 12 7 0.00543212
28 7 4 11 12 0.000659075
28 11 12 7 4 0.00554094
28 12 7 4 11 0.00349568
28 4 10 6 6 0.0126661
28 6 4 10 6 0.00415834
28 6 6 4 10 0.013012
28 10 6 6 4 0.0306126
28 4 11 8 7 0.00248571
28 7 4 11 8 0.00109315
28 8 7 4 11 0.00442936
28 11 8 7 4 0.00144001
28 7 11 11 8 0.00266407
28 8 7 11 11 0.00352407
28 11 8 7 11 0.00172312
28 11 11 8 7 0.000693435
28 9 9 11 12 3.91244e-46
28 9 11 12 9 5.05936e-46
28 11 12 9 9 0.00477457
28 12 9 9 11 0.00654733
28 7 12 7 12 0.00441244
28 12 7 12 7 0.00174624
28 4 6 4 12 0.00030571
28 4 12 4 6 0.000109324
28 6 4 12 4 6.2946e-05
28 12 4 6 4 1.35374e-05
28 7 11 11 11 0.00292627
28 11 7 11 11 0.00363193
28 11 11 7 11 0.00463575
28 11 11 11 7 0.000833576
28 5 11 7 7 2.40331e-46
28 7 5 11 7 0.000610257
28 7 7 5 11 0.00649391
28 11 7 7 5 0.0128891
28 4 7 7 10 0.00432148
28 7 7 10 4 0.00453623
28 7 10 4 7 0.00106934
28 10 4 7 7 0.000786838
28 6 10 9 10 0.00601974
28 9 10 6 10 2.56225e-46
28 10 6 10 9 0.0272339
28 10 9 10 6 0.00957267
28 5 9 12 11 2.00074e-45
28 9 12 11 5 1.73194e-45
28 11 5 9 12 0.00260554
28 12 11 5 9 0.00323276
28 4 10 9 6 0.0142654
28 6 4 10 9 0.0051822
28 9 6 4 10 6.2377e-46
28 10 9 6 4 0.0134097
28 4 12 10 11 0.0324159
28 10 11 4 12 0.00423817
28 11 4 12 10 0.000661231
28 12 10 11 4 0.00276322
28 4 10 10 10 0.0101399
28 10 4 10 10 0.0016514
28 10 10 4 10 0.00345446
28 10 10 10 4 0.0163831
28 8 12 10 11 0.00855787
28 10 11 8 12 0.00273581
28 11 8 12 10 0.000584198
28 12 10 11 8 0.00293589
28 5 12 7 8 1.08974e-45
28 7 8 5 12 0.00105892
28 8 5 12 7 0.00106782
28 12 7 8 5 0.00514131
28 10 11 10 12 0.00617788
28 10 12 10 11 0.0160978
28 11 10 12 10 0.00201624
28 12 10 11 10 0.000849299
28 4 10 11 12 0.0096188
28 10 11 12 4 0.0105669
28 11 12 4 10 0.00180415
28 12 4 10 11 0.00224935
28 7 7 12 9 0.00245197
28 7 12 9 7 0.00121589
28 9 7 7 12 2.68509e-46
28 12 9 7 7 0.000961816
28 6 8 12 11 0.00588376
28 8 12 11 6 0.00203028
28 11 6 8 12 0.00486748
28 12 11 6 8 0.00309925
28 4 4 10 11 0.009528
28 4 10 11 4 0.0132521
28 10 11 4 4 0.00661095
28 11 4 4 10 0.000468374
28 7 11 10 12 0.0025292
28 10 12 7 11 0.010144
28 11 10 12 7 0.00162957
28 12 7 11 10 0.000613982
28 7 12 10 12 0.00346866
28 10 12 7 12 0.00533901
28 12 7 12 10 0.00107029
28 12 10 12 7 0.00119656
28 4 12 10 10 0.0103265
28 10 4 12 10 0.00145983
28 10 10 4 12 0.00657655
28 12 10 10 4 0.0062787
28 5 6 11 8 2.97439e-45
28 6 11 8 5 0.0273257
28 8 5 6 11 0.00531805
28 11 8 5 6 0.00163738
28 6 12 9 7 0.00459513
28 7 6 12 9 0.00914062
28 9 7 6 12 3.27045e-46
28 12 9 7 6 0.00214399
28 6 11 7 7 0.00290766
28 7 6 11 7 0.00224707
28 7 7 6 11 0.004083
28 11 7 7 6 0.00212859
28 7 9 9 10 0.00160728
28 9 9 10 7 2.72256e-46
28 9 10 7 9 4.03713e-46
28 10 7 9 9 0.00539789
28 4 9 4 12 0.011381
28 4 12 4 9 0.0115787
28 9 4 12 4 2.5645e-46
28 12 4 9 4 0.00129576
28 4 7 12 8 0.000243533
28 7 12 8 4 3.28854e-05
28 8 4 7 12 1.14502e-05
28 12 8 4 7 3.37055e-06
29 4 7 6 10 0.0238086
29 6 10 4 7 1.47594e-47
29 7 6 10 4 7.56164e-48
29 10 4 7 6 5.24638e-48
29 4 12 12 7 0.0279074
29 7 4 12 12 9.0609e-48
29 12 7 4 12 4.65598e-48
29 12 12 7 4 2.47981e-48
29 8 12 8 12 3.8208e-50
29 12 8 12 8 4.13934e-50
29 5 10 9 7 1.16504e-47
29 7 5 10 9 2.76825e-48
29 9 7 5 10 4.28767e-48
29 10 9 7 5 3.41822e-48
29 8 12 9 10 4.57999e-48
29 9 10 8 12 3.77167e-48
29 10 8 12 9 2.08537e-48
29 12 9 10 8 4.53703e-48
29 4 12 10 8 0.0220769
29 8 4 12 10 1.53075e-47
29 10 8 4 12 3.76382e-48
29 12 10 8 4 2.50006e-48
29 6 12 8 12 1.78827e-48
29 8 12 6 12 2.79493e-48
29 12 6 12 8 5.64696e-48
29 12 8 12 6 1.46717e-48
29 4 5 9 6 0.0140005
29 5 9 6 4 5.97206e-48
29 6 4 5 9 8.43931e-48
29 9 6 4 5 1.00723e-47
29 4 10 10 12 0.0781859
29 10 10 12 4 7.41e-48
29 10 12 4 10 7.07778e-48
29 12 4 10 10 1.5899e-47
29 4 9 11 7 0.000303612
29 7 4 9 11 8.65493e-50
29 9 11 7 4 6.877e-50
29 11 7 4 9 4.91859e-50
29 4 10 10 6 0.0545916
29 6 4 10 10 2.59226e-47
29 10 6 4 10 2.06073e-47
29 10 10 6 4 6.03832e-48
29 4 4 11 5 0.0225913
29 4 11 5 4 0.0265638
29 5 4 4 11 1.78236e-47
29 11 5 4 4 3.53989e-48
29 4 12 12 12 0.0235681
29 12 4 12 12 8.33096e-48
29 12 12 4 12 4.06413e-48
29 12 12 12 4 2.44771e-48
29 4 7 5 5 0.00771245
29 5 4 7 5 5.40138e-48
29 5 5 4 7 4.56026e-48
29 7 5 5 4 1.126e-48
29 5 12 8 7 1.90974e-48
29 7 5 12 8 1.71269e-48
29 8 7 5 12 2.57895e-48
29 12 8 7 5 1.16729e-48
29 4 8 6 7 0.0244307
29 6 7 4 8 7.5274e-48
29 7 4 8 6 3.54755e-48
29 8 6 7 4 1.26604e-47
29 4 10 10 9 0.0583488
29 9 4 10 10 1.94579e-47
29 10 9 4 10 1.13615e-47
29 10 10 9 4 6.12145e-48
29 9 10 11 12 5.64816e-50
29 10 11 12 9 5.44994e-50
29 11 12 9 10 4.58093e-50
29 12 9 10 11 6.55501e-50
29 4 11 12 7 0.0571205
29 7 4 11 12 5.5469e-48
29 11 12 7 4 3.17075e-48
29 12 7 4 11 4.86279e-48
29 4 10 6 6 0.0311751
29 6 4 10 6 1.14353e-47
29 6 6 4 10 2.58024e-47
29 10 6 6 4 6.38973e-48
29 4 11 8 7 0.0244889
29 7 4 11 8 4.20527e-48
29 8 7 4 11 6.51945e-48
29 11 8 7 4 2.60434e-48
29 7 11 11 8 2.12459e-48
29 8 7 11 11 2.01941e-48
29 11 8 7 11 2.28515e-48
29 11 11 8 7 2.73207e-48
29 9 9 11 12 3.75021e-48
29 9 11 12 9 5.82927e-48
29 11 12 9 9 2.45808e-48
29 12 9 9 11 4.31878e-48
29 7 12 7 12 5.20763e-48
29 12 7 12 7 6.41127e-48
29 4 6 4 12 0.00115504
29 4 12 4 6 0.000276995
29 6 4 12 4 1.37704e-49
29 12 4 6 4 6.88234e-50
29 7 11 11 11 2.44215e-48
29 11 7 11 11 1.60698e-48
29 11 11 7 11 4.75136e-48
29 11 11 11 7 3.25507e-48
29 5 11 7 7 1.026e-47
29 7 5 11 7 1.81899e-48
29 7 7 5 11 2.4271e-48
29 11 7 7 5 2.31233e-48
29 4 7 7 10 0.0435396
29 7 7 10 4 4.3765e-48
29 7 10 4 7 1.4482e-47
29 10 4 7 7 1.30872e-47
29 6 10 9 10 1.21405e-47
29 9 10 6 10 8.98906e-48
29 10 6 10 9 8.35636e-48
29 10 9 10 6 4.31048e-48
29 5 9 12 11 6.50669e-48
29 9 12 11 5 1.08427e-48
29 11 5 9 12 2.26353e-48
29 12 11 5 9 2.64605e-48
29 4 10 9 6 0.04073
29 6 4 10 9 1.57515e-47
29 9 6 4 10 2.496e-47
29 10 9 6 4 4.54011e-48
29 4 12 10 11 0.0244643
29 10 11 4 12 7.54449e-48
29 11 4 12 10 1.17432e-47
29 12 10 11 4 2.87155e-48
29 4 10 10 10 0.103392
29 10 4 10 10 1.7297e-47
29 10 10 4 10 1.62699e-47
29 10 10 10 4 8.83414e-48
29 8 12 10 11 3.34514e-48
29 10 11 8 12 1.91302e-48
29 11 8 12 10 2.78296e-48
29 12 10 11 8 2.13786e-48
29 5 12 7 8 2.89117e-48
29 7 8 5 12 1.50092e-48
29 8 5 12 7 3.29952e-48
29 12 7 8 5 6.89408e-49
29 10 11 10 12 5.08842e-48
29 10 12 10 11 2.59647e-48
29 11 10 12 10 7.44996e-48
29 12 10 11 10 3.56689e-48
29 4 10 11 12 0.0313043
29 10 11 12 4 5.14453e-48
29 11 12 4 10 6.48609e-48
29 12 4 10 11 9.79101e-48
29 7 7 12 9 2.69875e-48
29 7 12 9 7 3.08778e-48
29 9 7 7 12 4.12255e-48
29 12 9 7 7 5.58894e-48
29 6 8 12 11 2.53171e-48
29 8 12 11 6 1.03728e-48
29 11 6 8 12 2.88895e-48
29 12 11 6 8 2.28881e-48
29 4 4 10 11 0.0847257
29 4 10 11 4 0.0281337
29 10 11 4 4 7.67674e-48
29 11 4 4 10 1.984e-47
29 7 11 10 12 5.24438e-48
29 10 12 7 11 2.27473e-48
29 11 10 12 7 6.87741e-48
29 12 7 11 10 1.83265e-48
29 7 12 10 12 2.94456e-48
29 10 12 7 12 2.50297e-48
29 12 7 12 10 3.44032e-48
29 12 10 12 7 6.18129e-48
29 4 12 10 10 0.0429524
29 10 4 12 10 1.38552e-47
29 10 10 4 12 1.17494e-47
29 12 10 10 4 7.75447e-48
29 5 6 11 8 5.29174e-48
29 6 11 8 5 2.08927e-48
29 8 5 6 11 2.46723e-48
29 11 8 5 6 1.28175e-48
29 6 12 9 7 4.31796e-48
29 7 6 12 9 6.39798e-48
29 9 7 6 12 3.09319e-48
29 12 9 7 6 3.07421e-48
29 6 11 7 7 9.33935e-48
29 7 6 11 7 5.35496e-48
29 7 7 6 11 2.47386e-48
29 11 7 7 6 2.41727e-48
29 7 9 9 10 6.42248e-48
29 9 9 10 7 9.33894e-48
29 9 10 7 9 7.16254e-48
29 10 7 9 9 2.58747e-48
29 4 9 4 12 0.0697483
29 4 12 4 9 0.0324264
29 9 4 12 4 1.1321e-47
29 12 4 9 4 7.64178e-48
29 4 7 12 8 0.000277274
29 7 12 8 4 1.54601e-50
29 8 4 7 12 1.53277e-49
29 12 8 4 7 5.35422e-50
30 4 7 6 10 0.0711669
30 6 10 4 7 0.00297207
30 7 6 10 4 0.00449733
30 10 4 7 6 3.17503e-05
30 4 12 12 7 0.000869568
30 7 4 12 12 0.0102416
30 12 7 4 12 0.00458063
30 12 12 7 4 0.000201461
30 8 12 8 12 3.81919e-05
30 12 8 12 8 5.29881e-48
30 5 10 9 7 0.0121645
30 7 5 10 9 1.00144e-45
30 9 7 5 10 0.00455725
30 10 9 7 5 0.00436924
30 8 12 9 10 0.00532034
30 9 10 8 12 0.00289892
30 10 8 12 9 5.41056e-46
30 12 9 10 8 0.00513935
30 4 12 10 8 0.000766627
30 8 4 12 10 0.0145034
30 10 8 4 12 3.71167e-46
30 12 10 8 4 0.00114084
30 6 12 8 12 0.00123526
30 8 12 6 12 0.0113186
30 12 6 12 8 0.0033572
30 12 8 12 6 4.07787e-48
30 4 5 9 6 7.81219e-48
30 5 9 6 4 0.0126017
30 6 4 5 9 0.00192189
30 9 6 4 5 0.000364577
30 4 10 10 12 0.0274156
30 10 10 12 4 0.00541044
30 10 12 4 10 0.00117943
30 12 4 10 10 0.00890368
30 4 9 11 7 4.44806e-05
30 7 4 9 11 5.78507e-05
30 9 11 7 4 2.47647e-06
30 11 7 4 9 2.7688e-05
30 4 10 10 6 0.000168769
30 6 4 10 10 0.0176215
30 10 6 4 10 0.00901088
30 10 10 6 4 0.0182177
30 4 4 11 5 0.000720297
30 4 11 5 4 0.000379157
30 5 4 4 11 0.000893539
30 11 5 4 4 5.19937e-47
30 4 12 12 12 0.00194127
30 12 4 12 12 0.00470666
30 12 12 4 12 0.000434665
30 12 12 12 4 0.000267091
30 4 7 5 5 0.00150659
30 5 4 7 5 0.0008645
30 5 5 4 7 1.10977e-46
30 7 5 5 4 1.00183e-46
30 5 12 8 7 0.000399527
30 7 5 12 8 4.80501e-46
30 8 7 5 12 0.0153096
30 12 8 7 5 1.07272e-46
30 4 8 6 7 1.7772e-45
30 6 7 4 8 0.0036502
30 7 4 8 6 3.60561e-05
30 8 6 7 4 0.00474078
30 4 10 10 9 0.0103182
30 9 4 10 10 0.00358941
30 10 9 4 10 0.00911728
30 10 10 9 4 0.00554875
30 9 10 11 12 4.15589e-05
30 10 11 12 9 3.36767e-05
30 11 12 9 10 3.43719e-05
30 12 9 10 11 8.71046e-05
30 4 11 12 7 0.00239503
30 7 4 11 12 0.00612153
30 11 12 7 4 0.000292259
30 12 7 4 11 0.00227888
30 4 10 6 6 0.000383571
30 6 4 10 6 7.17825e-05
30 6 6 4 10 0.00839212
30 10 6 6 4 0.0123371
30 4 11 8 7 0.00104724
30 7 4 11 8 0.0018845
30 8 7 4 11 0.00536669
30 11 8 7 4 1.35631e-46
30 7 11 11 8 0.0012653
30 8 7 11 11 0.00846735
30 11 8 7 11 2.89867e-46
30 11 11 8 7 0.000897926
30 9 9 11 12 0.00324079
30 9 11 12 9 0.000727077
30 11 12 9 9 0.000974226
30 12 9 9 11 0.00686221
30 7 12 7 12 0.00432806
30 12 7 12 7 0.0124479
30 4 6 4 12 4.78538e-05
30 4 12 4 6 3.85582e-08
30 6 4 12 4 1.84683e-05
30 12 4 6 4 3.14206e-05
30 7 11 11 11 0.00170617
30 11 7 11 11 0.00435219
30 11 11 7 11 0.00143543
30 11 11 11 7 0.00102415
30 5 11 7 7 0.00210847
30 7 5 11 7 4.64182e-46
30 7 7 5 11 0.00781722
30 11 7 7 5 0.00392521
30 4 7 7 10 0.0234498
30 7 7 10 4 0.0091248
30 7 10 4 7 0.00480651
30 10 4 7 7 0.0033983
30 6 10 9 10 0.0399607
30 9 10 6 10 0.0267246
30 10 6 10 9 0.010454
30 10 9 10 6 0.000173009
30 5 9 12 11 0.00809334
30 9 12 11 5 7.61826e-05
30 11 5 9 12 1.10101e-45
30 12 11 5 9 0.000659737
30 4 10 9 6 0.000150562
30 6 4 10 9 0.00565588
30 9 6 4 10 0.00220302
30 10 9 6 4 0.0160872
30 4 12 10 11 0.000996575
30 10 11 4 12 0.00177194
30 11 4 12 10 0.00718666
30 12 10 11 4 0.00125442
30 4 10 10 10 0.0346136
30 10 4 10 10 0.0158077
30 10 10 4 10 0.0111167
30 10 10 10 4 0.00669684
30 8 12 10 11 0.00162139
30 10 11 8 12 0.00239063
30 11 8 12 10 9.50355e-46
30 12 10 11 8 0.0019391
30 5 12 7 8 0.000473948
30 7 8 5 12 6.23341e-46
30 8 5 12 7 7.57138e-46
30 12 7 8 5 0.001413
30 10 11 10 12 0.00647305
30 10 12 10 11 0.00116923
30 11 10 12 10 0.0184626
30 12 10 11 10 0.00760693
30 4 10 11 12 0.0103227
30 10 11 12 4 0.00123276
30 11 12 4 10 0.000751437
30 12 4 10 11 0.00273564
30 7 7 12 9 0.0139757
30 7 12 9 7 0.00161873
30 9 7 7 12 0.00518915
30 12 9 7 7 0.00422941
30 6 8 12 11 4.61485e-46
30 8 12 11 6 8.75118e-06
30 11 6 8 12 0.00489444
30 12 11 6 8 0.00288336
30 4 4 10 11 0.00349469
30 4 10 11 4 0.00181433
30 10 11 4 4 0.00035261
30 11 4 4 10 0.00232738
30 7 11 10 12 0.00817897
30 10 12 7 11 0.000734561
30 11 10 12 7 0.006753
30 12 7 11 10 0.00876824
30 7 12 10 12 0.00341264
30 10 12 7 12 0.0016968
30 12 7 12 10 0.0168585
30 12 10 12 7 0.00534956
30 4 12 10 10 0.00350697
30 10 4 12 10 0.0121961
30 10 10 4 12 0.00840845
30 12 10 10 4 0.00360212
30 5 6 11 8 0.00298515
30 6 11 8 5 0.000760381
30 8 5 6 11 2.94575e-45
30 11 8 5 6 2.66148e-48
30 6 12 9 7 0.00137339
30 7 6 12 9 0.0094514
30 9 7 6 12 0.0216086
30 12 9 7 6 5.42198e-05
30 6 11 7 7 0.00239725
30 7 6 11 7 0.00579351
30 7 7 6 11 0.0499997
30 11 7 7 6 9.23969e-05
30 7 9 9 10 0.0409215
30 9 9 10 7 0.00324633
30 9 10 7 9 0.0020267
30 10 7 9 9 0.0135686
30 4 9 4 12 0.00530317
30 4 12 4 9 0.000258197
30 9 4 12 4 0.000412029
30 12 4 9 4 0.00104818
30 4 7 12 8 8.53083e-05
30 7 12 8 4 3.44229e-06
30 8 4 7 12 0.000113247
30 12 8 4 7 1.22394e-48
31 4 7 6 10 5.63954e-48
31 6 10 4 7 4.4647e-48
31 7 6 10 4 4.6024e-48
31 10 4 7 6 3.98682e-48
31 4 12 12 7 7.57019e-48
31 7 4 12 12 8.65029e-48
31 12 7 4 12 4.70793e-48
31 12 12 7 4 7.4328e-48
31 8 12 8 12 3.65912e-49
31 12 8 12 8 2.90553e-50
31 5 10 9 7 0.0578059
31 7 5 10 9 3.69812e-48
31 9 7 5 10 6.87201e-48
31 10 9 7 5 7.51551e-48
31 8 12 9 10 0.107692
31 9 10 8 12 7.04017e-48
31 10 8 12 9 2.14584e-48
31 12 9 10 8 3.25909e-48
31 4 12 10 8 5.01433e-48
31 8 4 12 10 5.28e-48
31 10 8 4 12 3.68895e-48
31 12 10 8 4 4.93131e-48
31 6 12 8 12 1.93082e-47
31 8 12 6 12 1.7126e-47
31 12 6 12 8 1.80652e-48
31 12 8 12 6 1.49669e-48
31 4 5 9 6 0.032788
31 5 9 6 4 1.06674e-47
31 6 4 5 9 8.63757e-48
31 9 6 4 5 3.26245e-48
31 4 10 10 12 7.04769e-48
31 10 10 12 4 5.94323e-48
31 10 12 4 10 1.04896e-47
31 12 4 10 10 5.45401e-48
31 4 9 11 7 7.12696e-50
31 7 4 9 11 0.000547438
31 9 11 7 4 3.02726e-50
31 11 7 4 9 3.15681e-50
31 4 10 10 6 4.07102e-48
31 6 4 10 10 9.19919e-48
31 10 6 4 10 5.14244e-48
31 10 10 6 4 9.69016e-48
31 4 4 11 5 4.84473e-48
31 4 11 5 4 4.03843e-48
31 5 4 4 11 2.78917e-48
31 11 5 4 4 2.81481e-48
31 4 12 12 12 1.03048e-47
31 12 4 12 12 5.60589e-48
31 12 12 4 12 8.47904e-48
31 12 12 12 4 6.83402e-48
31 4 7 5 5 4.2649e-48
31 5 4 7 5 3.50737e-48
31 5 5 4 7 2.14591e-48
31 7 5 5 4 4.70743e-48
31 5 12 8 7 9.54343e-48
31 7 5 12 8 2.17482e-48
31 8 7 5 12 8.57599e-48
31 12 8 7 5 1.79978e-48
31 4 8 6 7 4.8988e-48
31 6 7 4 8 4.48223e-48
31 7 4 8 6 8.76183e-48
31 8 6 7 4 5.86288e-48
31 4 10 10 9 3.4517e-48
31 9 4 10 10 5.28396e-48
31 10 9 4 10 6.97636e-48
31 10 10 9 4 0.0674778
31 9 10 11 12 7.04162e-50
31 10 11 12 9 2.81609e-50
31 11 12 9 10 0.00113537
31 12 9 10 11 3.98753e-50
31 4 11 12 7 2.8746e-48
31 7 4 11 12 1.10605e-47
31 11 12 7 4 9.19183e-48
31 12 7 4 11 2.37036e-48
31 4 10 6 6 5.09732e-48
31 6 4 10 6 6.00946e-48
31 6 6 4 10 5.23834e-48
31 10 6 6 4 7.64254e-48
31 4 11 8 7 3.85393e-48
31 7 4 11 8 4.77334e-48
31 8 7 4 11 2.91594e-48
31 11 8 7 4 2.78929e-48
31 7 11 11 8 2.21915e-48
31 8 7 11 11 3.01796e-48
31 11 8 7 11 1.41039e-48
31 11 11 8 7 3.17431e-48
31 9 9 11 12 8.57444e-48
31 9 11 12 9 1.8752e-48
31 11 12 9 9 0.0715684
31 12 9 9 11 0.0395676
31 7 12 7 12 2.6473e-47
31 12 7 12 7 6.43415e-48
31 4 6 4 12 5.31553e-50
31 4 12 4 6 6.26312e-50
31 6 4 12 4 8.01867e-50
31 12 4 6 4 7.75134e-50
31 7 11 11 11 2.16018e-48
31 11 7 11 11 2.53143e-48
31 11 11 7 11 1.4726e-48
31 11 11 11 7 2.52601e-48
31 5 11 7 7 3.26547e-48
31 7 5 11 7 5.25781e-48
31 7 7 5 11 6.01602e-48
31 11 7 7 5 4.52357e-48
31 4 7 7 10 5.53353e-48
31 7 7 10 4 7.66739e-48
31 7 10 4 7 6.00807e-48
31 10 4 7 7 7.4581e-48
31 6 10 9 10 0.0727089
31 9 10 6 10 5.99746e-48
31 10 6 10 9 3.57616e-48
31 10 9 10 6 5.72198e-48
31 5 9 12 11 3.34745e-48
31 9 12 11 5 6.96924e-48
31 11 5 9 12 0.0473068
31 12 11 5 9 2.40902e-48
31 4 10 9 6 0.0457446
31 6 4 10 9 6.5665e-48
31 9 6 4 10 3.87768e-48
31 10 9 6 4 1.33618e-47
31 4 12 10 11 4.70558e-48
31 10 11 4 12 3.71318e-48
31 11 4 12 10 4.26956e-48
31 12 10 11 4 3.78307e-48
31 4 10 10 10 5.20652e-48
31 10 4 10 10 7.54494e-48
31 10 10 4 10 5.44745e-48
31 10 10 10 4 6.4658e-48
31 8 12 10 11 4.50662e-48
31 10 11 8 12 4.71021e-48
31 11 8 12 10 1.85415e-48
31 12 10 11 8 1.9166e-48
31 5 12 7 8 4.551e-48
31 7 8 5 12 5.88281e-48
31 8 5 12 7 2.95318e-48
31 12 7 8 5 4.06192e-48
31 10 11 10 12 3.65603e-48
31 10 12 10 11 4.84755e-48
31 11 10 12 10 3.03518e-48
31 12 10 11 10 3.13819e-48
31 4 10 11 12 6.45852e-48
31 10 11 12 4 3.38844e-48
31 11 12 4 10 7.31154e-48
31 12 4 10 11 2.89828e-48
31 7 7 12 9 4.06472e-48
31 7 12 9 7 0.124671
31 9 7 7 12 5.66732e-48
31 12 9 7 7 5.1474e-48
31 6 8 12 11 1.55683e-48
31 8 12 11 6 5.48902e-48
31 11 6 8 12 4.91041e-48
31 12 11 6 8 1.6142e-48
31 4 4 10 11 3.28556e-48
31 4 10 11 4 4.85554e-48
31 10 11 4 4 3.16064e-48
31 11 4 4 10 4.50902e-48
31 7 11 10 12 4.20427e-48
31 10 12 7 11 4.99613e-48
31 11 10 12 7 3.11161e-48
31 12 7 11 10 3.45909e-48
31 7 12 10 12 1.27238e-47
31 10 12 7 12 1.14038e-47
31 12 7 12 10 3.10897e-48
31 12 10 12 7 2.89157e-48
31 4 12 10 10 9.57414e-48
31 10 4 12 10 6.62283e-48
31 10 10 4 12 7.04175e-48
31 12 10 10 4 4.46345e-48
31 5 6 11 8 2.72877e-48
31 6 11 8 5 4.87454e-48
31 8 5 6 11 3.43318e-48
31 11 8 5 6 2.83325e-48
31 6 12 9 7 0.12712
31 7 6 12 9 3.3478e-48
31 9 7 6 12 7.92521e-48
31 12 9 7 6 3.77553e-48
31 6 11 7 7 3.98442e-48
31 7 6 11 7 5.53256e-48
31 7 7 6 11 5.47621e-48
31 11 7 7 6 3.35879e-48
31 7 9 9 10 0.096744
31 9 9 10 7 5.78773e-48
31 9 10 7 9 3.0121e-48
31 10 7 9 9 0.0480039
31 4 9 4 12 7.89817e-48
31 4 12 4 9 5.81623e-48
31 9 4 12 4 5.04467e-48
31 12 4 9 4 0.0591191
31 4 7 12 8 3.3448e-50
31 7 12 8 4 1.91508e-49
31 8 4 7 12 1.01598e-49
31 12 8 4 7 2.56037e-50
32 4 7 6 10 0.00213731
32 6 10 4 7 0.000721495
32 7 6 10 4 0.000992743
32 10 4 7 6 1.2226e-45
32 4 12 12 7 0.00247967
32 7 4 12 12 0.0152326
32 12 7 4 12 0.00247549
32 12 12 7 4 0.00199843
32 8 12 8 12 0.00083803
32 12 8 12 8 2.13154e-90
32 5 10 9 7 5.41591e-89
32 7 5 10 9 1.36182e-45
32 9 7 5 10 0.0175718
32 10 9 7 5 5.18458e-45
32 8 12 9 10 2.7199e-45
32 9 10 8 12 0.0693074
32 10 8 12 9 2.24643e-45
32 12 9 10 8 8.5068e-89
32 4 12 10 8 3.80863e-46
32 8 4 12 10 0.0143439
32 10 8 4 12 1.799e-45
32 12 10 8 4 0.00531051
32 6 12 8 12 0.011143
32 8 12 6 12 0.00828998
32 12 6 12 8 3.32949e-46
32 12 8 12 6 1.40386e-88
32 4 5 9 6 1.97806e-131
32 5 9 6 4 3.6386e-89
32 6 4 5 9 0.00392918
32 9 6 4 5 0.0108035
32 4 10 10 12 0.00761038
32 10 10 12 4 0.00570021
32 10 12 4 10 0.0219716
32 12 4 10 10 0.00661787
32 4 9 11 7 3.73105e-48
32 7 4 9 11 1.85572e-90
32 9 11 7 4 0.000131168
32 11 7 4 9 9.41463e-06
32 4 10 10 6 8.2118e-46
32 6 4 10 10 0.00321943
32 10 6 4 10 0.0109615
32 10 10 6 4 0.00317074
32 4 4 11 5 0.00504232
32 4 11 5 4 0.00577139
32 5 4 4 11 5.34024e-89
32 11 5 4 4 7.41497e-47
32 4 12 12 12 0.0104792
32 12 4 12 12 0.00764761
32 12 12 4 12 0.00710078
32 12 12 12 4 0.00219508
32 4 7 5 5 0.00356109
32 5 4 7 5 7.25444e-46
32 5 5 4 7 1.98394e-89
32 7 5 5 4 4.82961e-46
32 5 12 8 7 6.79148e-46
32 7 5 12 8 1.57817e-88
32 8 7 5 12 0.00609053
32 12 8 7 5 1.24094e-45
32 4 8 6 7 2.21752e-46
32 6 7 4 8 9.93124e-47
32 7 4 8 6 4.65221e-45
32 8 6 7 4 0.00183609
32 4 10 10 9 0.00540547
32 9 4 10 10 0.015187
32 10 9 4 10 4.1195e-45
32 10 10 9 4 6.62156e-46
32 9 10 11 12 0.000243473
32 10 11 12 9 0.000495162
32 11 12 9 10 9.7981e-48
32 12 9 10 11 1.34038e-90
32 4 11 12 7 0.00640616
32 7 4 11 12 0.0110419
32 11 12 7 4 0.000966541
32 12 7 4 11 2.34504e-46
32 4 10 6 6 6.86151e-46
32 6 4 10 6 2.25807e-46
32 6 6 4 10 0.00224017
32 10 6 6 4 0.00122521
32 4 11 8 7 0.0138634
32 7 4 11 8 6.96214e-46
32 8 7 4 11 3.30191e-46
32 11 8 7 4 1.18807e-46
32 7 11 11 8 2.00099e-45
32 8 7 11 11 2.86783e-46
32 11 8 7 11 4.36218e-89
32 11 11 8 7 0.00544375
32 9 9 11 12 4.02385e-45
32 9 11 12 9 0.0543272
32 11 12 9 9 5.14828e-46
32 12 9 9 11 2.6618e-131
32 7 12 7 12 0.035458
32 12 7 12 7 0.00161306
32 4 6 4 12 3.71625e-05
32 4 12 4 6 8.0376e-48
32 6 4 12 4 8.17519e-06
32 12 4 6 4 9.34773e-06
32 7 11 11 11 2.50843e-45
32 11 7 11 11 8.21937e-47
32 11 11 7 11 7.64985e-46
32 11 11 11 7 0.00152147
32 5 11 7 7 8.19887e-46
32 7 5 11 7 4.76882e-46
32 7 7 5 11 9.0656e-46
32 11 7 7 5 0.00189077
32 4 7 7 10 0.00514549
32 7 7 10 4 0.00102041
32 7 10 4 7 0.00434521
32 10 4 7 7 0.00394376
32 6 10 9 10 9.61147e-46
32 9 10 6 10 0.0217111
32 10 6 10 9 0.00480841
32 10 9 10 6 2.74524e-88
32 5 9 12 11 2.43022e-131
32 9 12 11 5 0.019031
32 11 5 9 12 7.28374e-89
32 12 11 5 9 0.0234888
32 4 10 9 6 1.84666e-88
32 6 4 10 9 0.00191558
32 9 6 4 10 0.0136189
32 10 9 6 4 5.93408e-46
32 4 12 10 11 4.60281e-46
32 10 11 4 12 0.0304144
32 11 4 12 10 0.00396324
32 12 10 11 4 0.00143087
32 4 10 10 10 0.0097816
32 10 4 10 10 0.0131613
32 10 10 4 10 0.0237001
32 10 10 10 4 0.00317036
32 8 12 10 11 6.15051e-46
32 10 11 8 12 0.092182
32 11 8 12 10 6.33502e-46
32 12 10 11 8 4.08742e-46
32 5 12 7 8 7.61787e-89
32 7 8 5 12 3.03965e-45
32 8 5 12 7 4.18946e-46
32 12 7 8 5 0.00837125
32 10 11 10 12 0.0226615
32 10 12 10 11 8.30945e-46
32 11 10 12 10 0.00531755
32 12 10 11 10 0.00796985
32 4 10 11 12 0.00773394
32 10 11 12 4 0.010645
32 11 12 4 10 0.00416634
32 12 4 10 11 3.80316e-46
32 7 7 12 9 0.00592232
32 7 12 9 7 6.57423e-46
32 9 7 7 12 0.00874597
32 12 9 7 7 4.85008e-46
32 6 8 12 11 4.24217e-89
32 8 12 11 6 8.24774e-46
32 11 6 8 12 0.0039105
32 12 11 6 8 6.78561e-46
32 4 4 10 11 3.53683e-46
32 4 10 11 4 0.00150658
32 10 11 4 4 0.00670802
32 11 4 4 10 0.00282762
32 7 11 10 12 0.0233986
32 10 12 7 11 1.40225e-45
32 11 10 12 7 0.00100927
32 12 7 11 10 0.00265553
32 7 12 10 12 0.0104084
32 10 12 7 12 0.0170113
32 12 7 12 10 0.00420997
32 12 10 12 7 0.00239814
32 4 12 10 10 0.00865981
32 10 4 12 10 0.0225979
32 10 10 4 12 0.017609
32 12 10 10 4 0.00152236
32 5 6 11 8 3.14816e-89
32 6 11 8 5 0.0313964
32 8 5 6 11 9.70577e-89
32 11 8 5 6 8.28554e-89
32 6 12 9 7 1.49782e-46
32 7 6 12 9 0.00790582
32 9 7 6 12 0.00498472
32 12 9 7 6 2.06308e-88
32 6 11 7 7 0.0026132
32 7 6 11 7 0.00164513
32 7 7 6 11 3.53156e-46
32 11 7 7 6 1.59868e-46
32 7 9 9 10 7.76819e-88
32 9 9 10 7 7.88926e-46
32 9 10 7 9 0.0223009
32 10 7 9 9 7.96979e-46
32 4 9 4 12 1.52968e-45
32 4 12 4 9 0.00579485
32 9 4 12 4 0.00422387
32 12 4 9 4 2.13809e-46
32 4 7 12 8 3.12019e-48
32 7 12 8 4 0.000128165
32 8 4 7 12 0.000132793
32 12 8 4 7 2.79764e-48
33 4 7 6 10 9.94316e-48
33 6 10 4 7 8.24626e-48
33 7 6 10 4 1.24185e-47
33 10 4 7 6 9.1842e-48
33 4 12 12 7 8.84588e-48
33 7 4 12 12 5.97908e-48
33 12 7 4 12 5.6065e-48
33 12 12 7 4 6.25165e-48
33 8 12 8 12 0.000931546
33 12 8 12 8 8.02345e-50
33 5 10 9 7 1.61704e-47
33 7 5 10 9 7.86492e-48
33 9 7 5 10 1.82447e-47
33 10 9 7 5 2.28316e-48
33 8 12 9 10 0.123076
33 9 10 8 12 4.12166e-48
33 10 8 12 9 4.03394e-48
33 12 9 10 8 8.30694e-48
33 4 12 10 8 7.98121e-48
33 8 4 12 10 0.105894
33 10 8 4 12 3.1236e-48
33 12 10 8 4 3.1303e-48
33 6 12 8 12 4.69971e-48
33 8 12 6 12 0.0761777
33 12 6 12 8 6.20725e-48
33 12 8 12 6 7.25529e-48
33 4 5 9 6 8.94058e-48
33 5 9 6 4 1.09747e-47
33 6 4 5 9 8.47498e-48
33 9 6 4 5 2.63597e-48
33 4 10 10 12 1.10129e-47
33 10 10 12 4 7.97219e-48
33 10 12 4 10 8.2528e-48
33 12 4 10 10 1.64988e-47
33 4 9 11 7 5.32624e-50
33 7 4 9 11 7.74425e-50
33 9 11 7 4 1.21284e-49
33 11 7 4 9 6.30804e-50
33 4 10 10 6 2.09363e-47
33 6 4 10 10 2.69005e-47
33 10 6 4 10 1.09596e-47
33 10 10 6 4 8.45201e-48
33 4 4 11 5 9.05891e-49
33 4 11 5 4 7.40557e-48
33 5 4 4 11 6.41976e-48
33 11 5 4 4 3.55247e-48
33 4 12 12 12 5.73683e-48
33 12 4 12 12 5.49742e-48
33 12 12 4 12 4.19354e-48
33 12 12 12 4 6.33314e-48
33 4 7 5 5 1.74074e-48
33 5 4 7 5 1.93115e-48
33 5 5 4 7 5.20124e-48
33 7 5 5 4 3.53362e-48
33 5 12 8 7 6.5356e-48
33 7 5 12 8 3.50368e-48
33 8 7 5 12 0.0900906
33 12 8 7 5 1.14869e-48
33 4 8 6 7 8.10317e-48
33 6 7 4 8 9.67346e-48
33 7 4 8 6 7.41769e-48
33 8 6 7 4 0.135054
33 4 10 10 9 8.75346e-48
33 9 4 10 10 2.01919e-47
33 10 9 4 10 7.23214e-48
33 10 10 9 4 7.47584e-48
33 9 10 11 12 5.37677e-50
33 10 11 12 9 9.16962e-50
33 11 12 9 10 1.32694e-49
33 12 9 10 11 1.34336e-49
33 4 11 12 7 1.2666e-47
33 7 4 11 12 3.7108e-48
33 11 12 7 4 7.99353e-48
33 12 7 4 11 6.99475e-48
33 4 10 6 6 1.11774e-47
33 6 4 10 6 2.85915e-47
33 6 6 4 10 1.37225e-47
33 10 6 6 4 9.81057e-48
33 4 11 8 7 6.31969e-48
33 7 4 11 8 3.00239e-48
33 8 7 4 11 0.0869983
33 11 8 7 4 5.28067e-48
33 7 11 11 8 3.63138e-48
33 8 7 11 11 0.0597895
33 11 8 7 11 4.83073e-48
33 11 11 8 7 6.5408e-48
33 9 9 11 12 4.68701e-48
33 9 11 12 9 9.80786e-48
33 11 12 9 9 6.71081e-48
33 12 9 9 11 7.21938e-48
33 7 12 7 12 1.14583e-47
33 12 7 12 7 2.20012e-47
33 4 6 4 12 5.85959e-50
33 4 12 4 6 8.38826e-50
33 6 4 12 4 1.04114e-49
33 12 4 6 4 6.7699e-50
33 7 11 11 11 4.67217e-48
33 11 7 11 11 5.12858e-48
33 11 11 7 11 8.73634e-48
33 11 11 11 7 6.78853e-48
33 5 11 7 7 2.05649e-47
33 7 5 11 7 4.60306e-48
33 7 7 5 11 1.09174e-47
33 11 7 7 5 3.30161e-48
33 4 7 7 10 1.36179e-47
33 7 7 10 4 1.83899e-47
33 7 10 4 7 8.09125e-48
33 10 4 7 7 1.09573e-47
33 6 10 9 10 1.46229e-47
33 9 10 6 10 1.24094e-47
33 10 6 10 9 1.27569e-47
33 10 9 10 6 2.01344e-47
33 5 9 12 11 9.58193e-48
33 9 12 11 5 1.38032e-48
33 11 5 9 12 4.92518e-48
33 12 11 5 9 6.3614e-48
33 4 10 9 6 1.27411e-47
33 6 4 10 9 1.54058e-47
33 9 6 4 10 1.32745e-47
33 10 9 6 4 8.34325e-48
33 4 12 10 11 9.8995e-48
33 10 11 4 12 5.4459e-48
33 11 4 12 10 8.75671e-48
33 12 10 11 4 3.13205e-48
33 4 10 10 10 1.64571e-47
33 10 4 10 10 1.79495e-47
33 10 10 4 10 7.8884e-48
33 10 10 10 4 1.32267e-47
33 8 12 10 11 0.116498
33 10 11 8 12 3.51709e-48
33 11 8 12 10 5.71179e-48
33 12 10 11 8 2.17194e-48
33 5 12 7 8 6.78902e-48
33 7 8 5 12 3.89517e-48
33 8 5 12 7 0.076406
33 12 7 8 5 1.17574e-48
33 10 11 10 12 1.11866e-47
33 10 12 10 11 9.74714e-48
33 11 10 12 10 7.90507e-48
33 12 10 11 10 3.83702e-48
33 4 10 11 12 3.21222e-48
33 10 11 12 4 9.31176e-48
33 11 12 4 10 7.56288e-48
33 12 4 10 11 1.07405e-47
33 7 7 12 9 7.57466e-48
33 7 12 9 7 1.03069e-47
33 9 7 7 12 1.05855e-47
33 12 9 7 7 8.74198e-48
33 6 8 12 11 5.49281e-48
33 8 12 11 6 0.0599824
33 11 6 8 12 3.46295e-48
33 12 11 6 8 5.02039e-48
33 4 4 10 11 1.00184e-47
33 4 10 11 4 3.30771e-48
33 10 11 4 4 6.34915e-48
33 11 4 4 10 6.76003e-48
33 7 11 10 12 1.15294e-47
33 10 12 7 11 5.97881e-48
33 11 10 12 7 8.40931e-48
33 12 7 11 10 5.53289e-48
33 7 12 10 12 9.25351e-48
33 10 12 7 12 5.50723e-48
33 12 7 12 10 1.02452e-47
33 12 10 12 7 7.55814e-48
33 4 12 10 10 1.64419e-47
33 10 4 12 10 1.03316e-47
33 10 10 4 12 5.04113e-48
33 12 10 10 4 1.16102e-47
33 5 6 11 8 5.89708e-48
33 6 11 8 5 2.13595e-48
33 8 5 6 11 0.0681869
33 11 8 5 6 9.05675e-48
33 6 12 9 7 1.44132e-47
33 7 6 12 9 7.01851e-48
33 9 7 6 12 1.06052e-47
33 12 9 7 6 1.0054e-47
33 6 11 7 7 1.87196e-47
33 7 6 11 7 7.28138e-48
33 7 7 6 11 1.01319e-47
33 11 7 7 6 1.68994e-47
33 7 9 9 10 1.01561e-47
33 9 9 10 7 2.08635e-47
33 9 10 7 9 6.97941e-48
33 10 7 9 9 8.24371e-48
33 4 9 4 12 4.23507e-48
33 4 12 4 9 3.84124e-48
33 9 4 12 4 8.55946e-48
33 12 4 9 4 6.55848e-48
33 4 7 12 8 8.40582e-50
33 7 12 8 4 4.6553e-50
33 8 4 7 12 0.000914262
33 12 8 4 7 5.78626e-50
34 4 7 6 10 5.54445e-46
34 6 10 4 7 0.00170095
34 7 6 10 4 0.00269578
34 10 4 7 6 0.0174007
34 4 12 12 7 0.00450079
34 7 4 12 12 0.00969304
34 12 7 4 12 0.00227998
34 12 12 7 4 0.00368105
34 8 12 8 12 0.000613617
34 12 8 12 8 1.13059e-47
34 5 10 9 7 0.00217134
34 7 5 10 9 6.20482e-45
34 9 7 5 10 4.71966e-46
34 10 9 7 5 0.0241305
34 8 12 9 10 2.12545e-45
34 9 10 8 12 0.00656365
34 10 8 12 9 1.29068e-45
34 12 9 10 8 5.04502e-46
34 4 12 10 8 9.1646e-46
34 8 4 12 10 2.53888e-45
34 10 8 4 12 0.0156326
34 12 10 8 4 0.00138604
34 6 12 8 12 0.00970715
34 8 12 6 12 0.0303545
34 12 6 12 8 3.22484e-46
34 12 8 12 6 0.00495974
34 4 5 9 6 0.0298364
34 5 9 6 4 0.00310221
34 6 4 5 9 1.20502e-45
34 9 6 4 5 0.0117356
34 4 10 10 12 0.00844574
34 10 10 12 4 0.00169394
34 10 12 4 10 1.8227e-45
34 12 4 10 10 1.99704e-45
34 4 9 11 7 5.4596e-05
34 7 4 9 11 8.00491e-48
34 9 11 7 4 0.000101347
34 11 7 4 9 3.35784e-48
34 4 10 10 6 0.00606185
34 6 4 10 10 2.11635e-45
34 10 6 4 10 1.67243e-45
34 10 10 6 4 0.00357316
34 4 4 11 5 0.019062
34 4 11 5 4 0.00575607
34 5 4 4 11 6.83325e-46
34 11 5 4 4 0.0113273
34 4 12 12 12 0.00808867
34 12 4 12 12 0.00768868
34 12 12 4 12 0.00709544
34 12 12 12 4 0.00164035
34 4 7 5 5 0.00325524
34 5 4 7 5 0.0172353
34 5 5 4 7 0.0135699
34 7 5 5 4 0.0089115
34 5 12 8 7 0.00532624
34 7 5 12 8 1.83608e-45
34 8 7 5 12 0.00605843
34 12 8 7 5 0.0186758
34 4 8 6 7 0.0153727
34 6 7 4 8 1.98987e-46
34 7 4 8 6 0.0149325
34 8 6 7 4 0.011389
34 4 10 10 9 7.51566e-46
34 9 4 10 10 2.35644e-45
34 10 9 4 10 1.23284e-45
34 10 10 9 4 0.00165623
34 9 10 11 12 6.79505e-05
34 10 11 12 9 2.30437e-47
34 11 12 9 10 1.29252e-47
34 12 9 10 11 6.41083e-48
34 4 11 12 7 0.00948584
34 7 4 11 12 0.0157022
34 11 12 7 4 0.00550287
34 12 7 4 11 1.73949e-46
34 4 10 6 6 0.00615304
34 6 4 10 6 0.0102688
34 6 6 4 10 8.62334e-46
34 10 6 6 4 0.00551345
34 4 11 8 7 0.0155669
34 7 4 11 8 9.88718e-46
34 8 7 4 11 4.48462e-46
34 11 8 7 4 0.00681263
34 7 11 11 8 1.21599e-45
34 8 7 11 11 4.59376e-46
34 11 8 7 11 1.42165e-45
34 11 11 8 7 0.0129081
34 9 9 11 12 0.00879608
34 9 11 12 9 1.50562e-45
34 11 12 9 9 8.84913e-46
34 12 9 9 11 3.43269e-46
34 7 12 7 12 0.0291722
34 12 7 12 7 0.00184369
34 4 6 4 12 9.99656e-05
34 4 12 4 6 7.81965e-05
34 6 4 12 4 2.53718e-05
34 12 4 6 4 5.05017e-05
34 7 11 11 11 1.22935e-45
34 11 7 11 11 2.22254e-46
34 11 11 7 11 2.01939e-45
34 11 11 11 7 0.0106318
34 5 11 7 7 0.0170506
34 7 5 11 7 0.0291953
34 7 7 5 11 2.5106e-46
34 11 7 7 5 0.00804905
34 4 7 7 10 8.67621e-46
34 7 7 10 4 0.00138866
34 7 10 4 7 0.00297639
34 10 4 7 7 0.0198428
34 6 10 9 10 4.11567e-46
34 9 10 6 10 9.88645e-46
34 10 6 10 9 1.5748e-45
34 10 9 10 6 0.00936313
34 5 9 12 11 3.10536e-46
34 9 12 11 5 0.0132567
34 11 5 9 12 0.0348786
34 12 11 5 9 1.41504e-45
34 4 10 9 6 0.00367558
34 6 4 10 9 1.64078e-45
34 9 6 4 10 1.23741e-45
34 10 9 6 4 0.00523782
34 4 12 10 11 8.93219e-46
34 10 11 4 12 0.0214071
34 11 4 12 10 1.18419e-45
34 12 10 11 4 0.00110056
34 4 10 10 10 1.04376e-45
34 10 4 10 10 3.42917e-45
34 10 10 4 10 9.05536e-46
34 10 10 10 4 0.00294102
34 8 12 10 11 1.49307e-45
34 10 11 8 12 0.0259658
34 11 8 12 10 9.99988e-46
34 12 10 11 8 2.21559e-46
34 5 12 7 8 8.24712e-46
34 7 8 5 12 0.0114212
34 8 5 12 7 0.0332014
34 12 7 8 5 0.00354704
34 10 11 10 12 0.0262768
34 10 12 10 11 9.5121e-46
34 11 10 12 10 3.83844e-46
34 12 10 11 10 4.15946e-46
34 4 10 11 12 0.00614441
34 10 11 12 4 0.00560322
34 11 12 4 10 1.2373e-45
34 12 4 10 11 9.61293e-46
34 7 7 12 9 2.28269e-46
34 7 12 9 7 0.00434311
34 9 7 7 12 0.00538784
34 12 9 7 7 0.00534804
34 6 8 12 11 3.95305e-46
34 8 12 11 6 0.0118382
34 11 6 8 12 0.00888971
34 12 11 6 8 1.10552e-45
34 4 4 10 11 1.30851e-45
34 4 10 11 4 0.00169614
34 10 11 4 4 0.00669054
34 11 4 4 10 1.60092e-45
34 7 11 10 12 0.019889
34 10 12 7 11 1.2675e-45
34 11 10 12 7 0.00178171
34 12 7 11 10 2.77354e-46
34 7 12 10 12 0.0108449
34 10 12 7 12 0.0190921
34 12 7 12 10 1.96758e-46
34 12 10 12 7 0.00136968
34 4 12 10 10 2.00632e-45
34 10 4 12 10 1.88615e-45
34 10 10 4 12 0.00699729
34 12 10 10 4 0.00163563
34 5 6 11 8 5.68301e-46
34 6 11 8 5 0.0256497
34 8 5 6 11 9.99014e-45
34 11 8 5 6 0.0101127
34 6 12 9 7 0.0034056
34 7 6 12 9 6.08032e-46
34 9 7 6 12 0.00472426
34 12 9 7 6 0.00643503
34 6 11 7 7 0.014195
34 7 6 11 7 0.00530705
34 7 7 6 11 3.31824e-46
34 11 7 7 6 0.00393799
34 7 9 9 10 7.57e-46
34 9 9 10 7 0.00566476
34 9 10 7 9 8.60073e-46
34 10 7 9 9 3.5271e-46
34 4 9 4 12 0.00807105
34 4 12 4 9 1.06187e-45
34 9 4 12 4 0.00309415
34 12 4 9 4 0.00256386
34 4 7 12 8 2.21686e-48
34 7 12 8 4 4.59692e-05
34 8 4 7 12 0.000602542
34 12 8 4 7 6.62085e-05
35 3 0 2 11 0.0333092
35 3 0 3 4 0.031385
35 1 0 3 12 0.0534676
35 2 0 3 8 0.0466742
35 3 0 3 5 0.129695
35 2 0 3 4 0.0286796
35 1 0 2 11 0.0352766
35 1 0 2 6 0.0456308
35 1 0 3 10 0.0408459
35 2 0 1 12 0.0661711
35 1 0 3 4 0.0342945
35 2 0 1 4 0.0209692
35 2 0 2 9 0.0363796
35 3 0 3 7 0.0404701
35 1 0 1 11 0.0376804
35 2 0 2 11 0.0293391
35 3 0 2 8 0.0363815
35 3 0 3 12 0.0489527
35 1 0 2 10 0.028944
35 3 0 1 11 0.0349341
35 3 0 3 11 0.0466329
35 3 0 2 9 0.0398189
35 3 0 1 4 0.0228387
35 3 0 1 5 0.0312294
36 2 11 3 0 0.0185711
36 3 4 3 0 0.032917
36 3 12 1 0 0.0336681
36 3 8 2 0 0.0258402
36 3 5 3 0 0.159031
36 3 4 2 0 0.0349091
36 2 11 1 0 0.0205881
36 2 6 1 0 0.0797634
36 3 10 1 0 0.0521203
36 1 12 2 0 0.0762505
36 3 4 1 0 0.0376514
36 1 4 2 0 0.0421292
36 2 9 2 0 0.0295615
36 3 7 3 0 0.0288768
36 1 11 1 0 0.0365955
36 2 11 2 0 0.0189839
36 2 8 3 0 0.0172142
36 3 12 3 0 0.0294475
36 2 10 1 0 0.0366329
36 1 11 3 0 0.0324119
36 3 11 3 0 0.0262126
36 2 9 3 0 0.0278799
36 1 4 3 0 0.0395374
36 1 5 3 0 0.0632063
37 4 7 6 10 0.00067051
37 6 10 4 7 0.00145446
37 7 6 10 4 0.00811073
37 10 4 7 6 0.0172464
37 4 12 12 7 0.000629959
37 7 4 12 12 0.0118325
37 12 7 4 12 0.00201733
37 12 12 7 4 0.00412952
37 8 12 8 12 0.000135515
37 12 8 12 8 3.68161e-05
37 5 10 9 7 0.00177292
37 7 5 10 9 0.00141266
37 9 7 5 10 0.00112976
37 10 9 7 5 0.0699259
37 8 12 9 10 0.00192907
37 9 10 8 12 0.00687685
37 10 8 12 9 0.00258452
37 12 9 10 8 0.00471136
37 4 12 10 8 0.00338953
37 8 4 12 10 0.00458838
37 10 8 4 12 0.00424612
37 12 10 8 4 0.00615636
37 6 12 8 12 0.00710847
37 8 12 6 12 0.00262453
37 12 6 12 8 0.00329854
37 12 8 12 6 0.00100334
37 4 5 9 6 0.0013205
37 5 9 6 4 0.0059766
37 6 4 5 9 0.00955334
37 9 6 4 5 0.0181247
37 4 10 10 12 0.00646861
37 10 10 12 4 0.0131188
37 10 12 4 10 0.00243368
37 12 4 10 10 0.00365558
37 4 9 11 7 1.03746e-05
37 7 4 9 11 0.000308508
37 9 11 7 4 3.59075e-05
37 11 7 4 9 1.59168e-05
37 4 10 10 6 0.00448431
37 6 4 10 10 0.00905808
37 10 6 4 10 0.00435463
37 10 10 6 4 0.0100576
37 4 4 11 5 0.0242724
37 4 11 5 4 0.00175462
37 5 4 4 11 0.0166145
37 11 5 4 4 0.00134618
37 4 12 12 12 0.00269407
37 12 4 12 12 0.00645689
37 12 12 4 12 0.00191785
37 12 12 12 4 0.00243766
37 4 7 5 5 0.0068413
37 5 4 7 5 0.0440894
37 5 5 4 7 0.00024272
37 7 5 5 4 0.00144809
37 5 12 8 7 0.00100307
37 7 5 12 8 0.00154058
37 8 7 5 12 0.00322498
37 12 8 7 5 0.00832693
37 4 8 6 7 0.000485504
37 6 7 4 8 0.0064004
37 7 4 8 6 0.0163445
37 8 6 7 4 0.0175693
37 4 10 10 9 0.00339998
37 9 4 10 10 0.00448187
37 10 9 4 10 0.00410338
37 10 10 9 4 0.016035
37 9 10 11 12 4.17667e-05
37 10 11 12 9 2.25919e-05
37 11 12 9 10 1.50892e-05
37 12 9 10 11 9.72484e-05
37 4 11 12 7 0.000403564
37 7 4 11 12 0.0104394
37 11 12 7 4 0.00559927
37 12 7 4 11 0.00388696
37 4 10 6 6 0.00231626
37 6 4 10 6 0.01391
37 6 6 4 10 0.00324345
37 10 6 6 4 0.00939973
37 4 11 8 7 0.000614813
37 7 4 11 8 0.0102198
37 8 7 4 11 0.00706637
37 11 8 7 4 0.00430359
37 7 11 11 8 0.00153476
37 8 7 11 11 0.00492043
37 11 8 7 11 0.00514887
37 11 11 8 7 0.000468368
37 9 9 11 12 0.00418611
37 9 11 12 9 0.000947542
37 11 12 9 9 0.00199942
37 12 9 9 11 0.00911418
37 7 12 7 12 0.0107995
37 12 7 12 7 0.000855639
37 4 6 4 12 5.20205e-05
37 4 12 4 6 2.01545e-05
37 6 4 12 4 0.000219453
37 12 4 6 4 6.78987e-05
37 7 11 11 11 0.00252042
37 11 7 11 11 0.00306207
37 11 11 7 11 0.0035808
37 11 11 11 7 0.00022632
37 5 11 7 7 0.000793679
37 7 5 11 7 0.000360611
37 7 7 5 11 0.00695739
37 11 7 7 5 0.0171633
37 4 7 7 10 0.00217933
37 7 7 10 4 0.00701335
37 7 10 4 7 0.00158221
37 10 4 7 7 0.00855675
37 6 10 9 10 0.00398783
37 9 10 6 10 0.00123761
37 10 6 10 9 0.00707468
37 10 9 10 6 0.00879258
37 5 9 12 11 0.00943742
37 9 12 11 5 0.00713688
37 11 5 9 12 0.00146831
37 12 11 5 9 0.000585856
37 4 10 9 6 0.00475918
37 6 4 10 9 0.0135917
37 9 6 4 10 0.00206822
37 10 9 6 4 0.011415
37 4 12 10 11 0.00536622
37 10 11 4 12 0.0028468
37 11 4 12 10 0.00275276
37 12 10 11 4 0.00286785
37 4 10 10 10 0.00243969
37 10 4 10 10 0.0101604
37 10 10 4 10 0.00389276
37 10 10 10 4 0.0162678
37 8 12 10 11 0.00640684
37 10 11 8 12 0.00400103
37 11 8 12 10 0.000579752
37 12 10 11 8 0.00203775
37 5 12 7 8 0.00467262
37 7 8 5 12 0.00237684
37 8 5 12 7 0.000365278
37 12 7 8 5 0.0102547
37 10 11 10 12 0.00311511
37 10 12 10 11 0.0093693
37 11 10 12 10 0.00115407
37 12 10 11 10 0.000750934
37 4 10 11 12 0.00358852
37 10 11 12 4 0.00409676
37 11 12 4 10 0.000925728
37 12 4 10 11 0.0145615
37 7 7 12 9 0.0021644
37 7 12 9 7 0.00111889
37 9 7 7 12 0.00466711
37 12 9 7 7 0.00142681
37 6 8 12 11 0.00488907
37 8 12 11 6 0.00148144
37 11 6 8 12 0.00492452
37 12 11 6 8 0.000640594
37 4 4 10 11 0.0195686
37 4 10 11 4 0.00436349
37 10 11 4 4 0.00391922
37 11 4 4 10 0.00298162
37 7 11 10 12 0.00211742
37 10 12 7 11 0.0131957
37 11 10 12 7 0.000737645
37 12 7 11 10 0.000509101
37 7 12 10 12 0.00379843
37 10 12 7 12 0.00787038
37 12 7 12 10 0.000663136
37 12 10 12 7 0.000625193
37 4 12 10 10 0.00145656
37 10 4 12 10 0.00782458
37 10 10 4 12 0.00985647
37 12 10 10 4 0.00558939
37 5 6 11 8 0.00453004
37 6 11 8 5 0.0160998
37 8 5 6 11 0.00240068
37 11 8 5 6 0.00126837
37 6 12 9 7 0.00141129
37 7 6 12 9 0.00343449
37 9 7 6 12 0.00197026
37 12 9 7 6 0.00394591
37 6 11 7 7 0.00107972
37 7 6 11 7 0.00116157
37 7 7 6 11 0.00488932
37 11 7 7 6 0.00287611
37 7 9 9 10 0.00353054
37 9 9 10 7 0.00148571
37 9 10 7 9 0.00432813
37 10 7 9 9 0.00465552
37 4 9 4 12 0.00536891
37 4 12 4 9 0.00167368
37 9 4 12 4 0.0118928
37 12 4 9 4 0.0118565
37 4 7 12 8 3.75783e-05
37 7 12 8 4 9.21836e-05
37 8 4 7 12 0.00026936
37 12 8 4 7 4.66891e-06
38 4 7 6 10 0.000622308
38 6 10 4 7 0.00366163
38 7 6 10 4 0.00314967
38 10 4 7 6 0.00258428
38 4 12 12 7 0.00107367
38 7 4 12 12 0.000778728
38 12 7 4 12 0.000229518
38 12 12 7 4 0.000527985
38 8 12 8 12 2.05509e-05
38 12 8 12 8 1.70118e-05
38 5 10 9 7 0.012972
38 7 5 10 9 0.00450636
38 9 7 5 10 0.00316921
38 10 9 7 5 0.00442357
38 8 12 9 10 0.00153857
38 9 10 8 12 0.00560843
38 10 8 12 9 0.00528974
38 12 9 10 8 0.00550432
38 4 12 10 8 0.00123701
38 8 4 12 10 0.00149385
38 10 8 4 12 0.000696442
38 12 10 8 4 0.00401618
38 6 12 8 12 0.00199577
38 8 12 6 12 0.00174014
38 12 6 12 8 0.00477862
38 12 8 12 6 0.00103051
38 4 5 9 6 0.00276575
38 5 9 6 4 0.00416532
38 6 4 5 9 0.0115628
38 9 6 4 5 0.000652074
38 4 10 10 12 0.0120803
38 10 10 12 4 0.0418165
38 10 12 4 10 0.00143008
38 12 4 10 10 0.00297669
38 4 9 11 7 3.75461e-05
38 7 4 9 11 8.1988e-06
38 9 11 7 4 1.62597e-05
38 11 7 4 9 5.69714e-06
38 4 10 10 6 0.0136503
38 6 4 10 10 0.00708312
38 10 6 4 10 0.00544179
38 10 10 6 4 0.0441123
38 4 4 11 5 0.000601822
38 4 11 5 4 0.0044054
38 5 4 4 11 0.0002987
38 11 5 4 4 0.000922004
38 4 12 12 12 0.00103348
38 12 4 12 12 0.0016677
38 12 12 4 12 0.000301572
38 12 12 12 4 0.00134654
38 4 7 5 5 0.000634904
38 5 4 7 5 0.000264591
38 5 5 4 7 0.000578426
38 7 5 5 4 0.00231582
38 5 12 8 7 0.000903722
38 7 5 12 8 0.00131513
38 8 7 5 12 0.00259761
38 12 8 7 5 0.000175767
38 4 8 6 7 0.000772305
38 6 7 4 8 0.000512796
38 7 4 8 6 0.000551805
38 8 6 7 4 0.00247794
38 4 10 10 9 0.0134116
38 9 4 10 10 0.00271296
38 10 9 4 10 0.00318756
38 10 10 9 4 0.0348129
38 9 10 11 12 0.00017385
38 10 11 12 9 0.000324774
38 11 12 9 10 3.4557e-05
38 12 9 10 11 9.18562e-05
38 4 11 12 7 0.00327695
38 7 4 11 12 0.00110358
38 11 12 7 4 0.00106629
38 12 7 4 11 0.000262184
38 4 10 6 6 0.00747815
38 6 4 10 6 0.00729562
38 6 6 4 10 0.00253115
38 10 6 6 4 0.0233644
38 4 11 8 7 0.00157118
38 7 4 11 8 0.000792242
38 8 7 4 11 0.000247236
38 11 8 7 4 0.000555906
38 7 11 11 8 0.00203873
38 8 7 11 11 0.00163365
38 11 8 7 11 0.000663122
38 11 11 8 7 0.00431716
38 9 9 11 12 0.00613836
38 9 11 12 9 0.00658482
38 11 12 9 9 0.00397998
38 12 9 9 11 0.0045197
38 7 12 7 12 0.000591691
38 12 7 12 7 0.00255515
38 4 6 4 12 7.18355e-06
38 4 12 4 6 2.13315e-06
38 6 4 12 4 3.23662e-05
38 12 4 6 4 1.43487e-05
38 7 11 11 11 0.00270683
38 11 7 11 11 0.00291926
38 11 11 7 11 0.00323919
38 11 11 11 7 0.010647
38 5 11 7 7 0.00250556
38 7 5 11 7 0.00299582
38 7 7 5 11 0.00163209
38 11 7 7 5 0.000575588
38 4 7 7 10 0.000340242
38 7 7 10 4 0.000926616
38 7 10 4 7 0.00105692
38 10 4 7 7 0.00349489
38 6 10 9 10 0.0220961
38 9 10 6 10 0.0107239
38 10 6 10 9 0.0588952
38 10 9 10 6 0.0351119
38 5 9 12 11 0.00476592
38 9 12 11 5 0.00114572
38 11 5 9 12 0.0068052
38 12 11 5 9 0.012653
38 4 10 9 6 0.00760577
38 6 4 10 9 0.00923786
38 9 6 4 10 0.00124941
38 10 9 6 4 0.0176376
38 4 12 10 11 0.00158332
38 10 11 4 12 0.00327963
38 11 4 12 10 0.00257346
38 12 10 11 4 0.00954857
38 4 10 10 10 0.0110722
38 10 4 10 10 0.0127226
38 10 10 4 10 0.00858373
38 10 10 10 4 0.0672724
38 8 12 10 11 0.0023745
38 10 11 8 12 0.00857012
38 11 8 12 10 0.00132227
38 12 10 11 8 0.00836709
38 5 12 7 8 0.000511026
38 7 8 5 12 0.000881667
38 8 5 12 7 0.00384584
38 12 7 8 5 0.000313949
38 10 11 10 12 0.0275053
38 10 12 10 11 0.0102945
38 11 10 12 10 0.0145616
38 12 10 11 10 0.0102181
38 4 10 11 12 0.0082975
38 10 11 12 4 0.0165796
38 11 12 4 10 0.000526882
38 12 4 10 11 0.00289274
38 7 7 12 9 0.000782984
38 7 12 9 7 0.000801463
38 9 7 7 12 0.000539753
38 12 9 7 7 0.00180187
38 6 8 12 11 0.00175396
38 8 12 11 6 0.00186896
38 11 6 8 12 0.00456042
38 12 11 6 8 0.00286077
38 4 4 10 11 0.00160531
38 4 10 11 4 0.00599943
38 10 11 4 4 0.0026848
38 11 4 4 10 0.000471822
38 7 11 10 12 0.00309795
38 10 12 7 11 0.00258675
38 11 10 12 7 0.0170159
38 12 7 11 10 0.00133571
38 7 12 10 12 0.00116646
38 10 12 7 12 0.00260233
38 12 7 12 10 0.00108317
38 12 10 12 7 0.00968272
38 4 12 10 10 0.00176159
38 10 4 12 10 0.00755225
38 10 10 4 12 0.00894354
38 12 10 10 4 0.0150308
38 5 6 11 8 0.00731169
38 6 11 8 5 0.00311678
38 8 5 6 11 0.00464095
38 11 8 5 6 0.00448266
38 6 12 9 7 0.00380985
38 7 6 12 9 0.00365182
38 9 7 6 12 0.00135458
38 12 9 7 6 0.00182819
38 6 11 7 7 0.00471914
38 7 6 11 7 0.00417284
38 7 7 6 11 0.000683116
38 11 7 7 6 0.00108629
38 7 9 9 10 0.00182862
38 9 9 10 7 0.00781758
38 9 10 7 9 0.00548331
38 10 7 9 9 0.00692271
38 4 9 4 12 0.000460868
38 4 12 4 9 0.000229553
38 9 4 12 4 0.00135778
38 12 4 9 4 0.00124027
38 4 7 12 8 7.64859e-06
38 7 12 8 4 4.08355e-06
38 8 4 7 12 8.35271e-06
38 12 8 4 7 2.21249e-06
39 4 7 6 10 8.15782e-48
39 6 10 4 7 2.14363e-48
39 7 6 10 4 5.18589e-48
39 10 4 7 6 0.0373525
39 4 12 12 7 4.18359e-48
39 7 4 12 12 0.0140972
39 12 7 4 12 2.09136e-48
39 12 12 7 4 4.19568e-48
39 8 12 8 12 1.69695e-50
39 12 8 12 8 9.79406e-50
39 5 10 9 7 2.64502e-48
39 7 5 10 9 5.97686e-48
39 9 7 5 10 5.47512e-48
39 10 9 7 5 2.89385e-48
39 8 12 9 10 1.58484e-48
39 9 10 8 12 2.33076e-48
39 10 8 12 9 6.14472e-48
39 12 9 10 8 6.08807e-48
39 4 12 10 8 7.44913e-48
39 8 4 12 10 0.0170215
39 10 8 4 12 3.24768e-48
39 12 10 8 4 2.87597e-48
39 6 12 8 12 1.77904e-48
39 8 12 6 12 1.36056e-48
39 12 6 12 8 4.58397e-48
39 12 8 12 6 5.2918e-48
39 4 5 9 6 9.45632e-48
39 5 9 6 4 8.45281e-48
39 6 4 5 9 0.0337036
39 9 6 4 5 2.8326e-48
39 4 10 10 12 7.79489e-48
39 10 10 12 4 6.50363e-48
39 10 12 4 10 4.84918e-48
39 12 4 10 10 0.0640529
39 4 9 11 7 5.84162e-50
39 7 4 9 11 0.00015379
39 9 11 7 4 7.16136e-50
39 11 7 4 9 3.73241e-50
39 4 10 10 6 1.32891e-47
39 6 4 10 10 0.0783953
39 10 6 4 10 7.90636e-48
39 10 10 6 4 8.50656e-48
39 4 4 11 5 0.0201096
39 4 11 5 4 6.14611e-48
39 5 4 4 11 0.0215671
39 11 5 4 4 5.26434e-48
39 4 12 12 12 4.08898e-48
39 12 4 12 12 0.0213289
39 12 12 4 12 1.92289e-48
39 12 12 12 4 4.06272e-48
39 4 7 5 5 1.59294e-48
39 5 4 7 5 0.0105825
39 5 5 4 7 2.35283e-48
39 7 5 5 4 2.39419e-48
39 5 12 8 7 1.52391e-48
39 7 5 12 8 2.73244e-48
39 8 7 5 12 8.64294e-49
39 12 8 7 5 1.89359e-48
39 4 8 6 7 9.59522e-48
39 6 7 4 8 4.06541e-48
39 7 4 8 6 0.0197353
39 8 6 7 4 4.01997e-48
39 4 10 10 9 1.03855e-47
39 9 4 10 10 0.0772335
39 10 9 4 10 5.93464e-48
39 10 10 9 4 4.72988e-48
39 9 10 11 12 4.01237e-50
39 10 11 12 9 6.14598e-50
39 11 12 9 10 4.47597e-50
39 12 9 10 11 7.12409e-50
39 4 11 12 7 5.34926e-48
39 7 4 11 12 0.0145281
39 11 12 7 4 5.07646e-48
39 12 7 4 11 2.83367e-48
39 4 10 6 6 1.00323e-47
39 6 4 10 6 0.0651525
39 6 6 4 10 6.65103e-48
39 10 6 6 4 1.0651e-47
39 4 11 8 7 3.35843e-48
39 7 4 11 8 0.0176421
39 8 7 4 11 1.27315e-48
39 11 8 7 4 6.80592e-48
39 7 11 11 8 1.96821e-48
39 8 7 11 11 1.26984e-48
39 11 8 7 11 4.22413e-48
39 11 11 8 7 1.84939e-48
39 9 9 11 12 4.29165e-48
39 9 11 12 9 5.79677e-48
39 11 12 9 9 3.30848e-48
39 12 9 9 11 3.40327e-48
39 7 12 7 12 2.91945e-48
39 12 7 12 7 4.75951e-48
39 4 6 4 12 5.86698e-50
39 4 12 4 6 6.13469e-50
39 6 4 12 4 0.000485371
39 12 4 6 4 0.000518706
39 7 11 11 11 1.83239e-48
39 11 7 11 11 2.85328e-48
39 11 11 7 11 3.36142e-48
39 11 11 11 7 2.53295e-48
39 5 11 7 7 3.56012e-48
39 7 5 11 7 2.63536e-48
39 7 7 5 11 1.91353e-48
39 11 7 7 5 2.06451e-48
39 4 7 7 10 9.47443e-48
39 7 7 10 4 5.08841e-48
39 7 10 4 7 1.70276e-48
39 10 4 7 7 0.0329731
39 6 10 9 10 4.45358e-48
39 9 10 6 10 7.89093e-48
39 10 6 10 9 1.02567e-47
39 10 9 10 6 9.85131e-48
39 5 9 12 11 4.05856e-48
39 9 12 11 5 1.75333e-48
39 11 5 9 12 3.09061e-48
39 12 11 5 9 3.1086e-48
39 4 10 9 6 7.18893e-48
39 6 4 10 9 0.0656194
39 9 6 4 10 8.44448e-48
39 10 9 6 4 1.03033e-47
39 4 12 10 11 6.68571e-48
39 10 11 4 12 2.49147e-48
39 11 4 12 10 0.0368715
39 12 10 11 4 3.79735e-48
39 4 10 10 10 1.33593e-47
39 10 4 10 10 0.0778588
39 10 10 4 10 5.27555e-48
39 10 10 10 4 9.41413e-48
39 8 12 10 11 1.59804e-48
39 10 11 8 12 1.76958e-48
39 11 8 12 10 5.04165e-48
39 12 10 11 8 2.46905e-48
39 5 12 7 8 2.977e-48
39 7 8 5 12 1.56825e-48
39 8 5 12 7 1.56596e-48
39 12 7 8 5 9.3447e-49
39 10 11 10 12 3.90253e-48
39 10 12 10 11 4.13544e-48
39 11 10 12 10 3.91329e-48
39 12 10 11 10 3.33318e-48
39 4 10 11 12 4.32716e-48
39 10 11 12 4 5.95994e-48
39 11 12 4 10 3.76357e-48
39 12 4 10 11 0.0394844
39 7 7 12 9 2.51561e-48
39 7 12 9 7 1.29174e-48
39 9 7 7 12 3.55723e-48
39 12 9 7 7 3.39649e-48
39 6 8 12 11 3.64197e-48
39 8 12 11 6 1.2931e-48
39 11 6 8 12 2.02885e-48
39 12 11 6 8 3.32677e-48
39 4 4 10 11 0.0655027
39 4 10 11 4 7.13244e-48
39 10 11 4 4 4.64959e-48
39 11 4 4 10 0.0325677
39 7 11 10 12 2.18764e-48
39 10 12 7 11 3.04171e-48
39 11 10 12 7 2.40844e-48
39 12 7 11 10 3.43534e-48
39 7 12 10 12 1.96621e-48
39 10 12 7 12 2.57986e-48
39 12 7 12 10 3.83083e-48
39 12 10 12 7 2.28758e-48
39 4 12 10 10 1.17266e-47
39 10 4 12 10 0.0513655
39 10 10 4 12 2.93955e-48
39 12 10 10 4 7.39605e-48
39 5 6 11 8 5.03914e-48
39 6 11 8 5 1.39883e-48
39 8 5 6 11 2.82191e-48
39 11 8 5 6 5.09187e-48
39 6 12 9 7 2.23133e-48
39 7 6 12 9 3.51784e-48
39 9 7 6 12 4.20267e-48
39 12 9 7 6 5.27937e-48
39 6 11 7 7 3.49095e-48
39 7 6 11 7 2.39889e-48
39 7 7 6 11 2.68958e-48
39 11 7 7 6 4.89141e-48
39 7 9 9 10 3.07253e-48
39 9 9 10 7 6.66022e-48
39 9 10 7 9 5.50059e-48
39 10 7 9 9 3.90387e-48
39 4 9 4 12 4.82339e-48
39 4 12 4 9 5.25105e-48
39 9 4 12 4 0.0523734
39 12 4 9 4 0.0315892
39 4 7 12 8 7.31527e-50
39 7 12 8 4 2.28361e-50
39 8 4 7 12 0.000134055
39 12 8 4 7 3.57283e-50
40 9 11 7 4 1
41 4 7 6 10 8.10999e-48
41 6 10 4 7 8.03653e-48
41 7 6 10 4 4.73419e-48
41 10 4 7 6 6.79922e-48
41 4 12 12 7 6.6032e-48
41 7 4 12 12 3.14505e-48
41 12 7 4 12 6.50794e-48
41 12 12 7 4 3.39546e-48
41 8 12 8 12 2.74687e-50
41 12 8 12 8 1.64259e-49
41 5 10 9 7 4.82103e-48
41 7 5 10 9 7.35239e-48
41 9 7 5 10 2.62136e-48
41 10 9 7 5 1.01501e-47
41 8 12 9 10 4.41537e-48
41 9 10 8 12 9.69094e-49
41 10 8 12 9 1.10753e-47
41 12 9 10 8 9.905e-48
41 4 12 10 8 1.15724e-47
41 8 4 12 10 5.36644e-48
41 10 8 4 12 8.00353e-48
41 12 10 8 4 1.78991e-48
41 6 12 8 12 1.04428e-48
41 8 12 6 12 5.69132e-48
41 12 6 12 8 8.11065e-48
41 12 8 12 6 7.68789e-48
41 4 5 9 6 7.97938e-48
41 5 9 6 4 3.71159e-48
41 6 4 5 9 4.48953e-48
41 9 6 4 5 5.36544e-48
41 4 10 10 12 1.7621e-47
41 10 10 12 4 1.55693e-47
41 10 12 4 10 1.01798e-47
41 12 4 10 10 8.09373e-48
41 4 9 11 7 3.08182e-50
41 7 4 9 11 0.000273493
41 9 11 7 4 1.8184e-50
41 11 7 4 9 6.29091e-50
41 4 10 10 6 2.87303e-47
41 6 4 10 10 8.49397e-48
41 10 6 4 10 1.30484e-47
41 10 10 6 4 1.76723e-47
41 4 4 11 5 3.35584e-48
41 4 11 5 4 3.45092e-48
41 5 4 4 11 0.0286403
41 11 5 4 4 2.93523e-48
41 4 12 12 12 6.07125e-48
41 12 4 12 12 4.48004e-48
41 12 12 4 12 4.92304e-48
41 12 12 12 4 4.6868e-48
41 4 7 5 5 5.76184e-48
41 5 4 7 5 2.23194e-48
41 5 5 4 7 2.40306e-48
41 7 5 5 4 1.5416e-48
41 5 12 8 7 6.3767e-49
41 7 5 12 8 4.26298e-48
41 8 7 5 12 4.07717e-48
41 12 8 7 5 5.02313e-48
41 4 8 6 7 9.79366e-48
41 6 7 4 8 1.1976e-47
41 7 4 8 6 1.41404e-48
41 8 6 7 4 6.04752e-48
41 4 10 10 9 2.15654e-47
41 9 4 10 10 3.68957e-48
41 10 9 4 10 9.5031e-48
41 10 10 9 4 1.03098e-47
41 9 10 11 12 2.17691e-50
41 10 11 12 9 1.23374e-49
41 11 12 9 10 3.10972e-50
41 12 9 10 11 0.000919087
41 4 11 12 7 7.00706e-48
41 7 4 11 12 1.42028e-48
41 11 12 7 4 2.42248e-48
41 12 7 4 11 0.0771969
41 4 10 6 6 1.98608e-47
41 6 4 10 6 1.06353e-47
41 6 6 4 10 7.28641e-48
41 10 6 6 4 1.08281e-47
41 4 11 8 7 1.47734e-48
41 7 4 11 8 1.90415e-48
41 8 7 4 11 0.0820124
41 11 8 7 4 2.42018e-48
41 7 11 11 8 1.71107e-48
41 8 7 11 11 0.0285404
41 11 8 7 11 0.0232378
41 11 11 8 7 6.58613e-49
41 9 9 11 12 1.10554e-48
41 9 11 12 9 3.40574e-48
41 11 12 9 9 3.32617e-48
41 12 9 9 11 0.042183
41 7 12 7 12 4.43445e-48
41 12 7 12 7 1.2536e-47
41 4 6 4 12 8.60096e-50
41 4 12 4 6 1.09405e-49
41 6 4 12 4 4.94695e-50
41 12 4 6 4 5.35054e-50
41 7 11 11 11 0.0126318
41 11 7 11 11 0.0159922
41 11 11 7 11 0.0205947
41 11 11 11 7 1.17707e-48
41 5 11 7 7 2.58271e-48
41 7 5 11 7 1.73472e-48
41 7 7 5 11 0.0354979
41 11 7 7 5 5.2672e-48
41 4 7 7 10 7.61397e-48
41 7 7 10 4 7.18173e-48
41 7 10 4 7 7.90758e-48
41 10 4 7 7 6.67142e-48
41 6 10 9 10 7.22832e-48
41 9 10 6 10 5.38202e-48
41 10 6 10 9 1.84835e-47
41 10 9 10 6 1.79339e-47
41 5 9 12 11 0.0317691
41 9 12 11 5 1.47396e-48
41 11 5 9 12 2.20765e-48
41 12 11 5 9 3.88977e-48
41 4 10 9 6 1.49322e-47
41 6 4 10 9 1.02881e-47
41 9 6 4 10 4.07894e-48
41 10 9 6 4 1.01632e-47
41 4 12 10 11 0.0823607
41 10 11 4 12 6.83818e-48
41 11 4 12 10 2.8989e-48
41 12 10 11 4 3.08389e-48
41 4 10 10 10 1.91704e-47
41 10 4 10 10 1.27082e-47
41 10 10 4 10 1.77921e-47
41 10 10 10 4 2.13583e-47
41 8 12 10 11 0.0639095
41 10 11 8 12 1.29866e-48
41 11 8 12 10 2.8667e-48
41 12 10 11 8 3.91194e-48
41 5 12 7 8 2.70268e-48
41 7 8 5 12 2.03739e-48
41 8 5 12 7 5.23682e-48
41 12 7 8 5 1.93548e-48
41 10 11 10 12 8.08245e-48
41 10 12 10 11 0.0903479
41 11 10 12 10 4.79709e-48
41 12 10 11 10 3.03642e-48
41 4 10 11 12 4.52298e-48
41 10 11 12 4 7.37067e-48
41 11 12 4 10 3.60669e-48
41 12 4 10 11 0.0688093
41 7 7 12 9 6.08115e-48
41 7 12 9 7 2.70711e-48
41 9 7 7 12 2.33756e-48
41 12 9 7 7 3.93846e-48
41 6 8 12 11 0.0415303
41 8 12 11 6 2.61213e-48
41 11 6 8 12 6.43848e-49
41 12 11 6 8 5.39249e-48
41 4 4 10 11 0.0831427
41 4 10 11 4 4.2189e-48
41 10 11 4 4 7.22169e-48
41 11 4 4 10 3.2158e-48
41 7 11 10 12 3.72552e-48
41 10 12 7 11 0.0491903
41 11 10 12 7 4.94412e-48
41 12 7 11 10 2.36766e-48
41 7 12 10 12 4.03464e-48
41 10 12 7 12 4.76564e-48
41 12 7 12 10 6.02521e-48
41 12 10 12 7 7.96389e-48
41 4 12 10 10 1.04745e-47
41 10 4 12 10 8.84662e-48
41 10 10 4 12 1.56176e-47
41 12 10 10 4 1.29903e-47
41 5 6 11 8 2.24656e-48
41 6 11 8 5 1.6963e-48
41 8 5 6 11 0.0674451
41 11 8 5 6 3.51219e-48
41 6 12 9 7 3.77505e-48
41 7 6 12 9 5.5004e-48
41 9 7 6 12 3.41636e-48
41 12 9 7 6 5.50756e-48
41 6 11 7 7 3.7765e-48
41 7 6 11 7 1.9021e-48
41 7 7 6 11 0.0537752
41 11 7 7 6 4.79457e-48
41 7 9 9 10 2.93297e-48
41 9 9 10 7 3.94441e-48
41 9 10 7 9 4.38853e-48
41 10 7 9 9 1.04498e-47
41 4 9 4 12 6.8608e-48
41 4 12 4 9 8.99448e-48
41 9 4 12 4 2.35355e-48
41 12 4 9 4 3.41882e-48
41 4 7 12 8 1.45751e-49
41 7 12 8 4 9.39645e-51
41 8 4 7 12 4.67069e-50
41 12 8 4 7 7.24593e-50
42 4 7 6 10 1.44115e-45
42 6 10 4 7 0.0319952
42 7 6 10 4 0.00914384
42 10 4 7 6 4.2553e-46
42 4 12 12 7 0.00594376
42 7 4 12 12 0.00673713
42 12 7 4 12 0.0279965
42 12 12 7 4 0.0103829
42 8 12 8 12 2.01999e-06
42 12 8 12 8 9.68202e-05
42 5 10 9 7 0.0119565
42 7 5 10 9 0.00534265
42 9 7 5 10 1.65739e-88
42 10 9 7 5 0.00550436
42 8 12 9 10 2.0539e-47
42 9 10 8 12 0.00550742
42 10 8 12 9 0.00214089
42 12 9 10 8 0.00847381
42 4 12 10 8 0.00446188
42 8 4 12 10 1.58447e-47
42 10 8 4 12 0.00925097
42 12 10 8 4 0.00284685
42 6 12 8 12 0.00827593
42 8 12 6 12 0.000356327
42 12 6 12 8 0.00475706
42 12 8 12 6 8.7511e-46
42 4 5 9 6 4.13488e-46
42 5 9 6 4 0.0189488
42 6 4 5 9 6.26689e-46
42 9 6 4 5 0.0181786
42 4 10 10 12 0.0128142
42 10 10 12 4 0.00363491
42 10 12 4 10 1.28484e-45
42 12 4 10 10 1.61705e-45
42 4 9 11 7 8.3204e-48
42 7 4 9 11 1.10744e-05
42 9 11 7 4 0.000171777
42 11 7 4 9 0.000225497
42 4 10 10 6 1.22703e-45
42 6 4 10 10 3.21099e-45
42 10 6 4 10 1.50008e-45
42 10 10 6 4 0.0069485
42 4 4 11 5 2.75958e-46
42 4 11 5 4 4.06465e-46
42 5 4 4 11 0.00288987
42 11 5 4 4 0.0135405
42 4 12 12 12 0.00647875
42 12 4 12 12 0.00753725
42 12 12 4 12 0.021409
42 12 12 12 4 0.00656984
42 4 7 5 5 2.80771e-46
42 5 4 7 5 0.00572783
42 5 5 4 7 0.0112596
42 7 5 5 4 2.32013e-46
42 5 12 8 7 0.00435671
42 7 5 12 8 0.00230856
42 8 7 5 12 1.9142e-47
42 12 8 7 5 0.00767938
42 4 8 6 7 0.0135903
42 6 7 4 8 0.029646
42 7 4 8 6 3.51898e-46
42 8 6 7 4 0.000295739
42 4 10 10 9 0.00538659
42 9 4 10 10 1.74374e-45
42 10 9 4 10 1.34128e-45
42 10 10 9 4 0.00301315
42 9 10 11 12 1.67747e-47
42 10 11 12 9 3.40238e-05
42 11 12 9 10 1.99865e-47
42 12 9 10 11 3.90411e-05
42 4 11 12 7 0.00823697
42 7 4 11 12 8.16025e-46
42 11 12 7 4 0.0179701
42 12 7 4 11 0.00501467
42 4 10 6 6 1.20239e-45
42 6 4 10 6 2.36228e-45
42 6 6 4 10 5.4586e-45
42 10 6 6 4 0.00676074
42 4 11 8 7 0.00343527
42 7 4 11 8 3.32712e-46
42 8 7 4 11 9.35375e-05
42 11 8 7 4 0.0164338
42 7 11 11 8 4.91389e-46
42 8 7 11 11 4.2509e-48
42 11 8 7 11 0.00359903
42 11 11 8 7 0.00737166
42 9 9 11 12 1.66086e-45
42 9 11 12 9 0.00765176
42 11 12 9 9 0.00734607
42 12 9 9 11 0.00188803
42 7 12 7 12 0.0260792
42 12 7 12 7 0.0221486
42 4 6 4 12 0.000171702
42 4 12 4 6 1.40824e-47
42 6 4 12 4 0.000104257
42 12 4 6 4 0.000100366
42 7 11 11 11 1.80121e-46
42 11 7 11 11 3.29106e-46
42 11 11 7 11 0.00455061
42 11 11 11 7 1.78635e-45
42 5 11 7 7 0.025413
42 7 5 11 7 6.98869e-46
42 7 7 5 11 1.825e-46
42 11 7 7 5 0.0211104
42 4 7 7 10 1.75254e-45
42 7 7 10 4 0.0150647
42 7 10 4 7 0.0211847
42 10 4 7 7 0.00599689
42 6 10 9 10 2.07846e-45
42 9 10 6 10 2.60289e-45
42 10 6 10 9 0.00422384
42 10 9 10 6 8.60315e-46
42 5 9 12 11 0.0021966
42 9 12 11 5 7.15991e-46
42 11 5 9 12 0.00937604
42 12 11 5 9 4.71641e-46
42 4 10 9 6 6.71962e-46
42 6 4 10 9 0.0133646
42 9 6 4 10 3.82026e-45
42 10 9 6 4 0.00779058
42 4 12 10 11 0.00157672
42 10 11 4 12 0.0112764
42 11 4 12 10 1.1826e-45
42 12 10 11 4 6.65064e-46
42 4 10 10 10 1.39346e-45
42 10 4 10 10 7.37227e-46
42 10 10 4 10 1.28807e-45
42 10 10 10 4 0.00592421
42 8 12 10 11 4.26234e-05
42 10 11 8 12 0.00206256
42 11 8 12 10 1.34726e-45
42 12 10 11 8 3.87539e-46
42 5 12 7 8 0.00734167
42 7 8 5 12 6.41885e-46
42 8 5 12 7 0.000108467
42 12 7 8 5 0.00289965
42 10 11 10 12 0.00770984
42 10 12 10 11 0.0009965
42 11 10 12 10 1.41271e-45
42 12 10 11 10 9.88664e-89
42 4 10 11 12 7.42546e-46
42 10 11 12 4 0.00391787
42 11 12 4 10 3.80316e-45
42 12 4 10 11 0.00207683
42 7 7 12 9 0.00557048
42 7 12 9 7 0.00770655
42 9 7 7 12 0.0252656
42 12 9 7 7 0.0171596
42 6 8 12 11 0.00229984
42 8 12 11 6 1.52966e-90
42 11 6 8 12 0.00595864
42 12 11 6 8 0.00763704
42 4 4 10 11 0.00126472
42 4 10 11 4 4.58543e-46
42 10 11 4 4 0.00788405
42 11 4 4 10 2.69439e-45
42 7 11 10 12 0.0155835
42 10 12 7 11 0.000996183
42 11 10 12 7 0.0122872
42 12 7 11 10 1.32953e-88
42 7 12 10 12 0.0129228
42 10 12 7 12 0.00639146
42 12 7 12 10 1.26145e-45
42 12 10 12 7 0.0081587
42 4 12 10 10 1.32736e-45
42 10 4 12 10 4.31969e-46
42 10 10 4 12 0.0113116
42 12 10 10 4 0.0124091
42 5 6 11 8 6.83447e-46
42 6 11 8 5 0.00634803
42 8 5 6 11 4.21157e-05
42 11 8 5 6 1.23815e-88
42 6 12 9 7 0.0159703
42 7 6 12 9 0.00463929
42 9 7 6 12 0.0285078
42 12 9 7 6 1.67072e-45
42 6 11 7 7 0.036358
42 7 6 11 7 1.05674e-45
42 7 7 6 11 0.0036471
42 11 7 7 6 3.12114e-45
42 7 9 9 10 1.10642e-45
42 9 9 10 7 0.0221407
42 9 10 7 9 0.00944695
42 10 7 9 9 0.00273268
42 4 9 4 12 0.0168152
42 4 12 4 9 0.00677101
42 9 4 12 4 0.00620109
42 12 4 9 4 0.00476691
42 4 7 12 8 4.67909e-05
42 7 12 8 4 3.31748e-05
42 8 4 7 12 3.00967e-06
42 12 8 4 7 0.000243307
43 4 7 6 10 0.001566
43 6 10 4 7 0.000977385
43 7 6 10 4 0.00223168
43 10 4 7 6 0.00473876
43 4 12 12 7 0.0039956
43 7 4 12 12 0.00770249
43 12 7 4 12 0.000902632
43 12 12 7 4 0.00362435
43 8 12 8 12 0.000127531
43 12 8 12 8 6.64503e-05
43 5 10 9 7 0.00164614
43 7 5 10 9 0.0433663
43 9 7 5 10 0.000939468
43 10 9 7 5 0.00356475
43 8 12 9 10 0.0105533
43 9 10 8 12 0.00158291
43 10 8 12 9 0.00316198
43 12 9 10 8 0.00331192
43 4 12 10 8 0.00517951
43 8 4 12 10 0.0100236
43 10 8 4 12 0.00303632
43 12 10 8 4 0.000413651
43 6 12 8 12 0.00319094
43 8 12 6 12 0.014065
43 12 6 12 8 0.00155129
43 12 8 12 6 0.00289836
43 4 5 9 6 0.0134221
43 5 9 6 4 0.00187239
43 6 4 5 9 0.00283216
43 9 6 4 5 0.00314635
43 4 10 10 12 0.003007
43 10 10 12 4 0.000529032
43 10 12 4 10 0.00420759
43 12 4 10 10 0.0152527
43 4 9 11 7 3.80891e-05
43 7 4 9 11 9.81796e-05
43 9 11 7 4 9.77259e-05
43 11 7 4 9 1.05091e-05
43 4 10 10 6 0.00205483
43 6 4 10 10 0.015042
43 10 6 4 10 0.00232074
43 10 10 6 4 0.00105161
43 4 4 11 5 0.0065347
43 4 11 5 4 0.00131709
43 5 4 4 11 0.00380687
43 11 5 4 4 0.00654527
43 4 12 12 12 0.0041942
43 12 4 12 12 0.00591036
43 12 12 4 12 0.00424211
43 12 12 12 4 0.00191991
43 4 7 5 5 0.000268257
43 5 4 7 5 0.00557812
43 5 5 4 7 0.00830728
43 7 5 5 4 0.00309235
43 5 12 8 7 0.00244577
43 7 5 12 8 0.0119641
43 8 7 5 12 0.000718234
43 12 8 7 5 0.00635625
43 4 8 6 7 0.00944557
43 6 7 4 8 0.000701995
43 7 4 8 6 0.00477532
43 8 6 7 4 0.00396604
43 4 10 10 9 0.00241457
43 9 4 10 10 0.0203687
43 10 9 4 10 0.0020511
43 10 10 9 4 0.000598377
43 9 10 11 12 4.22732e-05
43 10 11 12 9 6.65149e-05
43 11 12 9 10 9.55597e-05
43 12 9 10 11 5.86384e-05
43 4 11 12 7 0.00728726
43 7 4 11 12 0.0136055
43 11 12 7 4 0.00474675
43 12 7 4 11 0.00091881
43 4 10 6 6 0.00172682
43 6 4 10 6 0.00796059
43 6 6 4 10 0.00251747
43 10 6 6 4 0.00161693
43 4 11 8 7 0.00505487
43 7 4 11 8 0.0082035
43 8 7 4 11 0.00139373
43 11 8 7 4 0.00431608
43 7 11 11 8 0.00949157
43 8 7 11 11 0.00217596
43 11 8 7 11 0.00858015
43 11 11 8 7 0.00591833
43 9 9 11 12 0.00653781
43 9 11 12 9 0.0111195
43 11 12 9 9 0.0067631
43 12 9 9 11 0.0031911
43 7 12 7 12 0.0212003
43 12 7 12 7 0.00174678
43 4 6 4 12 2.22914e-05
43 4 12 4 6 2.76177e-05
43 6 4 12 4 2.54194e-05
43 12 4 6 4 5.12364e-05
43 7 11 11 11 0.0133701
43 11 7 11 11 0.00156759
43 11 11 7 11 0.0143599
43 11 11 11 7 0.0125749
43 5 11 7 7 0.0134841
43 7 5 11 7 0.0370879
43 7 7 5 11 0.000697696
43 11 7 7 5 0.00216384
43 4 7 7 10 0.00218757
43 7 7 10 4 0.00126637
43 7 10 4 7 0.00189984
43 10 4 7 7 0.00971732
43 6 10 9 10 0.00194974
43 9 10 6 10 0.00463997
43 10 6 10 9 0.0035941
43 10 9 10 6 0.00270326
43 5 9 12 11 0.00189474
43 9 12 11 5 0.00901166
43 11 5 9 12 0.0232693
43 12 11 5 9 0.00336216
43 4 10 9 6 0.0012663
43 6 4 10 9 0.0120553
43 9 6 4 10 0.00439331
43 10 9 6 4 0.00184171
43 4 12 10 11 0.00703369
43 10 11 4 12 0.00489892
43 11 4 12 10 0.00696148
43 12 10 11 4 0.000847297
43 4 10 10 10 0.00324389
43 10 4 10 10 0.011585
43 10 10 4 10 0.001261
43 10 10 10 4 0.00104547
43 8 12 10 11 0.011149
43 10 11 8 12 0.00351085
43 11 8 12 10 0.00469385
43 12 10 11 8 0.00116624
43 5 12 7 8 0.00421542
43 7 8 5 12 0.00263855
43 8 5 12 7 0.0220158
43 12 7 8 5 0.000546896
43 10 11 10 12 0.00956738
43 10 12 10 11 0.00533982
43 11 10 12 10 0.00147984
43 12 10 11 10 0.00199587
43 4 10 11 12 0.00209569
43 10 11 12 4 0.00251028
43 11 12 4 10 0.00565709
43 12 4 10 11 0.011222
43 7 7 12 9 0.00117831
43 7 12 9 7 0.00743108
43 9 7 7 12 0.00283859
43 12 9 7 7 0.00463921
43 6 8 12 11 0.00301251
43 8 12 11 6 0.00604286
43 11 6 8 12 0.00165375
43 12 11 6 8 0.00721441
43 4 4 10 11 0.00947798
43 4 10 11 4 0.00081022
43 10 11 4 4 0.00214437
43 11 4 4 10 0.0067329
43 7 11 10 12 0.0169238
43 10 12 7 11 0.00525872
43 11 10 12 7 0.00134726
43 12 7 11 10 0.00146087
43 7 12 10 12 0.0106639
43 10 12 7 12 0.00593695
43 12 7 12 10 0.000950446
43 12 10 12 7 0.00118218
43 4 12 10 10 0.0103364
43 10 4 12 10 0.00559826
43 10 10 4 12 0.00111628
43 12 10 10 4 0.00131448
43 5 6 11 8 0.00226333
43 6 11 8 5 0.00480944
43 8 5 6 11 0.0486482
43 11 8 5 6 0.00188512
43 6 12 9 7 0.00524556
43 7 6 12 9 0.00284921
43 9 7 6 12 0.0027882
43 12 9 7 6 0.00310423
43 6 11 7 7 0.0137586
43 7 6 11 7 0.00514492
43 7 7 6 11 0.00238662
43 11 7 7 6 0.00152911
43 7 9 9 10 0.00475945
43 9 9 10 7 0.0075248
43 9 10 7 9 0.00372491
43 10 7 9 9 0.000901233
43 4 9 4 12 0.00215783
43 4 12 4 9 0.00355444
43 9 4 12 4 0.00377003
43 12 4 9 4 0.00319317
43 4 7 12 8 7.28887e-06
43 7 12 8 4 2.35094e-05
43 8 4 7 12 0.000229252
43 12 8 4 7 4.97744e-05
44 3 0 2 11 0.0189974
44 3 0 3 4 0.0348388
44 1 0 3 12 0.035957
44 2 0 3 8 0.0304594
44 3 0 3 5 0.147512
44 2 0 3 4 0.0381682
44 1 0 2 11 0.0183743
44 1 0 2 6 0.0372696
44 1 0 3 10 0.0284146
44 2 0 1 12 0.115477
44 1 0 3 4 0.0347664
44 2 0 1 4 0.0551635
44 2 0 2 9 0.0257458
44 3 0 3 7 0.0338119
44 1 0 1 11 0.0390291
44 2 0 2 11 0.0200615
44 3 0 2 8 0.0196847
44 3 0 3 12 0.0360475
44 1 0 2 10 0.0200144
44 3 0 1 11 0.0396214
44 3 0 3 11 0.0267566
44 3 0 2 9 0.0235044
44 3 0 1 4 0.0501135
44 3 0 1 5 0.0702115
45 2 11 3 0 0.0251519
45 3 4 3 0 0.0434914
45 3 12 1 0 0.0251492
45 3 8 2 0 0.0593641
45 3 5 3 0 0.115779
45 3 4 2 0 0.0680505
45 2 11 1 0 0.0212687
45 2 6 1 0 0.0202623
45 3 10 1 0 0.0319776
45 1 12 2 0 0.0852782
45 3 4 1 0 0.037945
45 1 4 2 0 0.0635692
45 2 9 2 0 0.0487107
45 3 7 3 0 0.0242251
45 1 11 1 0 0.0333691
45 2 11 2 0 0.0379342
45 2 8 3 0 0.0235062
45 3 12 3 0 0.0288378
45 2 10 1 0 0.0197101
45 1 11 3 0 0.0387463
45 3 11 3 0 0.0404824
45 2 9 3 0 0.031137
45 1 4 3 0 0.0404352
45 1 5 3 0 0.0356187
46 4 7 6 10 0.00317014
46 6 10 4 7 0.000654043
46 7 6 10 4 0.00928785
46 10 4 7 6 0.00211754
46 4 12 12 7 0.00170666
46 7 4 12 12 0.0104714
46 12 7 4 12 0.00712088
46 12 12 7 4 0.00478129
46 8 12 8 12 1.38835e-05
46 12 8 12 8 2.88622e-05
46 5 10 9 7 0.000309152
46 7 5 10 9 0.00666613
46 9 7 5 10 0.00572887
46 10 9 7 5 0.0234813
46 8 12 9 10 0.000785879
46 9 10 8 12 0.000251132
46 10 8 12 9 0.0011973
46 12 9 10 8 0.00318303
46 4 12 10 8 0.00355882
46 8 4 12 10 0.00137828
46 10 8 4 12 0.00116931
46 12 10 8 4 0.000357665
46 6 12 8 12 0.0011479
46 8 12 6 12 0.00744161
46 12 6 12 8 0.0149335
46 12 8 12 6 0.00042568
46 4 5 9 6 0.00304316
46 5 9 6 4 0.00954007
46 6 4 5 9 0.0138993
46 9 6 4 5 0.0249446
46 4 10 10 12 0.00147239
46 10 10 12 4 0.00867813
46 10 12 4 10 0.00275308
46 12 4 10 10 0.000739895
46 4 9 11 7 2.06794e-06
46 7 4 9 11 7.32787e-05
46 9 11 7 4 3.29089e-05
46 11 7 4 9 7.17176e-05
46 4 10 10 6 0.000669181
46 6 4 10 10 0.00134462
46 10 6 4 10 0.00491419
46 10 10 6 4 0.0108219
46 4 4 11 5 0.00231542
46 4 11 5 4 0.0124509
46 5 4 4 11 0.00430105
46 11 5 4 4 0.0148442
46 4 12 12 12 0.00744748
46 12 4 12 12 0.00587422
46 12 12 4 12 0.00456873
46 12 12 12 4 0.00917505
46 4 7 5 5 0.0523837
46 5 4 7 5 0.00621316
46 5 5 4 7 0.00120134
46 7 5 5 4 0.0417275
46 5 12 8 7 0.000118849
46 7 5 12 8 0.0262589
46 8 7 5 12 0.0169799
46 12 8 7 5 0.00152012
46 4 8 6 7 0.000369575
46 6 7 4 8 0.0200728
46 7 4 8 6 0.000557337
46 8 6 7 4 0.00944238
46 4 10 10 9 0.000827858
46 9 4 10 10 0.000572884
46 10 9 4 10 0.00220408
46 10 10 9 4 0.00349347
46 9 10 11 12 4.02131e-06
46 10 11 12 9 7.59397e-05
46 11 12 9 10 1.57646e-05
46 12 9 10 11 4.41985e-05
46 4 11 12 7 0.00137036
46 7 4 11 12 0.00143156
46 11 12 7 4 0.0077361
46 12 7 4 11 0.0111813
46 4 10 6 6 0.00179327
46 6 4 10 6 0.0019077
46 6 6 4 10 0.00401142
46 10 6 6 4 0.0384178
46 4 11 8 7 0.0001227
46 7 4 11 8 0.00169775
46 8 7 4 11 0.00945833
46 11 8 7 4 0.00102711
46 7 11 11 8 0.00131593
46 8 7 11 11 0.00160488
46 11 8 7 11 0.000996757
46 11 11 8 7 0.000151158
46 9 9 11 12 0.000728681
46 9 11 12 9 0.00300573
46 11 12 9 9 0.00314899
46 12 9 9 11 0.00435138
46 7 12 7 12 0.0121065
46 12 7 12 7 0.0046548
46 4 6 4 12 9.12221e-05
46 4 12 4 6 2.32268e-05
46 6 4 12 4 0.000147113
46 12 4 6 4 0.000100949
46 7 11 11 11 0.00145377
46 11 7 11 11 0.00256133
46 11 11 7 11 0.00502979
46 11 11 11 7 0.000192572
46 5 11 7 7 0.000616927
46 7 5 11 7 0.000770499
46 7 7 5 11 0.062409
46 11 7 7 5 0.0320714
46 4 7 7 10 0.00194862
46 7 7 10 4 0.0119292
46 7 10 4 7 0.000943679
46 10 4 7 7 0.0015705
46 6 10 9 10 0.00067251
46 9 10 6 10 0.000887593
46 10 6 10 9 0.00593402
46 10 9 10 6 0.00215136
46 5 9 12 11 0.00751211
46 9 12 11 5 0.00239934
46 11 5 9 12 0.0083466
46 12 11 5 9 0.0059985
46 4 10 9 6 0.000746045
46 6 4 10 9 0.00304151
46 9 6 4 10 0.00220259
46 10 9 6 4 0.0222063
46 4 12 10 11 0.00379022
46 10 11 4 12 0.00568835
46 11 4 12 10 0.00212059
46 12 10 11 4 0.000439273
46 4 10 10 10 0.000394061
46 10 4 10 10 0.0013762
46 10 10 4 10 0.00115652
46 10 10 10 4 0.00337392
46 8 12 10 11 0.00285349
46 10 11 8 12 0.00073892
46 11 8 12 10 0.000317688
46 12 10 11 8 0.000376347
46 5 12 7 8 0.00358197
46 7 8 5 12 0.00304997
46 8 5 12 7 0.00240927
46 12 7 8 5 0.00306806
46 10 11 10 12 0.00306897
46 10 12 10 11 0.00600153
46 11 10 12 10 0.000961468
46 12 10 11 10 8.12384e-05
46 4 10 11 12 0.000403701
46 10 11 12 4 0.0129337
46 11 12 4 10 0.00186735
46 12 4 10 11 0.00338477
46 7 7 12 9 0.0125022
46 7 12 9 7 0.00131608
46 9 7 7 12 0.00503304
46 12 9 7 7 0.000765137
46 6 8 12 11 0.00189103
46 8 12 11 6 0.000262338
46 11 6 8 12 0.00129072
46 12 11 6 8 0.00592716
46 4 4 10 11 0.00335647
46 4 10 11 4 0.000493188
46 10 11 4 4 0.00786797
46 11 4 4 10 0.00146056
46 7 11 10 12 0.0030323
46 10 12 7 11 0.00829327
46 11 10 12 7 0.000848723
46 12 7 11 10 0.000310742
46 7 12 10 12 0.00433991
46 10 12 7 12 0.00606968
46 12 7 12 10 0.00261214
46 12 10 12 7 0.00060282
46 4 12 10 10 0.000895812
46 10 4 12 10 0.00338036
46 10 10 4 12 0.00412668
46 12 10 10 4 0.00173225
46 5 6 11 8 0.00174502
46 6 11 8 5 0.0029883
46 8 5 6 11 0.0214174
46 11 8 5 6 0.00130894
46 6 12 9 7 0.00125157
46 7 6 12 9 0.0133561
46 9 7 6 12 0.011235
46 12 9 7 6 0.00141555
46 6 11 7 7 0.00112097
46 7 6 11 7 0.000641254
46 7 7 6 11 0.0349973
46 11 7 7 6 0.00384216
46 7 9 9 10 0.00142773
46 9 9 10 7 0.000512814
46 9 10 7 9 0.000884938
46 10 7 9 9 0.00609294
46 4 9 4 12 0.00448122
46 4 12 4 9 0.00314718
46 9 4 12 4 0.00686498
46 12 4 9 4 0.00356922
46 4 7 12 8 0.00018647
46 7 12 8 4 1.98368e-05
46 8 4 7 12 3.50758e-05
46 12 8 4 7 1.88289e-06
47 4 7 6 10 5.32333e-48
47 6 10 4 7 1.20853e-47
47 7 6 10 4 2.40368e-48
47 10 4 7 6 0.0611013
47 4 12 12 7 1.0736e-47
47 7 4 12 12 2.2705e-48
47 12 7 4 12 1.89804e-48
47 12 12 7 4 0.0259061
47 8 12 8 12 8.25565e-50
47 12 8 12 8 5.00801e-50
47 5 10 9 7 3.83558e-48
47 7 5 10 9 4.56113e-48
47 9 7 5 10 5.86089e-48
47 10 9 7 5 0.0821429
47 8 12 9 10 4.29759e-48
47 9 10 8 12 7.42822e-48
47 10 8 12 9 3.23302e-48
47 12 9 10 8 5.787e-48
47 4 12 10 8 8.88804e-48
47 8 4 12 10 2.82097e-48
47 10 8 4 12 1.95058e-48
47 12 10 8 4 4.52335e-48
47 6 12 8 12 7.21959e-48
47 8 12 6 12 3.86394e-48
47 12 6 12 8 5.74965e-48
47 12 8 12 6 2.09098e-48
47 4 5 9 6 1.20846e-47
47 5 9 6 4 1.45312e-48
47 6 4 5 9 1.32807e-47
47 9 6 4 5 7.81261e-48
47 4 10 10 12 8.23017e-48
47 10 10 12 4 6.19774e-48
47 10 12 4 10 6.55949e-48
47 12 4 10 10 4.32935e-48
47 4 9 11 7 1.44472e-49
47 7 4 9 11 4.18152e-50
47 9 11 7 4 0.000398876
47 11 7 4 9 1.89283e-50
47 4 10 10 6 1.42803e-47
47 6 4 10 10 8.14534e-48
47 10 6 4 10 8.23894e-48
47 10 10 6 4 1.01051e-47
47 4 4 11 5 7.23267e-48
47 4 11 5 4 6.34816e-48
47 5 4 4 11 9.24018e-49
47 11 5 4 4 1.31365e-48
47 4 12 12 12 4.92881e-48
47 12 4 12 12 2.71188e-48
47 12 12 4 12 2.84226e-48
47 12 12 12 4 2.56752e-48
47 4 7 5 5 5.30626e-48
47 5 4 7 5 0.00863576
47 5 5 4 7 1.28759e-48
47 7 5 5 4 2.28373e-48
47 5 12 8 7 2.40611e-48
47 7 5 12 8 3.48863e-48
47 8 7 5 12 2.32711e-48
47 12 8 7 5 0.0167958
47 4 8 6 7 9.63946e-48
47 6 7 4 8 7.46988e-48
47 7 4 8 6 6.9081e-48
47 8 6 7 4 0.0352377
47 4 10 10 9 1.14854e-47
47 9 4 10 10 5.40741e-48
47 10 9 4 10 6.23574e-48
47 10 10 9 4 7.58506e-48
47 9 10 11 12 7.42975e-50
47 10 11 12 9 8.96694e-50
47 11 12 9 10 3.51367e-50
47 12 9 10 11 5.15809e-50
47 4 11 12 7 1.19544e-47
47 7 4 11 12 2.90313e-48
47 11 12 7 4 0.016722
47 12 7 4 11 2.57994e-48
47 4 10 6 6 1.78803e-47
47 6 4 10 6 9.74059e-48
47 6 6 4 10 8.23445e-48
47 10 6 6 4 8.36329e-48
47 4 11 8 7 1.6027e-47
47 7 4 11 8 4.64308e-48
47 8 7 4 11 2.13614e-48
47 11 8 7 4 0.0070406
47 7 11 11 8 4.38609e-48
47 8 7 11 11 2.21088e-48
47 11 8 7 11 0.00857542
47 11 11 8 7 4.82895e-48
47 9 9 11 12 5.29655e-48
47 9 11 12 9 6.77104e-48
47 11 12 9 9 3.84604e-48
47 12 9 9 11 5.51711e-48
47 7 12 7 12 0.0446684
47 12 7 12 7 7.6913e-48
47 4 6 4 12 6.51384e-50
47 4 12 4 6 8.99838e-50
47 6 4 12 4 4.84953e-50
47 12 4 6 4 4.20263e-50
47 7 11 11 11 3.11035e-48
47 11 7 11 11 1.43813e-48
47 11 11 7 11 0.0189229
47 11 11 11 7 3.84271e-48
47 5 11 7 7 0.0223967
47 7 5 11 7 6.74806e-48
47 7 7 5 11 3.5528e-48
47 11 7 7 5 0.0190997
47 4 7 7 10 0.0484568
47 7 7 10 4 1.87978e-48
47 7 10 4 7 7.91067e-48
47 10 4 7 7 0.112827
47 6 10 9 10 1.17405e-47
47 9 10 6 10 1.03837e-47
47 10 6 10 9 9.94921e-48
47 10 9 10 6 9.36259e-48
47 5 9 12 11 1.09839e-48
47 9 12 11 5 6.514e-48
47 11 5 9 12 2.12335e-48
47 12 11 5 9 6.7472e-48
47 4 10 9 6 1.72966e-47
47 6 4 10 9 1.00963e-47
47 9 6 4 10 7.04504e-48
47 10 9 6 4 8.15759e-48
47 4 12 10 11 6.07623e-48
47 10 11 4 12 4.14947e-48
47 11 4 12 10 1.769e-48
47 12 10 11 4 3.4701e-48
47 4 10 10 10 9.97678e-48
47 10 4 10 10 6.80888e-48
47 10 10 4 10 8.31699e-48
47 10 10 10 4 6.74269e-48
47 8 12 10 11 2.74502e-48
47 10 11 8 12 5.26365e-48
47 11 8 12 10 7.38602e-49
47 12 10 11 8 5.81301e-48
47 5 12 7 8 0.0133042
47 7 8 5 12 1.48456e-48
47 8 5 12 7 4.7017e-48
47 12 7 8 5 3.54183e-48
47 10 11 10 12 4.0856e-48
47 10 12 10 11 4.98739e-48
47 11 10 12 10 2.12756e-48
47 12 10 11 10 4.21443e-48
47 4 10 11 12 7.54214e-48
47 10 11 12 4 4.2439e-48
47 11 12 4 10 2.09916e-48
47 12 4 10 11 3.78517e-48
47 7 7 12 9 2.53351e-48
47 7 12 9 7 7.24719e-48
47 9 7 7 12 0.0273268
47 12 9 7 7 0.0678419
47 6 8 12 11 2.18052e-48
47 8 12 11 6 3.71999e-48
47 11 6 8 12 2.20121e-48
47 12 11 6 8 5.88008e-48
47 4 4 10 11 6.12263e-48
47 4 10 11 4 6.35504e-48
47 10 11 4 4 3.95859e-48
47 11 4 4 10 1.86821e-48
47 7 11 10 12 2.24228e-48
47 10 12 7 11 0.0476867
47 11 10 12 7 3.94124e-48
47 12 7 11 10 2.28833e-48
47 7 12 10 12 2.31421e-48
47 10 12 7 12 0.0403174
47 12 7 12 10 2.05671e-48
47 12 10 12 7 7.01691e-48
47 4 12 10 10 7.5142e-48
47 10 4 12 10 5.97673e-48
47 10 10 4 12 6.55198e-48
47 12 10 10 4 4.09419e-48
47 5 6 11 8 2.20306e-48
47 6 11 8 5 1.15595e-47
47 8 5 6 11 4.97677e-48
47 11 8 5 6 2.06605e-48
47 6 12 9 7 1.51916e-47
47 7 6 12 9 4.44512e-48
47 9 7 6 12 4.11916e-48
47 12 9 7 6 0.0504113
47 6 11 7 7 0.12017
47 7 6 11 7 7.64421e-48
47 7 7 6 11 3.23401e-48
47 11 7 7 6 0.0196961
47 7 9 9 10 4.4486e-48
47 9 9 10 7 1.06006e-47
47 9 10 7 9 0.0840107
47 10 7 9 9 6.75776e-48
47 4 9 4 12 5.39976e-48
47 4 12 4 9 7.92672e-48
47 9 4 12 4 3.52615e-48
47 12 4 9 4 3.45509e-48
47 4 7 12 8 7.13051e-50
47 7 12 8 4 3.90382e-50
47 8 4 7 12 0.000306887
47 12 8 4 7 3.53088e-50
48 4 7 6 10 0.000440363
48 6 10 4 7 2.36106e-05
48 7 6 10 4 0.00439735
48 10 4 7 6 0.00751817
48 4 12 12 7 0.00280685
48 7 4 12 12 0.00219302
48 12 7 4 12 0.0107496
48 12 12 7 4 0.0178779
48 8 12 8 12 6.49541e-05
48 12 8 12 8 9.90173e-05
48 5 10 9 7 0.00532497
48 7 5 10 9 1.47382e-45
48 9 7 5 10 2.3346e-46
48 10 9 7 5 3.43805e-45
48 8 12 9 10 0.00248133
48 9 10 8 12 0.00154126
48 10 8 12 9 0.023946
48 12 9 10 8 0.0113634
48 4 12 10 8 0.00427476
48 8 4 12 10 0.000575167
48 10 8 4 12 0.0172012
48 12 10 8 4 0.00390416
48 6 12 8 12 4.72869e-05
48 8 12 6 12 0.001179
48 12 6 12 8 0.00377891
48 12 8 12 6 0.00205404
48 4 5 9 6 2.19318e-46
48 5 9 6 4 0.00190699
48 6 4 5 9 8.53732e-48
48 9 6 4 5 2.61548e-46
48 4 10 10 12 0.00296685
48 10 10 12 4 0.009423
48 10 12 4 10 0.0126315
48 12 4 10 10 0.00496065
48 4 9 11 7 1.68035e-05
48 7 4 9 11 6.51529e-05
48 9 11 7 4 4.36847e-05
48 11 7 4 9 8.53635e-05
48 4 10 10 6 0.00117316
48 6 4 10 10 2.73919e-05
48 10 6 4 10 0.00828382
48 10 10 6 4 0.00484538
48 4 4 11 5 8.03874e-47
48 4 11 5 4 2.40185e-46
48 5 4 4 11 0.00353187
48 11 5 4 4 3.32536e-46
48 4 12 12 12 0.00260845
48 12 4 12 12 0.00457254
48 12 12 4 12 0.0111398
48 12 12 12 4 0.00792642
48 4 7 5 5 2.65839e-89
48 5 4 7 5 3.37092e-46
48 5 5 4 7 3.69125e-46
48 7 5 5 4 3.78264e-89
48 5 12 8 7 0.00454129
48 7 5 12 8 2.17566e-46
48 8 7 5 12 3.52329e-46
48 12 8 7 5 9.79017e-46
48 4 8 6 7 0.0012484
48 6 7 4 8 5.6953e-05
48 7 4 8 6 0.00123656
48 8 6 7 4 0.0044763
48 4 10 10 9 0.00496644
48 9 4 10 10 0.00167556
48 10 9 4 10 0.00945434
48 10 10 9 4 0.0200647
48 9 10 11 12 1.07113e-05
48 10 11 12 9 0.00024814
48 11 12 9 10 3.81997e-05
48 12 9 10 11 0.00020473
48 4 11 12 7 0.00183411
48 7 4 11 12 0.00158441
48 11 12 7 4 0.00766069
48 12 7 4 11 0.0135473
48 4 10 6 6 0.000233821
48 6 4 10 6 2.17644e-05
48 6 6 4 10 1.6963e-05
48 10 6 6 4 0.00609021
48 4 11 8 7 0.00199964
48 7 4 11 8 0.00116232
48 8 7 4 11 0.00395457
48 11 8 7 4 0.0050662
48 7 11 11 8 0.00104873
48 8 7 11 11 0.00161931
48 11 8 7 11 0.00508575
48 11 11 8 7 0.00207399
48 9 9 11 12 0.00174871
48 9 11 12 9 0.00353733
48 11 12 9 9 0.0146231
48 12 9 9 11 0.01923
48 7 12 7 12 0.015697
48 12 7 12 7 0.0150675
48 4 6 4 12 2.57059e-05
48 4 12 4 6 1.54996e-05
48 6 4 12 4 2.6997e-07
48 12 4 6 4 2.51404e-05
48 7 11 11 11 0.00150326
48 11 7 11 11 0.00198337
48 11 11 7 11 0.00419291
48 11 11 11 7 0.00114675
48 5 11 7 7 0.006819
48 7 5 11 7 2.561e-46
48 7 7 5 11 8.10349e-46
48 11 7 7 5 6.79922e-46
48 4 7 7 10 0.00284121
48 7 7 10 4 0.00951745
48 7 10 4 7 0.00301648
48 10 4 7 7 0.0300938
48 6 10 9 10 1.94009e-05
48 9 10 6 10 0.000286586
48 10 6 10 9 0.048533
48 10 9 10 6 0.0130843
48 5 9 12 11 0.00376705
48 9 12 11 5 1.65244e-46
48 11 5 9 12 5.82084e-46
48 12 11 5 9 1.41154e-45
48 4 10 9 6 0.00124784
48 6 4 10 9 0.000118741
48 9 6 4 10 0.00133724
48 10 9 6 4 0.0089578
48 4 12 10 11 0.00590715
48 10 11 4 12 0.0136715
48 11 4 12 10 0.000679146
48 12 10 11 4 0.00208108
48 4 10 10 10 0.00123357
48 10 4 10 10 0.0111758
48 10 10 4 10 0.00550625
48 10 10 10 4 0.020311
48 8 12 10 11 0.0048787
48 10 11 8 12 0.0098748
48 11 8 12 10 0.00072491
48 12 10 11 8 0.00142147
48 5 12 7 8 0.00640898
48 7 8 5 12 3.96973e-46
48 8 5 12 7 1.94355e-46
48 12 7 8 5 6.90949e-46
48 10 11 10 12 0.0186741
48 10 12 10 11 0.0360161
48 11 10 12 10 0.000457051
48 12 10 11 10 0.000770615
48 4 10 11 12 0.000775385
48 10 11 12 4 0.0110138
48 11 12 4 10 0.0018733
48 12 4 10 11 0.011724
48 7 7 12 9 0.00690354
48 7 12 9 7 0.00979242
48 9 7 7 12 0.00655088
48 12 9 7 7 0.0161873
48 6 8 12 11 2.55765e-05
48 8 12 11 6 0.000463457
48 11 6 8 12 0.00170267
48 12 11 6 8 0.00136989
48 4 4 10 11 0.00365711
48 4 10 11 4 0.000734976
48 10 11 4 4 0.0146722
48 11 4 4 10 0.00102434
48 7 11 10 12 0.00409845
48 10 12 7 11 0.0388533
48 11 10 12 7 0.00121946
48 12 7 11 10 0.00175868
48 7 12 10 12 0.00720793
48 10 12 7 12 0.0354294
48 12 7 12 10 0.00279745
48 12 10 12 7 0.00327053
48 4 12 10 10 0.00270241
48 10 4 12 10 0.00495136
48 10 10 4 12 0.0126467
48 12 10 10 4 0.00860952
48 5 6 11 8 0.00140064
48 6 11 8 5 2.68784e-48
48 8 5 6 11 1.21771e-46
48 11 8 5 6 1.45904e-46
48 6 12 9 7 0.000105169
48 7 6 12 9 0.00437657
48 9 7 6 12 0.00139315
48 12 9 7 6 0.00554883
48 6 11 7 7 6.27241e-05
48 7 6 11 7 0.0017514
48 7 7 6 11 0.00214817
48 11 7 7 6 0.00264139
48 7 9 9 10 0.00328586
48 9 9 10 7 0.00606253
48 9 10 7 9 0.00574763
48 10 7 9 9 0.0801172
48 4 9 4 12 0.00321332
48 4 12 4 9 0.00718667
48 9 4 12 4 0.00180874
48 12 4 9 4 0.0114025
48 4 7 12 8 2.50123e-05
48 7 12 8 4 5.61419e-05
48 8 4 7 12 4.07794e-05
48 12 8 4 7 0.000107381
49 4 7 6 10 4.98116e-48
49 6 10 4 7 5.93625e-48
49 7 6 10 4 0.0634767
49 10 4 7 6 8.06096e-48
49 4 12 12 7 2.02223e-48
49 7 4 12 12 0.0405648
49 12 7 4 12 2.63276e-48
49 12 12 7 4 3.06976e-48
49 8 12 8 12 1.12912e-49
49 12 8 12 8 1.67148e-50
49 5 10 9 7 1.21068e-47
49 7 5 10 9 0.0159132
49 9 7 5 10 6.51422e-48
49 10 9 7 5 5.9137e-48
49 8 12 9 10 6.85847e-48
49 9 10 8 12 1.15694e-47
49 10 8 12 9 1.17937e-48
49 12 9 10 8 6.39512e-48
49 4 12 10 8 2.41684e-48
49 8 4 12 10 7.15535e-48
49 10 8 4 12 1.1545e-48
49 12 10 8 4 5.47387e-48
49 6 12 8 12 5.28466e-48
49 8 12 6 12 5.92615e-48
49 12 6 12 8 4.21306e-48
49 12 8 12 6 1.48796e-48
49 4 5 9 6 1.93696e-48
49 5 9 6 4 1.25443e-47
49 6 4 5 9 6.91999e-48
49 9 6 4 5 4.10291e-48
49 4 10 10 12 1.17085e-47
49 10 10 12 4 5.69911e-48
49 10 12 4 10 4.10216e-48
49 12 4 10 10 9.58213e-48
49 4 9 11 7 6.80291e-50
49 7 4 9 11 0.000515514
49 9 11 7 4 4.49857e-50
49 11 7 4 9 2.95576e-50
49 4 10 10 6 1.55801e-47
49 6 4 10 10 1.56232e-47
49 10 6 4 10 1.13126e-47
49 10 10 6 4 9.48588e-48
49 4 4 11 5 1.88187e-48
49 4 11 5 4 1.79253e-48
49 5 4 4 11 4.42907e-48
49 11 5 4 4 6.58611e-49
49 4 12 12 12 2.63718e-48
49 12 4 12 12 4.02032e-48
49 12 12 4 12 2.43177e-48
49 12 12 12 4 1.81366e-48
49 4 7 5 5 9.37227e-49
49 5 4 7 5 3.13002e-48
49 5 5 4 7 7.69765e-49
49 7 5 5 4 0.00539098
49 5 12 8 7 3.65471e-48
49 7 5 12 8 0.00545216
49 8 7 5 12 4.04504e-48
49 12 8 7 5 7.45924e-49
49 4 8 6 7 1.85367e-48
49 6 7 4 8 3.2298e-48
49 7 4 8 6 0.0861652
49 8 6 7 4 1.48443e-47
49 4 10 10 9 9.28612e-48
49 9 4 10 10 1.1727e-47
49 10 9 4 10 9.13913e-48
49 10 10 9 4 7.01159e-48
49 9 10 11 12 1.35593e-49
49 10 11 12 9 3.17715e-50
49 11 12 9 10 6.85988e-50
49 12 9 10 11 1.08779e-49
49 4 11 12 7 2.18722e-48
49 7 4 11 12 0.0553272
49 11 12 7 4 3.92507e-48
49 12 7 4 11 2.45647e-48
49 4 10 6 6 1.40948e-47
49 6 4 10 6 1.35596e-47
49 6 6 4 10 1.41644e-47
49 10 6 6 4 9.15958e-48
49 4 11 8 7 2.66948e-48
49 7 4 11 8 0.0318282
49 8 7 4 11 3.29334e-48
49 11 8 7 4 1.65271e-48
49 7 11 11 8 0.0182787
49 8 7 11 11 3.94307e-48
49 11 8 7 11 1.81497e-48
49 11 11 8 7 2.76288e-48
49 9 9 11 12 1.20378e-47
49 9 11 12 9 3.39829e-48
49 11 12 9 9 4.03855e-48
49 12 9 9 11 8.27831e-48
49 7 12 7 12 0.0837861
49 12 7 12 7 4.07301e-48
49 4 6 4 12 7.0561e-50
49 4 12 4 6 3.40473e-50
49 6 4 12 4 4.74328e-50
49 12 4 6 4 4.84218e-50
49 7 11 11 11 0.0247365
49 11 7 11 11 3.13776e-48
49 11 11 7 11 3.89002e-48
49 11 11 11 7 2.57623e-48
49 5 11 7 7 6.08908e-48
49 7 5 11 7 0.0110102
49 7 7 5 11 0.0315504
49 11 7 7 5 2.72396e-48
49 4 7 7 10 7.45074e-48
49 7 7 10 4 0.0366561
49 7 10 4 7 0.054036
49 10 4 7 7 6.83284e-48
49 6 10 9 10 1.88708e-47
49 9 10 6 10 1.91633e-47
49 10 6 10 9 1.12581e-47
49 10 9 10 6 1.52596e-47
49 5 9 12 11 8.37466e-48
49 9 12 11 5 1.80243e-48
49 11 5 9 12 1.52443e-48
49 12 11 5 9 2.46631e-48
49 4 10 9 6 1.34266e-47
49 6 4 10 9 1.04155e-47
49 9 6 4 10 1.3702e-47
49 10 9 6 4 9.53648e-48
49 4 12 10 11 3.1531e-48
49 10 11 4 12 2.38547e-48
49 11 4 12 10 5.48925e-48
49 12 10 11 4 4.92056e-48
49 4 10 10 10 1.49976e-47
49 10 4 10 10 1.04247e-47
49 10 10 4 10 9.78798e-48
49 10 10 10 4 8.76027e-48
49 8 12 10 11 3.99974e-48
49 10 11 8 12 2.9874e-48
49 11 8 12 10 1.43453e-48
49 12 10 11 8 3.8944e-48
49 5 12 7 8 3.80471e-48
49 7 8 5 12 0.0118472
49 8 5 12 7 9.66259e-49
49 12 7 8 5 1.38386e-48
49 10 11 10 12 3.59887e-48
49 10 12 10 11 3.10457e-48
49 11 10 12 10 7.77565e-48
49 12 10 11 10 8.29435e-48
49 4 10 11 12 8.1007e-48
49 10 11 12 4 2.01433e-48
49 11 12 4 10 3.75922e-48
49 12 4 10 11 5.44231e-48
49 7 7 12 9 0.0261023
49 7 12 9 7 0.0286785
49 9 7 7 12 6.75666e-48
49 12 9 7 7 8.71164e-48
49 6 8 12 11 1.20359e-48
49 8 12 11 6 4.572e-48
49 11 6 8 12 8.0863e-48
49 12 11 6 8 1.94595e-48
49 4 4 10 11 5.07642e-48
49 4 10 11 4 5.19652e-48
49 10 11 4 4 1.73256e-48
49 11 4 4 10 5.34556e-48
49 7 11 10 12 0.0344104
49 10 12 7 11 3.52431e-48
49 11 10 12 7 4.79891e-48
49 12 7 11 10 3.87995e-48
49 7 12 10 12 0.0365616
49 10 12 7 12 4.34084e-48
49 12 7 12 10 3.26915e-48
49 12 10 12 7 4.31318e-48
49 4 12 10 10 6.00246e-48
49 10 4 12 10 6.47648e-48
49 10 10 4 12 7.29728e-48
49 12 10 10 4 7.68964e-48
49 5 6 11 8 8.79613e-48
49 6 11 8 5 2.34506e-48
49 8 5 6 11 2.03589e-48
49 11 8 5 6 2.07834e-48
49 6 12 9 7 4.32292e-48
49 7 6 12 9 0.0620208
49 9 7 6 12 6.19805e-48
49 12 9 7 6 1.41019e-47
49 6 11 7 7 5.54271e-48
49 7 6 11 7 0.070474
49 7 7 6 11 0.0410828
49 11 7 7 6 7.55025e-48
49 7 9 9 10 0.123832
49 9 9 10 7 1.12342e-47
49 9 10 7 9 1.37028e-47
49 10 7 9 9 4.01747e-48
49 4 9 4 12 6.24351e-48
49 4 12 4 9 2.22264e-48
49 9 4 12 4 3.89957e-48
49 12 4 9 4 3.92013e-48
49 4 7 12 8 2.22485e-50
49 7 12 8 4 0.000302535
49 8 4 7 12 1.23576e-49
49 12 8 4 7 1.06355e-50
50 4 7 6 10 4.1893e-47
50 6 10 4 7 0.00467695
50 7 6 10 4 0.0136379
50 10 4 7 6 0.00789943
50 4 12 12 7 0.00907839
50 7 4 12 12 0.0123154
50 12 7 4 12 0.000263451
50 12 12 7 4 0.00099069
50 8 12 8 12 1.64628e-90
50 12 8 12 8 3.36798e-05
50 5 10 9 7 0.014222
50 7 5 10 9 8.47626e-46
50 9 7 5 10 0.00040977
50 10 9 7 5 0.023359
50 8 12 9 10 1.78846e-46
50 9 10 8 12 7.62253e-46
50 10 8 12 9 0.0119584
50 12 9 10 8 0.00439572
50 4 12 10 8 0.00399769
50 8 4 12 10 2.66592e-46
50 10 8 4 12 0.00395431
50 12 10 8 4 4.61312e-46
50 6 12 8 12 1.01777e-45
50 8 12 6 12 8.86045e-89
50 12 6 12 8 0.00234315
50 12 8 12 6 0.00484199
50 4 5 9 6 1.48929e-45
50 5 9 6 4 1.67642e-45
50 6 4 5 9 0.0169948
50 9 6 4 5 0.00386578
50 4 10 10 12 0.0249726
50 10 10 12 4 0.0355602
50 10 12 4 10 0.000819335
50 12 4 10 10 0.00160508
50 4 9 11 7 2.10862e-47
50 7 4 9 11 9.54987e-05
50 9 11 7 4 2.83648e-05
50 11 7 4 9 4.59117e-06
50 4 10 10 6 0.0315923
50 6 4 10 10 0.0062169
50 10 6 4 10 0.00149875
50 10 10 6 4 3.45476e-45
50 4 4 11 5 1.81329e-45
50 4 11 5 4 0.0154871
50 5 4 4 11 0.00151194
50 11 5 4 4 2.15805e-46
50 4 12 12 12 0.00916418
50 12 4 12 12 0.00594315
50 12 12 4 12 0.000822419
50 12 12 12 4 0.00353758
50 4 7 5 5 0.00376095
50 5 4 7 5 0.00347721
50 5 5 4 7 1.24751e-46
50 7 5 5 4 6.88321e-46
50 5 12 8 7 4.43167e-46
50 7 5 12 8 3.00788e-46
50 8 7 5 12 3.05005e-46
50 12 8 7 5 0.00165721
50 4 8 6 7 1.16728e-45
50 6 7 4 8 0.000451979
50 7 4 8 6 1.41561e-45
50 8 6 7 4 5.71498e-46
50 4 10 10 9 0.0139224
50 9 4 10 10 0.00210311
50 10 9 4 10 0.00185068
50 10 10 9 4 0.0317809
50 9 10 11 12 1.06884e-47
50 10 11 12 9 0.000244629
50 11 12 9 10 2.1964e-05
50 12 9 10 11 0.000106686
50 4 11 12 7 0.0179186
50 7 4 11 12 1.1439e-45
50 11 12 7 4 0.00279723
50 12 7 4 11 0.000206473
50 4 10 6 6 2.06316e-45
50 6 4 10 6 0.0366053
50 6 6 4 10 0.00105783
50 10 6 6 4 2.91505e-45
50 4 11 8 7 1.2448e-45
50 7 4 11 8 3.87389e-46
50 8 7 4 11 4.97843e-47
50 11 8 7 4 0.00283048
50 7 11 11 8 3.9116e-46
50 8 7 11 11 1.70949e-89
50 11 8 7 11 0.00190655
50 11 11 8 7 1.16607e-45
50 9 9 11 12 1.26739e-45
50 9 11 12 9 0.00664738
50 11 12 9 9 0.00648607
50 12 9 9 11 0.00729413
50 7 12 7 12 0.00405506
50 12 7 12 7 0.00221746
50 4 6 4 12 3.86197e-05
50 4 12 4 6 2.67091e-05
50 6 4 12 4 0.000228116
50 12 4 6 4 5.72178e-48
50 7 11 11 11 7.55312e-46
50 11 7 11 11 1.6703e-46
50 11 11 7 11 0.00310297
50 11 11 11 7 1.30087e-45
50 5 11 7 7 0.00391668
50 7 5 11 7 9.07767e-89
50 7 7 5 11 0.00228189
50 11 7 7 5 0.00164537
50 4 7 7 10 0.000177628
50 7 7 10 4 0.00351301
50 7 10 4 7 0.00368052
50 10 4 7 7 0.00909881
50 6 10 9 10 0.00493396
50 9 10 6 10 1.81441e-46
50 10 6 10 9 0.0254766
50 10 9 10 6 0.0713853
50 5 9 12 11 0.0117608
50 9 12 11 5 7.34283e-46
50 11 5 9 12 1.11585e-45
50 12 11 5 9 0.00448295
50 4 10 9 6 0.0244596
50 6 4 10 9 0.0207896
50 9 6 4 10 0.000461181
50 10 9 6 4 4.63892e-45
50 4 12 10 11 0.00744181
50 10 11 4 12 0.00620435
50 11 4 12 10 0.00251115
50 12 10 11 4 4.96136e-46
50 4 10 10 10 0.00448272
50 10 4 10 10 0.00735897
50 10 10 4 10 0.00148398
50 10 10 10 4 0.0441974
50 8 12 10 11 6.95857e-46
50 10 11 8 12 1.86254e-45
50 11 8 12 10 0.00151948
50 12 10 11 8 1.68795e-46
50 5 12 7 8 0.000611108
50 7 8 5 12 0.00828527
50 8 5 12 7 1.02443e-88
50 12 7 8 5 1.30223e-46
50 10 11 10 12 0.0318741
50 10 12 10 11 0.0126563
50 11 10 12 10 0.00260152
50 12 10 11 10 8.55804e-47
50 4 10 11 12 1.45516e-45
50 10 11 12 4 0.0302158
50 11 12 4 10 0.000393435
50 12 4 10 11 0.00546418
50 7 7 12 9 0.00158803
50 7 12 9 7 0.00787256
50 9 7 7 12 0.000504394
50 12 9 7 7 0.00268895
50 6 8 12 11 0.00822047
50 8 12 11 6 7.58239e-89
50 11 6 8 12 9.6023e-46
50 12 11 6 8 1.73792e-46
50 4 4 10 11 0.0124353
50 4 10 11 4 1.27836e-45
50 10 11 4 4 0.0061711
50 11 4 4 10 0.000580665
50 7 11 10 12 0.014852
50 10 12 7 11 0.00293996
50 11 10 12 7 0.0148013
50 12 7 11 10 1.56045e-47
50 7 12 10 12 0.00864747
50 10 12 7 12 0.00431098
50 12 7 12 10 0.000193068
50 12 10 12 7 0.00602431
50 4 12 10 10 0.00236353
50 10 4 12 10 0.00565423
50 10 10 4 12 0.00789477
50 12 10 10 4 0.00920586
50 5 6 11 8 3.85719e-46
50 6 11 8 5 3.23321e-45
50 8 5 6 11 8.19154e-132
50 11 8 5 6 0.014858
50 6 12 9 7 0.0137265
50 7 6 12 9 0.00845897
50 9 7 6 12 1.63227e-46
50 12 9 7 6 0.0032032
50 6 11 7 7 0.00731524
50 7 6 11 7 1.20299e-45
50 7 7 6 11 1.74328e-46
50 11 7 7 6 0.00110524
50 7 9 9 10 0.00373853
50 9 9 10 7 0.0181427
50 9 10 7 9 0.00184474
50 10 7 9 9 0.00364334
50 4 9 4 12 0.00522314
50 4 12 4 9 0.00128918
50 9 4 12 4 0.00845209
50 12 4 9 4 0.00576502
50 4 7 12 8 1.34666e-05
50 7 12 8 4 6.89816e-48
50 8 4 7 12 5.43594e-48
50 12 8 4 7 1.11671e-05
51 4 7 6 10 8.88426e-48
51 6 10 4 7 1.44862e-48
51 7 6 10 4 0.0400169
51 10 4 7 6 1.3939e-48
51 4 12 12 7 2.2038e-48
51 7 4 12 12 3.20695e-48
51 12 7 4 12 4.25497e-48
51 12 12 7 4 3.66071e-48
51 8 12 8 12 1.8304e-49
51 12 8 12 8 5.91803e-50
51 5 10 9 7 1.80473e-48
51 7 5 10 9 0.0685015
51 9 7 5 10 1.3872e-47
51 10 9 7 5 2.78326e-48
51 8 12 9 10 1.3938e-47
51 9 10 8 12 3.34086e-48
51 10 8 12 9 2.38572e-48
51 12 9 10 8 0.0297692
51 4 12 10 8 0.0303085
51 8 4 12 10 6.56248e-48
51 10 8 4 12 2.05799e-48
51 12 10 8 4 3.28083e-48
51 6 12 8 12 4.36736e-48
51 8 12 6 12 8.56691e-48
51 12 6 12 8 3.25121e-48
51 12 8 12 6 1.763e-48
51 4 5 9 6 3.72542e-48
51 5 9 6 4 3.08366e-48
51 6 4 5 9 4.03043e-48
51 9 6 4 5 3.15697e-48
51 4 10 10 12 0.0242134
51 10 10 12 4 2.57386e-48
51 10 12 4 10 6.18731e-48
51 12 4 10 10 0.0474605
51 4 9 11 7 2.27686e-50
51 7 4 9 11 5.13555e-50
51 9 11 7 4 2.33629e-50
51 11 7 4 9 5.40739e-50
51 4 10 10 6 0.0192236
51 6 4 10 10 0.0479627
51 10 6 4 10 6.08451e-48
51 10 10 6 4 4.19656e-48
51 4 4 11 5 1.88801e-48
51 4 11 5 4 2.43226e-48
51 5 4 4 11 1.36851e-48
51 11 5 4 4 3.68822e-48
51 4 12 12 12 2.82506e-48
51 12 4 12 12 2.19071e-48
51 12 12 4 12 3.201e-48
51 12 12 12 4 3.36581e-48
51 4 7 5 5 3.84389e-48
51 5 4 7 5 1.00669e-48
51 5 5 4 7 1.28712e-48
51 7 5 5 4 6.15292e-48
51 5 12 8 7 2.0462e-48
51 7 5 12 8 5.17843e-48
51 8 7 5 12 1.02702e-47
51 12 8 7 5 2.1182e-48
51 4 8 6 7 3.23753e-48
51 6 7 4 8 5.76831e-48
51 7 4 8 6 4.46455e-48
51 8 6 7 4 7.67478e-48
51 4 10 10 9 0.0236333
51 9 4 10 10 0.0427861
51 10 9 4 10 4.51586e-48
51 10 10 9 4 3.15e-48
51 9 10 11 12 3.34155e-50
51 10 11 12 9 2.32245e-50
51 11 12 9 10 1.05468e-49
51 12 9 10 11 0.000359772
51 4 11 12 7 1.40922e-48
51 7 4 11 12 4.10049e-48
51 11 12 7 4 4.30532e-48
51 12 7 4 11 5.02902e-48
51 4 10 6 6 2.59453e-48
51 6 4 10 6 0.017941
51 6 6 4 10 5.70487e-48
51 10 6 6 4 4.91477e-48
51 4 11 8 7 1.88932e-48
51 7 4 11 8 4.20567e-48
51 8 7 4 11 8.19743e-48
51 11 8 7 4 2.96591e-48
51 7 11 11 8 3.18079e-48
51 8 7 11 11 8.48424e-48
51 11 8 7 11 2.69856e-48
51 11 11 8 7 2.03796e-48
51 9 9 11 12 3.30551e-48
51 9 11 12 9 2.21072e-48
51 11 12 9 9 5.51977e-48
51 12 9 9 11 4.14799e-48
51 7 12 7 12 9.48122e-48
51 12 7 12 7 6.17497e-48
51 4 6 4 12 2.92312e-50
51 4 12 4 6 2.35993e-50
51 6 4 12 4 2.44936e-50
51 12 4 6 4 3.95176e-50
51 7 11 11 11 3.05837e-48
51 11 7 11 11 5.1077e-48
51 11 11 7 11 2.09004e-48
51 11 11 11 7 1.62173e-48
51 5 11 7 7 1.17904e-48
51 7 5 11 7 5.59379e-48
51 7 7 5 11 1.21088e-47
51 11 7 7 5 5.33932e-48
51 4 7 7 10 8.71726e-48
51 7 7 10 4 0.0795648
51 7 10 4 7 3.08661e-48
51 10 4 7 7 2.01459e-48
51 6 10 9 10 5.74809e-48
51 9 10 6 10 6.83134e-48
51 10 6 10 9 0.0325916
51 10 9 10 6 0.0196756
51 5 9 12 11 1.74121e-48
51 9 12 11 5 3.36202e-48
51 11 5 9 12 5.12158e-48
51 12 11 5 9 3.0521e-48
51 4 10 9 6 2.50983e-48
51 6 4 10 9 0.0284254
51 9 6 4 10 6.55864e-48
51 10 9 6 4 4.70096e-48
51 4 12 10 11 0.0280942
51 10 11 4 12 1.53661e-48
51 11 4 12 10 3.80871e-48
51 12 10 11 4 2.5169e-48
51 4 10 10 10 0.0429358
51 10 4 10 10 0.0427379
51 10 10 4 10 4.34056e-48
51 10 10 10 4 0.0259775
51 8 12 10 11 0.0490949
51 10 11 8 12 1.94921e-48
51 11 8 12 10 3.62743e-48
51 12 10 11 8 2.3229e-48
51 5 12 7 8 2.18386e-48
51 7 8 5 12 4.78305e-48
51 8 5 12 7 4.38834e-48
51 12 7 8 5 5.04134e-48
51 10 11 10 12 0.0140359
51 10 12 10 11 0.0259429
51 11 10 12 10 3.53335e-48
51 12 10 11 10 3.84141e-48
51 4 10 11 12 2.39182e-48
51 10 11 12 4 1.82933e-48
51 11 12 4 10 6.3009e-48
51 12 4 10 11 0.0246659
51 7 7 12 9 6.94545e-48
51 7 12 9 7 5.11081e-48
51 9 7 7 12 4.76619e-48
51 12 9 7 7 2.2645e-48
51 6 8 12 11 1.87664e-48
51 8 12 11 6 3.77386e-48
51 11 6 8 12 3.53639e-48
51 12 11 6 8 2.43885e-48
51 4 4 10 11 0.0203055
51 4 10 11 4 2.34589e-48
51 10 11 4 4 1.70634e-48
51 11 4 4 10 4.02232e-48
51 7 11 10 12 0.0235235
51 10 12 7 11 2.88216e-48
51 11 10 12 7 1.60251e-48
51 12 7 11 10 7.50399e-48
51 7 12 10 12 0.0422758
51 10 12 7 12 2.80239e-48
51 12 7 12 10 6.74445e-48
51 12 10 12 7 1.56588e-48
51 4 12 10 10 0.0584472
51 10 4 12 10 4.04379e-48
51 10 10 4 12 2.3376e-48
51 12 10 10 4 0.027549
51 5 6 11 8 2.62662e-48
51 6 11 8 5 2.54974e-48
51 8 5 6 11 1.1278e-47
51 11 8 5 6 3.17393e-48
51 6 12 9 7 3.2912e-48
51 7 6 12 9 4.79307e-48
51 9 7 6 12 6.66506e-48
51 12 9 7 6 2.14984e-48
51 6 11 7 7 1.6116e-48
51 7 6 11 7 4.22061e-48
51 7 7 6 11 1.10223e-47
51 11 7 7 6 3.96792e-48
51 7 9 9 10 9.8379e-48
51 9 9 10 7 0.0219802
51 9 10 7 9 2.84857e-48
51 10 7 9 9 6.06671e-48
51 4 9 4 12 2.37619e-48
51 4 12 4 9 3.17769e-48
51 9 4 12 4 2.39317e-48
51 12 4 9 4 3.24884e-48
51 4 7 12 8 5.21718e-50
51 7 12 8 4 8.94788e-50
51 8 4 7 12 5.26082e-50
51 12 8 4 7 2.33013e-50
52 4 7 6 10 0.000561047
52 6 10 4 7 0.000724261
52 7 6 10 4 0.00848747
52 10 4 7 6 0.00620311
52 4 12 12 7 0.00076675
52 7 4 12 12 0.00406226
52 12 7 4 12 0.00183369
52 12 12 7 4 0.0093345
52 8 12 8 12 0.000341508
52 12 8 12 8 9.27949e-48
52 5 10 9 7 8.30382e-47
52 7 5 10 9 0.0179861
52 9 7 5 10 0.00325472
52 10 9 7 5 0.00572129
52 8 12 9 10 4.87313e-46
52 9 10 8 12 0.0131492
52 10 8 12 9 0.00594318
52 12 9 10 8 4.26885e-46
52 4 12 10 8 2.099e-46
52 8 4 12 10 0.00453872
52 10 8 4 12 0.00926246
52 12 10 8 4 0.0224921
52 6 12 8 12 0.0197019
52 8 12 6 12 0.00149526
52 12 6 12 8 3.00526e-46
52 12 8 12 6 0.00563871
52 4 5 9 6 1.68768e-45
52 5 9 6 4 0.00322555
52 6 4 5 9 0.00672522
52 9 6 4 5 0.00410579
52 4 10 10 12 0.00298486
52 10 10 12 4 0.00599833
52 10 12 4 10 0.00749486
52 12 4 10 10 0.0120755
52 4 9 11 7 2.88141e-05
52 7 4 9 11 2.38884e-48
52 9 11 7 4 0.000228655
52 11 7 4 9 1.257e-05
52 4 10 10 6 0.00250205
52 6 4 10 10 0.0119553
52 10 6 4 10 0.010727
52 10 10 6 4 0.00343357
52 4 4 11 5 0.00574311
52 4 11 5 4 0.0150127
52 5 4 4 11 0.00140927
52 11 5 4 4 0.032186
52 4 12 12 12 0.00253573
52 12 4 12 12 0.00562753
52 12 12 4 12 0.00457403
52 12 12 12 4 0.00667316
52 4 7 5 5 0.00072147
52 5 4 7 5 0.00222424
52 5 5 4 7 0.00319444
52 7 5 5 4 0.0279455
52 5 12 8 7 0.00362334
52 7 5 12 8 7.32477e-46
52 8 7 5 12 0.00158388
52 12 8 7 5 0.00556291
52 4 8 6 7 0.000976347
52 6 7 4 8 1.2606e-46
52 7 4 8 6 0.0224088
52 8 6 7 4 0.0115408
52 4 10 10 9 0.00187797
52 9 4 10 10 0.010099
52 10 9 4 10 0.00828589
52 10 10 9 4 7.76956e-46
52 9 10 11 12 8.4153e-05
52 10 11 12 9 9.69548e-05
52 11 12 9 10 7.61542e-48
52 12 9 10 11 3.45812e-05
52 4 11 12 7 0.00202855
52 7 4 11 12 0.0124727
52 11 12 7 4 0.00918656
52 12 7 4 11 0.000751962
52 4 10 6 6 0.00079537
52 6 4 10 6 0.0071059
52 6 6 4 10 0.00772352
52 10 6 6 4 0.00635202
52 4 11 8 7 0.0102066
52 7 4 11 8 6.62177e-46
52 8 7 4 11 0.000496641
52 11 8 7 4 0.0156245
52 7 11 11 8 9.89689e-46
52 8 7 11 11 0.00105986
52 11 8 7 11 0.00305249
52 11 11 8 7 0.0125936
52 9 9 11 12 0.0136856
52 9 11 12 9 0.00671108
52 11 12 9 9 3.86645e-46
52 12 9 9 11 2.83095e-46
52 7 12 7 12 0.00737775
52 12 7 12 7 0.00088571
52 4 6 4 12 4.44725e-05
52 4 12 4 6 2.60465e-05
52 6 4 12 4 9.96051e-05
52 12 4 6 4 5.7589e-05
52 7 11 11 11 0.00637857
52 11 7 11 11 0.00131774
52 11 11 7 11 0.00396187
52 11 11 11 7 0.00641232
52 5 11 7 7 0.00296023
52 7 5 11 7 0.0142281
52 7 7 5 11 0.000788524
52 11 7 7 5 0.00143337
52 4 7 7 10 0.00201667
52 7 7 10 4 0.00349689
52 7 10 4 7 0.000776746
52 10 4 7 7 0.00329139
52 6 10 9 10 4.4771e-46
52 9 10 6 10 0.00167134
52 10 6 10 9 0.00713432
52 10 9 10 6 0.00734211
52 5 9 12 11 0.00111392
52 9 12 11 5 0.00619448
52 11 5 9 12 2.51365e-45
52 12 11 5 9 0.0102729
52 4 10 9 6 2.31947e-46
52 6 4 10 9 0.00687355
52 9 6 4 10 0.00840817
52 10 9 6 4 0.00632327
52 4 12 10 11 0.00130417
52 10 11 4 12 0.0115896
52 11 4 12 10 0.00544017
52 12 10 11 4 0.0110406
52 4 10 10 10 0.00351696
52 10 4 10 10 0.0138725
52 10 10 4 10 0.00484441
52 10 10 10 4 0.00902406
52 8 12 10 11 0.00126231
52 10 11 8 12 0.0473755
52 11 8 12 10 0.00610991
52 12 10 11 8 3.26408e-46
52 5 12 7 8 1.76973e-46
52 7 8 5 12 0.00734889
52 8 5 12 7 0.00381944
52 12 7 8 5 0.00471935
52 10 11 10 12 0.0135496
52 10 12 10 11 0.00210021
52 11 10 12 10 0.00222103
52 12 10 11 10 0.00692927
52 4 10 11 12 0.00474993
52 10 11 12 4 0.0191437
52 11 12 4 10 0.0050063
52 12 4 10 11 0.00327697
52 7 7 12 9 0.000816938
52 7 12 9 7 1.26857e-46
52 9 7 7 12 0.0021043
52 12 9 7 7 0.00209813
52 6 8 12 11 0.00193234
52 8 12 11 6 0.00475681
52 11 6 8 12 0.0198324
52 12 11 6 8 2.2499e-46
52 4 4 10 11 0.00197347
52 4 10 11 4 0.00752792
52 10 11 4 4 0.020796
52 11 4 4 10 0.00669099
52 7 11 10 12 0.00877729
52 10 12 7 11 0.0020132
52 11 10 12 7 0.000587621
52 12 7 11 10 0.00443068
52 7 12 10 12 0.00381265
52 10 12 7 12 0.00564176
52 12 7 12 10 0.00165835
52 12 10 12 7 0.000686173
52 4 12 10 10 0.0051961
52 10 4 12 10 0.00880583
52 10 10 4 12 0.00392632
52 12 10 10 4 0.00750136
52 5 6 11 8 5.78409e-46
52 6 11 8 5 0.0320793
52 8 5 6 11 0.00308471
52 11 8 5 6 0.00873747
52 6 12 9 7 1.62301e-46
52 7 6 12 9 0.00272068
52 9 7 6 12 0.000803276
52 12 9 7 6 0.00542569
52 6 11 7 7 0.00399567
52 7 6 11 7 0.00345939
52 7 7 6 11 0.000244993
52 11 7 7 6 0.00166844
52 7 9 9 10 6.34069e-46
52 9 9 10 7 0.00218965
52 9 10 7 9 0.00247673
52 10 7 9 9 1.95393e-46
52 4 9 4 12 0.00376247
52 4 12 4 9 0.00214123
52 9 4 12 4 0.00921553
52 12 4 9 4 1.42729e-45
52 4 7 12 8 7.31038e-49
52 7 12 8 4 0.000328304
52 8 4 7 12 7.04242e-05
52 12 8 4 7 3.1864e-05
53 3 0 2 11 0.0498192
53 3 0 3 4 0.0472769
53 1 0 3 12 0.0400153
53 2 0 3 8 0.0312364
53 3 0 3 5 0.0883323
53 2 0 3 4 0.0376538
53 1 0 2 11 0.047265
53 1 0 2 6 0.0905324
53 1 0 3 10 0.0610938
53 2 0 1 12 0.0319833
53 1 0 3 4 0.0462778
53 2 0 1 4 0.0182746
53 2 0 2 9 0.0262588
53 3 0 3 7 0.0366609
53 1 0 1 11 0.0240111
53 2 0 2 11 0.0382462
53 3 0 2 8 0.0389891
53 3 0 3 12 0.040897
53 1 0 2 10 0.0604217
53 3 0 1 11 0.02485
53 3 0 3 11 0.0499733
53 3 0 2 9 0.0329759
53 3 0 1 4 0.0228365
53 3 0 1 5 0.0141186
54 2 11 3 0 0.0304154
54 3 4 3 0 0.0224408
54 3 12 1 0 0.0215615
54 3 8 2 0 0.0189548
54 3 5 3 0 0.179811
54 3 4 2 0 0.0203183
54 2 11 1 0 0.0266459
54 2 6 1 0 0.125169
54 3 10 1 0 0.0778362
54 1 12 2 0 0.0363211
54 3 4 1 0 0.0202841
54 1 4 2 0 0.0168817
54 2 9 2 0 0.0400027
54 3 7 3 0 0.0196874
54 1 11 1 0 0.0323988
54 2 11 2 0 0.0265444
54 2 8 3 0 0.0148859
54 3 12 3 0 0.0238643
54 2 10 1 0 0.0550608
54 1 11 3 0 0.0363119
54 3 11 3 0 0.042655
54 2 9 3 0 0.0441898
54 1 4 3 0 0.0185571
54 1 5 3 0 0.0492016
55 4 7 6 10 3.20857e-48
55 6 10 4 7 1.39434e-48
55 7 6 10 4 1.1791e-47
55 10 4 7 6 0.0315606
55 4 12 12 7 8.65272e-49
55 7 4 12 12 0.035578
55 12 7 4 12 2.42943e-48
55 12 12 7 4 4.50608e-48
55 8 12 8 12 8.21219e-50
55 12 8 12 8 8.55448e-50
55 5 10 9 7 3.6296e-48
55 7 5 10 9 8.76213e-48
55 9 7 5 10 8.2402e-49
55 10 9 7 5 3.96164e-47
55 8 12 9 10 3.21572e-48
55 9 10 8 12 2.7805e-48
55 10 8 12 9 3.70133e-48
55 12 9 10 8 6.08911e-48
55 4 12 10 8 5.69286e-48
55 8 4 12 10 0.0102847
55 10 8 4 12 5.22605e-48
55 12 10 8 4 3.74246e-48
55 6 12 8 12 5.21797e-48
55 8 12 6 12 8.50556e-48
55 12 6 12 8 4.0038e-48
55 12 8 12 6 2.02689e-48
55 4 5 9 6 9.29386e-48
55 5 9 6 4 2.14511e-47
55 6 4 5 9 0.0262603
55 9 6 4 5 1.71815e-47
55 4 10 10 12 5.84643e-48
55 10 10 12 4 6.07579e-48
55 10 12 4 10 1.87985e-48
55 12 4 10 10 0.0151469
55 4 9 11 7 9.01206e-51
55 7 4 9 11 0.00200063
55 9 11 7 4 5.54726e-50
55 11 7 4 9 2.79155e-50
55 4 10 10 6 4.45366e-48
55 6 4 10 10 0.032874
55 10 6 4 10 3.06501e-48
55 10 10 6 4 1.98082e-47
55 4 4 11 5 0.0711283
55 4 11 5 4 3.20028e-48
55 5 4 4 11 0.0580551
55 11 5 4 4 6.10645e-48
55 4 12 12 12 2.67826e-48
55 12 4 12 12 0.0182833
55 12 12 4 12 2.23372e-48
55 12 12 12 4 2.73992e-48
55 4 7 5 5 7.63248e-48
55 5 4 7 5 0.157886
55 5 5 4 7 1.30291e-48
55 7 5 5 4 4.80351e-48
55 5 12 8 7 1.20155e-48
55 7 5 12 8 7.02658e-48
55 8 7 5 12 2.19036e-48
55 12 8 7 5 1.87138e-47
55 4 8 6 7 4.94656e-48
55 6 7 4 8 8.533e-48
55 7 4 8 6 0.0429422
55 8 6 7 4 1.2632e-47
55 4 10 10 9 3.95143e-48
55 9 4 10 10 0.0131728
55 10 9 4 10 2.30065e-48
55 10 10 9 4 1.48386e-47
55 9 10 11 12 1.85039e-50
55 10 11 12 9 3.70209e-50
55 11 12 9 10 3.93967e-50
55 12 9 10 11 1.07337e-49
55 4 11 12 7 1.10636e-48
55 7 4 11 12 0.0273492
55 11 12 7 4 6.91978e-48
55 12 7 4 11 5.05263e-48
55 4 10 6 6 7.31849e-48
55 6 4 10 6 0.0506732
55 6 6 4 10 3.30063e-48
55 10 6 6 4 2.48018e-47
55 4 11 8 7 1.34027e-48
55 7 4 11 8 0.03384
55 8 7 4 11 6.64201e-48
55 11 8 7 4 9.27722e-48
55 7 11 11 8 3.77532e-48
55 8 7 11 11 3.64643e-48
55 11 8 7 11 1.12338e-47
55 11 11 8 7 1.22593e-48
55 9 9 11 12 1.97918e-48
55 9 11 12 9 1.81804e-48
55 11 12 9 9 6.13184e-48
55 12 9 9 11 1.50374e-47
55 7 12 7 12 1.17334e-47
55 12 7 12 7 1.28829e-48
55 4 6 4 12 5.20765e-50
55 4 12 4 6 2.4331e-50
55 6 4 12 4 0.000580461
55 12 4 6 4 0.000871941
55 7 11 11 11 5.29476e-48
55 11 7 11 11 3.55423e-48
55 11 11 7 11 8.93944e-48
55 11 11 11 7 6.49085e-49
55 5 11 7 7 2.31672e-48
55 7 5 11 7 1.56654e-48
55 7 7 5 11 7.49018e-48
55 11 7 7 5 2.58955e-47
55 4 7 7 10 2.38079e-48
55 7 7 10 4 1.15694e-47
55 7 10 4 7 1.83889e-48
55 10 4 7 7 0.0196884
55 6 10 9 10 5.47677e-48
55 9 10 6 10 2.92955e-48
55 10 6 10 9 7.07471e-48
55 10 9 10 6 5.98533e-48
55 5 9 12 11 8.0618e-48
55 9 12 11 5 5.85381e-48
55 11 5 9 12 1.12918e-47
55 12 11 5 9 1.36588e-48
55 4 10 9 6 7.06543e-48
55 6 4 10 9 0.0579408
55 9 6 4 10 1.70447e-48
55 10 9 6 4 2.39921e-47
55 4 12 10 11 7.69699e-48
55 10 11 4 12 4.00918e-48
55 11 4 12 10 0.00966424
55 12 10 11 4 1.91025e-48
55 4 10 10 10 2.41391e-48
55 10 4 10 10 0.0255045
55 10 10 4 10 2.04514e-48
55 10 10 10 4 1.00709e-47
55 8 12 10 11 7.04468e-48
55 10 11 8 12 4.05445e-48
55 11 8 12 10 1.32144e-48
55 12 10 11 8 1.6086e-48
55 5 12 7 8 6.25122e-48
55 7 8 5 12 3.99927e-48
55 8 5 12 7 1.24018e-48
55 12 7 8 5 1.11896e-47
55 10 11 10 12 5.3064e-48
55 10 12 10 11 8.63114e-48
55 11 10 12 10 1.0257e-48
55 12 10 11 10 5.13439e-49
55 4 10 11 12 2.11411e-48
55 10 11 12 4 5.56786e-48
55 11 12 4 10 1.3368e-48
55 12 4 10 11 0.0594904
55 7 7 12 9 3.2206e-48
55 7 12 9 7 3.45691e-48
55 9 7 7 12 3.50236e-48
55 12 9 7 7 1.46405e-48
55 6 8 12 11 8.49753e-48
55 8 12 11 6 1.08093e-48
55 11 6 8 12 4.25915e-48
55 12 11 6 8 7.24267e-48
55 4 4 10 11 0.0754105
55 4 10 11 4 2.74157e-48
55 10 11 4 4 5.8864e-48
55 11 4 4 10 0.0115679
55 7 11 10 12 6.32219e-48
55 10 12 7 11 8.82869e-48
55 11 10 12 7 8.27415e-49
55 12 7 11 10 5.29175e-49
55 7 12 10 12 5.68227e-48
55 10 12 7 12 4.87846e-48
55 12 7 12 10 7.91106e-49
55 12 10 12 7 6.19197e-49
55 4 12 10 10 2.11889e-48
55 10 4 12 10 0.0146939
55 10 10 4 12 4.73022e-48
55 12 10 10 4 5.71169e-48
55 5 6 11 8 4.95629e-48
55 6 11 8 5 2.97025e-47
55 8 5 6 11 2.70782e-47
55 11 8 5 6 2.50123e-48
55 6 12 9 7 3.59659e-48
55 7 6 12 9 4.5037e-48
55 9 7 6 12 6.47654e-48
55 12 9 7 6 3.2202e-48
55 6 11 7 7 2.66838e-48
55 7 6 11 7 1.42598e-48
55 7 7 6 11 2.59699e-47
55 11 7 7 6 3.78678e-48
55 7 9 9 10 6.27331e-48
55 9 9 10 7 1.48892e-48
55 9 10 7 9 2.74727e-48
55 10 7 9 9 7.89675e-48
55 4 9 4 12 4.28134e-48
55 4 12 4 9 2.36438e-48
55 9 4 12 4 0.0254753
55 12 4 9 4 0.0715412
55 4 7 12 8 4.88217e-50
55 7 12 8 4 8.74897e-50
55 8 4 7 12 0.000535421
55 12 8 4 7 1.31055e-50
56 7 12 8 4 1
57 4 7 6 10 3.10176e-48
57 6 10 4 7 8.892e-48
57 7 6 10 4 2.17606e-48
57 10 4 7 6 1.07546e-47
57 4 12 12 7 3.17604e-48
57 7 4 12 12 0.0374411
57 12 7 4 12 0.0391793
57 12 12 7 4 5.67497e-48
57 8 12 8 12 0.000224091
57 12 8 12 8 7.12054e-50
57 5 10 9 7 4.23071e-48
57 7 5 10 9 3.91604e-48
57 9 7 5 10 4.82061e-48
57 10 9 7 5 1.26452e-47
57 8 12 9 10 2.09081e-48
57 9 10 8 12 0.0457307
57 10 8 12 9 3.41501e-48
57 12 9 10 8 4.34315e-48
57 4 12 10 8 3.30594e-48
57 8 4 12 10 1.72061e-48
57 10 8 4 12 0.031706
57 12 10 8 4 4.31446e-48
57 6 12 8 12 0.0301238
57 8 12 6 12 0.0152105
57 12 6 12 8 4.58483e-48
57 12 8 12 6 3.33267e-48
57 4 5 9 6 7.01229e-48
57 5 9 6 4 2.2147e-48
57 6 4 5 9 9.46581e-48
57 9 6 4 5 8.8638e-48
57 4 10 10 12 0.0437871
57 10 10 12 4 7.31513e-48
57 10 12 4 10 7.06439e-48
57 12 4 10 10 4.50584e-48
57 4 9 11 7 3.22129e-50
57 7 4 9 11 7.4338e-50
57 9 11 7 4 5.15343e-50
57 11 7 4 9 2.42546e-50
57 4 10 10 6 7.69559e-48
57 6 4 10 10 5.71943e-48
57 10 6 4 10 7.2659e-48
57 10 10 6 4 9.92619e-48
57 4 4 11 5 4.45348e-48
57 4 11 5 4 2.48044e-48
57 5 4 4 11 2.70938e-48
57 11 5 4 4 1.58196e-48
57 4 12 12 12 0.0270909
57 12 4 12 12 0.0389568
57 12 12 4 12 0.0445584
57 12 12 12 4 3.30177e-48
57 4 7 5 5 3.42818e-48
57 5 4 7 5 3.3556e-48
57 5 5 4 7 1.47381e-48
57 7 5 5 4 2.57101e-48
57 5 12 8 7 1.10832e-48
57 7 5 12 8 3.8229e-48
57 8 7 5 12 0.0112751
57 12 8 7 5 5.16599e-48
57 4 8 6 7 3.46521e-48
57 6 7 4 8 9.40004e-48
57 7 4 8 6 6.62161e-48
57 8 6 7 4 2.77426e-48
57 4 10 10 9 5.77642e-48
57 9 4 10 10 4.33448e-48
57 10 9 4 10 6.911e-48
57 10 10 9 4 9.51856e-48
57 9 10 11 12 0.000583763
57 10 11 12 9 4.96766e-50
57 11 12 9 10 2.55765e-50
57 12 9 10 11 4.34405e-50
57 4 11 12 7 2.70817e-48
57 7 4 11 12 0.0350625
57 11 12 7 4 2.4055e-48
57 12 7 4 11 5.39993e-48
57 4 10 6 6 1.07077e-47
57 6 4 10 6 7.16129e-48
57 6 6 4 10 6.89938e-48
57 10 6 6 4 5.20486e-48
57 4 11 8 7 2.0836e-48
57 7 4 11 8 5.06706e-48
57 8 7 4 11 1.96235e-48
57 11 8 7 4 1.47879e-48
57 7 11 11 8 2.74988e-48
57 8 7 11 11 1.02257e-48
57 11 8 7 11 1.53053e-48
57 11 11 8 7 8.08319e-49
57 9 9 11 12 0.0331347
57 9 11 12 9 4.06841e-48
57 11 12 9 9 2.73567e-48
57 12 9 9 11 6.5964e-48
57 7 12 7 12 0.0941318
57 12 7 12 7 5.87415e-48
57 4 6 4 12 0.000426484
57 4 12 4 6 7.28758e-50
57 6 4 12 4 5.60844e-50
57 12 4 6 4 5.99549e-50
57 7 11 11 11 2.18826e-48
57 11 7 11 11 9.95203e-49
57 11 11 7 11 1.77132e-48
57 11 11 11 7 8.20931e-49
57 5 11 7 7 2.34506e-48
57 7 5 11 7 3.22595e-48
57 7 7 5 11 4.56509e-48
57 11 7 7 5 3.4789e-48
57 4 7 7 10 5.77903e-48
57 7 7 10 4 2.73637e-48
57 7 10 4 7 9.90325e-48
57 10 4 7 7 1.05524e-47
57 6 10 9 10 1.13481e-47
57 9 10 6 10 8.96849e-48
57 10 6 10 9 4.41408e-48
57 10 9 10 6 5.59339e-48
57 5 9 12 11 1.70926e-48
57 9 12 11 5 4.544e-48
57 11 5 9 12 0.0156621
57 12 11 5 9 4.09501e-48
57 4 10 9 6 1.32329e-47
57 6 4 10 9 6.92751e-48
57 9 6 4 10 6.73848e-48
57 10 9 6 4 6.38013e-48
57 4 12 10 11 2.53616e-48
57 10 11 4 12 0.0353749
57 11 4 12 10 1.61436e-48
57 12 10 11 4 4.22424e-48
57 4 10 10 10 5.13491e-48
57 10 4 10 10 5.03224e-48
57 10 10 4 10 1.15769e-47
57 10 10 10 4 5.96014e-48
57 8 12 10 11 9.85984e-49
57 10 11 8 12 0.0177023
57 11 8 12 10 7.38322e-49
57 12 10 11 8 5.35849e-48
57 5 12 7 8 3.05396e-48
57 7 8 5 12 0.0208614
57 8 5 12 7 1.17337e-48
57 12 7 8 5 3.30957e-48
57 10 11 10 12 0.0179318
57 10 12 10 11 2.89844e-48
57 11 10 12 10 1.8826e-48
57 12 10 11 10 4.15922e-48
57 4 10 11 12 0.0392417
57 10 11 12 4 2.96781e-48
57 11 12 4 10 2.0906e-48
57 12 4 10 11 4.12916e-48
57 7 7 12 9 3.90115e-48
57 7 12 9 7 5.13056e-48
57 9 7 7 12 0.0508736
57 12 9 7 7 6.89817e-48
57 6 8 12 11 2.34722e-48
57 8 12 11 6 1.30533e-48
57 11 6 8 12 0.00732044
57 12 11 6 8 3.64928e-48
57 4 4 10 11 3.40643e-48
57 4 10 11 4 3.94557e-48
57 10 11 4 4 4.02699e-48
57 11 4 4 10 2.4801e-48
57 7 11 10 12 0.0159088
57 10 12 7 11 6.30349e-48
57 11 10 12 7 1.94031e-48
57 12 7 11 10 2.30068e-48
57 7 12 10 12 0.021441
57 10 12 7 12 0.0525592
57 12 7 12 10 2.82332e-48
57 12 10 12 7 5.2605e-48
57 4 12 10 10 2.99229e-48
57 10 4 12 10 5.89815e-48
57 10 10 4 12 0.0942743
57 12 10 10 4 5.09633e-48
57 5 6 11 8 1.78048e-48
57 6 11 8 5 4.23831e-48
57 8 5 6 11 1.94736e-48
57 11 8 5 6 1.68227e-48
57 6 12 9 7 6.32089e-48
57 7 6 12 9 4.25678e-48
57 9 7 6 12 0.0374659
57 12 9 7 6 9.64643e-48
57 6 11 7 7 6.13449e-48
57 7 6 11 7 3.05259e-48
57 7 7 6 11 4.44544e-48
57 11 7 7 6 3.16674e-48
57 7 9 9 10 5.82517e-48
57 9 9 10 7 3.64978e-48
57 9 10 7 9 1.45128e-47
57 10 7 9 9 6.8441e-48
57 4 9 4 12 0.0444298
57 4 12 4 9 5.9913e-48
57 9 4 12 4 4.65529e-48
57 12 4 9 4 6.29701e-48
57 4 7 12 8 4.66296e-50
57 7 12 8 4 3.3071e-50
57 8 4 7 12 0.000329599
57 12 8 4 7 4.35003e-50
58 4 7 6 10 0.00236601
58 6 10 4 7 0.00319703
58 7 6 10 4 0.00286913
58 10 4 7 6 0.00108493
58 4 12 12 7 0.00214518
58 7 4 12 12 0.00561918
58 12 7 4 12 0.00834817
58 12 12 7 4 0.00315798
58 8 12 8 12 0.000181527
58 12 8 12 8 8.06584e-05
58 5 10 9 7 0.0108731
58 7 5 10 9 0.00535333
58 9 7 5 10 0.0097362
58 10 9 7 5 4.33698e-46
58 8 12 9 10 0.00614583
58 9 10 8 12 0.0214937
58 10 8 12 9 0.00314723
58 12 9 10 8 1.08682e-45
58 4 12 10 8 0.00187128
58 8 4 12 10 0.00716863
58 10 8 4 12 0.00601964
58 12 10 8 4 0.00401383
58 6 12 8 12 0.00359987
58 8 12 6 12 0.00949942
58 12 6 12 8 0.0138312
58 12 8 12 6 0.000404739
58 4 5 9 6 0.00100127
58 5 9 6 4 6.21665e-46
58 6 4 5 9 0.00336147
58 9 6 4 5 0.00564888
58 4 10 10 12 0.0069809
58 10 10 12 4 0.00516805
58 10 12 4 10 0.0052184
58 12 4 10 10 0.00901854
58 4 9 11 7 5.16828e-48
58 7 4 9 11 4.49884e-05
58 9 11 7 4 4.72347e-05
58 11 7 4 9 7.27477e-05
58 4 10 10 6 0.000490278
58 6 4 10 10 0.0044117
58 10 6 4 10 0.0177324
58 10 10 6 4 0.0068435
58 4 4 11 5 0.000663487
58 4 11 5 4 0.000865045
58 5 4 4 11 0.00463869
58 11 5 4 4 0.00996635
58 4 12 12 12 0.00327823
58 12 4 12 12 0.0128722
58 12 12 4 12 0.00709438
58 12 12 12 4 0.00231161
58 4 7 5 5 0.000411821
58 5 4 7 5 0.00139135
58 5 5 4 7 0.00764653
58 7 5 5 4 0.00224266
58 5 12 8 7 0.00360908
58 7 5 12 8 0.00491991
58 8 7 5 12 0.00853651
58 12 8 7 5 0.00104716
58 4 8 6 7 0.00283344
58 6 7 4 8 0.00287704
58 7 4 8 6 0.000502663
58 8 6 7 4 0.0133242
58 4 10 10 9 0.00290527
58 9 4 10 10 0.0125258
58 10 9 4 10 1.1148e-45
58 10 10 9 4 0.00639922
58 9 10 11 12 0.000235793
58 10 11 12 9 4.20999e-05
58 11 12 9 10 0.000128411
58 12 9 10 11 1.23587e-47
58 4 11 12 7 0.00208671
58 7 4 11 12 0.00572418
58 11 12 7 4 0.00597282
58 12 7 4 11 0.00487569
58 4 10 6 6 0.000530457
58 6 4 10 6 0.000457328
58 6 6 4 10 0.00675079
58 10 6 6 4 0.011293
58 4 11 8 7 0.00203214
58 7 4 11 8 0.0030833
58 8 7 4 11 0.00462867
58 11 8 7 4 0.0045551
58 7 11 11 8 0.00141528
58 8 7 11 11 0.00403704
58 11 8 7 11 0.00699051
58 11 11 8 7 0.00712141
58 9 9 11 12 2.78395e-45
58 9 11 12 9 0.00517888
58 11 12 9 9 0.00897711
58 12 9 9 11 1.42297e-45
58 7 12 7 12 0.0083253
58 12 7 12 7 0.0107494
58 4 6 4 12 0.000110812
58 4 12 4 6 2.29028e-06
58 6 4 12 4 2.04099e-05
58 12 4 6 4 5.52488e-05
58 7 11 11 11 0.00128042
58 11 7 11 11 0.00671089
58 11 11 7 11 0.00743973
58 11 11 11 7 0.00621558
58 5 11 7 7 0.0054704
58 7 5 11 7 0.006763
58 7 7 5 11 0.00254652
58 11 7 7 5 0.00339438
58 4 7 7 10 0.00359046
58 7 7 10 4 0.00146146
58 7 10 4 7 0.00419651
58 10 4 7 7 0.0148691
58 6 10 9 10 0.00516606
58 9 10 6 10 0.015686
58 10 6 10 9 0.0135961
58 10 9 10 6 1.44245e-46
58 5 9 12 11 7.29012e-46
58 9 12 11 5 0.00146709
58 11 5 9 12 0.0505536
58 12 11 5 9 0.00319157
58 4 10 9 6 0.000639245
58 6 4 10 9 0.00349253
58 9 6 4 10 0.0247015
58 10 9 6 4 9.14975e-46
58 4 12 10 11 0.0016321
58 10 11 4 12 0.00617613
58 11 4 12 10 0.0114882
58 12 10 11 4 0.00337732
58 4 10 10 10 0.00395139
58 10 4 10 10 0.00968164
58 10 10 4 10 0.0089777
58 10 10 10 4 0.00528446
58 8 12 10 11 0.00335572
58 10 11 8 12 0.00601937
58 11 8 12 10 0.00483253
58 12 10 11 8 0.00558749
58 5 12 7 8 0.00417012
58 7 8 5 12 0.00254562
58 8 5 12 7 0.0130062
58 12 7 8 5 0.00115249
58 10 11 10 12 0.00604546
58 10 12 10 11 0.00362973
58 11 10 12 10 0.0104275
58 12 10 11 10 0.00561629
58 4 10 11 12 0.00542275
58 10 11 12 4 0.00227845
58 11 12 4 10 0.00716864
58 12 4 10 11 0.00725578
58 7 7 12 9 0.0018327
58 7 12 9 7 0.00303223
58 9 7 7 12 0.0191407
58 12 9 7 7 1.63718e-45
58 6 8 12 11 0.00116495
58 8 12 11 6 0.000363132
58 11 6 8 12 0.0334631
58 12 11 6 8 0.0037096
58 4 4 10 11 0.00295671
58 4 10 11 4 0.00155819
58 10 11 4 4 0.00200928
58 11 4 4 10 0.0114703
58 7 11 10 12 0.00253438
58 10 12 7 11 0.00499954
58 11 10 12 7 0.012428
58 12 7 11 10 0.00396035
58 7 12 10 12 0.00299413
58 10 12 7 12 0.00983747
58 12 7 12 10 0.00446778
58 12 10 12 7 0.0075514
58 4 12 10 10 0.00219336
58 10 4 12 10 0.00904198
58 10 10 4 12 0.0151466
58 12 10 10 4 0.00470084
58 5 6 11 8 0.0109927
58 6 11 8 5 0.000484854
58 8 5 6 11 0.015992
58 11 8 5 6 0.00080585
58 6 12 9 7 0.00316966
58 7 6 12 9 0.00493679
58 9 7 6 12 0.0173068
58 12 9 7 6 1.63909e-46
58 6 11 7 7 0.00293122
58 7 6 11 7 0.0068136
58 7 7 6 11 0.00273751
58 11 7 7 6 0.00147141
58 7 9 9 10 6.50118e-46
58 9 9 10 7 1.97469e-45
58 9 10 7 9 0.0135126
58 10 7 9 9 0.00647496
58 4 9 4 12 7.63026e-46
58 4 12 4 9 0.00148646
58 9 4 12 4 0.00634691
58 12 4 9 4 0.00565838
58 4 7 12 8 2.8146e-05
58 7 12 8 4 1.33114e-05
58 8 4 7 12 0.000226133
58 12 8 4 7 4.79572e-05
59 4 7 6 10 6.33513e-48
59 6 10 4 7 7.38348e-48
59 7 6 10 4 6.31694e-48
59 10 4 7 6 8.64543e-48
59 4 12 12 7 4.71076e-48
59 7 4 12 12 6.63013e-48
59 12 7 4 12 4.01687e-48
59 12 12 7 4 3.93774e-48
59 8 12 8 12 1.05143e-49
59 12 8 12 8 9.05559e-50
59 5 10 9 7 3.20375e-48
59 7 5 10 9 1.08235e-47
59 9 7 5 10 4.60657e-48
59 10 9 7 5 0.117443
59 8 12 9 10 6.3649e-48
59 9 10 8 12 3.40321e-48
59 10 8 12 9 9.92618e-48
59 12 9 10 8 0.0344777
59 4 12 10 8 2.83755e-48
59 8 4 12 10 6.59162e-48
59 10 8 4 12 9.5847e-48
59 12 10 8 4 2.30763e-48
59 6 12 8 12 5.61067e-48
59 8 12 6 12 8.40366e-48
59 12 6 12 8 4.23834e-48
59 12 8 12 6 5.57201e-48
59 4 5 9 6 6.94577e-48
59 5 9 6 4 0.0376632
59 6 4 5 9 6.30854e-48
59 9 6 4 5 5.37004e-48
59 4 10 10 12 5.37065e-48
59 10 10 12 4 7.06683e-48
59 10 12 4 10 9.41524e-48
59 12 4 10 10 5.01543e-48
59 4 9 11 7 0.000802786
59 7 4 9 11 6.17971e-50
59 9 11 7 4 5.17176e-50
59 11 7 4 9 3.82763e-50
59 4 10 10 6 5.76486e-48
59 6 4 10 10 1.02022e-47
59 10 6 4 10 1.53511e-47
59 10 10 6 4 1.0455e-47
59 4 4 11 5 3.81736e-48
59 4 11 5 4 2.69532e-48
59 5 4 4 11 2.04913e-48
59 11 5 4 4 3.63138e-48
59 4 12 12 12 4.26716e-48
59 12 4 12 12 3.84493e-48
59 12 12 4 12 3.69327e-48
59 12 12 12 4 2.87301e-48
59 4 7 5 5 2.11912e-48
59 5 4 7 5 1.95006e-48
59 5 5 4 7 2.92785e-48
59 7 5 5 4 4.38982e-48
59 5 12 8 7 1.87349e-48
59 7 5 12 8 6.59136e-48
59 8 7 5 12 4.69037e-48
59 12 8 7 5 5.39111e-48
59 4 8 6 7 1.22207e-47
59 6 7 4 8 7.17497e-48
59 7 4 8 6 6.63086e-48
59 8 6 7 4 1.23193e-47
59 4 10 10 9 4.49828e-48
59 9 4 10 10 4.65343e-48
59 10 9 4 10 0.106898
59 10 10 9 4 5.74536e-48
59 9 10 11 12 6.79273e-50
59 10 11 12 9 9.92822e-50
59 11 12 9 10 4.67581e-50
59 12 9 10 11 0.000557722
59 4 11 12 7 6.02331e-48
59 7 4 11 12 8.98897e-48
59 11 12 7 4 4.04657e-48
59 12 7 4 11 4.15967e-48
59 4 10 6 6 7.45589e-48
59 6 4 10 6 8.11438e-48
59 6 6 4 10 1.39682e-47
59 10 6 6 4 1.30906e-47
59 4 11 8 7 4.29081e-48
59 7 4 11 8 6.03495e-48
59 8 7 4 11 6.10248e-48
59 11 8 7 4 5.42517e-48
59 7 11 11 8 6.24609e-48
59 8 7 11 11 6.97207e-48
59 11 8 7 11 6.08592e-48
59 11 11 8 7 3.21602e-48
59 9 9 11 12 0.0674032
59 9 11 12 9 4.6894e-48
59 11 12 9 9 3.30249e-48
59 12 9 9 11 0.0451119
59 7 12 7 12 1.69054e-47
59 12 7 12 7 8.58838e-48
59 4 6 4 12 7.03177e-50
59 4 12 4 6 4.62934e-50
59 6 4 12 4 6.1492e-50
59 12 4 6 4 4.47228e-50
59 7 11 11 11 8.03866e-48
59 11 7 11 11 4.07495e-48
59 11 11 7 11 4.84297e-48
59 11 11 11 7 5.10705e-48
59 5 11 7 7 5.11941e-48
59 7 5 11 7 1.63219e-47
59 7 7 5 11 6.34141e-48
59 11 7 7 5 4.99217e-48
59 4 7 7 10 8.63293e-48
59 7 7 10 4 6.1982e-48
59 7 10 4 7 9.20659e-48
59 10 4 7 7 1.30788e-47
59 6 10 9 10 9.10401e-48
59 9 10 6 10 7.55642e-48
59 10 6 10 9 1.09391e-47
59 10 9 10 6 0.0976236
59 5 9 12 11 0.0288969
59 9 12 11 5 3.80753e-48
59 11 5 9 12 4.90746e-48
59 12 11 5 9 3.24784e-48
59 4 10 9 6 5.28035e-48
59 6 4 10 9 8.15983e-48
59 9 6 4 10 8.21082e-48
59 10 9 6 4 0.117479
59 4 12 10 11 3.5206e-48
59 10 11 4 12 7.35293e-48
59 11 4 12 10 3.71407e-48
59 12 10 11 4 3.53276e-48
59 4 10 10 10 6.05562e-48
59 10 4 10 10 9.36752e-48
59 10 10 4 10 1.02431e-47
59 10 10 10 4 6.75369e-48
59 8 12 10 11 4.40332e-48
59 10 11 8 12 5.15952e-48
59 11 8 12 10 4.71133e-48
59 12 10 11 8 3.00328e-48
59 5 12 7 8 2.1935e-48
59 7 8 5 12 6.80009e-48
59 8 5 12 7 9.22672e-48
59 12 7 8 5 2.27454e-48
59 10 11 10 12 6.62091e-48
59 10 12 10 11 5.36223e-48
59 11 10 12 10 3.6569e-48
59 12 10 11 10 4.8246e-48
59 4 10 11 12 5.94073e-48
59 10 11 12 4 6.47605e-48
59 11 12 4 10 4.03921e-48
59 12 4 10 11 3.59161e-48
59 7 7 12 9 6.89995e-48
59 7 12 9 7 6.79821e-48
59 9 7 7 12 6.07529e-48
59 12 9 7 7 0.0754598
59 6 8 12 11 7.73672e-48
59 8 12 11 6 5.84884e-48
59 11 6 8 12 3.26983e-48
59 12 11 6 8 3.47918e-48
59 4 4 10 11 3.71804e-48
59 4 10 11 4 4.1406e-48
59 10 11 4 4 5.80241e-48
59 11 4 4 10 3.76766e-48
59 7 11 10 12 6.30188e-48
59 10 12 7 11 7.92817e-48
59 11 10 12 7 3.6912e-48
59 12 7 11 10 4.97247e-48
59 7 12 10 12 5.66402e-48
59 10 12 7 12 8.79833e-48
59 12 7 12 10 4.21486e-48
59 12 10 12 7 4.12787e-48
59 4 12 10 10 5.31554e-48
59 10 4 12 10 9.36043e-48
59 10 10 4 12 8.67534e-48
59 12 10 10 4 3.45313e-48
59 5 6 11 8 3.68049e-48
59 6 11 8 5 5.65887e-48
59 8 5 6 11 1.33212e-47
59 11 8 5 6 4.52547e-48
59 6 12 9 7 7.4808e-48
59 7 6 12 9 9.64892e-48
59 9 7 6 12 6.11724e-48
59 12 9 7 6 0.0684426
59 6 11 7 7 1.38948e-47
59 7 6 11 7 1.48574e-47
59 7 7 6 11 1.01447e-47
59 11 7 7 6 5.80561e-48
59 7 9 9 10 0.0914675
59 9 9 10 7 0.0566424
59 9 10 7 9 5.9056e-48
59 10 7 9 9 7.04976e-48
59 4 9 4 12 0.0536309
59 4 12 4 9 3.95637e-48
59 9 4 12 4 3.07197e-48
59 12 4 9 4 2.69181e-48
59 4 7 12 8 4.22062e-50
59 7 12 8 4 4.7805e-50
59 8 4 7 12 1.04723e-49
59 12 8 4 7 7.40435e-50
60 10 11 12 9 1
61 4 7 6 10 1.19866e-48
61 6 10 4 7 1.17267e-48
61 7 6 10 4 1.66336e-48
61 10 4 7 6 1.99356e-47
61 4 12 12 7 5.47905e-48
61 7 4 12 12 4.33471e-48
61 12 7 4 12 8.24005e-49
61 12 12 7 4 1.01777e-47
61 8 12 8 12 4.8405e-50
61 12 8 12 8 1.03563e-49
61 5 10 9 7 1.63203e-48
61 7 5 10 9 2.48035e-47
61 9 7 5 10 1.43992e-48
61 10 9 7 5 8.97943e-48
61 8 12 9 10 4.00931e-48
61 9 10 8 12 7.63724e-49
61 10 8 12 9 5.35385e-48
61 12 9 10 8 3.5373e-48
61 4 12 10 8 9.8768e-48
61 8 4 12 10 3.74265e-48
61 10 8 4 12 4.31148e-48
61 12 10 8 4 6.81611e-49
61 6 12 8 12 3.36551e-48
61 8 12 6 12 4.39922e-48
61 12 6 12 8 2.31308e-48
61 12 8 12 6 4.84713e-48
61 4 5 9 6 3.33897e-47
61 5 9 6 4 3.14358e-48
61 6 4 5 9 1.33774e-47
61 9 6 4 5 3.52891e-48
61 4 10 10 12 1.96972e-48
61 10 10 12 4 1.41014e-48
61 10 12 4 10 7.84492e-48
61 12 4 10 10 9.57979e-48
61 4 9 11 7 4.18764e-50
61 7 4 9 11 0.000626142
61 9 11 7 4 1.80611e-49
61 11 7 4 9 5.6689e-51
61 4 10 10 6 3.21153e-48
61 6 4 10 10 1.11436e-47
61 10 6 4 10 3.1795e-48
61 10 10 6 4 2.26329e-48
61 4 4 11 5 1.51131e-47
61 4 11 5 4 1.07107e-47
61 5 4 4 11 0.0633595
61 11 5 4 4 6.37464e-48
61 4 12 12 12 5.03767e-48
61 12 4 12 12 5.15524e-48
61 12 12 4 12 4.94823e-48
61 12 12 12 4 4.22724e-48
61 4 7 5 5 1.40694e-48
61 5 4 7 5 1.47249e-47
61 5 5 4 7 1.26506e-47
61 7 5 5 4 1.18116e-47
61 5 12 8 7 3.19855e-48
61 7 5 12 8 1.39816e-47
61 8 7 5 12 6.5589e-49
61 12 8 7 5 1.0525e-47
61 4 8 6 7 8.03245e-48
61 6 7 4 8 1.68077e-48
61 7 4 8 6 6.28257e-48
61 8 6 7 4 3.47384e-48
61 4 10 10 9 2.41063e-48
61 9 4 10 10 9.03751e-48
61 10 9 4 10 2.81909e-48
61 10 10 9 4 1.55109e-48
61 9 10 11 12 2.26403e-50
61 10 11 12 9 1.36606e-49
61 11 12 9 10 3.31586e-50
61 12 9 10 11 0.000328227
61 4 11 12 7 9.30942e-48
61 7 4 11 12 8.32763e-48
61 11 12 7 4 5.16787e-48
61 12 7 4 11 0.00977432
61 4 10 6 6 3.05199e-48
61 6 4 10 6 1.39529e-47
61 6 6 4 10 2.5668e-48
61 10 6 6 4 3.34791e-48
61 4 11 8 7 6.32718e-48
61 7 4 11 8 1.11647e-47
61 8 7 4 11 0.00629351
61 11 8 7 4 3.60907e-48
61 7 11 11 8 1.25911e-47
61 8 7 11 11 0.00836088
61 11 8 7 11 0.0346532
61 11 11 8 7 2.18218e-48
61 9 9 11 12 3.37934e-48
61 9 11 12 9 1.01787e-47
61 11 12 9 9 3.54666e-48
61 12 9 9 11 0.0243282
61 7 12 7 12 1.59205e-47
61 12 7 12 7 1.42432e-48
61 4 6 4 12 2.51471e-50
61 4 12 4 6 1.01164e-49
61 6 4 12 4 6.30977e-50
61 12 4 6 4 8.70602e-50
61 7 11 11 11 0.0929526
61 11 7 11 11 0.00550141
61 11 11 7 11 0.0703467
61 11 11 11 7 5.14673e-48
61 5 11 7 7 2.13844e-47
61 7 5 11 7 2.42041e-47
61 7 7 5 11 0.0112853
61 11 7 7 5 1.41547e-48
61 4 7 7 10 2.64487e-48
61 7 7 10 4 1.00528e-48
61 7 10 4 7 1.24683e-48
61 10 4 7 7 1.95608e-47
61 6 10 9 10 1.57218e-48
61 9 10 6 10 1.86049e-48
61 10 6 10 9 4.1571e-48
61 10 9 10 6 4.91047e-48
61 5 9 12 11 0.0190289
61 9 12 11 5 1.17044e-47
61 11 5 9 12 7.14665e-48
61 12 11 5 9 1.3123e-47
61 4 10 9 6 2.69556e-48
61 6 4 10 9 1.34974e-47
61 9 6 4 10 2.68277e-48
61 10 9 6 4 3.82553e-48
61 4 12 10 11 0.0702929
61 10 11 4 12 8.4377e-48
61 11 4 12 10 2.3741e-48
61 12 10 11 4 1.5498e-48
61 4 10 10 10 2.14291e-48
61 10 4 10 10 1.15325e-47
61 10 10 4 10 1.79579e-48
61 10 10 10 4 1.98975e-48
61 8 12 10 11 0.0359346
61 10 11 8 12 4.63539e-48
61 11 8 12 10 1.28635e-48
61 12 10 11 8 1.96593e-48
61 5 12 7 8 1.39759e-47
61 7 8 5 12 3.59427e-48
61 8 5 12 7 8.69107e-48
61 12 7 8 5 7.089e-49
61 10 11 10 12 9.20516e-48
61 10 12 10 11 0.0642645
61 11 10 12 10 4.03309e-49
61 12 10 11 10 1.52594e-48
61 4 10 11 12 2.09108e-48
61 10 11 12 4 8.16121e-48
61 11 12 4 10 2.58002e-48
61 12 4 10 11 0.0814431
61 7 7 12 9 8.27564e-49
61 7 12 9 7 4.85788e-48
61 9 7 7 12 1.82663e-48
61 12 9 7 7 4.54439e-48
61 6 8 12 11 0.0290237
61 8 12 11 6 6.07459e-48
61 11 6 8 12 4.2127e-49
61 12 11 6 8 1.10119e-47
61 4 4 10 11 0.0905318
61 4 10 11 4 1.9505e-48
61 10 11 4 4 8.91092e-48
61 11 4 4 10 2.93488e-48
61 7 11 10 12 6.62841e-48
61 10 12 7 11 0.113048
61 11 10 12 7 4.15671e-49
61 12 7 11 10 1.14442e-48
61 7 12 10 12 4.48323e-48
61 10 12 7 12 1.09523e-47
61 12 7 12 10 6.84578e-49
61 12 10 12 7 9.40777e-49
61 4 12 10 10 8.93973e-48
61 10 4 12 10 7.80504e-48
61 10 10 4 12 1.57632e-48
61 12 10 10 4 1.57841e-48
61 5 6 11 8 4.70217e-48
61 6 11 8 5 8.75333e-48
61 8 5 6 11 0.158275
61 11 8 5 6 3.68171e-48
61 6 12 9 7 6.26913e-48
61 7 6 12 9 1.87886e-48
61 9 7 6 12 1.13589e-48
61 12 9 7 6 6.35489e-48
61 6 11 7 7 2.00903e-47
61 7 6 11 7 2.76406e-48
61 7 7 6 11 0.0103479
61 11 7 7 6 1.28846e-48
61 7 9 9 10 2.02602e-48
61 9 9 10 7 2.91517e-48
61 9 10 7 9 3.56548e-48
61 10 7 9 9 1.51212e-48
61 4 9 4 12 2.44207e-48
61 4 12 4 9 8.31692e-48
61 9 4 12 4 5.60475e-48
61 12 4 9 4 6.53488e-48
61 4 7 12 8 1.52347e-50
61 7 12 8 4 3.2723e-50
61 8 4 7 12 1.08255e-49
61 12 8 4 7 5.09105e-50
62 3 0 2 11 0.0149948
62 3 0 3 4 0.031595
62 1 0 3 12 0.042646
62 2 0 3 8 0.0398149
62 3 0 3 5 0.0940204
62 2 0 3 4 0.0349635
62 1 0 2 11 0.0145329
62 1 0 2 6 5.45115e-45
62 1 0 3 10 4.52272e-45
62 2 0 1 12 0.198224
62 1 0 3 4 0.0315945
62 2 0 1 4 0.0725552
62 2 0 2 9 0.0229478
62 3 0 3 7 0.0515627
62 1 0 1 11 0.047305
62 2 0 2 11 0.0159945
62 3 0 2 8 0.0238684
62 3 0 3 12 0.0426654
62 1 0 2 10 2.98489e-45
62 3 0 1 11 0.047924
62 3 0 3 11 0.0225398
62 3 0 2 9 0.0207409
62 3 0 1 4 0.065255
62 3 0 1 5 0.0642551
63 2 11 3 0 0.0172205
63 3 4 3 0 0.0558529
63 3 12 1 0 0.04112
63 3 8 2 0 0.0606828
63 3 5 3 0 0.0627923
63 3 4 2 0 0.0432837
63 2 11 1 0 0.0162606
63 2 6 1 0 0.0158956
63 3 10 1 0 0.0207923
63 1 12 2 0 0.0932603
63 3 4 1 0 0.0544149
63 1 4 2 0 0.0609734
63 2 9 2 0 0.0206553
63 3 7 3 0 0.0664971
63 1 11 1 0 0.0476899
63 2 11 2 0 0.0128634
63 2 8 3 0 0.039137
63 3 12 3 0 0.042225
63 2 10 1 0 0.0103385
63 1 11 3 0 0.0495897
63 3 11 3 0 0.0343579
63 2 9 3 0 0.0266585
63 1 4 3 0 0.0783075
63 1 5 3 0 0.029131
64 4 7 6 10 0.000850895
64 6 10 4 7 2.75721e-06
64 7 6 10 4 0.0119423
64 10 4 7 6 8.09178e-05
64 4 12 12 7 0.000327841
64 7 4 12 12 0.000278482
64 12 7 4 12 0.000920463
64 12 12 7 4 0.00151043
64 8 12 8 12 0.00025934
64 12 8 12 8 4.26567e-48
64 5 10 9 7 0.0025949
64 7 5 10 9 4.19168e-46
64 9 7 5 10 0.000441165
64 10 9 7 5 1.20307e-45
64 8 12 9 10 0.00500429
64 9 10 8 12 0.00416011
64 10 8 12 9 1.87311e-46
64 12 9 10 8 6.8834e-46
64 4 12 10 8 0.0032957
64 8 4 12 10 3.89702e-05
64 10 8 4 12 7.91461e-46
64 12 10 8 4 0.0120986
64 6 12 8 12 0.000112915
64 8 12 6 12 0.015518
64 12 6 12 8 0.00204235
64 12 8 12 6 9.70991e-47
64 4 5 9 6 6.27583e-46
64 5 9 6 4 2.89438e-45
64 6 4 5 9 3.05587e-06
64 9 6 4 5 0.00928335
64 4 10 10 12 0.00231936
64 10 10 12 4 0.0037711
64 10 12 4 10 0.00334717
64 12 4 10 10 0.000262848
64 4 9 11 7 4.79266e-48
64 7 4 9 11 5.89057e-05
64 9 11 7 4 9.3968e-06
64 11 7 4 9 9.07237e-06
64 4 10 10 6 0.00109633
64 6 4 10 10 1.65371e-06
64 10 6 4 10 0.00367581
64 10 10 6 4 0.0452189
64 4 4 11 5 0.00556872
64 4 11 5 4 0.0104587
64 5 4 4 11 0.0004153
64 11 5 4 4 1.04387e-45
64 4 12 12 12 0.00123904
64 12 4 12 12 0.000211547
64 12 12 4 12 0.00420348
64 12 12 12 4 0.0031435
64 4 7 5 5 0.00432947
64 5 4 7 5 0.000208529
64 5 5 4 7 4.83748e-47
64 7 5 5 4 1.39996e-45
64 5 12 8 7 0.00304884
64 7 5 12 8 2.08956e-46
64 8 7 5 12 0.00141522
64 12 8 7 5 3.97355e-46
64 4 8 6 7 4.53866e-46
64 6 7 4 8 6.05321e-06
64 7 4 8 6 0.00132781
64 8 6 7 4 0.0012065
64 4 10 10 9 0.000840672
64 9 4 10 10 0.000103515
64 10 9 4 10 3.15597e-46
64 10 10 9 4 0.0373249
64 9 10 11 12 7.92262e-05
64 10 11 12 9 3.17545e-05
64 11 12 9 10 0.000231801
64 12 9 10 11 1.74373e-47
64 4 11 12 7 0.000467803
64 7 4 11 12 0.00390007
64 11 12 7 4 0.00371
64 12 7 4 11 0.00177686
64 4 10 6 6 0.00342001
64 6 4 10 6 2.0433e-06
64 6 6 4 10 9.38795e-06
64 10 6 6 4 0.0861606
64 4 11 8 7 0.00360782
64 7 4 11 8 0.00311684
64 8 7 4 11 0.000988152
64 11 8 7 4 3.27494e-46
64 7 11 11 8 0.0393256
64 8 7 11 11 0.00615826
64 11 8 7 11 3.76187e-46
64 11 11 8 7 0.0133783
64 9 9 11 12 1.47505e-45
64 9 11 12 9 0.000577741
64 11 12 9 9 0.0249943
64 12 9 9 11 5.10988e-45
64 7 12 7 12 0.00271926
64 12 7 12 7 0.000249086
64 4 6 4 12 2.60426e-05
64 4 12 4 6 1.12094e-05
64 6 4 12 4 1.90499e-08
64 12 4 6 4 3.63069e-05
64 7 11 11 11 0.0792586
64 11 7 11 11 0.0226948
64 11 11 7 11 0.00507389
64 11 11 11 7 0.0202704
64 5 11 7 7 0.000301065
64 7 5 11 7 1.07619e-45
64 7 7 5 11 0.00718306
64 11 7 7 5 0.00268931
64 4 7 7 10 5.01535e-05
64 7 7 10 4 0.00350268
64 7 10 4 7 0.000848588
64 10 4 7 7 6.66256e-05
64 6 10 9 10 2.5849e-05
64 9 10 6 10 0.00196023
64 10 6 10 9 0.00709589
64 10 9 10 6 7.94514e-46
64 5 9 12 11 2.80557e-46
64 9 12 11 5 0.0533067
64 11 5 9 12 4.98164e-45
64 12 11 5 9 0.00620095
64 4 10 9 6 0.0036381
64 6 4 10 9 2.01923e-06
64 9 6 4 10 0.000757324
64 10 9 6 4 9.53361e-45
64 4 12 10 11 0.00640348
64 10 11 4 12 0.0102911
64 11 4 12 10 0.000138452
64 12 10 11 4 0.0176723
64 4 10 10 10 0.000741308
64 10 4 10 10 0.000540968
64 10 10 4 10 0.00161173
64 10 10 10 4 0.0121106
64 8 12 10 11 0.00628417
64 10 11 8 12 0.041284
64 11 8 12 10 1.26319e-46
64 12 10 11 8 0.00982351
64 5 12 7 8 0.000574081
64 7 8 5 12 1.35128e-45
64 8 5 12 7 2.92444e-47
64 12 7 8 5 0.0158312
64 10 11 10 12 0.0164434
64 10 12 10 11 0.0222453
64 11 10 12 10 0.000659098
64 12 10 11 10 0.00375795
64 4 10 11 12 0.00788656
64 10 11 12 4 0.00871349
64 11 12 4 10 0.00311477
64 12 4 10 11 0.00123783
64 7 7 12 9 0.000275837
64 7 12 9 7 0.00910138
64 9 7 7 12 0.000109392
64 12 9 7 7 3.16466e-47
64 6 8 12 11 1.76519e-48
64 8 12 11 6 0.0060615
64 11 6 8 12 0.0342524
64 12 11 6 8 0.0225141
64 4 4 10 11 0.000619076
64 4 10 11 4 0.0100069
64 10 11 4 4 0.0147842
64 11 4 4 10 0.000265968
64 7 11 10 12 0.010843
64 10 12 7 11 0.00343135
64 11 10 12 7 0.000562514
64 12 7 11 10 0.00176185
64 7 12 10 12 0.00873274
64 10 12 7 12 0.00204276
64 12 7 12 10 0.000144574
64 12 10 12 7 0.000263183
64 4 12 10 10 0.00147018
64 10 4 12 10 0.000160866
64 10 10 4 12 0.0048156
64 12 10 10 4 0.00561934
64 5 6 11 8 0.0191169
64 6 11 8 5 0.000675228
64 8 5 6 11 2.6616e-45
64 11 8 5 6 1.23989e-45
64 6 12 9 7 4.05762e-05
64 7 6 12 9 0.00129042
64 9 7 6 12 0.00254656
64 12 9 7 6 5.27377e-47
64 6 11 7 7 2.42198e-06
64 7 6 11 7 0.0113676
64 7 7 6 11 0.0141591
64 11 7 7 6 0.000259227
64 7 9 9 10 1.20273e-45
64 9 9 10 7 9.66469e-47
64 9 10 7 9 0.000101162
64 10 7 9 9 0.00495237
64 4 9 4 12 2.44898e-46
64 4 12 4 9 0.000941433
64 9 4 12 4 0.000130604
64 12 4 9 4 0.00328238
64 4 7 12 8 2.93712e-06
64 7 12 8 4 0.000432299
64 8 4 7 12 7.65706e-07
64 12 8 4 7 1.32989e-48
65 4 7 6 10 3.84933e-48
65 6 10 4 7 2.22509e-47
65 7 6 10 4 1.69261e-48
65 10 4 7 6 1.55859e-48
65 4 12 12 7 1.27615e-47
65 7 4 12 12 4.3013e-48
65 12 7 4 12 5.20376e-48
65 12 12 7 4 1.16723e-48
65 8 12 8 12 0.0012004
65 12 8 12 8 3.83854e-50
65 5 10 9 7 1.02484e-47
65 7 5 10 9 2.27358e-48
65 9 7 5 10 5.48396e-47
65 10 9 7 5 1.6144e-48
65 8 12 9 10 0.070906
65 9 10 8 12 5.73399e-48
65 10 8 12 9 6.85271e-48
65 12 9 10 8 6.36198e-49
65 4 12 10 8 7.6761e-49
65 8 4 12 10 0.124125
65 10 8 4 12 3.7819e-48
65 12 10 8 4 4.82872e-48
65 6 12 8 12 6.05607e-48
65 8 12 6 12 0.0293551
65 12 6 12 8 3.23045e-48
65 12 8 12 6 6.17224e-48
65 4 5 9 6 3.25738e-48
65 5 9 6 4 3.73412e-48
65 6 4 5 9 5.10296e-47
65 9 6 4 5 1.83082e-47
65 4 10 10 12 1.67041e-48
65 10 10 12 4 8.29238e-48
65 10 12 4 10 2.02425e-47
65 12 4 10 10 3.12693e-48
65 4 9 11 7 1.8152e-49
65 7 4 9 11 3.22e-50
65 9 11 7 4 1.39297e-50
65 11 7 4 9 1.42319e-49
65 4 10 10 6 3.86562e-48
65 6 4 10 10 5.09831e-48
65 10 6 4 10 2.35195e-47
65 10 10 6 4 3.89888e-48
65 4 4 11 5 1.01953e-47
65 4 11 5 4 1.51129e-47
65 5 4 4 11 1.13645e-47
65 11 5 4 4 5.01938e-48
65 4 12 12 12 4.9848e-48
65 12 4 12 12 3.95479e-48
65 12 12 4 12 6.31281e-48
65 12 12 12 4 6.10177e-48
65 4 7 5 5 1.69341e-47
65 5 4 7 5 1.41972e-48
65 5 5 4 7 1.1004e-47
65 7 5 5 4 9.92315e-48
65 5 12 8 7 1.39827e-47
65 7 5 12 8 1.76414e-48
65 8 7 5 12 0.166194
65 12 8 7 5 8.20371e-49
65 4 8 6 7 4.16973e-48
65 6 7 4 8 6.14644e-48
65 7 4 8 6 9.63331e-48
65 8 6 7 4 0.0220619
65 4 10 10 9 3.22733e-48
65 9 4 10 10 3.82687e-48
65 10 9 4 10 1.41257e-47
65 10 10 9 4 3.16426e-48
65 9 10 11 12 1.49633e-49
65 10 11 12 9 1.19137e-49
65 11 12 9 10 7.64468e-50
65 12 9 10 11 2.13466e-50
65 4 11 12 7 1.12403e-47
65 7 4 11 12 7.91948e-48
65 11 12 7 4 1.49246e-48
65 12 7 4 11 9.22144e-48
65 4 10 6 6 5.66054e-48
65 6 4 10 6 4.04837e-48
65 6 6 4 10 2.94487e-47
65 10 6 6 4 3.66759e-48
65 4 11 8 7 8.31719e-48
65 7 4 11 8 4.38644e-48
65 8 7 4 11 0.114693
65 11 8 7 4 7.92986e-49
65 7 11 11 8 3.94188e-48
65 8 7 11 11 0.134974
65 11 8 7 11 9.29244e-49
65 11 11 8 7 8.60818e-48
65 9 9 11 12 9.62089e-48
65 9 11 12 9 1.27429e-47
65 11 12 9 9 5.76773e-48
65 12 9 9 11 2.88713e-48
65 7 12 7 12 1.9294e-48
65 12 7 12 7 1.95701e-47
65 4 6 4 12 7.71756e-50
65 4 12 4 6 1.53714e-49
65 6 4 12 4 8.30488e-50
65 12 4 6 4 2.39489e-50
65 7 11 11 11 1.05229e-47
65 11 7 11 11 1.15777e-47
65 11 11 7 11 1.28531e-48
65 11 11 11 7 1.78722e-47
65 5 11 7 7 3.53663e-48
65 7 5 11 7 1.66759e-47
65 7 7 5 11 2.86058e-47
65 11 7 7 5 1.80762e-48
65 4 7 7 10 2.30366e-48
65 7 7 10 4 1.76636e-48
65 7 10 4 7 2.18327e-47
65 10 4 7 7 2.53618e-48
65 6 10 9 10 9.09508e-48
65 9 10 6 10 8.41185e-48
65 10 6 10 9 3.81167e-48
65 10 9 10 6 2.74203e-48
65 5 9 12 11 9.41693e-48
65 9 12 11 5 1.87635e-47
65 11 5 9 12 1.47409e-48
65 12 11 5 9 2.84593e-47
65 4 10 9 6 5.9205e-48
65 6 4 10 9 4.35585e-48
65 9 6 4 10 2.84874e-47
65 10 9 6 4 2.83877e-48
65 4 12 10 11 1.97547e-48
65 10 11 4 12 5.04298e-48
65 11 4 12 10 1.02643e-47
65 12 10 11 4 9.66484e-48
65 4 10 10 10 4.0672e-48
65 10 4 10 10 3.40187e-48
65 10 10 4 10 2.0889e-47
65 10 10 10 4 2.2245e-48
65 8 12 10 11 0.0232475
65 10 11 8 12 2.78791e-48
65 11 8 12 10 6.50405e-48
65 12 10 11 8 4.13781e-48
65 5 12 7 8 7.82575e-49
65 7 8 5 12 9.37329e-48
65 8 5 12 7 0.0933051
65 12 7 8 5 4.92617e-48
65 10 11 10 12 9.66782e-49
65 10 12 10 11 1.94506e-48
65 11 10 12 10 1.20828e-47
65 12 10 11 10 1.73989e-47
65 4 10 11 12 8.93944e-48
65 10 11 12 4 5.51879e-48
65 11 12 4 10 1.85503e-47
65 12 4 10 11 1.77447e-48
65 7 7 12 9 9.8643e-48
65 7 12 9 7 6.05061e-48
65 9 7 7 12 1.099e-48
65 12 9 7 7 1.94615e-48
65 6 8 12 11 5.45236e-48
65 8 12 11 6 0.188219
65 11 6 8 12 3.90425e-48
65 12 11 6 8 8.14675e-49
65 4 4 10 11 1.65518e-48
65 4 10 11 4 1.02069e-47
65 10 11 4 4 6.51919e-48
65 11 4 4 10 1.37278e-47
65 7 11 10 12 9.96413e-49
65 10 12 7 11 1.42994e-48
65 11 10 12 7 1.30974e-47
65 12 7 11 10 1.43284e-47
65 7 12 10 12 1.30006e-48
65 10 12 7 12 9.27333e-49
65 12 7 12 10 8.94335e-48
65 12 10 12 7 1.17718e-47
65 4 12 10 10 3.76383e-48
65 10 4 12 10 1.21103e-47
65 10 10 4 12 8.19283e-48
65 12 10 10 4 1.95263e-48
65 5 6 11 8 9.10469e-48
65 6 11 8 5 8.92851e-48
65 8 5 6 11 0.0315918
65 11 8 5 6 2.65299e-47
65 6 12 9 7 8.4612e-48
65 7 6 12 9 1.29699e-47
65 9 7 6 12 2.51975e-48
65 12 9 7 6 1.64104e-48
65 6 11 7 7 3.21929e-48
65 7 6 11 7 2.72653e-47
65 7 7 6 11 3.41926e-48
65 11 7 7 6 2.13578e-48
65 7 9 9 10 4.65923e-48
65 9 9 10 7 3.8753e-48
65 9 10 7 9 3.08411e-48
65 10 7 9 9 4.36854e-48
65 4 9 4 12 5.0767e-48
65 4 12 4 9 1.40558e-47
65 9 4 12 4 6.82765e-48
65 12 4 9 4 2.12882e-48
65 4 7 12 8 3.08288e-50
65 7 12 8 4 6.65163e-50
65 8 4 7 12 0.000127456
65 12 8 4 7 1.16316e-49
66 4 7 6 10 9.99269e-46
66 6 10 4 7 0.0192141
66 7 6 10 4 0.00167376
66 10 4 7 6 0.000321558
66 4 12 12 7 0.0296775
66 7 4 12 12 0.00831677
66 12 7 4 12 0.00828341
66 12 12 7 4 0.00112092
66 8 12 8 12 0.00057414
66 12 8 12 8 1.35941e-47
66 5 10 9 7 0.00930639
66 7 5 10 9 3.02152e-46
66 9 7 5 10 7.53902e-46
66 10 9 7 5 0.00489015
66 8 12 9 10 2.023e-45
66 9 10 8 12 0.00233115
66 10 8 12 9 5.40218e-46
66 12 9 10 8 3.48346e-46
66 4 12 10 8 7.3821e-46
66 8 4 12 10 2.03029e-45
66 10 8 4 12 0.00891746
66 12 10 8 4 0.0056383
66 6 12 8 12 0.00965427
66 8 12 6 12 0.0141422
66 12 6 12 8 8.79859e-46
66 12 8 12 6 0.000743687
66 4 5 9 6 0.00153952
66 5 9 6 4 0.00175448
66 6 4 5 9 2.06507e-45
66 9 6 4 5 0.00340139
66 4 10 10 12 0.00859165
66 10 10 12 4 0.00769681
66 10 12 4 10 2.49678e-45
66 12 4 10 10 4.19072e-46
66 4 9 11 7 0.000501323
66 7 4 9 11 8.2758e-48
66 9 11 7 4 1.4526e-06
66 11 7 4 9 1.15201e-47
66 4 10 10 6 0.00138591
66 6 4 10 10 4.17903e-46
66 10 6 4 10 2.37927e-45
66 10 10 6 4 0.00586155
66 4 4 11 5 0.0312609
66 4 11 5 4 0.0170787
66 5 4 4 11 5.97967e-46
66 11 5 4 4 0.00639011
66 4 12 12 12 0.0155623
66 12 4 12 12 0.00631918
66 12 12 4 12 0.0109195
66 12 12 12 4 0.00404352
66 4 7 5 5 0.0519479
66 5 4 7 5 0.00120723
66 5 5 4 7 0.00714856
66 7 5 5 4 0.0116651
66 5 12 8 7 0.0108368
66 7 5 12 8 8.95424e-46
66 8 7 5 12 0.052797
66 12 8 7 5 0.00189053
66 4 8 6 7 0.0167498
66 6 7 4 8 1.22601e-45
66 7 4 8 6 0.00208782
66 8 6 7 4 0.00318861
66 4 10 10 9 5.92247e-46
66 9 4 10 10 7.30071e-47
66 10 9 4 10 1.91065e-45
66 10 10 9 4 0.00505016
66 9 10 11 12 4.09686e-05
66 10 11 12 9 6.71826e-48
66 11 12 9 10 1.69405e-47
66 12 9 10 11 4.41008e-48
66 4 11 12 7 0.0199408
66 7 4 11 12 0.016583
66 11 12 7 4 0.00204274
66 12 7 4 11 1.13472e-45
66 4 10 6 6 0.00218626
66 6 4 10 6 0.000414642
66 6 6 4 10 1.42543e-45
66 10 6 6 4 0.00412707
66 4 11 8 7 0.0237269
66 7 4 11 8 1.88182e-45
66 8 7 4 11 2.58982e-45
66 11 8 7 4 0.00115747
66 7 11 11 8 1.30864e-45
66 8 7 11 11 3.09288e-45
66 11 8 7 11 2.5646e-46
66 11 11 8 7 0.0181717
66 9 9 11 12 0.00263623
66 9 11 12 9 8.00232e-47
66 11 12 9 9 8.17446e-46
66 12 9 9 11 6.82137e-46
66 7 12 7 12 0.00548404
66 12 7 12 7 0.0217446
66 4 6 4 12 0.000210881
66 4 12 4 6 3.56971e-05
66 6 4 12 4 3.31821e-05
66 12 4 6 4 2.53407e-05
66 7 11 11 11 1.31811e-45
66 11 7 11 11 2.06058e-45
66 11 11 7 11 2.53748e-46
66 11 11 11 7 0.0254081
66 5 11 7 7 0.0018843
66 7 5 11 7 0.0333269
66 7 7 5 11 4.63255e-45
66 11 7 7 5 0.00512334
66 4 7 7 10 5.35039e-46
66 7 7 10 4 0.00195986
66 7 10 4 7 0.0373007
66 10 4 7 7 0.00559171
66 6 10 9 10 9.47693e-46
66 9 10 6 10 1.92161e-46
66 10 6 10 9 3.47458e-46
66 10 9 10 6 0.000652936
66 5 9 12 11 5.16504e-46
66 9 12 11 5 0.00431325
66 11 5 9 12 0.00739606
66 12 11 5 9 1.45716e-45
66 4 10 9 6 0.00242751
66 6 4 10 9 2.28355e-46
66 9 6 4 10 3.20925e-46
66 10 9 6 4 0.00427116
66 4 12 10 11 7.16816e-46
66 10 11 4 12 0.00850593
66 11 4 12 10 1.30401e-45
66 12 10 11 4 0.00760014
66 4 10 10 10 1.16699e-45
66 10 4 10 10 5.82778e-46
66 10 10 4 10 2.82322e-45
66 10 10 10 4 0.00310439
66 8 12 10 11 8.03677e-46
66 10 11 8 12 0.00708571
66 11 8 12 10 8.93887e-46
66 12 10 11 8 1.63059e-45
66 5 12 7 8 1.50331e-46
66 7 8 5 12 0.0227553
66 8 5 12 7 0.0261111
66 12 7 8 5 0.0108705
66 10 11 10 12 0.00229745
66 10 12 10 11 4.68393e-46
66 11 10 12 10 1.70626e-45
66 12 10 11 10 1.86687e-45
66 4 10 11 12 0.0331177
66 10 11 12 4 0.00356617
66 11 12 4 10 2.55121e-45
66 12 4 10 11 3.29548e-46
66 7 7 12 9 6.3526e-46
66 7 12 9 7 0.0152008
66 9 7 7 12 0.00033816
66 12 9 7 7 0.00373416
66 6 8 12 11 4.456e-46
66 8 12 11 6 0.00422601
66 11 6 8 12 0.0118956
66 12 11 6 8 3.34282e-46
66 4 4 10 11 5.92065e-46
66 4 10 11 4 0.0154595
66 10 11 4 4 0.00449554
66 11 4 4 10 1.86116e-45
66 7 11 10 12 0.00224161
66 10 12 7 11 3.3189e-46
66 11 10 12 7 0.024697
66 12 7 11 10 1.29119e-45
66 7 12 10 12 0.00383392
66 10 12 7 12 0.00278428
66 12 7 12 10 7.44183e-46
66 12 10 12 7 0.0155741
66 4 12 10 10 9.85574e-46
66 10 4 12 10 1.37983e-45
66 10 10 4 12 0.0198492
66 12 10 10 4 0.00213182
66 5 6 11 8 1.07198e-45
66 6 11 8 5 0.00998905
66 8 5 6 11 1.48605e-45
66 11 8 5 6 0.00528773
66 6 12 9 7 0.0107439
66 7 6 12 9 7.44407e-46
66 9 7 6 12 0.000866585
66 12 9 7 6 0.000294645
66 6 11 7 7 0.00262808
66 7 6 11 7 0.0353825
66 7 7 6 11 7.72769e-46
66 11 7 7 6 0.000458657
66 7 9 9 10 9.61297e-46
66 9 9 10 7 0.00109819
66 9 10 7 9 4.03146e-47
66 10 7 9 9 5.11e-46
66 4 9 4 12 0.0185479
66 4 12 4 9 1.67079e-45
66 9 4 12 4 0.000634913
66 12 4 9 4 0.00239128
66 4 7 12 8 1.81465e-47
66 7 12 8 4 8.57727e-05
66 8 4 7 12 5.4157e-05
66 12 8 4 7 0.000159828
67 4 7 6 10 0.00396457
67 6 10 4 7 0.0120726
67 7 6 10 4 0.000753285
67 10 4 7 6 0.000919525
67 4 12 12 7 0.0111727
67 7 4 12 12 0.0025419
67 12 7 4 12 0.00469822
67 12 12 7 4 0.00130976
67 8 12 8 12 0.000189848
67 12 8 12 8 9.53e-05
67 5 10 9 7 0.00431627
67 7 5 10 9 0.000844193
67 9 7 5 10 0.0252166
67 10 9 7 5 0.00412462
67 8 12 9 10 0.0081107
67 9 10 8 12 0.00749709
67 10 8 12 9 0.00153564
67 12 9 10 8 0.0038117
67 4 12 10 8 0.00371357
67 8 4 12 10 0.00565047
67 10 8 4 12 0.00348393
67 12 10 8 4 0.00538928
67 6 12 8 12 0.00843763
67 8 12 6 12 0.00444874
67 12 6 12 8 0.00594593
67 12 8 12 6 0.00334947
67 4 5 9 6 0.00457719
67 5 9 6 4 0.00167801
67 6 4 5 9 0.0105907
67 9 6 4 5 0.0121511
67 4 10 10 12 0.00341112
67 10 10 12 4 0.00404285
67 10 12 4 10 0.0141494
67 12 4 10 10 0.0030451
67 4 9 11 7 0.000245543
67 7 4 9 11 4.96151e-05
67 9 11 7 4 5.43544e-06
67 11 7 4 9 2.07833e-05
67 4 10 10 6 0.00392208
67 6 4 10 10 0.00321694
67 10 6 4 10 0.0108631
67 10 10 6 4 0.00319618
67 4 4 11 5 0.0136828
67 4 11 5 4 0.00793468
67 5 4 4 11 0.00468933
67 11 5 4 4 0.00246499
67 4 12 12 12 0.00674278
67 12 4 12 12 0.00361932
67 12 12 4 12 0.00851214
67 12 12 12 4 0.00404487
67 4 7 5 5 0.0235735
67 5 4 7 5 0.000762406
67 5 5 4 7 0.00315554
67 7 5 5 4 0.00618834
67 5 12 8 7 0.00573912
67 7 5 12 8 0.00353544
67 8 7 5 12 0.0131146
67 12 8 7 5 0.00178281
67 4 8 6 7 0.00547101
67 6 7 4 8 0.00817316
67 7 4 8 6 0.00496329
67 8 6 7 4 0.00120314
67 4 10 10 9 0.00176406
67 9 4 10 10 0.00236171
67 10 9 4 10 0.0134978
67 10 10 9 4 0.00289499
67 9 10 11 12 0.000126014
67 10 11 12 9 1.64365e-05
67 11 12 9 10 7.18434e-05
67 12 9 10 11 7.81755e-05
67 4 11 12 7 0.00539997
67 7 4 11 12 0.00528961
67 11 12 7 4 0.00101198
67 12 7 4 11 0.0115677
67 4 10 6 6 0.00613754
67 6 4 10 6 0.00187665
67 6 6 4 10 0.0114976
67 10 6 6 4 0.00207055
67 4 11 8 7 0.00701132
67 7 4 11 8 0.00665973
67 8 7 4 11 0.0105821
67 11 8 7 4 0.000479247
67 7 11 11 8 0.00439734
67 8 7 11 11 0.0127915
67 11 8 7 11 0.00144243
67 11 11 8 7 0.00397253
67 9 9 11 12 0.0115438
67 9 11 12 9 0.00145349
67 11 12 9 9 0.00214532
67 12 9 9 11 0.0126105
67 7 12 7 12 0.00258434
67 12 7 12 7 0.010393
67 4 6 4 12 7.59022e-05
67 4 12 4 6 0.000113673
67 6 4 12 4 2.66399e-05
67 12 4 6 4 1.99358e-05
67 7 11 11 11 0.00717525
67 11 7 11 11 0.00901458
67 11 11 7 11 0.00122831
67 11 11 11 7 0.00531239
67 5 11 7 7 0.000768385
67 7 5 11 7 0.010755
67 7 7 5 11 0.0275358
67 11 7 7 5 0.00178326
67 4 7 7 10 0.00238853
67 7 7 10 4 0.000796577
67 7 10 4 7 0.0118054
67 10 4 7 7 0.00194918
67 6 10 9 10 0.00879366
67 9 10 6 10 0.00712749
67 10 6 10 9 0.000996359
67 10 9 10 6 0.00275249
67 5 9 12 11 0.00646405
67 9 12 11 5 0.0193583
67 11 5 9 12 0.00228226
67 12 11 5 9 0.00669786
67 4 10 9 6 0.00716439
67 6 4 10 9 0.0010878
67 9 6 4 10 0.0108783
67 10 9 6 4 0.0033156
67 4 12 10 11 0.00584165
67 10 11 4 12 0.00286011
67 11 4 12 10 0.00383889
67 12 10 11 4 0.00694785
67 4 10 10 10 0.00561702
67 10 4 10 10 0.00253934
67 10 10 4 10 0.0140098
67 10 10 10 4 0.00170641
67 8 12 10 11 0.00458061
67 10 11 8 12 0.00252148
67 11 8 12 10 0.00290314
67 12 10 11 8 0.0124992
67 5 12 7 8 0.0010882
67 7 8 5 12 0.00864425
67 8 5 12 7 0.00606442
67 12 7 8 5 0.00833692
67 10 11 10 12 0.000784037
67 10 12 10 11 0.00399406
67 11 10 12 10 0.0058059
67 12 10 11 10 0.015637
67 4 10 11 12 0.0131132
67 10 11 12 4 0.00153877
67 11 12 4 10 0.0102221
67 12 4 10 11 0.00355016
67 7 7 12 9 0.00139896
67 7 12 9 7 0.00581529
67 9 7 7 12 0.000967318
67 12 9 7 7 0.00357184
67 6 8 12 11 0.00536117
67 8 12 11 6 0.00952634
67 11 6 8 12 0.00335216
67 12 11 6 8 0.00209377
67 4 4 10 11 0.00365533
67 4 10 11 4 0.00809942
67 10 11 4 4 0.0020001
67 11 4 4 10 0.00564948
67 7 11 10 12 0.000680744
67 10 12 7 11 0.00315895
67 11 10 12 7 0.006023
67 12 7 11 10 0.00898648
67 7 12 10 12 0.00161863
67 10 12 7 12 0.00147444
67 12 7 12 10 0.00496277
67 12 10 12 7 0.00895839
67 4 12 10 10 0.00541753
67 10 4 12 10 0.00574533
67 10 10 4 12 0.00812475
67 12 10 10 4 0.00195412
67 5 6 11 8 0.00558579
67 6 11 8 5 0.00802358
67 8 5 6 11 0.00741155
67 11 8 5 6 0.0113756
67 6 12 9 7 0.00815983
67 7 6 12 9 0.00181522
67 9 7 6 12 0.00220306
67 12 9 7 6 0.00231204
67 6 11 7 7 0.00153669
67 7 6 11 7 0.0104289
67 7 7 6 11 0.00423242
67 11 7 7 6 0.000890611
67 7 9 9 10 0.00639649
67 9 9 10 7 0.00418966
67 9 10 7 9 0.00104121
67 10 7 9 9 0.00138009
67 4 9 4 12 0.0103296
67 4 12 4 9 0.00559983
67 9 4 12 4 0.00214209
67 12 4 9 4 0.00197775
67 4 7 12 8 6.34694e-05
67 7 12 8 4 4.99625e-05
67 8 4 7 12 1.45223e-05
67 12 8 4 7 9.04774e-05
68 4 7 6 10 0.00309394
68 6 10 4 7 0.0265958
68 7 6 10 4 0.00106713
68 10 4 7 6 0.00308124
68 4 12 12 7 0.01019
68 7 4 12 12 0.00896106
68 12 7 4 12 0.000835657
68 12 12 7 4 0.000180326
68 8 12 8 12 1.13271e-47
68 12 8 12 8 3.23183e-05
68 5 10 9 7 1.41926e-45
68 7 5 10 9 0.00144882
68 9 7 5 10 0.0382523
68 10 9 7 5 0.00140282
68 8 12 9 10 4.1113e-46
68 9 10 8 12 0.0115671
68 10 8 12 9 0.00963962
68 12 9 10 8 0.000263968
68 4 12 10 8 0.00169693
68 8 4 12 10 9.73813e-46
68 10 8 4 12 0.0132695
68 12 10 8 4 0.00114459
68 6 12 8 12 0.00726517
68 8 12 6 12 2.97256e-46
68 12 6 12 8 0.000434428
68 12 8 12 6 0.00191388
68 4 5 9 6 0.00289004
68 5 9 6 4 3.44015e-46
68 6 4 5 9 0.0404359
68 9 6 4 5 0.00568558
68 4 10 10 12 0.00275791
68 10 10 12 4 0.0100902
68 10 12 4 10 0.0127994
68 12 4 10 10 0.000771045
68 4 9 11 7 0.000167456
68 7 4 9 11 8.58164e-05
68 9 11 7 4 1.74631e-05
68 11 7 4 9 2.13445e-05
68 4 10 10 6 0.00440125
68 6 4 10 10 0.00743895
68 10 6 4 10 0.00765425
68 10 10 6 4 0.00739683
68 4 4 11 5 0.0105807
68 4 11 5 4 0.0127914
68 5 4 4 11 1.33991e-45
68 11 5 4 4 0.00141449
68 4 12 12 12 0.00402305
68 12 4 12 12 0.00114795
68 12 12 4 12 0.000921629
68 12 12 12 4 0.000711865
68 4 7 5 5 0.00960363
68 5 4 7 5 1.47886e-46
68 5 5 4 7 7.68983e-46
68 7 5 5 4 0.0094763
68 5 12 8 7 1.3086e-45
68 7 5 12 8 0.00343046
68 8 7 5 12 1.30584e-45
68 12 8 7 5 0.000283723
68 4 8 6 7 0.016728
68 6 7 4 8 0.0109362
68 7 4 8 6 0.020108
68 8 6 7 4 8.16498e-47
68 4 10 10 9 0.00223505
68 9 4 10 10 0.00671431
68 10 9 4 10 0.00969571
68 10 10 9 4 0.00591932
68 9 10 11 12 0.000221115
68 10 11 12 9 5.93132e-05
68 11 12 9 10 2.1204e-05
68 12 9 10 11 3.93599e-06
68 4 11 12 7 0.0102361
68 7 4 11 12 0.0175595
68 11 12 7 4 0.000513368
68 12 7 4 11 0.00123221
68 4 10 6 6 0.00686898
68 6 4 10 6 0.0070147
68 6 6 4 10 0.00760375
68 10 6 6 4 0.00256091
68 4 11 8 7 0.0110044
68 7 4 11 8 0.0182112
68 8 7 4 11 7.13323e-46
68 11 8 7 4 0.000878956
68 7 11 11 8 0.00897247
68 8 7 11 11 8.53926e-46
68 11 8 7 11 0.00102509
68 11 11 8 7 0.00438448
68 9 9 11 12 0.011036
68 9 11 12 9 0.00605249
68 11 12 9 9 0.00115557
68 12 9 9 11 0.000559453
68 7 12 7 12 0.00255883
68 12 7 12 7 0.0029719
68 4 6 4 12 3.35406e-05
68 4 12 4 6 8.95066e-05
68 6 4 12 4 0.000119261
68 12 4 6 4 9.06178e-06
68 7 11 11 11 0.0106441
68 11 7 11 11 0.00350392
68 11 11 7 11 0.000501822
68 11 11 11 7 0.00666815
68 5 11 7 7 3.44045e-46
68 7 5 11 7 0.0182356
68 7 7 5 11 0.0288405
68 11 7 7 5 0.000475135
68 4 7 7 10 0.0015726
68 7 7 10 4 0.00237996
68 7 10 4 7 0.0316526
68 10 4 7 7 0.00719352
68 6 10 9 10 0.00937572
68 9 10 6 10 0.0105747
68 10 6 10 9 0.00125283
68 10 9 10 6 0.00312507
68 5 9 12 11 5.5379e-46
68 9 12 11 5 0.0115164
68 11 5 9 12 0.000730091
68 12 11 5 9 0.00208943
68 4 10 9 6 0.00708413
68 6 4 10 9 0.00459081
68 9 6 4 10 0.00884476
68 10 9 6 4 0.0041806
68 4 12 10 11 0.00194071
68 10 11 4 12 0.0062624
68 11 4 12 10 0.00385218
68 12 10 11 4 0.00167816
68 4 10 10 10 0.00389949
68 10 4 10 10 0.00625628
68 10 10 4 10 0.0184708
68 10 10 10 4 0.00395967
68 8 12 10 11 1.8379e-46
68 10 11 8 12 0.00480763
68 11 8 12 10 0.00378127
68 12 10 11 8 0.00160907
68 5 12 7 8 1.26331e-46
68 7 8 5 12 0.0332708
68 8 5 12 7 6.21702e-46
68 12 7 8 5 0.000638071
68 10 11 10 12 0.00167863
68 10 12 10 11 0.00246406
68 11 10 12 10 0.00304852
68 12 10 11 10 0.00209833
68 4 10 11 12 0.0107378
68 10 11 12 4 0.00547653
68 11 12 4 10 0.00350159
68 12 4 10 11 0.000626975
68 7 7 12 9 0.00455818
68 7 12 9 7 0.00921732
68 9 7 7 12 0.00158939
68 12 9 7 7 0.000386229
68 6 8 12 11 0.0120714
68 8 12 11 6 8.97181e-46
68 11 6 8 12 0.000907075
68 12 11 6 8 0.000378495
68 4 4 10 11 0.00338247
68 4 10 11 4 0.0102504
68 10 11 4 4 0.00676847
68 11 4 4 10 0.00539033
68 7 11 10 12 0.00166491
68 10 12 7 11 0.00163979
68 11 10 12 7 0.00563011
68 12 7 11 10 0.00135921
68 7 12 10 12 0.00190472
68 10 12 7 12 0.001278
68 12 7 12 10 0.000797135
68 12 10 12 7 0.00227272
68 4 12 10 10 0.00258049
68 10 4 12 10 0.0152246
68 10 10 4 12 0.0124751
68 12 10 10 4 0.000466026
68 5 6 11 8 6.07987e-46
68 6 11 8 5 0.00709526
68 8 5 6 11 2.76023e-46
68 11 8 5 6 0.0201451
68 6 12 9 7 0.0106267
68 7 6 12 9 0.00280434
68 9 7 6 12 0.00429057
68 12 9 7 6 0.000226997
68 6 11 7 7 0.00397183
68 7 6 11 7 0.0147993
68 7 7 6 11 0.00488687
68 11 7 7 6 0.000666524
68 7 9 9 10 0.00452225
68 9 9 10 7 0.0060453
68 9 10 7 9 0.00237855
68 10 7 9 9 0.00322489
68 4 9 4 12 0.00465338
68 4 12 4 9 0.00497837
68 9 4 12 4 0.0117899
68 12 4 9 4 0.000794255
68 4 7 12 8 5.12448e-05
68 7 12 8 4 8.09219e-05
68 8 4 7 12 2.28025e-48
68 12 8 4 7 5.41393e-05
69 4 7 6 10 2.73056e-48
69 6 10 4 7 1.00863e-47
69 7 6 10 4 1.17414e-48
69 10 4 7 6 2.31098e-48
69 4 12 12 7 4.96297e-48
69 7 4 12 12 3.46431e-48
69 12 7 4 12 0.0277698
69 12 12 7 4 0.0109795
69 8 12 8 12 1.08957e-49
69 12 8 12 8 0.000429783
69 5 10 9 7 6.56023e-48
69 7 5 10 9 1.18193e-48
69 9 7 5 10 3.01543e-47
69 10 9 7 5 1.75803e-48
69 8 12 9 10 5.24123e-48
69 9 10 8 12 5.13668e-48
69 10 8 12 9 1.827e-48
69 12 9 10 8 0.016696
69 4 12 10 8 1.69675e-48
69 8 4 12 10 8.38713e-48
69 10 8 4 12 2.18957e-48
69 12 10 8 4 0.042614
69 6 12 8 12 5.09957e-48
69 8 12 6 12 3.12807e-48
69 12 6 12 8 0.0263094
69 12 8 12 6 0.0332228
69 4 5 9 6 3.35483e-48
69 5 9 6 4 5.01656e-48
69 6 4 5 9 2.79028e-47
69 9 6 4 5 6.87091e-48
69 4 10 10 12 1.71991e-48
69 10 10 12 4 5.33481e-48
69 10 12 4 10 9.82987e-48
69 12 4 10 10 0.0309046
69 4 9 11 7 1.05322e-49
69 7 4 9 11 4.37894e-50
69 9 11 7 4 6.40296e-51
69 11 7 4 9 4.1304e-50
69 4 10 10 6 4.37011e-48
69 6 4 10 10 5.43148e-48
69 10 6 4 10 7.7089e-48
69 10 10 6 4 4.35424e-48
69 4 4 11 5 8.5309e-48
69 4 11 5 4 5.57507e-48
69 5 4 4 11 1.09442e-47
69 11 5 4 4 3.54048e-48
69 4 12 12 12 2.83872e-48
69 12 4 12 12 0.0295498
69 12 12 4 12 0.03654
69 12 12 12 4 0.0342314
69 4 7 5 5 1.06616e-47
69 5 4 7 5 1.70856e-48
69 5 5 4 7 4.99167e-48
69 7 5 5 4 8.59656e-48
69 5 12 8 7 8.04078e-48
69 7 5 12 8 2.44279e-48
69 8 7 5 12 1.26563e-47
69 12 8 7 5 0.0060093
69 4 8 6 7 2.61214e-48
69 6 7 4 8 8.07505e-48
69 7 4 8 6 1.25966e-47
69 8 6 7 4 1.62751e-48
69 4 10 10 9 1.67653e-48
69 9 4 10 10 4.07695e-48
69 10 9 4 10 8.77853e-48
69 10 10 9 4 3.14957e-48
69 9 10 11 12 1.05684e-49
69 10 11 12 9 1.55179e-50
69 11 12 9 10 5.24231e-50
69 12 9 10 11 0.000267686
69 4 11 12 7 1.98172e-48
69 7 4 11 12 7.43599e-48
69 11 12 7 4 1.51327e-48
69 12 7 4 11 0.0537044
69 4 10 6 6 6.53641e-48
69 6 4 10 6 6.08434e-48
69 6 6 4 10 9.6523e-48
69 10 6 6 4 2.59867e-48
69 4 11 8 7 2.16825e-48
69 7 4 11 8 9.40663e-48
69 8 7 4 11 7.7611e-48
69 11 8 7 4 7.46095e-49
69 7 11 11 8 2.70962e-48
69 8 7 11 11 9.71857e-48
69 11 8 7 11 8.98531e-49
69 11 11 8 7 2.24412e-48
69 9 9 11 12 8.17417e-48
69 9 11 12 9 1.6598e-48
69 11 12 9 9 2.56392e-48
69 12 9 9 11 0.0329594
69 7 12 7 12 1.84227e-48
69 12 7 12 7 0.0650959
69 4 6 4 12 3.25008e-50
69 4 12 4 6 1.05302e-49
69 6 4 12 4 7.10287e-50
69 12 4 6 4 0.000329861
69 7 11 11 11 3.45634e-48
69 11 7 11 11 7.7337e-48
69 11 11 7 11 6.07187e-49
69 11 11 11 7 3.67338e-48
69 5 11 7 7 1.04547e-48
69 7 5 11 7 8.04916e-48
69 7 7 5 11 2.20554e-47
69 11 7 7 5 1.41808e-48
69 4 7 7 10 1.57837e-48
69 7 7 10 4 1.67367e-48
69 7 10 4 7 9.89666e-48
69 10 4 7 7 2.33895e-48
69 6 10 9 10 6.63518e-48
69 9 10 6 10 6.88543e-48
69 10 6 10 9 1.25627e-48
69 10 9 10 6 3.729e-48
69 5 9 12 11 7.48979e-48
69 9 12 11 5 1.11011e-47
69 11 5 9 12 1.38273e-48
69 12 11 5 9 0.0462748
69 4 10 9 6 6.09321e-48
69 6 4 10 9 3.00816e-48
69 9 6 4 10 9.3372e-48
69 10 9 6 4 3.81372e-48
69 4 12 10 11 2.08653e-48
69 10 11 4 12 1.42641e-48
69 11 4 12 10 6.43421e-48
69 12 10 11 4 0.0672467
69 4 10 10 10 3.25932e-48
69 10 4 10 10 3.62418e-48
69 10 10 4 10 1.07915e-47
69 10 10 10 4 2.43218e-48
69 8 12 10 11 2.64679e-48
69 10 11 8 12 1.06426e-48
69 11 8 12 10 2.675e-48
69 12 10 11 8 0.061922
69 5 12 7 8 1.70662e-48
69 7 8 5 12 6.66505e-48
69 8 5 12 7 4.16418e-48
69 12 7 8 5 0.0316175
69 10 11 10 12 4.24182e-49
69 10 12 10 11 2.05442e-48
69 11 10 12 10 5.69739e-48
69 12 10 11 10 0.0887292
69 4 10 11 12 6.31382e-48
69 10 11 12 4 1.51296e-48
69 11 12 4 10 9.00811e-48
69 12 4 10 11 0.0245912
69 7 7 12 9 2.61298e-48
69 7 12 9 7 3.64064e-48
69 9 7 7 12 9.67472e-49
69 12 9 7 7 0.0150666
69 6 8 12 11 3.14435e-48
69 8 12 11 6 1.4789e-47
69 11 6 8 12 2.21902e-48
69 12 11 6 8 0.00773587
69 4 4 10 11 2.47254e-48
69 4 10 11 4 7.65521e-48
69 10 11 4 4 1.9581e-48
69 11 4 4 10 9.42817e-48
69 7 11 10 12 4.37183e-49
69 10 12 7 11 1.49007e-48
69 11 10 12 7 5.41888e-48
69 12 7 11 10 0.0633241
69 7 12 10 12 1.25823e-48
69 10 12 7 12 8.85456e-49
69 12 7 12 10 0.0339036
69 12 10 12 7 0.0451831
69 4 12 10 10 2.83517e-48
69 10 4 12 10 7.59139e-48
69 10 10 4 12 5.43814e-48
69 12 10 10 4 0.019806
69 5 6 11 8 9.31803e-48
69 6 11 8 5 3.0374e-48
69 8 5 6 11 3.91131e-48
69 11 8 5 6 2.07128e-47
69 6 12 9 7 5.09109e-48
69 7 6 12 9 2.51523e-48
69 9 7 6 12 2.29654e-48
69 12 9 7 6 0.020426
69 6 11 7 7 9.5166e-49
69 7 6 11 7 8.34363e-48
69 7 7 6 11 3.40098e-48
69 11 7 7 6 2.06437e-48
69 7 9 9 10 4.08891e-48
69 9 9 10 7 3.27793e-48
69 9 10 7 9 1.58063e-48
69 10 7 9 9 1.79038e-48
69 4 9 4 12 4.05363e-48
69 4 12 4 9 4.42462e-48
69 9 4 12 4 5.83945e-48
69 12 4 9 4 0.0261331
69 4 7 12 8 3.69674e-50
69 7 12 8 4 5.94776e-50
69 8 4 7 12 1.85534e-50
69 12 8 4 7 0.000426643
70 4 7 6 10 0.000678346
70 6 10 4 7 0.0187321
70 7 6 10 4 0.00186966
70 10 4 7 6 0.000582092
70 4 12 12 7 0.00190752
70 7 4 12 12 0.000805647
70 12 7 4 12 0.000192818
70 12 12 7 4 9.4436e-05
70 8 12 8 12 2.62267e-48
70 12 8 12 8 6.38191e-05
70 5 10 9 7 0.00112326
70 7 5 10 9 0.00351689
70 9 7 5 10 0.00252304
70 10 9 7 5 8.13505e-46
70 8 12 9 10 3.40968e-46
70 9 10 8 12 0.00059108
70 10 8 12 9 0.0176064
70 12 9 10 8 0.00119596
70 4 12 10 8 0.000301646
70 8 4 12 10 5.00961e-46
70 10 8 4 12 0.011687
70 12 10 8 4 0.000855241
70 6 12 8 12 0.00188268
70 8 12 6 12 7.92103e-47
70 12 6 12 8 0.00339259
70 12 8 12 6 0.00149839
70 4 5 9 6 0.00227847
70 5 9 6 4 0.000648476
70 6 4 5 9 0.0200411
70 9 6 4 5 6.25206e-46
70 4 10 10 12 0.000415811
70 10 10 12 4 0.00478726
70 10 12 4 10 0.0110667
70 12 4 10 10 0.000840191
70 4 9 11 7 0.000243031
70 7 4 9 11 1.93952e-05
70 9 11 7 4 5.72822e-06
70 11 7 4 9 7.07678e-06
70 4 10 10 6 0.000453604
70 6 4 10 10 0.00488345
70 10 6 4 10 0.0809385
70 10 10 6 4 0.004691
70 4 4 11 5 2.90381e-46
70 4 11 5 4 0.0128029
70 5 4 4 11 0.000415624
70 11 5 4 4 0.0040133
70 4 12 12 12 0.000363772
70 12 4 12 12 0.000361364
70 12 12 4 12 0.000355906
70 12 12 12 4 0.000313164
70 4 7 5 5 1.79731e-46
70 5 4 7 5 8.18205e-48
70 5 5 4 7 0.00294771
70 7 5 5 4 0.0133941
70 5 12 8 7 0.000600273
70 7 5 12 8 0.00582317
70 8 7 5 12 1.87987e-46
70 12 8 7 5 1.10871e-46
70 4 8 6 7 0.0129444
70 6 7 4 8 0.00262108
70 7 4 8 6 0.00143531
70 8 6 7 4 2.81496e-46
70 4 10 10 9 0.00072868
70 9 4 10 10 0.000594356
70 10 9 4 10 0.052168
70 10 10 9 4 0.0038484
70 9 10 11 12 1.212e-05
70 10 11 12 9 0.000270097
70 11 12 9 10 2.17088e-05
70 12 9 10 11 1.89741e-05
70 4 11 12 7 0.014774
70 7 4 11 12 0.00196684
70 11 12 7 4 0.00017865
70 12 7 4 11 0.000521581
70 4 10 6 6 0.000829935
70 6 4 10 6 0.00103685
70 6 6 4 10 0.0656817
70 10 6 6 4 0.0135825
70 4 11 8 7 0.0184474
70 7 4 11 8 0.00351699
70 8 7 4 11 1.62531e-46
70 11 8 7 4 0.000945926
70 7 11 11 8 0.0157182
70 8 7 11 11 2.32471e-46
70 11 8 7 11 0.00170374
70 11 11 8 7 0.020004
70 9 9 11 12 0.00257415
70 9 11 12 9 0.00303596
70 11 12 9 9 0.000842663
70 12 9 9 11 0.00324123
70 7 12 7 12 0.000322192
70 12 7 12 7 0.00136145
70 4 6 4 12 3.86761e-05
70 4 12 4 6 5.7688e-06
70 6 4 12 4 2.68662e-05
70 12 4 6 4 4.52934e-06
70 7 11 11 11 0.01984
70 11 7 11 11 0.00117757
70 11 11 7 11 0.00207945
70 11 11 11 7 0.032634
70 5 11 7 7 0.00124718
70 7 5 11 7 0.0463062
70 7 7 5 11 0.00404119
70 11 7 7 5 2.38375e-47
70 4 7 7 10 0.000307065
70 7 7 10 4 0.000203717
70 7 10 4 7 0.0105689
70 10 4 7 7 0.00411566
70 6 10 9 10 0.0127264
70 9 10 6 10 0.00188803
70 10 6 10 9 0.010318
70 10 9 10 6 0.00413986
70 5 9 12 11 0.00120609
70 9 12 11 5 1.23719e-46
70 11 5 9 12 0.00229172
70 12 11 5 9 0.0155927
70 4 10 9 6 0.00087746
70 6 4 10 9 0.00214657
70 9 6 4 10 0.0103023
70 10 9 6 4 0.0112823
70 4 12 10 11 0.000367057
70 10 11 4 12 0.0137513
70 11 4 12 10 0.00244636
70 12 10 11 4 0.00134505
70 4 10 10 10 0.00178491
70 10 4 10 10 0.00502768
70 10 10 4 10 0.0233545
70 10 10 10 4 0.00214204
70 8 12 10 11 7.66373e-47
70 10 11 8 12 0.011759
70 11 8 12 10 0.00873678
70 12 10 11 8 0.00187194
70 5 12 7 8 4.94666e-05
70 7 8 5 12 0.0131531
70 8 5 12 7 2.38825e-45
70 12 7 8 5 4.70022e-47
70 10 11 10 12 0.00403059
70 10 12 10 11 0.00140771
70 11 10 12 10 0.00333079
70 12 10 11 10 0.00429839
70 4 10 11 12 0.00176897
70 10 11 12 4 0.0136995
70 11 12 4 10 0.00272793
70 12 4 10 11 0.000412832
70 7 7 12 9 0.000622925
70 7 12 9 7 0.00276575
70 9 7 7 12 3.40117e-05
70 12 9 7 7 0.00219368
70 6 8 12 11 0.0152797
70 8 12 11 6 1.5232e-46
70 11 6 8 12 0.00317087
70 12 11 6 8 0.00249086
70 4 4 10 11 0.00054378
70 4 10 11 4 0.00200592
70 10 11 4 4 0.0176547
70 11 4 4 10 0.00356943
70 7 11 10 12 0.00154815
70 10 12 7 11 0.000978073
70 11 10 12 7 0.00419469
70 12 7 11 10 0.00113762
70 7 12 10 12 0.000229711
70 10 12 7 12 0.000415523
70 12 7 12 10 0.000535518
70 12 10 12 7 0.0025482
70 4 12 10 10 0.0008077
70 10 4 12 10 0.0107304
70 10 10 4 12 0.00519563
70 12 10 10 4 0.000341843
70 5 6 11 8 0.00304711
70 6 11 8 5 4.06318e-45
70 8 5 6 11 1.25595e-45
70 11 8 5 6 0.0126664
70 6 12 9 7 0.0067261
70 7 6 12 9 0.00784444
70 9 7 6 12 0.000103096
70 12 9 7 6 0.000425713
70 6 11 7 7 0.0168387
70 7 6 11 7 0.0493772
70 7 7 6 11 0.000757339
70 11 7 7 6 7.97535e-05
70 7 9 9 10 0.0123833
70 9 9 10 7 0.0026716
70 9 10 7 9 0.00026938
70 10 7 9 9 0.00155945
70 4 9 4 12 0.00273031
70 4 12 4 9 0.001015
70 9 4 12 4 0.000358135
70 12 4 9 4 0.000406978
70 4 7 12 8 4.77356e-06
70 7 12 8 4 1.18088e-05
70 8 4 7 12 4.59962e-49
70 12 8 4 7 0.000133852
71 3 0 2 11 0.0830188
71 3 0 3 4 0.0251038
71 1 0 3 12 0.0182529
71 2 0 3 8 0.0139645
71 3 0 3 5 0.0805724
71 2 0 3 4 0.0149966
71 1 0 2 11 0.0839348
71 1 0 2 6 0.249559
71 1 0 3 10 0.0260746
71 2 0 1 12 1.12723e-47
71 1 0 3 4 0.026187
71 2 0 1 4 7.99001e-48
71 2 0 2 9 0.0363172
71 3 0 3 7 0.0184702
71 1 0 1 11 1.31916e-47
71 2 0 2 11 0.0478038
71 3 0 2 8 0.0824603
71 3 0 3 12 0.0175055
71 1 0 2 10 0.0915052
71 3 0 1 11 1.28111e-47
71 3 0 3 11 0.0234685
71 3 0 2 9 0.0608052
71 3 0 1 4 1.33118e-47
71 3 0 1 5 1.41375e-47
72 1 3 0 0 0.206508
72 2 2 0 0 0.291706
72 3 2 0 0 0.501786
73 11 3 0 2 0.0811865
73 4 3 0 3 0.0160869
73 12 1 0 3 0.0139879
73 8 2 0 3 0.0299899
73 5 3 0 3 0.0300311
73 4 2 0 3 0.0250465
73 11 1 0 2 0.102593
73 6 1 0 2 0.192372
73 10 1 0 3 0.0199908
73 12 2 0 1 2.44812e-47
73 4 1 0 3 0.0209744
73 4 2 0 1 1.81362e-47
73 9 2 0 2 0.0555566
73 7 3 0 3 0.0241454
73 11 1 0 1 1.48164e-47
73 11 2 0 2 0.12184
73 8 3 0 2 0.100497
73 12 3 0 3 0.0107332
73 10 1 0 2 0.103762
73 11 3 0 1 1.15123e-47
73 11 3 0 3 0.0155173
73 9 3 0 2 0.0356897
73 4 3 0 1 1.15935e-47
73 5 3 0 1 7.16148e-48
74 11 3 0 2 0.0309376
74 4 3 0 3 0.0169878
74 12 1 0 3 0.0385773
74 8 2 0 3 0.000730294
74 5 3 0 3 0.102331
74 4 2 0 3 0.0166507
74 11 1 0 2 0.030792
74 6 1 0 2 0.0609447
74 10 1 0 3 0.0140968
74 12 2 0 1 0.141263
74 4 1 0 3 0.017445
74 4 2 0 1 0.0315606
74 9 2 0 2 0.0350909
74 7 3 0 3 0.0221909
74 11 1 0 1 0.0930934
74 11 2 0 2 0.0292289
74 8 3 0 2 0.000486083
74 12 3 0 3 0.0375828
74 10 1 0 2 0.00914918
74 11 3 0 1 0.0918384
74 11 3 0 3 0.0472893
74 9 3 0 2 0.0358081
74 4 3 0 1 0.0320474
74 5 3 0 1 0.0638781
75 11 3 0 2 0.0304898
75 4 3 0 3 0.0308502
75 12 1 0 3 0.0467906
75 8 2 0 3 0.066821
75 5 3 0 3 0.124176
75 4 2 0 3 0.0330605
75 11 1 0 2 0.0299063
75 6 1 0 2 0.0499816
75 10 1 0 3 0.0169255
75 12 2 0 1 0.0916098
75 4 1 0 3 0.031221
75 4 2 0 1 0.0302002
75 9 2 0 2 0.0279586
75 7 3 0 3 0.0441944
75 11 1 0 1 0.0384189
75 11 2 0 2 0.0314947
75 8 3 0 2 0.0461377
75 12 3 0 3 0.0462551
75 10 1 0 2 0.0124592
75 11 3 0 1 0.0384586
75 11 3 0 3 0.0410908
75 9 3 0 2 0.0260943
75 4 3 0 1 0.0280479
75 5 3 0 1 0.0373569
76 11 3 0 2 0.0316203
76 4 3 0 3 0.0486108
76 12 1 0 3 0.0353819
76 8 2 0 3 0.0372525
76 5 3 0 3 0.112284
76 4 2 0 3 0.0467957
76 11 1 0 2 0.0279493
76 6 1 0 2 0.0533671
76 10 1 0 3 0.0466747
76 12 2 0 1 0.0584549
76 4 1 0 3 0.0443322
76 4 2 0 1 0.0361858
76 9 2 0 2 0.0376386
76 7 3 0 3 0.0397978
76 11 1 0 1 0.0308198
76 11 2 0 2 0.0293407
76 8 3 0 2 0.0282379
76 12 3 0 3 0.0388135
76 10 1 0 2 0.0338833
76 11 3 0 1 0.0342358
76 11 3 0 3 0.0432115
76 9 3 0 2 0.0391059
76 4 3 0 1 0.0374116
76 5 3 0 1 0.0285945
77 11 3 0 2 0.0211984
77 4 3 0 3 0.0378393
77 12 1 0 3 0.0351282
77 8 2 0 3 0.0410223
77 5 3 0 3 0.144486
77 4 2 0 3 0.0402921
77 11 1 0 2 0.0223122
77 6 1 0 2 0.0609662
77 10 1 0 3 0.0487791
77 12 2 0 1 0.0738843
77 4 1 0 3 0.0410927
77 4 2 0 1 0.0427013
77 9 2 0 2 0.0289818
77 7 3 0 3 0.0318221
77 11 1 0 1 0.0338759
77 11 2 0 2 0.0217576
77 8 3 0 2 0.0279828
77 12 3 0 3 0.0323611
77 10 1 0 2 0.0352482
77 11 3 0 1 0.0316015
77 11 3 0 3 0.029103
77 9 3 0 2 0.0272226
77 4 3 0 1 0.0399122
77 5 3 0 1 0.0504288
78 11 3 0 2 0.0401076
78 4 3 0 3 0.0268488
78 12 1 0 3 0.0796669
78 8 2 0 3 0.0393907
78 5 3 0 3 0.035501
78 4 2 0 3 0.020511
78 11 1 0 2 0.0398986
78 6 1 0 2 0.00806992
78 10 1 0 3 0.0551723
78 12 2 0 1 0.110601
78 4 1 0 3 0.0275573
78 4 2 0 1 0.0189016
78 9 2 0 2 0.0255884
78 7 3 0 3 0.0524792
78 11 1 0 1 0.0566161
78 11 2 0 2 0.0295338
78 8 3 0 2 0.0348446
78 12 3 0 3 0.0776525
78 10 1 0 2 0.0370919
78 11 3 0 1 0.0558813
78 11 3 0 3 0.0591842
78 9 3 0 2 0.0335015
78 4 3 0 1 0.0246251
78 5 3 0 1 0.0107742
79 11 3 0 2 0.0320433
79 4 3 0 3 0.073282
79 12 1 0 3 0.0317323
79 8 2 0 3 0.0260566
79 5 3 0 3 0.0687913
79 4 2 0 3 0.0567906
79 11 1 0 2 0.0282819
79 6 1 0 2 0.0499015
79 10 1 0 3 0.0274347
79 12 2 0 1 0.0613385
79 4 1 0 3 0.0667344
79 4 2 0 1 0.0637324
79 9 2 0 2 0.022313
79 7 3 0 3 0.0328652
79 11 1 0 1 0.0339557
79 11 2 0 2 0.0239358
79 8 3 0 2 0.0327034
79 12 3 0 3 0.0348609
79 10 1 0 2 0.0265466
79 11 3 0 1 0.0377745
79 11 3 0 3 0.0328523
79 9 3 0 2 0.0287979
79 4 3 0 1 0.0818508
79 5 3 0 1 0.0254243
80 3 0 0 1 0.264593
80 2 0 0 2 0.254166
80 2 0 0 3 0.481242
