0 0 2 3 0 0.436164
0 0 1 2 0 0.563836
1 0 3 9 3 6.22525e-48
1 0 1 11 1 0.080812
1 0 3 8 2 0.040468
1 0 3 10 2 0.0252436
1 0 1 12 2 0.0759283
1 0 1 9 1 0.0693367
1 0 3 8 3 1.6967e-47
1 0 1 7 1 0.0282386
1 0 1 4 2 0.0327498
1 0 3 12 1 0.0548385
1 0 1 11 2 0.142587
1 0 2 7 2 0.0142703
1 0 3 5 3 5.74561e-48
1 0 2 9 3 4.35728e-48
1 0 2 11 1 0.0635122
1 0 3 13 3 4.75107e-48
1 0 1 9 2 0.029989
1 0 2 4 2 0.020965
1 0 3 6 3 7.24984e-48
1 0 2 13 3 6.7566e-48
1 0 2 12 1 0.217556
1 0 3 9 1 0.0193114
1 0 2 11 3 1.19611e-47
1 0 3 12 3 9.26298e-48
1 0 3 13 1 0.0302346
1 0 2 11 2 0.0539582
2 0 3 9 3 0.0206612
2 0 1 11 1 0.0565521
2 0 3 8 2 4.66367e-45
2 0 3 10 2 0.0115756
2 0 1 12 2 0.0715409
2 0 1 9 1 0.0606136
2 0 3 8 3 5.50104e-45
2 0 1 7 1 0.0314564
2 0 1 4 2 0.0476197
2 0 3 12 1 0.0486899
2 0 1 11 2 0.119409
2 0 2 7 2 0.0178277
2 0 3 5 3 0.00987416
2 0 2 9 3 0.0120183
2 0 2 11 1 0.0416528
2 0 3 13 3 0.0217494
2 0 1 9 2 0.0313727
2 0 2 4 2 0.0285685
2 0 3 6 3 0.0259896
2 0 2 13 3 0.0257047
2 0 2 12 1 0.160529
2 0 3 9 1 0.0190374
2 0 2 11 3 0.0264099
2 0 3 12 3 0.0276893
2 0 3 13 1 0.0411105
2 0 2 11 2 0.0423474
3 0 3 9 3 0.0437254
3 0 1 11 1 0.0342734
3 0 3 8 2 0.0270775
3 0 3 10 2 0.0349505
3 0 1 12 2 0.0546174
3 0 1 9 1 0.092402
3 0 3 8 3 0.036838
3 0 1 7 1 0.0561892
3 0 1 4 2 0.0191174
3 0 3 12 1 0.0354354
3 0 1 11 2 0.0813172
3 0 2 7 2 0.0396127
3 0 3 5 3 0.0199155
3 0 2 9 3 0.0262858
3 0 2 11 1 0.0279454
3 0 3 13 3 0.0140541
3 0 1 9 2 0.0537403
3 0 2 4 2 0.0126966
3 0 3 6 3 0.0193104
3 0 2 13 3 0.017166
3 0 2 12 1 0.12074
3 0 3 9 1 0.0310868
3 0 2 11 3 0.0229637
3 0 3 12 3 0.0261166
3 0 3 13 1 0.0204975
3 0 2 11 2 0.031925
4 0 3 9 3 0.0576153
4 0 1 11 1 0.0358871
4 0 3 8 2 0.0243222
4 0 3 10 2 0.0239155
4 0 1 12 2 0.0387085
4 0 1 9 1 0.0839109
4 0 3 8 3 0.0553696
4 0 1 7 1 0.0413072
4 0 1 4 2 0.0273978
4 0 3 12 1 0.0328772
4 0 1 11 2 0.0692972
4 0 2 7 2 0.0260572
4 0 3 5 3 0.0204116
4 0 2 9 3 0.0357402
4 0 2 11 1 0.0321706
4 0 3 13 3 0.0185219
4 0 1 9 2 0.0397182
4 0 2 4 2 0.0200052
4 0 3 6 3 0.0290004
4 0 2 13 3 0.0233444
4 0 2 12 1 0.115596
4 0 3 9 1 0.030078
4 0 2 11 3 0.0360017
4 0 3 12 3 0.0329995
4 0 3 13 1 0.0198359
4 0 2 11 2 0.029911
5 0 3 9 3 0.0598357
5 0 1 11 1 0.0354351
5 0 3 8 2 0.0305519
5 0 3 10 2 0.0314414
5 0 1 12 2 0.0370531
5 0 1 9 1 0.069923
5 0 3 8 3 0.0752184
5 0 1 7 1 0.0358672
5 0 1 4 2 0.0305847
5 0 3 12 1 0.0284777
5 0 1 11 2 0.0772177
5 0 2 7 2 0.023468
5 0 3 5 3 0.0221662
5 0 2 9 3 0.0334083
5 0 2 11 1 0.0291962
5 0 3 13 3 0.0246351
5 0 1 9 2 0.0373506
5 0 2 4 2 0.0205259
5 0 3 6 3 0.0269701
5 0 2 13 3 0.0279463
5 0 2 12 1 0.090121
5 0 3 9 1 0.0255946
5 0 2 11 3 0.0398761
5 0 3 12 3 0.0348851
5 0 3 13 1 0.021617
5 0 2 11 2 0.030634
6 0 3 9 3 0.0519381
6 0 1 11 1 0.036712
6 0 3 8 2 0.0298836
6 0 3 10 2 0.0313958
6 0 1 12 2 0.053625
6 0 1 9 1 0.0391288
6 0 3 8 3 0.0790843
6 0 1 7 1 0.0136373
6 0 1 4 2 0.022556
6 0 3 12 1 0.0542403
6 0 1 11 2 0.0837708
6 0 2 7 2 0.00842722
6 0 3 5 3 0.0221776
6 0 2 9 3 0.0189792
6 0 2 11 1 0.027282
6 0 3 13 3 0.026115
6 0 1 9 2 0.0218865
6 0 2 4 2 0.0136532
6 0 3 6 3 0.0469758
6 0 2 13 3 0.0193892
6 0 2 12 1 0.112342
6 0 3 9 1 0.0197379
6 0 2 11 3 0.0419406
6 0 3 12 3 0.0747878
6 0 3 13 1 0.0203591
6 0 2 11 2 0.0299747
7 0 3 9 3 0.0770425
7 0 1 11 1 0.0251315
7 0 3 8 2 0.0122706
7 0 3 10 2 0.0653809
7 0 1 12 2 0.0269757
7 0 1 9 1 0.0440106
7 0 3 8 3 0.0276188
7 0 1 7 1 0.0143218
7 0 1 4 2 0.0104316
7 0 3 12 1 0.028525
7 0 1 11 2 0.06984
7 0 2 7 2 0.0146281
7 0 3 5 3 0.0981343
7 0 2 9 3 0.0300095
7 0 2 11 1 0.0253466
7 0 3 13 3 0.0567877
7 0 1 9 2 0.0299804
7 0 2 4 2 0.00856959
7 0 3 6 3 0.0410523
7 0 2 13 3 0.0449428
7 0 2 12 1 0.0629769
7 0 3 9 1 0.0282657
7 0 2 11 3 0.0403612
7 0 3 12 3 0.0407397
7 0 3 13 1 0.0427405
7 0 2 11 2 0.0339157
8 0 3 9 3 0.0658926
8 0 1 11 1 6.14453e-48
8 0 3 8 2 0.0395538
8 0 3 10 2 0.0342583
8 0 1 12 2 6.10856e-48
8 0 1 9 1 1.13511e-47
8 0 3 8 3 0.112398
8 0 1 7 1 1.64919e-47
8 0 1 4 2 1.25744e-47
8 0 3 12 1 0.0224978
8 0 1 11 2 1.48285e-47
8 0 2 7 2 0.0850305
8 0 3 5 3 0.00791006
8 0 2 9 3 0.0493265
8 0 2 11 1 0.036023
8 0 3 13 3 0.0650694
8 0 1 9 2 6.71492e-48
8 0 2 4 2 0.060046
8 0 3 6 3 0.0208719
8 0 2 13 3 0.0989688
8 0 2 12 1 0.0954579
8 0 3 9 1 0.0220502
8 0 2 11 3 0.0628894
8 0 3 12 3 0.0352279
8 0 3 13 1 0.0446692
8 0 2 11 2 0.0418586
9 0 0 2 3 0.470407
9 0 0 1 2 0.529593
10 3 9 3 0 0.132364
10 1 11 1 0 3.0516e-48
10 3 8 2 0 0.0280208
10 3 10 2 0 0.014493
10 1 12 2 0 8.91549e-48
10 1 9 1 0 2.17712e-47
10 3 8 3 0 0.078793
10 1 7 1 0 2.63819e-47
10 1 4 2 0 1.39989e-47
10 3 12 1 0 0.0287274
10 1 11 2 0 8.10008e-48
10 2 7 2 0 0.153581
10 3 5 3 0 0.0215443
10 2 9 3 0 0.105704
10 2 11 1 0 0.0183652
10 3 13 3 0 0.0179712
10 1 9 2 0 1.41657e-47
10 2 4 2 0 0.0686224
10 3 6 3 0 0.0132665
10 2 13 3 0 0.029159
10 2 12 1 0 0.13003
10 3 9 1 0 0.0406966
10 2 11 3 0 0.0348964
10 3 12 3 0 0.0489588
10 3 13 1 0 0.0113349
10 2 11 2 0 0.0234721
11 4 9 5 12 0.00729228
11 5 12 4 9 4.36826e-49
11 9 5 12 4 0.00252559
11 12 4 9 5 0.00572014
11 4 7 6 6 1.87948e-46
11 6 4 7 6 1.31403e-47
11 6 6 4 7 4.15834e-48
11 7 6 6 4 7.1741e-47
11 8 13 11 12 3.95588e-06
11 11 12 8 13 9.62525e-48
11 12 8 13 11 0.00132592
11 13 11 12 8 0.00153666
11 5 6 12 6 2.00854e-50
11 6 5 6 12 3.15099e-91
11 6 12 6 5 2.36455e-94
11 12 6 5 6 1.12937e-05
11 4 7 9 7 0.00142683
11 7 4 7 9 0.00937235
11 7 9 7 4 0.00159333
11 9 7 4 7 0.00466848
11 4 6 6 11 1.65605e-46
11 6 6 11 4 1.74094e-51
11 6 11 4 6 2.73358e-47
11 11 4 6 6 6.9349e-46
11 7 10 9 10 0.0024583
11 9 10 7 10 0.00393737
11 10 7 10 9 0.0111767
11 10 9 10 7 0.00346348
11 12 12 13 13 1.03875e-07
11 12 13 13 12 8.64104e-05
11 13 12 12 13 2.07095e-08
11 13 13 12 12 1.72276e-05
11 4 13 13 12 0.00222792
11 12 4 13 13 0.00206979
11 13 12 4 13 4.01516e-06
11 13 13 12 4 0.000261395
11 4 12 10 12 7.01201e-05
11 10 12 4 12 6.21771e-06
11 12 4 12 10 0.000844492
11 12 10 12 4 0.00106734
11 7 9 8 10 4.86457e-46
11 8 10 7 9 0.00422899
11 9 8 10 7 0.0115238
11 10 7 9 8 0.00225762
11 6 9 10 13 1.73367e-46
11 9 10 13 6 0.00105892
11 10 13 6 9 8.49976e-46
11 13 6 9 10 6.91432e-05
11 4 6 4 12 0.000818494
11 4 12 4 6 3.46048e-06
11 6 4 12 4 4.4867e-48
11 12 4 6 4 5.00636e-46
11 4 4 4 13 0.00272003
11 4 4 13 4 0.000235641
11 4 13 4 4 0.001723
11 13 4 4 4 0.000353274
11 5 12 11 12 3.11854e-52
11 11 12 5 12 0.000112746
11 12 5 12 11 0.0113213
11 12 11 12 5 0.00492187
11 5 6 10 12 1.4669e-46
11 6 10 12 5 1.86735e-47
11 10 12 5 6 4.11212e-06
11 12 5 6 10 1.67289e-45
11 7 11 13 12 0.00427943
11 11 13 12 7 0.00360097
11 12 7 11 13 4.8503e-06
11 13 12 7 11 5.42104e-06
11 7 8 11 10 5.86799e-07
11 8 11 10 7 0.0110335
11 10 7 8 11 5.09329e-46
11 11 10 7 8 0.02313
11 4 9 4 12 0.00313092
11 4 12 4 9 1.4024e-05
11 9 4 12 4 0.00086596
11 12 4 9 4 0.0019902
11 6 8 11 11 2.15156e-50
11 8 11 11 6 1.15813e-06
11 11 6 8 11 9.57038e-46
11 11 11 6 8 8.97315e-45
11 4 10 8 8 1.39116e-45
11 8 4 10 8 0.0132041
11 8 8 4 10 0.00019954
11 10 8 8 4 3.71975e-47
11 9 9 13 13 0.0018509
11 9 13 13 9 0.00689669
11 13 9 9 13 0.000848087
11 13 13 9 9 0.00316008
11 6 11 13 12 2.50198e-47
11 11 13 12 6 0.00194027
11 12 6 11 13 8.58003e-07
11 13 12 6 11 9.6074e-49
11 9 9 12 12 3.88516e-05
11 9 12 12 9 1.74024e-07
11 12 9 9 12 8.92909e-05
11 12 12 9 9 3.99952e-07
11 5 10 13 6 1.15416e-47
11 6 5 10 13 6.25294e-46
11 10 13 6 5 5.13601e-46
11 13 6 5 10 0.000184378
11 4 10 7 10 0.00147709
11 7 10 4 10 0.00301744
11 10 4 10 7 0.00459199
11 10 7 10 4 0.00251918
11 6 8 13 13 4.39893e-48
11 8 13 13 6 0.000339998
11 13 6 8 13 6.06718e-47
11 13 13 6 8 8.1682e-46
11 4 12 6 6 6.03691e-49
11 6 4 12 6 4.18121e-48
11 6 6 4 12 9.62274e-48
11 12 6 6 4 8.40297e-47
11 5 9 13 11 2.66138e-47
11 9 13 11 5 9.8994e-06
11 11 5 9 13 0.0234339
11 13 11 5 9 0.00774203
11 4 4 7 9 5.63791e-05
11 4 7 9 4 9.97921e-06
11 7 9 4 4 1.95797e-05
11 9 4 4 7 5.95168e-05
11 6 11 8 8 3.98783e-89
11 8 6 11 8 4.80897e-07
11 8 8 6 11 2.43165e-46
11 11 8 8 6 4.10137e-46
11 4 11 4 11 0.0189707
11 11 4 11 4 5.05944e-06
11 5 6 6 9 1.00784e-89
11 6 6 9 5 1.15083e-47
11 6 9 5 6 4.79373e-47
11 9 5 6 6 3.14796e-45
11 8 9 11 11 1.93364e-06
11 9 11 11 8 2.58072e-05
11 11 8 9 11 0.00656043
11 11 11 8 9 1.01563e-44
11 4 11 13 12 0.00202649
11 11 13 12 4 0.00198258
11 12 4 11 13 4.86767e-06
11 13 12 4 11 5.2441e-06
11 5 11 9 9 2.36263e-46
11 9 5 11 9 2.55944e-05
11 9 9 5 11 0.0222752
11 11 9 9 5 0.00633636
11 5 12 8 9 9.01448e-92
11 8 9 5 12 0.00359473
11 9 5 12 8 0.0106575
11 12 8 9 5 0.00183183
11 8 9 10 13 0.00734342
11 9 10 13 8 0.00484387
11 10 13 8 9 1.01572e-45
11 13 8 9 10 0.000133269
11 4 9 6 6 1.43108e-46
11 6 4 9 6 1.04173e-47
11 6 6 4 9 1.02176e-47
11 9 6 6 4 9.10935e-47
11 4 4 9 13 0.00215622
11 4 9 13 4 0.000172936
11 9 13 4 4 0.00446898
11 13 4 4 9 0.00152507
11 4 8 4 12 0.00167594
11 4 12 4 8 1.68162e-05
11 8 4 12 4 0.000201893
11 12 4 8 4 6.35551e-46
11 5 7 8 12 3.63226e-89
11 7 8 12 5 0.000862643
11 8 12 5 7 9.00537e-06
11 12 5 7 8 0.0424588
11 5 13 7 7 8.75872e-47
11 7 5 13 7 0.00229122
11 7 7 5 13 0.0115871
11 13 7 7 5 0.000909074
11 7 9 9 9 0.00585975
11 9 7 9 9 0.00977175
11 9 9 7 9 0.00938535
11 9 9 9 7 0.0030281
11 8 10 8 13 6.66117e-46
11 8 13 8 10 3.33853e-46
11 10 8 13 8 0.000270092
11 13 8 10 8 0.0045665
11 4 11 7 12 8.97883e-05
11 7 12 4 11 3.16606e-07
11 11 7 12 4 1.158e-05
11 12 4 11 7 3.28287e-08
11 4 7 11 13 2.21295e-06
11 7 11 13 4 0.00114902
11 11 13 4 7 0.0123544
11 13 4 7 11 0.00191147
11 10 12 12 13 1.87462e-06
11 12 12 13 10 2.74244e-06
11 12 13 10 12 0.132246
11 13 10 12 12 0.000907501
11 5 10 7 12 1.91461e-46
11 7 12 5 10 1.76204e-05
11 10 7 12 5 0.000469545
11 12 5 10 7 0.0736523
11 5 7 12 11 4.76534e-47
11 7 12 11 5 1.41445e-08
11 11 5 7 12 0.0446118
11 12 11 5 7 0.0215467
11 4 10 12 6 0.000402002
11 6 4 10 12 2.57489e-46
11 10 12 6 4 2.57987e-49
11 12 6 4 10 0.000430781
11 6 10 9 11 8.00542e-47
11 9 11 6 10 1.35663e-45
11 10 9 11 6 3.22883e-07
11 11 6 10 9 0.0186523
11 8 8 13 11 0.000296145
11 8 13 11 8 4.45098e-06
11 11 8 8 13 1.07933e-45
11 13 11 8 8 1.08042e-45
11 8 13 11 9 4.21607e-06
11 9 8 13 11 0.00144273
11 11 9 8 13 2.29021e-45
11 13 11 9 8 0.00384277
11 4 6 11 11 6.11819e-07
11 6 11 11 4 1.89053e-50
11 11 4 6 11 3.07458e-45
11 11 11 4 6 0.00724556
11 4 6 5 12 0.00367319
11 5 12 4 6 2.07687e-49
11 6 5 12 4 2.52132e-47
11 12 4 6 5 2.77248e-45
11 4 9 13 12 0.000717726
11 9 13 12 4 0.00145151
11 12 4 9 13 0.00526628
11 13 12 4 9 4.81969e-06
11 4 12 5 10 8.5268e-06
11 5 10 4 12 1.8927e-46
11 10 4 12 5 0.000481551
11 12 5 10 4 0.0414391
11 4 9 11 9 2.492e-06
11 9 4 9 11 0.0103674
11 9 11 9 4 0.00457362
11 11 9 4 9 0.0120488
11 4 6 4 7 0.000329034
11 4 7 4 6 0.00100222
11 6 4 7 4 1.3117e-47
11 7 4 6 4 3.97614e-46
11 9 11 13 10 0.00171157
11 10 9 11 13 8.8024e-07
11 11 13 10 9 0.178841
11 13 10 9 11 0.00224683
11 4 13 9 6 0.00125713
11 6 4 13 9 1.18117e-47
11 9 6 4 13 0.00116951
11 13 9 6 4 4.46707e-47
12 4 9 5 12 1.28406e-48
12 5 12 4 9 3.72284e-49
12 9 5 12 4 3.86738e-48
12 12 4 9 5 0.0914801
12 4 7 6 6 3.03717e-48
12 6 4 7 6 1.32091e-48
12 6 6 4 7 3.72537e-49
12 7 6 6 4 2.58384e-48
12 8 13 11 12 1.56441e-48
12 11 12 8 13 7.79115e-48
12 12 8 13 11 3.29109e-48
12 13 11 12 8 1.83609e-48
12 5 6 12 6 2.10905e-50
12 6 5 6 12 4.26176e-51
12 6 12 6 5 2.78108e-51
12 12 6 5 6 1.27377e-49
12 4 7 9 7 0.0119624
12 7 4 7 9 6.26739e-48
12 7 9 7 4 2.0056e-48
12 9 7 4 7 4.02926e-48
12 4 6 6 11 1.06772e-48
12 6 6 11 4 2.8136e-49
12 6 11 4 6 6.66429e-49
12 11 4 6 6 1.87051e-47
12 7 10 9 10 0.0264375
12 9 10 7 10 6.69313e-48
12 10 7 10 9 1.11202e-48
12 10 9 10 7 8.33914e-49
12 12 12 13 13 6.63445e-50
12 12 13 13 12 4.05586e-50
12 13 12 12 13 1.78427e-50
12 13 13 12 12 1.09078e-50
12 4 13 13 12 1.08536e-48
12 12 4 13 13 1.69339e-47
12 13 12 4 13 1.24889e-48
12 13 13 12 4 5.96443e-49
12 4 12 10 12 5.76957e-49
12 10 12 4 12 2.31976e-49
12 12 4 12 10 3.3188e-48
12 12 10 12 4 3.01479e-48
12 7 9 8 10 2.32826e-48
12 8 10 7 9 5.6776e-48
12 9 8 10 7 1.00528e-47
12 10 7 9 8 0.0115754
12 6 9 10 13 1.0027e-48
12 9 10 13 6 1.69896e-47
12 10 13 6 9 8.74466e-49
12 13 6 9 10 0.0108355
12 4 6 4 12 1.50063e-48
12 4 12 4 6 1.15887e-48
12 6 4 12 4 3.16934e-49
12 12 4 6 4 4.39353e-48
12 4 4 4 13 5.20748e-48
12 4 4 13 4 1.55711e-48
12 4 13 4 4 6.82002e-49
12 13 4 4 4 1.09534e-48
12 5 12 11 12 2.86573e-49
12 11 12 5 12 2.30256e-48
12 12 5 12 11 2.24595e-48
12 12 11 12 5 6.27817e-48
12 5 6 10 12 1.36629e-48
12 6 10 12 5 9.055e-49
12 10 12 5 6 9.79568e-49
12 12 5 6 10 4.53641e-48
12 7 11 13 12 2.32279e-48
12 11 13 12 7 3.21626e-48
12 12 7 11 13 7.87714e-48
12 13 12 7 11 2.86701e-49
12 7 8 11 10 2.68914e-48
12 8 11 10 7 2.77711e-48
12 10 7 8 11 4.54295e-49
12 11 10 7 8 1.44426e-47
12 4 9 4 12 8.95972e-49
12 4 12 4 9 5.99814e-49
12 9 4 12 4 4.24172e-48
12 12 4 9 4 0.0329387
12 6 8 11 11 3.05675e-49
12 8 11 11 6 5.93888e-48
12 11 6 8 11 5.46596e-48
12 11 11 6 8 1.16944e-47
12 4 10 8 8 3.24925e-48
12 8 4 10 8 5.29552e-48
12 8 8 4 10 1.80847e-48
12 10 8 8 4 8.24107e-49
12 9 9 13 13 1.2914e-47
12 9 13 13 9 5.28521e-48
12 13 9 9 13 0.02697
12 13 13 9 9 0.0110378
12 6 11 13 12 2.60725e-49
12 11 13 12 6 6.2994e-48
12 12 6 11 13 1.00297e-47
12 13 12 6 11 2.26921e-49
12 9 9 12 12 3.65546e-50
12 9 12 12 9 2.44717e-50
12 12 9 9 12 0.000283861
12 12 12 9 9 0.000190033
12 5 10 13 6 3.1086e-48
12 6 5 10 13 1.63324e-48
12 10 13 6 5 1.38844e-48
12 13 6 5 10 1.54195e-48
12 4 10 7 10 2.11538e-48
12 7 10 4 10 2.81441e-48
12 10 4 10 7 1.59721e-48
12 10 7 10 4 6.8157e-49
12 6 8 13 13 1.56185e-48
12 8 13 13 6 4.33064e-48
12 13 6 8 13 5.64584e-48
12 13 13 6 8 1.72388e-48
12 4 12 6 6 1.23603e-48
12 6 4 12 6 8.50437e-49
12 6 6 4 12 3.01993e-49
12 12 6 6 4 3.27045e-48
12 5 9 13 11 3.87164e-49
12 9 13 11 5 6.42217e-48
12 11 5 9 13 0.166309
12 13 11 5 9 1.80338e-48
12 4 4 7 9 4.22857e-50
12 4 7 9 4 0.00010562
12 7 9 4 4 1.80032e-50
12 9 4 4 7 8.33695e-50
12 6 11 8 8 7.45111e-49
12 8 6 11 8 4.79397e-48
12 8 8 6 11 2.17575e-48
12 11 8 8 6 2.32752e-47
12 4 11 4 11 1.49767e-48
12 11 4 11 4 1.10771e-47
12 5 6 6 9 2.98328e-48
12 6 6 9 5 0.0145016
12 6 9 5 6 1.49931e-48
12 9 5 6 6 3.06358e-47
12 8 9 11 11 1.14596e-48
12 9 11 11 8 9.07292e-48
12 11 8 9 11 0.045184
12 11 11 8 9 1.00054e-47
12 4 11 13 12 1.23368e-48
12 11 13 12 4 2.23547e-48
12 12 4 11 13 1.28303e-47
12 13 12 4 11 2.02592e-49
12 5 11 9 9 0.00987378
12 9 5 11 9 7.43527e-48
12 9 9 5 11 2.67789e-48
12 11 9 9 5 0.0748749
12 5 12 8 9 4.04582e-49
12 8 9 5 12 1.59489e-48
12 9 5 12 8 6.83863e-48
12 12 8 9 5 0.0715597
12 8 9 10 13 6.25179e-48
12 9 10 13 8 1.13103e-47
12 10 13 8 9 9.001e-49
12 13 8 9 10 0.0115029
12 4 9 6 6 2.59813e-48
12 6 4 9 6 0.00881986
12 6 6 4 9 4.24963e-49
12 9 6 6 4 4.3678e-48
12 4 4 9 13 0.0475974
12 4 9 13 4 7.91046e-49
12 9 13 4 4 2.09966e-48
12 13 4 4 9 1.73889e-48
12 4 8 4 12 1.69237e-48
12 4 12 4 8 8.1957e-49
12 8 4 12 4 2.09926e-48
12 12 4 8 4 4.80424e-48
12 5 7 8 12 9.70859e-49
12 7 8 12 5 7.49151e-48
12 8 12 5 7 1.28628e-48
12 12 5 7 8 1.09297e-47
12 5 13 7 7 7.4912e-49
12 7 5 13 7 3.34273e-48
12 7 7 5 13 7.49847e-48
12 13 7 7 5 2.29733e-48
12 7 9 9 9 0.0228457
12 9 7 9 9 0.0451451
12 9 9 7 9 5.7838e-48
12 9 9 9 7 0.0338548
12 8 10 8 13 1.20215e-47
12 8 13 8 10 1.73317e-48
12 10 8 13 8 2.11192e-48
12 13 8 10 8 3.69492e-48
12 4 11 7 12 1.6871e-50
12 7 12 4 11 5.23999e-51
12 11 7 12 4 3.02805e-50
12 12 4 11 7 5.33387e-50
12 4 7 11 13 3.73018e-48
12 7 11 13 4 2.24755e-48
12 11 13 4 7 3.98368e-48
12 13 4 7 11 1.29494e-48
12 10 12 12 13 8.97172e-49
12 12 12 13 10 1.34727e-48
12 12 13 10 12 3.56801e-48
12 13 10 12 12 1.5364e-48
12 5 10 7 12 1.53385e-48
12 7 12 5 10 1.11127e-48
12 10 7 12 5 1.33366e-48
12 12 5 10 7 6.67459e-48
12 5 7 12 11 3.85347e-49
12 7 12 11 5 2.02526e-48
12 11 5 7 12 8.1171e-48
12 12 11 5 7 5.00492e-48
12 4 10 12 6 3.39344e-48
12 6 4 10 12 4.64552e-49
12 10 12 6 4 2.12074e-49
12 12 6 4 10 2.71055e-48
12 6 10 9 11 0.00266903
12 9 11 6 10 4.81334e-48
12 10 9 11 6 1.58387e-48
12 11 6 10 9 1.1883e-47
12 8 8 13 11 1.92233e-48
12 8 13 11 8 2.65816e-48
12 11 8 8 13 2.73365e-47
12 13 11 8 8 2.45437e-48
12 8 13 11 9 2.20962e-48
12 9 8 13 11 4.41173e-48
12 11 9 8 13 1.64379e-47
12 13 11 9 8 0.019113
12 4 6 11 11 9.21959e-49
12 6 11 11 4 2.28733e-49
12 11 4 6 11 4.59682e-48
12 11 11 4 6 1.06127e-47
12 4 6 5 12 4.14382e-48
12 5 12 4 6 1.38589e-48
12 6 5 12 4 5.56775e-49
12 12 4 6 5 2.35109e-47
12 4 9 13 12 9.10995e-49
12 9 13 12 4 1.88899e-48
12 12 4 9 13 0.112005
12 13 12 4 9 4.29008e-49
12 4 12 5 10 6.03151e-49
12 5 10 4 12 1.10762e-48
12 10 4 12 5 2.21988e-48
12 12 5 10 4 4.74084e-48
12 4 9 11 9 1.3505e-48
12 9 4 9 11 0.033739
12 9 11 9 4 0.0309614
12 11 9 4 9 4.69938e-48
12 4 6 4 7 1.72207e-48
12 4 7 4 6 2.64898e-48
12 6 4 7 4 4.57935e-49
12 7 4 6 4 3.22905e-48
12 9 11 13 10 4.40551e-48
12 10 9 11 13 1.92707e-48
12 11 13 10 9 6.82564e-48
12 13 10 9 11 0.00910759
12 4 13 9 6 0.0165201
12 6 4 13 9 4.91322e-49
12 9 6 4 13 1.17865e-47
12 13 9 6 4 5.8617e-49
13 4 9 5 12 6.80025e-49
13 5 12 4 9 0.000563567
13 9 5 12 4 0.0181927
13 12 4 9 5 0.015518
13 4 7 6 6 0.00111603
13 6 4 7 6 0.000347374
13 6 6 4 7 0.000417684
13 7 6 6 4 0.014224
13 8 13 11 12 1.03918e-05
13 11 12 8 13 0.000593892
13 12 8 13 11 0.00328316
13 13 11 12 8 0.00371244
13 5 6 12 6 5.85956e-06
13 6 5 6 12 4.62896e-08
13 6 12 6 5 1.03058e-05
13 12 6 5 6 1.43574e-48
13 4 7 9 7 0.00342294
13 7 4 7 9 0.0147581
13 7 9 7 4 0.0112168
13 9 7 4 7 0.00516573
13 4 6 6 11 0.00246303
13 6 6 11 4 0.00078582
13 6 11 4 6 7.3372e-05
13 11 4 6 6 0.00476452
13 7 10 9 10 0.00228977
13 9 10 7 10 0.00709478
13 10 7 10 9 0.0020257
13 10 9 10 7 0.001221
13 12 12 13 13 1.2478e-05
13 12 13 13 12 2.62538e-07
13 13 12 12 13 7.46125e-06
13 13 13 12 12 1.56986e-07
13 4 13 13 12 7.26364e-06
13 12 4 13 13 0.00248485
13 13 12 4 13 0.000195005
13 13 13 12 4 0.00510756
13 4 12 10 12 3.08653e-06
13 10 12 4 12 1.01383e-06
13 12 4 12 10 0.00366071
13 12 10 12 4 0.0155942
13 7 9 8 10 0.000592789
13 8 10 7 9 0.0162322
13 9 8 10 7 0.0115566
13 10 7 9 8 0.00239491
13 6 9 10 13 0.000204261
13 9 10 13 6 0.00193504
13 10 13 6 9 0.00405019
13 13 6 9 10 0.0010709
13 4 6 4 12 4.98497e-06
13 4 12 4 6 0.000129303
13 6 4 12 4 0.00198617
13 12 4 6 4 0.0250423
13 4 4 4 13 0.00059101
13 4 4 13 4 0.00410061
13 4 13 4 4 0.00203161
13 13 4 4 4 0.00231626
13 5 12 11 12 1.71845e-06
13 11 12 5 12 1.27538e-48
13 12 5 12 11 0.00412901
13 12 11 12 5 0.0140911
13 5 6 10 12 6.79581e-06
13 6 10 12 5 0.00237581
13 10 12 5 6 1.50184e-47
13 12 5 6 10 0.0051602
13 7 11 13 12 1.01923e-05
13 11 13 12 7 0.0119867
13 12 7 11 13 0.00145164
13 13 12 7 11 0.000771122
13 7 8 11 10 0.00127317
13 8 11 10 7 0.00391146
13 10 7 8 11 0.000271851
13 11 10 7 8 0.0240582
13 4 9 4 12 3.55623e-06
13 4 12 4 9 0.000764455
13 9 4 12 4 0.0216107
13 12 4 9 4 0.0135272
13 6 8 11 11 0.000333261
13 8 11 11 6 0.000730392
13 11 6 8 11 0.00220889
13 11 11 6 8 0.0240676
13 4 10 8 8 0.0011654
13 8 4 10 8 0.00491808
13 8 8 4 10 0.00086213
13 10 8 8 4 0.000899062
13 9 9 13 13 0.00226792
13 9 13 13 9 0.0102574
13 13 9 9 13 0.000848857
13 13 13 9 9 0.00383923
13 6 11 13 12 1.45944e-06
13 11 13 12 6 0.00217228
13 12 6 11 13 0.0013141
13 13 12 6 11 0.000717809
13 9 9 12 12 3.75218e-07
13 9 12 12 9 8.06576e-05
13 12 9 9 12 2.34867e-07
13 12 12 9 9 5.04875e-05
13 5 10 13 6 0.000435505
13 6 5 10 13 0.00025626
13 10 13 6 5 0.0052627
13 13 6 5 10 9.43461e-47
13 4 10 7 10 0.00232212
13 7 10 4 10 0.00113102
13 10 4 10 7 0.00195083
13 10 7 10 4 0.00245988
13 6 8 13 13 0.000282508
13 8 13 13 6 0.000849867
13 13 6 8 13 0.000369655
13 13 13 6 8 0.00552845
13 4 12 6 6 0.000412527
13 6 4 12 6 0.000235499
13 6 6 4 12 1.19157e-06
13 12 6 6 4 0.0187024
13 5 9 13 11 0.000566433
13 9 13 11 5 0.00907764
13 11 5 9 13 0.00367413
13 13 11 5 9 2.73457e-46
13 4 4 7 9 0.000106941
13 4 7 9 4 6.32845e-05
13 7 9 4 4 3.95881e-05
13 9 4 4 7 7.57416e-05
13 6 11 8 8 0.000333461
13 8 6 11 8 0.00421552
13 8 8 6 11 0.00560054
13 11 8 8 6 0.00106576
13 4 11 4 11 0.00122577
13 11 4 11 4 0.0253952
13 5 6 6 9 0.0105743
13 6 6 9 5 0.00303083
13 6 9 5 6 2.47964e-47
13 9 5 6 6 0.00711255
13 8 9 11 11 0.00140105
13 9 11 11 8 0.00733078
13 11 8 9 11 0.00734988
13 11 11 8 9 0.00555109
13 4 11 13 12 5.81393e-06
13 11 13 12 4 0.0174456
13 12 4 11 13 0.00167552
13 13 12 4 11 0.000214243
13 5 11 9 9 0.00267615
13 9 5 11 9 0.00784183
13 9 9 5 11 3.17922e-46
13 11 9 9 5 0.0153987
13 5 12 8 9 0.000328089
13 8 9 5 12 9.42039e-49
13 9 5 12 8 0.0107865
13 12 8 9 5 0.0121849
13 8 9 10 13 0.00119587
13 9 10 13 8 0.00977494
13 10 13 8 9 0.0007466
13 13 8 9 10 0.00113741
13 4 9 6 6 0.000811014
13 6 4 9 6 0.000196547
13 6 6 4 9 0.000503568
13 9 6 6 4 0.0249366
13 4 4 9 13 0.00116423
13 4 9 13 4 0.00249729
13 9 13 4 4 0.00603974
13 13 4 4 9 0.00185597
13 4 8 4 12 5.62465e-06
13 4 12 4 8 0.000693898
13 8 4 12 4 0.0123531
13 12 4 8 4 0.00490398
13 5 7 8 12 2.88631e-06
13 7 8 12 5 0.0152591
13 8 12 5 7 2.30826e-46
13 12 5 7 8 0.0163989
13 5 13 7 7 0.00321946
13 7 5 13 7 0.00361418
13 7 7 5 13 1.49196e-46
13 13 7 7 5 0.00720211
13 7 9 9 9 0.00546473
13 9 7 9 9 0.0131836
13 9 9 7 9 0.0169323
13 9 9 9 7 0.00794649
13 8 10 8 13 0.000826231
13 8 13 8 10 0.000666727
13 10 8 13 8 0.00192775
13 13 8 10 8 0.00331509
13 4 11 7 12 1.51275e-07
13 7 12 4 11 4.80677e-06
13 11 7 12 4 0.000220539
13 12 4 11 7 5.77429e-05
13 4 7 11 13 0.000710705
13 7 11 13 4 0.00586805
13 11 13 4 7 0.00554373
13 13 4 7 11 0.00271737
13 10 12 12 13 0.000359947
13 12 12 13 10 0.000950709
13 12 13 10 12 2.17802e-05
13 13 10 12 12 1.48223e-05
13 5 10 7 12 1.55507e-05
13 7 12 5 10 7.53485e-47
13 10 7 12 5 0.00422392
13 12 5 10 7 0.0070696
13 5 7 12 11 0.00132963
13 7 12 11 5 0.00233978
13 11 5 7 12 6.17377e-05
13 12 11 5 7 6.4706e-46
13 4 10 12 6 0.000801893
13 6 4 10 12 2.30305e-06
13 10 12 6 4 0.00164961
13 12 6 4 10 0.00112005
13 6 10 9 11 0.000532324
13 9 11 6 10 0.00630366
13 10 9 11 6 0.000202497
13 11 6 10 9 0.0146185
13 8 8 13 11 0.0022113
13 8 13 11 8 0.00352274
13 11 8 8 13 0.00163191
13 13 11 8 8 0.00099263
13 8 13 11 9 0.00440801
13 9 8 13 11 0.00439385
13 11 9 8 13 0.00117192
13 13 11 9 8 0.00310993
13 4 6 11 11 0.000845838
13 6 11 11 4 0.000677984
13 11 4 6 11 0.0103388
13 11 11 4 6 0.000962267
13 4 6 5 12 1.83668e-48
13 5 12 4 6 0.00018367
13 6 5 12 4 0.00322167
13 12 4 6 5 0.0553528
13 4 9 13 12 4.83348e-06
13 9 13 12 4 0.0145522
13 12 4 9 13 0.00264986
13 13 12 4 9 0.000586894
13 4 12 5 10 4.39225e-47
13 5 10 4 12 4.41517e-06
13 10 4 12 5 0.00498219
13 12 5 10 4 0.0105146
13 4 9 11 9 0.00191509
13 9 4 9 11 0.00539719
13 9 11 9 4 0.0135166
13 11 9 4 9 0.00547962
13 4 6 4 7 0.00162553
13 4 7 4 6 0.000325415
13 6 4 7 4 0.0027254
13 7 4 6 4 0.0177175
13 9 11 13 10 0.00257834
13 10 9 11 13 0.000321208
13 11 13 10 9 0.012655
13 13 10 9 11 0.00164153
13 4 13 9 6 0.000468659
13 6 4 13 9 0.000775693
13 9 6 4 13 0.00129597
13 13 9 6 4 0.00444478
14 4 9 5 12 0.000167776
14 5 12 4 9 0.000616992
14 9 5 12 4 0.0151835
14 12 4 9 5 0.0102103
14 4 7 6 6 0.00353595
14 6 4 7 6 0.00143099
14 6 6 4 7 0.000461296
14 7 6 6 4 0.00838125
14 8 13 11 12 0.000721169
14 11 12 8 13 0.00425323
14 12 8 13 11 0.00516975
14 13 11 12 8 0.00249548
14 5 6 12 6 2.95307e-05
14 6 5 6 12 2.58837e-06
14 6 12 6 5 7.72348e-06
14 12 6 5 6 3.46106e-05
14 4 7 9 7 0.0015917
14 7 4 7 9 0.00421265
14 7 9 7 4 0.00683482
14 9 7 4 7 0.00526282
14 4 6 6 11 0.00239308
14 6 6 11 4 0.00126353
14 6 11 4 6 0.00073956
14 11 4 6 6 0.0143987
14 7 10 9 10 0.00418785
14 9 10 7 10 0.010693
14 10 7 10 9 0.00133493
14 10 9 10 7 0.000809917
14 12 12 13 13 4.70022e-05
14 12 13 13 12 1.26101e-05
14 13 12 12 13 2.77968e-05
14 13 13 12 12 7.45755e-06
14 4 13 13 12 0.000276602
14 12 4 13 13 0.00870727
14 13 12 4 13 0.00139181
14 13 13 12 4 0.00423221
14 4 12 10 12 0.000192109
14 10 12 4 12 7.23983e-05
14 12 4 12 10 0.00755849
14 12 10 12 4 0.0100897
14 7 9 8 10 0.00317449
14 8 10 7 9 0.00506773
14 9 8 10 7 0.00791163
14 10 7 9 8 0.00140814
14 6 9 10 13 0.00150043
14 9 10 13 6 0.00802686
14 10 13 6 9 0.00103136
14 13 6 9 10 0.00308399
14 4 6 4 12 0.000322022
14 4 12 4 6 0.000785324
14 6 4 12 4 0.00201017
14 12 4 6 4 0.0165219
14 4 4 4 13 0.00252778
14 4 4 13 4 0.00301167
14 4 13 4 4 0.00207753
14 13 4 4 4 0.00406568
14 5 12 11 12 0.000170876
14 11 12 5 12 0.000348792
14 12 5 12 11 0.00622983
14 12 11 12 5 0.00848196
14 5 6 10 12 0.000672419
14 6 10 12 5 0.00162433
14 10 12 5 6 0.000317299
14 12 5 6 10 0.0102679
14 7 11 13 12 0.000504685
14 11 13 12 7 0.00422829
14 12 7 11 13 0.00789945
14 13 12 7 11 0.00115309
14 7 8 11 10 0.00342515
14 8 11 10 7 0.00334149
14 10 7 8 11 0.000958854
14 11 10 7 8 0.0081967
14 4 9 4 12 0.000258482
14 4 12 4 9 0.000488051
14 9 4 12 4 0.0165869
14 12 4 9 4 0.0114513
14 6 8 11 11 0.000914001
14 8 11 11 6 0.005082
14 11 6 8 11 0.00722637
14 11 11 6 8 0.0106791
14 4 10 8 8 0.00108812
14 8 4 10 8 0.00498283
14 8 8 4 10 0.00350738
14 10 8 8 4 0.00127989
14 9 9 13 13 0.00918749
14 9 13 13 9 0.00465408
14 13 9 9 13 0.00375114
14 13 13 9 9 0.0019002
14 6 11 13 12 0.000109628
14 11 13 12 6 0.00669901
14 12 6 11 13 0.0058789
14 13 12 6 11 0.00116787
14 9 9 12 12 1.85129e-05
14 9 12 12 9 3.4955e-05
14 12 9 9 12 1.2781e-05
14 12 12 9 9 2.41323e-05
14 5 10 13 6 0.00238214
14 6 5 10 13 0.00182548
14 10 13 6 5 0.00198301
14 13 6 5 10 0.00155374
14 4 10 7 10 0.00269119
14 7 10 4 10 0.00348492
14 10 4 10 7 0.00115407
14 10 7 10 4 0.0030862
14 6 8 13 13 0.00122735
14 8 13 13 6 0.00401258
14 13 6 8 13 0.0032951
14 13 13 6 8 0.00286318
14 4 12 6 6 0.00115906
14 6 4 12 6 0.00119098
14 6 6 4 12 0.000131997
14 12 6 6 4 0.0122964
14 5 9 13 11 0.00149097
14 9 13 11 5 0.00780802
14 11 5 9 13 0.0117272
14 13 11 5 9 0.000890328
14 4 4 7 9 2.70043e-05
14 4 7 9 4 5.14857e-05
14 7 9 4 4 5.67353e-05
14 9 4 4 7 6.36583e-05
14 6 11 8 8 0.000639069
14 8 6 11 8 0.00396527
14 8 8 6 11 0.00708332
14 11 8 8 6 0.0085535
14 4 11 4 11 0.00268759
14 11 4 11 4 0.0276276
14 5 6 6 9 0.00496477
14 6 6 9 5 0.0027018
14 6 9 5 6 0.000914391
14 9 5 6 6 0.0262887
14 8 9 11 11 0.0039192
14 9 11 11 8 0.00658117
14 11 8 9 11 0.00969472
14 11 11 8 9 0.00534255
14 4 11 13 12 0.000254675
14 11 13 12 4 0.0107666
14 12 4 11 13 0.00752179
14 13 12 4 11 0.000753491
14 5 11 9 9 0.00168307
14 9 5 11 9 0.00548053
14 9 9 5 11 0.00331648
14 11 9 9 5 0.0104139
14 5 12 8 9 0.000483905
14 8 9 5 12 0.000330618
14 9 5 12 8 0.00634867
14 12 8 9 5 0.00731114
14 8 9 10 13 0.00728692
14 9 10 13 8 0.00572262
14 10 13 8 9 0.000553661
14 13 8 9 10 0.00299744
14 4 9 6 6 0.00237684
14 6 4 9 6 0.00113035
14 6 6 4 9 0.000511084
14 9 6 6 4 0.0169042
14 4 4 9 13 0.0029557
14 4 9 13 4 0.00205654
14 9 13 4 4 0.00803207
14 13 4 4 9 0.00171116
14 4 8 4 12 0.000332496
14 4 12 4 8 0.000594786
14 8 4 12 4 0.0103711
14 12 4 8 4 0.00942229
14 5 7 8 12 0.000523954
14 7 8 12 5 0.0072156
14 8 12 5 7 0.000774305
14 12 5 7 8 0.00762536
14 5 13 7 7 0.00137199
14 7 5 13 7 0.00186488
14 7 7 5 13 0.00296802
14 13 7 7 5 0.00506404
14 7 9 9 9 0.00244179
14 9 7 9 9 0.00732657
14 9 9 7 9 0.00623475
14 9 9 9 7 0.0044451
14 8 10 8 13 0.00588608
14 8 13 8 10 0.00362403
14 10 8 13 8 0.000933119
14 13 8 10 8 0.00334259
14 4 11 7 12 4.33753e-06
14 7 12 4 11 1.231e-05
14 11 7 12 4 0.000182426
14 12 4 11 7 3.91693e-05
14 4 7 11 13 0.00306621
14 7 11 13 4 0.00506828
14 11 13 4 7 0.00374644
14 13 4 7 11 0.00378004
14 10 12 12 13 0.000885244
14 12 12 13 10 0.00262588
14 12 13 10 12 0.00143858
14 13 10 12 12 0.000676685
14 5 10 7 12 0.000638797
14 7 12 5 10 0.000974679
14 10 7 12 5 0.00240698
14 12 5 10 7 0.00559722
14 5 7 12 11 0.00304049
14 7 12 11 5 0.00207924
14 11 5 7 12 0.00213928
14 12 11 5 7 0.00186264
14 4 10 12 6 0.00205544
14 6 4 10 12 0.000228669
14 10 12 6 4 0.000950551
14 12 6 4 10 0.00441525
14 6 10 9 11 0.000992531
14 9 11 6 10 0.0123732
14 10 9 11 6 0.00109401
14 11 6 10 9 0.00893537
14 8 8 13 11 0.00392692
14 8 13 11 8 0.00300725
14 11 8 8 13 0.00991461
14 13 11 8 8 0.00172214
14 8 13 11 9 0.00280272
14 9 8 13 11 0.00713344
14 11 9 8 13 0.00875437
14 13 11 9 8 0.00237724
14 4 6 11 11 0.0014783
14 6 11 11 4 0.00113806
14 11 4 6 11 0.0116548
14 11 11 4 6 0.00653971
14 4 6 5 12 0.000402736
14 5 12 4 6 0.00191293
14 6 5 12 4 0.00354547
14 12 4 6 5 0.0283845
14 4 9 13 12 0.000228198
14 9 13 12 4 0.0101015
14 12 4 9 13 0.00848532
14 13 12 4 9 0.000581664
14 4 12 5 10 0.000502621
14 5 10 4 12 0.00042657
14 10 4 12 5 0.00234213
14 12 5 10 4 0.0145647
14 4 9 11 9 0.00106126
14 9 4 9 11 0.00878063
14 9 11 9 4 0.0122734
14 11 9 4 9 0.00421911
14 4 6 4 7 0.0010469
14 4 7 4 6 0.0022287
14 6 4 7 4 0.00224681
14 7 4 6 4 0.010476
14 9 11 13 10 0.00710603
14 10 9 11 13 0.00131366
14 11 13 10 9 0.00702004
14 13 10 9 11 0.00277074
14 4 13 9 6 0.00142148
14 6 4 13 9 0.000513149
14 9 6 4 13 0.00718348
14 13 9 6 4 0.00404688
15 4 9 5 12 0.000436672
15 5 12 4 9 0.000691907
15 9 5 12 4 0.00483221
15 12 4 9 5 0.0112002
15 4 7 6 6 0.00422208
15 6 4 7 6 0.00203643
15 6 6 4 7 0.000355129
15 7 6 6 4 0.00457931
15 8 13 11 12 0.00300911
15 11 12 8 13 0.00266182
15 12 8 13 11 0.00603658
15 13 11 12 8 0.00275747
15 5 6 12 6 1.56094e-05
15 6 5 6 12 2.7055e-06
15 6 12 6 5 8.59579e-06
15 12 6 5 6 2.64755e-05
15 4 7 9 7 0.00151045
15 7 4 7 9 0.00507562
15 7 9 7 4 0.00560182
15 9 7 4 7 0.00700691
15 4 6 6 11 0.0014957
15 6 6 11 4 0.00076062
15 6 11 4 6 0.000949702
15 11 4 6 6 0.0174042
15 7 10 9 10 0.00198313
15 9 10 7 10 0.00677191
15 10 7 10 9 0.00177894
15 10 9 10 7 0.000779343
15 12 12 13 13 3.10884e-05
15 12 13 13 12 4.82721e-05
15 13 12 12 13 1.57127e-05
15 13 13 12 12 2.43977e-05
15 4 13 13 12 0.00113128
15 12 4 13 13 0.00856966
15 13 12 4 13 0.00116667
15 13 13 12 4 0.0062962
15 4 12 10 12 0.000346193
15 10 12 4 12 0.000153145
15 12 4 12 10 0.00699237
15 12 10 12 4 0.00416765
15 7 9 8 10 0.00252474
15 8 10 7 9 0.00354293
15 9 8 10 7 0.00982715
15 10 7 9 8 0.00203009
15 6 9 10 13 0.00136716
15 9 10 13 6 0.00478054
15 10 13 6 9 0.00222637
15 13 6 9 10 0.00163972
15 4 6 4 12 0.000468431
15 4 12 4 6 0.000740472
15 6 4 12 4 0.00209832
15 12 4 6 4 0.0185808
15 4 4 4 13 0.00304989
15 4 4 13 4 0.00355332
15 4 13 4 4 0.00443349
15 13 4 4 4 0.00568999
15 5 12 11 12 0.000311128
15 11 12 5 12 0.000807587
15 12 5 12 11 0.00196067
15 12 11 12 5 0.00699349
15 5 6 10 12 0.00100733
15 6 10 12 5 0.000988
15 10 12 5 6 0.000377099
15 12 5 6 10 0.00432524
15 7 11 13 12 0.000975506
15 11 13 12 7 0.00601211
15 12 7 11 13 0.00680837
15 13 12 7 11 0.00102423
15 7 8 11 10 0.00369332
15 8 11 10 7 0.00370861
15 10 7 8 11 0.00111397
15 11 10 7 8 0.00675607
15 4 9 4 12 0.000564302
15 4 12 4 9 0.00047867
15 9 4 12 4 0.015258
15 12 4 9 4 0.0104209
15 6 8 11 11 0.00119068
15 8 11 11 6 0.00507472
15 11 6 8 11 0.00392769
15 11 11 6 8 0.014583
15 4 10 8 8 0.000828141
15 8 4 10 8 0.00992739
15 8 8 4 10 0.00570381
15 10 8 8 4 0.00144674
15 9 9 13 13 0.00713824
15 9 13 13 9 0.00940185
15 13 9 9 13 0.00246405
15 13 13 9 9 0.00324542
15 6 11 13 12 0.000260341
15 11 13 12 6 0.00969816
15 12 6 11 13 0.00258187
15 13 12 6 11 0.00103786
15 9 9 12 12 2.74621e-05
15 9 12 12 9 2.32948e-05
15 12 9 9 12 1.87559e-05
15 12 12 9 9 1.59098e-05
15 5 10 13 6 0.00160992
15 6 5 10 13 0.000784761
15 10 13 6 5 0.00478661
15 13 6 5 10 0.00137135
15 4 10 7 10 0.00169147
15 7 10 4 10 0.00229786
15 10 4 10 7 0.00151438
15 10 7 10 4 0.00381511
15 6 8 13 13 0.00146566
15 8 13 13 6 0.00863968
15 13 6 8 13 0.00159674
15 13 13 6 8 0.00819961
15 4 12 6 6 0.000969961
15 6 4 12 6 0.00128841
15 6 6 4 12 0.000219544
15 12 6 6 4 0.00675691
15 5 9 13 11 0.00157022
15 9 13 11 5 0.0161076
15 11 5 9 13 0.00341266
15 13 11 5 9 0.00128188
15 4 4 7 9 3.49608e-05
15 4 7 9 4 4.80002e-05
15 7 9 4 4 5.24179e-05
15 9 4 4 7 8.83874e-05
15 6 11 8 8 0.000920919
15 8 6 11 8 0.00341103
15 8 8 6 11 0.0100532
15 11 8 8 6 0.00919967
15 4 11 4 11 0.00310066
15 11 4 11 4 0.0288965
15 5 6 6 9 0.00359269
15 6 6 9 5 0.00176903
15 6 9 5 6 0.00128239
15 9 5 6 6 0.0114117
15 8 9 11 11 0.00368281
15 9 11 11 8 0.0083657
15 11 8 9 11 0.00967463
15 11 11 8 9 0.00481718
15 4 11 13 12 0.000528944
15 11 13 12 4 0.0150401
15 12 4 11 13 0.00676076
15 13 12 4 11 0.00075446
15 5 11 9 9 0.00161457
15 9 5 11 9 0.00221917
15 9 9 5 11 0.0042105
15 11 9 9 5 0.00868766
15 5 12 8 9 0.00043148
15 8 9 5 12 0.000961275
15 9 5 12 8 0.00295523
15 12 8 9 5 0.00796561
15 8 9 10 13 0.00648703
15 9 10 13 8 0.00481008
15 10 13 8 9 0.00107072
15 13 8 9 10 0.00323961
15 4 9 6 6 0.00217037
15 6 4 9 6 0.00130227
15 6 6 4 9 0.000416703
15 9 6 6 4 0.00999978
15 4 4 9 13 0.00256115
15 4 9 13 4 0.0017793
15 9 13 4 4 0.017271
15 13 4 4 9 0.00258159
15 4 8 4 12 0.000983177
15 4 12 4 8 0.000791493
15 8 4 12 4 0.010577
15 12 4 8 4 0.00949308
15 5 7 8 12 0.00135985
15 7 8 12 5 0.00733985
15 8 12 5 7 0.000954984
15 12 5 7 8 0.0043374
15 5 13 7 7 0.00302283
15 7 5 13 7 0.000721101
15 7 7 5 13 0.00380991
15 13 7 7 5 0.00726708
15 7 9 9 9 0.00174656
15 9 7 9 9 0.00741933
15 9 9 7 9 0.00596407
15 9 9 9 7 0.00325037
15 8 10 8 13 0.00304934
15 8 13 8 10 0.00743706
15 10 8 13 8 0.00169094
15 13 8 10 8 0.00612099
15 4 11 7 12 9.16999e-06
15 7 12 4 11 1.10963e-05
15 11 7 12 4 0.000155019
15 12 4 11 7 4.02087e-05
15 4 7 11 13 0.00282348
15 7 11 13 4 0.0044548
15 11 13 4 7 0.00789938
15 13 4 7 11 0.00499611
15 10 12 12 13 0.000511772
15 12 12 13 10 0.00210983
15 12 13 10 12 0.00569133
15 13 10 12 12 0.000678895
15 5 10 7 12 0.000932478
15 7 12 5 10 0.00106519
15 10 7 12 5 0.00268538
15 12 5 10 7 0.00224957
15 5 7 12 11 0.00323994
15 7 12 11 5 0.00168906
15 11 5 7 12 0.00189743
15 12 11 5 7 0.00229265
15 4 10 12 6 0.000940074
15 6 4 10 12 0.000701095
15 10 12 6 4 0.000811514
15 12 6 4 10 0.00295952
15 6 10 9 11 0.000567824
15 9 11 6 10 0.0129823
15 10 9 11 6 0.000947142
15 11 6 10 9 0.00557069
15 8 8 13 11 0.00547274
15 8 13 11 8 0.00834569
15 11 8 8 13 0.00917039
15 13 11 8 8 0.00224373
15 8 13 11 9 0.00573266
15 9 8 13 11 0.008967
15 11 9 8 13 0.00597823
15 13 11 9 8 0.00279751
15 4 6 11 11 0.000828567
15 6 11 11 4 0.00112237
15 11 4 6 11 0.0144713
15 11 11 4 6 0.0071295
15 4 6 5 12 0.000698435
15 5 12 4 6 0.00206232
15 6 5 12 4 0.00128043
15 12 4 6 5 0.0384789
15 4 9 13 12 0.000434175
15 9 13 12 4 0.0146475
15 12 4 9 13 0.00688188
15 13 12 4 9 0.000589749
15 4 12 5 10 0.00059023
15 5 10 4 12 0.000701925
15 10 4 12 5 0.00272502
15 12 5 10 4 0.0057509
15 4 9 11 9 0.000903952
15 9 4 9 11 0.00915758
15 9 11 9 4 0.00962489
15 11 9 4 9 0.00438291
15 4 6 4 7 0.000704879
15 4 7 4 6 0.00299837
15 6 4 7 4 0.00308527
15 7 4 6 4 0.0117144
15 9 11 13 10 0.0073212
15 10 9 11 13 0.00097805
15 11 13 10 9 0.0141194
15 13 10 9 11 0.00143315
15 4 13 9 6 0.00225776
15 6 4 13 9 0.000746251
15 9 6 4 13 0.00426713
15 13 9 6 4 0.00368614
16 4 9 5 12 1.76755e-06
16 5 12 4 9 0.000600871
16 9 5 12 4 0.00497963
16 12 4 9 5 0.0278121
16 4 7 6 6 3.41558e-46
16 6 4 7 6 6.47535e-46
16 6 6 4 7 0.000619916
16 7 6 6 4 7.30724e-46
16 8 13 11 12 0.000676006
16 11 12 8 13 0.00860017
16 12 8 13 11 0.00678335
16 13 11 12 8 0.000611253
16 5 6 12 6 6.88362e-06
16 6 5 6 12 2.81107e-48
16 6 12 6 5 1.14623e-48
16 12 6 5 6 2.41277e-05
16 4 7 9 7 0.00129208
16 7 4 7 9 9.65654e-46
16 7 9 7 4 3.87088e-48
16 9 7 4 7 0.00416555
16 4 6 6 11 2.89586e-46
16 6 6 11 4 0.00210931
16 6 11 4 6 0.0010846
16 11 4 6 6 3.74952e-45
16 7 10 9 10 0.00154698
16 9 10 7 10 5.59428e-46
16 10 7 10 9 0.00256818
16 10 9 10 7 1.17922e-05
16 12 12 13 13 3.81916e-05
16 12 13 13 12 8.9211e-06
16 13 12 12 13 2.85084e-06
16 13 13 12 12 6.6592e-07
16 4 13 13 12 0.000187736
16 12 4 13 13 0.0246885
16 13 12 4 13 0.000871284
16 13 13 12 4 0.000141575
16 4 12 10 12 0.000455793
16 10 12 4 12 0.000141497
16 12 4 12 10 0.00274667
16 12 10 12 4 0.000452137
16 7 9 8 10 7.73232e-05
16 8 10 7 9 3.37578e-46
16 9 8 10 7 0.0115473
16 10 7 9 8 0.00247178
16 6 9 10 13 2.25343e-05
16 9 10 13 6 0.00487332
16 10 13 6 9 3.78934e-47
16 13 6 9 10 0.00445828
16 4 6 4 12 0.000598396
16 4 12 4 6 0.000439443
16 6 4 12 4 0.000978131
16 12 4 6 4 4.0151e-45
16 4 4 4 13 0.00413662
16 4 4 13 4 0.00843285
16 4 13 4 4 0.000317786
16 13 4 4 4 0.00914191
16 5 12 11 12 0.000528017
16 11 12 5 12 0.00035893
16 12 5 12 11 0.00222755
16 12 11 12 5 0.00130932
16 5 6 10 12 0.00405649
16 6 10 12 5 0.000155115
16 10 12 5 6 0.000223195
16 12 5 6 10 3.11981e-45
16 7 11 13 12 0.00145399
16 11 13 12 7 0.000111785
16 12 7 11 13 0.00655014
16 13 12 7 11 1.22654e-46
16 7 8 11 10 0.00321089
16 8 11 10 7 0.00815867
16 10 7 8 11 0.00492088
16 11 10 7 8 4.25206e-46
16 4 9 4 12 3.28563e-06
16 4 12 4 9 0.000269568
16 9 4 12 4 0.00549639
16 12 4 9 4 0.0247602
16 6 8 11 11 0.00165985
16 8 11 11 6 0.00970406
16 11 6 8 11 0.0272412
16 11 11 6 8 1.59516e-45
16 4 10 8 8 0.0019944
16 8 4 10 8 0.0407193
16 8 8 4 10 0.00450972
16 10 8 8 4 0.00523783
16 9 9 13 13 8.48325e-05
16 9 13 13 9 0.00162578
16 13 9 9 13 2.85261e-05
16 13 13 9 9 0.000546693
16 6 11 13 12 0.000615424
16 11 13 12 6 0.000187509
16 12 6 11 13 0.00563632
16 13 12 6 11 1.30815e-46
16 9 9 12 12 4.62919e-08
16 9 12 12 9 3.79801e-06
16 12 9 9 12 2.08536e-07
16 12 12 9 9 1.71093e-05
16 5 10 13 6 0.00212373
16 6 5 10 13 0.00959856
16 10 13 6 5 8.02185e-47
16 13 6 5 10 0.0015117
16 4 10 7 10 1.17258e-46
16 7 10 4 10 0.00104536
16 10 4 10 7 0.00594395
16 10 7 10 4 0.0051891
16 6 8 13 13 0.00210721
16 8 13 13 6 0.00199628
16 13 6 8 13 0.0133109
16 13 13 6 8 1.26303e-46
16 4 12 6 6 8.97677e-47
16 6 4 12 6 0.000671767
16 6 6 4 12 0.00043248
16 12 6 6 4 1.23493e-45
16 5 9 13 11 2.61345e-05
16 9 13 11 5 0.00245711
16 11 5 9 13 0.0225379
16 13 11 5 9 0.0008087
16 4 4 7 9 6.84088e-48
16 4 7 9 4 3.81734e-05
16 7 9 4 4 2.44469e-07
16 9 4 4 7 0.00014097
16 6 11 8 8 0.00564737
16 8 6 11 8 0.00989178
16 8 8 6 11 1.25322e-45
16 11 8 8 6 0.0257775
16 4 11 4 11 0.00242202
16 11 4 11 4 0.0609881
16 5 6 6 9 9.65057e-46
16 6 6 9 5 0.00514478
16 6 9 5 6 7.37592e-06
16 9 5 6 6 8.44315e-45
16 8 9 11 11 5.38102e-05
16 9 11 11 8 0.0120375
16 11 8 9 11 0.00871172
16 11 11 8 9 0.0189122
16 4 11 13 12 0.000810849
16 11 13 12 4 0.000259982
16 12 4 11 13 0.0174499
16 13 12 4 11 0.000609794
16 5 11 9 9 0.00300034
16 9 5 11 9 0.0170728
16 9 9 5 11 1.9739e-05
16 11 9 9 5 7.41296e-05
16 5 12 8 9 0.00210877
16 8 9 5 12 5.8794e-06
16 9 5 12 8 0.00325007
16 12 8 9 5 0.00712877
16 8 9 10 13 0.00010477
16 9 10 13 8 0.00467852
16 10 13 8 9 0.000657663
16 13 8 9 10 0.00375329
16 4 9 6 6 1.8159e-48
16 6 4 9 6 0.00479236
16 6 6 4 9 0.000717773
16 9 6 6 4 1.95568e-45
16 4 4 9 13 0.00595647
16 4 9 13 4 1.62787e-05
16 9 13 4 4 0.00147523
16 13 4 4 9 0.00440243
16 4 8 4 12 0.000535175
16 4 12 4 8 0.000448176
16 8 4 12 4 0.0048312
16 12 4 8 4 0.0740285
16 5 7 8 12 0.00664379
16 7 8 12 5 0.000812564
16 8 12 5 7 0.000572523
16 12 5 7 8 2.71861e-45
16 5 13 7 7 5.32483e-47
16 7 5 13 7 0.00512008
16 7 7 5 13 0.00130196
16 13 7 7 5 6.73895e-46
16 7 9 9 9 1.48252e-05
16 9 7 9 9 0.00746307
16 9 9 7 9 5.36114e-48
16 9 9 9 7 3.4268e-05
16 8 10 8 13 0.011334
16 8 13 8 10 0.00528942
16 10 8 13 8 0.00221427
16 13 8 10 8 0.0077324
16 4 11 7 12 1.09197e-48
16 7 12 4 11 6.75327e-06
16 11 7 12 4 1.73386e-05
16 12 4 11 7 0.000102408
16 4 7 11 13 0.00243921
16 7 11 13 4 0.00547011
16 11 13 4 7 0.000604563
16 13 4 7 11 1.40306e-45
16 10 12 12 13 0.00010316
16 12 12 13 10 0.0027745
16 12 13 10 12 0.00112731
16 13 10 12 12 0.00010366
16 5 10 7 12 1.03697e-46
16 7 12 5 10 0.000445766
16 10 7 12 5 0.000453655
16 12 5 10 7 0.0196078
16 5 7 12 11 0.000664134
16 7 12 11 5 0.00155614
16 11 5 7 12 1.20572e-45
16 12 11 5 7 0.00126414
16 4 10 12 6 0.000102433
16 6 4 10 12 0.00333802
16 10 12 6 4 9.63269e-47
16 12 6 4 10 0.00404724
16 6 10 9 11 0.000710258
16 9 11 6 10 1.86395e-45
16 10 9 11 6 1.24571e-05
16 11 6 10 9 0.0126268
16 8 8 13 11 0.00834417
16 8 13 11 8 0.00164839
16 11 8 8 13 0.0250416
16 13 11 8 8 0.0115214
16 8 13 11 9 0.00112612
16 9 8 13 11 0.0107823
16 11 9 8 13 0.000174619
16 13 11 9 8 0.00437688
16 4 6 11 11 0.00175785
16 6 11 11 4 0.00195826
16 11 4 6 11 3.28831e-45
16 11 11 4 6 0.00524124
16 4 6 5 12 0.000620266
16 5 12 4 6 0.00188734
16 6 5 12 4 0.00170747
16 12 4 6 5 8.68985e-45
16 4 9 13 12 4.82168e-06
16 9 13 12 4 0.000303961
16 12 4 9 13 0.017824
16 13 12 4 9 0.000428856
16 4 12 5 10 0.000254038
16 5 10 4 12 0.000526844
16 10 4 12 5 0.00123504
16 12 5 10 4 0.0466014
16 4 9 11 9 7.86429e-06
16 9 4 9 11 0.0274679
16 9 11 9 4 0.0130222
16 11 9 4 9 2.21503e-05
16 4 6 4 7 0.000797921
16 4 7 4 6 0.00155543
16 6 4 7 4 8.77093e-46
16 7 4 6 4 2.21009e-45
16 9 11 13 10 0.0128564
16 10 9 11 13 1.25363e-05
16 11 13 10 9 0.00217977
16 13 10 9 11 0.00150108
16 4 13 9 6 0.000310383
16 6 4 13 9 0.00289872
16 9 6 4 13 0.00583333
16 13 9 6 4 3.5604e-48
17 4 9 5 12 2.18409e-48
17 5 12 4 9 3.16179e-48
17 9 5 12 4 0.0333658
17 12 4 9 5 2.22259e-48
17 4 7 6 6 5.67561e-48
17 6 4 7 6 1.17969e-48
17 6 6 4 7 2.20902e-48
17 7 6 6 4 8.28433e-48
17 8 13 11 12 5.90553e-48
17 11 12 8 13 1.12102e-47
17 12 8 13 11 9.0405e-48
17 13 11 12 8 0.0810561
17 5 6 12 6 0.000986954
17 6 5 6 12 4.23694e-51
17 6 12 6 5 1.13938e-50
17 12 6 5 6 2.09318e-49
17 4 7 9 7 2.83258e-48
17 7 4 7 9 2.25833e-48
17 7 9 7 4 6.53171e-48
17 9 7 4 7 1.27613e-47
17 4 6 6 11 5.74843e-48
17 6 6 11 4 3.59075e-48
17 6 11 4 6 1.86128e-48
17 11 4 6 6 4.97398e-48
17 7 10 9 10 3.82883e-48
17 9 10 7 10 1.50576e-47
17 10 7 10 9 5.99415e-48
17 10 9 10 7 2.63221e-48
17 12 12 13 13 1.12478e-49
17 12 13 13 12 6.87213e-50
17 13 12 12 13 0.000538185
17 13 13 12 12 0.000328819
17 4 13 13 12 1.52942e-48
17 12 4 13 13 4.8483e-48
17 13 12 4 13 3.7705e-48
17 13 13 12 4 0.0399815
17 4 12 10 12 1.09081e-48
17 10 12 4 12 7.87741e-49
17 12 4 12 10 0.031148
17 12 10 12 4 0.0553077
17 7 9 8 10 8.34369e-48
17 8 10 7 9 1.36906e-47
17 9 8 10 7 9.88033e-48
17 10 7 9 8 9.84774e-48
17 6 9 10 13 4.35923e-48
17 9 10 13 6 1.27484e-47
17 10 13 6 9 2.90086e-48
17 13 6 9 10 9.51554e-48
17 4 6 4 12 2.51287e-48
17 4 12 4 6 1.78813e-48
17 6 4 12 4 0.00770495
17 12 4 6 4 3.75077e-48
17 4 4 4 13 1.23995e-48
17 4 4 13 4 1.10552e-48
17 4 13 4 4 2.13701e-48
17 13 4 4 4 1.6652e-48
17 5 12 11 12 1.85693e-48
17 11 12 5 12 4.44246e-48
17 12 5 12 11 0.0251628
17 12 11 12 5 0.0476131
17 5 6 10 12 7.8414e-48
17 6 10 12 5 0.0134629
17 10 12 5 6 2.71479e-48
17 12 5 6 10 3.87164e-48
17 7 11 13 12 1.99699e-48
17 11 13 12 7 0.0477402
17 12 7 11 13 1.61736e-47
17 13 12 7 11 3.73165e-48
17 7 8 11 10 4.02581e-48
17 8 11 10 7 7.67491e-48
17 10 7 8 11 6.0069e-48
17 11 10 7 8 2.09186e-47
17 4 9 4 12 1.52398e-48
17 4 12 4 9 1.48635e-48
17 9 4 12 4 0.0402806
17 12 4 9 4 2.81459e-48
17 6 8 11 11 2.39337e-48
17 8 11 11 6 1.29648e-47
17 11 6 8 11 3.00306e-47
17 11 11 6 8 2.46267e-47
17 4 10 8 8 4.61174e-48
17 8 4 10 8 9.36105e-48
17 8 8 4 10 8.42334e-48
17 10 8 8 4 2.33877e-48
17 9 9 13 13 2.19308e-47
17 9 13 13 9 1.30683e-47
17 13 9 9 13 7.33229e-48
17 13 13 9 9 4.36923e-48
17 6 11 13 12 8.92238e-49
17 11 13 12 6 0.0738608
17 12 6 11 13 1.50606e-47
17 13 12 6 11 2.95356e-48
17 9 9 12 12 0.000831636
17 9 12 12 9 0.000811099
17 12 9 9 12 5.81103e-50
17 12 12 9 9 5.66752e-50
17 5 10 13 6 5.9715e-48
17 6 5 10 13 1.21091e-48
17 10 13 6 5 2.22181e-48
17 13 6 5 10 1.35286e-47
17 4 10 7 10 3.55473e-48
17 7 10 4 10 4.07222e-48
17 10 4 10 7 9.46354e-49
17 10 7 10 4 6.23303e-48
17 6 8 13 13 2.83655e-48
17 8 13 13 6 1.33421e-47
17 13 6 8 13 1.50971e-47
17 13 13 6 8 1.075e-47
17 4 12 6 6 1.90719e-48
17 6 4 12 6 0.0075881
17 6 6 4 12 1.7332e-48
17 12 6 6 4 1.46431e-47
17 5 9 13 11 7.25658e-48
17 9 13 11 5 7.66013e-48
17 11 5 9 13 3.67478e-48
17 13 11 5 9 5.05357e-48
17 4 4 7 9 1.76957e-50
17 4 7 9 4 5.38275e-50
17 7 9 4 4 5.86316e-50
17 9 4 4 7 3.6819e-50
17 6 11 8 8 5.26986e-48
17 8 6 11 8 4.44457e-47
17 8 8 6 11 1.33156e-47
17 11 8 8 6 1.3774e-47
17 4 11 4 11 4.80789e-48
17 11 4 11 4 8.02569e-48
17 5 6 6 9 2.24411e-47
17 6 6 9 5 5.26701e-48
17 6 9 5 6 7.13335e-48
17 9 5 6 6 9.70974e-48
17 8 9 11 11 1.67885e-47
17 9 11 11 8 2.50656e-47
17 11 8 9 11 1.05436e-47
17 11 11 8 9 1.33623e-47
17 4 11 13 12 1.23182e-48
17 11 13 12 4 0.0714158
17 12 4 11 13 3.67343e-48
17 13 12 4 11 2.6369e-48
17 5 11 9 9 4.43285e-48
17 9 5 11 9 3.78453e-48
17 9 9 5 11 1.96057e-47
17 11 9 9 5 8.22483e-48
17 5 12 8 9 3.4361e-48
17 8 9 5 12 7.26735e-48
17 9 5 12 8 0.0548357
17 12 8 9 5 3.86922e-48
17 8 9 10 13 2.12446e-47
17 9 10 13 8 2.14913e-47
17 10 13 8 9 2.9859e-48
17 13 8 9 10 4.28642e-48
17 4 9 6 6 3.60668e-48
17 6 4 9 6 7.8842e-49
17 6 6 4 9 3.19669e-48
17 9 6 6 4 2.1774e-47
17 4 4 9 13 1.13439e-48
17 4 9 13 4 2.99198e-48
17 9 13 4 4 8.80804e-48
17 13 4 4 9 1.55818e-48
17 4 8 4 12 1.20252e-48
17 4 12 4 8 3.20237e-48
17 8 4 12 4 0.0398906
17 12 4 8 4 4.10139e-48
17 5 7 8 12 7.61892e-48
17 7 8 12 5 0.0289525
17 8 12 5 7 6.73097e-48
17 12 5 7 8 7.87872e-48
17 5 13 7 7 3.73797e-48
17 7 5 13 7 8.6261e-49
17 7 7 5 13 1.1025e-47
17 13 7 7 5 7.12152e-48
17 7 9 9 9 4.38952e-48
17 9 7 9 9 1.81553e-47
17 9 9 7 9 1.72626e-47
17 9 9 9 7 7.97253e-48
17 8 10 8 13 1.64937e-47
17 8 13 8 10 1.60091e-47
17 10 8 13 8 5.57047e-48
17 13 8 10 8 1.16186e-47
17 4 11 7 12 1.68455e-50
17 7 12 4 11 2.74256e-50
17 11 7 12 4 0.00157188
17 12 4 11 7 2.11572e-50
17 4 7 11 13 6.36958e-48
17 7 11 13 4 4.29683e-48
17 11 13 4 7 5.91862e-48
17 13 4 7 11 2.84638e-48
17 10 12 12 13 0.0226993
17 12 12 13 10 7.49433e-48
17 12 13 10 12 6.04553e-48
17 13 10 12 12 0.0225722
17 5 10 7 12 3.61027e-48
17 7 12 5 10 4.42654e-48
17 10 7 12 5 0.0346462
17 12 5 10 7 2.40531e-48
17 5 7 12 11 0.0971364
17 7 12 11 5 2.08452e-48
17 11 5 7 12 2.40279e-48
17 12 11 5 7 6.20836e-48
17 4 10 12 6 0.019002
17 6 4 10 12 5.08354e-49
17 10 12 6 4 1.60139e-48
17 12 6 4 10 1.33545e-47
17 6 10 9 11 2.02166e-48
17 9 11 6 10 1.57439e-47
17 10 9 11 6 3.94913e-48
17 11 6 10 9 2.66151e-47
17 8 8 13 11 1.17647e-47
17 8 13 11 8 2.07382e-47
17 11 8 8 13 1.47825e-47
17 13 11 8 8 1.08451e-47
17 8 13 11 9 1.09327e-47
17 9 8 13 11 1.34931e-47
17 11 9 8 13 2.12784e-47
17 13 11 9 8 8.45326e-48
17 4 6 11 11 4.96367e-48
17 6 11 11 4 1.7406e-48
17 11 4 6 11 4.81544e-48
17 11 11 4 6 8.8254e-48
17 4 6 5 12 6.93899e-48
17 5 12 4 6 7.32907e-48
17 6 5 12 4 0.0122974
17 12 4 6 5 5.70691e-48
17 4 9 13 12 1.54954e-48
17 9 13 12 4 0.0791693
17 12 4 9 13 3.20976e-48
17 13 12 4 9 2.27636e-48
17 4 12 5 10 2.79027e-48
17 5 10 4 12 2.60703e-48
17 10 4 12 5 0.00804143
17 12 5 10 4 3.677e-48
17 4 9 11 9 3.01079e-48
17 9 4 9 11 4.64104e-48
17 9 11 9 4 9.21181e-48
17 11 9 4 9 1.06913e-47
17 4 6 4 7 2.97938e-48
17 4 7 4 6 4.95019e-48
17 6 4 7 4 1.11431e-48
17 7 4 6 4 1.97401e-48
17 9 11 13 10 1.441e-47
17 10 9 11 13 4.39054e-48
17 11 13 10 9 1.28647e-47
17 13 10 9 11 4.30997e-48
17 4 13 9 6 1.90164e-48
17 6 4 13 9 7.04688e-49
17 9 6 4 13 1.97055e-47
17 13 9 6 4 4.74736e-48
18 4 9 5 12 0.00131751
18 5 12 4 9 0.000110394
18 9 5 12 4 7.11005e-47
18 12 4 9 5 6.21602e-05
18 4 7 6 6 1.08798e-05
18 6 4 7 6 6.70523e-06
18 6 6 4 7 5.26939e-47
18 7 6 6 4 5.97209e-47
18 8 13 11 12 0.000337296
18 11 12 8 13 0.0410833
18 12 8 13 11 0.000221745
18 13 11 12 8 0.00094103
18 5 6 12 6 4.75141e-52
18 6 5 6 12 9.63602e-50
18 6 12 6 5 0.000149158
18 12 6 5 6 8.35869e-51
18 4 7 9 7 5.14669e-06
18 7 4 7 9 9.29384e-06
18 7 9 7 4 0.0123518
18 9 7 4 7 0.0316303
18 4 6 6 11 1.66148e-47
18 6 6 11 4 1.97078e-47
18 6 11 4 6 6.86202e-05
18 11 4 6 6 2.70695e-05
18 7 10 9 10 4.50439e-06
18 9 10 7 10 0.00532246
18 10 7 10 9 9.30373e-06
18 10 9 10 7 0.00276399
18 12 12 13 13 3.09206e-05
18 12 13 13 12 4.11613e-07
18 13 12 12 13 7.58131e-05
18 13 13 12 12 1.00922e-06
18 4 13 13 12 5.65239e-06
18 12 4 13 13 0.000827665
18 13 12 4 13 0.0858505
18 13 13 12 4 0.000641772
18 4 12 10 12 0.000476953
18 10 12 4 12 0.00201282
18 12 4 12 10 0.00143666
18 12 10 12 4 0.00111209
18 7 9 8 10 0.00930047
18 8 10 7 9 1.91159e-05
18 9 8 10 7 0.00361622
18 10 7 9 8 2.71864e-06
18 6 9 10 13 0.00917855
18 9 10 13 6 8.58843e-07
18 10 13 6 9 2.59123e-06
18 13 6 9 10 2.22335e-49
18 4 6 4 12 1.16752e-47
18 4 12 4 6 4.55355e-05
18 6 4 12 4 0.00049942
18 12 4 6 4 0.0115779
18 4 4 4 13 0.00954691
18 4 4 13 4 0.000108788
18 4 13 4 4 0.00301921
18 13 4 4 4 0.0219954
18 5 12 11 12 0.000928922
18 11 12 5 12 0.00589762
18 12 5 12 11 3.49495e-47
18 12 11 12 5 0.0161053
18 5 6 10 12 1.04767e-47
18 6 10 12 5 0.000712922
18 10 12 5 6 3.67877e-05
18 12 5 6 10 3.27689e-46
18 7 11 13 12 6.73795e-05
18 11 13 12 7 0.000365511
18 12 7 11 13 0.0143267
18 13 12 7 11 0.00879832
18 7 8 11 10 0.00110162
18 8 11 10 7 0.0160295
18 10 7 8 11 0.0023313
18 11 10 7 8 0.00119409
18 4 9 4 12 0.0019932
18 4 12 4 9 3.5629e-05
18 9 4 12 4 0.00200206
18 12 4 9 4 2.68631e-05
18 6 8 11 11 0.000598039
18 8 11 11 6 6.93801e-05
18 11 6 8 11 9.68872e-47
18 11 11 6 8 0.00866022
18 4 10 8 8 0.000186692
18 8 4 10 8 0.00160866
18 8 8 4 10 0.0180883
18 10 8 8 4 0.00151136
18 9 9 13 13 0.00245364
18 9 13 13 9 5.83853e-07
18 13 9 9 13 8.0721e-05
18 13 13 9 9 1.92079e-08
18 6 11 13 12 3.91385e-05
18 11 13 12 6 1.8447e-06
18 12 6 11 13 9.84506e-47
18 13 12 6 11 0.00747282
18 9 9 12 12 7.51603e-06
18 9 12 12 9 1.34351e-07
18 12 9 9 12 1.00848e-07
18 12 12 9 9 1.80269e-09
18 5 10 13 6 5.24636e-07
18 6 5 10 13 1.14947e-46
18 10 13 6 5 0.00281014
18 13 6 5 10 1.78069e-46
18 4 10 7 10 0.00112499
18 7 10 4 10 0.00585125
18 10 4 10 7 0.00104496
18 10 7 10 4 0.00467476
18 6 8 13 13 0.000149011
18 8 13 13 6 7.73011e-07
18 13 6 8 13 1.6401e-46
18 13 13 6 8 0.000655532
18 4 12 6 6 1.28608e-05
18 6 4 12 6 1.08135e-06
18 6 6 4 12 1.17293e-47
18 12 6 6 4 1.52699e-46
18 5 9 13 11 0.000444301
18 9 13 11 5 0.00549264
18 11 5 9 13 1.29078e-48
18 13 11 5 9 0.000101981
18 4 4 7 9 6.50007e-08
18 4 7 9 4 1.45113e-07
18 7 9 4 4 0.000449319
18 9 4 4 7 0.000199354
18 6 11 8 8 0.00178389
18 8 6 11 8 2.0267e-47
18 8 8 6 11 0.00531821
18 11 8 8 6 2.20442e-05
18 4 11 4 11 0.0248635
18 11 4 11 4 0.0116341
18 5 6 6 9 4.35266e-49
18 6 6 9 5 4.47247e-49
18 6 9 5 6 7.20675e-05
18 9 5 6 6 1.94701e-48
18 8 9 11 11 0.0109062
18 9 11 11 8 0.00443617
18 11 8 9 11 1.24113e-05
18 11 11 8 9 9.4102e-05
18 4 11 13 12 3.7097e-05
18 11 13 12 4 0.000811275
18 12 4 11 13 0.00710815
18 13 12 4 11 0.0251948
18 5 11 9 9 1.25952e-07
18 9 5 11 9 4.18328e-49
18 9 9 5 11 0.0310321
18 11 9 9 5 0.000175418
18 5 12 8 9 2.72858e-05
18 8 9 5 12 0.00597705
18 9 5 12 8 1.03716e-47
18 12 8 9 5 3.70509e-05
18 8 9 10 13 0.0418705
18 9 10 13 8 5.84515e-05
18 10 13 8 9 2.29081e-06
18 13 8 9 10 1.01508e-05
18 4 9 6 6 1.43625e-05
18 6 4 9 6 1.48688e-08
18 6 6 4 9 2.34148e-49
18 9 6 6 4 1.56482e-46
18 4 4 9 13 7.15111e-06
18 4 9 13 4 0.000279987
18 9 13 4 4 0.0138989
18 13 4 4 9 4.25944e-05
18 4 8 4 12 0.000566266
18 4 12 4 8 0.00329227
18 8 4 12 4 0.00242026
18 12 4 8 4 0.0108737
18 5 7 8 12 0.00158906
18 7 8 12 5 0.00144825
18 8 12 5 7 0.0330425
18 12 5 7 8 8.62434e-47
18 5 13 7 7 0.00127931
18 7 5 13 7 2.74799e-48
18 7 7 5 13 0.0200801
18 13 7 7 5 0.0311376
18 7 9 9 9 5.69983e-08
18 9 7 9 9 1.13133e-07
18 9 9 7 9 6.73501e-05
18 9 9 9 7 3.36101e-05
18 8 10 8 13 0.0109789
18 8 13 8 10 0.00448541
18 10 8 13 8 1.92193e-05
18 13 8 10 8 0.000920787
18 4 11 7 12 9.15047e-06
18 7 12 4 11 0.000159869
18 11 7 12 4 4.1616e-05
18 12 4 11 7 2.57763e-05
18 4 7 11 13 0.00348143
18 7 11 13 4 0.000758214
18 11 13 4 7 0.00732432
18 13 4 7 11 0.0041675
18 10 12 12 13 0.0020089
18 12 12 13 10 0.00123089
18 12 13 10 12 0.000522547
18 13 10 12 12 9.83356e-05
18 5 10 7 12 0.000497568
18 7 12 5 10 0.016944
18 10 7 12 5 0.0023861
18 12 5 10 7 1.59955e-46
18 5 7 12 11 0.0012947
18 7 12 11 5 0.012292
18 11 5 7 12 4.54372e-47
18 12 11 5 7 0.0360077
18 4 10 12 6 5.18321e-07
18 6 4 10 12 0.000201051
18 10 12 6 4 0.00566676
18 12 6 4 10 3.36336e-46
18 6 10 9 11 2.1718e-06
18 9 11 6 10 0.0342837
18 10 9 11 6 1.06252e-05
18 11 6 10 9 3.43409e-49
18 8 8 13 11 0.00024276
18 8 13 11 8 0.000549827
18 11 8 8 13 0.0115188
18 13 11 8 8 0.0046285
18 8 13 11 9 6.75834e-06
18 9 8 13 11 0.000228085
18 11 9 8 13 0.0460514
18 13 11 9 8 1.29875e-05
18 4 6 11 11 8.40158e-48
18 6 11 11 4 0.00452619
18 11 4 6 11 0.0053544
18 11 11 4 6 0.00029031
18 4 6 5 12 1.48698e-47
18 5 12 4 6 0.00027185
18 6 5 12 4 3.41742e-47
18 12 4 6 5 0.0516205
18 4 9 13 12 2.7726e-05
18 9 13 12 4 0.000772905
18 12 4 9 13 3.27926e-05
18 13 12 4 9 0.000100205
18 4 12 5 10 0.00953324
18 5 10 4 12 0.00145605
18 10 4 12 5 0.0012098
18 12 5 10 4 3.62809e-46
18 4 9 11 9 6.60919e-06
18 9 4 9 11 1.37125e-05
18 9 11 9 4 9.69804e-05
18 11 9 4 9 0.000196692
18 4 6 4 7 4.87928e-47
18 4 7 4 6 3.58352e-05
18 6 4 7 4 0.00288083
18 7 4 6 4 0.00421236
18 9 11 13 10 0.00162118
18 10 9 11 13 0.00575149
18 11 13 10 9 9.65118e-06
18 13 10 9 11 5.83745e-06
18 4 13 9 6 4.83619e-09
18 6 4 13 9 2.0903e-07
18 9 6 4 13 5.7247e-46
18 13 9 6 4 0.0157908
19 3 0 3 9 1.22132e-47
19 1 0 1 11 0.0358519
19 2 0 3 8 0.0456262
19 2 0 3 10 0.0286255
19 2 0 1 12 0.060491
19 1 0 1 9 0.110548
19 3 0 3 8 1.83984e-47
19 1 0 1 7 0.0743472
19 2 0 1 4 0.0947542
19 1 0 3 12 0.0482459
19 2 0 1 11 0.0680898
19 2 0 2 7 0.0386871
19 3 0 3 5 7.83798e-48
19 3 0 2 9 6.87997e-48
19 1 0 2 11 0.0269551
19 3 0 3 13 6.99437e-48
19 2 0 1 9 0.0514651
19 2 0 2 4 0.0580275
19 3 0 3 6 1.10856e-47
19 3 0 2 13 8.00537e-48
19 1 0 2 12 0.154043
19 1 0 3 9 0.0365975
19 3 0 2 11 5.25526e-48
19 3 0 3 12 8.4365e-48
19 1 0 3 13 0.0429956
19 2 0 2 11 0.0246494
20 3 9 3 0 0.0951357
20 1 11 1 0 0.0260139
20 3 8 2 0 0.020079
20 3 10 2 0 6.13778e-45
20 1 12 2 0 0.00818054
20 1 9 1 0 0.0570544
20 3 8 3 0 0.0696492
20 1 7 1 0 0.034071
20 1 4 2 0 0.0204139
20 3 12 1 0 0.00949338
20 1 11 2 0 0.0542528
20 2 7 2 0 0.0252739
20 3 5 3 0 0.0693362
20 2 9 3 0 0.0435432
20 2 11 1 0 0.0253906
20 3 13 3 0 0.0869582
20 1 9 2 0 0.0291675
20 2 4 2 0 0.0162293
20 3 6 3 0 0.0295566
20 2 13 3 0 0.080866
20 2 12 1 0 0.0246278
20 3 9 1 0 0.0301793
20 2 11 3 0 0.0467608
20 3 12 3 0 0.0156812
20 3 13 1 0 0.0565888
20 2 11 2 0 0.0254967
21 4 9 5 12 5.16399e-48
21 5 12 4 9 5.21177e-48
21 9 5 12 4 7.51712e-49
21 12 4 9 5 2.11583e-48
21 4 7 6 6 0.0130364
21 6 4 7 6 1.11108e-48
21 6 6 4 7 6.1458e-48
21 7 6 6 4 3.93741e-48
21 8 13 11 12 9.20563e-48
21 11 12 8 13 5.3773e-48
21 12 8 13 11 1.28356e-47
21 13 11 12 8 4.63018e-48
21 5 6 12 6 3.82133e-51
21 6 5 6 12 1.2106e-49
21 6 12 6 5 6.03861e-50
21 12 6 5 6 2.83792e-50
21 4 7 9 7 0.0134664
21 7 4 7 9 9.2594e-48
21 7 9 7 4 1.61693e-48
21 9 7 4 7 0.0458794
21 4 6 6 11 5.10176e-48
21 6 6 11 4 2.98179e-48
21 6 11 4 6 2.94459e-48
21 11 4 6 6 1.84107e-48
21 7 10 9 10 2.07297e-48
21 9 10 7 10 8.14178e-49
21 10 7 10 9 0.196271
21 10 9 10 7 4.57896e-48
21 12 12 13 13 6.74725e-50
21 12 13 13 12 1.31402e-49
21 13 12 12 13 2.93459e-50
21 13 13 12 12 5.71509e-50
21 4 13 13 12 5.58425e-48
21 12 4 13 13 4.72271e-48
21 13 12 4 13 6.25583e-48
21 13 13 12 4 1.04377e-48
21 4 12 10 12 3.49822e-48
21 10 12 4 12 8.66362e-48
21 12 4 12 10 4.38815e-49
21 12 10 12 4 7.27064e-49
21 7 9 8 10 3.77149e-48
21 8 10 7 9 7.90105e-48
21 9 8 10 7 4.6883e-48
21 10 7 9 8 0.0897287
21 6 9 10 13 6.3263e-48
21 9 10 13 6 2.77936e-48
21 10 13 6 9 1.55128e-47
21 13 6 9 10 1.28976e-48
21 4 6 4 12 5.26588e-48
21 4 12 4 6 1.14437e-48
21 6 4 12 4 9.12596e-49
21 12 4 6 4 1.55761e-48
21 4 4 4 13 2.50654e-48
21 4 4 13 4 1.172e-48
21 4 13 4 4 1.2737e-48
21 13 4 4 4 2.55696e-48
21 5 12 11 12 3.06971e-48
21 11 12 5 12 9.90194e-48
21 12 5 12 11 3.53644e-48
21 12 11 12 5 1.5941e-48
21 5 6 10 12 4.62927e-48
21 6 10 12 5 3.66773e-48
21 10 12 5 6 3.68868e-48
21 12 5 6 10 1.97636e-48
21 7 11 13 12 1.50482e-47
21 11 13 12 7 1.36736e-48
21 12 7 11 13 0.0463712
21 13 12 7 11 4.18822e-48
21 7 8 11 10 3.80634e-48
21 8 11 10 7 3.84521e-48
21 10 7 8 11 0.157838
21 11 10 7 8 5.57192e-48
21 4 9 4 12 3.95154e-48
21 4 12 4 9 5.90441e-48
21 9 4 12 4 5.24519e-49
21 12 4 9 4 7.72274e-49
21 6 8 11 11 1.86042e-47
21 8 11 11 6 2.57581e-48
21 11 6 8 11 1.49208e-47
21 11 11 6 8 1.1439e-47
21 4 10 8 8 6.10078e-48
21 8 4 10 8 7.93294e-48
21 8 8 4 10 2.00488e-48
21 10 8 8 4 2.91627e-48
21 9 9 13 13 4.74229e-48
21 9 13 13 9 1.37998e-47
21 13 9 9 13 3.03682e-48
21 13 13 9 9 8.83701e-48
21 6 11 13 12 9.58654e-48
21 11 13 12 6 6.75314e-49
21 12 6 11 13 3.67364e-48
21 13 12 6 11 7.87498e-48
21 9 9 12 12 2.43717e-50
21 9 12 12 9 3.64163e-50
21 12 9 9 12 3.58836e-50
21 12 12 9 9 5.36174e-50
21 5 10 13 6 1.57085e-48
21 6 5 10 13 8.99434e-48
21 10 13 6 5 7.36269e-48
21 13 6 5 10 3.67681e-48
21 4 10 7 10 5.58901e-49
21 7 10 4 10 4.84811e-48
21 10 4 10 7 4.87003e-48
21 10 7 10 4 0.0364526
21 6 8 13 13 1.03031e-47
21 8 13 13 6 3.07424e-48
21 13 6 8 13 8.27438e-48
21 13 13 6 8 1.36708e-47
21 4 12 6 6 8.40095e-49
21 6 4 12 6 8.10684e-49
21 6 6 4 12 1.13613e-47
21 12 6 6 4 1.66132e-48
21 5 9 13 11 4.42055e-48
21 9 13 11 5 4.59438e-48
21 11 5 9 13 3.02456e-48
21 13 11 5 9 1.92799e-47
21 4 4 7 9 3.30718e-50
21 4 7 9 4 9.05643e-05
21 7 9 4 4 5.00961e-50
21 9 4 4 7 4.12216e-50
21 6 11 8 8 1.6008e-47
21 8 6 11 8 1.27829e-47
21 8 8 6 11 1.25778e-47
21 11 8 8 6 3.4432e-48
21 4 11 4 11 1.10433e-47
21 11 4 11 4 4.03555e-48
21 5 6 6 9 1.1295e-47
21 6 6 9 5 8.18229e-48
21 6 9 5 6 7.14791e-48
21 9 5 6 6 4.13241e-48
21 8 9 11 11 1.05224e-47
21 9 11 11 8 9.48134e-48
21 11 8 9 11 7.31064e-48
21 11 11 8 9 1.61631e-47
21 4 11 13 12 4.23104e-48
21 11 13 12 4 7.23895e-49
21 12 4 11 13 3.27978e-48
21 13 12 4 11 1.02148e-47
21 5 11 9 9 2.62594e-48
21 9 5 11 9 1.22507e-47
21 9 9 5 11 9.80928e-48
21 11 9 9 5 2.61538e-48
21 5 12 8 9 4.21745e-48
21 8 9 5 12 8.00343e-48
21 9 5 12 8 2.87353e-48
21 12 8 9 5 2.29939e-48
21 8 9 10 13 4.59085e-48
21 9 10 13 8 1.20822e-47
21 10 13 8 9 1.72745e-47
21 13 8 9 10 1.32756e-48
21 4 9 6 6 8.72069e-49
21 6 4 9 6 1.16555e-48
21 6 6 4 9 1.76222e-47
21 9 6 6 4 1.62227e-48
21 4 4 9 13 1.04284e-48
21 4 9 13 4 1.07222e-48
21 9 13 4 4 1.80541e-48
21 13 4 4 9 1.33959e-47
21 4 8 4 12 5.75813e-48
21 4 12 4 8 5.28484e-48
21 8 4 12 4 7.03534e-49
21 12 4 8 4 1.84261e-48
21 5 7 8 12 0.0579842
21 7 8 12 5 5.209e-48
21 8 12 5 7 5.73149e-48
21 12 5 7 8 5.54249e-48
21 5 13 7 7 7.56836e-49
21 7 5 13 7 9.808e-48
21 7 7 5 13 0.14317
21 13 7 7 5 0.0352982
21 7 9 9 9 9.54933e-48
21 9 7 9 9 0.0588153
21 9 9 7 9 3.75059e-48
21 9 9 9 7 1.37215e-48
21 8 10 8 13 7.66641e-48
21 8 13 8 10 2.35123e-48
21 10 8 13 8 1.99646e-47
21 13 8 10 8 1.75875e-47
21 4 11 7 12 1.82186e-50
21 7 12 4 11 1.74881e-49
21 11 7 12 4 9.8903e-05
21 12 4 11 7 3.04212e-50
21 4 7 11 13 0.0348723
21 7 11 13 4 4.86335e-48
21 11 13 4 7 5.1581e-48
21 13 4 7 11 5.18756e-48
21 10 12 12 13 2.16227e-48
21 12 12 13 10 1.82042e-48
21 12 13 10 12 8.5292e-48
21 13 10 12 12 5.02766e-48
21 5 10 7 12 2.20715e-48
21 7 12 5 10 4.46383e-48
21 10 7 12 5 0.0340296
21 12 5 10 7 4.81688e-48
21 5 7 12 11 0.020077
21 7 12 11 5 9.49431e-48
21 11 5 7 12 4.78081e-48
21 12 11 5 7 4.69697e-48
21 4 10 12 6 4.30255e-49
21 6 4 10 12 8.28108e-48
21 10 12 6 4 1.82079e-48
21 12 6 4 10 1.56398e-48
21 6 10 9 11 8.99874e-48
21 9 11 6 10 1.48453e-48
21 10 9 11 6 2.72425e-48
21 11 6 10 9 1.64786e-47
21 8 8 13 11 1.48565e-47
21 8 13 11 8 1.1294e-47
21 11 8 8 13 7.18803e-48
21 13 11 8 8 1.40362e-47
21 8 13 11 9 1.43318e-47
21 9 8 13 11 1.25805e-47
21 11 9 8 13 5.60273e-48
21 13 11 9 8 6.68177e-48
21 4 6 11 11 5.39805e-48
21 6 11 11 4 2.57472e-48
21 11 4 6 11 8.09498e-48
21 11 11 4 6 2.30971e-48
21 4 6 5 12 1.32595e-47
21 5 12 4 6 1.94631e-48
21 6 5 12 4 2.52003e-48
21 12 4 6 5 8.22247e-48
21 4 9 13 12 3.69698e-48
21 9 13 12 4 5.33314e-49
21 12 4 9 13 1.54525e-48
21 13 12 4 9 1.20518e-47
21 4 12 5 10 1.28258e-48
21 5 10 4 12 5.50107e-48
21 10 4 12 5 2.45961e-48
21 12 5 10 4 2.60598e-48
21 4 9 11 9 5.53702e-48
21 9 4 9 11 3.42577e-48
21 9 11 9 4 8.07772e-49
21 11 9 4 9 1.20639e-47
21 4 6 4 7 2.64987e-48
21 4 7 4 6 0.0165196
21 6 4 7 4 1.16353e-48
21 7 4 6 4 3.43416e-48
21 9 11 13 10 1.81649e-48
21 10 9 11 13 5.89149e-48
21 11 13 10 9 1.50824e-47
21 13 10 9 11 8.17381e-48
21 4 13 9 6 4.64925e-49
21 6 4 13 9 1.30838e-47
21 9 6 4 13 3.74262e-48
21 13 9 6 4 1.69606e-48
22 9 4 4 7 1
23 4 9 5 12 1.52623e-48
23 5 12 4 9 5.37225e-49
23 9 5 12 4 0.0228599
23 12 4 9 5 5.60901e-48
23 4 7 6 6 1.99987e-48
23 6 4 7 6 7.59551e-48
23 6 6 4 7 8.27849e-48
23 7 6 6 4 0.0372559
23 8 13 11 12 1.91359e-48
23 11 12 8 13 2.01542e-48
23 12 8 13 11 3.25302e-48
23 13 11 12 8 1.98183e-48
23 5 6 12 6 9.44013e-51
23 6 5 6 12 5.03823e-50
23 6 12 6 5 3.90783e-50
23 12 6 5 6 4.5435e-50
23 4 7 9 7 2.61142e-48
23 7 4 7 9 4.28944e-48
23 7 9 7 4 0.0309746
23 9 7 4 7 3.98152e-48
23 4 6 6 11 2.42629e-48
23 6 6 11 4 0.0445711
23 6 11 4 6 4.6691e-48
23 11 4 6 6 4.55936e-48
23 7 10 9 10 4.87836e-48
23 9 10 7 10 4.78953e-48
23 10 7 10 9 2.21673e-48
23 10 9 10 7 3.05652e-48
23 12 12 13 13 2.34728e-50
23 12 13 13 12 2.7328e-50
23 13 12 12 13 1.86029e-50
23 13 13 12 12 2.16582e-50
23 4 13 13 12 1.13051e-48
23 12 4 13 13 3.25921e-48
23 13 12 4 13 1.86933e-48
23 13 13 12 4 0.0151456
23 4 12 10 12 6.4874e-49
23 10 12 4 12 2.14602e-48
23 12 4 12 10 3.41298e-48
23 12 10 12 4 0.0209073
23 7 9 8 10 3.66365e-48
23 8 10 7 9 3.61951e-48
23 9 8 10 7 4.01715e-48
23 10 7 9 8 5.77283e-48
23 6 9 10 13 3.30151e-48
23 9 10 13 6 2.77247e-48
23 10 13 6 9 3.38494e-48
23 13 6 9 10 4.72878e-48
23 4 6 4 12 2.45126e-48
23 4 12 4 6 1.4919e-48
23 6 4 12 4 0.041987
23 12 4 6 4 0.0389293
23 4 4 4 13 2.74348e-48
23 4 4 13 4 0.0154794
23 4 13 4 4 0.0160865
23 13 4 4 4 0.0297996
23 5 12 11 12 3.93445e-49
23 11 12 5 12 1.72881e-48
23 12 5 12 11 2.544e-48
23 12 11 12 5 2.38142e-48
23 5 6 10 12 7.66824e-49
23 6 10 12 5 5.41732e-48
23 10 12 5 6 3.05902e-48
23 12 5 6 10 5.32403e-48
23 7 11 13 12 1.48288e-48
23 11 13 12 7 2.32698e-48
23 12 7 11 13 2.27654e-48
23 13 12 7 11 1.52317e-48
23 7 8 11 10 4.20095e-48
23 8 11 10 7 1.87138e-48
23 10 7 8 11 2.94924e-48
23 11 10 7 8 4.64771e-48
23 4 9 4 12 1.60519e-48
23 4 12 4 9 1.11953e-48
23 9 4 12 4 0.0245428
23 12 4 9 4 0.0391015
23 6 8 11 11 6.27145e-48
23 8 11 11 6 2.55406e-48
23 11 6 8 11 4.26363e-48
23 11 11 6 8 4.08082e-48
23 4 10 8 8 1.83707e-48
23 8 4 10 8 2.40805e-48
23 8 8 4 10 4.2885e-48
23 10 8 8 4 0.0348265
23 9 9 13 13 2.36006e-48
23 9 13 13 9 1.91635e-48
23 13 9 9 13 2.97993e-48
23 13 13 9 9 2.41968e-48
23 6 11 13 12 2.02751e-48
23 11 13 12 6 1.84178e-48
23 12 6 11 13 2.84703e-48
23 13 12 6 11 1.23447e-48
23 9 9 12 12 2.15268e-50
23 9 12 12 9 1.50137e-50
23 12 9 9 12 3.42963e-50
23 12 12 9 9 2.39197e-50
23 5 10 13 6 8.31122e-49
23 6 5 10 13 4.22069e-48
23 10 13 6 5 4.81249e-48
23 13 6 5 10 4.28244e-48
23 4 10 7 10 3.2078e-48
23 7 10 4 10 4.9815e-48
23 10 4 10 7 4.49762e-48
23 10 7 10 4 0.0235545
23 6 8 13 13 5.52056e-48
23 8 13 13 6 2.16884e-48
23 13 6 8 13 3.25804e-48
23 13 13 6 8 3.0082e-48
23 4 12 6 6 1.23821e-48
23 6 4 12 6 4.48242e-48
23 6 6 4 12 5.32991e-48
23 12 6 6 4 0.0343905
23 5 9 13 11 5.41449e-49
23 9 13 11 5 2.59125e-48
23 11 5 9 13 4.17377e-48
23 13 11 5 9 1.73842e-48
23 4 4 7 9 3.26273e-50
23 4 7 9 4 0.000234196
23 7 9 4 4 0.000365881
23 9 4 4 7 6.81804e-50
23 6 11 8 8 4.82017e-48
23 8 6 11 8 4.08582e-48
23 8 8 6 11 4.32864e-48
23 11 8 8 6 4.78728e-48
23 4 11 4 11 3.41227e-48
23 11 4 11 4 0.0612103
23 5 6 6 9 2.16271e-48
23 6 6 9 5 1.76248e-47
23 6 9 5 6 9.79693e-48
23 9 5 6 6 8.04845e-48
23 8 9 11 11 2.43428e-48
23 9 11 11 8 3.01271e-48
23 11 8 9 11 5.70051e-48
23 11 11 8 9 2.51248e-48
23 4 11 13 12 8.87923e-49
23 11 13 12 4 0.016428
23 12 4 11 13 3.06884e-48
23 13 12 4 11 1.41635e-48
23 5 11 9 9 7.48188e-49
23 9 5 11 9 2.55428e-48
23 9 9 5 11 2.68525e-48
23 11 9 9 5 4.13179e-48
23 5 12 8 9 3.48652e-49
23 8 9 5 12 1.79137e-48
23 9 5 12 8 2.48662e-48
23 12 8 9 5 4.82429e-48
23 8 9 10 13 1.80036e-48
23 9 10 13 8 2.85374e-48
23 10 13 8 9 2.67389e-48
23 13 8 9 10 4.651e-48
23 4 9 6 6 1.84292e-48
23 6 4 9 6 6.95754e-48
23 6 6 4 9 5.53277e-48
23 9 6 6 4 0.0335053
23 4 4 9 13 2.6142e-48
23 4 9 13 4 0.0102358
23 9 13 4 4 0.0233706
23 13 4 4 9 2.7288e-48
23 4 8 4 12 2.56123e-48
23 4 12 4 8 1.63137e-48
23 8 4 12 4 0.0243234
23 12 4 8 4 0.0326688
23 5 7 8 12 7.45488e-49
23 7 8 12 5 4.62712e-48
23 8 12 5 7 2.56902e-48
23 12 5 7 8 5.94351e-48
23 5 13 7 7 1.02209e-48
23 7 5 13 7 2.96459e-48
23 7 7 5 13 2.80896e-48
23 13 7 7 5 2.96417e-48
23 7 9 9 9 2.79198e-48
23 9 7 9 9 2.72474e-48
23 9 9 7 9 2.74115e-48
23 9 9 9 7 3.75698e-48
23 8 10 8 13 3.12489e-48
23 8 13 8 10 2.99109e-48
23 10 8 13 8 5.19205e-48
23 13 8 10 8 3.02156e-48
23 4 11 7 12 1.63391e-50
23 7 12 4 11 2.10242e-50
23 11 7 12 4 0.000200657
23 12 4 11 7 4.19672e-50
23 4 7 11 13 1.66652e-48
23 7 11 13 4 0.0183501
23 11 13 4 7 4.13779e-48
23 13 4 7 11 3.74252e-48
23 10 12 12 13 2.21284e-48
23 12 12 13 10 2.06494e-48
23 12 13 10 12 1.89178e-48
23 13 10 12 12 1.99055e-48
23 5 10 7 12 1.08453e-48
23 7 12 5 10 2.74358e-48
23 10 7 12 5 3.73134e-48
23 12 5 10 7 3.3971e-48
23 5 7 12 11 6.17024e-49
23 7 12 11 5 2.10716e-48
23 11 5 7 12 3.87952e-48
23 12 11 5 7 3.44666e-48
23 4 10 12 6 1.44737e-48
23 6 4 10 12 3.0702e-48
23 10 12 6 4 0.0195239
23 12 6 4 10 4.74918e-48
23 6 10 9 11 6.46815e-48
23 9 11 6 10 3.73497e-48
23 10 9 11 6 3.70494e-48
23 11 6 10 9 2.84621e-48
23 8 8 13 11 2.77568e-48
23 8 13 11 8 2.55796e-48
23 11 8 8 13 4.22969e-48
23 13 11 8 8 2.27121e-48
23 8 13 11 9 1.99381e-48
23 9 8 13 11 3.18108e-48
23 11 9 8 13 3.01088e-48
23 13 11 9 8 3.08761e-48
23 4 6 11 11 1.88961e-48
23 6 11 11 4 0.0282696
23 11 4 6 11 3.93692e-48
23 11 11 4 6 3.07807e-48
23 4 6 5 12 4.49073e-48
23 5 12 4 6 1.37942e-48
23 6 5 12 4 0.075353
23 12 4 6 5 1.07598e-47
23 4 9 13 12 9.21733e-49
23 9 13 12 4 0.0146456
23 12 4 9 13 3.9794e-48
23 13 12 4 9 1.23757e-48
23 4 12 5 10 1.6788e-48
23 5 10 4 12 1.03057e-48
23 10 4 12 5 5.14017e-48
23 12 5 10 4 0.0245082
23 4 9 11 9 1.25266e-48
23 9 4 9 11 4.0843e-48
23 9 11 9 4 0.0248253
23 11 9 4 9 2.77795e-48
23 4 6 4 7 3.5418e-48
23 4 7 4 6 2.24157e-48
23 6 4 7 4 0.0661856
23 7 4 6 4 0.0392318
23 9 11 13 10 2.48105e-48
23 10 9 11 13 3.39103e-48
23 11 13 10 9 1.84592e-48
23 13 10 9 11 3.15723e-48
23 4 13 9 6 1.6162e-48
23 6 4 13 9 3.04401e-48
23 9 6 4 13 3.47753e-48
23 13 9 6 4 0.0161521
24 4 9 5 12 0.000262736
24 5 12 4 9 0.000362537
24 9 5 12 4 0.00792774
24 12 4 9 5 0.0051594
24 4 7 6 6 0.00598635
24 6 4 7 6 0.00993332
24 6 6 4 7 0.00262029
24 7 6 6 4 0.019341
24 8 13 11 12 0.00158635
24 11 12 8 13 0.00214657
24 12 8 13 11 0.00258377
24 13 11 12 8 0.00153335
24 5 6 12 6 2.38422e-05
24 6 5 6 12 2.98982e-05
24 6 12 6 5 0.000116144
24 12 6 5 6 4.11566e-05
24 4 7 9 7 0.000774224
24 7 4 7 9 0.00179251
24 7 9 7 4 0.00578144
24 9 7 4 7 0.00112956
24 4 6 6 11 0.00481355
24 6 6 11 4 0.0149778
24 6 11 4 6 0.00814109
24 11 4 6 6 0.0113177
24 7 10 9 10 0.000784994
24 9 10 7 10 0.00119322
24 10 7 10 9 0.00173265
24 10 9 10 7 0.00104875
24 12 12 13 13 3.72517e-05
24 12 13 13 12 2.55524e-05
24 13 12 12 13 3.10569e-05
24 13 13 12 12 2.13031e-05
24 4 13 13 12 0.00124873
24 12 4 13 13 0.00496477
24 13 12 4 13 0.00207978
24 13 13 12 4 0.0159175
24 4 12 10 12 0.000366851
24 10 12 4 12 0.000315078
24 12 4 12 10 0.000866923
24 12 10 12 4 0.00711833
24 7 9 8 10 0.000600031
24 8 10 7 9 0.00302194
24 9 8 10 7 0.00156846
24 10 7 9 8 0.00102078
24 6 9 10 13 0.00597916
24 9 10 13 6 0.00640645
24 10 13 6 9 0.00571023
24 13 6 9 10 0.00132895
24 4 6 4 12 0.000639317
24 4 12 4 6 0.00164777
24 6 4 12 4 0.0157013
24 12 4 6 4 0.0200657
24 4 4 4 13 0.00234883
24 4 4 13 4 0.00789656
24 4 13 4 4 0.00903268
24 13 4 4 4 0.00902137
24 5 12 11 12 0.000151189
24 11 12 5 12 0.000335661
24 12 5 12 11 0.00225695
24 12 11 12 5 0.00536543
24 5 6 10 12 0.000660813
24 6 10 12 5 0.0102083
24 10 12 5 6 0.00184271
24 12 5 6 10 0.002293
24 7 11 13 12 0.000842024
24 11 13 12 7 0.00202405
24 12 7 11 13 0.00218063
24 13 12 7 11 0.00163771
24 7 8 11 10 0.000474822
24 8 11 10 7 0.00258296
24 10 7 8 11 0.00181454
24 11 10 7 8 0.00148529
24 4 9 4 12 0.000314335
24 4 12 4 9 0.000546382
24 9 4 12 4 0.00839276
24 12 4 9 4 0.00788284
24 6 8 11 11 0.00337594
24 8 11 11 6 0.00684149
24 11 6 8 11 0.00402594
24 11 11 6 8 0.00394982
24 4 10 8 8 0.000669911
24 8 4 10 8 0.00199481
24 8 8 4 10 0.000746685
24 10 8 8 4 0.00434896
24 9 9 13 13 0.00343792
24 9 13 13 9 0.00409906
24 13 9 9 13 0.00269207
24 13 13 9 9 0.00320978
24 6 11 13 12 0.00159207
24 11 13 12 6 0.00632631
24 12 6 11 13 0.00278224
24 13 12 6 11 0.00277179
24 9 9 12 12 5.93948e-06
24 9 12 12 9 1.03241e-05
24 12 9 9 12 5.57862e-06
24 12 12 9 9 9.69684e-06
24 5 10 13 6 0.00282811
24 6 5 10 13 0.00899176
24 10 13 6 5 0.0191913
24 13 6 5 10 0.0010782
24 4 10 7 10 0.000851096
24 7 10 4 10 0.0008169
24 10 4 10 7 0.00179006
24 10 7 10 4 0.00953853
24 6 8 13 13 0.00661203
24 8 13 13 6 0.0150191
24 13 6 8 13 0.00511129
24 13 13 6 8 0.00562075
24 4 12 6 6 0.00343101
24 6 4 12 6 0.00732183
24 6 6 4 12 0.00142739
24 12 6 6 4 0.0203534
24 5 9 13 11 0.000934311
24 9 13 11 5 0.00732058
24 11 5 9 13 0.00331877
24 13 11 5 9 0.00143032
24 4 4 7 9 1.83622e-05
24 4 7 9 4 6.27719e-05
24 7 9 4 4 5.68449e-05
24 9 4 4 7 1.71868e-05
24 6 11 8 8 0.00261767
24 8 6 11 8 0.00190993
24 8 8 6 11 0.00651205
24 11 8 8 6 0.00392814
24 4 11 4 11 0.00376413
24 11 4 11 4 0.0162825
24 5 6 6 9 0.00403546
24 6 6 9 5 0.02258
24 6 9 5 6 0.00808247
24 9 5 6 6 0.0203844
24 8 9 11 11 0.00227997
24 9 11 11 8 0.00137326
24 11 8 9 11 0.00233048
24 11 11 8 9 0.0022511
24 4 11 13 12 0.000679012
24 11 13 12 4 0.0129184
24 12 4 11 13 0.00261189
24 13 12 4 11 0.00126759
24 5 11 9 9 0.000761706
24 9 5 11 9 0.00133809
24 9 9 5 11 0.00131603
24 11 9 9 5 0.00361244
24 5 12 8 9 0.000301026
24 8 9 5 12 0.00041424
24 9 5 12 8 0.000916977
24 12 8 9 5 0.00287637
24 8 9 10 13 0.00426536
24 9 10 13 8 0.00160529
24 10 13 8 9 0.00230034
24 13 8 9 10 0.000737874
24 4 9 6 6 0.00422573
24 6 4 9 6 0.00743187
24 6 6 4 9 0.00305581
24 9 6 6 4 0.0219957
24 4 4 9 13 0.0021962
24 4 9 13 4 0.00450158
24 9 13 4 4 0.012322
24 13 4 4 9 0.0015945
24 4 8 4 12 0.000377097
24 4 12 4 8 0.000438627
24 8 4 12 4 0.0118991
24 12 4 8 4 0.00858728
24 5 7 8 12 0.000337151
24 7 8 12 5 0.0037006
24 8 12 5 7 0.000848478
24 12 5 7 8 0.00158196
24 5 13 7 7 0.00105454
24 7 5 13 7 0.00125969
24 7 7 5 13 0.00176674
24 13 7 7 5 0.00553594
24 7 9 9 9 0.00082156
24 9 7 9 9 0.0013236
24 9 9 7 9 0.0012488
24 9 9 9 7 0.000801159
24 8 10 8 13 0.00507799
24 8 13 8 10 0.00237826
24 10 8 13 8 0.00113261
24 13 8 10 8 0.00150656
24 4 11 7 12 7.1417e-06
24 7 12 4 11 1.12011e-05
24 11 7 12 4 7.67581e-05
24 12 4 11 7 1.12001e-05
24 4 7 11 13 0.00188576
24 7 11 13 4 0.0111334
24 11 13 4 7 0.00239855
24 13 4 7 11 0.00386241
24 10 12 12 13 0.0018375
24 12 12 13 10 0.000765432
24 12 13 10 12 0.00201098
24 13 10 12 12 0.000934625
24 5 10 7 12 0.000451947
24 7 12 5 10 0.000373104
24 10 7 12 5 0.00432936
24 12 5 10 7 0.00187083
24 5 7 12 11 0.000992301
24 7 12 11 5 0.00211985
24 11 5 7 12 0.00100202
24 12 11 5 7 0.00110289
24 4 10 12 6 0.00254282
24 6 4 10 12 0.00171115
24 10 12 6 4 0.00768407
24 12 6 4 10 0.000923078
24 6 10 9 11 0.00495697
24 9 11 6 10 0.0028182
24 10 9 11 6 0.00246712
24 11 6 10 9 0.00341425
24 8 8 13 11 0.00349841
24 8 13 11 8 0.0024093
24 11 8 8 13 0.00280281
24 13 11 8 8 0.0014983
24 8 13 11 9 0.00340877
24 9 8 13 11 0.00280264
24 11 9 8 13 0.00265362
24 13 11 9 8 0.00156218
24 4 6 11 11 0.00175479
24 6 11 11 4 0.013252
24 11 4 6 11 0.00634861
24 11 11 4 6 0.0048781
24 4 6 5 12 0.00102962
24 5 12 4 6 0.00210664
24 6 5 12 4 0.0285769
24 12 4 6 5 0.025305
24 4 9 13 12 0.000379383
24 9 13 12 4 0.0115869
24 12 4 9 13 0.00282997
24 13 12 4 9 0.000753383
24 4 12 5 10 0.000307465
24 5 10 4 12 0.000357474
24 10 4 12 5 0.00529918
24 12 5 10 4 0.012202
24 4 9 11 9 0.0005941
24 9 4 9 11 0.00259172
24 9 11 9 4 0.008892
24 11 9 4 9 0.00104706
24 4 6 4 7 0.00109176
24 4 7 4 6 0.0026745
24 6 4 7 4 0.0198159
24 7 4 6 4 0.0177379
24 9 11 13 10 0.00156839
24 10 9 11 13 0.00182359
24 11 13 10 9 0.00446169
24 13 10 9 11 0.00293921
24 4 13 9 6 0.00388974
24 6 4 13 9 0.00307763
24 9 6 4 13 0.00320995
24 13 9 6 4 0.010576
25 4 9 5 12 0.00220659
25 5 12 4 9 0.00119582
25 9 5 12 4 0.0107909
25 12 4 9 5 0.00518145
25 4 7 6 6 0.00513023
25 6 4 7 6 0.00848089
25 6 6 4 7 0.0039572
25 7 6 6 4 0.00589095
25 8 13 11 12 4.65985e-46
25 11 12 8 13 0.00529688
25 12 8 13 11 0.00435134
25 13 11 12 8 7.03586e-46
25 5 6 12 6 1.84384e-05
25 6 5 6 12 6.21111e-05
25 6 12 6 5 0.000111212
25 12 6 5 6 3.45968e-05
25 4 7 9 7 0.00236841
25 7 4 7 9 0.00248657
25 7 9 7 4 0.0148082
25 9 7 4 7 0.00310719
25 4 6 6 11 0.00230478
25 6 6 11 4 0.00881868
25 6 11 4 6 1.22689e-45
25 11 4 6 6 0.00699459
25 7 10 9 10 0.00232782
25 9 10 7 10 0.00375834
25 10 7 10 9 0.00333527
25 10 9 10 7 0.00640921
25 12 12 13 13 6.646e-05
25 12 13 13 12 7.1339e-48
25 13 12 12 13 6.26422e-05
25 13 13 12 12 6.72409e-48
25 4 13 13 12 3.33629e-46
25 12 4 13 13 0.00410711
25 13 12 4 13 0.00427609
25 13 13 12 4 1.72396e-45
25 4 12 10 12 0.00133735
25 10 12 4 12 0.00141047
25 12 4 12 10 0.00255654
25 12 10 12 4 0.0067368
25 7 9 8 10 0.00659717
25 8 10 7 9 0.00558234
25 9 8 10 7 0.00450011
25 10 7 9 8 0.00422661
25 6 9 10 13 0.0167126
25 9 10 13 6 0.00610568
25 10 13 6 9 7.88212e-46
25 13 6 9 10 0.00347336
25 4 6 4 12 0.0012577
25 4 12 4 6 0.00365018
25 6 4 12 4 0.0100942
25 12 4 6 4 0.00881074
25 4 4 4 13 0.00228498
25 4 4 13 4 0.00486529
25 4 13 4 4 1.01758e-45
25 13 4 4 4 0.00669357
25 5 12 11 12 0.000624074
25 11 12 5 12 0.00152106
25 12 5 12 11 0.00438774
25 12 11 12 5 8.61702e-46
25 5 6 10 12 0.000857261
25 6 10 12 5 0.00976898
25 10 12 5 6 0.00337318
25 12 5 6 10 0.00749768
25 7 11 13 12 2.08357e-46
25 11 13 12 7 6.26819e-46
25 12 7 11 13 0.00335807
25 13 12 7 11 0.00321631
25 7 8 11 10 0.00229038
25 8 11 10 7 5.82788e-46
25 10 7 8 11 0.00269389
25 11 10 7 8 0.00530906
25 4 9 4 12 0.00300536
25 4 12 4 9 0.00209369
25 9 4 12 4 0.0058288
25 12 4 9 4 0.006485
25 6 8 11 11 0.00583166
25 8 11 11 6 1.06576e-45
25 11 6 8 11 0.00408509
25 11 11 6 8 1.13427e-45
25 4 10 8 8 0.0024954
25 8 4 10 8 0.00382041
25 8 8 4 10 0.00390327
25 10 8 8 4 0.00687809
25 9 9 13 13 0.0110273
25 9 13 13 9 8.24618e-46
25 13 9 9 13 0.011564
25 13 13 9 9 8.64749e-46
25 6 11 13 12 4.19423e-46
25 11 13 12 6 1.02831e-45
25 12 6 11 13 0.00254111
25 13 12 6 11 0.00314605
25 9 9 12 12 5.20912e-05
25 9 12 12 9 3.62894e-05
25 12 9 9 12 5.79556e-05
25 12 12 9 9 4.03749e-05
25 5 10 13 6 0.00248128
25 6 5 10 13 0.0113679
25 10 13 6 5 1.37798e-45
25 13 6 5 10 0.00238054
25 4 10 7 10 0.00286696
25 7 10 4 10 0.00232963
25 10 4 10 7 0.00252463
25 10 7 10 4 0.00782396
25 6 8 13 13 0.00927302
25 8 13 13 6 1.65852e-45
25 13 6 8 13 0.00471348
25 13 13 6 8 1.28082e-45
25 4 12 6 6 0.00421828
25 6 4 12 6 0.00638605
25 6 6 4 12 0.00243051
25 12 6 6 4 0.00796809
25 5 9 13 11 0.00274415
25 9 13 11 5 9.48625e-46
25 11 5 9 13 0.00713303
25 13 11 5 9 3.70833e-46
25 4 4 7 9 3.13312e-05
25 4 7 9 4 7.42902e-05
25 7 9 4 4 0.000151616
25 9 4 4 7 3.14495e-05
25 6 11 8 8 1.17323e-45
25 8 6 11 8 0.00428991
25 8 8 6 11 0.00635505
25 11 8 8 6 0.00971289
25 4 11 4 11 6.17391e-46
25 11 4 11 4 0.0134677
25 5 6 6 9 0.00305411
25 6 6 9 5 0.0167468
25 6 9 5 6 0.0273513
25 9 5 6 6 0.021296
25 8 9 11 11 0.00855309
25 9 11 11 8 6.17595e-46
25 11 8 9 11 0.00520287
25 11 11 8 9 7.97422e-46
25 4 11 13 12 2.06668e-46
25 11 13 12 4 1.54777e-45
25 12 4 11 13 0.00267562
25 13 12 4 11 0.00259232
25 5 11 9 9 2.05341e-46
25 9 5 11 9 0.00439068
25 9 9 5 11 0.00453219
25 11 9 9 5 0.0163089
25 5 12 8 9 0.00107725
25 8 9 5 12 0.00308885
25 9 5 12 8 0.00464186
25 12 8 9 5 0.00591223
25 8 9 10 13 0.0122295
25 9 10 13 8 0.00419389
25 10 13 8 9 6.20703e-46
25 13 8 9 10 0.00442709
25 4 9 6 6 0.0104386
25 6 4 9 6 0.00687065
25 6 6 4 9 0.00419005
25 9 6 6 4 0.00770528
25 4 4 9 13 0.00222161
25 4 9 13 4 0.0120182
25 9 13 4 4 1.29797e-45
25 13 4 4 9 0.00277642
25 4 8 4 12 0.00170298
25 4 12 4 8 0.00266355
25 8 4 12 4 0.00784689
25 12 4 8 4 0.00737083
25 5 7 8 12 0.00104438
25 7 8 12 5 0.00558317
25 8 12 5 7 0.00279283
25 12 5 7 8 0.00876052
25 5 13 7 7 2.53832e-46
25 7 5 13 7 0.00319651
25 7 7 5 13 0.00184512
25 13 7 7 5 0.00723858
25 7 9 9 9 0.0053473
25 9 7 9 9 0.00343742
25 9 9 7 9 0.00863339
25 9 9 9 7 0.00660551
25 8 10 8 13 0.00580228
25 8 13 8 10 9.80578e-46
25 10 8 13 8 0.00499686
25 13 8 10 8 0.00651822
25 4 11 7 12 2.56509e-48
25 7 12 4 11 1.90035e-05
25 11 7 12 4 9.29121e-05
25 12 4 11 7 2.30806e-05
25 4 7 11 13 0.00277905
25 7 11 13 4 9.45304e-46
25 11 13 4 7 7.57166e-46
25 13 4 7 11 0.00351725
25 10 12 12 13 0.00355779
25 12 12 13 10 0.00403818
25 12 13 10 12 5.28533e-46
25 13 10 12 12 0.00241755
25 5 10 7 12 0.00100516
25 7 12 5 10 0.00165305
25 10 7 12 5 0.0055513
25 12 5 10 7 0.00574418
25 5 7 12 11 0.00121889
25 7 12 11 5 0.00346177
25 11 5 7 12 0.00451119
25 12 11 5 7 3.35817e-46
25 4 10 12 6 0.00312442
25 6 4 10 12 0.00250357
25 10 12 6 4 0.0065508
25 12 6 4 10 0.00247395
25 6 10 9 11 0.00526405
25 9 11 6 10 7.13153e-46
25 10 9 11 6 0.0104097
25 11 6 10 9 0.004492
25 8 8 13 11 0.00500592
25 8 13 11 8 9.03129e-46
25 11 8 8 13 0.00656365
25 13 11 8 8 7.6032e-46
25 8 13 11 9 8.06319e-46
25 9 8 13 11 0.00422349
25 11 9 8 13 0.0131565
25 13 11 9 8 7.59794e-46
25 4 6 11 11 0.00152558
25 6 11 11 4 1.48343e-45
25 11 4 6 11 0.00369617
25 11 11 4 6 9.2076e-46
25 4 6 5 12 0.00177925
25 5 12 4 6 0.00401702
25 6 5 12 4 0.0360068
25 12 4 6 5 0.013564
25 4 9 13 12 0.00295182
25 9 13 12 4 1.19738e-45
25 12 4 9 13 0.00299141
25 13 12 4 9 0.00282914
25 4 12 5 10 0.00167558
25 5 10 4 12 0.0008279
25 10 4 12 5 0.00452004
25 12 5 10 4 0.0144945
25 4 9 11 9 0.00460938
25 9 4 9 11 0.00243835
25 9 11 9 4 1.10955e-45
25 11 9 4 9 0.0087394
25 4 6 4 7 0.00190489
25 4 7 4 6 0.00412972
25 6 4 7 4 0.0124705
25 7 4 6 4 0.00605965
25 9 11 13 10 5.8194e-46
25 10 9 11 13 0.00728731
25 11 13 10 9 9.79652e-46
25 13 10 9 11 0.00353397
25 4 13 9 6 6.18179e-46
25 6 4 13 9 0.00385174
25 9 6 4 13 0.00260328
25 13 9 6 4 0.0188715
26 4 9 5 12 5.94498e-49
26 5 12 4 9 5.35552e-49
26 9 5 12 4 4.97805e-48
26 12 4 9 5 5.50758e-48
26 4 7 6 6 3.87272e-48
26 6 4 7 6 1.11186e-47
26 6 6 4 7 6.81381e-48
26 7 6 6 4 7.22685e-48
26 8 13 11 12 0.0258324
26 11 12 8 13 8.09426e-48
26 12 8 13 11 6.64148e-48
26 13 11 12 8 2.18169e-48
26 5 6 12 6 7.75685e-51
26 6 5 6 12 7.96053e-50
26 6 12 6 5 1.38688e-49
26 12 6 5 6 4.20178e-50
26 4 7 9 7 2.01522e-48
26 7 4 7 9 2.67687e-48
26 7 9 7 4 5.25644e-48
26 9 7 4 7 3.59203e-48
26 4 6 6 11 2.67752e-48
26 6 6 11 4 1.97953e-47
26 6 11 4 6 9.34147e-48
26 11 4 6 6 5.90476e-48
26 7 10 9 10 4.47982e-48
26 9 10 7 10 6.09362e-48
26 10 7 10 9 4.43191e-48
26 10 9 10 7 3.12803e-48
26 12 12 13 13 8.10035e-50
26 12 13 13 12 0.000447092
26 13 12 12 13 2.91704e-50
26 13 13 12 12 0.000161003
26 4 13 13 12 0.0126937
26 12 4 13 13 5.66981e-48
26 13 12 4 13 2.72756e-48
26 13 13 12 4 0.0327884
26 4 12 10 12 9.17985e-49
26 10 12 4 12 1.45683e-48
26 12 4 12 10 2.64553e-48
26 12 10 12 4 5.36616e-48
26 7 9 8 10 6.46832e-48
26 8 10 7 9 4.30494e-48
26 9 8 10 7 4.96148e-48
26 10 7 9 8 6.47831e-48
26 6 9 10 13 1.11404e-47
26 9 10 13 6 7.29721e-48
26 10 13 6 9 0.0460248
26 13 6 9 10 3.72991e-48
26 4 6 4 12 1.02137e-48
26 4 12 4 6 1.90711e-48
26 6 4 12 4 8.56601e-48
26 12 4 6 4 8.98032e-48
26 4 4 4 13 1.71382e-48
26 4 4 13 4 2.97341e-48
26 4 13 4 4 0.027522
26 13 4 4 4 3.52644e-48
26 5 12 11 12 5.12928e-49
26 11 12 5 12 1.23186e-48
26 12 5 12 11 3.55637e-48
26 12 11 12 5 3.68521e-48
26 5 6 10 12 6.49021e-49
26 6 10 12 5 1.07834e-47
26 10 12 5 6 3.16323e-48
26 12 5 6 10 9.30771e-48
26 7 11 13 12 1.63149e-48
26 11 13 12 7 0.0196015
26 12 7 11 13 7.65957e-48
26 13 12 7 11 2.48258e-48
26 7 8 11 10 5.16688e-48
26 8 11 10 7 2.72107e-48
26 10 7 8 11 8.22288e-48
26 11 10 7 8 6.1558e-48
26 4 9 4 12 7.66439e-49
26 4 12 4 9 1.13562e-48
26 9 4 12 4 3.47351e-48
26 12 4 9 4 6.41792e-48
26 6 8 11 11 1.68285e-47
26 8 11 11 6 6.21621e-48
26 11 6 8 11 9.68007e-48
26 11 11 6 8 7.13517e-48
26 4 10 8 8 4.02834e-48
26 8 4 10 8 3.12404e-48
26 8 8 4 10 3.18095e-48
26 10 8 8 4 1.114e-47
26 9 9 13 13 5.10837e-48
26 9 13 13 9 0.0417765
26 13 9 9 13 3.39896e-48
26 13 13 9 9 0.0277969
26 6 11 13 12 4.15211e-48
26 11 13 12 6 0.0277007
26 12 6 11 13 6.06247e-48
26 13 12 6 11 2.63549e-48
26 9 9 12 12 1.4474e-50
26 9 12 12 9 2.1446e-50
26 12 9 9 12 2.67434e-50
26 12 12 9 9 3.96254e-50
26 5 10 13 6 1.64064e-48
26 6 5 10 13 1.58387e-47
26 10 13 6 5 0.0769398
26 13 6 5 10 2.45855e-48
26 4 10 7 10 3.1146e-48
26 7 10 4 10 4.08135e-48
26 10 4 10 7 3.32687e-48
26 10 7 10 4 9.25591e-48
26 6 8 13 13 1.5731e-47
26 8 13 13 6 0.0539226
26 13 6 8 13 7.34975e-48
26 13 13 6 8 0.0502727
26 4 12 6 6 2.49336e-48
26 6 4 12 6 5.86336e-48
26 6 6 4 12 4.1949e-48
26 12 6 6 4 9.57826e-48
26 5 9 13 11 8.16418e-49
26 9 13 11 5 0.0673402
26 11 5 9 13 5.73674e-48
26 13 11 5 9 1.40351e-48
26 4 4 7 9 2.00645e-50
26 4 7 9 4 5.03281e-50
26 7 9 4 4 5.1629e-50
26 9 4 4 7 3.22437e-50
26 6 11 8 8 2.01214e-47
26 8 6 11 8 5.99964e-48
26 8 8 6 11 5.92829e-48
26 11 8 8 6 1.26326e-47
26 4 11 4 11 3.25435e-48
26 11 4 11 4 1.52083e-47
26 5 6 6 9 2.06705e-48
26 6 6 9 5 2.70873e-47
26 6 9 5 6 1.34593e-47
26 9 5 6 6 1.64721e-47
26 8 9 11 11 4.49038e-48
26 9 11 11 8 6.6549e-48
26 11 8 9 11 5.97629e-48
26 11 11 8 9 6.84392e-48
26 4 11 13 12 9.62659e-49
26 11 13 12 4 0.038536
26 12 4 11 13 5.41249e-48
26 13 12 4 11 1.91953e-48
26 5 11 9 9 6.92688e-49
26 9 5 11 9 5.10267e-48
26 9 9 5 11 2.30432e-48
26 11 9 9 5 4.91493e-48
26 5 12 8 9 8.82903e-49
26 8 9 5 12 8.27472e-49
26 9 5 12 8 2.85169e-48
26 12 8 9 5 5.9854e-48
26 8 9 10 13 3.81394e-48
26 9 10 13 8 6.1694e-48
26 10 13 8 9 0.058628
26 13 8 9 10 3.83925e-48
26 4 9 6 6 2.58826e-48
26 6 4 9 6 9.49203e-48
26 6 6 4 9 6.45209e-48
26 9 6 6 4 8.39216e-48
26 4 4 9 13 1.8304e-48
26 4 9 13 4 2.72028e-48
26 9 13 4 4 0.0523933
26 13 4 4 9 1.64297e-48
26 4 8 4 12 1.11685e-48
26 4 12 4 8 1.71287e-48
26 8 4 12 4 3.11542e-48
26 12 4 8 4 1.21525e-47
26 5 7 8 12 1.22526e-48
26 7 8 12 5 3.83359e-48
26 8 12 5 7 1.77936e-48
26 12 5 7 8 8.48167e-48
26 5 13 7 7 0.00742162
26 7 5 13 7 3.19301e-48
26 7 7 5 13 2.77125e-48
26 13 7 7 5 4.81435e-48
26 7 9 9 9 2.24669e-48
26 9 7 9 9 3.90371e-48
26 9 9 7 9 3.05603e-48
26 9 9 9 7 2.75523e-48
26 8 10 8 13 9.59055e-48
26 8 13 8 10 0.075929
26 10 8 13 8 6.5806e-48
26 13 8 10 8 4.91783e-48
26 4 11 7 12 1.11465e-50
26 7 12 4 11 2.45574e-50
26 11 7 12 4 5.27479e-50
26 12 4 11 7 4.2763e-50
26 4 7 11 13 3.84826e-48
26 7 11 13 4 5.87948e-48
26 11 13 4 7 0.0324334
26 13 4 7 11 3.07495e-48
26 10 12 12 13 2.92215e-48
26 12 12 13 10 5.64694e-48
26 12 13 10 12 0.0334708
26 13 10 12 12 1.41769e-48
26 5 10 7 12 7.21461e-49
26 7 12 5 10 2.23045e-48
26 10 7 12 5 4.56072e-48
26 12 5 10 7 5.68126e-48
26 5 7 12 11 7.2132e-49
26 7 12 11 5 4.94197e-48
26 11 5 7 12 3.16081e-48
26 12 11 5 7 2.43037e-48
26 4 10 12 6 1.6347e-48
26 6 4 10 12 4.13672e-48
26 10 12 6 4 6.08023e-48
26 12 6 4 10 4.13579e-48
26 6 10 9 11 1.29588e-47
26 9 11 6 10 6.27309e-48
26 10 9 11 6 6.34662e-48
26 11 6 10 9 4.63373e-48
26 8 8 13 11 4.61219e-48
26 8 13 11 8 0.0529593
26 11 8 8 13 1.08199e-47
26 13 11 8 8 5.91e-48
26 8 13 11 9 0.0398802
26 9 8 13 11 5.8407e-48
26 11 9 8 13 8.4336e-48
26 13 11 9 8 3.54503e-48
26 4 6 11 11 2.56502e-48
26 6 11 11 4 1.70929e-47
26 11 4 6 11 4.59096e-48
26 11 11 4 6 4.1595e-48
26 4 6 5 12 1.52648e-48
26 5 12 4 6 1.73292e-48
26 6 5 12 4 2.3654e-47
26 12 4 6 5 1.48489e-47
26 4 9 13 12 8.41148e-49
26 9 13 12 4 0.0352848
26 12 4 9 13 4.05975e-48
26 13 12 4 9 1.47812e-48
26 4 12 5 10 1.34491e-48
26 5 10 4 12 5.70054e-49
26 10 4 12 5 3.29336e-48
26 12 5 10 4 1.14139e-47
26 4 9 11 9 1.71721e-48
26 9 4 9 11 3.48056e-48
26 9 11 9 4 6.02322e-48
26 11 9 4 9 2.50739e-48
26 4 6 4 7 1.54332e-48
26 4 7 4 6 2.75557e-48
26 6 4 7 4 1.51107e-47
26 7 4 6 4 6.30315e-48
26 9 11 13 10 5.05581e-48
26 10 9 11 13 5.63123e-48
26 11 13 10 9 0.0423719
26 13 10 9 11 3.94298e-48
26 4 13 9 6 0.0198713
26 6 4 13 9 5.61937e-48
26 9 6 4 13 3.43681e-48
26 13 9 6 4 4.16584e-48
27 12 12 13 13 1
28 4 9 5 12 0.039007
28 5 12 4 9 7.53699e-48
28 9 5 12 4 9.5234e-49
28 12 4 9 5 2.56483e-48
28 4 7 6 6 3.46068e-48
28 6 4 7 6 3.24651e-48
28 6 6 4 7 1.39593e-48
28 7 6 6 4 5.5e-49
28 8 13 11 12 0.0409086
28 11 12 8 13 1.22873e-47
28 12 8 13 11 5.7332e-48
28 13 11 12 8 8.04424e-48
28 5 6 12 6 2.90555e-51
28 6 5 6 12 0.000261357
28 6 12 6 5 1.58482e-49
28 12 6 5 6 7.78985e-51
28 4 7 9 7 2.62497e-48
28 7 4 7 9 1.52339e-48
28 7 9 7 4 6.09568e-48
28 9 7 4 7 1.21256e-47
28 4 6 6 11 3.91361e-49
28 6 6 11 4 8.38701e-49
28 6 11 4 6 1.80746e-47
28 11 4 6 6 3.5718e-48
28 7 10 9 10 1.02752e-48
28 9 10 7 10 2.33622e-48
28 10 7 10 9 6.66892e-48
28 10 9 10 7 1.72094e-47
28 12 12 13 13 1.59796e-49
28 12 13 13 12 0.00044196
28 13 12 12 13 7.51466e-50
28 13 13 12 12 0.000207838
28 4 13 13 12 0.0135868
28 12 4 13 13 3.52209e-48
28 13 12 4 13 1.50652e-47
28 13 13 12 4 1.45611e-48
28 4 12 10 12 0.0375852
28 10 12 4 12 0.0829275
28 12 4 12 10 1.27926e-48
28 12 10 12 4 5.31707e-49
28 7 9 8 10 1.34026e-47
28 8 10 7 9 2.19718e-48
28 9 8 10 7 1.1173e-47
28 10 7 9 8 6.41116e-48
28 6 9 10 13 1.85152e-47
28 9 10 13 6 2.79615e-48
28 10 13 6 9 3.27713e-48
28 13 6 9 10 1.01998e-48
28 4 6 4 12 0.00375251
28 4 12 4 6 5.22285e-48
28 6 4 12 4 1.28821e-48
28 12 4 6 4 3.06736e-48
28 4 4 4 13 1.5246e-48
28 4 4 13 4 1.24427e-48
28 4 13 4 4 1.34031e-48
28 13 4 4 4 3.81583e-48
28 5 12 11 12 0.0614839
28 11 12 5 12 0.0673308
28 12 5 12 11 7.69081e-49
28 12 11 12 5 5.65023e-48
28 5 6 10 12 0.00779265
28 6 10 12 5 1.12565e-48
28 10 12 5 6 9.83831e-48
28 12 5 6 10 3.38029e-48
28 7 11 13 12 0.0688641
28 11 13 12 7 1.30019e-48
28 12 7 11 13 5.61444e-48
28 13 12 7 11 8.57957e-48
28 7 8 11 10 3.88143e-48
28 8 11 10 7 2.51414e-47
28 10 7 8 11 6.96567e-48
28 11 10 7 8 1.63869e-48
28 4 9 4 12 0.0493378
28 4 12 4 9 3.91925e-48
28 9 4 12 4 1.26769e-48
28 12 4 9 4 1.78965e-48
28 6 8 11 11 6.97365e-48
28 8 11 11 6 2.30948e-47
28 11 6 8 11 1.13772e-48
28 11 11 6 8 2.02364e-47
28 4 10 8 8 8.99945e-49
28 8 4 10 8 5.11081e-48
28 8 8 4 10 8.96127e-48
28 10 8 8 4 4.53921e-48
28 9 9 13 13 1.94389e-47
28 9 13 13 9 4.27083e-48
28 13 9 9 13 1.29054e-47
28 13 13 9 9 2.83537e-48
28 6 11 13 12 0.113318
28 11 13 12 6 1.02909e-48
28 12 6 11 13 6.54483e-49
28 13 12 6 11 1.04729e-47
28 9 9 12 12 0.000614417
28 9 12 12 9 4.88075e-50
28 12 9 9 12 0.000867397
28 12 12 9 9 6.89035e-50
28 5 10 13 6 1.81318e-48
28 6 5 10 13 3.44846e-48
28 10 13 6 5 4.65921e-48
28 13 6 5 10 1.25609e-48
28 4 10 7 10 8.44568e-49
28 7 10 4 10 1.71589e-48
28 10 4 10 7 4.57424e-48
28 10 7 10 4 7.09285e-48
28 6 8 13 13 7.95681e-48
28 8 13 13 6 6.01535e-48
28 13 6 8 13 1.49454e-48
28 13 13 6 8 6.06836e-48
28 4 12 6 6 4.5631e-48
28 6 4 12 6 1.37399e-48
28 6 6 4 12 0.00897906
28 12 6 6 4 7.47151e-49
28 5 9 13 11 9.64695e-48
28 9 13 11 5 4.45536e-48
28 11 5 9 13 1.53189e-48
28 13 11 5 9 1.17059e-47
28 4 4 7 9 1.26725e-50
28 4 7 9 4 2.35629e-50
28 7 9 4 4 1.03021e-49
28 9 4 4 7 7.01949e-50
28 6 11 8 8 2.42654e-47
28 8 6 11 8 1.60932e-48
28 8 8 6 11 9.52172e-48
28 11 8 8 6 7.55592e-48
28 4 11 4 11 1.20033e-47
28 11 4 11 4 5.08334e-48
28 5 6 6 9 1.398e-48
28 6 6 9 5 1.81729e-48
28 6 9 5 6 2.75799e-47
28 9 5 6 6 7.03536e-48
28 8 9 11 11 1.9251e-47
28 9 11 11 8 2.189e-47
28 11 8 9 11 4.23064e-48
28 11 11 8 9 1.53915e-47
28 4 11 13 12 0.0450954
28 11 13 12 4 9.18755e-49
28 12 4 11 13 2.55857e-48
28 13 12 4 11 1.14145e-47
28 5 11 9 9 6.44954e-48
28 9 5 11 9 2.36473e-48
28 9 9 5 11 1.27263e-47
28 11 9 9 5 1.0409e-47
28 5 12 8 9 6.361e-48
28 8 9 5 12 0.10556
28 9 5 12 8 1.03496e-48
28 12 8 9 5 3.59772e-48
28 8 9 10 13 2.11536e-47
28 9 10 13 8 2.87811e-48
28 10 13 8 9 3.198e-48
28 13 8 9 10 5.93377e-48
28 4 9 6 6 5.96846e-48
28 6 4 9 6 2.60179e-48
28 6 6 4 9 9.32945e-49
28 9 6 6 4 1.00217e-48
28 4 4 9 13 8.88338e-49
28 4 9 13 4 4.55494e-48
28 9 13 4 4 3.6075e-48
28 13 4 4 9 3.49098e-48
28 4 8 4 12 0.0231911
28 4 12 4 8 5.71108e-48
28 8 4 12 4 1.56354e-48
28 12 4 8 4 3.1799e-48
28 5 7 8 12 0.0638066
28 7 8 12 5 1.92201e-48
28 8 12 5 7 1.72422e-47
28 12 5 7 8 2.50545e-48
28 5 13 7 7 2.38305e-48
28 7 5 13 7 1.75582e-48
28 7 7 5 13 3.5108e-48
28 13 7 7 5 7.83996e-48
28 7 9 9 9 4.80268e-48
28 9 7 9 9 5.07416e-48
28 9 9 7 9 1.09196e-47
28 9 9 9 7 1.3094e-47
28 8 10 8 13 3.5295e-48
28 8 13 8 10 7.46537e-48
28 10 8 13 8 7.51308e-48
28 13 8 10 8 1.04427e-47
28 4 11 7 12 0.000401338
28 7 12 4 11 6.73001e-50
28 11 7 12 4 2.21609e-50
28 12 4 11 7 3.49892e-50
28 4 7 11 13 3.05428e-48
28 7 11 13 4 8.53747e-48
28 11 13 4 7 4.61256e-48
28 13 4 7 11 3.34632e-48
28 10 12 12 13 4.29001e-48
28 12 12 13 10 1.40576e-47
28 12 13 10 12 0.0350691
28 13 10 12 12 0.00864432
28 5 10 7 12 0.0114325
28 7 12 5 10 7.30274e-48
28 10 7 12 5 3.39678e-48
28 12 5 10 7 3.39394e-48
28 5 7 12 11 2.0374e-48
28 7 12 11 5 7.52025e-48
28 11 5 7 12 0.0162599
28 12 11 5 7 1.35662e-47
28 4 10 12 6 2.73286e-49
28 6 4 10 12 0.0310725
28 10 12 6 4 7.95675e-48
28 12 6 4 10 9.79235e-49
28 6 10 9 11 1.63962e-48
28 9 11 6 10 2.56233e-47
28 10 9 11 6 1.40403e-47
28 11 6 10 9 9.67422e-49
28 8 8 13 11 8.38177e-48
28 8 13 11 8 5.47348e-48
28 11 8 8 13 6.67586e-48
28 13 11 8 8 2.39182e-47
28 8 13 11 9 4.26632e-48
28 9 8 13 11 7.71873e-48
28 11 9 8 13 1.61313e-47
28 13 11 9 8 1.52893e-47
28 4 6 11 11 3.2281e-49
28 6 11 11 4 1.22122e-47
28 11 4 6 11 3.08419e-48
28 11 11 4 6 1.44999e-47
28 4 6 5 12 0.00571638
28 5 12 4 6 1.93526e-47
28 6 5 12 4 1.86467e-48
28 12 4 6 5 8.47016e-48
28 4 9 13 12 0.0409411
28 9 13 12 4 1.13314e-48
28 12 4 9 13 1.81966e-48
28 13 12 4 9 9.97376e-48
28 4 12 5 10 4.88695e-48
28 5 10 4 12 0.0155435
28 10 4 12 5 1.58187e-48
28 12 5 10 4 2.45082e-48
28 4 9 11 9 4.2966e-48
28 9 4 9 11 2.57128e-48
28 9 11 9 4 9.90222e-48
28 11 9 4 9 1.14449e-47
28 4 6 4 7 5.427e-49
28 4 7 4 6 3.68479e-48
28 6 4 7 4 2.83156e-48
28 7 4 6 4 2.1005e-48
28 9 11 13 10 2.33661e-47
28 10 9 11 13 1.28507e-47
28 11 13 10 9 3.40853e-48
28 13 10 9 11 1.67422e-48
28 4 13 9 6 8.22664e-49
28 6 4 13 9 2.69017e-48
28 9 6 4 13 9.87187e-49
28 13 9 6 4 1.20534e-47
29 3 0 3 9 0.0345908
29 1 0 1 11 0.0507082
29 2 0 3 8 0.00973984
29 2 0 3 10 0.035621
29 2 0 1 12 0.0470687
29 1 0 1 9 0.104646
29 3 0 3 8 0.0134521
29 1 0 1 7 0.0436161
29 2 0 1 4 0.0191925
29 1 0 3 12 0.0423195
29 2 0 1 11 0.0847754
29 2 0 2 7 0.0201907
29 3 0 3 5 0.0165251
29 3 0 2 9 0.0198443
29 1 0 2 11 0.0385291
29 3 0 3 13 0.0214569
29 2 0 1 9 0.0428854
29 2 0 2 4 0.0118781
29 3 0 3 6 0.0262405
29 3 0 2 13 0.0250104
29 1 0 2 12 0.137608
29 1 0 3 9 0.0343786
29 3 0 2 11 0.0226483
29 3 0 3 12 0.0223119
29 1 0 3 13 0.0437472
29 2 0 2 11 0.0310153
30 3 9 3 0 0.112767
30 1 11 1 0 0.01967
30 3 8 2 0 0.0401916
30 3 10 2 0 0.0320335
30 1 12 2 0 0.0228534
30 1 9 1 0 0.0724606
30 3 8 3 0 0.119903
30 1 7 1 0 0.0347102
30 1 4 2 0 0.0289654
30 3 12 1 0 0.0244155
30 1 11 2 0 0.0445386
30 2 7 2 0 0.0213832
30 3 5 3 0 0.0556157
30 2 9 3 0 0.0394987
30 2 11 1 0 0.0146854
30 3 13 3 0 0.0227265
30 1 9 2 0 0.0402186
30 2 4 2 0 0.0176144
30 3 6 3 0 0.038031
30 2 13 3 0 0.0161737
30 2 12 1 0 0.0484722
30 3 9 1 0 0.03831
30 2 11 3 0 0.025254
30 3 12 3 0 0.0376582
30 3 13 1 0 0.0158386
30 2 11 2 0 0.0160108
31 4 9 5 12 0.000472461
31 5 12 4 9 0.0156652
31 9 5 12 4 2.91691e-46
31 12 4 9 5 0.0015139
31 4 7 6 6 0.000443902
31 6 4 7 6 7.23693e-05
31 6 6 4 7 0.000726334
31 7 6 6 4 0.00300232
31 8 13 11 12 0.0179007
31 11 12 8 13 0.0039747
31 12 8 13 11 0.00634387
31 13 11 12 8 1.14546e-45
31 5 6 12 6 1.90666e-05
31 6 5 6 12 1.35534e-48
31 6 12 6 5 7.90139e-06
31 12 6 5 6 3.46055e-05
31 4 7 9 7 0.000532533
31 7 4 7 9 0.00313158
31 7 9 7 4 0.000176584
31 9 7 4 7 0.00481665
31 4 6 6 11 0.00459854
31 6 6 11 4 0.000420219
31 6 11 4 6 0.000274867
31 11 4 6 6 0.000589726
31 7 10 9 10 0.000581463
31 9 10 7 10 0.00105625
31 10 7 10 9 0.0226196
31 10 9 10 7 0.00182005
31 12 12 13 13 7.75316e-05
31 12 13 13 12 0.000115758
31 13 12 12 13 7.70896e-48
31 13 13 12 12 1.15098e-47
31 4 13 13 12 0.00306256
31 12 4 13 13 0.00237283
31 13 12 4 13 1.06611e-45
31 13 13 12 4 2.28671e-46
31 4 12 10 12 0.00301848
31 10 12 4 12 0.0198911
31 12 4 12 10 0.000405196
31 12 10 12 4 0.000419524
31 7 9 8 10 0.00043637
31 8 10 7 9 0.00781108
31 9 8 10 7 0.00649204
31 10 7 9 8 0.0120864
31 6 9 10 13 0.00010843
31 9 10 13 6 0.0023943
31 10 13 6 9 0.0331068
31 13 6 9 10 4.10744e-46
31 4 6 4 12 0.00399699
31 4 12 4 6 0.000839449
31 6 4 12 4 7.05559e-05
31 12 4 6 4 0.00099417
31 4 4 4 13 0.000750324
31 4 4 13 4 0.000409331
31 4 13 4 4 0.000727239
31 13 4 4 4 2.12747e-46
31 5 12 11 12 0.0100245
31 11 12 5 12 0.00560111
31 12 5 12 11 5.49011e-46
31 12 11 12 5 0.00245545
31 5 6 10 12 0.017626
31 6 10 12 5 0.0001897
31 10 12 5 6 0.00846999
31 12 5 6 10 2.87477e-46
31 7 11 13 12 0.00727956
31 11 13 12 7 0.00096439
31 12 7 11 13 0.00226503
31 13 12 7 11 9.90478e-46
31 7 8 11 10 0.00120329
31 8 11 10 7 0.0095098
31 10 7 8 11 0.0181666
31 11 10 7 8 0.00146817
31 4 9 4 12 0.000377332
31 4 12 4 9 0.00434402
31 9 4 12 4 0.000996422
31 12 4 9 4 0.000575859
31 6 8 11 11 0.000935035
31 8 11 11 6 0.00593654
31 11 6 8 11 0.0122148
31 11 11 6 8 0.00736552
31 4 10 8 8 0.00181703
31 8 4 10 8 0.0105461
31 8 8 4 10 0.00233625
31 10 8 8 4 0.00392645
31 9 9 13 13 0.00169958
31 9 13 13 9 0.0292135
31 13 9 9 13 9.76635e-47
31 13 13 9 9 1.6787e-45
31 6 11 13 12 0.000895773
31 11 13 12 6 0.000479131
31 12 6 11 13 0.00496339
31 13 12 6 11 1.63586e-45
31 9 9 12 12 1.32266e-05
31 9 12 12 9 0.00015227
31 12 9 9 12 7.64399e-06
31 12 12 9 9 8.80011e-05
31 5 10 13 6 0.00149944
31 6 5 10 13 1.01326e-46
31 10 13 6 5 0.0156666
31 13 6 5 10 8.07831e-46
31 4 10 7 10 0.000196658
31 7 10 4 10 0.000979186
31 10 4 10 7 0.00622886
31 10 7 10 4 0.00436514
31 6 8 13 13 0.000463914
31 8 13 13 6 0.00573218
31 13 6 8 13 1.95736e-45
31 13 13 6 8 2.29703e-45
31 4 12 6 6 0.000732573
31 6 4 12 6 6.0142e-05
31 6 6 4 12 0.001294
31 12 6 6 4 0.00261938
31 5 9 13 11 0.00180003
31 9 13 11 5 0.0105563
31 11 5 9 13 2.15774e-46
31 13 11 5 9 2.86901e-45
31 4 4 7 9 1.43982e-05
31 4 7 9 4 3.75455e-06
31 7 9 4 4 4.0425e-06
31 9 4 4 7 4.84582e-05
31 6 11 8 8 0.0019903
31 8 6 11 8 0.0388884
31 8 8 6 11 0.0143407
31 11 8 8 6 0.00114388
31 4 11 4 11 0.00657453
31 11 4 11 4 0.00128899
31 5 6 6 9 0.043591
31 6 6 9 5 0.00135098
31 6 9 5 6 0.000102432
31 9 5 6 6 1.18661e-45
31 8 9 11 11 0.00371862
31 9 11 11 8 0.0256366
31 11 8 9 11 0.00251169
31 11 11 8 9 0.0108881
31 4 11 13 12 0.00263475
31 11 13 12 4 0.000535244
31 12 4 11 13 0.00179384
31 13 12 4 11 1.78498e-45
31 5 11 9 9 0.009296
31 9 5 11 9 3.37593e-45
31 9 9 5 11 0.00330545
31 11 9 9 5 0.000304154
31 5 12 8 9 0.0162912
31 8 9 5 12 0.002385
31 9 5 12 8 1.1089e-45
31 12 8 9 5 0.00157837
31 8 9 10 13 0.00170798
31 9 10 13 8 0.0107873
31 10 13 8 9 0.0398556
31 13 8 9 10 1.64193e-46
31 4 9 6 6 0.000103332
31 6 4 9 6 7.79045e-05
31 6 6 4 9 0.00210129
31 9 6 6 4 0.00587097
31 4 4 9 13 0.00043354
31 4 9 13 4 0.000116378
31 9 13 4 4 0.00380063
31 13 4 4 9 1.07269e-45
31 4 8 4 12 0.00169738
31 4 12 4 8 0.00401782
31 8 4 12 4 0.00118067
31 12 4 8 4 0.00127144
31 5 7 8 12 0.00835414
31 7 8 12 5 0.00191931
31 8 12 5 7 0.0130428
31 12 5 7 8 8.18127e-46
31 5 13 7 7 0.00227904
31 7 5 13 7 5.1849e-46
31 7 7 5 13 0.00284883
31 13 7 7 5 3.40616e-46
31 7 9 9 9 0.00102995
31 9 7 9 9 0.00865211
31 9 9 7 9 0.00187094
31 9 9 9 7 0.000696176
31 8 10 8 13 0.00669723
31 8 13 8 10 0.00626949
31 10 8 13 8 0.0217347
31 13 8 10 8 1.71424e-45
31 4 11 7 12 1.46944e-05
31 7 12 4 11 9.53697e-05
31 11 7 12 4 3.82332e-06
31 12 4 11 7 1.77219e-05
31 4 7 11 13 0.00106041
31 7 11 13 4 0.00255927
31 11 13 4 7 0.00236008
31 13 4 7 11 5.36415e-46
31 10 12 12 13 0.00745515
31 12 12 13 10 0.00260597
31 12 13 10 12 0.00882944
31 13 10 12 12 4.1326e-46
31 5 10 7 12 0.00261422
31 7 12 5 10 0.00283373
31 10 7 12 5 0.00490893
31 12 5 10 7 6.1873e-46
31 5 7 12 11 0.00346587
31 7 12 11 5 0.00615394
31 11 5 7 12 3.41161e-46
31 12 11 5 7 0.00447039
31 4 10 12 6 0.000148303
31 6 4 10 12 0.000468807
31 10 12 6 4 0.00540596
31 12 6 4 10 0.00231433
31 6 10 9 11 0.000401297
31 9 11 6 10 0.0047063
31 10 9 11 6 0.00100909
31 11 6 10 9 0.0135077
31 8 8 13 11 0.0148887
31 8 13 11 8 0.023759
31 11 8 8 13 0.0022287
31 13 11 8 8 2.89501e-45
31 8 13 11 9 0.0291765
31 9 8 13 11 0.0142718
31 11 9 8 13 0.000562731
31 13 11 9 8 1.48928e-45
31 4 6 11 11 0.00465559
31 6 11 11 4 0.000284898
31 11 4 6 11 0.00248146
31 11 11 4 6 0.00120711
31 4 6 5 12 0.00964299
31 5 12 4 6 0.00583275
31 6 5 12 4 3.9797e-47
31 12 4 6 5 0.0050359
31 4 9 13 12 0.000368871
31 9 13 12 4 0.0017306
31 12 4 9 13 0.00103191
31 13 12 4 9 2.20715e-45
31 4 12 5 10 0.00104811
31 5 10 4 12 0.0048144
31 10 4 12 5 0.00397292
31 12 5 10 4 3.50924e-46
31 4 9 11 9 0.00062963
31 9 4 9 11 0.00538428
31 9 11 9 4 0.0026815
31 11 9 4 9 0.00101321
31 4 6 4 7 0.00208708
31 4 7 4 6 0.00047319
31 6 4 7 4 7.89794e-05
31 7 4 6 4 0.00106004
31 9 11 13 10 0.00506171
31 10 9 11 13 0.00203673
31 11 13 10 9 0.00854907
31 13 10 9 11 6.04683e-46
31 4 13 9 6 0.000353753
31 6 4 13 9 0.00065991
31 9 6 4 13 0.0102039
31 13 9 6 4 5.21334e-47
32 4 9 5 12 0.00639327
32 5 12 4 9 1.33969e-48
32 9 5 12 4 5.24461e-48
32 12 4 9 5 4.90869e-48
32 4 7 6 6 0.0336335
32 6 4 7 6 5.52352e-48
32 6 6 4 7 6.23393e-48
32 7 6 6 4 5.57393e-48
32 8 13 11 12 3.98176e-48
32 11 12 8 13 4.0088e-48
32 12 8 13 11 2.09273e-48
32 13 11 12 8 7.70357e-48
32 5 6 12 6 6.73743e-50
32 6 5 6 12 9.92812e-50
32 6 12 6 5 1.90597e-50
32 12 6 5 6 2.43705e-50
32 4 7 9 7 0.0407447
32 7 4 7 9 6.42885e-48
32 7 9 7 4 1.11902e-48
32 9 7 4 7 2.68781e-48
32 4 6 6 11 0.0447672
32 6 6 11 4 3.33662e-48
32 6 11 4 6 3.2289e-48
32 11 4 6 6 1.03779e-47
32 7 10 9 10 7.19285e-48
32 9 10 7 10 3.35456e-48
32 10 7 10 9 2.08745e-48
32 10 9 10 7 2.825e-48
32 12 12 13 13 3.07008e-50
32 12 13 13 12 3.12777e-50
32 13 12 12 13 5.03984e-50
32 13 13 12 12 5.13453e-50
32 4 13 13 12 0.0218724
32 12 4 13 13 9.69702e-48
32 13 12 4 13 2.29574e-48
32 13 13 12 4 3.28474e-48
32 4 12 10 12 0.00557056
32 10 12 4 12 8.17982e-49
32 12 4 12 10 5.9298e-48
32 12 10 12 4 2.84891e-48
32 7 9 8 10 3.76627e-48
32 8 10 7 9 5.31281e-48
32 9 8 10 7 4.71346e-48
32 10 7 9 8 5.88064e-48
32 6 9 10 13 2.96235e-48
32 9 10 13 6 4.12913e-48
32 10 13 6 9 8.92082e-48
32 13 6 9 10 5.74549e-48
32 4 6 4 12 0.0212405
32 4 12 4 6 0.0104317
32 6 4 12 4 5.29794e-48
32 12 4 6 4 5.97009e-48
32 4 4 4 13 0.0832506
32 4 4 13 4 0.0298894
32 4 13 4 4 0.0171784
32 13 4 4 4 3.19615e-48
32 5 12 11 12 1.26642e-48
32 11 12 5 12 5.21432e-49
32 12 5 12 11 5.72977e-48
32 12 11 12 5 2.79461e-48
32 5 6 10 12 3.04667e-48
32 6 10 12 5 5.34049e-48
32 10 12 5 6 1.22008e-48
32 12 5 6 10 1.32154e-47
32 7 11 13 12 2.35076e-48
32 11 13 12 7 6.82062e-48
32 12 7 11 13 3.7349e-48
32 13 12 7 11 6.99506e-49
32 7 8 11 10 4.91284e-48
32 8 11 10 7 5.30969e-48
32 10 7 8 11 2.69587e-48
32 11 10 7 8 5.39184e-48
32 4 9 4 12 0.00802607
32 4 12 4 9 0.00933925
32 9 4 12 4 3.97559e-48
32 12 4 9 4 3.92572e-48
32 6 8 11 11 3.88592e-48
32 8 11 11 6 6.4125e-48
32 11 6 8 11 5.2714e-48
32 11 11 6 8 1.11771e-47
32 4 10 8 8 0.0825161
32 8 4 10 8 7.39859e-48
32 8 8 4 10 2.84909e-48
32 10 8 8 4 3.44873e-48
32 9 9 13 13 2.93755e-48
32 9 13 13 9 3.4824e-48
32 13 9 9 13 4.76177e-48
32 13 13 9 9 5.64497e-48
32 6 11 13 12 1.8606e-48
32 11 13 12 6 3.80949e-48
32 12 6 11 13 6.68873e-48
32 13 12 6 11 1.35475e-48
32 9 9 12 12 1.4966e-50
32 9 12 12 9 1.74147e-50
32 12 9 9 12 1.47783e-50
32 12 12 9 9 1.71962e-50
32 5 10 13 6 5.87055e-48
32 6 5 10 13 1.36609e-47
32 10 13 6 5 6.78712e-48
32 13 6 5 10 2.99227e-48
32 4 10 7 10 0.035645
32 7 10 4 10 5.04185e-48
32 10 4 10 7 1.05873e-47
32 10 7 10 4 1.36172e-48
32 6 8 13 13 7.34011e-48
32 8 13 13 6 4.85718e-48
32 13 6 8 13 1.43599e-47
32 13 13 6 8 1.22097e-47
32 4 12 6 6 0.0192656
32 6 4 12 6 7.72206e-48
32 6 6 4 12 2.26758e-48
32 12 6 6 4 3.58865e-48
32 5 9 13 11 1.28354e-48
32 9 13 11 5 2.92423e-48
32 11 5 9 13 1.68053e-47
32 13 11 5 9 2.25316e-48
32 4 4 7 9 0.000576548
32 4 7 9 4 0.000188861
32 7 9 4 4 1.41949e-50
32 9 4 4 7 9.68651e-50
32 6 11 8 8 1.05025e-47
32 8 6 11 8 1.07113e-47
32 8 8 6 11 5.85706e-48
32 11 8 8 6 6.11334e-48
32 4 11 4 11 0.0368213
32 11 4 11 4 8.8206e-48
32 5 6 6 9 1.85759e-47
32 6 6 9 5 8.71073e-48
32 6 9 5 6 2.51668e-48
32 9 5 6 6 2.54304e-47
32 8 9 11 11 2.07614e-48
32 9 11 11 8 6.99064e-48
32 11 8 9 11 3.50406e-48
32 11 11 8 9 6.2954e-48
32 4 11 13 12 0.0165958
32 11 13 12 4 2.48876e-48
32 12 4 11 13 1.05959e-47
32 13 12 4 11 6.98512e-49
32 5 11 9 9 5.47517e-48
32 9 5 11 9 8.32283e-48
32 9 9 5 11 6.78434e-49
32 11 9 9 5 1.5434e-48
32 5 12 8 9 2.0159e-48
32 8 9 5 12 6.95438e-49
32 9 5 12 8 1.05842e-47
32 12 8 9 5 2.27323e-48
32 8 9 10 13 3.04919e-48
32 9 10 13 8 5.77546e-48
32 10 13 8 9 7.34263e-48
32 13 8 9 10 4.47164e-48
32 4 9 6 6 0.0256109
32 6 4 9 6 7.9154e-48
32 6 6 4 9 3.50763e-48
32 9 6 6 4 3.72523e-48
32 4 4 9 13 0.115564
32 4 9 13 4 0.00776019
32 9 13 4 4 1.57306e-48
32 13 4 4 9 4.76738e-48
32 4 8 4 12 0.0175617
32 4 12 4 8 0.0155004
32 8 4 12 4 5.79319e-48
32 12 4 8 4 5.22025e-48
32 5 7 8 12 3.12659e-48
32 7 8 12 5 4.73368e-48
32 8 12 5 7 1.97642e-48
32 12 5 7 8 1.00226e-47
32 5 13 7 7 5.87832e-48
32 7 5 13 7 1.33044e-47
32 7 7 5 13 2.87792e-48
32 13 7 7 5 1.22617e-48
32 7 9 9 9 2.57036e-48
32 9 7 9 9 2.25596e-48
32 9 9 7 9 1.19875e-48
32 9 9 9 7 3.05304e-48
32 8 10 8 13 1.82628e-47
32 8 13 8 10 7.84378e-48
32 10 8 13 8 6.81874e-48
32 13 8 10 8 4.96558e-48
32 4 11 7 12 0.000171575
32 7 12 4 11 9.55236e-51
32 11 7 12 4 1.57578e-50
32 12 4 11 7 1.07633e-49
32 4 7 11 13 0.0462179
32 7 11 13 4 2.6612e-48
32 11 13 4 7 5.49792e-48
32 13 4 7 11 3.90974e-48
32 10 12 12 13 4.43363e-48
32 12 12 13 10 1.18498e-48
32 12 13 10 12 2.00375e-48
32 13 10 12 12 4.61426e-48
32 5 10 7 12 3.44581e-48
32 7 12 5 10 1.141e-48
32 10 7 12 5 2.70427e-48
32 12 5 10 7 9.84036e-48
32 5 7 12 11 2.35598e-48
32 7 12 11 5 1.53457e-48
32 11 5 7 12 4.19025e-48
32 12 11 5 7 3.40948e-48
32 4 10 12 6 0.0455181
32 6 4 10 12 2.94443e-48
32 10 12 6 4 1.51492e-48
32 12 6 4 10 2.54515e-48
32 6 10 9 11 5.05299e-48
32 9 11 6 10 6.17612e-48
32 10 9 11 6 3.03013e-48
32 11 6 10 9 3.62518e-48
32 8 8 13 11 2.79743e-48
32 8 13 11 8 9.03374e-48
32 11 8 8 13 1.03046e-47
32 13 11 8 8 9.27921e-48
32 8 13 11 9 6.18217e-48
32 9 8 13 11 2.18046e-48
32 11 9 8 13 5.34898e-48
32 13 11 9 8 7.92583e-48
32 4 6 11 11 0.0301363
32 6 11 11 4 2.75413e-48
32 11 4 6 11 6.86534e-48
32 11 11 4 6 2.7881e-48
32 4 6 5 12 0.0326002
32 5 12 4 6 2.88325e-48
32 6 5 12 4 1.34665e-47
32 12 4 6 5 1.43835e-47
32 4 9 13 12 0.00763866
32 9 13 12 4 2.17462e-48
32 12 4 9 13 1.04065e-47
32 13 12 4 9 9.50465e-49
32 4 12 5 10 0.00823168
32 5 10 4 12 3.51631e-48
32 10 4 12 5 7.84007e-48
32 12 5 10 4 3.6693e-48
32 4 9 11 9 0.0179519
32 9 4 9 11 4.57005e-48
32 9 11 9 4 2.35163e-48
32 11 9 4 9 1.33108e-48
32 4 6 4 7 0.0543211
32 4 7 4 6 0.0169413
32 6 4 7 4 3.52528e-48
32 7 4 6 4 8.62614e-48
32 9 11 13 10 3.0558e-48
32 10 9 11 13 5.29107e-48
32 11 13 10 9 3.16727e-48
32 13 10 9 11 4.62486e-48
32 4 13 9 6 0.0343276
32 6 4 13 9 4.70074e-48
32 9 6 4 13 4.52581e-48
32 13 9 6 4 1.5136e-48
33 4 9 5 12 0.00104619
33 5 12 4 9 1.39724e-46
33 9 5 12 4 0.00285408
33 12 4 9 5 1.81534e-45
33 4 7 6 6 0.00712357
33 6 4 7 6 0.0157986
33 6 6 4 7 0.0138564
33 7 6 6 4 0.00903873
33 8 13 11 12 0.00501341
33 11 12 8 13 0.001454
33 12 8 13 11 0.00562879
33 13 11 12 8 0.000693065
33 5 6 12 6 9.13217e-48
33 6 5 6 12 0.000307786
33 6 12 6 5 1.92052e-47
33 12 6 5 6 0.000100688
33 4 7 9 7 0.00841436
33 7 4 7 9 0.00557374
33 7 9 7 4 0.00314804
33 9 7 4 7 0.00302253
33 4 6 6 11 0.00163985
33 6 6 11 4 0.00768647
33 6 11 4 6 0.00569207
33 11 4 6 6 0.020485
33 7 10 9 10 0.0109498
33 9 10 7 10 0.00298102
33 10 7 10 9 0.0016671
33 10 9 10 7 0.00310011
33 12 12 13 13 8.58954e-05
33 12 13 13 12 0.000229573
33 13 12 12 13 2.55079e-05
33 13 13 12 12 6.81751e-05
33 4 13 13 12 0.0030397
33 12 4 13 13 0.0093792
33 13 12 4 13 0.000589386
33 13 13 12 4 0.00354786
33 4 12 10 12 0.000501164
33 10 12 4 12 0.00156818
33 12 4 12 10 0.0243583
33 12 10 12 4 0.013353
33 7 9 8 10 0.0035311
33 8 10 7 9 0.0052761
33 9 8 10 7 0.00200991
33 10 7 9 8 0.00146491
33 6 9 10 13 0.00154998
33 9 10 13 6 0.00393501
33 10 13 6 9 0.00937087
33 13 6 9 10 0.00524142
33 4 6 4 12 0.00115416
33 4 12 4 6 0.00108679
33 6 4 12 4 0.0146526
33 12 4 6 4 0.0219061
33 4 4 4 13 0.000659947
33 4 4 13 4 0.00239895
33 4 13 4 4 0.000840628
33 13 4 4 4 0.0012432
33 5 12 11 12 3.02959e-46
33 11 12 5 12 0.00301377
33 12 5 12 11 0.00772057
33 12 11 12 5 1.52138e-45
33 5 6 10 12 1.80889e-46
33 6 10 12 5 2.37635e-45
33 10 12 5 6 0.00336743
33 12 5 6 10 0.0494995
33 7 11 13 12 0.00515739
33 11 13 12 7 0.0224563
33 12 7 11 13 0.00593465
33 13 12 7 11 0.000641415
33 7 8 11 10 0.00702677
33 8 11 10 7 0.00328837
33 10 7 8 11 0.00102224
33 11 10 7 8 0.00126626
33 4 9 4 12 0.000769346
33 4 12 4 9 0.000649192
33 9 4 12 4 0.00240683
33 12 4 9 4 0.0116926
33 6 8 11 11 0.00446446
33 8 11 11 6 0.00585925
33 11 6 8 11 0.0015273
33 11 11 6 8 0.00249687
33 4 10 8 8 0.000207516
33 8 4 10 8 0.000293838
33 8 8 4 10 0.00279116
33 10 8 8 4 0.00164316
33 9 9 13 13 0.00106729
33 9 13 13 9 0.00240705
33 13 9 9 13 0.00153977
33 13 13 9 9 0.00347262
33 6 11 13 12 0.0089853
33 11 13 12 6 0.0104415
33 12 6 11 13 0.00459842
33 13 12 6 11 0.00126319
33 9 9 12 12 2.49988e-05
33 9 12 12 9 2.10946e-05
33 12 9 9 12 0.000121446
33 12 12 9 9 0.000102479
33 5 10 13 6 9.4964e-46
33 6 5 10 13 0.00286265
33 10 13 6 5 1.2798e-45
33 13 6 5 10 0.00287077
33 4 10 7 10 0.00358356
33 7 10 4 10 0.0047283
33 10 4 10 7 0.00517648
33 10 7 10 4 0.00157221
33 6 8 13 13 0.0083116
33 8 13 13 6 0.00923184
33 13 6 8 13 0.000935883
33 13 13 6 8 0.00129486
33 4 12 6 6 0.00401382
33 6 4 12 6 0.0221408
33 6 6 4 12 0.00497556
33 12 6 6 4 0.0167535
33 5 9 13 11 1.43764e-46
33 9 13 11 5 2.02696e-46
33 11 5 9 13 0.00532738
33 13 11 5 9 0.00125438
33 4 4 7 9 2.72476e-05
33 4 7 9 4 3.13202e-05
33 7 9 4 4 2.03054e-05
33 9 4 4 7 3.70422e-05
33 6 11 8 8 0.0009977
33 8 6 11 8 0.000959209
33 8 8 6 11 0.00418733
33 11 8 8 6 0.00533266
33 4 11 4 11 0.000642545
33 11 4 11 4 0.0108391
33 5 6 6 9 1.70412e-45
33 6 6 9 5 3.13376e-45
33 6 9 5 6 0.0140244
33 9 5 6 6 0.0145532
33 8 9 11 11 0.00140415
33 9 11 11 8 0.000325062
33 11 8 9 11 0.00343639
33 11 11 8 9 0.00290046
33 4 11 13 12 0.00198472
33 11 13 12 4 0.00658005
33 12 4 11 13 0.00572546
33 13 12 4 11 0.000325686
33 5 11 9 9 3.88419e-46
33 9 5 11 9 0.00205099
33 9 9 5 11 0.0003308
33 11 9 9 5 6.64771e-46
33 5 12 8 9 1.21347e-46
33 8 9 5 12 0.00184553
33 9 5 12 8 0.00055752
33 12 8 9 5 1.28725e-45
33 8 9 10 13 0.000640727
33 9 10 13 8 0.000513894
33 10 13 8 9 0.00222606
33 13 8 9 10 0.00490935
33 4 9 6 6 0.00414017
33 6 4 9 6 0.0186871
33 6 6 4 9 0.00433066
33 9 6 6 4 0.00291065
33 4 4 9 13 0.00148708
33 4 9 13 4 0.00139793
33 9 13 4 4 0.00068042
33 13 4 4 9 0.00128266
33 4 8 4 12 0.00114843
33 4 12 4 8 0.000150777
33 8 4 12 4 0.00643466
33 12 4 8 4 0.00552822
33 5 7 8 12 3.40033e-46
33 7 8 12 5 1.13078e-45
33 8 12 5 7 0.0068475
33 12 5 7 8 0.00314677
33 5 13 7 7 1.05699e-45
33 7 5 13 7 0.021928
33 7 7 5 13 0.00210102
33 13 7 7 5 3.42477e-46
33 7 9 9 9 0.00412843
33 9 7 9 9 0.00228742
33 9 9 7 9 0.00112394
33 9 9 9 7 0.00425366
33 8 10 8 13 0.00175581
33 8 13 8 10 0.00407983
33 10 8 13 8 0.00125875
33 13 8 10 8 0.000208469
33 4 11 7 12 1.74671e-05
33 7 12 4 11 7.29782e-06
33 11 7 12 4 8.69788e-05
33 12 4 11 7 0.000317405
33 4 7 11 13 0.00139051
33 7 11 13 4 0.0047494
33 11 13 4 7 0.00918188
33 13 4 7 11 0.00123938
33 10 12 12 13 0.00311033
33 12 12 13 10 0.0164999
33 12 13 10 12 0.00463612
33 13 10 12 12 0.00563605
33 5 10 7 12 5.62664e-46
33 7 12 5 10 0.00407793
33 10 7 12 5 1.04948e-45
33 12 5 10 7 0.0147187
33 5 7 12 11 2.95032e-46
33 7 12 11 5 4.53366e-46
33 11 5 7 12 0.00867015
33 12 11 5 7 0.0161198
33 4 10 12 6 0.00418779
33 6 4 10 12 0.00369802
33 10 12 6 4 0.00472461
33 12 6 4 10 0.00674732
33 6 10 9 11 0.00617883
33 9 11 6 10 0.00522062
33 10 9 11 6 0.00490597
33 11 6 10 9 0.00221216
33 8 8 13 11 0.0023104
33 8 13 11 8 0.000895605
33 11 8 8 13 0.00197841
33 13 11 8 8 0.000244402
33 8 13 11 9 0.00437985
33 9 8 13 11 0.000981549
33 11 9 8 13 0.00150536
33 13 11 9 8 0.000587133
33 4 6 11 11 0.000712443
33 6 11 11 4 0.00604435
33 11 4 6 11 0.005417
33 11 11 4 6 0.00333572
33 4 6 5 12 0.00302405
33 5 12 4 6 4.50694e-46
33 6 5 12 4 0.033479
33 12 4 6 5 6.55312e-45
33 4 9 13 12 0.00169157
33 9 13 12 4 0.00185437
33 12 4 9 13 0.00707242
33 13 12 4 9 0.000739711
33 4 12 5 10 0.0016037
33 5 10 4 12 2.91959e-46
33 10 4 12 5 1.03467e-45
33 12 5 10 4 0.00440732
33 4 9 11 9 0.00124966
33 9 4 9 11 0.000944046
33 9 11 9 4 0.00142088
33 11 9 4 9 0.00196757
33 4 6 4 7 0.00299005
33 4 7 4 6 0.00179428
33 6 4 7 4 0.00972623
33 7 4 6 4 0.0109944
33 9 11 13 10 0.00298403
33 10 9 11 13 0.0018855
33 11 13 10 9 0.00213969
33 13 10 9 11 0.00156798
33 4 13 9 6 0.00282687
33 6 4 13 9 0.0105383
33 9 6 4 13 0.000403481
33 13 9 6 4 0.00264251
34 4 9 5 12 0.00160486
34 5 12 4 9 0.000983364
34 9 5 12 4 0.00947818
34 12 4 9 5 0.0146554
34 4 7 6 6 2.26767e-05
34 6 4 7 6 0.0117771
34 6 6 4 7 0.00374744
34 7 6 6 4 4.21806e-05
34 8 13 11 12 0.00120903
34 11 12 8 13 0.00119782
34 12 8 13 11 0.00549274
34 13 11 12 8 0.0041314
34 5 6 12 6 3.818e-05
34 6 5 6 12 1.95565e-07
34 6 12 6 5 5.0722e-07
34 12 6 5 6 7.98956e-05
34 4 7 9 7 0.00215459
34 7 4 7 9 0.00453514
34 7 9 7 4 0.0102592
34 9 7 4 7 0.00228241
34 4 6 6 11 1.96915e-05
34 6 6 11 4 0.00804121
34 6 11 4 6 0.00610774
34 11 4 6 6 3.02794e-05
34 7 10 9 10 0.00441049
34 9 10 7 10 0.00697245
34 10 7 10 9 0.00369208
34 10 9 10 7 0.0021061
34 12 12 13 13 6.51953e-05
34 12 13 13 12 3.66328e-05
34 13 12 12 13 7.12036e-05
34 13 13 12 12 4.00088e-05
34 4 13 13 12 0.00126734
34 12 4 13 13 0.00623931
34 13 12 4 13 0.00333399
34 13 13 12 4 0.0082058
34 4 12 10 12 0.00171705
34 10 12 4 12 0.00141817
34 12 4 12 10 0.00809906
34 12 10 12 4 0.0191056
34 7 9 8 10 0.00088879
34 8 10 7 9 0.00613135
34 9 8 10 7 0.00328442
34 10 7 9 8 0.00421857
34 6 9 10 13 0.00941329
34 9 10 13 6 0.0040618
34 10 13 6 9 1.18196e-05
34 13 6 9 10 0.0044967
34 4 6 4 12 0.00248548
34 4 12 4 6 0.0028461
34 6 4 12 4 0.0176183
34 12 4 6 4 6.80993e-05
34 4 4 4 13 0.00399852
34 4 4 13 4 0.00437561
34 4 13 4 4 0.00481502
34 13 4 4 4 0.00646792
34 5 12 11 12 0.00049597
34 11 12 5 12 0.00189232
34 12 5 12 11 0.00826019
34 12 11 12 5 0.0165728
34 5 6 10 12 0.00200499
34 6 10 12 5 0.0253172
34 10 12 5 6 0.00293187
34 12 5 6 10 3.42773e-05
34 7 11 13 12 0.0012532
34 11 13 12 7 0.00266055
34 12 7 11 13 0.00480542
34 13 12 7 11 0.00357367
34 7 8 11 10 0.00216149
34 8 11 10 7 0.00203649
34 10 7 8 11 0.000907635
34 11 10 7 8 0.00780044
34 4 9 4 12 0.00174407
34 4 12 4 9 0.00165229
34 9 4 12 4 0.00993539
34 12 4 9 4 0.0126939
34 6 8 11 11 0.00489089
34 8 11 11 6 0.00272226
34 11 6 8 11 0.0017108
34 11 11 6 8 2.37379e-05
34 4 10 8 8 0.000707348
34 8 4 10 8 0.00341463
34 8 8 4 10 0.00319974
34 10 8 8 4 0.00153153
34 9 9 13 13 0.0034297
34 9 13 13 9 0.00182572
34 13 9 9 13 0.00478577
34 13 13 9 9 0.00254759
34 6 11 13 12 0.00194405
34 11 13 12 6 0.00537086
34 12 6 11 13 0.00457822
34 13 12 6 11 1.0609e-05
34 9 9 12 12 3.67937e-05
34 9 12 12 9 3.48576e-05
34 12 9 9 12 4.70094e-05
34 12 12 9 9 4.45356e-05
34 5 10 13 6 0.0020602
34 6 5 10 13 0.00995322
34 10 13 6 5 3.42143e-05
34 13 6 5 10 0.0037356
34 4 10 7 10 0.00637066
34 7 10 4 10 0.0042689
34 10 4 10 7 0.00250264
34 10 7 10 4 0.00992452
34 6 8 13 13 0.00698794
34 8 13 13 6 0.00282518
34 13 6 8 13 0.00146418
34 13 13 6 8 1.47567e-05
34 4 12 6 6 1.34284e-05
34 6 4 12 6 0.00961045
34 6 6 4 12 0.00410625
34 12 6 6 4 6.95227e-05
34 5 9 13 11 0.00112844
34 9 13 11 5 0.00365351
34 11 5 9 13 0.00584001
34 13 11 5 9 0.00189005
34 4 4 7 9 5.15108e-05
34 4 7 9 4 9.64521e-05
34 7 9 4 4 7.80821e-05
34 9 4 4 7 2.5765e-05
34 6 11 8 8 0.00133433
34 8 6 11 8 0.00257118
34 8 8 6 11 2.4528e-05
34 11 8 8 6 0.00184101
34 4 11 4 11 0.00551947
34 11 4 11 4 0.0111739
34 5 6 6 9 1.79255e-05
34 6 6 9 5 0.0338157
34 6 9 5 6 0.01173
34 9 5 6 6 4.51668e-05
34 8 9 11 11 0.00230547
34 9 11 11 8 0.0020307
34 11 8 9 11 0.00686889
34 11 11 8 9 0.000940567
34 4 11 13 12 0.00112051
34 11 13 12 4 0.00937577
34 12 4 11 13 0.00427027
34 13 12 4 11 0.00214113
34 5 11 9 9 0.00130394
34 9 5 11 9 0.00155753
34 9 9 5 11 0.00291415
34 11 9 9 5 0.00993307
34 5 12 8 9 0.000201889
34 8 9 5 12 0.00146056
34 9 5 12 8 0.00352397
34 12 8 9 5 0.0131167
34 8 9 10 13 0.00523842
34 9 10 13 8 0.00279677
34 10 13 8 9 0.000519563
34 13 8 9 10 0.00398244
34 4 9 6 6 1.70588e-05
34 6 4 9 6 0.0073333
34 6 6 4 9 0.0049419
34 9 6 6 4 4.15214e-05
34 4 4 9 13 0.0040197
34 4 9 13 4 0.00358298
34 9 13 4 4 0.00512769
34 13 4 4 9 0.00234125
34 4 8 4 12 0.00233845
34 4 12 4 8 0.00208186
34 8 4 12 4 0.0104156
34 12 4 8 4 0.0031801
34 5 7 8 12 0.000389298
34 7 8 12 5 0.0143324
34 8 12 5 7 0.00144194
34 12 5 7 8 0.00993676
34 5 13 7 7 0.00117972
34 7 5 13 7 0.00115151
34 7 7 5 13 0.00402506
34 13 7 7 5 0.0121908
34 7 9 9 9 0.00248488
34 9 7 9 9 0.00325158
34 9 9 7 9 0.00392828
34 9 9 9 7 0.00185483
34 8 10 8 13 0.0015459
34 8 13 8 10 0.000789143
34 10 8 13 8 0.00270987
34 13 8 10 8 0.00484985
34 4 11 7 12 2.91326e-05
34 7 12 4 11 2.52355e-05
34 11 7 12 4 0.000149353
34 12 4 11 7 2.06562e-05
34 4 7 11 13 0.00294186
34 7 11 13 4 0.00454835
34 11 13 4 7 0.00220446
34 13 4 7 11 0.00605207
34 10 12 12 13 0.00521303
34 12 12 13 10 0.00363893
34 12 13 10 12 0.00479997
34 13 10 12 12 0.00437461
34 5 10 7 12 0.00253462
34 7 12 5 10 0.00238567
34 10 7 12 5 0.0130607
34 12 5 10 7 0.0044595
34 5 7 12 11 0.00307767
34 7 12 11 5 0.00338568
34 11 5 7 12 0.00480729
34 12 11 5 7 0.00269241
34 4 10 12 6 0.00565169
34 6 4 10 12 0.00425556
34 10 12 6 4 2.15122e-05
34 12 6 4 10 0.00606874
34 6 10 9 11 0.00886353
34 9 11 6 10 1.88449e-05
34 10 9 11 6 0.00250042
34 11 6 10 9 0.00618079
34 8 8 13 11 0.00303909
34 8 13 11 8 0.00162017
34 11 8 8 13 0.00180298
34 13 11 8 8 0.000697921
34 8 13 11 9 0.0014605
34 9 8 13 11 0.00329267
34 11 9 8 13 0.00152733
34 13 11 9 8 0.00316422
34 4 6 11 11 0.00215392
34 6 11 11 4 0.00577862
34 11 4 6 11 2.45647e-05
34 11 11 4 6 0.00470828
34 4 6 5 12 0.00440676
34 5 12 4 6 0.00326373
34 6 5 12 4 0.0323847
34 12 4 6 5 0.000151489
34 4 9 13 12 0.00110008
34 9 13 12 4 0.00689611
34 12 4 9 13 0.00731672
34 13 12 4 9 0.00154054
34 4 12 5 10 0.00217982
34 5 10 4 12 0.00155186
34 10 4 12 5 0.0118605
34 12 5 10 4 0.0160596
34 4 9 11 9 0.0012599
34 9 4 9 11 0.00390196
34 9 11 9 4 0.00646885
34 11 9 4 9 0.00310905
34 4 6 4 7 0.0021101
34 4 7 4 6 0.00447106
34 6 4 7 4 0.0200846
34 7 4 6 4 3.84355e-05
34 9 11 13 10 0.00241882
34 10 9 11 13 0.00253675
34 11 13 10 9 0.00403462
34 13 10 9 11 0.00480265
34 4 13 9 6 0.00260778
34 6 4 13 9 0.00258438
34 9 6 4 13 0.00429345
34 13 9 6 4 2.46798e-05
35 4 9 5 12 0.000724493
35 5 12 4 9 0.00342245
35 9 5 12 4 0.00360758
35 12 4 9 5 0.00413117
35 4 7 6 6 0.00312217
35 6 4 7 6 0.00318583
35 6 6 4 7 0.00954608
35 7 6 6 4 0.014404
35 8 13 11 12 0.00199529
35 11 12 8 13 0.00149004
35 12 8 13 11 0.00413253
35 13 11 12 8 0.00317732
35 5 6 12 6 3.42806e-05
35 6 5 6 12 4.15754e-05
35 6 12 6 5 8.80631e-05
35 12 6 5 6 4.46298e-05
35 4 7 9 7 0.00158677
35 7 4 7 9 0.00229133
35 7 9 7 4 0.00369242
35 9 7 4 7 0.00453385
35 4 6 6 11 0.00403895
35 6 6 11 4 0.00909872
35 6 11 4 6 0.0109311
35 11 4 6 6 0.00427994
35 7 10 9 10 0.00495556
35 9 10 7 10 0.00398986
35 10 7 10 9 0.0041357
35 10 9 10 7 0.00396483
35 12 12 13 13 2.99092e-05
35 12 13 13 12 2.65331e-05
35 13 12 12 13 1.90851e-05
35 13 13 12 12 1.69308e-05
35 4 13 13 12 0.0012077
35 12 4 13 13 0.00261076
35 13 12 4 13 0.00339894
35 13 13 12 4 0.00374339
35 4 12 10 12 0.000893191
35 10 12 4 12 0.00247965
35 12 4 12 10 0.00249736
35 12 10 12 4 0.00313345
35 7 9 8 10 0.00312177
35 8 10 7 9 0.00249937
35 9 8 10 7 0.00746409
35 10 7 9 8 0.00425996
35 6 9 10 13 0.00405071
35 9 10 13 6 0.00296913
35 10 13 6 9 0.0078071
35 13 6 9 10 0.0052911
35 4 6 4 12 0.00262334
35 4 12 4 6 0.00259678
35 6 4 12 4 0.00421395
35 12 4 6 4 0.0082091
35 4 4 4 13 0.00306373
35 4 4 13 4 0.00266907
35 4 13 4 4 0.00688429
35 13 4 4 4 0.00666387
35 5 12 11 12 0.00121688
35 11 12 5 12 0.000978858
35 12 5 12 11 0.00182346
35 12 11 12 5 0.00525772
35 5 6 10 12 0.00390381
35 6 10 12 5 0.00545462
35 10 12 5 6 0.00356955
35 12 5 6 10 0.0101274
35 7 11 13 12 0.00228636
35 11 13 12 7 0.00189975
35 12 7 11 13 0.00230007
35 13 12 7 11 0.00118162
35 7 8 11 10 0.00836269
35 8 11 10 7 0.00585604
35 10 7 8 11 0.00217185
35 11 10 7 8 0.00249783
35 4 9 4 12 0.00119485
35 4 12 4 9 0.00187808
35 9 4 12 4 0.00280434
35 12 4 9 4 0.00384022
35 6 8 11 11 0.00670079
35 8 11 11 6 0.00565745
35 11 6 8 11 0.00278146
35 11 11 6 8 0.00971819
35 4 10 8 8 0.00133763
35 8 4 10 8 0.00331272
35 8 8 4 10 0.0111328
35 10 8 8 4 0.00721183
35 9 9 13 13 0.00207712
35 9 13 13 9 0.00289631
35 13 9 9 13 0.001815
35 13 13 9 9 0.00253081
35 6 11 13 12 0.00236571
35 11 13 12 6 0.0017993
35 12 6 11 13 0.00331623
35 13 12 6 11 0.0021603
35 9 9 12 12 8.38065e-06
35 9 12 12 9 1.31729e-05
35 12 9 9 12 1.14763e-05
35 12 12 9 9 1.80387e-05
35 5 10 13 6 0.00364647
35 6 5 10 13 0.00663922
35 10 13 6 5 0.0172437
35 13 6 5 10 0.0061779
35 4 10 7 10 0.00288279
35 7 10 4 10 0.0102306
35 10 4 10 7 0.00541578
35 10 7 10 4 0.00910353
35 6 8 13 13 0.00693264
35 8 13 13 6 0.00381446
35 13 6 8 13 0.00297193
35 13 13 6 8 0.00676691
35 4 12 6 6 0.00228887
35 6 4 12 6 0.00225323
35 6 6 4 12 0.00464421
35 12 6 6 4 0.011232
35 5 9 13 11 0.00176924
35 9 13 11 5 0.00571215
35 11 5 9 13 0.00257206
35 13 11 5 9 0.00314483
35 4 4 7 9 1.61996e-05
35 4 7 9 4 3.39986e-05
35 7 9 4 4 9.26435e-05
35 9 4 4 7 5.77917e-05
35 6 11 8 8 0.00561321
35 8 6 11 8 0.00514973
35 8 8 6 11 0.0084641
35 11 8 8 6 0.0038153
35 4 11 4 11 0.00907468
35 11 4 11 4 0.0080042
35 5 6 6 9 0.0142471
35 6 6 9 5 0.0180112
35 6 9 5 6 0.00599619
35 9 5 6 6 0.0119742
35 8 9 11 11 0.00204441
35 9 11 11 8 0.00574433
35 11 8 9 11 0.00403371
35 11 11 8 9 0.00289795
35 4 11 13 12 0.00127247
35 11 13 12 4 0.00320428
35 12 4 11 13 0.00230795
35 13 12 4 11 0.00233384
35 5 11 9 9 0.00389474
35 9 5 11 9 0.00255543
35 9 9 5 11 0.00173055
35 11 9 9 5 0.00291368
35 5 12 8 9 0.00114441
35 8 9 5 12 0.000884049
35 9 5 12 8 0.00189749
35 12 8 9 5 0.00621797
35 8 9 10 13 0.00282051
35 9 10 13 8 0.00295044
35 10 13 8 9 0.00299199
35 13 8 9 10 0.00587992
35 4 9 6 6 0.00230712
35 6 4 9 6 0.00306598
35 6 6 4 9 0.00735804
35 9 6 6 4 0.0111608
35 4 4 9 13 0.00144399
35 4 9 13 4 0.00190128
35 9 13 4 4 0.00927098
35 13 4 4 9 0.0029457
35 4 8 4 12 0.00309701
35 4 12 4 8 0.00274129
35 8 4 12 4 0.00311708
35 12 4 8 4 0.00334217
35 5 7 8 12 0.00135404
35 7 8 12 5 0.00805334
35 8 12 5 7 0.00247745
35 12 5 7 8 0.00371041
35 5 13 7 7 0.00327322
35 7 5 13 7 0.00317925
35 7 7 5 13 0.00289135
35 13 7 7 5 0.00314401
35 7 9 9 9 0.00168798
35 9 7 9 9 0.00176997
35 9 9 7 9 0.00135904
35 9 9 9 7 0.00169684
35 8 10 8 13 0.00250063
35 8 13 8 10 0.00447832
35 10 8 13 8 0.00796355
35 13 8 10 8 0.0071619
35 4 11 7 12 1.39674e-05
35 7 12 4 11 3.64134e-05
35 11 7 12 4 2.68415e-05
35 12 4 11 7 2.58442e-05
35 4 7 11 13 0.0018526
35 7 11 13 4 0.00894543
35 11 13 4 7 0.00598709
35 13 4 7 11 0.0018252
35 10 12 12 13 0.00233156
35 12 12 13 10 0.00336198
35 12 13 10 12 0.00291516
35 13 10 12 12 0.00106268
35 5 10 7 12 0.00179235
35 7 12 5 10 0.0042726
35 10 7 12 5 0.00487143
35 12 5 10 7 0.00488438
35 5 7 12 11 0.00179749
35 7 12 11 5 0.00437795
35 11 5 7 12 0.00140799
35 12 11 5 7 0.00480027
35 4 10 12 6 0.00119544
35 6 4 10 12 0.00216362
35 10 12 6 4 0.00757498
35 12 6 4 10 0.00953912
35 6 10 9 11 0.00352662
35 9 11 6 10 0.0137869
35 10 9 11 6 0.00340194
35 11 6 10 9 0.0047041
35 8 8 13 11 0.00403347
35 8 13 11 8 0.00407761
35 11 8 8 13 0.00344022
35 13 11 8 8 0.0033251
35 8 13 11 9 0.003173
35 9 8 13 11 0.00412161
35 11 9 8 13 0.00150751
35 13 11 9 8 0.00433949
35 4 6 11 11 0.0021947
35 6 11 11 4 0.00979132
35 11 4 6 11 0.00341802
35 11 11 4 6 0.00714948
35 4 6 5 12 0.00306487
35 5 12 4 6 0.0091179
35 6 5 12 4 0.010445
35 12 4 6 5 0.0170156
35 4 9 13 12 0.000541505
35 9 13 12 4 0.00327809
35 12 4 9 13 0.00199773
35 13 12 4 9 0.00212506
35 4 12 5 10 0.00243002
35 5 10 4 12 0.00361766
35 10 4 12 5 0.00499523
35 12 5 10 4 0.00841893
35 4 9 11 9 0.00105452
35 9 4 9 11 0.00189516
35 9 11 9 4 0.00653455
35 11 9 4 9 0.00254935
35 4 6 4 7 0.00501617
35 4 7 4 6 0.00329515
35 6 4 7 4 0.00554256
35 7 4 6 4 0.00979326
35 9 11 13 10 0.00680604
35 10 9 11 13 0.00317772
35 11 13 10 9 0.00385859
35 13 10 9 11 0.00216412
35 4 13 9 6 0.00171352
35 6 4 13 9 0.0020629
35 9 6 4 13 0.00557542
35 13 9 6 4 0.00413235
36 4 9 5 12 0.00441158
36 5 12 4 9 6.54613e-47
36 9 5 12 4 0.000417378
36 12 4 9 5 0.00449812
36 4 7 6 6 1.07059e-45
36 6 4 7 6 0.00564381
36 6 6 4 7 1.29699e-45
36 7 6 6 4 1.12133e-46
36 8 13 11 12 0.00523917
36 11 12 8 13 0.000838907
36 12 8 13 11 0.021537
36 13 11 12 8 0.00412765
36 5 6 12 6 9.18067e-91
36 6 5 6 12 2.17702e-05
36 6 12 6 5 1.09659e-05
36 12 6 5 6 2.51929e-47
36 4 7 9 7 4.74764e-46
36 7 4 7 9 0.000201592
36 7 9 7 4 0.000460741
36 9 7 4 7 2.65967e-46
36 4 6 6 11 7.77087e-46
36 6 6 11 4 1.21645e-45
36 6 11 4 6 0.0140031
36 11 4 6 6 0.00706904
36 7 10 9 10 0.000735602
36 9 10 7 10 0.00276535
36 10 7 10 9 5.16445e-46
36 10 9 10 7 0.00453272
36 12 12 13 13 1.37542e-05
36 12 13 13 12 0.000122132
36 13 12 12 13 6.27664e-06
36 13 13 12 12 5.57342e-05
36 4 13 13 12 0.00466627
36 12 4 13 13 0.00524756
36 13 12 4 13 0.000800924
36 13 13 12 4 0.00592516
36 4 12 10 12 0.000443727
36 10 12 4 12 0.000510961
36 12 4 12 10 0.00322451
36 12 10 12 4 0.0126454
36 7 9 8 10 0.000487448
36 8 10 7 9 0.00723697
36 9 8 10 7 0.00645088
36 10 7 9 8 6.03589e-46
36 6 9 10 13 0.00797434
36 9 10 13 6 0.00445009
36 10 13 6 9 0.00646264
36 13 6 9 10 6.33151e-46
36 4 6 4 12 7.53699e-46
36 4 12 4 6 0.00102403
36 6 4 12 4 0.00405891
36 12 4 6 4 0.00881272
36 4 4 4 13 0.00391216
36 4 4 13 4 0.00321139
36 4 13 4 4 0.00967979
36 13 4 4 4 0.00489451
36 5 12 11 12 4.94117e-47
36 11 12 5 12 0.000744285
36 12 5 12 11 0.00143255
36 12 11 12 5 0.00622173
36 5 6 10 12 9.43677e-89
36 6 10 12 5 0.0111602
36 10 12 5 6 0.00121308
36 12 5 6 10 0.00341802
36 7 11 13 12 0.00031951
36 11 13 12 7 0.00468503
36 12 7 11 13 8.98267e-46
36 13 12 7 11 0.000379001
36 7 8 11 10 0.00121998
36 8 11 10 7 0.00547132
36 10 7 8 11 5.2961e-46
36 11 10 7 8 0.0102887
36 4 9 4 12 0.00401495
36 4 12 4 9 0.0004895
36 9 4 12 4 0.000880055
36 12 4 9 4 0.00524667
36 6 8 11 11 0.021471
36 8 11 11 6 0.00858671
36 11 6 8 11 1.04217e-45
36 11 11 6 8 0.0107469
36 4 10 8 8 0.00834924
36 8 4 10 8 0.00314274
36 8 8 4 10 0.015704
36 10 8 8 4 0.0160564
36 9 9 13 13 0.0015353
36 9 13 13 9 0.00166211
36 13 9 9 13 0.00417696
36 13 13 9 9 0.00452196
36 6 11 13 12 0.00439976
36 11 13 12 6 0.00647194
36 12 6 11 13 9.77283e-46
36 13 12 6 11 0.000505595
36 9 9 12 12 9.70478e-06
36 9 12 12 9 1.1832e-06
36 12 9 9 12 5.78575e-05
36 12 12 9 9 7.05393e-06
36 5 10 13 6 1.62431e-45
36 6 5 10 13 0.00271579
36 10 13 6 5 0.00909332
36 13 6 5 10 1.06374e-45
36 4 10 7 10 0.00809195
36 7 10 4 10 0.00120585
36 10 4 10 7 0.0034896
36 10 7 10 4 9.08709e-46
36 6 8 13 13 0.0229001
36 8 13 13 6 0.00943162
36 13 6 8 13 9.24082e-46
36 13 13 6 8 0.00981364
36 4 12 6 6 0.000893186
36 6 4 12 6 0.00410794
36 6 6 4 12 1.01123e-45
36 12 6 6 4 1.82922e-45
36 5 9 13 11 3.90096e-46
36 9 13 11 5 0.00201826
36 11 5 9 13 0.00147666
36 13 11 5 9 0.00513521
36 4 4 7 9 2.50276e-05
36 4 7 9 4 7.83865e-48
36 7 9 4 4 8.52401e-06
36 9 4 4 7 1.68633e-05
36 6 11 8 8 0.00976989
36 8 6 11 8 8.25478e-46
36 8 8 6 11 0.0194996
36 11 8 8 6 0.0327385
36 4 11 4 11 0.0114057
36 11 4 11 4 0.00901329
36 5 6 6 9 1.78803e-88
36 6 6 9 5 1.89261e-45
36 6 9 5 6 0.0251837
36 9 5 6 6 0.00185917
36 8 9 11 11 0.00417438
36 9 11 11 8 0.00209022
36 11 8 9 11 0.0162873
36 11 11 8 9 0.00623918
36 4 11 13 12 0.00312262
36 11 13 12 4 0.00608925
36 12 4 11 13 0.00448341
36 13 12 4 11 0.00055197
36 5 11 9 9 4.02135e-46
36 9 5 11 9 0.000338406
36 9 9 5 11 0.00176081
36 11 9 9 5 0.00457539
36 5 12 8 9 4.35611e-47
36 8 9 5 12 0.00378522
36 9 5 12 8 0.000283687
36 12 8 9 5 0.01749
36 8 9 10 13 0.00515169
36 9 10 13 8 0.00301909
36 10 13 8 9 0.00498086
36 13 8 9 10 0.0119818
36 4 9 6 6 0.00698185
36 6 4 9 6 0.00504381
36 6 6 4 9 9.63721e-46
36 9 6 6 4 3.76727e-46
36 4 4 9 13 0.00232214
36 4 9 13 4 0.00405881
36 9 13 4 4 0.00321874
36 13 4 4 9 0.00270665
36 4 8 4 12 0.0151522
36 4 12 4 8 0.000738042
36 8 4 12 4 0.00278566
36 12 4 8 4 0.00721551
36 5 7 8 12 7.52908e-89
36 7 8 12 5 0.00120001
36 8 12 5 7 0.000853518
36 12 5 7 8 0.0026007
36 5 13 7 7 5.94416e-46
36 7 5 13 7 0.000104219
36 7 7 5 13 7.6597e-47
36 13 7 7 5 5.01761e-46
36 7 9 9 9 0.000244688
36 9 7 9 9 1.26055e-46
36 9 9 7 9 0.000919859
36 9 9 9 7 0.00110635
36 8 10 8 13 0.0119095
36 8 13 8 10 0.00751405
36 10 8 13 8 0.0152118
36 13 8 10 8 0.0201337
36 4 11 7 12 3.51812e-05
36 7 12 4 11 6.08042e-07
36 11 7 12 4 6.64134e-48
36 12 4 11 7 4.64623e-05
36 4 7 11 13 6.07318e-46
36 7 11 13 4 0.00060108
36 11 13 4 7 0.010579
36 13 4 7 11 0.00255878
36 10 12 12 13 0.000452113
36 12 12 13 10 0.000940211
36 12 13 10 12 0.0116437
36 13 10 12 12 0.00603856
36 5 10 7 12 9.00436e-46
36 7 12 5 10 7.83358e-05
36 10 7 12 5 4.71743e-46
36 12 5 10 7 0.00290656
36 5 7 12 11 4.74361e-89
36 7 12 11 5 5.28611e-05
36 11 5 7 12 0.00129105
36 12 11 5 7 0.0120098
36 4 10 12 6 0.00766489
36 6 4 10 12 0.00356048
36 10 12 6 4 0.000742701
36 12 6 4 10 1.33875e-45
36 6 10 9 11 0.0114982
36 9 11 6 10 0.00256543
36 10 9 11 6 0.00631798
36 11 6 10 9 9.02596e-46
36 8 8 13 11 0.0124072
36 8 13 11 8 0.00665273
36 11 8 8 13 0.0218698
36 13 11 8 8 0.00615928
36 8 13 11 9 0.0050116
36 9 8 13 11 0.00445206
36 11 9 8 13 0.00658197
36 13 11 9 8 0.00508689
36 4 6 11 11 5.44902e-46
36 6 11 11 4 0.00846232
36 11 4 6 11 0.00419781
36 11 11 4 6 0.0117025
36 4 6 5 12 1.59569e-45
36 5 12 4 6 2.63864e-46
36 6 5 12 4 0.00370908
36 12 4 6 5 0.0145577
36 4 9 13 12 0.00240417
36 9 13 12 4 0.00158843
36 12 4 9 13 0.00382729
36 13 12 4 9 0.000446738
36 4 12 5 10 0.000782361
36 5 10 4 12 1.34011e-45
36 10 4 12 5 0.00240614
36 12 5 10 4 0.00386051
36 4 9 11 9 0.00272182
36 9 4 9 11 0.000755301
36 9 11 9 4 0.00181465
36 11 9 4 9 0.00498985
36 4 6 4 7 8.99268e-46
36 4 7 4 6 1.14182e-45
36 6 4 7 4 0.00518756
36 7 4 6 4 0.000502553
36 9 11 13 10 0.00169098
36 10 9 11 13 0.00437216
36 11 13 10 9 0.00753561
36 13 10 9 11 0.00750932
36 4 13 9 6 0.00574315
36 6 4 13 9 0.00235325
36 9 6 4 13 2.6668e-46
36 13 9 6 4 0.00532897
37 4 9 5 12 3.0828e-48
37 5 12 4 9 4.09928e-48
37 9 5 12 4 1.37907e-48
37 12 4 9 5 1.66106e-48
37 4 7 6 6 4.08652e-48
37 6 4 7 6 2.80751e-48
37 6 6 4 7 4.97611e-48
37 7 6 6 4 1.09253e-47
37 8 13 11 12 3.82424e-48
37 11 12 8 13 3.83393e-48
37 12 8 13 11 7.40321e-48
37 13 11 12 8 0.0349363
37 5 6 12 6 5.37427e-50
37 6 5 6 12 1.73335e-50
37 6 12 6 5 5.29134e-50
37 12 6 5 6 6.1628e-50
37 4 7 9 7 1.67326e-48
37 7 4 7 9 2.14651e-48
37 7 9 7 4 7.70232e-48
37 9 7 4 7 2.34599e-48
37 4 6 6 11 5.37188e-48
37 6 6 11 4 8.01834e-48
37 6 11 4 6 7.08758e-48
37 11 4 6 6 3.39719e-48
37 7 10 9 10 1.76381e-48
37 9 10 7 10 1.41454e-48
37 10 7 10 9 3.44503e-48
37 10 9 10 7 5.49498e-48
37 12 12 13 13 5.97832e-50
37 12 13 13 12 4.84173e-50
37 13 12 12 13 0.000356524
37 13 13 12 12 0.000288742
37 4 13 13 12 3.38895e-48
37 12 4 13 13 2.54902e-48
37 13 12 4 13 0.043416
37 13 13 12 4 0.0387185
37 4 12 10 12 2.35721e-48
37 10 12 4 12 3.20952e-48
37 12 4 12 10 7.98975e-49
37 12 10 12 4 1.71347e-48
37 7 9 8 10 5.25707e-48
37 8 10 7 9 2.56901e-48
37 9 8 10 7 6.05355e-48
37 10 7 9 8 3.56341e-48
37 6 9 10 13 6.25544e-48
37 9 10 13 6 3.86826e-48
37 10 13 6 9 5.44974e-48
37 13 6 9 10 0.0329608
37 4 6 4 12 3.81886e-48
37 4 12 4 6 4.86369e-48
37 6 4 12 4 2.2002e-48
37 12 4 6 4 3.45055e-48
37 4 4 4 13 2.12925e-48
37 4 4 13 4 3.41687e-48
37 4 13 4 4 5.42327e-48
37 13 4 4 4 0.0354515
37 5 12 11 12 3.17158e-48
37 11 12 5 12 2.4262e-48
37 12 5 12 11 9.21515e-49
37 12 11 12 5 2.62696e-48
37 5 6 10 12 5.8965e-48
37 6 10 12 5 2.08271e-48
37 10 12 5 6 6.73952e-48
37 12 5 6 10 1.56909e-48
37 7 11 13 12 4.47134e-48
37 11 13 12 7 1.70607e-48
37 12 7 11 13 2.25883e-48
37 13 12 7 11 0.0284167
37 7 8 11 10 5.71992e-48
37 8 11 10 7 4.70068e-48
37 10 7 8 11 3.42977e-48
37 11 10 7 8 2.19424e-48
37 4 9 4 12 3.26356e-48
37 4 12 4 9 2.86034e-48
37 9 4 12 4 1.65104e-48
37 12 4 9 4 2.04875e-48
37 6 8 11 11 8.52913e-48
37 8 11 11 6 8.98407e-48
37 11 6 8 11 6.13326e-48
37 11 11 6 8 7.06108e-48
37 4 10 8 8 2.10086e-48
37 8 4 10 8 2.77118e-48
37 8 8 4 10 5.1971e-48
37 10 8 8 4 9.79661e-48
37 9 9 13 13 5.9225e-48
37 9 13 13 9 4.20389e-48
37 13 9 9 13 0.0438276
37 13 13 9 9 0.0311095
37 6 11 13 12 3.53902e-48
37 11 13 12 6 2.54561e-48
37 12 6 11 13 3.69954e-48
37 13 12 6 11 0.0354445
37 9 9 12 12 2.27425e-50
37 9 12 12 9 1.99326e-50
37 12 9 9 12 2.82209e-50
37 12 12 9 9 2.47341e-50
37 5 10 13 6 5.49965e-48
37 6 5 10 13 2.38142e-48
37 10 13 6 5 7.22616e-48
37 13 6 5 10 0.0433056
37 4 10 7 10 1.50446e-48
37 7 10 4 10 2.63015e-48
37 10 4 10 7 2.68503e-48
37 10 7 10 4 6.04038e-48
37 6 8 13 13 9.77114e-48
37 8 13 13 6 8.92614e-48
37 13 6 8 13 0.062813
37 13 13 6 8 0.0627161
37 4 12 6 6 4.67618e-48
37 6 4 12 6 1.81632e-48
37 6 6 4 12 4.07314e-48
37 12 6 6 4 7.03401e-48
37 5 9 13 11 6.87692e-48
37 9 13 11 5 3.81715e-48
37 11 5 9 13 1.2781e-48
37 13 11 5 9 0.0384909
37 4 4 7 9 1.9268e-50
37 4 7 9 4 3.65832e-50
37 7 9 4 4 1.20872e-49
37 9 4 4 7 2.27997e-50
37 6 11 8 8 6.43923e-48
37 8 6 11 8 8.05982e-48
37 8 8 6 11 1.04854e-47
37 11 8 8 6 9.8356e-48
37 4 11 4 11 8.73635e-48
37 11 4 11 4 6.25044e-48
37 5 6 6 9 1.35463e-47
37 6 6 9 5 9.99632e-48
37 6 9 5 6 1.43933e-47
37 9 5 6 6 5.27091e-48
37 8 9 11 11 6.9015e-48
37 9 11 11 8 5.41455e-48
37 11 8 9 11 5.66422e-48
37 11 11 8 9 4.58628e-48
37 4 11 13 12 3.15959e-48
37 11 13 12 4 2.93632e-48
37 12 4 11 13 1.72813e-48
37 13 12 4 11 0.0351047
37 5 11 9 9 3.71104e-48
37 9 5 11 9 1.38932e-48
37 9 9 5 11 4.1901e-48
37 11 9 9 5 4.00573e-48
37 5 12 8 9 3.11654e-48
37 8 9 5 12 3.35025e-48
37 9 5 12 8 8.71436e-49
37 12 8 9 5 3.89557e-48
37 8 9 10 13 6.43882e-48
37 9 10 13 8 2.99118e-48
37 10 13 8 9 4.35337e-48
37 13 8 9 10 0.0383072
37 4 9 6 6 6.43613e-48
37 6 4 9 6 2.33964e-48
37 6 6 4 9 4.91347e-48
37 9 6 6 4 7.30173e-48
37 4 4 9 13 1.38938e-48
37 4 9 13 4 6.80407e-48
37 9 13 4 4 4.96158e-48
37 13 4 4 9 0.0196737
37 4 8 4 12 4.71497e-48
37 4 12 4 8 3.99535e-48
37 8 4 12 4 2.40587e-48
37 12 4 8 4 2.9282e-48
37 5 7 8 12 3.10269e-48
37 7 8 12 5 6.45522e-48
37 8 12 5 7 4.08665e-48
37 12 5 7 8 1.78322e-48
37 5 13 7 7 3.17739e-48
37 7 5 13 7 2.03975e-48
37 7 7 5 13 3.2338e-48
37 13 7 7 5 0.0264341
37 7 9 9 9 3.82778e-48
37 9 7 9 9 1.6243e-48
37 9 9 7 9 3.06981e-48
37 9 9 9 7 2.59084e-48
37 8 10 8 13 3.41465e-48
37 8 13 8 10 4.05545e-48
37 10 8 13 8 1.23488e-47
37 13 8 10 8 0.0941001
37 4 11 7 12 2.56671e-50
37 7 12 4 11 4.80513e-50
37 11 7 12 4 2.42671e-50
37 12 4 11 7 1.617e-50
37 4 7 11 13 2.79781e-48
37 7 11 13 4 1.061e-47
37 11 13 4 7 3.67643e-48
37 13 4 7 11 0.0214405
37 10 12 12 13 3.13931e-48
37 12 12 13 10 3.25275e-48
37 12 13 10 12 3.24871e-48
37 13 10 12 12 0.0132278
37 5 10 7 12 2.13661e-48
37 7 12 5 10 3.61044e-48
37 10 7 12 5 2.70035e-48
37 12 5 10 7 1.58014e-48
37 5 7 12 11 2.21913e-48
37 7 12 11 5 5.22327e-48
37 11 5 7 12 1.13593e-48
37 12 11 5 7 3.32208e-48
37 4 10 12 6 1.55199e-48
37 6 4 10 12 1.68037e-48
37 10 12 6 4 6.4862e-48
37 12 6 4 10 3.10904e-48
37 6 10 9 11 2.33589e-48
37 9 11 6 10 4.04286e-48
37 10 9 11 6 9.32747e-48
37 11 6 10 9 5.47149e-48
37 8 8 13 11 9.89614e-48
37 8 13 11 8 5.69442e-48
37 11 8 8 13 6.7371e-48
37 13 11 8 8 0.0568396
37 8 13 11 9 4.63039e-48
37 9 8 13 11 7.71357e-48
37 11 9 8 13 5.29653e-48
37 13 11 9 8 0.0451695
37 4 6 11 11 4.43364e-48
37 6 11 11 4 6.8128e-48
37 11 4 6 11 2.42694e-48
37 11 11 4 6 6.12e-48
37 4 6 5 12 6.95061e-48
37 5 12 4 6 1.34305e-47
37 6 5 12 4 3.54102e-48
37 12 4 6 5 5.39039e-48
37 4 9 13 12 3.19525e-48
37 9 13 12 4 2.56569e-48
37 12 4 9 13 1.24997e-48
37 13 12 4 9 0.0290561
37 4 12 5 10 2.60715e-48
37 5 10 4 12 2.69732e-48
37 10 4 12 5 2.11118e-48
37 12 5 10 4 2.77917e-48
37 4 9 11 9 3.63337e-48
37 9 4 9 11 1.45875e-48
37 9 11 9 4 4.28418e-48
37 11 9 4 9 4.21695e-48
37 4 6 4 7 4.34009e-48
37 4 7 4 6 3.95396e-48
37 6 4 7 4 3.16369e-48
37 7 4 6 4 4.98567e-48
37 9 11 13 10 3.95276e-48
37 10 9 11 13 6.61861e-48
37 11 13 10 9 4.00461e-48
37 13 10 9 11 0.0213599
37 4 13 9 6 2.88527e-48
37 6 4 13 9 1.99744e-48
37 9 6 4 13 3.92191e-48
37 13 9 6 4 0.0670346
38 4 9 5 12 0.00939349
38 5 12 4 9 0.0125627
38 9 5 12 4 1.24801e-05
38 12 4 9 5 3.89401e-47
38 4 7 6 6 0.00487716
38 6 4 7 6 6.82936e-06
38 6 6 4 7 1.18563e-06
38 7 6 6 4 0.000468015
38 8 13 11 12 0.00250089
38 11 12 8 13 0.00927131
38 12 8 13 11 0.00123763
38 13 11 12 8 0.0132191
38 5 6 12 6 2.26681e-05
38 6 5 6 12 8.94742e-08
38 6 12 6 5 2.01766e-50
38 12 6 5 6 1.49124e-06
38 4 7 9 7 0.00208445
38 7 4 7 9 0.000762759
38 7 9 7 4 0.00477968
38 9 7 4 7 1.55881e-05
38 4 6 6 11 0.00152062
38 6 6 11 4 2.19081e-06
38 6 11 4 6 2.07448e-05
38 11 4 6 6 0.00201365
38 7 10 9 10 0.000476427
38 9 10 7 10 1.17607e-05
38 10 7 10 9 0.00418424
38 10 9 10 7 0.00739954
38 12 12 13 13 2.01768e-05
38 12 13 13 12 9.29511e-06
38 13 12 12 13 0.000178002
38 13 13 12 12 8.20024e-05
38 4 13 13 12 0.00440361
38 12 4 13 13 0.000447622
38 13 12 4 13 0.0201416
38 13 13 12 4 0.00419924
38 4 12 10 12 0.0111117
38 10 12 4 12 0.00901961
38 12 4 12 10 0.000131586
38 12 10 12 4 0.000118613
38 7 9 8 10 0.00414046
38 8 10 7 9 0.000911446
38 9 8 10 7 3.67191e-05
38 10 7 9 8 0.00554063
38 6 9 10 13 3.73692e-05
38 9 10 13 6 1.44167e-05
38 10 13 6 9 0.00263786
38 13 6 9 10 0.00198926
38 4 6 4 12 0.00148666
38 4 12 4 6 0.00777383
38 6 4 12 4 2.82292e-06
38 12 4 6 4 0.000345516
38 4 4 4 13 0.00272803
38 4 4 13 4 0.00214676
38 4 13 4 4 0.00290092
38 13 4 4 4 0.00452345
38 5 12 11 12 0.0242295
38 11 12 5 12 0.0052838
38 12 5 12 11 0.000311961
38 12 11 12 5 9.40519e-47
38 5 6 10 12 0.00681572
38 6 10 12 5 2.85662e-49
38 10 12 5 6 0.00796819
38 12 5 6 10 0.000397041
38 7 11 13 12 0.00423478
38 11 13 12 7 0.000636829
38 12 7 11 13 0.000640162
38 13 12 7 11 0.0220311
38 7 8 11 10 0.00168583
38 8 11 10 7 0.00358405
38 10 7 8 11 0.00720554
38 11 10 7 8 0.0015581
38 4 9 4 12 0.0110844
38 4 12 4 9 0.00408304
38 9 4 12 4 9.04283e-06
38 12 4 9 4 0.000288815
38 6 8 11 11 1.91191e-05
38 8 11 11 6 0.00697429
38 11 6 8 11 0.00170375
38 11 11 6 8 0.00939177
38 4 10 8 8 0.0017382
38 8 4 10 8 0.00159979
38 8 8 4 10 0.00227865
38 10 8 8 4 0.00713998
38 9 9 13 13 0.000101308
38 9 13 13 9 1.71917e-05
38 13 9 9 13 0.0285451
38 13 13 9 9 0.00484402
38 6 11 13 12 2.04917e-05
38 11 13 12 6 0.0012816
38 12 6 11 13 0.000160493
38 13 12 6 11 0.0165502
38 9 9 12 12 6.24677e-07
38 9 12 12 9 2.30106e-07
38 12 9 9 12 1.99513e-05
38 12 12 9 9 7.34925e-06
38 5 10 13 6 0.00585583
38 6 5 10 13 1.22735e-05
38 10 13 6 5 5.30375e-46
38 13 6 5 10 0.00166429
38 4 10 7 10 0.00166453
38 7 10 4 10 0.000504262
38 10 4 10 7 0.00188791
38 10 7 10 4 0.00668968
38 6 8 13 13 1.93513e-05
38 8 13 13 6 0.00243235
38 13 6 8 13 0.00458935
38 13 13 6 8 0.00871718
38 4 12 6 6 0.00747964
38 6 4 12 6 2.86164e-06
38 6 6 4 12 2.79126e-06
38 12 6 6 4 0.000154613
38 5 9 13 11 0.0338007
38 9 13 11 5 2.66388e-48
38 11 5 9 13 0.00271486
38 13 11 5 9 0.00966095
38 4 4 7 9 2.37793e-05
38 4 7 9 4 5.00564e-05
38 7 9 4 4 4.51414e-05
38 9 4 4 7 1.05642e-07
38 6 11 8 8 2.91679e-05
38 8 6 11 8 0.000771018
38 8 8 6 11 0.00572346
38 11 8 8 6 0.00760357
38 4 11 4 11 0.0225073
38 11 4 11 4 0.00314763
38 5 6 6 9 0.00474509
38 6 6 9 5 6.12912e-49
38 6 9 5 6 3.62041e-05
38 9 5 6 6 5.44664e-05
38 8 9 11 11 0.00795195
38 9 11 11 8 7.92735e-05
38 11 8 9 11 0.00693225
38 11 11 8 9 0.00668826
38 4 11 13 12 0.0103927
38 11 13 12 4 0.00120387
38 12 4 11 13 0.000341525
38 13 12 4 11 0.0163795
38 5 11 9 9 0.0166681
38 9 5 11 9 1.33763e-05
38 9 9 5 11 6.97127e-05
38 11 9 9 5 8.66958e-46
38 5 12 8 9 0.0131697
38 8 9 5 12 0.00456517
38 9 5 12 8 1.08688e-05
38 12 8 9 5 8.6442e-47
38 8 9 10 13 0.00977159
38 9 10 13 8 1.2512e-05
38 10 13 8 9 0.00290343
38 13 8 9 10 0.00996904
38 4 9 6 6 0.0102585
38 6 4 9 6 4.82556e-06
38 6 6 4 9 1.41019e-06
38 9 6 6 4 8.16326e-06
38 4 4 9 13 0.00250791
38 4 9 13 4 0.00818707
38 9 13 4 4 1.99434e-05
38 13 4 4 9 0.00275299
38 4 8 4 12 0.00791471
38 4 12 4 8 0.0071673
38 8 4 12 4 0.000784173
38 12 4 8 4 0.000404009
38 5 7 8 12 0.0233587
38 7 8 12 5 2.1324e-46
38 8 12 5 7 0.00194296
38 12 5 7 8 0.000675137
38 5 13 7 7 0.00551993
38 7 5 13 7 0.000555084
38 7 7 5 13 0.0015348
38 13 7 7 5 1.33651e-45
38 7 9 9 9 0.00220876
38 9 7 9 9 1.83161e-05
38 9 9 7 9 5.45236e-05
38 9 9 9 7 3.23908e-05
38 8 10 8 13 0.00173421
38 8 13 8 10 0.00204582
38 10 8 13 8 0.00834521
38 13 8 10 8 0.0216629
38 4 11 7 12 0.000151217
38 7 12 4 11 3.42647e-05
38 11 7 12 4 1.80645e-05
38 12 4 11 7 1.53792e-06
38 4 7 11 13 0.00536677
38 7 11 13 4 0.00383746
38 11 13 4 7 0.00127515
38 13 4 7 11 0.00864897
38 10 12 12 13 0.00685935
38 12 12 13 10 0.000887515
38 12 13 10 12 0.000929808
38 13 10 12 12 0.00305764
38 5 10 7 12 0.00868926
38 7 12 5 10 0.00185663
38 10 7 12 5 3.86992e-46
38 12 5 10 7 0.000328943
38 5 7 12 11 0.00947446
38 7 12 11 5 3.39872e-46
38 11 5 7 12 0.00393901
38 12 11 5 7 0.000542832
38 4 10 12 6 0.00089294
38 6 4 10 12 7.25516e-06
38 10 12 6 4 0.00696617
38 12 6 4 10 0.000104442
38 6 10 9 11 4.79884e-06
38 9 11 6 10 6.2961e-05
38 10 9 11 6 0.0127884
38 11 6 10 9 0.000878704
38 8 8 13 11 0.00500753
38 8 13 11 8 0.00195998
38 11 8 8 13 0.00802375
38 13 11 8 8 0.0275559
38 8 13 11 9 0.00126819
38 9 8 13 11 6.55876e-05
38 11 9 8 13 0.0127632
38 13 11 9 8 0.0223742
38 4 6 11 11 0.00130933
38 6 11 11 4 1.69537e-05
38 11 4 6 11 0.00222896
38 11 11 4 6 0.0072473
38 4 6 5 12 0.00242752
38 5 12 4 6 0.046086
38 6 5 12 4 7.50666e-06
38 12 4 6 5 8.97599e-47
38 4 9 13 12 0.0100677
38 9 13 12 4 1.10988e-05
38 12 4 9 13 0.000333352
38 13 12 4 9 0.00781429
38 4 12 5 10 0.00465627
38 5 10 4 12 0.00660176
38 10 4 12 5 2.10983e-46
38 12 5 10 4 0.000635462
38 4 9 11 9 0.00539586
38 9 4 9 11 1.99008e-05
38 9 11 9 4 6.14148e-05
38 11 9 4 9 0.00427214
38 4 6 4 7 0.000587439
38 4 7 4 6 0.00471548
38 6 4 7 4 6.26711e-06
38 7 4 6 4 0.000972942
38 9 11 13 10 5.70646e-05
38 10 9 11 13 0.01398
38 11 13 10 9 0.00231398
38 13 10 9 11 0.0046965
38 4 13 9 6 0.00267003
38 6 4 13 9 2.42273e-06
38 9 6 4 13 8.28875e-06
38 13 9 6 4 0.0163931
39 3 0 3 9 0.0563003
39 1 0 1 11 0.027531
39 2 0 3 8 0.0305995
39 2 0 3 10 0.0385439
39 2 0 1 12 0.0476683
39 1 0 1 9 0.067658
39 3 0 3 8 0.0630675
39 1 0 1 7 0.0442487
39 2 0 1 4 0.0223077
39 1 0 3 12 0.0451087
39 2 0 1 11 0.058271
39 2 0 2 7 0.0315232
39 3 0 3 5 0.00967335
39 3 0 2 9 0.0294652
39 1 0 2 11 0.0254283
39 3 0 3 13 0.0180696
39 2 0 1 9 0.035103
39 2 0 2 4 0.0167825
39 3 0 3 6 0.0314241
39 3 0 2 13 0.0192143
39 1 0 2 12 0.133809
39 1 0 3 9 0.0296172
39 3 0 2 11 0.0282395
39 3 0 3 12 0.0449313
39 1 0 3 13 0.0195002
39 2 0 2 11 0.0259145
40 3 9 3 0 0.0818138
40 1 11 1 0 0.0313262
40 3 8 2 0 0.0375018
40 3 10 2 0 0.0187442
40 1 12 2 0 0.0211689
40 1 9 1 0 0.0630047
40 3 8 3 0 0.11026
40 1 7 1 0 0.0275197
40 1 4 2 0 0.0274341
40 3 12 1 0 0.0223098
40 1 11 2 0 0.0657129
40 2 7 2 0 0.0188011
40 3 5 3 0 0.0436282
40 2 9 3 0 0.0375359
40 2 11 1 0 0.0279964
40 3 13 3 0 0.0313847
40 1 9 2 0 0.0323974
40 2 4 2 0 0.0199706
40 3 6 3 0 0.0361684
40 2 13 3 0 0.0292561
40 2 12 1 0 0.0580154
40 3 9 1 0 0.0304422
40 2 11 3 0 0.0439569
40 3 12 3 0 0.0314173
40 3 13 1 0 0.0239565
40 2 11 2 0 0.0282774
41 4 9 5 12 0.00353701
41 5 12 4 9 0.00434346
41 9 5 12 4 0.00019238
41 12 4 9 5 0.00134325
41 4 7 6 6 0.000800401
41 6 4 7 6 0.00149041
41 6 6 4 7 0.00509064
41 7 6 6 4 0.00108196
41 8 13 11 12 0.00891581
41 11 12 8 13 0.00709634
41 12 8 13 11 0.00440597
41 13 11 12 8 0.00489693
41 5 6 12 6 6.34098e-06
41 6 5 6 12 3.18189e-05
41 6 12 6 5 5.88959e-05
41 12 6 5 6 8.30439e-06
41 4 7 9 7 0.00141023
41 7 4 7 9 0.00319449
41 7 9 7 4 0.000390335
41 9 7 4 7 0.00120227
41 4 6 6 11 0.00667868
41 6 6 11 4 0.00345154
41 6 11 4 6 0.00168564
41 11 4 6 6 0.00247683
41 7 10 9 10 0.000442376
41 9 10 7 10 0.000375777
41 10 7 10 9 0.0118619
41 10 9 10 7 0.00405931
41 12 12 13 13 2.26321e-05
41 12 13 13 12 3.97427e-05
41 13 12 12 13 3.68986e-05
41 13 13 12 12 6.47953e-05
41 4 13 13 12 0.00471587
41 12 4 13 13 0.00181712
41 13 12 4 13 0.00348066
41 13 13 12 4 0.001286
41 4 12 10 12 0.00508588
41 10 12 4 12 0.0060342
41 12 4 12 10 0.000375539
41 12 10 12 4 0.000335206
41 7 9 8 10 0.000776254
41 8 10 7 9 0.00658764
41 9 8 10 7 0.00330766
41 10 7 9 8 0.00613745
41 6 9 10 13 0.00525606
41 9 10 13 6 0.000723279
41 10 13 6 9 0.0125031
41 13 6 9 10 0.00157884
41 4 6 4 12 0.00463581
41 4 12 4 6 0.000894121
41 6 4 12 4 0.00199367
41 12 4 6 4 0.000894473
41 4 4 4 13 0.00234639
41 4 4 13 4 0.00149882
41 4 13 4 4 0.00101852
41 13 4 4 4 0.00194259
41 5 12 11 12 0.00365223
41 11 12 5 12 0.00980497
41 12 5 12 11 0.000622803
41 12 11 12 5 0.000851376
41 5 6 10 12 0.00632497
41 6 10 12 5 0.00329435
41 10 12 5 6 0.00238445
41 12 5 6 10 0.000221139
41 7 11 13 12 0.00260266
41 11 13 12 7 0.00257263
41 12 7 11 13 0.0010323
41 13 12 7 11 0.004551
41 7 8 11 10 0.000883088
41 8 11 10 7 0.00483244
41 10 7 8 11 0.00961768
41 11 10 7 8 0.00477925
41 4 9 4 12 0.00254889
41 4 12 4 9 0.00515649
41 9 4 12 4 0.000653732
41 12 4 9 4 0.000609586
41 6 8 11 11 0.018799
41 8 11 11 6 0.00223716
41 11 6 8 11 0.0219514
41 11 11 6 8 0.0117865
41 4 10 8 8 0.00450719
41 8 4 10 8 0.0113512
41 8 8 4 10 0.00157666
41 10 8 8 4 0.00309335
41 9 9 13 13 0.00158619
41 9 13 13 9 0.00563496
41 13 9 9 13 0.00241143
41 13 13 9 9 0.00856668
41 6 11 13 12 0.00720581
41 11 13 12 6 0.00102393
41 12 6 11 13 0.00147478
41 13 12 6 11 0.00713694
41 9 9 12 12 1.75832e-05
41 9 12 12 9 3.55714e-05
41 12 9 9 12 1.63958e-05
41 12 12 9 9 3.31693e-05
41 5 10 13 6 0.00078818
41 6 5 10 13 0.00243928
41 10 13 6 5 0.00530903
41 13 6 5 10 0.00241642
41 4 10 7 10 0.000521199
41 7 10 4 10 0.000523091
41 10 4 10 7 0.00686322
41 10 7 10 4 0.00245056
41 6 8 13 13 0.00756784
41 8 13 13 6 0.00214139
41 13 6 8 13 0.00702827
41 13 13 6 8 0.00897286
41 4 12 6 6 0.000944492
41 6 4 12 6 0.00142443
41 6 6 4 12 0.00867683
41 12 6 6 4 0.000819072
41 5 9 13 11 0.00322714
41 9 13 11 5 0.00203973
41 11 5 9 13 0.00119953
41 13 11 5 9 0.0102951
41 4 4 7 9 5.71593e-05
41 4 7 9 4 9.50272e-06
41 7 9 4 4 7.00963e-06
41 9 4 4 7 2.26894e-05
41 6 11 8 8 0.0147771
41 8 6 11 8 0.0134668
41 8 8 6 11 0.0142638
41 11 8 8 6 0.00393293
41 4 11 4 11 0.00861606
41 11 4 11 4 0.00654277
41 5 6 6 9 0.0133393
41 6 6 9 5 0.0108027
41 6 9 5 6 0.00371225
41 9 5 6 6 0.000541603
41 8 9 11 11 0.009232
41 9 11 11 8 0.00449255
41 11 8 9 11 0.012597
41 11 11 8 9 0.0192787
41 4 11 13 12 0.00366598
41 11 13 12 4 0.00136466
41 12 4 11 13 0.00153361
41 13 12 4 11 0.00643358
41 5 11 9 9 0.00365564
41 9 5 11 9 0.00173954
41 9 9 5 11 0.0034364
41 11 9 9 5 0.0030423
41 5 12 8 9 0.00544856
41 8 9 5 12 0.0051732
41 9 5 12 8 0.000615275
41 12 8 9 5 0.00115048
41 8 9 10 13 0.00414915
41 9 10 13 8 0.00327068
41 10 13 8 9 0.0149994
41 13 8 9 10 0.00149182
41 4 9 6 6 0.000707466
41 6 4 9 6 0.00179237
41 6 6 4 9 0.0131484
41 9 6 6 4 0.00110529
41 4 4 9 13 0.0019308
41 4 9 13 4 0.000862572
41 9 13 4 4 0.00071453
41 13 4 4 9 0.00914943
41 4 8 4 12 0.00465335
41 4 12 4 8 0.00429528
41 8 4 12 4 0.00167192
41 12 4 8 4 0.00113995
41 5 7 8 12 0.00418739
41 7 8 12 5 0.00165975
41 8 12 5 7 0.00556835
41 12 5 7 8 0.000655608
41 5 13 7 7 0.000994439
41 7 5 13 7 0.000513107
41 7 7 5 13 0.00135245
41 13 7 7 5 0.0017716
41 7 9 9 9 0.00237586
41 9 7 9 9 0.00274591
41 9 9 7 9 0.00201818
41 9 9 9 7 0.000939687
41 8 10 8 13 0.00536679
41 8 13 8 10 0.00260993
41 10 8 13 8 0.013117
41 13 8 10 8 0.014329
41 4 11 7 12 2.37304e-05
41 7 12 4 11 3.22484e-05
41 11 7 12 4 1.23695e-05
41 12 4 11 7 1.68997e-05
41 4 7 11 13 0.0021676
41 7 11 13 4 0.000914083
41 11 13 4 7 0.00429436
41 13 4 7 11 0.006466
41 10 12 12 13 0.00310703
41 12 12 13 10 0.000689722
41 12 13 10 12 0.00365572
41 13 10 12 12 0.00406049
41 5 10 7 12 0.00190476
41 7 12 5 10 0.000872165
41 10 7 12 5 0.00255667
41 12 5 10 7 0.000640721
41 5 7 12 11 0.0021843
41 7 12 11 5 0.00206524
41 11 5 7 12 0.00181168
41 12 11 5 7 0.00146264
41 4 10 12 6 0.000445471
41 6 4 10 12 0.0119806
41 10 12 6 4 0.00198307
41 12 6 4 10 0.000508485
41 6 10 9 11 0.00836389
41 9 11 6 10 0.000823074
41 10 9 11 6 0.00166905
41 11 6 10 9 0.0240454
41 8 8 13 11 0.0134375
41 8 13 11 8 0.00994528
41 11 8 8 13 0.0085756
41 13 11 8 8 0.0101829
41 8 13 11 9 0.0135608
41 9 8 13 11 0.00596771
41 11 9 8 13 0.00533526
41 13 11 9 8 0.00618481
41 4 6 11 11 0.00684943
41 6 11 11 4 0.00255591
41 11 4 6 11 0.0128762
41 11 11 4 6 0.00158994
41 4 6 5 12 0.012395
41 5 12 4 6 0.00145116
41 6 5 12 4 0.00113045
41 12 4 6 5 0.00379774
41 4 9 13 12 0.00273679
41 9 13 12 4 0.000476995
41 12 4 9 13 0.00102465
41 13 12 4 9 0.00717594
41 4 12 5 10 0.00125541
41 5 10 4 12 0.00275169
41 10 4 12 5 0.00388148
41 12 5 10 4 0.00034732
41 4 9 11 9 0.00486661
41 9 4 9 11 0.00355357
41 9 11 9 4 0.000648745
41 11 9 4 9 0.00793069
41 4 6 4 7 0.00253012
41 4 7 4 6 0.000704871
41 6 4 7 4 0.00194054
41 7 4 6 4 0.00109916
41 9 11 13 10 0.000803251
41 10 9 11 13 0.00377006
41 11 13 10 9 0.0183957
41 13 10 9 11 0.00597063
41 4 13 9 6 0.000591418
41 6 4 13 9 0.0130495
41 9 6 4 13 0.00148868
41 13 9 6 4 0.00116635
42 4 9 5 12 0.00376752
42 5 12 4 9 0.000515713
42 9 5 12 4 0.00766837
42 12 4 9 5 0.000510416
42 4 7 6 6 0.00168472
42 6 4 7 6 0.00513185
42 6 6 4 7 0.00364655
42 7 6 6 4 0.00283692
42 8 13 11 12 0.00270102
42 11 12 8 13 0.000877393
42 12 8 13 11 0.00130443
42 13 11 12 8 0.00440566
42 5 6 12 6 5.79952e-05
42 6 5 6 12 8.08767e-05
42 6 12 6 5 2.83428e-06
42 12 6 5 6 1.67078e-05
42 4 7 9 7 0.000477674
42 7 4 7 9 0.00251196
42 7 9 7 4 0.000745513
42 9 7 4 7 0.000410822
42 4 6 6 11 0.0170195
42 6 6 11 4 0.0040596
42 6 11 4 6 0.00484326
42 11 4 6 6 0.00869182
42 7 10 9 10 0.00161624
42 9 10 7 10 0.0033345
42 10 7 10 9 5.15916e-05
42 10 9 10 7 0.00037942
42 12 12 13 13 3.88223e-06
42 12 13 13 12 1.21366e-05
42 13 12 12 13 8.42862e-06
42 13 13 12 12 2.63495e-05
42 4 13 13 12 0.00833413
42 12 4 13 13 0.003426
42 13 12 4 13 0.000800282
42 13 13 12 4 0.00196824
42 4 12 10 12 0.00152679
42 10 12 4 12 3.78789e-05
42 12 4 12 10 0.00118359
42 12 10 12 4 0.00070177
42 7 9 8 10 0.00255527
42 8 10 7 9 0.00225525
42 9 8 10 7 0.00656075
42 10 7 9 8 3.14847e-05
42 6 9 10 13 0.00445835
42 9 10 13 6 0.0116048
42 10 13 6 9 0.000384258
42 13 6 9 10 0.00232507
42 4 6 4 12 0.00949646
42 4 12 4 6 0.0023618
42 6 4 12 4 0.00334469
42 12 4 6 4 0.00180193
42 4 4 4 13 0.0263585
42 4 4 13 4 0.0176082
42 4 13 4 4 0.00697487
42 13 4 4 4 0.00528582
42 5 12 11 12 0.000580509
42 11 12 5 12 0.000226202
42 12 5 12 11 0.00260674
42 12 11 12 5 0.000407272
42 5 6 10 12 0.00661754
42 6 10 12 5 0.00181086
42 10 12 5 6 8.50744e-05
42 12 5 6 10 0.00397423
42 7 11 13 12 0.00203204
42 11 13 12 7 0.00146077
42 12 7 11 13 0.000164705
42 13 12 7 11 0.000328221
42 7 8 11 10 0.00265832
42 8 11 10 7 0.00431369
42 10 7 8 11 6.2144e-05
42 11 10 7 8 0.00291501
42 4 9 4 12 0.00431529
42 4 12 4 9 0.00123074
42 9 4 12 4 0.00443342
42 12 4 9 4 0.000712754
42 6 8 11 11 0.00505894
42 8 11 11 6 0.00766597
42 11 6 8 11 0.007021
42 11 11 6 8 0.00573483
42 4 10 8 8 0.0248927
42 8 4 10 8 0.0100837
42 8 8 4 10 0.00187555
42 10 8 8 4 0.000329524
42 9 9 13 13 0.00514521
42 9 13 13 9 0.0045875
42 13 9 9 13 0.00179589
42 13 13 9 9 0.00160122
42 6 11 13 12 0.00222598
42 11 13 12 6 0.00209693
42 12 6 11 13 0.00199399
42 13 12 6 11 0.000583998
42 9 9 12 12 1.66905e-05
42 9 12 12 9 4.76021e-06
42 12 9 9 12 2.68331e-06
42 12 12 9 9 7.65292e-07
42 5 10 13 6 0.0111473
42 6 5 10 13 0.0230855
42 10 13 6 5 0.000244484
42 13 6 5 10 0.00400215
42 4 10 7 10 0.00819515
42 7 10 4 10 0.00341628
42 10 4 10 7 0.00121774
42 10 7 10 4 4.91426e-05
42 6 8 13 13 0.00490236
42 8 13 13 6 0.00520907
42 13 6 8 13 0.0109209
42 13 13 6 8 0.006255
42 4 12 6 6 0.00240464
42 6 4 12 6 0.00573601
42 6 6 4 12 0.00248147
42 12 6 6 4 0.00105174
42 5 9 13 11 0.00340718
42 9 13 11 5 0.0027994
42 11 5 9 13 0.00555638
42 13 11 5 9 0.0027097
42 4 4 7 9 0.000127382
42 4 7 9 4 4.83653e-06
42 7 9 4 4 1.57597e-05
42 9 4 4 7 0.000103075
42 6 11 8 8 0.00801093
42 8 6 11 8 0.00811593
42 8 8 6 11 0.00369511
42 11 8 8 6 0.00587427
42 4 11 4 11 0.0253345
42 11 4 11 4 0.0108448
42 5 6 6 9 0.0106948
42 6 6 9 5 0.0021139
42 6 9 5 6 0.00498702
42 9 5 6 6 0.0502724
42 8 9 11 11 0.00335877
42 9 11 11 8 0.0111526
42 11 8 9 11 0.00155891
42 11 11 8 9 0.00433697
42 4 11 13 12 0.00811181
42 11 13 12 4 0.00116432
42 12 4 11 13 0.00325309
42 13 12 4 11 0.000546195
42 5 11 9 9 0.00189185
42 9 5 11 9 0.0165409
42 9 9 5 11 0.00266617
42 11 9 9 5 0.000441962
42 5 12 8 9 0.000624051
42 8 9 5 12 0.000839595
42 9 5 12 8 0.0115142
42 12 8 9 5 0.000185911
42 8 9 10 13 0.00384108
42 9 10 13 8 0.0102642
42 10 13 8 9 0.00046136
42 13 8 9 10 0.00146574
42 4 9 6 6 0.010429
42 6 4 9 6 0.00406416
42 6 6 4 9 0.00306943
42 9 6 6 4 0.00463521
42 4 4 9 13 0.0121338
42 4 9 13 4 0.00533828
42 9 13 4 4 0.00276142
42 13 4 4 9 0.00539954
42 4 8 4 12 0.00635983
42 4 12 4 8 0.00221919
42 8 4 12 4 0.00306124
42 12 4 8 4 0.00229836
42 5 7 8 12 0.00048575
42 7 8 12 5 0.000972626
42 8 12 5 7 0.000390944
42 12 5 7 8 0.00321219
42 5 13 7 7 0.00191525
42 7 5 13 7 0.00831997
42 7 7 5 13 0.000253695
42 13 7 7 5 0.000100103
42 7 9 9 9 0.000648103
42 9 7 9 9 0.000171061
42 9 9 7 9 0.00133712
42 9 9 9 7 0.00125803
42 8 10 8 13 0.00893398
42 8 13 8 10 0.00398717
42 10 8 13 8 0.000660524
42 13 8 10 8 0.00799227
42 4 11 7 12 4.59258e-05
42 7 12 4 11 4.29423e-06
42 11 7 12 4 1.40211e-06
42 12 4 11 7 2.56873e-05
42 4 7 11 13 0.00200143
42 7 11 13 4 0.00268601
42 11 13 4 7 0.00245435
42 13 4 7 11 0.00512556
42 10 12 12 13 6.77316e-05
42 12 12 13 10 0.000193352
42 12 13 10 12 0.00118009
42 13 10 12 12 0.00294048
42 5 10 7 12 0.00260816
42 7 12 5 10 0.000323399
42 10 7 12 5 1.61233e-05
42 12 5 10 7 0.00537821
42 5 7 12 11 0.000336819
42 7 12 11 5 0.000284785
42 11 5 7 12 0.00364575
42 12 11 5 7 0.000907379
42 4 10 12 6 0.0129547
42 6 4 10 12 0.00551888
42 10 12 6 4 4.51571e-05
42 12 6 4 10 0.00102819
42 6 10 9 11 0.00273176
42 9 11 6 10 0.00582636
42 10 9 11 6 0.000598857
42 11 6 10 9 0.00517685
42 8 8 13 11 0.00350789
42 8 13 11 8 0.00532369
42 11 8 8 13 0.00495599
42 13 11 8 8 0.00889526
42 8 13 11 9 0.00335344
42 9 8 13 11 0.00577022
42 11 9 8 13 0.00381945
42 13 11 9 8 0.00313318
42 4 6 11 11 0.019789
42 6 11 11 4 0.00334323
42 11 4 6 11 0.00645571
42 11 11 4 6 0.00410354
42 4 6 5 12 0.0159751
42 5 12 4 6 0.00190687
42 6 5 12 4 0.011147
42 12 4 6 5 0.00248633
42 4 9 13 12 0.00450029
42 9 13 12 4 0.00183144
42 12 4 9 13 0.0011127
42 13 12 4 9 0.000385297
42 4 12 5 10 0.00131928
42 5 10 4 12 0.00443536
42 10 4 12 5 0.000325428
42 12 5 10 4 0.00438067
42 4 9 11 9 0.00734922
42 9 4 9 11 0.00465357
42 9 11 9 4 0.00175612
42 11 9 4 9 0.00137444
42 4 6 4 7 0.012982
42 4 7 4 6 0.00153931
42 6 4 7 4 0.00278371
42 7 4 6 4 0.00452148
42 9 11 13 10 0.00572988
42 10 9 11 13 0.000523396
42 11 13 10 9 0.00351779
42 13 10 9 11 0.00314231
42 4 13 9 6 0.00543831
42 6 4 13 9 0.00464199
42 9 6 4 13 0.00601573
42 13 9 6 4 0.0016114
43 4 9 5 12 6.10228e-46
43 5 12 4 9 2.13283e-48
43 9 5 12 4 0.00775079
43 12 4 9 5 0.0181198
43 4 7 6 6 1.66368e-45
43 6 4 7 6 0.0116095
43 6 6 4 7 1.73267e-45
43 7 6 6 4 0.00901162
43 8 13 11 12 2.68601e-46
43 11 12 8 13 1.61583e-48
43 12 8 13 11 6.65288e-46
43 13 11 12 8 0.0153656
43 5 6 12 6 0.000382137
43 6 5 6 12 0.000127586
43 6 12 6 5 1.28438e-07
43 12 6 5 6 1.52231e-47
43 4 7 9 7 2.33181e-45
43 7 4 7 9 0.00723532
43 7 9 7 4 0.00189342
43 9 7 4 7 7.92913e-89
43 4 6 6 11 0.0172453
43 6 6 11 4 0.0023924
43 6 11 4 6 1.39372e-45
43 11 4 6 6 0.0195424
43 7 10 9 10 0.0132665
43 9 10 7 10 0.00252937
43 10 7 10 9 2.73449e-88
43 10 9 10 7 2.2422e-45
43 12 12 13 13 1.89919e-50
43 12 13 13 12 1.43263e-90
43 13 12 12 13 3.32724e-07
43 13 13 12 12 2.50986e-47
43 4 13 13 12 1.29216e-88
43 12 4 13 13 1.38106e-45
43 13 12 4 13 1.60975e-48
43 13 13 12 4 1.23977e-45
43 4 12 10 12 2.18895e-48
43 10 12 4 12 3.35464e-48
43 12 4 12 10 0.0261693
43 12 10 12 4 0.00553742
43 7 9 8 10 1.15131e-45
43 8 10 7 9 0.00312297
43 9 8 10 7 8.06628e-46
43 10 7 9 8 4.3486e-45
43 6 9 10 13 8.02384e-46
43 9 10 13 6 6.27923e-46
43 10 13 6 9 2.7552e-45
43 13 6 9 10 0.0311921
43 4 6 4 12 1.64524e-45
43 4 12 4 6 2.9383e-48
43 6 4 12 4 0.0190665
43 12 4 6 4 0.0117032
43 4 4 4 13 1.8233e-45
43 4 4 13 4 1.31883e-45
43 4 13 4 4 9.34264e-89
43 13 4 4 4 1.23936e-45
43 5 12 11 12 5.0531e-06
43 11 12 5 12 1.0189e-48
43 12 5 12 11 0.015928
43 12 11 12 5 0.00830286
43 5 6 10 12 2.56044e-45
43 6 10 12 5 0.00821528
43 10 12 5 6 5.20456e-48
43 12 5 6 10 0.0160803
43 7 11 13 12 6.92188e-46
43 11 13 12 7 1.34969e-45
43 12 7 11 13 1.66084e-46
43 13 12 7 11 7.0434e-06
43 7 8 11 10 0.00191133
43 8 11 10 7 1.2614e-45
43 10 7 8 11 2.93165e-88
43 11 10 7 8 0.00230761
43 4 9 4 12 7.00999e-46
43 4 12 4 9 1.81958e-48
43 9 4 12 4 0.0108777
43 12 4 9 4 0.0171593
43 6 8 11 11 0.00227751
43 8 11 11 6 0.00364838
43 11 6 8 11 1.79025e-45
43 11 11 6 8 0.00932838
43 4 10 8 8 9.18896e-46
43 8 4 10 8 1.78895e-45
43 8 8 4 10 6.93219e-46
43 10 8 8 4 1.22258e-45
43 9 9 13 13 3.82113e-46
43 9 13 13 9 7.4819e-89
43 13 9 9 13 0.0105601
43 13 13 9 9 2.06771e-45
43 6 11 13 12 7.07717e-46
43 11 13 12 6 1.45282e-45
43 12 6 11 13 0.00213054
43 13 12 6 11 1.46971e-05
43 9 9 12 12 6.79841e-05
43 9 12 12 9 1.76466e-07
43 12 9 9 12 0.000107243
43 12 12 9 9 2.7837e-07
43 5 10 13 6 1.32057e-45
43 6 5 10 13 1.55907e-45
43 10 13 6 5 2.07622e-45
43 13 6 5 10 1.65662e-45
43 4 10 7 10 0.0048654
43 7 10 4 10 8.67749e-46
43 10 4 10 7 6.5552e-45
43 10 7 10 4 2.09208e-88
43 6 8 13 13 6.79298e-46
43 8 13 13 6 1.58522e-88
43 13 6 8 13 1.84817e-45
43 13 13 6 8 1.40289e-45
43 4 12 6 6 2.60805e-05
43 6 4 12 6 0.0342569
43 6 6 4 12 1.27618e-45
43 12 6 6 4 0.00799756
43 5 9 13 11 7.95049e-46
43 9 13 11 5 1.2242e-46
43 11 5 9 13 0.0128719
43 13 11 5 9 7.45803e-46
43 4 4 7 9 0.000115363
43 4 7 9 4 1.68985e-47
43 7 9 4 4 5.38432e-48
43 9 4 4 7 1.80048e-47
43 6 11 8 8 1.53806e-45
43 8 6 11 8 0.0036589
43 8 8 6 11 0.0079875
43 11 8 8 6 1.16473e-45
43 4 11 4 11 2.37821e-45
43 11 4 11 4 0.00462609
43 5 6 6 9 0.0372011
43 6 6 9 5 0.0342572
43 6 9 5 6 1.6612e-45
43 9 5 6 6 0.0236483
43 8 9 11 11 0.00179706
43 9 11 11 8 0.00183134
43 11 8 9 11 0.0110915
43 11 11 8 9 1.09609e-45
43 4 11 13 12 8.688e-46
43 11 13 12 4 7.69975e-46
43 12 4 11 13 0.00296879
43 13 12 4 11 1.57671e-48
43 5 11 9 9 0.0197012
43 9 5 11 9 0.00183794
43 9 9 5 11 3.70158e-46
43 11 9 9 5 0.00569138
43 5 12 8 9 2.25067e-48
43 8 9 5 12 3.85277e-46
43 9 5 12 8 0.00932842
43 12 8 9 5 0.00581849
43 8 9 10 13 6.59769e-46
43 9 10 13 8 4.24915e-46
43 10 13 8 9 3.30902e-88
43 13 8 9 10 0.0148067
43 4 9 6 6 0.0102323
43 6 4 9 6 0.0399675
43 6 6 4 9 1.29963e-45
43 9 6 6 4 0.00591501
43 4 4 9 13 0.0271233
43 4 9 13 4 4.38935e-46
43 9 13 4 4 4.72592e-89
43 13 4 4 9 1.57623e-45
43 4 8 4 12 8.29668e-46
43 4 12 4 8 2.11229e-48
43 8 4 12 4 0.0166549
43 12 4 8 4 1.49318e-45
43 5 7 8 12 1.9374e-88
43 7 8 12 5 0.00772254
43 8 12 5 7 1.83226e-48
43 12 5 7 8 0.00587406
43 5 13 7 7 7.45347e-46
43 7 5 13 7 1.14072e-45
43 7 7 5 13 6.14901e-89
43 13 7 7 5 2.84283e-46
43 7 9 9 9 0.00890863
43 9 7 9 9 9.50738e-46
43 9 9 7 9 0.00169851
43 9 9 9 7 0.00779577
43 8 10 8 13 8.24034e-46
43 8 13 8 10 1.99545e-88
43 10 8 13 8 1.72415e-45
43 13 8 10 8 1.05724e-45
43 4 11 7 12 4.77708e-05
43 7 12 4 11 1.64536e-50
43 11 7 12 4 7.48444e-48
43 12 4 11 7 4.63319e-05
43 4 7 11 13 2.65081e-46
43 7 11 13 4 6.05039e-46
43 11 13 4 7 1.15552e-88
43 13 4 7 11 0.00906352
43 10 12 12 13 5.50307e-05
43 12 12 13 10 2.02347e-48
43 12 13 10 12 1.45296e-88
43 13 10 12 12 0.0110429
43 5 10 7 12 0.00433134
43 7 12 5 10 1.84169e-48
43 10 7 12 5 2.48797e-45
43 12 5 10 7 1.84115e-45
43 5 7 12 11 2.02821e-45
43 7 12 11 5 2.74834e-06
43 11 5 7 12 0.0041561
43 12 11 5 7 8.90484e-46
43 4 10 12 6 0.0140664
43 6 4 10 12 1.93544e-45
43 10 12 6 4 2.30555e-05
43 12 6 4 10 1.35625e-45
43 6 10 9 11 0.01404
43 9 11 6 10 0.00908118
43 10 9 11 6 0.0057598
43 11 6 10 9 1.48308e-45
43 8 8 13 11 6.65765e-46
43 8 13 11 8 2.80613e-46
43 11 8 8 13 6.63053e-46
43 13 11 8 8 1.37858e-45
43 8 13 11 9 2.74556e-46
43 9 8 13 11 4.93879e-46
43 11 9 8 13 6.36307e-46
43 13 11 9 8 0.0179938
43 4 6 11 11 0.00398564
43 6 11 11 4 0.00159128
43 11 4 6 11 0.0140555
43 11 11 4 6 1.00074e-45
43 4 6 5 12 2.75955e-45
43 5 12 4 6 6.63614e-48
43 6 5 12 4 0.0261767
43 12 4 6 5 0.0238119
43 4 9 13 12 5.59571e-46
43 9 13 12 4 6.15114e-46
43 12 4 9 13 0.0189368
43 13 12 4 9 1.36496e-48
43 4 12 5 10 2.36225e-48
43 5 10 4 12 9.90845e-46
43 10 4 12 5 0.0454474
43 12 5 10 4 1.07336e-45
43 4 9 11 9 0.00170323
43 9 4 9 11 0.019074
43 9 11 9 4 0.00670905
43 11 9 4 9 4.6244e-46
43 4 6 4 7 2.07797e-45
43 4 7 4 6 1.74363e-88
43 6 4 7 4 0.0060109
43 7 4 6 4 0.0122674
43 9 11 13 10 7.8412e-46
43 10 9 11 13 0.00339673
43 11 13 10 9 1.17829e-88
43 13 10 9 11 0.0130363
43 4 13 9 6 2.46621e-45
43 6 4 13 9 1.28497e-45
43 9 6 4 13 6.22484e-46
43 13 9 6 4 0.00361601
44 4 9 5 12 1.15726e-48
44 5 12 4 9 1.1734e-48
44 9 5 12 4 2.28356e-48
44 12 4 9 5 3.38101e-48
44 4 7 6 6 0.0358744
44 6 4 7 6 5.31798e-48
44 6 6 4 7 1.23678e-47
44 7 6 6 4 0.0753362
44 8 13 11 12 1.39208e-48
44 11 12 8 13 5.94598e-48
44 12 8 13 11 2.21468e-48
44 13 11 12 8 1.80802e-48
44 5 6 12 6 3.08983e-50
44 6 5 6 12 0.000132794
44 6 12 6 5 0.000677711
44 12 6 5 6 7.748e-50
44 4 7 9 7 5.31684e-48
44 7 4 7 9 2.00635e-48
44 7 9 7 4 4.65241e-48
44 9 7 4 7 7.86467e-48
44 4 6 6 11 0.0293191
44 6 6 11 4 1.07303e-47
44 6 11 4 6 3.37617e-48
44 11 4 6 6 0.0314028
44 7 10 9 10 6.62767e-48
44 9 10 7 10 1.08966e-47
44 10 7 10 9 3.29846e-48
44 10 9 10 7 6.0125e-48
44 12 12 13 13 8.34787e-50
44 12 13 13 12 2.27772e-50
44 13 12 12 13 5.69377e-50
44 13 13 12 12 1.55355e-50
44 4 13 13 12 1.0023e-48
44 12 4 13 13 4.6873e-48
44 13 12 4 13 3.98533e-48
44 13 13 12 4 3.23328e-48
44 4 12 10 12 1.35445e-48
44 10 12 4 12 1.31489e-48
44 12 4 12 10 4.28041e-48
44 12 10 12 4 6.29343e-48
44 7 9 8 10 5.82731e-48
44 8 10 7 9 4.52284e-48
44 9 8 10 7 6.68348e-48
44 10 7 9 8 3.68352e-48
44 6 9 10 13 7.03848e-48
44 9 10 13 6 5.94157e-48
44 10 13 6 9 0.0178563
44 13 6 9 10 7.78862e-48
44 4 6 4 12 1.70148e-48
44 4 12 4 6 2.39995e-48
44 6 4 12 4 5.50531e-48
44 12 4 6 4 0.05247
44 4 4 4 13 2.37028e-48
44 4 4 13 4 3.06073e-48
44 4 13 4 4 2.39715e-48
44 13 4 4 4 3.3206e-48
44 5 12 11 12 9.8537e-49
44 11 12 5 12 1.99378e-48
44 12 5 12 11 1.16848e-48
44 12 11 12 5 2.91707e-48
44 5 6 10 12 2.26903e-48
44 6 10 12 5 8.48493e-48
44 10 12 5 6 4.89811e-48
44 12 5 6 10 0.0399469
44 7 11 13 12 1.02075e-48
44 11 13 12 7 3.6298e-48
44 12 7 11 13 5.65833e-48
44 13 12 7 11 2.51627e-48
44 7 8 11 10 3.40908e-48
44 8 11 10 7 5.76187e-48
44 10 7 8 11 3.56348e-48
44 11 10 7 8 4.72029e-48
44 4 9 4 12 8.07494e-49
44 4 12 4 9 1.29075e-48
44 9 4 12 4 3.66495e-48
44 12 4 9 4 3.94102e-48
44 6 8 11 11 2.98912e-48
44 8 11 11 6 3.28066e-48
44 11 6 8 11 5.54127e-48
44 11 11 6 8 0.0275147
44 4 10 8 8 2.87912e-48
44 8 4 10 8 2.5891e-48
44 8 8 4 10 3.26685e-48
44 10 8 8 4 3.45723e-48
44 9 9 13 13 4.50905e-48
44 9 13 13 9 1.96658e-48
44 13 9 9 13 3.30712e-48
44 13 13 9 9 1.44237e-48
44 6 11 13 12 1.49728e-48
44 11 13 12 6 1.89285e-48
44 12 6 11 13 6.09527e-48
44 13 12 6 11 0.0198975
44 9 9 12 12 1.44813e-50
44 9 12 12 9 2.31479e-50
44 12 9 9 12 1.55722e-50
44 12 12 9 9 2.48915e-50
44 5 10 13 6 3.62248e-48
44 6 5 10 13 4.48951e-48
44 10 13 6 5 0.0363643
44 13 6 5 10 1.10734e-47
44 4 10 7 10 7.8348e-48
44 7 10 4 10 7.04898e-48
44 10 4 10 7 6.59883e-48
44 10 7 10 4 8.39447e-48
44 6 8 13 13 5.55309e-48
44 8 13 13 6 3.39952e-48
44 13 6 8 13 8.70164e-48
44 13 13 6 8 0.0241003
44 4 12 6 6 0.0255738
44 6 4 12 6 3.42386e-48
44 6 6 4 12 3.02592e-48
44 12 6 6 4 0.0857516
44 5 9 13 11 1.23888e-48
44 9 13 11 5 3.065e-48
44 11 5 9 13 1.90988e-48
44 13 11 5 9 1.6568e-48
44 4 4 7 9 2.00177e-50
44 4 7 9 4 5.39272e-50
44 7 9 4 4 4.17622e-50
44 9 4 4 7 6.2706e-50
44 6 11 8 8 4.20409e-48
44 8 6 11 8 5.14604e-48
44 8 8 6 11 0.023178
44 11 8 8 6 3.45718e-48
44 4 11 4 11 2.35924e-48
44 11 4 11 4 8.03117e-48
44 5 6 6 9 0.0453727
44 6 6 9 5 1.70995e-47
44 6 9 5 6 1.0534e-47
44 9 5 6 6 0.0418874
44 8 9 11 11 2.41243e-48
44 9 11 11 8 2.54632e-48
44 11 8 9 11 1.8459e-48
44 11 11 8 9 2.19835e-48
44 4 11 13 12 8.01708e-49
44 11 13 12 4 2.89818e-48
44 12 4 11 13 3.55145e-48
44 13 12 4 11 1.77807e-48
44 5 11 9 9 8.62282e-49
44 9 5 11 9 1.05733e-48
44 9 9 5 11 2.5716e-48
44 11 9 9 5 2.92912e-48
44 5 12 8 9 1.2752e-48
44 8 9 5 12 1.38507e-48
44 9 5 12 8 1.04233e-48
44 12 8 9 5 2.33778e-48
44 8 9 10 13 4.7852e-48
44 9 10 13 8 4.40526e-48
44 10 13 8 9 1.83968e-48
44 13 8 9 10 3.32888e-48
44 4 9 6 6 0.0206373
44 6 4 9 6 3.55417e-48
44 6 6 4 9 3.90317e-48
44 9 6 6 4 0.0827797
44 4 4 9 13 2.16849e-48
44 4 9 13 4 2.71354e-48
44 9 13 4 4 3.244e-48
44 13 4 4 9 1.26957e-48
44 4 8 4 12 7.72551e-49
44 4 12 4 8 1.89032e-48
44 8 4 12 4 3.97618e-48
44 12 4 8 4 5.74281e-48
44 5 7 8 12 1.90577e-48
44 7 8 12 5 2.71898e-48
44 8 12 5 7 9.6408e-48
44 12 5 7 8 2.30473e-48
44 5 13 7 7 3.35724e-48
44 7 5 13 7 2.64332e-48
44 7 7 5 13 5.98959e-48
44 13 7 7 5 5.58294e-48
44 7 9 9 9 1.27749e-48
44 9 7 9 9 2.44011e-48
44 9 9 7 9 2.10033e-48
44 9 9 9 7 4.44789e-48
44 8 10 8 13 9.20779e-48
44 8 13 8 10 6.33358e-48
44 10 8 13 8 2.28699e-48
44 13 8 10 8 2.55583e-48
44 4 11 7 12 1.09636e-50
44 7 12 4 11 2.01647e-50
44 11 7 12 4 5.69728e-50
44 12 4 11 7 5.55032e-50
44 4 7 11 13 4.4061e-48
44 7 11 13 4 3.75933e-48
44 11 13 4 7 4.4959e-48
44 13 4 7 11 2.50019e-48
44 10 12 12 13 4.48204e-48
44 12 12 13 10 7.8988e-48
44 12 13 10 12 2.00375e-48
44 13 10 12 12 2.13705e-48
44 5 10 7 12 2.02616e-48
44 7 12 5 10 7.24486e-48
44 10 7 12 5 5.07394e-48
44 12 5 10 7 4.74645e-48
44 5 7 12 11 1.83362e-48
44 7 12 11 5 3.78011e-48
44 11 5 7 12 1.05665e-48
44 12 11 5 7 6.55343e-48
44 4 10 12 6 2.69982e-48
44 6 4 10 12 2.12011e-48
44 10 12 6 4 0.0457106
44 12 6 4 10 7.67534e-48
44 6 10 9 11 5.16123e-48
44 9 11 6 10 0.0564119
44 10 9 11 6 3.04045e-48
44 11 6 10 9 4.55545e-48
44 8 8 13 11 2.04973e-48
44 8 13 11 8 2.32396e-48
44 11 8 8 13 4.05674e-48
44 13 11 8 8 2.41684e-48
44 8 13 11 9 1.80235e-48
44 9 8 13 11 2.14588e-48
44 11 9 8 13 4.8161e-48
44 13 11 9 8 1.88382e-48
44 4 6 11 11 2.534e-48
44 6 11 11 4 4.99964e-48
44 11 4 6 11 0.0212061
44 11 11 4 6 2.24405e-48
44 4 6 5 12 4.69843e-48
44 5 12 4 6 4.20379e-48
44 6 5 12 4 6.6094e-48
44 12 4 6 5 0.086733
44 4 9 13 12 8.21034e-49
44 9 13 12 4 2.91851e-48
44 12 4 9 13 3.10317e-48
44 13 12 4 9 1.42382e-48
44 4 12 5 10 5.81484e-48
44 5 10 4 12 1.46312e-48
44 10 4 12 5 3.25443e-48
44 12 5 10 4 3.8728e-48
44 4 9 11 9 1.1157e-48
44 9 4 9 11 1.8583e-48
44 9 11 9 4 3.36935e-48
44 11 9 4 9 1.43198e-48
44 4 6 4 7 6.46945e-48
44 4 7 4 6 3.13182e-48
44 6 4 7 4 7.95457e-48
44 7 4 6 4 0.0428822
44 9 11 13 10 5.16802e-48
44 10 9 11 13 3.69593e-48
44 11 13 10 9 2.13116e-48
44 13 10 9 11 3.07369e-48
44 4 13 9 6 1.34706e-48
44 6 4 13 9 2.05539e-48
44 9 6 4 13 5.17743e-48
44 13 9 6 4 0.0309827
45 4 9 5 12 0.00617263
45 5 12 4 9 0.00215153
45 9 5 12 4 0.00299356
45 12 4 9 5 1.65508e-05
45 4 7 6 6 0.00920447
45 6 4 7 6 0.00507787
45 6 6 4 7 0.006977
45 7 6 6 4 0.0103793
45 8 13 11 12 0.00210064
45 11 12 8 13 0.00211562
45 12 8 13 11 0.00180457
45 13 11 12 8 0.000899339
45 5 6 12 6 3.20844e-05
45 6 5 6 12 4.19082e-05
45 6 12 6 5 0.000115406
45 12 6 5 6 0.000381866
45 4 7 9 7 2.23085e-06
45 7 4 7 9 0.000632458
45 7 9 7 4 0.00237712
45 9 7 4 7 0.00388322
45 4 6 6 11 0.00490453
45 6 6 11 4 0.00766401
45 6 11 4 6 0.0333797
45 11 4 6 6 0.0118107
45 7 10 9 10 1.09024e-48
45 9 10 7 10 2.88808e-46
45 10 7 10 9 0.000707816
45 10 9 10 7 0.000535573
45 12 12 13 13 1.39713e-05
45 12 13 13 12 1.51192e-05
45 13 12 12 13 2.0261e-05
45 13 13 12 12 2.19257e-05
45 4 13 13 12 0.000832549
45 12 4 13 13 0.00147427
45 13 12 4 13 0.0082359
45 13 13 12 4 0.00488697
45 4 12 10 12 0.000461044
45 10 12 4 12 0.00436897
45 12 4 12 10 2.56262e-46
45 12 10 12 4 0.00443162
45 7 9 8 10 3.47287e-46
45 8 10 7 9 0.00129463
45 9 8 10 7 0.000816409
45 10 7 9 8 3.58372e-06
45 6 9 10 13 0.00197589
45 9 10 13 6 0.00367759
45 10 13 6 9 0.00327301
45 13 6 9 10 1.41539e-48
45 4 6 4 12 0.00690549
45 4 12 4 6 0.0134778
45 6 4 12 4 0.00557086
45 12 4 6 4 0.0118201
45 4 4 4 13 0.00906035
45 4 4 13 4 0.00218933
45 4 13 4 4 0.0207102
45 13 4 4 4 0.0234371
45 5 12 11 12 0.000603396
45 11 12 5 12 0.00564498
45 12 5 12 11 0.00150147
45 12 11 12 5 0.00414416
45 5 6 10 12 0.000829366
45 6 10 12 5 0.00848776
45 10 12 5 6 0.024732
45 12 5 6 10 7.98781e-46
45 7 11 13 12 0.000589771
45 11 13 12 7 0.000727593
45 12 7 11 13 0.00201154
45 13 12 7 11 0.000958636
45 7 8 11 10 3.38268e-46
45 8 11 10 7 0.000645824
45 10 7 8 11 0.00269714
45 11 10 7 8 0.000838506
45 4 9 4 12 0.00461132
45 4 12 4 9 0.00259151
45 9 4 12 4 0.00338987
45 12 4 9 4 1.43757e-05
45 6 8 11 11 0.00486416
45 8 11 11 6 0.00717219
45 11 6 8 11 0.0039959
45 11 11 6 8 0.00278787
45 4 10 8 8 0.00108461
45 8 4 10 8 0.000631221
45 8 8 4 10 2.05702e-45
45 10 8 8 4 0.00692142
45 9 9 13 13 0.00120806
45 9 13 13 9 0.000734697
45 13 9 9 13 7.42952e-06
45 13 13 9 9 4.51835e-06
45 6 11 13 12 0.000936851
45 11 13 12 6 0.00375692
45 12 6 11 13 0.00226293
45 13 12 6 11 0.00287611
45 9 9 12 12 1.10107e-05
45 9 12 12 9 6.1879e-06
45 12 9 9 12 4.66942e-08
45 12 12 9 9 2.62416e-08
45 5 10 13 6 0.00264822
45 6 5 10 13 0.00202901
45 10 13 6 5 0.0164692
45 13 6 5 10 2.86048e-45
45 4 10 7 10 2.68559e-46
45 7 10 4 10 1.76472e-45
45 10 4 10 7 0.000667684
45 10 7 10 4 0.00331659
45 6 8 13 13 0.0027788
45 8 13 13 6 0.00442389
45 13 6 8 13 0.00421159
45 13 13 6 8 0.00317254
45 4 12 6 6 0.00582791
45 6 4 12 6 0.00526349
45 6 6 4 12 0.0103886
45 12 6 6 4 0.0120863
45 5 9 13 11 0.000675737
45 9 13 11 5 0.00533768
45 11 5 9 13 5.97063e-06
45 13 11 5 9 0.00656956
45 4 4 7 9 8.07811e-06
45 4 7 9 4 1.47475e-07
45 7 9 4 4 0.000199509
45 9 4 4 7 5.16793e-05
45 6 11 8 8 0.00201411
45 8 6 11 8 0.00154624
45 8 8 6 11 0.0089685
45 11 8 8 6 0.00959278
45 4 11 4 11 0.0172144
45 11 4 11 4 0.00951797
45 5 6 6 9 0.00396947
45 6 6 9 5 5.54391e-05
45 6 9 5 6 0.0773306
45 9 5 6 6 0.019659
45 8 9 11 11 0.00261748
45 9 11 11 8 0.00108745
45 11 8 9 11 1.05481e-05
45 11 11 8 9 0.00160685
45 4 11 13 12 0.000592994
45 11 13 12 4 0.00378637
45 12 4 11 13 0.00210738
45 13 12 4 11 0.00633366
45 5 11 9 9 2.16209e-06
45 9 5 11 9 0.000849291
45 9 9 5 11 0.0107728
45 11 9 9 5 1.38723e-05
45 5 12 8 9 0.000465742
45 8 9 5 12 0.00711378
45 9 5 12 8 0.000504994
45 12 8 9 5 1.72e-05
45 8 9 10 13 0.00152911
45 9 10 13 8 0.000663317
45 10 13 8 9 0.00165524
45 13 8 9 10 1.4532e-48
45 4 9 6 6 0.00778078
45 6 4 9 6 2.08494e-05
45 6 6 4 9 0.00779462
45 9 6 6 4 0.0112892
45 4 4 9 13 5.44648e-06
45 4 9 13 4 0.00170876
45 9 13 4 4 0.0216708
45 13 4 4 9 0.00486693
45 4 8 4 12 0.00753191
45 4 12 4 8 0.00258251
45 8 4 12 4 0.00457997
45 12 4 8 4 0.00635035
45 5 7 8 12 0.00134728
45 7 8 12 5 0.00512443
45 8 12 5 7 0.00491773
45 12 5 7 8 0.000716779
45 5 13 7 7 0.000434672
45 7 5 13 7 0.000321168
45 7 7 5 13 0.0100076
45 13 7 7 5 0.00338841
45 7 9 9 9 2.17802e-06
45 9 7 9 9 2.80244e-06
45 9 9 7 9 0.000576963
45 9 9 9 7 2.12048e-06
45 8 10 8 13 0.00497286
45 8 13 8 10 6.57303e-46
45 10 8 13 8 0.00087471
45 13 8 10 8 0.000988145
45 4 11 7 12 8.42337e-06
45 7 12 4 11 5.52246e-05
45 11 7 12 4 3.5857e-05
45 12 4 11 7 9.18356e-06
45 4 7 11 13 0.00196011
45 7 11 13 4 0.00232616
45 11 13 4 7 0.00523368
45 13 4 7 11 0.00179004
45 10 12 12 13 0.00151113
45 12 12 13 10 1.50468e-46
45 12 13 10 12 0.00127387
45 13 10 12 12 0.0017865
45 5 10 7 12 0.000945665
45 7 12 5 10 1.22374e-45
45 10 7 12 5 0.00469748
45 12 5 10 7 0.000565057
45 5 7 12 11 0.00113821
45 7 12 11 5 0.00284552
45 11 5 7 12 0.000912446
45 12 11 5 7 0.00577371
45 4 10 12 6 0.0036142
45 6 4 10 12 0.00114726
45 10 12 6 4 0.00660047
45 12 6 4 10 1.66964e-45
45 6 10 9 11 1.39237e-05
45 9 11 6 10 8.52828e-46
45 10 9 11 6 0.00528253
45 11 6 10 9 0.00093136
45 8 8 13 11 0.00201249
45 8 13 11 8 0.00138799
45 11 8 8 13 0.00407695
45 13 11 8 8 0.00139065
45 8 13 11 9 0.00158198
45 9 8 13 11 0.00169185
45 11 9 8 13 0.00283505
45 13 11 9 8 3.57567e-06
45 4 6 11 11 0.00202922
45 6 11 11 4 0.00632056
45 11 4 6 11 0.00497921
45 11 11 4 6 0.0230332
45 4 6 5 12 0.0178105
45 5 12 4 6 0.0215602
45 6 5 12 4 0.00947901
45 12 4 6 5 0.0262207
45 4 9 13 12 0.000482769
45 9 13 12 4 0.00335714
45 12 4 9 13 6.22844e-06
45 13 12 4 9 0.00290442
45 4 12 5 10 1.25739e-45
45 5 10 4 12 0.00638487
45 10 4 12 5 0.00502912
45 12 5 10 4 0.00300497
45 4 9 11 9 0.000719923
45 9 4 9 11 6.2207e-06
45 9 11 9 4 1.31696e-05
45 11 9 4 9 0.00417731
45 4 6 4 7 0.00431429
45 4 7 4 6 0.0198021
45 6 4 7 4 0.00499959
45 7 4 6 4 0.00944275
45 9 11 13 10 1.98247e-46
45 10 9 11 13 0.00232575
45 11 13 10 9 0.000866076
45 13 10 9 11 9.95916e-06
45 4 13 9 6 1.16173e-05
45 6 4 13 9 0.000675499
45 9 6 4 13 0.00957431
45 13 9 6 4 0.00781207
46 4 9 5 12 0.00332785
46 5 12 4 9 0.00310613
46 9 5 12 4 0.00316529
46 12 4 9 5 0.00220058
46 4 7 6 6 0.00570805
46 6 4 7 6 0.00435177
46 6 6 4 7 0.00562466
46 7 6 6 4 0.00623502
46 8 13 11 12 0.0100441
46 11 12 8 13 0.00310837
46 12 8 13 11 0.00406015
46 13 11 12 8 0.00207044
46 5 6 12 6 2.25525e-05
46 6 5 6 12 7.36824e-05
46 6 12 6 5 3.21911e-05
46 12 6 5 6 6.57757e-05
46 4 7 9 7 0.00265209
46 7 4 7 9 0.00392436
46 7 9 7 4 0.00296908
46 9 7 4 7 0.00649413
46 4 6 6 11 0.00455838
46 6 6 11 4 0.00672474
46 6 11 4 6 0.00476719
46 11 4 6 6 0.00587555
46 7 10 9 10 0.00152491
46 9 10 7 10 0.00233051
46 10 7 10 9 0.00724649
46 10 9 10 7 0.00364073
46 12 12 13 13 5.49869e-05
46 12 13 13 12 7.34102e-05
46 13 12 12 13 4.79542e-05
46 13 13 12 12 6.40212e-05
46 4 13 13 12 0.00339904
46 12 4 13 13 0.00461311
46 13 12 4 13 0.00629011
46 13 13 12 4 0.00390487
46 4 12 10 12 0.00274262
46 10 12 4 12 0.00570818
46 12 4 12 10 0.00112917
46 12 10 12 4 0.00382408
46 7 9 8 10 0.00148217
46 8 10 7 9 0.0129938
46 9 8 10 7 0.00376547
46 10 7 9 8 0.00301348
46 6 9 10 13 0.0032668
46 9 10 13 6 0.00792897
46 10 13 6 9 0.00677124
46 13 6 9 10 0.00272106
46 4 6 4 12 0.00567698
46 4 12 4 6 0.00358298
46 6 4 12 4 0.00322365
46 12 4 6 4 0.00708926
46 4 4 4 13 0.00323852
46 4 4 13 4 0.0036145
46 4 13 4 4 0.00314335
46 13 4 4 4 0.00892992
46 5 12 11 12 0.0031179
46 11 12 5 12 0.00416174
46 12 5 12 11 0.00261325
46 12 11 12 5 0.00146859
46 5 6 10 12 0.00420947
46 6 10 12 5 0.00270818
46 10 12 5 6 0.00569279
46 12 5 6 10 0.00292644
46 7 11 13 12 0.00342959
46 11 13 12 7 0.00154199
46 12 7 11 13 0.00522742
46 13 12 7 11 0.00411118
46 7 8 11 10 0.00140327
46 8 11 10 7 0.00537333
46 10 7 8 11 0.00573875
46 11 10 7 8 0.00240443
46 4 9 4 12 0.00363898
46 4 12 4 9 0.00349683
46 9 4 12 4 0.00312787
46 12 4 9 4 0.00361866
46 6 8 11 11 0.00487597
46 8 11 11 6 0.0106066
46 11 6 8 11 0.00539787
46 11 11 6 8 0.00286952
46 4 10 8 8 0.00190451
46 8 4 10 8 0.0036113
46 8 8 4 10 0.00282237
46 10 8 8 4 0.00383074
46 9 9 13 13 0.00406269
46 9 13 13 9 0.00521202
46 13 9 9 13 0.00409902
46 13 13 9 9 0.00525862
46 6 11 13 12 0.00381921
46 11 13 12 6 0.00174314
46 12 6 11 13 0.00452032
46 13 12 6 11 0.0056944
46 9 9 12 12 3.57464e-05
46 9 12 12 9 3.43501e-05
46 12 9 9 12 4.13553e-05
46 12 12 9 9 3.97398e-05
46 5 10 13 6 0.00460164
46 6 5 10 13 0.00399261
46 10 13 6 5 0.00376253
46 13 6 5 10 0.00398114
46 4 10 7 10 0.00163245
46 7 10 4 10 0.00261557
46 10 4 10 7 0.00471406
46 10 7 10 4 0.00709883
46 6 8 13 13 0.00379615
46 8 13 13 6 0.00857059
46 13 6 8 13 0.00800814
46 13 13 6 8 0.00441843
46 4 12 6 6 0.00348362
46 6 4 12 6 0.0028702
46 6 6 4 12 0.00711023
46 12 6 6 4 0.0072709
46 5 9 13 11 0.00211159
46 9 13 11 5 0.00266136
46 11 5 9 13 0.00241587
46 13 11 5 9 0.00663881
46 4 4 7 9 4.22076e-05
46 4 7 9 4 4.07313e-05
46 7 9 4 4 5.11648e-05
46 9 4 4 7 6.62324e-05
46 6 11 8 8 0.00228926
46 8 6 11 8 0.00720382
46 8 8 6 11 0.00953714
46 11 8 8 6 0.00413238
46 4 11 4 11 0.00575778
46 11 4 11 4 0.010469
46 5 6 6 9 0.0102756
46 6 6 9 5 0.0051757
46 6 9 5 6 0.00895069
46 9 5 6 6 0.0142127
46 8 9 11 11 0.00895326
46 9 11 11 8 0.00295755
46 11 8 9 11 0.00267804
46 11 11 8 9 0.00457237
46 4 11 13 12 0.0029037
46 11 13 12 4 0.00186428
46 12 4 11 13 0.00419686
46 13 12 4 11 0.00557704
46 5 11 9 9 0.00190077
46 9 5 11 9 0.00649343
46 9 9 5 11 0.00387668
46 11 9 9 5 0.00156312
46 5 12 8 9 0.00209916
46 8 9 5 12 0.00705738
46 9 5 12 8 0.00128272
46 12 8 9 5 0.00142625
46 8 9 10 13 0.00558789
46 9 10 13 8 0.00364568
46 10 13 8 9 0.00475463
46 13 8 9 10 0.00173708
46 4 9 6 6 0.00356026
46 6 4 9 6 0.00346215
46 6 6 4 9 0.0069828
46 9 6 6 4 0.00758093
46 4 4 9 13 0.00183717
46 4 9 13 4 0.00271622
46 9 13 4 4 0.00436644
46 13 4 4 9 0.00886975
46 4 8 4 12 0.00385001
46 4 12 4 8 0.00175013
46 8 4 12 4 0.00585781
46 12 4 8 4 0.00528826
46 5 7 8 12 0.00481303
46 7 8 12 5 0.0013934
46 8 12 5 7 0.00750706
46 12 5 7 8 0.00256338
46 5 13 7 7 0.00147975
46 7 5 13 7 0.00310594
46 7 7 5 13 0.00378707
46 13 7 7 5 0.00433391
46 7 9 9 9 0.00252123
46 9 7 9 9 0.00491477
46 9 9 7 9 0.00385317
46 9 9 9 7 0.00246925
46 8 10 8 13 0.0106597
46 8 13 8 10 0.0030551
46 10 8 13 8 0.00274204
46 13 8 10 8 0.00325492
46 4 11 7 12 2.72909e-05
46 7 12 4 11 3.39937e-05
46 11 7 12 4 3.40434e-05
46 12 4 11 7 4.9397e-05
46 4 7 11 13 0.00428307
46 7 11 13 4 0.00370163
46 11 13 4 7 0.00357917
46 13 4 7 11 0.00610337
46 10 12 12 13 0.00266828
46 12 12 13 10 0.0019808
46 12 13 10 12 0.00484874
46 13 10 12 12 0.00804687
46 5 10 7 12 0.00421616
46 7 12 5 10 0.00149302
46 10 7 12 5 0.00285213
46 12 5 10 7 0.00428995
46 5 7 12 11 0.00202941
46 7 12 11 5 0.00235899
46 11 5 7 12 0.00436917
46 12 11 5 7 0.00367575
46 4 10 12 6 0.0024712
46 6 4 10 12 0.00451734
46 10 12 6 4 0.00530621
46 12 6 4 10 0.0023812
46 6 10 9 11 0.00470599
46 9 11 6 10 0.00247022
46 10 9 11 6 0.00638276
46 11 6 10 9 0.00605367
46 8 8 13 11 0.00700602
46 8 13 11 8 0.00436275
46 11 8 8 13 0.00297013
46 13 11 8 8 0.0032253
46 8 13 11 9 0.00990083
46 9 8 13 11 0.00424903
46 11 9 8 13 0.00318858
46 13 11 9 8 0.00250674
46 4 6 11 11 0.00392958
46 6 11 11 4 0.00448766
46 11 4 6 11 0.00482969
46 11 11 4 6 0.00413611
46 4 6 5 12 0.0100032
46 5 12 4 6 0.00613232
46 6 5 12 4 0.00628561
46 12 4 6 5 0.00830665
46 4 9 13 12 0.00280432
46 9 13 12 4 0.00209624
46 12 4 9 13 0.00249859
46 13 12 4 9 0.00665767
46 4 12 5 10 0.00129178
46 5 10 4 12 0.00584477
46 10 4 12 5 0.00234002
46 12 5 10 4 0.00530023
46 4 9 11 9 0.00348375
46 9 4 9 11 0.00321157
46 9 11 9 4 0.00300339
46 11 9 4 9 0.00451669
46 4 6 4 7 0.00417768
46 4 7 4 6 0.00546141
46 6 4 7 4 0.00454679
46 7 4 6 4 0.00565529
46 9 11 13 10 0.00187983
46 10 9 11 13 0.00475241
46 11 13 10 9 0.00379793
46 13 10 9 11 0.0068684
46 4 13 9 6 0.00156804
46 6 4 13 9 0.00444096
46 9 6 4 13 0.00455689
46 13 9 6 4 0.00644392
47 4 9 5 12 0.00298584
47 5 12 4 9 0.00472154
47 9 5 12 4 0.00316952
47 12 4 9 5 0.00296822
47 4 7 6 6 0.0060029
47 6 4 7 6 0.00619156
47 6 6 4 7 0.00868015
47 7 6 6 4 0.00869749
47 8 13 11 12 0.00383004
47 11 12 8 13 9.9453e-46
47 12 8 13 11 0.00440341
47 13 11 12 8 6.8867e-46
47 5 6 12 6 6.61799e-05
47 6 5 6 12 2.7178e-05
47 6 12 6 5 5.46988e-05
47 12 6 5 6 7.59158e-05
47 4 7 9 7 0.00443602
47 7 4 7 9 0.00408246
47 7 9 7 4 0.00520684
47 9 7 4 7 0.00815389
47 4 6 6 11 0.00649872
47 6 6 11 4 0.00549426
47 6 11 4 6 0.00964417
47 11 4 6 6 6.47716e-46
47 7 10 9 10 0.00552283
47 9 10 7 10 0.0085027
47 10 7 10 9 0.00484282
47 10 9 10 7 0.00359975
47 12 12 13 13 6.55564e-05
47 12 13 13 12 5.17273e-05
47 13 12 12 13 9.93213e-48
47 13 13 12 12 7.83695e-48
47 4 13 13 12 0.00386802
47 12 4 13 13 0.00357768
47 13 12 4 13 1.04473e-45
47 13 13 12 4 7.03418e-46
47 4 12 10 12 0.00320525
47 10 12 4 12 0.00389437
47 12 4 12 10 0.00194716
47 12 10 12 4 0.00297732
47 7 9 8 10 0.00530892
47 8 10 7 9 0.00761033
47 9 8 10 7 0.0106148
47 10 7 9 8 0.00711763
47 6 9 10 13 0.00751305
47 9 10 13 6 0.00907275
47 10 13 6 9 0.00639606
47 13 6 9 10 1.17543e-45
47 4 6 4 12 0.00643902
47 4 12 4 6 0.00619825
47 6 4 12 4 0.00378742
47 12 4 6 4 0.0036688
47 4 4 4 13 0.00494405
47 4 4 13 4 0.00291285
47 4 13 4 4 0.00641606
47 13 4 4 4 6.20781e-46
47 5 12 11 12 0.00200925
47 11 12 5 12 4.79253e-46
47 12 5 12 11 0.00134718
47 12 11 12 5 0.00287846
47 5 6 10 12 0.00669209
47 6 10 12 5 0.00450346
47 10 12 5 6 0.00638262
47 12 5 6 10 0.00233143
47 7 11 13 12 0.00345749
47 11 13 12 7 4.35582e-46
47 12 7 11 13 0.00276972
47 13 12 7 11 5.81342e-46
47 7 8 11 10 0.00340109
47 8 11 10 7 0.00585059
47 10 7 8 11 0.00489326
47 11 10 7 8 7.53227e-46
47 4 9 4 12 0.00334951
47 4 12 4 9 0.00431927
47 9 4 12 4 0.00462575
47 12 4 9 4 0.00354002
47 6 8 11 11 0.00509546
47 8 11 11 6 0.00615009
47 11 6 8 11 1.23304e-45
47 11 11 6 8 1.05946e-45
47 4 10 8 8 0.0046553
47 8 4 10 8 0.00445559
47 8 8 4 10 0.00735164
47 10 8 8 4 0.00641418
47 9 9 13 13 0.00847193
47 9 13 13 9 0.00862017
47 13 9 9 13 9.82273e-46
47 13 13 9 9 9.99461e-46
47 6 11 13 12 0.00375997
47 11 13 12 6 5.85225e-46
47 12 6 11 13 0.00370546
47 13 12 6 11 5.19778e-46
47 9 9 12 12 4.9538e-05
47 9 12 12 9 6.38804e-05
47 12 9 9 12 3.79107e-05
47 12 12 9 9 4.88867e-05
47 5 10 13 6 0.00536696
47 6 5 10 13 0.00450859
47 10 13 6 5 0.00599059
47 13 6 5 10 1.04224e-45
47 4 10 7 10 0.00493298
47 7 10 4 10 0.00588959
47 10 4 10 7 0.00338003
47 10 7 10 4 0.00579961
47 6 8 13 13 0.00987409
47 8 13 13 6 0.00885777
47 13 6 8 13 1.74097e-45
47 13 13 6 8 1.11181e-45
47 4 12 6 6 0.00512767
47 6 4 12 6 0.00386328
47 6 6 4 12 0.00773541
47 12 6 6 4 0.00639394
47 5 9 13 11 0.00289889
47 9 13 11 5 0.00461494
47 11 5 9 13 4.62434e-46
47 13 11 5 9 6.89713e-46
47 4 4 7 9 4.4703e-05
47 4 7 9 4 7.06787e-05
47 7 9 4 4 6.80713e-05
47 9 4 4 7 7.57148e-05
47 6 11 8 8 0.00979973
47 8 6 11 8 0.00676719
47 8 8 6 11 0.00933268
47 11 8 8 6 1.37264e-45
47 4 11 4 11 0.0106409
47 11 4 11 4 6.042e-46
47 5 6 6 9 0.0146908
47 6 6 9 5 0.0183761
47 6 9 5 6 0.0129864
47 9 5 6 6 0.011125
47 8 9 11 11 0.00334683
47 9 11 11 8 0.00686803
47 11 8 9 11 1.05873e-45
47 11 11 8 9 9.38765e-46
47 4 11 13 12 0.00298033
47 11 13 12 4 5.46327e-46
47 12 4 11 13 0.00202461
47 13 12 4 11 5.98288e-46
47 5 11 9 9 0.00566592
47 9 5 11 9 0.00217667
47 9 9 5 11 0.00620369
47 11 9 9 5 5.40597e-46
47 5 12 8 9 0.00377845
47 8 9 5 12 0.00341112
47 9 5 12 8 0.00262949
47 12 8 9 5 0.00416518
47 8 9 10 13 0.00721761
47 9 10 13 8 0.00745441
47 10 13 8 9 0.00625033
47 13 8 9 10 9.56092e-46
47 4 9 6 6 0.00470088
47 6 4 9 6 0.0060106
47 6 6 4 9 0.00914476
47 9 6 6 4 0.0129989
47 4 4 9 13 0.0045111
47 4 9 13 4 0.0030185
47 9 13 4 4 0.0107607
47 13 4 4 9 5.04383e-46
47 4 8 4 12 0.00556399
47 4 12 4 8 0.00541012
47 8 4 12 4 0.0038653
47 12 4 8 4 0.0038087
47 5 7 8 12 0.00514197
47 7 8 12 5 0.00500451
47 8 12 5 7 0.00573779
47 12 5 7 8 0.00284865
47 5 13 7 7 0.0047228
47 7 5 13 7 0.00160458
47 7 7 5 13 0.00607966
47 13 7 7 5 6.01403e-46
47 7 9 9 9 0.00441328
47 9 7 9 9 0.00842279
47 9 9 7 9 0.00679449
47 9 9 9 7 0.0062608
47 8 10 8 13 0.0106563
47 8 13 8 10 0.00904415
47 10 8 13 8 0.00651222
47 13 8 10 8 1.14228e-45
47 4 11 7 12 4.50038e-05
47 7 12 4 11 5.06116e-05
47 11 7 12 4 5.27304e-48
47 12 4 11 7 1.47794e-05
47 4 7 11 13 0.003665
47 7 11 13 4 0.00549157
47 11 13 4 7 8.10777e-46
47 13 4 7 11 5.61419e-46
47 10 12 12 13 0.00519197
47 12 12 13 10 0.00345464
47 12 13 10 12 0.00474302
47 13 10 12 12 4.86601e-46
47 5 10 7 12 0.00468618
47 7 12 5 10 0.00490754
47 10 7 12 5 0.00351763
47 12 5 10 7 0.00193959
47 5 7 12 11 0.00337286
47 7 12 11 5 0.00246185
47 11 5 7 12 2.99672e-46
47 12 11 5 7 0.00393714
47 4 10 12 6 0.00355979
47 6 4 10 12 0.00329404
47 10 12 6 4 0.00453286
47 12 6 4 10 0.00559533
47 6 10 9 11 0.00734875
47 9 11 6 10 0.0106219
47 10 9 11 6 0.00336078
47 11 6 10 9 1.08383e-45
47 8 8 13 11 0.00661054
47 8 13 11 8 0.00501182
47 11 8 8 13 1.33841e-45
47 13 11 8 8 1.01871e-45
47 8 13 11 9 0.0045447
47 9 8 13 11 0.00898547
47 11 9 8 13 9.15147e-46
47 13 11 9 8 1.07544e-45
47 4 6 11 11 0.00336008
47 6 11 11 4 0.00404411
47 11 4 6 11 4.66525e-46
47 11 11 4 6 1.00437e-45
47 4 6 5 12 0.0110596
47 5 12 4 6 0.013055
47 6 5 12 4 0.00500025
47 12 4 6 5 0.00592723
47 4 9 13 12 0.00211773
47 9 13 12 4 0.00644201
47 12 4 9 13 0.00379891
47 13 12 4 9 5.81995e-46
47 4 12 5 10 0.00432295
47 5 10 4 12 0.00492845
47 10 4 12 5 0.00262765
47 12 5 10 4 0.00248602
47 4 9 11 9 0.00196989
47 9 4 9 11 0.00614959
47 9 11 9 4 0.0107375
47 11 9 4 9 5.76184e-46
47 4 6 4 7 0.00672153
47 4 7 4 6 0.00675017
47 6 4 7 4 0.00564665
47 7 4 6 4 0.00464252
47 9 11 13 10 0.00779405
47 10 9 11 13 0.00339471
47 11 13 10 9 8.31535e-46
47 13 10 9 11 7.91374e-46
47 4 13 9 6 0.00589767
47 6 4 13 9 0.00280803
47 9 6 4 13 0.0142724
47 13 9 6 4 5.25608e-46
48 4 9 5 12 0.00639339
48 5 12 4 9 0.00427047
48 9 5 12 4 0.00150438
48 12 4 9 5 0.00103022
48 4 7 6 6 0.00686039
48 6 4 7 6 0.00272137
48 6 6 4 7 0.00116433
48 7 6 6 4 0.000842074
48 8 13 11 12 0.0034658
48 11 12 8 13 0.00521731
48 12 8 13 11 0.00324524
48 13 11 12 8 0.00453751
48 5 6 12 6 7.02667e-06
48 6 5 6 12 2.21275e-05
48 6 12 6 5 7.65295e-05
48 12 6 5 6 5.18942e-06
48 4 7 9 7 0.00596018
48 7 4 7 9 0.00140875
48 7 9 7 4 0.00685218
48 9 7 4 7 0.00298097
48 4 6 6 11 0.00161046
48 6 6 11 4 0.00135242
48 6 11 4 6 0.0082654
48 11 4 6 6 0.00195005
48 7 10 9 10 0.00114831
48 9 10 7 10 0.00188903
48 10 7 10 9 0.00340234
48 10 9 10 7 0.0100228
48 12 12 13 13 4.9415e-05
48 12 13 13 12 1.87631e-05
48 13 12 12 13 4.54463e-05
48 13 13 12 12 1.72562e-05
48 4 13 13 12 0.0041
48 12 4 13 13 0.0011058
48 13 12 4 13 0.00484082
48 13 13 12 4 0.00190078
48 4 12 10 12 0.00741349
48 10 12 4 12 0.00253218
48 12 4 12 10 0.000677151
48 12 10 12 4 0.00037615
48 7 9 8 10 0.00965619
48 8 10 7 9 0.00256401
48 9 8 10 7 0.00862744
48 10 7 9 8 0.00283145
48 6 9 10 13 0.0103646
48 9 10 13 6 0.00180741
48 10 13 6 9 0.00259246
48 13 6 9 10 0.00155754
48 4 6 4 12 0.0011048
48 4 12 4 6 0.010183
48 6 4 12 4 0.00122964
48 12 4 6 4 0.00114232
48 4 4 4 13 0.002336
48 4 4 13 4 0.00391568
48 4 13 4 4 0.00436602
48 13 4 4 4 0.00175545
48 5 12 11 12 0.00374234
48 11 12 5 12 0.00229093
48 12 5 12 11 0.000684016
48 12 11 12 5 0.00251046
48 5 6 10 12 0.00101297
48 6 10 12 5 0.00104834
48 10 12 5 6 0.0048316
48 12 5 6 10 0.0024952
48 7 11 13 12 0.00366254
48 11 13 12 7 0.00137763
48 12 7 11 13 0.00146825
48 13 12 7 11 0.00508925
48 7 8 11 10 0.00547773
48 8 11 10 7 0.0164786
48 10 7 8 11 0.0025169
48 11 10 7 8 0.00117699
48 4 9 4 12 0.00724233
48 4 12 4 9 0.00732911
48 9 4 12 4 0.000934734
48 12 4 9 4 0.000911023
48 6 8 11 11 0.0067108
48 8 11 11 6 0.0183985
48 11 6 8 11 0.0010752
48 11 11 6 8 0.00785622
48 4 10 8 8 0.00198902
48 8 4 10 8 0.00293465
48 8 8 4 10 0.00869641
48 10 8 8 4 0.00487199
48 9 9 13 13 0.00840164
48 9 13 13 9 0.00322837
48 13 9 9 13 0.00753088
48 13 13 9 9 0.00289378
48 6 11 13 12 0.00523981
48 11 13 12 6 0.00130127
48 12 6 11 13 0.000448572
48 13 12 6 11 0.00421866
48 9 9 12 12 3.07786e-05
48 9 12 12 9 3.11474e-05
48 12 9 9 12 2.99978e-05
48 12 12 9 9 3.03573e-05
48 5 10 13 6 0.00195852
48 6 5 10 13 0.00387179
48 10 13 6 5 0.00330976
48 13 6 5 10 0.0012789
48 4 10 7 10 0.00376635
48 7 10 4 10 0.00114509
48 10 4 10 7 0.00249412
48 10 7 10 4 0.0041181
48 6 8 13 13 0.00734355
48 8 13 13 6 0.00720393
48 13 6 8 13 0.00130546
48 13 13 6 8 0.00341304
48 4 12 6 6 0.0108995
48 6 4 12 6 0.00120154
48 6 6 4 12 0.000620509
48 12 6 6 4 0.000596106
48 5 9 13 11 0.00712942
48 9 13 11 5 0.00308165
48 11 5 9 13 0.00189575
48 13 11 5 9 0.00520029
48 4 4 7 9 4.34069e-05
48 4 7 9 4 6.96931e-05
48 7 9 4 4 6.41906e-05
48 9 4 4 7 2.1111e-05
48 6 11 8 8 0.0100197
48 8 6 11 8 0.00201627
48 8 8 6 11 0.00887857
48 11 8 8 6 0.00741463
48 4 11 4 11 0.0185221
48 11 4 11 4 0.00366971
48 5 6 6 9 0.00211078
48 6 6 9 5 0.00260909
48 6 9 5 6 0.0152834
48 9 5 6 6 0.00662752
48 8 9 11 11 0.0131829
48 9 11 11 8 0.00829143
48 11 8 9 11 0.00440595
48 11 11 8 9 0.00809214
48 4 11 13 12 0.00888371
48 11 13 12 4 0.00126809
48 12 4 11 13 0.000818539
48 13 12 4 11 0.00375305
48 5 11 9 9 0.00611502
48 9 5 11 9 0.00258831
48 9 9 5 11 0.00431482
48 11 9 9 5 0.00714629
48 5 12 8 9 0.00450442
48 8 9 5 12 0.00476699
48 9 5 12 8 0.00108216
48 12 8 9 5 0.00254618
48 8 9 10 13 0.0138999
48 9 10 13 8 0.00134413
48 10 13 8 9 0.00258079
48 13 8 9 10 0.007452
48 4 9 6 6 0.0154605
48 6 4 9 6 0.00202442
48 6 6 4 9 0.000890712
48 9 6 6 4 0.00103049
48 4 4 9 13 0.00227937
48 4 9 13 4 0.0153111
48 9 13 4 4 0.00213072
48 13 4 4 9 0.00141121
48 4 8 4 12 0.00561539
48 4 12 4 8 0.00804489
48 8 4 12 4 0.00175187
48 12 4 8 4 0.00120807
48 5 7 8 12 0.00271427
48 7 8 12 5 0.00293371
48 8 12 5 7 0.00866599
48 12 5 7 8 0.00194842
48 5 13 7 7 0.00325747
48 7 5 13 7 0.00245339
48 7 7 5 13 0.00132555
48 13 7 7 5 0.00419701
48 7 9 9 9 0.00440344
48 9 7 9 9 0.00239117
48 9 9 7 9 0.00724392
48 9 9 9 7 0.00704406
48 8 10 8 13 0.00230263
48 8 13 8 10 0.00774749
48 10 8 13 8 0.00622031
48 13 8 10 8 0.00816433
48 4 11 7 12 9.79332e-05
48 7 12 4 11 2.80581e-05
48 11 7 12 4 1.65845e-05
48 12 4 11 7 1.21177e-05
48 4 7 11 13 0.0056774
48 7 11 13 4 0.007139
48 11 13 4 7 0.0025967
48 13 4 7 11 0.00201531
48 10 12 12 13 0.00274884
48 12 12 13 10 0.00567163
48 12 13 10 12 0.00148958
48 13 10 12 12 0.000588651
48 5 10 7 12 0.00106195
48 7 12 5 10 0.00433452
48 10 7 12 5 0.00200992
48 12 5 10 7 0.0024725
48 5 7 12 11 0.00148905
48 7 12 11 5 0.00505989
48 11 5 7 12 0.00194431
48 12 11 5 7 0.003479
48 4 10 12 6 0.00125898
48 6 4 10 12 0.00146057
48 10 12 6 4 0.00467985
48 12 6 4 10 0.000590008
48 6 10 9 11 0.00124945
48 9 11 6 10 0.0111987
48 10 9 11 6 0.00993893
48 11 6 10 9 0.00129089
48 8 8 13 11 0.00929155
48 8 13 11 8 0.00482581
48 11 8 8 13 0.00507076
48 13 11 8 8 0.00895879
48 8 13 11 9 0.00499352
48 9 8 13 11 0.00563093
48 11 9 8 13 0.00742808
48 13 11 9 8 0.00767348
48 4 6 11 11 0.0016092
48 6 11 11 4 0.00904681
48 11 4 6 11 0.00133366
48 11 11 4 6 0.00635961
48 4 6 5 12 0.0018792
48 5 12 4 6 0.0114323
48 6 5 12 4 0.00381317
48 12 4 6 5 0.002489
48 4 9 13 12 0.00875314
48 9 13 12 4 0.00125966
48 12 4 9 13 0.000656871
48 13 12 4 9 0.00397116
48 4 12 5 10 0.010744
48 5 10 4 12 0.000800288
48 10 4 12 5 0.00114506
48 12 5 10 4 0.00232577
48 4 9 11 9 0.0129318
48 9 4 9 11 0.00122408
48 9 11 9 4 0.00639391
48 11 9 4 9 0.00522514
48 4 6 4 7 0.00192848
48 4 7 4 6 0.00596239
48 6 4 7 4 0.00259079
48 7 4 6 4 0.00150113
48 9 11 13 10 0.0121407
48 10 9 11 13 0.00704132
48 11 13 10 9 0.00320067
48 13 10 9 11 0.00115729
48 4 13 9 6 0.00411137
48 6 4 13 9 0.00174612
48 9 6 4 13 0.000587555
48 13 9 6 4 0.00725635
49 3 0 3 9 0.0705526
49 1 0 1 11 0.0303899
49 2 0 3 8 0.0349547
49 2 0 3 10 0.0286325
49 2 0 1 12 0.0252507
49 1 0 1 9 0.0654062
49 3 0 3 8 0.0836411
49 1 0 1 7 0.0307381
49 2 0 1 4 0.0316958
49 1 0 3 12 0.0228646
49 2 0 1 11 0.0694817
49 2 0 2 7 0.0252537
49 3 0 3 5 0.0357313
49 3 0 2 9 0.0381374
49 1 0 2 11 0.0299664
49 3 0 3 13 0.0276229
49 2 0 1 9 0.0366567
49 2 0 2 4 0.0254573
49 3 0 3 6 0.0305239
49 3 0 2 13 0.0303379
49 1 0 2 12 0.0700535
49 1 0 3 9 0.0295947
49 3 0 2 11 0.0417357
49 3 0 3 12 0.0285618
49 1 0 3 13 0.0237698
49 2 0 2 11 0.0329891
50 3 9 3 0 0.0723081
50 1 11 1 0 0.0331523
50 3 8 2 0 0.0365317
50 3 10 2 0 0.0205628
50 1 12 2 0 0.0204384
50 1 9 1 0 0.0779337
50 3 8 3 0 0.0980457
50 1 7 1 0 0.0355428
50 1 4 2 0 0.0303598
50 3 12 1 0 0.0266759
50 1 11 2 0 0.0552872
50 2 7 2 0 0.0201275
50 3 5 3 0 0.0403663
50 2 9 3 0 0.0351311
50 2 11 1 0 0.0308914
50 3 13 3 0 0.027707
50 1 9 2 0 0.0318589
50 2 4 2 0 0.0230424
50 3 6 3 0 0.0297433
50 2 13 3 0 0.0273509
50 2 12 1 0 0.0734601
50 3 9 1 0 0.0370743
50 2 11 3 0 0.0351986
50 3 12 3 0 0.0272619
50 3 13 1 0 0.0291427
50 2 11 2 0 0.0248053
51 4 9 5 12 0.00433882
51 5 12 4 9 0.00281206
51 9 5 12 4 0.00118939
51 12 4 9 5 0.00164967
51 4 7 6 6 0.00100025
51 6 4 7 6 0.00132062
51 6 6 4 7 0.00237119
51 7 6 6 4 0.00115738
51 8 13 11 12 0.0132755
51 11 12 8 13 0.00365456
51 12 8 13 11 0.00398488
51 13 11 12 8 0.00378239
51 5 6 12 6 5.85613e-06
51 6 5 6 12 7.71331e-05
51 6 12 6 5 1.99901e-05
51 12 6 5 6 4.23669e-06
51 4 7 9 7 0.00307324
51 7 4 7 9 0.00816891
51 7 9 7 4 0.00087935
51 9 7 4 7 0.00190212
51 4 6 6 11 0.00618814
51 6 6 11 4 0.0017803
51 6 11 4 6 0.000772887
51 11 4 6 6 0.00130646
51 7 10 9 10 0.00107413
51 9 10 7 10 0.000856321
51 10 7 10 9 0.0158604
51 10 9 10 7 0.00530269
51 12 12 13 13 1.67746e-05
51 12 13 13 12 6.42149e-05
51 13 12 12 13 2.16282e-05
51 13 13 12 12 8.27951e-05
51 4 13 13 12 0.0100131
51 12 4 13 13 0.00238316
51 13 12 4 13 0.00137898
51 13 13 12 4 0.00145201
51 4 12 10 12 0.00532972
51 10 12 4 12 0.0037274
51 12 4 12 10 0.000519929
51 12 10 12 4 0.000537762
51 7 9 8 10 0.00175671
51 8 10 7 9 0.0115556
51 9 8 10 7 0.00420639
51 10 7 9 8 0.00799052
51 6 9 10 13 0.00389885
51 9 10 13 6 0.00129338
51 10 13 6 9 0.0145569
51 13 6 9 10 0.000988695
51 4 6 4 12 0.00426518
51 4 12 4 6 0.000567214
51 6 4 12 4 0.00186869
51 12 4 6 4 0.000929229
51 4 4 4 13 0.00296946
51 4 4 13 4 0.00259508
51 4 13 4 4 0.00140321
51 13 4 4 4 0.00136812
51 5 12 11 12 0.00328859
51 11 12 5 12 0.00325908
51 12 5 12 11 0.00297974
51 12 11 12 5 0.00088202
51 5 6 10 12 0.00652206
51 6 10 12 5 0.00305538
51 10 12 5 6 0.00107327
51 12 5 6 10 0.00069967
51 7 11 13 12 0.00512292
51 11 13 12 7 0.0026387
51 12 7 11 13 0.00131247
51 13 12 7 11 0.0030458
51 7 8 11 10 0.00109576
51 8 11 10 7 0.00559765
51 10 7 8 11 0.0168201
51 11 10 7 8 0.00426937
51 4 9 4 12 0.00334753
51 4 12 4 9 0.00383874
51 9 4 12 4 0.00128353
51 12 4 9 4 0.000847945
51 6 8 11 11 0.0104093
51 8 11 11 6 0.00196593
51 11 6 8 11 0.0136396
51 11 11 6 8 0.00521984
51 4 10 8 8 0.0095556
51 8 4 10 8 0.0126147
51 8 8 4 10 0.000940426
51 10 8 8 4 0.00317893
51 9 9 13 13 0.00260441
51 9 13 13 9 0.0114329
51 13 9 9 13 0.0022184
51 13 13 9 9 0.00973843
51 6 11 13 12 0.00576737
51 11 13 12 6 0.000806407
51 12 6 11 13 0.00115635
51 13 12 6 11 0.00323747
51 9 9 12 12 3.56609e-05
51 9 12 12 9 4.08937e-05
51 12 9 9 12 2.35588e-05
51 12 12 9 9 2.70158e-05
51 5 10 13 6 0.00117434
51 6 5 10 13 0.00624222
51 10 13 6 5 0.00526721
51 13 6 5 10 0.000983071
51 4 10 7 10 0.0011379
51 7 10 4 10 0.000883424
51 10 4 10 7 0.0098224
51 10 7 10 4 0.00316251
51 6 8 13 13 0.00420293
51 8 13 13 6 0.00266047
51 13 6 8 13 0.00518361
51 13 13 6 8 0.00664884
51 4 12 6 6 0.000643348
51 6 4 12 6 0.00117878
51 6 6 4 12 0.00397791
51 12 6 6 4 0.000544088
51 5 9 13 11 0.00470788
51 9 13 11 5 0.0032973
51 11 5 9 13 0.00300767
51 13 11 5 9 0.00575177
51 4 4 7 9 0.000119278
51 4 7 9 4 1.80102e-05
51 7 9 4 4 9.96833e-06
51 9 4 4 7 3.46217e-05
51 6 11 8 8 0.0114181
51 8 6 11 8 0.00945481
51 8 8 6 11 0.0100253
51 11 8 8 6 0.00205578
51 4 11 4 11 0.00953159
51 11 4 11 4 0.00463529
51 5 6 6 9 0.0104918
51 6 6 9 5 0.00555485
51 6 9 5 6 0.00177022
51 9 5 6 6 0.00214552
51 8 9 11 11 0.0108601
51 9 11 11 8 0.00562711
51 11 8 9 11 0.00691728
51 11 11 8 9 0.0149898
51 4 11 13 12 0.00588848
51 11 13 12 4 0.00121731
51 12 4 11 13 0.00188056
51 13 12 4 11 0.00271801
51 5 11 9 9 0.00493562
51 9 5 11 9 0.00958942
51 9 9 5 11 0.00412673
51 11 9 9 5 0.00196125
51 5 12 8 9 0.00580397
51 8 9 5 12 0.00475968
51 9 5 12 8 0.00343984
51 12 8 9 5 0.000913735
51 8 9 10 13 0.00463271
51 9 10 13 8 0.00599042
51 10 13 8 9 0.0267597
51 13 8 9 10 0.000944821
51 4 9 6 6 0.000778304
51 6 4 9 6 0.00144138
51 6 6 4 9 0.00551852
51 9 6 6 4 0.00100706
51 4 4 9 13 0.00351308
51 4 9 13 4 0.00136318
51 9 13 4 4 0.00102749
51 13 4 4 9 0.0066762
51 4 8 4 12 0.00433
51 4 12 4 8 0.00279089
51 8 4 12 4 0.00235884
51 12 4 8 4 0.00181467
51 5 7 8 12 0.00893891
51 7 8 12 5 0.00218445
51 8 12 5 7 0.00322292
51 12 5 7 8 0.00286131
51 5 13 7 7 0.00217029
51 7 5 13 7 0.00394176
51 7 7 5 13 0.00203123
51 13 7 7 5 0.00180937
51 7 9 9 9 0.00503284
51 9 7 9 9 0.00562799
51 9 9 7 9 0.00401229
51 9 9 9 7 0.00188164
51 8 10 8 13 0.00939368
51 8 13 8 10 0.00429177
51 10 8 13 8 0.0100892
51 13 8 10 8 0.00760552
51 4 11 7 12 4.43402e-05
51 7 12 4 11 3.01394e-05
51 11 7 12 4 1.05578e-05
51 12 4 11 7 2.39382e-05
51 4 7 11 13 0.00362151
51 7 11 13 4 0.00158983
51 11 13 4 7 0.00297712
51 13 4 7 11 0.00765725
51 10 12 12 13 0.0024975
51 12 12 13 10 0.000496733
51 12 13 10 12 0.00558977
51 13 10 12 12 0.00536632
51 5 10 7 12 0.0042317
51 7 12 5 10 0.000693753
51 10 7 12 5 0.00334429
51 12 5 10 7 0.00289255
51 5 7 12 11 0.00393256
51 7 12 11 5 0.00204423
51 11 5 7 12 0.0056907
51 12 11 5 7 0.00124585
51 4 10 12 6 0.000829149
51 6 4 10 12 0.0110699
51 10 12 6 4 0.00116221
51 12 6 4 10 0.000304259
51 6 10 9 11 0.00906253
51 9 11 6 10 0.000929857
51 10 9 11 6 0.00165404
51 11 6 10 9 0.0114228
51 8 8 13 11 0.0119785
51 8 13 11 8 0.0118326
51 11 8 8 13 0.0050537
51 13 11 8 8 0.00874685
51 8 13 11 9 0.0184856
51 9 8 13 11 0.0074031
51 11 9 8 13 0.00443765
51 13 11 9 8 0.00464223
51 4 6 11 11 0.00752572
51 6 11 11 4 0.00169008
51 11 4 6 11 0.00816534
51 11 11 4 6 0.000640263
51 4 6 5 12 0.0106517
51 5 12 4 6 0.000800605
51 6 5 12 4 0.00333649
51 12 4 6 5 0.00348328
51 4 9 13 12 0.00489478
51 9 13 12 4 0.00101482
51 12 4 9 13 0.00141874
51 13 12 4 9 0.00295918
51 4 12 5 10 0.000814898
51 5 10 4 12 0.00385901
51 10 4 12 5 0.00489682
51 12 5 10 4 0.00136366
51 4 9 11 9 0.00745037
51 9 4 9 11 0.00719655
51 9 11 9 4 0.00101464
51 11 9 4 9 0.00417304
51 4 6 4 7 0.00236512
51 4 7 4 6 0.000820381
51 6 4 7 4 0.00194755
51 7 4 6 4 0.00183879
51 9 11 13 10 0.00115093
51 10 9 11 13 0.0042122
51 11 13 10 9 0.0148092
51 13 10 9 11 0.0071918
51 4 13 9 6 0.00103426
51 6 4 13 9 0.0116647
51 9 6 4 13 0.00125741
51 13 9 6 4 0.000805053
52 4 9 5 12 0.00030755
52 5 12 4 9 0.000313731
52 9 5 12 4 7.14947e-46
52 12 4 9 5 0.00280323
52 4 7 6 6 0.00766825
52 6 4 7 6 0.010184
52 6 6 4 7 0.0143301
52 7 6 6 4 0.00426192
52 8 13 11 12 0.0035184
52 11 12 8 13 0.00186769
52 12 8 13 11 3.69827e-46
52 13 11 12 8 0.00342394
52 5 6 12 6 9.67459e-05
52 6 5 6 12 5.3748e-48
52 6 12 6 5 2.99281e-06
52 12 6 5 6 1.58636e-05
52 4 7 9 7 0.00804148
52 7 4 7 9 0.00552268
52 7 9 7 4 0.00125478
52 9 7 4 7 0.00865928
52 4 6 6 11 0.00637168
52 6 6 11 4 0.00736873
52 6 11 4 6 0.00280145
52 11 4 6 6 0.00558759
52 7 10 9 10 0.00437606
52 9 10 7 10 0.00307182
52 10 7 10 9 0.00661937
52 10 9 10 7 0.00287944
52 12 12 13 13 1.24685e-48
52 12 13 13 12 6.68909e-48
52 13 12 12 13 1.87296e-05
52 13 13 12 12 0.00010048
52 4 13 13 12 6.3933e-46
52 12 4 13 13 1.29916e-45
52 13 12 4 13 0.000960967
52 13 13 12 4 0.00741198
52 4 12 10 12 0.000420059
52 10 12 4 12 0.000280529
52 12 4 12 10 0.00873206
52 12 10 12 4 0.00353799
52 7 9 8 10 0.00974549
52 8 10 7 9 0.00294438
52 9 8 10 7 0.00454394
52 10 7 9 8 0.00756331
52 6 9 10 13 0.00583877
52 9 10 13 6 8.39691e-46
52 10 13 6 9 0.003446
52 13 6 9 10 0.00800819
52 4 6 4 12 0.00641701
52 4 12 4 6 0.000880389
52 6 4 12 4 0.0117278
52 12 4 6 4 0.00332831
52 4 4 4 13 0.0130952
52 4 4 13 4 8.43346e-46
52 4 13 4 4 0.00497358
52 13 4 4 4 0.00680049
52 5 12 11 12 0.000201013
52 11 12 5 12 4.54448e-05
52 12 5 12 11 9.33684e-46
52 12 11 12 5 0.000880828
52 5 6 10 12 0.0044028
52 6 10 12 5 0.00616225
52 10 12 5 6 0.000123221
52 12 5 6 10 5.48781e-46
52 7 11 13 12 1.21667e-46
52 11 13 12 7 0.00691824
52 12 7 11 13 0.0069004
52 13 12 7 11 0.000377485
52 7 8 11 10 0.00315641
52 8 11 10 7 0.00169002
52 10 7 8 11 0.0189105
52 11 10 7 8 0.00317061
52 4 9 4 12 0.0017365
52 4 12 4 9 0.000541084
52 9 4 12 4 0.00680524
52 12 4 9 4 0.0033925
52 6 8 11 11 0.00511142
52 8 11 11 6 0.00190329
52 11 6 8 11 0.0233184
52 11 11 6 8 0.00123269
52 4 10 8 8 0.0194609
52 8 4 10 8 0.00941198
52 8 8 4 10 0.00242936
52 10 8 8 4 0.00470669
52 9 9 13 13 4.4042e-46
52 9 13 13 9 7.3622e-46
52 13 9 9 13 0.00329804
52 13 13 9 9 0.00551311
52 6 11 13 12 1.41885e-46
52 11 13 12 6 0.0069192
52 12 6 11 13 0.00681827
52 13 12 6 11 0.000357013
52 9 9 12 12 2.2868e-05
52 9 12 12 9 7.12556e-06
52 12 9 9 12 1.14e-05
52 12 12 9 9 3.55218e-06
52 5 10 13 6 6.06616e-46
52 6 5 10 13 2.08328e-45
52 10 13 6 5 0.00219719
52 13 6 5 10 0.00190293
52 4 10 7 10 0.00410331
52 7 10 4 10 0.00629458
52 10 4 10 7 0.0104843
52 10 7 10 4 0.00547603
52 6 8 13 13 9.10722e-46
52 8 13 13 6 1.0738e-45
52 13 6 8 13 0.0452655
52 13 13 6 8 0.00757701
52 4 12 6 6 0.000511153
52 6 4 12 6 0.019635
52 6 6 4 12 0.00704729
52 12 6 6 4 0.00287545
52 5 9 13 11 1.9582e-46
52 9 13 11 5 0.00274275
52 11 5 9 13 6.31079e-46
52 13 11 5 9 0.000254627
52 4 4 7 9 7.09381e-05
52 4 7 9 4 5.81079e-05
52 7 9 4 4 2.47246e-05
52 9 4 4 7 0.0001198
52 6 11 8 8 0.00978605
52 8 6 11 8 0.0101987
52 8 8 6 11 0.00218162
52 11 8 8 6 0.0109536
52 4 11 4 11 0.00351374
52 11 4 11 4 0.00810493
52 5 6 6 9 0.00648399
52 6 6 9 5 0.0100524
52 6 9 5 6 0.00164951
52 9 5 6 6 1.41002e-45
52 8 9 11 11 0.00236889
52 9 11 11 8 0.00195433
52 11 8 9 11 0.00217946
52 11 11 8 9 0.0035614
52 4 11 13 12 1.23024e-46
52 11 13 12 4 0.00393535
52 12 4 11 13 0.00751511
52 13 12 4 11 0.000585532
52 5 11 9 9 0.000624414
52 9 5 11 9 6.21011e-46
52 9 9 5 11 0.000389047
52 11 9 9 5 0.000762765
52 5 12 8 9 0.000749826
52 8 9 5 12 0.000191038
52 9 5 12 8 1.12061e-45
52 12 8 9 5 0.000855082
52 8 9 10 13 0.00333615
52 9 10 13 8 7.94137e-46
52 10 13 8 9 0.0143302
52 13 8 9 10 0.00285636
52 4 9 6 6 0.00230722
52 6 4 9 6 0.0110472
52 6 6 4 9 0.00991175
52 9 6 6 4 0.00324526
52 4 4 9 13 0.0088583
52 4 9 13 4 2.2537e-46
52 9 13 4 4 0.00362289
52 13 4 4 9 0.0079986
52 4 8 4 12 0.0024315
52 4 12 4 8 0.000884531
52 8 4 12 4 0.00711873
52 12 4 8 4 0.0147036
52 5 7 8 12 0.0109911
52 7 8 12 5 0.00309565
52 8 12 5 7 0.000118269
52 12 5 7 8 7.07723e-46
52 5 13 7 7 0.00284081
52 7 5 13 7 1.3389e-88
52 7 7 5 13 0.00183059
52 13 7 7 5 0.00289125
52 7 9 9 9 0.00172036
52 9 7 9 9 0.00435382
52 9 9 7 9 0.00120762
52 9 9 9 7 0.00189392
52 8 10 8 13 0.020552
52 8 13 8 10 0.0192652
52 10 8 13 8 5.29734e-46
52 13 8 10 8 0.00639626
52 4 11 7 12 7.03362e-06
52 7 12 4 11 6.3685e-06
52 11 7 12 4 5.43373e-05
52 12 4 11 7 7.5454e-05
52 4 7 11 13 0.0116708
52 7 11 13 4 1.58817e-46
52 11 13 4 7 0.00628123
52 13 4 7 11 0.00696011
52 10 12 12 13 0.0010102
52 12 12 13 10 6.93583e-47
52 12 13 10 12 0.00435624
52 13 10 12 12 0.00596271
52 5 10 7 12 0.00148668
52 7 12 5 10 0.000121721
52 10 7 12 5 0.00539153
52 12 5 10 7 1.05495e-45
52 5 7 12 11 0.00693756
52 7 12 11 5 0.000320593
52 11 5 7 12 2.77789e-46
52 12 11 5 7 0.000261236
52 4 10 12 6 0.00887458
52 6 4 10 12 0.00753467
52 10 12 6 4 0.000188333
52 12 6 4 10 0.0060673
52 6 10 9 11 0.00629386
52 9 11 6 10 0.0010607
52 10 9 11 6 0.00288009
52 11 6 10 9 0.00724934
52 8 8 13 11 3.85842e-46
52 8 13 11 8 0.00714875
52 11 8 8 13 0.0104316
52 13 11 8 8 0.00737833
52 8 13 11 9 0.00496692
52 9 8 13 11 4.18944e-46
52 11 9 8 13 0.00846168
52 13 11 9 8 0.00193357
52 4 6 11 11 0.00840827
52 6 11 11 4 0.00128202
52 11 4 6 11 0.00418227
52 11 11 4 6 0.00144655
52 4 6 5 12 0.00218983
52 5 12 4 6 0.000983566
52 6 5 12 4 2.374e-45
52 12 4 6 5 0.00529906
52 4 9 13 12 1.92392e-46
52 9 13 12 4 0.00444651
52 12 4 9 13 0.00583629
52 13 12 4 9 0.000483405
52 4 12 5 10 0.000125776
52 5 10 4 12 0.00235657
52 10 4 12 5 0.00600049
52 12 5 10 4 6.13243e-46
52 4 9 11 9 0.00217636
52 9 4 9 11 0.0055804
52 9 11 9 4 0.000669341
52 11 9 4 9 0.0016108
52 4 6 4 7 0.0121385
52 4 7 4 6 0.0122864
52 6 4 7 4 0.00565859
52 7 4 6 4 0.0045891
52 9 11 13 10 1.94335e-46
52 10 9 11 13 0.00284138
52 11 13 10 9 0.00526399
52 13 10 9 11 0.00491585
52 4 13 9 6 0.00556319
52 6 4 13 9 1.07589e-45
52 9 6 4 13 0.00813911
52 13 9 6 4 0.00104209
53 4 9 5 12 2.03313e-48
53 5 12 4 9 2.33405e-48
53 9 5 12 4 0.042597
53 12 4 9 5 2.24763e-48
53 4 7 6 6 1.15584e-47
53 6 4 7 6 2.32838e-48
53 6 6 4 7 6.52897e-48
53 7 6 6 4 8.45019e-48
53 8 13 11 12 4.7436e-48
53 11 12 8 13 4.52475e-48
53 12 8 13 11 5.57167e-48
53 13 11 12 8 5.29783e-48
53 5 6 12 6 5.07332e-50
53 6 5 6 12 0.000931075
53 6 12 6 5 8.95415e-50
53 12 6 5 6 3.75008e-50
53 4 7 9 7 4.52776e-48
53 7 4 7 9 1.21454e-48
53 7 9 7 4 1.38907e-48
53 9 7 4 7 5.02412e-48
53 4 6 6 11 9.03677e-48
53 6 6 11 4 9.2899e-48
53 6 11 4 6 7.07671e-48
53 11 4 6 6 7.5612e-48
53 7 10 9 10 6.43548e-48
53 9 10 7 10 2.10816e-48
53 10 7 10 9 8.75825e-48
53 10 9 10 7 8.30597e-48
53 12 12 13 13 4.68076e-50
53 12 13 13 12 4.19447e-50
53 13 12 12 13 5.69947e-50
53 13 13 12 12 5.10735e-50
53 4 13 13 12 3.61178e-48
53 12 4 13 13 3.27628e-48
53 13 12 4 13 3.77245e-48
53 13 13 12 4 4.51359e-48
53 4 12 10 12 3.01018e-48
53 10 12 4 12 3.63287e-48
53 12 4 12 10 3.40306e-48
53 12 10 12 4 3.34393e-48
53 7 9 8 10 8.75005e-48
53 8 10 7 9 1.43963e-48
53 9 8 10 7 7.3812e-48
53 10 7 9 8 9.01082e-48
53 6 9 10 13 6.99197e-48
53 9 10 13 6 7.4406e-48
53 10 13 6 9 1.04689e-47
53 13 6 9 10 5.45669e-48
53 4 6 4 12 3.1488e-48
53 4 12 4 6 4.65355e-48
53 6 4 12 4 5.02614e-48
53 12 4 6 4 4.84525e-48
53 4 4 4 13 3.25734e-48
53 4 4 13 4 3.66798e-48
53 4 13 4 4 3.68541e-48
53 13 4 4 4 3.43313e-48
53 5 12 11 12 3.39009e-48
53 11 12 5 12 1.80751e-48
53 12 5 12 11 0.0456669
53 12 11 12 5 2.91848e-48
53 5 6 10 12 4.03804e-48
53 6 10 12 5 8.04102e-48
53 10 12 5 6 6.92579e-48
53 12 5 6 10 0.103568
53 7 11 13 12 3.31402e-48
53 11 13 12 7 3.67019e-48
53 12 7 11 13 5.42358e-48
53 13 12 7 11 1.378e-48
53 7 8 11 10 1.15205e-47
53 8 11 10 7 4.70459e-48
53 10 7 8 11 1.25812e-47
53 11 10 7 8 1.7246e-48
53 4 9 4 12 2.36287e-48
53 4 12 4 9 2.60849e-48
53 9 4 12 4 2.97503e-48
53 12 4 9 4 2.06091e-48
53 6 8 11 11 1.62891e-47
53 8 11 11 6 9.02635e-48
53 11 6 8 11 7.85605e-48
53 11 11 6 8 8.84492e-48
53 4 10 8 8 6.52303e-48
53 8 4 10 8 4.13391e-48
53 8 8 4 10 4.6266e-48
53 10 8 8 4 8.26385e-48
53 9 9 13 13 4.05716e-48
53 9 13 13 9 4.01358e-48
53 13 9 9 13 3.42223e-48
53 13 13 9 9 3.38547e-48
53 6 11 13 12 3.66444e-48
53 11 13 12 6 4.10064e-48
53 12 6 11 13 4.29271e-48
53 13 12 6 11 6.4728e-48
53 9 9 12 12 2.85674e-50
53 9 12 12 9 3.15369e-50
53 12 9 9 12 1.97898e-50
53 12 12 9 9 2.18468e-50
53 5 10 13 6 7.00399e-48
53 6 5 10 13 0.0993154
53 10 13 6 5 1.29542e-47
53 13 6 5 10 5.48082e-48
53 4 10 7 10 2.37769e-48
53 7 10 4 10 8.05395e-48
53 10 4 10 7 8.83396e-48
53 10 7 10 4 1.06536e-47
53 6 8 13 13 8.55915e-48
53 8 13 13 6 6.39573e-48
53 13 6 8 13 6.96843e-48
53 13 13 6 8 1.05796e-47
53 4 12 6 6 7.44163e-48
53 6 4 12 6 6.27491e-48
53 6 6 4 12 4.01506e-48
53 12 6 6 4 5.16786e-48
53 5 9 13 11 3.94131e-48
53 9 13 11 5 5.86802e-48
53 11 5 9 13 0.0340236
53 13 11 5 9 2.60239e-48
53 4 4 7 9 1.274e-50
53 4 7 9 4 4.9015e-50
53 7 9 4 4 4.93557e-50
53 9 4 4 7 4.50988e-50
53 6 11 8 8 1.01156e-47
53 8 6 11 8 8.43359e-48
53 8 8 6 11 1.05378e-47
53 11 8 8 6 9.0661e-48
53 4 11 4 11 8.97989e-48
53 11 4 11 4 9.86342e-48
53 5 6 6 9 1.10188e-47
53 6 6 9 5 1.04086e-47
53 6 9 5 6 1.13107e-47
53 9 5 6 6 0.222589
53 8 9 11 11 7.37339e-48
53 9 11 11 8 8.04939e-48
53 11 8 9 11 5.1506e-48
53 11 11 8 9 4.62358e-48
53 4 11 13 12 2.73655e-48
53 11 13 12 4 3.12768e-48
53 12 4 11 13 3.83247e-48
53 13 12 4 11 3.85435e-48
53 5 11 9 9 2.19766e-48
53 9 5 11 9 0.0599598
53 9 9 5 11 3.19651e-48
53 11 9 9 5 2.61e-48
53 5 12 8 9 2.63776e-48
53 8 9 5 12 1.49042e-48
53 9 5 12 8 0.0430852
53 12 8 9 5 2.44263e-48
53 8 9 10 13 4.06076e-48
53 9 10 13 8 6.08969e-48
53 10 13 8 9 7.47402e-48
53 13 8 9 10 5.61665e-48
53 4 9 6 6 7.72485e-48
53 6 4 9 6 5.23469e-48
53 6 6 4 9 4.60111e-48
53 9 6 6 4 6.22337e-48
53 4 4 9 13 2.53255e-48
53 4 9 13 4 3.35571e-48
53 9 13 4 4 3.17948e-48
53 13 4 4 9 2.74622e-48
53 4 8 4 12 3.44315e-48
53 4 12 4 8 4.04608e-48
53 8 4 12 4 3.10102e-48
53 12 4 8 4 3.67478e-48
53 5 7 8 12 4.91314e-48
53 7 8 12 5 6.57951e-48
53 8 12 5 7 3.2085e-48
53 12 5 7 8 0.0182442
53 5 13 7 7 1.20252e-48
53 7 5 13 7 0.0648712
53 7 7 5 13 4.17508e-48
53 13 7 7 5 1.64657e-48
53 7 9 9 9 2.68443e-48
53 9 7 9 9 2.95815e-48
53 9 9 7 9 8.79377e-49
53 9 9 9 7 2.80539e-48
53 8 10 8 13 6.58106e-48
53 8 13 8 10 7.57756e-48
53 10 8 13 8 1.15937e-47
53 13 8 10 8 8.99142e-48
53 4 11 7 12 9.49928e-51
53 7 12 4 11 4.84204e-50
53 11 7 12 4 4.27719e-50
53 12 4 11 7 4.91697e-50
53 4 7 11 13 8.26416e-48
53 7 11 13 4 5.18264e-48
53 11 13 4 7 4.29879e-48
53 13 4 7 11 1.7068e-48
53 10 12 12 13 6.34633e-48
53 12 12 13 10 4.74125e-48
53 12 13 10 12 3.6222e-48
53 13 10 12 12 4.49302e-48
53 5 10 7 12 1.16659e-48
53 7 12 5 10 4.88257e-48
53 10 7 12 5 8.86052e-48
53 12 5 10 7 0.0614369
53 5 7 12 11 5.33497e-48
53 7 12 11 5 6.78392e-48
53 11 5 7 12 0.0115466
53 12 11 5 7 2.74358e-48
53 4 10 12 6 5.63497e-48
53 6 4 10 12 4.21136e-48
53 10 12 6 4 8.04779e-48
53 12 6 4 10 3.76591e-48
53 6 10 9 11 8.08153e-48
53 9 11 6 10 9.60274e-48
53 10 9 11 6 1.41536e-47
53 11 6 10 9 4.85719e-48
53 8 8 13 11 6.18048e-48
53 8 13 11 8 7.4513e-48
53 11 8 8 13 6.0484e-48
53 13 11 8 8 6.96405e-48
53 8 13 11 9 5.45622e-48
53 9 8 13 11 6.73463e-48
53 11 9 8 13 4.71444e-48
53 13 11 9 8 4.43604e-48
53 4 6 11 11 7.99714e-48
53 6 11 11 4 8.02166e-48
53 11 4 6 11 6.64797e-48
53 11 11 4 6 4.35467e-48
53 4 6 5 12 5.22042e-48
53 5 12 4 6 8.02308e-48
53 6 5 12 4 0.138662
53 12 4 6 5 1.01816e-47
53 4 9 13 12 2.39113e-48
53 9 13 12 4 3.02491e-48
53 12 4 9 13 1.85208e-48
53 13 12 4 9 2.47067e-48
53 4 12 5 10 4.12012e-48
53 5 10 4 12 3.33452e-48
53 10 4 12 5 6.39831e-48
53 12 5 10 4 0.0535027
53 4 9 11 9 4.45672e-48
53 9 4 9 11 3.16843e-48
53 9 11 9 4 2.65841e-48
53 11 9 4 9 2.47105e-48
53 4 6 4 7 4.76323e-48
53 4 7 4 6 6.72387e-48
53 6 4 7 4 1.73495e-48
53 7 4 6 4 7.37014e-48
53 9 11 13 10 5.83442e-48
53 10 9 11 13 9.78175e-48
53 11 13 10 9 4.44565e-48
53 13 10 9 11 5.76363e-48
53 4 13 9 6 3.53307e-48
53 6 4 13 9 3.69503e-48
53 9 6 4 13 2.96025e-48
53 13 9 6 4 4.96056e-48
54 6 12 6 5 1
55 4 9 5 12 0.0238636
55 5 12 4 9 2.05867e-48
55 9 5 12 4 2.55284e-48
55 12 4 9 5 5.542e-48
55 4 7 6 6 4.43161e-48
55 6 4 7 6 8.5132e-48
55 6 6 4 7 1.15741e-47
55 7 6 6 4 4.99225e-48
55 8 13 11 12 0.033672
55 11 12 8 13 3.69689e-48
55 12 8 13 11 6.5211e-48
55 13 11 12 8 3.55608e-48
55 5 6 12 6 2.58045e-50
55 6 5 6 12 0.000795041
55 6 12 6 5 7.60454e-50
55 12 6 5 6 7.07973e-50
55 4 7 9 7 3.18674e-48
55 7 4 7 9 3.89987e-48
55 7 9 7 4 3.28787e-48
55 9 7 4 7 5.7261e-48
55 4 6 6 11 5.1817e-48
55 6 6 11 4 6.24678e-48
55 6 11 4 6 7.68945e-48
55 11 4 6 6 6.44293e-48
55 7 10 9 10 4.15155e-48
55 9 10 7 10 7.22292e-48
55 10 7 10 9 4.81278e-48
55 10 9 10 7 6.34491e-48
55 12 12 13 13 6.23768e-50
55 12 13 13 12 0.000708013
55 13 12 12 13 3.34125e-50
55 13 13 12 12 0.000379252
55 4 13 13 12 0.0296522
55 12 4 13 13 6.24751e-48
55 13 12 4 13 3.99189e-48
55 13 13 12 4 2.65702e-48
55 4 12 10 12 0.0319043
55 10 12 4 12 0.0229238
55 12 4 12 10 4.36305e-48
55 12 10 12 4 3.63074e-48
55 7 9 8 10 4.55601e-48
55 8 10 7 9 6.01891e-48
55 9 8 10 7 1.14282e-47
55 10 7 9 8 3.53089e-48
55 6 9 10 13 1.05668e-47
55 9 10 13 6 5.59434e-48
55 10 13 6 9 4.16903e-48
55 13 6 9 10 5.56738e-48
55 4 6 4 12 0.0443063
55 4 12 4 6 3.18252e-48
55 6 4 12 4 4.20317e-48
55 12 4 6 4 6.99115e-48
55 4 4 4 13 4.22152e-48
55 4 4 13 4 3.00678e-48
55 4 13 4 4 3.35175e-48
55 13 4 4 4 4.59454e-48
55 5 12 11 12 0.0150862
55 11 12 5 12 0.0249939
55 12 5 12 11 3.65943e-48
55 12 11 12 5 4.21631e-48
55 5 6 10 12 0.0574543
55 6 10 12 5 7.35332e-48
55 10 12 5 6 2.8519e-48
55 12 5 6 10 1.07486e-47
55 7 11 13 12 0.0249606
55 11 13 12 7 3.16957e-48
55 12 7 11 13 4.22767e-48
55 13 12 7 11 3.06587e-48
55 7 8 11 10 4.24415e-48
55 8 11 10 7 7.77442e-48
55 10 7 8 11 3.06706e-48
55 11 10 7 8 7.11736e-48
55 4 9 4 12 0.0287838
55 4 12 4 9 2.38818e-48
55 9 4 12 4 2.43575e-48
55 12 4 9 4 3.86701e-48
55 6 8 11 11 7.81084e-48
55 8 11 11 6 4.60525e-48
55 11 6 8 11 6.63281e-48
55 11 11 6 8 7.98666e-48
55 4 10 8 8 4.24042e-48
55 8 4 10 8 7.22324e-48
55 8 8 4 10 5.8299e-48
55 10 8 8 4 3.10758e-48
55 9 9 13 13 4.09283e-48
55 9 13 13 9 3.85443e-48
55 13 9 9 13 3.48059e-48
55 13 13 9 9 3.27785e-48
55 6 11 13 12 0.0420726
55 11 13 12 6 2.50868e-48
55 12 6 11 13 5.09552e-48
55 13 12 6 11 3.11188e-48
55 9 9 12 12 0.000248736
55 9 12 12 9 2.06375e-50
55 12 9 9 12 0.000394894
55 12 12 9 9 3.27642e-50
55 5 10 13 6 3.9323e-48
55 6 5 10 13 1.30316e-47
55 10 13 6 5 5.92726e-48
55 13 6 5 10 6.76282e-48
55 4 10 7 10 6.31431e-48
55 7 10 4 10 6.52131e-48
55 10 4 10 7 8.00433e-48
55 10 7 10 4 5.11872e-48
55 6 8 13 13 8.65808e-48
55 8 13 13 6 4.81018e-48
55 13 6 8 13 6.52192e-48
55 13 13 6 8 7.39992e-48
55 4 12 6 6 3.11799e-48
55 6 4 12 6 4.48304e-48
55 6 6 4 12 0.0744478
55 12 6 6 4 7.26142e-48
55 5 9 13 11 2.2017e-48
55 9 13 11 5 4.13891e-48
55 11 5 9 13 3.65476e-48
55 13 11 5 9 3.23384e-48
55 4 4 7 9 4.73218e-50
55 4 7 9 4 2.86057e-50
55 7 9 4 4 4.12036e-50
55 9 4 4 7 8.03762e-50
55 6 11 8 8 8.7741e-48
55 8 6 11 8 6.25423e-48
55 8 8 6 11 6.94637e-48
55 11 8 8 6 6.62424e-48
55 4 11 4 11 7.27194e-48
55 11 4 11 4 7.34551e-48
55 5 6 6 9 8.29712e-48
55 6 6 9 5 1.60184e-47
55 6 9 5 6 1.18486e-47
55 9 5 6 6 1.26029e-47
55 8 9 11 11 3.69667e-48
55 9 11 11 8 4.92642e-48
55 11 8 9 11 4.6392e-48
55 11 11 8 9 4.60414e-48
55 4 11 13 12 0.0238427
55 11 13 12 4 2.23972e-48
55 12 4 11 13 4.67153e-48
55 13 12 4 11 3.02455e-48
55 5 11 9 9 1.862e-48
55 9 5 11 9 3.39346e-48
55 9 9 5 11 3.21962e-48
55 11 9 9 5 3.75046e-48
55 5 12 8 9 1.47673e-48
55 8 9 5 12 0.023662
55 9 5 12 8 2.77431e-48
55 12 8 9 5 4.98486e-48
55 8 9 10 13 6.29915e-48
55 9 10 13 8 5.75833e-48
55 10 13 8 9 3.08358e-48
55 13 8 9 10 4.87053e-48
55 4 9 6 6 3.90465e-48
55 6 4 9 6 5.37824e-48
55 6 6 4 9 7.7353e-48
55 9 6 6 4 5.48714e-48
55 4 4 9 13 2.61498e-48
55 4 9 13 4 2.31913e-48
55 9 13 4 4 3.73062e-48
55 13 4 4 9 4.20339e-48
55 4 8 4 12 0.0411769
55 4 12 4 8 3.48002e-48
55 8 4 12 4 2.66183e-48
55 12 4 8 4 5.49329e-48
55 5 7 8 12 0.0277604
55 7 8 12 5 3.92577e-48
55 8 12 5 7 4.03685e-48
55 12 5 7 8 9.58109e-48
55 5 13 7 7 3.60255e-48
55 7 5 13 7 4.05806e-48
55 7 7 5 13 2.88217e-48
55 13 7 7 5 5.25032e-48
55 7 9 9 9 2.04205e-48
55 9 7 9 9 2.54739e-48
55 9 9 7 9 3.55279e-48
55 9 9 9 7 3.35834e-48
55 8 10 8 13 6.0935e-48
55 8 13 8 10 5.81386e-48
55 10 8 13 8 5.28138e-48
55 13 8 10 8 1.12318e-47
55 4 11 7 12 0.000327903
55 7 12 4 11 2.81138e-50
55 11 7 12 4 2.46697e-50
55 12 4 11 7 6.38845e-50
55 4 7 11 13 3.13318e-48
55 7 11 13 4 3.09451e-48
55 11 13 4 7 6.70099e-48
55 13 4 7 11 5.43383e-48
55 10 12 12 13 1.98996e-48
55 12 12 13 10 5.48739e-48
55 12 13 10 12 0.0896763
55 13 10 12 12 0.0349682
55 5 10 7 12 0.0383142
55 7 12 5 10 3.199e-48
55 10 7 12 5 2.95282e-48
55 12 5 10 7 1.34065e-47
55 5 7 12 11 1.75004e-48
55 7 12 11 5 2.82204e-48
55 11 5 7 12 0.0492105
55 12 11 5 7 6.32634e-48
55 4 10 12 6 2.54227e-48
55 6 4 10 12 0.0841659
55 10 12 6 4 2.46647e-48
55 12 6 4 10 8.4869e-48
55 6 10 9 11 6.78583e-48
55 9 11 6 10 7.19854e-48
55 10 9 11 6 3.33808e-48
55 11 6 10 9 9.24395e-48
55 8 8 13 11 4.75884e-48
55 8 13 11 8 4.50524e-48
55 11 8 8 13 5.85269e-48
55 13 11 8 8 5.35554e-48
55 8 13 11 9 3.51162e-48
55 9 8 13 11 4.94605e-48
55 11 9 8 13 4.64682e-48
55 13 11 9 8 4.28205e-48
55 4 6 11 11 3.42388e-48
55 6 11 11 4 4.66714e-48
55 11 4 6 11 5.56335e-48
55 11 11 4 6 5.10324e-48
55 4 6 5 12 0.0707766
55 5 12 4 6 5.28601e-48
55 6 5 12 4 8.48797e-48
55 12 4 6 5 1.93053e-47
55 4 9 13 12 0.020845
55 9 13 12 4 1.96633e-48
55 12 4 9 13 3.93186e-48
55 13 12 4 9 2.64278e-48
55 4 12 5 10 3.12267e-48
55 5 10 4 12 0.0386261
55 10 4 12 5 3.33432e-48
55 12 5 10 4 9.68106e-48
55 4 9 11 9 2.25176e-48
55 9 4 9 11 3.13002e-48
55 9 11 9 4 2.63734e-48
55 11 9 4 9 3.87891e-48
55 4 6 4 7 6.40772e-48
55 4 7 4 6 4.20786e-48
55 6 4 7 4 7.4251e-48
55 7 4 6 4 4.47124e-48
55 9 11 13 10 5.10879e-48
55 10 9 11 13 3.05525e-48
55 11 13 10 9 6.89814e-48
55 13 10 9 11 4.29076e-48
55 4 13 9 6 2.18708e-48
55 6 4 13 9 4.56504e-48
55 9 6 4 13 4.82004e-48
55 13 9 6 4 3.42901e-48
56 4 9 5 12 0.0030775
56 5 12 4 9 0.00322851
56 9 5 12 4 0.00165252
56 12 4 9 5 0.00211281
56 4 7 6 6 0.00987797
56 6 4 7 6 0.0116355
56 6 6 4 7 0.00296032
56 7 6 6 4 0.00460253
56 8 13 11 12 0.00246904
56 11 12 8 13 0.00810839
56 12 8 13 11 0.00204288
56 13 11 12 8 0.00246309
56 5 6 12 6 0.000113274
56 6 5 6 12 5.31473e-05
56 6 12 6 5 4.15682e-05
56 12 6 5 6 8.58005e-05
56 4 7 9 7 0.00146533
56 7 4 7 9 0.00415315
56 7 9 7 4 0.0028772
56 9 7 4 7 0.001346
56 4 6 6 11 0.0057534
56 6 6 11 4 0.00232632
56 6 11 4 6 0.0141318
56 11 4 6 6 0.0112085
56 7 10 9 10 0.00613511
56 9 10 7 10 0.00525666
56 10 7 10 9 0.00335534
56 10 9 10 7 0.0019453
56 12 12 13 13 3.94716e-05
56 12 13 13 12 2.18917e-05
56 13 12 12 13 9.12395e-05
56 13 13 12 12 5.06031e-05
56 4 13 13 12 0.00180778
56 12 4 13 13 0.00282779
56 13 12 4 13 0.00685013
56 13 13 12 4 0.00219507
56 4 12 10 12 0.00292286
56 10 12 4 12 0.00470775
56 12 4 12 10 0.00395657
56 12 10 12 4 0.00192902
56 7 9 8 10 0.00796482
56 8 10 7 9 0.00495306
56 9 8 10 7 0.00199579
56 10 7 9 8 0.00240673
56 6 9 10 13 0.00702071
56 9 10 13 6 0.00410764
56 10 13 6 9 0.00556399
56 13 6 9 10 0.00700677
56 4 6 4 12 0.00566022
56 4 12 4 6 0.00942841
56 6 4 12 4 0.00294862
56 12 4 6 4 0.00272119
56 4 4 4 13 0.00684554
56 4 4 13 4 0.00116367
56 4 13 4 4 0.00229885
56 13 4 4 4 0.00244555
56 5 12 11 12 0.00208174
56 11 12 5 12 0.00299247
56 12 5 12 11 0.00229774
56 12 11 12 5 0.00268991
56 5 6 10 12 0.00490113
56 6 10 12 5 0.00392449
56 10 12 5 6 0.0109551
56 12 5 6 10 0.00575086
56 7 11 13 12 0.00230493
56 11 13 12 7 0.0013421
56 12 7 11 13 0.00251643
56 13 12 7 11 0.00301876
56 7 8 11 10 0.00474607
56 8 11 10 7 0.00198389
56 10 7 8 11 0.00444741
56 11 10 7 8 0.00214337
56 4 9 4 12 0.00370281
56 4 12 4 9 0.00323629
56 9 4 12 4 0.00183289
56 12 4 9 4 0.00181417
56 6 8 11 11 0.00412721
56 8 11 11 6 0.00893644
56 11 6 8 11 0.00652833
56 11 11 6 8 0.0037703
56 4 10 8 8 0.00212247
56 8 4 10 8 0.00152707
56 8 8 4 10 0.00716542
56 10 8 8 4 0.00451127
56 9 9 13 13 0.00278231
56 9 13 13 9 0.0013487
56 13 9 9 13 0.00636571
56 13 13 9 9 0.00308572
56 6 11 13 12 0.00228075
56 11 13 12 6 0.00620641
56 12 6 11 13 0.00353997
56 13 12 6 11 0.00325055
56 9 9 12 12 3.42413e-05
56 9 12 12 9 2.99272e-05
56 12 9 9 12 3.38916e-05
56 12 12 9 9 2.96216e-05
56 5 10 13 6 0.00496878
56 6 5 10 13 0.00657568
56 10 13 6 5 0.00466348
56 13 6 5 10 0.00648624
56 4 10 7 10 0.00683356
56 7 10 4 10 0.007326
56 10 4 10 7 0.00216656
56 10 7 10 4 0.00258889
56 6 8 13 13 0.0060115
56 8 13 13 6 0.00482312
56 13 6 8 13 0.0115821
56 13 13 6 8 0.00247855
56 4 12 6 6 0.0100816
56 6 4 12 6 0.00947738
56 6 6 4 12 0.00596259
56 12 6 6 4 0.0031793
56 5 9 13 11 0.00143657
56 9 13 11 5 0.00116497
56 11 5 9 13 0.00504459
56 13 11 5 9 0.00329048
56 4 4 7 9 4.71899e-05
56 4 7 9 4 2.55021e-05
56 7 9 4 4 3.50478e-05
56 9 4 4 7 1.96039e-05
56 6 11 8 8 0.0040684
56 8 6 11 8 0.00193576
56 8 8 6 11 0.00750007
56 11 8 8 6 0.016853
56 4 11 4 11 0.00909819
56 11 4 11 4 0.00291775
56 5 6 6 9 0.0114264
56 6 6 9 5 0.0084914
56 6 9 5 6 0.0178739
56 9 5 6 6 0.0168617
56 8 9 11 11 0.00250677
56 9 11 11 8 0.00143063
56 11 8 9 11 0.00515194
56 11 11 8 9 0.00597294
56 4 11 13 12 0.00206166
56 11 13 12 4 0.00183872
56 12 4 11 13 0.00288516
56 13 12 4 11 0.00289473
56 5 11 9 9 0.00380097
56 9 5 11 9 0.00142897
56 9 9 5 11 0.00222351
56 11 9 9 5 0.00240199
56 5 12 8 9 0.00297871
56 8 9 5 12 0.00268976
56 9 5 12 8 0.0010616
56 12 8 9 5 0.00235831
56 8 9 10 13 0.00588445
56 9 10 13 8 0.000829369
56 10 13 8 9 0.00484987
56 13 8 9 10 0.00676235
56 4 9 6 6 0.010229
56 6 4 9 6 0.00939901
56 6 6 4 9 0.00528752
56 9 6 6 4 0.00318554
56 4 4 9 13 0.00557809
56 4 9 13 4 0.00101664
56 9 13 4 4 0.00172066
56 13 4 4 9 0.00308405
56 4 8 4 12 0.00580331
56 4 12 4 8 0.00202235
56 8 4 12 4 0.00262547
56 12 4 8 4 0.0025198
56 5 7 8 12 0.00452285
56 7 8 12 5 0.00473081
56 8 12 5 7 0.00180875
56 12 5 7 8 0.00178758
56 5 13 7 7 0.00151732
56 7 5 13 7 0.000744164
56 7 7 5 13 0.00482221
56 13 7 7 5 0.00225171
56 7 9 9 9 0.00314964
56 9 7 9 9 0.00210515
56 9 9 7 9 0.00269866
56 9 9 9 7 0.00122049
56 8 10 8 13 0.0104878
56 8 13 8 10 0.00722385
56 10 8 13 8 0.00193931
56 13 8 10 8 0.00253041
56 4 11 7 12 5.30007e-05
56 7 12 4 11 3.79615e-05
56 11 7 12 4 2.0012e-05
56 12 4 11 7 8.82484e-06
56 4 7 11 13 0.00367722
56 7 11 13 4 0.00176929
56 11 13 4 7 0.00178308
56 13 4 7 11 0.00382702
56 10 12 12 13 0.00928523
56 12 12 13 10 0.00240611
56 12 13 10 12 0.00290691
56 13 10 12 12 0.00447841
56 5 10 7 12 0.00485018
56 7 12 5 10 0.00537995
56 10 7 12 5 0.00334706
56 12 5 10 7 0.00122404
56 5 7 12 11 0.00280914
56 7 12 11 5 0.00180805
56 11 5 7 12 0.00372052
56 12 11 5 7 0.00161383
56 4 10 12 6 0.00802581
56 6 4 10 12 0.00345773
56 10 12 6 4 0.0034229
56 12 6 4 10 0.00544031
56 6 10 9 11 0.00473838
56 9 11 6 10 0.00821249
56 10 9 11 6 0.00778251
56 11 6 10 9 0.00437438
56 8 8 13 11 0.00259104
56 8 13 11 8 0.0012091
56 11 8 8 13 0.0113943
56 13 11 8 8 0.00299827
56 8 13 11 9 0.00219765
56 9 8 13 11 0.00205451
56 11 9 8 13 0.0082575
56 13 11 9 8 0.00245181
56 4 6 11 11 0.00261581
56 6 11 11 4 0.00213749
56 11 4 6 11 0.00413065
56 11 11 4 6 0.0112528
56 4 6 5 12 0.00906433
56 5 12 4 6 0.018123
56 6 5 12 4 0.00512231
56 12 4 6 5 0.00610628
56 4 9 13 12 0.00147584
56 9 13 12 4 0.0014432
56 12 4 9 13 0.00425368
56 13 12 4 9 0.00271084
56 4 12 5 10 0.00491758
56 5 10 4 12 0.00475282
56 10 4 12 5 0.00392159
56 12 5 10 4 0.0017137
56 4 9 11 9 0.00185661
56 9 4 9 11 0.0025042
56 9 11 9 4 0.00226952
56 11 9 4 9 0.00320341
56 4 6 4 7 0.00261421
56 4 7 4 6 0.00859369
56 6 4 7 4 0.00336759
56 7 4 6 4 0.00366462
56 9 11 13 10 0.0029391
56 10 9 11 13 0.00545081
56 11 13 10 9 0.00283046
56 13 10 9 11 0.00361749
56 4 13 9 6 0.00594643
56 6 4 13 9 0.00152677
56 9 6 4 13 0.0059124
56 13 9 6 4 0.00225634
57 4 9 5 12 0.00244659
57 5 12 4 9 0.00237993
57 9 5 12 4 0.000795504
57 12 4 9 5 0.00164543
57 4 7 6 6 0.00831513
57 6 4 7 6 0.0050077
57 6 6 4 7 0.0059985
57 7 6 6 4 0.0071001
57 8 13 11 12 0.00331654
57 11 12 8 13 7.8246e-46
57 12 8 13 11 0.00860405
57 13 11 12 8 0.00328572
57 5 6 12 6 2.61257e-05
57 6 5 6 12 5.09708e-05
57 6 12 6 5 6.27906e-05
57 12 6 5 6 2.36035e-05
57 4 7 9 7 0.0042707
57 7 4 7 9 0.00272681
57 7 9 7 4 0.00345694
57 9 7 4 7 0.00263857
57 4 6 6 11 0.00730958
57 6 6 11 4 0.00508714
57 6 11 4 6 0.00501514
57 11 4 6 6 0.00755381
57 7 10 9 10 0.00314153
57 9 10 7 10 0.00372751
57 10 7 10 9 0.00358183
57 10 9 10 7 0.00363009
57 12 12 13 13 7.73099e-05
57 12 13 13 12 0.000148625
57 13 12 12 13 3.02881e-05
57 13 13 12 12 5.82278e-05
57 4 13 13 12 0.0177521
57 12 4 13 13 0.00533076
57 13 12 4 13 0.00388927
57 13 13 12 4 0.00416094
57 4 12 10 12 0.00276544
57 10 12 4 12 0.00257955
57 12 4 12 10 0.00105628
57 12 10 12 4 0.00100525
57 7 9 8 10 8.47299e-46
57 8 10 7 9 0.00360878
57 9 8 10 7 0.0044573
57 10 7 9 8 0.00439208
57 6 9 10 13 0.00379394
57 9 10 13 6 0.00883011
57 10 13 6 9 0.00966085
57 13 6 9 10 0.00991498
57 4 6 4 12 0.00528609
57 4 12 4 6 0.00349482
57 6 4 12 4 0.00195539
57 12 4 6 4 0.00365167
57 4 4 4 13 0.00258344
57 4 4 13 4 0.0101767
57 4 13 4 4 0.00514711
57 13 4 4 4 0.00428633
57 5 12 11 12 0.00209718
57 11 12 5 12 0.00236154
57 12 5 12 11 0.000502939
57 12 11 12 5 0.00111688
57 5 6 10 12 0.00493496
57 6 10 12 5 0.00221571
57 10 12 5 6 0.00255753
57 12 5 6 10 0.0036577
57 7 11 13 12 0.00812261
57 11 13 12 7 0.00290922
57 12 7 11 13 0.0014655
57 13 12 7 11 0.00364471
57 7 8 11 10 0.00402156
57 8 11 10 7 0.00289333
57 10 7 8 11 6.11675e-46
57 11 10 7 8 0.00513873
57 4 9 4 12 0.00335465
57 4 12 4 9 0.00274232
57 9 4 12 4 0.00101574
57 12 4 9 4 0.00176746
57 6 8 11 11 0.0049463
57 8 11 11 6 0.00334494
57 11 6 8 11 1.27296e-45
57 11 11 6 8 0.0112222
57 4 10 8 8 7.00953e-46
57 8 4 10 8 0.00183019
57 8 8 4 10 0.00417044
57 10 8 8 4 1.10752e-45
57 9 9 13 13 0.0073247
57 9 13 13 9 0.0115111
57 13 9 9 13 0.00499341
57 13 13 9 9 0.00784739
57 6 11 13 12 0.0120441
57 11 13 12 6 0.00282104
57 12 6 11 13 0.00178078
57 13 12 6 11 0.00488825
57 9 9 12 12 1.42028e-05
57 9 12 12 9 1.16103e-05
57 12 9 9 12 2.4714e-05
57 12 12 9 9 2.02028e-05
57 5 10 13 6 0.0118666
57 6 5 10 13 0.00250343
57 10 13 6 5 0.00960646
57 13 6 5 10 0.00691817
57 4 10 7 10 0.00618828
57 7 10 4 10 0.00322227
57 10 4 10 7 0.00327897
57 10 7 10 4 0.00410167
57 6 8 13 13 0.0207752
57 8 13 13 6 0.0149828
57 13 6 8 13 1.68061e-45
57 13 13 6 8 0.0158005
57 4 12 6 6 0.0059924
57 6 4 12 6 0.00185242
57 6 6 4 12 0.00521785
57 12 6 6 4 0.00542269
57 5 9 13 11 0.00693996
57 9 13 11 5 0.00247663
57 11 5 9 13 0.00226804
57 13 11 5 9 0.00361984
57 4 4 7 9 4.95487e-05
57 4 7 9 4 5.28786e-05
57 7 9 4 4 3.27086e-05
57 9 4 4 7 2.61172e-05
57 6 11 8 8 1.2549e-45
57 8 6 11 8 0.00360914
57 8 8 6 11 0.00660682
57 11 8 8 6 2.00151e-45
57 4 11 4 11 0.00602063
57 11 4 11 4 0.0063111
57 5 6 6 9 0.0165233
57 6 6 9 5 0.0113918
57 6 9 5 6 0.00646497
57 9 5 6 6 0.00656146
57 8 9 11 11 0.00190418
57 9 11 11 8 0.00267752
57 11 8 9 11 0.00595748
57 11 11 8 9 1.27271e-45
57 4 11 13 12 0.0116188
57 11 13 12 4 0.00283561
57 12 4 11 13 0.00114191
57 13 12 4 11 0.00271469
57 5 11 9 9 0.0033329
57 9 5 11 9 0.00120249
57 9 9 5 11 0.00117428
57 11 9 9 5 0.00393011
57 5 12 8 9 4.58731e-46
57 8 9 5 12 0.00139319
57 9 5 12 8 0.000626649
57 12 8 9 5 0.00248425
57 8 9 10 13 0.00221102
57 9 10 13 8 0.00741742
57 10 13 8 9 1.0971e-45
57 13 8 9 10 0.0101835
57 4 9 6 6 0.00721536
57 6 4 9 6 0.00365795
57 6 6 4 9 0.00513593
57 9 6 6 4 0.00615378
57 4 4 9 13 0.00245076
57 4 9 13 4 0.0109626
57 9 13 4 4 0.00301672
57 13 4 4 9 0.0036421
57 4 8 4 12 0.00576769
57 4 12 4 8 0.0031187
57 8 4 12 4 0.0012106
57 12 4 8 4 4.40539e-46
57 5 7 8 12 8.88714e-46
57 7 8 12 5 0.00226366
57 8 12 5 7 0.00182797
57 12 5 7 8 0.00205144
57 5 13 7 7 0.00534812
57 7 5 13 7 0.00496883
57 7 7 5 13 0.00146933
57 13 7 7 5 0.00597625
57 7 9 9 9 0.00230572
57 9 7 9 9 0.002303
57 9 9 7 9 0.0027358
57 9 9 9 7 0.00233404
57 8 10 8 13 5.73783e-46
57 8 13 8 10 1.2012e-45
57 10 8 13 8 0.0201903
57 13 8 10 8 0.00911675
57 4 11 7 12 5.32239e-05
57 7 12 4 11 1.53738e-05
57 11 7 12 4 2.45498e-05
57 12 4 11 7 1.57461e-05
57 4 7 11 13 0.00309749
57 7 11 13 4 0.0102713
57 11 13 4 7 0.00661061
57 13 4 7 11 0.00444719
57 10 12 12 13 0.00152786
57 12 12 13 10 0.00824718
57 12 13 10 12 0.00338534
57 13 10 12 12 0.00296711
57 5 10 7 12 0.004251
57 7 12 5 10 0.00202563
57 10 7 12 5 0.00199977
57 12 5 10 7 0.00155007
57 5 7 12 11 0.00131056
57 7 12 11 5 0.00172409
57 11 5 7 12 0.00360152
57 12 11 5 7 0.00176834
57 4 10 12 6 0.00178302
57 6 4 10 12 0.00295048
57 10 12 6 4 0.00495447
57 12 6 4 10 0.00315729
57 6 10 9 11 0.00343173
57 9 11 6 10 0.00722983
57 10 9 11 6 0.00372729
57 11 6 10 9 0.00662038
57 8 8 13 11 0.0102839
57 8 13 11 8 0.00328079
57 11 8 8 13 1.43147e-45
57 13 11 8 8 1.42912e-45
57 8 13 11 9 0.00327663
57 9 8 13 11 0.00980041
57 11 9 8 13 9.45655e-46
57 13 11 9 8 0.00651241
57 4 6 11 11 0.00314377
57 6 11 11 4 0.003904
57 11 4 6 11 0.004864
57 11 11 4 6 0.00502053
57 4 6 5 12 0.00742821
57 5 12 4 6 0.00584396
57 6 5 12 4 0.00295074
57 12 4 6 5 0.00655021
57 4 9 13 12 0.00966042
57 9 13 12 4 0.0014794
57 12 4 9 13 0.00129208
57 13 12 4 9 0.00332616
57 4 12 5 10 0.002961
57 5 10 4 12 0.00323565
57 10 4 12 5 0.00159235
57 12 5 10 4 0.00154395
57 4 9 11 9 0.0028321
57 9 4 9 11 0.00142302
57 9 11 9 4 0.0026585
57 11 9 4 9 0.00379488
57 4 6 4 7 0.00565313
57 4 7 4 6 0.00451126
57 6 4 7 4 0.0049174
57 7 4 6 4 0.00444781
57 9 11 13 10 0.011658
57 10 9 11 13 0.00276152
57 11 13 10 9 0.0062343
57 13 10 9 11 0.00404859
57 4 13 9 6 0.00456847
57 6 4 13 9 0.00843007
57 9 6 4 13 0.00222071
57 13 9 6 4 0.00781923
58 4 9 5 12 0.00357943
58 5 12 4 9 0.00446538
58 9 5 12 4 0.00161251
58 12 4 9 5 0.000750597
58 4 7 6 6 0.00583629
58 6 4 7 6 0.00315459
58 6 6 4 7 0.000639398
58 7 6 6 4 0.00106213
58 8 13 11 12 0.00183496
58 11 12 8 13 0.0105393
58 12 8 13 11 0.00394365
58 13 11 12 8 0.0069543
58 5 6 12 6 1.22505e-05
58 6 5 6 12 3.42415e-05
58 6 12 6 5 7.11296e-05
58 12 6 5 6 3.54484e-06
58 4 7 9 7 0.00306462
58 7 4 7 9 0.00138157
58 7 9 7 4 0.00825366
58 9 7 4 7 0.00116478
58 4 6 6 11 0.00201888
58 6 6 11 4 0.00105411
58 6 11 4 6 0.00599094
58 11 4 6 6 0.00266249
58 7 10 9 10 0.000962538
58 9 10 7 10 0.0016842
58 10 7 10 9 0.00452457
58 10 9 10 7 0.00968387
58 12 12 13 13 5.98552e-05
58 12 13 13 12 1.99495e-05
58 13 12 12 13 7.35485e-05
58 13 13 12 12 2.45134e-05
58 4 13 13 12 0.00334708
58 12 4 13 13 0.00124945
58 13 12 4 13 0.0052884
58 13 13 12 4 0.00257492
58 4 12 10 12 0.0064432
58 10 12 4 12 0.00270978
58 12 4 12 10 0.000595852
58 12 10 12 4 0.000391164
58 7 9 8 10 0.00997259
58 8 10 7 9 0.00203557
58 9 8 10 7 0.00537988
58 10 7 9 8 0.00518434
58 6 9 10 13 0.0160697
58 9 10 13 6 0.00133298
58 10 13 6 9 0.00427163
58 13 6 9 10 0.00193693
58 4 6 4 12 0.000733152
58 4 12 4 6 0.00535855
58 6 4 12 4 0.00135609
58 12 4 6 4 0.00130846
58 4 4 4 13 0.0015688
58 4 4 13 4 0.00268032
58 4 13 4 4 0.00263112
58 13 4 4 4 0.00141148
58 5 12 11 12 0.00392314
58 11 12 5 12 0.00204596
58 12 5 12 11 0.000996766
58 12 11 12 5 0.00189267
58 5 6 10 12 0.00196898
58 6 10 12 5 0.00082518
58 10 12 5 6 0.0040865
58 12 5 6 10 0.00293795
58 7 11 13 12 0.00331802
58 11 13 12 7 0.00127301
58 12 7 11 13 0.00117554
58 13 12 7 11 0.00880018
58 7 8 11 10 0.00300373
58 8 11 10 7 0.00790377
58 10 7 8 11 0.00499941
58 11 10 7 8 0.00218767
58 4 9 4 12 0.00453216
58 4 12 4 9 0.00381747
58 9 4 12 4 0.000838931
58 12 4 9 4 0.000945963
58 6 8 11 11 0.00596993
58 8 11 11 6 0.00795232
58 11 6 8 11 0.00227862
58 11 11 6 8 0.0148985
58 4 10 8 8 0.0021976
58 8 4 10 8 0.00265465
58 8 8 4 10 0.00432907
58 10 8 8 4 0.00886876
58 9 9 13 13 0.00938588
58 9 13 13 9 0.00263497
58 13 9 9 13 0.0130046
58 13 13 9 9 0.00365086
58 6 11 13 12 0.00555368
58 11 13 12 6 0.00180347
58 12 6 11 13 0.000410777
58 13 12 6 11 0.00720341
58 9 9 12 12 3.26239e-05
58 9 12 12 9 2.74793e-05
58 12 9 9 12 3.67861e-05
58 12 12 9 9 3.09852e-05
58 5 10 13 6 0.00253608
58 6 5 10 13 0.00636577
58 10 13 6 5 0.00417315
58 13 6 5 10 0.000945684
58 4 10 7 10 0.00293688
58 7 10 4 10 0.000637936
58 10 4 10 7 0.00213969
58 10 7 10 4 0.00597244
58 6 8 13 13 0.0102227
58 8 13 13 6 0.00496517
58 13 6 8 13 0.00266023
58 13 13 6 8 0.00634212
58 4 12 6 6 0.00951981
58 6 4 12 6 0.00122756
58 6 6 4 12 0.000578523
58 12 6 6 4 0.000815457
58 5 9 13 11 0.0131687
58 9 13 11 5 0.00130613
58 11 5 9 13 0.0038338
58 13 11 5 9 0.00360506
58 4 4 7 9 3.5449e-05
58 4 7 9 4 5.80174e-05
58 7 9 4 4 4.6001e-05
58 9 4 4 7 7.89996e-06
58 6 11 8 8 0.0160702
58 8 6 11 8 0.00130875
58 8 8 6 11 0.0101721
58 11 8 8 6 0.0116635
58 4 11 4 11 0.012311
58 11 4 11 4 0.00285667
58 5 6 6 9 0.00408112
58 6 6 9 5 0.00244901
58 6 9 5 6 0.0106202
58 9 5 6 6 0.00737339
58 8 9 11 11 0.00786652
58 9 11 11 8 0.00566636
58 11 8 9 11 0.008024
58 11 11 8 9 0.0115946
58 4 11 13 12 0.00670188
58 11 13 12 4 0.00189714
58 12 4 11 13 0.000627634
58 13 12 4 11 0.003861
58 5 11 9 9 0.0094319
58 9 5 11 9 0.00150544
58 9 9 5 11 0.00314367
58 11 9 9 5 0.00754502
58 5 12 8 9 0.00788619
58 8 9 5 12 0.0025506
58 9 5 12 8 0.00142009
58 12 8 9 5 0.00211868
58 8 9 10 13 0.0146596
58 9 10 13 8 0.00131008
58 10 13 8 9 0.00428975
58 13 8 9 10 0.0088622
58 4 9 6 6 0.0141862
58 6 4 9 6 0.00210066
58 6 6 4 9 0.000726156
58 9 6 6 4 0.00123756
58 4 4 9 13 0.0023032
58 4 9 13 4 0.0118034
58 9 13 4 4 0.00146816
58 13 4 4 9 0.00104046
58 4 8 4 12 0.00356356
58 4 12 4 8 0.00559476
58 8 4 12 4 0.00131421
58 12 4 8 4 0.00139592
58 5 7 8 12 0.00529334
58 7 8 12 5 0.00221611
58 8 12 5 7 0.00259967
58 12 5 7 8 0.00330458
58 5 13 7 7 0.00409132
58 7 5 13 7 0.00148763
58 7 7 5 13 0.000998638
58 13 7 7 5 0.00415574
58 7 9 9 9 0.00435367
58 9 7 9 9 0.00208696
58 9 9 7 9 0.00761785
58 9 9 9 7 0.00446669
58 8 10 8 13 0.00251702
58 8 13 8 10 0.0064304
58 10 8 13 8 0.0106956
58 13 8 10 8 0.0133925
58 4 11 7 12 9.61288e-05
58 7 12 4 11 2.28433e-05
58 11 7 12 4 2.27794e-05
58 12 4 11 7 4.52814e-06
58 4 7 11 13 0.00349012
58 7 11 13 4 0.00616749
58 11 13 4 7 0.00161976
58 13 4 7 11 0.00325071
58 10 12 12 13 0.00526683
58 12 12 13 10 0.00466546
58 12 13 10 12 0.0017888
58 13 10 12 12 0.000747901
58 5 10 7 12 0.00202531
58 7 12 5 10 0.00227683
58 10 7 12 5 0.00207664
58 12 5 10 7 0.00183649
58 5 7 12 11 0.00292422
58 7 12 11 5 0.00212311
58 11 5 7 12 0.00363431
58 12 11 5 7 0.00139437
58 4 10 12 6 0.000931243
58 6 4 10 12 0.00166366
58 10 12 6 4 0.0079267
58 12 6 4 10 0.000418551
58 6 10 9 11 0.00169908
58 9 11 6 10 0.0101869
58 10 9 11 6 0.00865355
58 11 6 10 9 0.00183154
58 8 8 13 11 0.00828536
58 8 13 11 8 0.00298298
58 11 8 8 13 0.0109129
58 13 11 8 8 0.0155189
58 8 13 11 9 0.0023118
58 9 8 13 11 0.00600727
58 11 9 8 13 0.015764
58 13 11 9 8 0.0119449
58 4 6 11 11 0.00106549
58 6 11 11 4 0.00620527
58 11 4 6 11 0.00234598
58 11 11 4 6 0.00549824
58 4 6 5 12 0.00111568
58 5 12 4 6 0.0120772
58 6 5 12 4 0.0050223
58 12 4 6 5 0.00200045
58 4 9 13 12 0.00707608
58 9 13 12 4 0.00128578
58 12 4 9 13 0.000864456
58 13 12 4 9 0.00313871
58 4 12 5 10 0.00469961
58 5 10 4 12 0.000908057
58 10 4 12 5 0.00113303
58 12 5 10 4 0.00279686
58 4 9 11 9 0.00620343
58 9 4 9 11 0.00133176
58 9 11 9 4 0.00612569
58 11 9 4 9 0.00479147
58 4 6 4 7 0.000753787
58 4 7 4 6 0.00305605
58 6 4 7 4 0.00324186
58 7 4 6 4 0.0015854
58 9 11 13 10 0.0085955
58 10 9 11 13 0.00838752
58 11 13 10 9 0.00432452
58 13 10 9 11 0.00169975
58 4 13 9 6 0.00345347
58 6 4 13 9 0.00153979
58 9 6 4 13 0.000538816
58 13 9 6 4 0.0109063
59 3 0 3 9 0.074199
59 1 0 1 11 0.0303382
59 2 0 3 8 0.0361284
59 2 0 3 10 0.0295659
59 2 0 1 12 0.0227831
59 1 0 1 9 0.0645252
59 3 0 3 8 0.101502
59 1 0 1 7 0.0330341
59 2 0 1 4 0.0325953
59 1 0 3 12 0.0217793
59 2 0 1 11 0.0643268
59 2 0 2 7 0.0230499
59 3 0 3 5 0.0441653
59 3 0 2 9 0.0375172
59 1 0 2 11 0.0273963
59 3 0 3 13 0.0272553
59 2 0 1 9 0.0335371
59 2 0 2 4 0.0239752
59 3 0 3 6 0.0326451
59 3 0 2 13 0.0280002
59 1 0 2 12 0.0624173
59 1 0 3 9 0.0285843
59 3 0 2 11 0.0415467
59 3 0 3 12 0.0296236
59 1 0 3 13 0.0215395
59 2 0 2 11 0.0279698
60 3 9 3 0 0.0555974
60 1 11 1 0 0.0430473
60 3 8 2 0 0.0429552
60 3 10 2 0 0.0192396
60 1 12 2 0 0.0161534
60 1 9 1 0 0.0945035
60 3 8 3 0 0.0771946
60 1 7 1 0 0.0366296
60 1 4 2 0 0.0496471
60 3 12 1 0 0.0225502
60 1 11 2 0 0.0675488
60 2 7 2 0 0.0197905
60 3 5 3 0 0.0516399
60 2 9 3 0 0.0272152
60 2 11 1 0 0.040672
60 3 13 3 0 0.014712
60 1 9 2 0 0.0363507
60 2 4 2 0 0.0382075
60 3 6 3 0 0.0248945
60 2 13 3 0 0.0146321
60 2 12 1 0 0.0625654
60 3 9 1 0 0.0452448
60 2 11 3 0 0.0291982
60 3 12 3 0 0.0145197
60 3 13 1 0 0.0245608
60 2 11 2 0 0.0307299
61 4 9 5 12 2.01069e-45
61 5 12 4 9 0.00151662
61 9 5 12 4 0.00263528
61 12 4 9 5 0.00108316
61 4 7 6 6 1.05143e-05
61 6 4 7 6 0.00135539
61 6 6 4 7 0.00106947
61 7 6 6 4 0.0023909
61 8 13 11 12 0.0195399
61 11 12 8 13 0.00112983
61 12 8 13 11 0.00733732
61 13 11 12 8 0.00812257
61 5 6 12 6 5.50623e-06
61 6 5 6 12 0.000183988
61 6 12 6 5 2.84699e-05
61 12 6 5 6 6.57422e-49
61 4 7 9 7 1.66781e-05
61 7 4 7 9 0.0148316
61 7 9 7 4 0.00300377
61 9 7 4 7 9.50328e-06
61 4 6 6 11 0.00862348
61 6 6 11 4 0.00113918
61 6 11 4 6 0.000383678
61 11 4 6 6 0.00245889
61 7 10 9 10 0.000439891
61 9 10 7 10 0.000511073
61 10 7 10 9 6.61034e-05
61 10 9 10 7 0.00628445
61 12 12 13 13 1.3163e-05
61 12 13 13 12 0.000120682
61 13 12 12 13 3.97802e-05
61 13 13 12 12 0.000364715
61 4 13 13 12 0.0145898
61 12 4 13 13 0.00213475
61 13 12 4 13 0.000799051
61 13 13 12 4 0.00649299
61 4 12 10 12 0.00288394
61 10 12 4 12 0.00224771
61 12 4 12 10 0.0013649
61 12 10 12 4 0.000535225
61 7 9 8 10 0.00147888
61 8 10 7 9 0.005151
61 9 8 10 7 0.00518229
61 10 7 9 8 3.45648e-05
61 6 9 10 13 0.00350293
61 9 10 13 6 0.000308417
61 10 13 6 9 0.0552762
61 13 6 9 10 0.000611859
61 4 6 4 12 0.00171577
61 4 12 4 6 0.000213351
61 6 4 12 4 0.00404199
61 12 4 6 4 0.00273612
61 4 4 4 13 0.00153725
61 4 4 13 4 0.00223154
61 4 13 4 4 0.00154714
61 13 4 4 4 0.0011205
61 5 12 11 12 0.00290326
61 11 12 5 12 9.75767e-46
61 12 5 12 11 0.00747496
61 12 11 12 5 0.00168616
61 5 6 10 12 0.00277929
61 6 10 12 5 0.00167904
61 10 12 5 6 1.9356e-46
61 12 5 6 10 0.00205622
61 7 11 13 12 0.00670301
61 11 13 12 7 0.0118076
61 12 7 11 13 8.87851e-06
61 13 12 7 11 0.00470757
61 7 8 11 10 0.00254861
61 8 11 10 7 0.00364612
61 10 7 8 11 4.2878e-05
61 11 10 7 8 0.00218156
61 4 9 4 12 0.0035273
61 4 12 4 9 0.00191189
61 9 4 12 4 0.0028504
61 12 4 9 4 0.000831143
61 6 8 11 11 0.0173567
61 8 11 11 6 0.00124403
61 11 6 8 11 0.00363813
61 11 11 6 8 0.012115
61 4 10 8 8 0.000977382
61 8 4 10 8 0.00552424
61 8 8 4 10 0.000960665
61 10 8 8 4 0.00213199
61 9 9 13 13 0.00329459
61 9 13 13 9 0.0163723
61 13 9 9 13 0.00290324
61 13 13 9 9 0.0144275
61 6 11 13 12 0.0056483
61 11 13 12 6 0.00232671
61 12 6 11 13 0.000725022
61 13 12 6 11 0.00792643
61 9 9 12 12 0.000130185
61 9 12 12 9 7.0564e-05
61 12 9 9 12 3.79605e-05
61 12 12 9 9 2.05756e-05
61 5 10 13 6 0.000277817
61 6 5 10 13 0.00335306
61 10 13 6 5 0.0151051
61 13 6 5 10 2.2568e-46
61 4 10 7 10 0.000622198
61 7 10 4 10 0.000305153
61 10 4 10 7 0.00697577
61 10 7 10 4 1.48602e-05
61 6 8 13 13 0.0053768
61 8 13 13 6 0.0024237
61 13 6 8 13 0.00120997
61 13 13 6 8 0.0253403
61 4 12 6 6 0.000861859
61 6 4 12 6 0.00170796
61 6 6 4 12 0.00170121
61 12 6 6 4 0.00102067
61 5 9 13 11 0.00700939
61 9 13 11 5 0.00391784
61 11 5 9 13 0.00226675
61 13 11 5 9 1.99847e-45
61 4 4 7 9 0.000152473
61 4 7 9 4 9.40802e-08
61 7 9 4 4 1.51447e-05
61 9 4 4 7 2.51647e-05
61 6 11 8 8 0.00356014
61 8 6 11 8 0.00397438
61 8 8 6 11 0.0349348
61 11 8 8 6 0.00104263
61 4 11 4 11 0.00636613
61 11 4 11 4 0.00538963
61 5 6 6 9 0.0146567
61 6 6 9 5 0.00191527
61 6 9 5 6 5.93061e-46
61 9 5 6 6 0.00357305
61 8 9 11 11 0.0150834
61 9 11 11 8 0.00479332
61 11 8 9 11 0.0107407
61 11 11 8 9 0.00631817
61 4 11 13 12 0.00542453
61 11 13 12 4 0.00524327
61 12 4 11 13 0.00185074
61 13 12 4 11 0.00186844
61 5 11 9 9 0.00391792
61 9 5 11 9 0.00875093
61 9 9 5 11 2.0303e-45
61 11 9 9 5 0.00205055
61 5 12 8 9 0.00173385
61 8 9 5 12 2.02802e-45
61 9 5 12 8 0.0057892
61 12 8 9 5 0.00103953
61 8 9 10 13 0.00359974
61 9 10 13 8 0.00161979
61 10 13 8 9 0.0158031
61 13 8 9 10 0.00159021
61 4 9 6 6 0.00198622
61 6 4 9 6 0.000780072
61 6 6 4 9 0.00212506
61 9 6 6 4 0.00159871
61 4 4 9 13 0.00215623
61 4 9 13 4 0.00195615
61 9 13 4 4 0.00123654
61 13 4 4 9 0.00484992
61 4 8 4 12 0.00473725
61 4 12 4 8 0.00119036
61 8 4 12 4 0.00441262
61 12 4 8 4 0.000831002
61 5 7 8 12 2.32706e-05
61 7 8 12 5 0.00732689
61 8 12 5 7 7.60251e-46
61 12 5 7 8 0.0040307
61 5 13 7 7 0.00605255
61 7 5 13 7 0.00499013
61 7 7 5 13 4.51511e-48
61 13 7 7 5 1.53413e-05
61 7 9 9 9 0.00804094
61 9 7 9 9 2.84624e-05
61 9 9 7 9 0.0093421
61 9 9 9 7 0.00270592
61 8 10 8 13 0.000939303
61 8 13 8 10 0.00241078
61 10 8 13 8 0.0124483
61 13 8 10 8 0.00801979
61 4 11 7 12 6.84571e-05
61 7 12 4 11 2.30311e-05
61 11 7 12 4 1.81722e-07
61 12 4 11 7 3.03042e-05
61 4 7 11 13 1.89941e-05
61 7 11 13 4 0.00211169
61 11 13 4 7 0.00419699
61 13 4 7 11 0.0135101
61 10 12 12 13 0.00391937
61 12 12 13 10 0.000482801
61 12 13 10 12 0.00766028
61 13 10 12 12 0.00521212
61 5 10 7 12 0.00246732
61 7 12 5 10 2.4343e-46
61 10 7 12 5 3.41559e-05
61 12 5 10 7 0.0024248
61 5 7 12 11 5.70623e-05
61 7 12 11 5 0.00160968
61 11 5 7 12 0.00992022
61 12 11 5 7 5.11797e-46
61 4 10 12 6 0.000428594
61 6 4 10 12 0.00726932
61 10 12 6 4 0.00253391
61 12 6 4 10 0.000160315
61 6 10 9 11 0.00266069
61 9 11 6 10 0.00252072
61 10 9 11 6 0.00190438
61 11 6 10 9 0.00498142
61 8 8 13 11 0.0157226
61 8 13 11 8 0.0134293
61 11 8 8 13 0.00309025
61 13 11 8 8 0.00327782
61 8 13 11 9 0.0244989
61 9 8 13 11 0.0115355
61 11 9 8 13 0.00261346
61 13 11 9 8 0.0037236
61 4 6 11 11 0.00434007
61 6 11 11 4 0.00184604
61 11 4 6 11 0.0219816
61 11 11 4 6 0.000367954
61 4 6 5 12 1.88451e-45
61 5 12 4 6 0.000326093
61 6 5 12 4 0.00720033
61 12 4 6 5 0.00687053
61 4 9 13 12 0.0069192
61 9 13 12 4 0.00387655
61 12 4 9 13 0.00112313
61 13 12 4 9 0.00188316
61 4 12 5 10 2.01316e-46
61 5 10 4 12 0.00100074
61 10 4 12 5 0.00727586
61 12 5 10 4 0.00110035
61 4 9 11 9 0.0104186
61 9 4 9 11 0.00571957
61 9 11 9 4 0.000915285
61 11 9 4 9 0.00487279
61 4 6 4 7 0.0010034
61 4 7 4 6 2.42127e-06
61 6 4 7 4 0.0029839
61 7 4 6 4 0.00596234
61 9 11 13 10 0.00117522
61 10 9 11 13 0.0058472
61 11 13 10 9 0.0174368
61 13 10 9 11 0.00253771
61 4 13 9 6 0.000905654
61 6 4 13 9 0.00945851
61 9 6 4 13 0.000452657
61 13 9 6 4 0.0039188
62 4 9 5 12 2.15912e-48
62 5 12 4 9 1.08026e-48
62 9 5 12 4 6.17638e-48
62 12 4 9 5 3.07173e-48
62 4 7 6 6 9.80945e-48
62 6 4 7 6 1.1561e-47
62 6 6 4 7 3.07543e-48
62 7 6 6 4 3.43389e-48
62 8 13 11 12 0.0333226
62 11 12 8 13 4.64865e-48
62 12 8 13 11 1.66768e-48
62 13 11 12 8 1.61444e-48
62 5 6 12 6 2.64238e-50
62 6 5 6 12 5.25211e-50
62 6 12 6 5 2.60851e-50
62 12 6 5 6 3.39758e-50
62 4 7 9 7 6.13033e-48
62 7 4 7 9 6.09158e-48
62 7 9 7 4 3.64154e-48
62 9 7 4 7 6.22963e-48
62 4 6 6 11 3.09825e-48
62 6 6 11 4 0.0323727
62 6 11 4 6 1.76846e-48
62 11 4 6 6 8.37926e-48
62 7 10 9 10 3.40627e-48
62 9 10 7 10 4.82817e-48
62 10 7 10 9 5.77696e-48
62 10 9 10 7 3.36666e-48
62 12 12 13 13 3.96126e-50
62 12 13 13 12 3.23741e-50
62 13 12 12 13 4.5454e-50
62 13 13 12 12 3.7148e-50
62 4 13 13 12 3.62234e-48
62 12 4 13 13 7.06043e-48
62 13 12 4 13 3.18153e-48
62 13 13 12 4 4.07041e-48
62 4 12 10 12 1.70901e-48
62 10 12 4 12 1.14852e-48
62 12 4 12 10 3.76752e-48
62 12 10 12 4 1.50412e-48
62 7 9 8 10 4.84091e-48
62 8 10 7 9 3.29242e-48
62 9 8 10 7 3.91864e-48
62 10 7 9 8 9.48388e-48
62 6 9 10 13 6.63535e-48
62 9 10 13 6 4.83962e-48
62 10 13 6 9 4.25375e-48
62 13 6 9 10 3.12561e-48
62 4 6 4 12 1.84692e-48
62 4 12 4 6 3.11054e-48
62 6 4 12 4 6.13422e-48
62 12 4 6 4 4.35544e-48
62 4 4 4 13 9.07826e-48
62 4 4 13 4 6.45414e-48
62 4 13 4 4 4.56112e-48
62 13 4 4 4 4.63286e-48
62 5 12 11 12 0.00952717
62 11 12 5 12 1.63008e-48
62 12 5 12 11 3.34238e-48
62 12 11 12 5 6.38565e-49
62 5 6 10 12 1.88907e-48
62 6 10 12 5 2.98483e-48
62 10 12 5 6 4.39473e-48
62 12 5 6 10 6.57071e-48
62 7 11 13 12 7.84965e-49
62 11 13 12 7 3.68512e-48
62 12 7 11 13 0.0565415
62 13 12 7 11 2.04313e-48
62 7 8 11 10 0.0298539
62 8 11 10 7 1.59818e-48
62 10 7 8 11 6.38101e-48
62 11 10 7 8 4.93712e-48
62 4 9 4 12 1.50656e-48
62 4 12 4 9 1.54931e-48
62 9 4 12 4 5.30925e-48
62 12 4 9 4 3.26834e-48
62 6 8 11 11 0.0302135
62 8 11 11 6 0.0215401
62 11 6 8 11 3.79072e-48
62 11 11 6 8 2.40834e-48
62 4 10 8 8 4.64745e-48
62 8 4 10 8 9.61418e-48
62 8 8 4 10 2.38234e-48
62 10 8 8 4 2.48049e-48
62 9 9 13 13 5.52658e-48
62 9 13 13 9 4.64483e-48
62 13 9 9 13 3.90381e-48
62 13 13 9 9 3.28097e-48
62 6 11 13 12 7.63521e-49
62 11 13 12 6 4.55316e-48
62 12 6 11 13 0.0248593
62 13 12 6 11 1.61712e-48
62 9 9 12 12 1.85613e-50
62 9 12 12 9 1.90879e-50
62 12 9 9 12 1.14262e-50
62 12 12 9 9 1.17504e-50
62 5 10 13 6 3.29422e-48
62 6 5 10 13 1.69638e-47
62 10 13 6 5 5.2522e-48
62 13 6 5 10 4.4438e-48
62 4 10 7 10 5.05323e-48
62 7 10 4 10 3.62279e-48
62 10 4 10 7 7.9322e-48
62 10 7 10 4 8.13672e-48
62 6 8 13 13 5.52366e-48
62 8 13 13 6 8.36657e-48
62 13 6 8 13 5.97605e-48
62 13 13 6 8 8.06648e-48
62 4 12 6 6 3.31766e-48
62 6 4 12 6 7.44328e-48
62 6 6 4 12 1.73557e-48
62 12 6 6 4 1.92909e-48
62 5 9 13 11 1.72427e-48
62 9 13 11 5 0.0438504
62 11 5 9 13 8.84944e-48
62 13 11 5 9 1.00636e-48
62 4 4 7 9 7.62711e-50
62 4 7 9 4 7.55083e-50
62 7 9 4 4 3.26881e-50
62 9 4 4 7 7.48027e-50
62 6 11 8 8 2.99804e-48
62 8 6 11 8 0.0517397
62 8 8 6 11 2.94481e-48
62 11 8 8 6 4.52982e-48
62 4 11 4 11 2.21445e-48
62 11 4 11 4 0.109633
62 5 6 6 9 3.59684e-48
62 6 6 9 5 5.65681e-48
62 6 9 5 6 1.06674e-47
62 9 5 6 6 2.21247e-47
62 8 9 11 11 0.0289951
62 9 11 11 8 0.0235865
62 11 8 9 11 2.29011e-48
62 11 11 8 9 1.30772e-48
62 4 11 13 12 7.73693e-49
62 11 13 12 4 3.57315e-48
62 12 4 11 13 0.0534455
62 13 12 4 11 1.44374e-48
62 5 11 9 9 6.0716e-49
62 9 5 11 9 0.051625
62 9 9 5 11 3.20585e-48
62 11 9 9 5 2.04238e-48
62 5 12 8 9 1.17398e-48
62 8 9 5 12 1.71318e-48
62 9 5 12 8 7.48849e-48
62 12 8 9 5 1.04391e-48
62 8 9 10 13 5.65984e-48
62 9 10 13 8 4.88515e-48
62 10 13 8 9 4.37845e-48
62 13 8 9 10 2.42274e-48
62 4 9 6 6 3.95874e-48
62 6 4 9 6 7.72657e-48
62 6 6 4 9 2.1297e-48
62 9 6 6 4 3.25298e-48
62 4 4 9 13 8.30541e-48
62 4 9 13 4 2.66543e-48
62 9 13 4 4 4.24041e-48
62 13 4 4 9 3.20053e-48
62 4 8 4 12 1.52084e-48
62 4 12 4 8 3.33554e-48
62 8 4 12 4 5.55856e-48
62 12 4 8 4 4.76259e-48
62 5 7 8 12 3.88741e-48
62 7 8 12 5 2.46002e-48
62 8 12 5 7 3.49626e-48
62 12 5 7 8 9.47896e-48
62 5 13 7 7 4.03448e-48
62 7 5 13 7 6.82873e-48
62 7 7 5 13 1.21381e-47
62 13 7 7 5 5.66613e-48
62 7 9 9 9 1.80674e-48
62 9 7 9 9 4.24111e-48
62 9 9 7 9 2.56095e-48
62 9 9 9 7 2.47161e-48
62 8 10 8 13 6.73779e-48
62 8 13 8 10 8.47931e-48
62 10 8 13 8 4.35852e-48
62 13 8 10 8 4.65538e-48
62 4 11 7 12 1.05805e-50
62 7 12 4 11 1.97193e-50
62 11 7 12 4 5.16898e-50
62 12 4 11 7 0.000378684
62 4 7 11 13 0.111951
62 7 11 13 4 1.52202e-48
62 11 13 4 7 4.56442e-48
62 13 4 7 11 6.44411e-48
62 10 12 12 13 3.74368e-48
62 12 12 13 10 2.19019e-48
62 12 13 10 12 2.848e-48
62 13 10 12 12 1.63207e-48
62 5 10 7 12 1.79377e-48
62 7 12 5 10 4.07026e-48
62 10 7 12 5 5.38791e-48
62 12 5 10 7 6.05184e-48
62 5 7 12 11 3.63781e-48
62 7 12 11 5 0.0219008
62 11 5 7 12 5.12e-48
62 12 11 5 7 1.07833e-48
62 4 10 12 6 3.20107e-48
62 6 4 10 12 4.48697e-48
62 10 12 6 4 2.10403e-48
62 12 6 4 10 1.83088e-48
62 6 10 9 11 3.06172e-48
62 9 11 6 10 2.09176e-48
62 10 9 11 6 0.0403002
62 11 6 10 9 3.04802e-48
62 8 8 13 11 2.60182e-48
62 8 13 11 8 0.0777948
62 11 8 8 13 4.9483e-48
62 13 11 8 8 2.15808e-48
62 8 13 11 9 0.0410419
62 9 8 13 11 2.82263e-48
62 11 9 8 13 5.56757e-48
62 13 11 9 8 1.68213e-48
62 4 6 11 11 0.0267281
62 6 11 11 4 0.0134102
62 11 4 6 11 5.35778e-48
62 11 11 4 6 1.44142e-48
62 4 6 5 12 5.10005e-48
62 5 12 4 6 4.1789e-48
62 6 5 12 4 1.37498e-47
62 12 4 6 5 7.88721e-48
62 4 9 13 12 1.53183e-48
62 9 13 12 4 3.81494e-48
62 12 4 9 13 4.67427e-48
62 13 12 4 9 1.13076e-48
62 4 12 5 10 4.09971e-48
62 5 10 4 12 1.29531e-48
62 10 4 12 5 5.20447e-48
62 12 5 10 4 5.99653e-48
62 4 9 11 9 0.0197837
62 9 4 9 11 4.97323e-48
62 9 11 9 4 1.17607e-48
62 11 9 4 9 1.64684e-48
62 4 6 4 7 3.04449e-48
62 4 7 4 6 8.55567e-48
62 6 4 7 4 8.86328e-48
62 7 4 6 4 7.21222e-48
62 9 11 13 10 1.91453e-48
62 10 9 11 13 0.045605
62 11 13 10 9 4.74761e-48
62 13 10 9 11 2.2831e-48
62 4 13 9 6 5.00073e-48
62 6 4 13 9 4.13814e-48
62 9 6 4 13 3.69198e-48
62 13 9 6 4 2.01545e-48
63 4 9 5 12 1.05152e-46
63 5 12 4 9 5.73574e-46
63 9 5 12 4 0.00129647
63 12 4 9 5 0.00740129
63 4 7 6 6 3.14246e-46
63 6 4 7 6 0.0217372
63 6 6 4 7 0.0222269
63 7 6 6 4 0.00368561
63 8 13 11 12 6.88423e-46
63 11 12 8 13 0.00182334
63 12 8 13 11 1.77217e-45
63 13 11 12 8 0.00193788
63 5 6 12 6 1.74983e-47
63 6 5 6 12 2.7939e-05
63 6 12 6 5 1.17203e-05
63 12 6 5 6 0.000306291
63 4 7 9 7 7.75645e-46
63 7 4 7 9 0.0104652
63 7 9 7 4 0.0014582
63 9 7 4 7 0.000927174
63 4 6 6 11 9.31151e-46
63 6 6 11 4 0.0157438
63 6 11 4 6 0.0120104
63 11 4 6 6 0.00187399
63 7 10 9 10 2.17509e-88
63 9 10 7 10 3.20707e-89
63 10 7 10 9 0.0163051
63 10 9 10 7 0.0134585
63 12 12 13 13 3.3825e-47
63 12 13 13 12 2.01608e-47
63 13 12 12 13 2.8946e-05
63 13 13 12 12 1.72528e-05
63 4 13 13 12 1.19295e-88
63 12 4 13 13 5.34708e-45
63 13 12 4 13 0.00251972
63 13 13 12 4 0.00246644
63 4 12 10 12 3.66348e-46
63 10 12 4 12 0.0020769
63 12 4 12 10 1.5724e-45
63 12 10 12 4 6.22764e-46
63 7 9 8 10 5.46798e-46
63 8 10 7 9 1.72598e-88
63 9 8 10 7 0.00266297
63 10 7 9 8 0.0100991
63 6 9 10 13 0.0128333
63 9 10 13 6 1.01394e-88
63 10 13 6 9 0.011779
63 13 6 9 10 1.34733e-45
63 4 6 4 12 4.71353e-46
63 4 12 4 6 8.53014e-46
63 6 4 12 4 0.00783192
63 12 4 6 4 0.00482203
63 4 4 4 13 1.51579e-45
63 4 4 13 4 2.1428e-88
63 4 13 4 4 8.17038e-46
63 13 4 4 4 0.00269761
63 5 12 11 12 2.04215e-46
63 11 12 5 12 0.00034534
63 12 5 12 11 0.0155086
63 12 11 12 5 0.00194063
63 5 6 10 12 1.21612e-45
63 6 10 12 5 4.44829e-46
63 10 12 5 6 0.0148457
63 12 5 6 10 1.49072e-45
63 7 11 13 12 3.70485e-46
63 11 13 12 7 0.00218303
63 12 7 11 13 0.00707679
63 13 12 7 11 0.00192868
63 7 8 11 10 6.30682e-46
63 8 11 10 7 2.15768e-45
63 10 7 8 11 0.00850256
63 11 10 7 8 2.07428e-46
63 4 9 4 12 9.00488e-47
63 4 12 4 9 5.84441e-46
63 9 4 12 4 0.00107854
63 12 4 9 4 0.0132734
63 6 8 11 11 0.0103388
63 8 11 11 6 1.91879e-45
63 11 6 8 11 0.00561124
63 11 11 6 8 0.000785818
63 4 10 8 8 1.27764e-88
63 8 4 10 8 2.96874e-45
63 8 8 4 10 6.13102e-89
63 10 8 8 4 0.00394651
63 9 9 13 13 2.27629e-46
63 9 13 13 9 8.80561e-46
63 13 9 9 13 0.00239732
63 13 13 9 9 0.00927383
63 6 11 13 12 5.4252e-46
63 11 13 12 6 0.00250509
63 12 6 11 13 0.0240395
63 13 12 6 11 0.000958269
63 9 9 12 12 1.62829e-06
63 9 12 12 9 1.0568e-05
63 12 9 9 12 2.00392e-05
63 12 12 9 9 0.000130059
63 5 10 13 6 5.32209e-131
63 6 5 10 13 0.060172
63 10 13 6 5 0.00356969
63 13 6 5 10 1.00585e-45
63 4 10 7 10 1.83893e-131
63 7 10 4 10 1.49084e-88
63 10 4 10 7 0.0562809
63 10 7 10 4 0.00950077
63 6 8 13 13 2.01328e-45
63 8 13 13 6 7.46606e-88
63 13 6 8 13 0.0096789
63 13 13 6 8 0.00270843
63 4 12 6 6 3.84861e-46
63 6 4 12 6 0.0166995
63 6 6 4 12 0.00508134
63 12 6 6 4 0.00513793
63 5 9 13 11 9.68681e-89
63 9 13 11 5 0.001083
63 11 5 9 13 0.00514989
63 13 11 5 9 0.00280915
63 4 4 7 9 1.71955e-47
63 4 7 9 4 5.04947e-48
63 7 9 4 4 1.94246e-05
63 9 4 4 7 3.57558e-05
63 6 11 8 8 0.0116976
63 8 6 11 8 2.73046e-45
63 8 8 6 11 3.44925e-46
63 11 8 8 6 0.00182096
63 4 11 4 11 1.59186e-45
63 11 4 11 4 0.00419956
63 5 6 6 9 1.72367e-45
63 6 6 9 5 0.0198927
63 6 9 5 6 0.013664
63 9 5 6 6 0.00429328
63 8 9 11 11 7.25977e-46
63 9 11 11 8 0.00194501
63 11 8 9 11 0.00180976
63 11 11 8 9 0.00221876
63 4 11 13 12 4.7921e-89
63 11 13 12 4 0.00111874
63 12 4 11 13 0.0214837
63 13 12 4 11 0.00202247
63 5 11 9 9 1.0799e-45
63 9 5 11 9 0.00414752
63 9 9 5 11 0.000793357
63 11 9 9 5 0.00031873
63 5 12 8 9 5.97447e-46
63 8 9 5 12 9.86082e-47
63 9 5 12 8 0.00165566
63 12 8 9 5 0.00199536
63 8 9 10 13 1.12774e-45
63 9 10 13 8 6.13476e-89
63 10 13 8 9 0.0274714
63 13 8 9 10 3.44381e-46
63 4 9 6 6 2.29478e-46
63 6 4 9 6 0.0334531
63 6 6 4 9 0.0196642
63 9 6 6 4 0.000836319
63 4 4 9 13 2.15183e-45
63 4 9 13 4 4.98585e-89
63 9 13 4 4 0.00138647
63 13 4 4 9 0.00450472
63 4 8 4 12 1.2799e-46
63 4 12 4 8 5.48282e-46
63 8 4 12 4 7.31144e-46
63 12 4 8 4 0.0119472
63 5 7 8 12 1.73233e-46
63 7 8 12 5 0.000981913
63 8 12 5 7 9.94121e-46
63 12 5 7 8 0.018195
63 5 13 7 7 1.29693e-45
63 7 5 13 7 3.37754e-45
63 7 7 5 13 0.00391806
63 13 7 7 5 0.000410701
63 7 9 9 9 0.00402704
63 9 7 9 9 0.00125135
63 9 9 7 9 0.000593767
63 9 9 9 7 0.00103288
63 8 10 8 13 2.50725e-88
63 8 13 8 10 3.41222e-88
63 10 8 13 8 1.82793e-45
63 13 8 10 8 0.00405917
63 4 11 7 12 1.84103e-48
63 7 12 4 11 5.00364e-05
63 11 7 12 4 3.89363e-06
63 12 4 11 7 0.000238746
63 4 7 11 13 7.41006e-46
63 7 11 13 4 9.3724e-46
63 11 13 4 7 0.00336273
63 13 4 7 11 0.00539521
63 10 12 12 13 0.00856748
63 12 12 13 10 3.07452e-88
63 12 13 10 12 0.013251
63 13 10 12 12 1.15228e-46
63 5 10 7 12 3.55102e-89
63 7 12 5 10 7.82138e-46
63 10 7 12 5 0.00167466
63 12 5 10 7 0.0554955
63 5 7 12 11 3.78604e-46
63 7 12 11 5 0.00196728
63 11 5 7 12 0.000822121
63 12 11 5 7 0.0105901
63 4 10 12 6 1.23167e-88
63 6 4 10 12 0.00978639
63 10 12 6 4 0.00209986
63 12 6 4 10 2.28613e-45
63 6 10 9 11 3.16682e-45
63 9 11 6 10 1.07907e-46
63 10 9 11 6 0.0106297
63 11 6 10 9 0.00955694
63 8 8 13 11 1.72808e-88
63 8 13 11 8 2.20864e-45
63 11 8 8 13 0.00136556
63 13 11 8 8 0.0030878
63 8 13 11 9 2.67404e-45
63 9 8 13 11 2.89536e-46
63 11 9 8 13 0.00109123
63 13 11 9 8 0.00389648
63 4 6 11 11 2.41771e-45
63 6 11 11 4 0.0065986
63 11 4 6 11 0.00145499
63 11 11 4 6 0.00185491
63 4 6 5 12 1.06053e-45
63 5 12 4 6 1.61303e-45
63 6 5 12 4 0.0181397
63 12 4 6 5 0.00518072
63 4 9 13 12 2.19621e-89
63 9 13 12 4 0.00100298
63 12 4 9 13 0.0229001
63 13 12 4 9 0.00179446
63 4 12 5 10 1.03384e-88
63 5 10 4 12 3.80531e-89
63 10 4 12 5 0.00519534
63 12 5 10 4 0.0290631
63 4 9 11 9 4.74797e-46
63 9 4 9 11 0.00416001
63 9 11 9 4 0.00112219
63 11 9 4 9 0.000674798
63 4 6 4 7 1.91801e-45
63 4 7 4 6 6.47927e-46
63 6 4 7 4 0.00948358
63 7 4 6 4 0.00321777
63 9 11 13 10 5.6004e-89
63 10 9 11 13 0.00825776
63 11 13 10 9 0.00800828
63 13 10 9 11 8.65979e-46
63 4 13 9 6 2.44256e-45
63 6 4 13 9 3.80979e-45
63 9 6 4 13 0.00270685
63 13 9 6 4 0.000279695
64 4 9 5 12 1.2599e-48
64 5 12 4 9 4.44992e-48
64 9 5 12 4 3.41246e-48
64 12 4 9 5 3.26499e-48
64 4 7 6 6 2.82663e-48
64 6 4 7 6 0.0217135
64 6 6 4 7 0.0596712
64 7 6 6 4 1.06934e-47
64 8 13 11 12 1.86961e-48
64 11 12 8 13 2.11728e-48
64 12 8 13 11 2.33761e-48
64 13 11 12 8 2.6396e-48
64 5 6 12 6 4.58361e-50
64 6 5 6 12 0.000198635
64 6 12 6 5 0.000990509
64 12 6 5 6 2.82647e-50
64 4 7 9 7 3.62799e-48
64 7 4 7 9 4.13318e-48
64 7 9 7 4 6.26731e-48
64 9 7 4 7 3.06086e-48
64 4 6 6 11 3.68973e-48
64 6 6 11 4 0.0720188
64 6 11 4 6 0.0208469
64 11 4 6 6 2.94965e-48
64 7 10 9 10 1.90923e-48
64 9 10 7 10 1.45835e-48
64 10 7 10 9 6.66217e-48
64 10 9 10 7 1.22714e-47
64 12 12 13 13 2.66086e-50
64 12 13 13 12 1.66136e-50
64 13 12 12 13 3.30224e-50
64 13 13 12 12 2.06181e-50
64 4 13 13 12 1.16286e-48
64 12 4 13 13 1.27144e-48
64 13 12 4 13 1.69002e-48
64 13 13 12 4 4.44993e-48
64 4 12 10 12 1.96174e-48
64 10 12 4 12 1.3386e-48
64 12 4 12 10 1.04946e-48
64 12 10 12 4 3.61916e-48
64 7 9 8 10 2.81603e-48
64 8 10 7 9 5.83692e-48
64 9 8 10 7 1.03387e-47
64 10 7 9 8 2.48621e-48
64 6 9 10 13 0.0371408
64 9 10 13 6 2.55487e-48
64 10 13 6 9 7.54977e-48
64 13 6 9 10 2.21804e-48
64 4 6 4 12 1.30814e-48
64 4 12 4 6 2.1226e-48
64 6 4 12 4 0.0393482
64 12 4 6 4 4.60832e-48
64 4 4 4 13 9.27996e-49
64 4 4 13 4 2.94185e-48
64 4 13 4 4 2.61708e-48
64 13 4 4 4 2.66947e-48
64 5 12 11 12 2.15692e-48
64 11 12 5 12 1.29477e-48
64 12 5 12 11 1.60019e-48
64 12 11 12 5 4.45044e-48
64 5 6 10 12 4.03037e-48
64 6 10 12 5 0.0691001
64 10 12 5 6 3.76346e-48
64 12 5 6 10 2.1256e-48
64 7 11 13 12 1.43978e-48
64 11 13 12 7 4.26473e-48
64 12 7 11 13 1.27885e-48
64 13 12 7 11 2.12079e-48
64 7 8 11 10 2.6907e-48
64 8 11 10 7 9.24708e-48
64 10 7 8 11 2.04834e-48
64 11 10 7 8 2.15971e-48
64 4 9 4 12 1.04239e-48
64 4 12 4 9 3.105e-48
64 9 4 12 4 2.95545e-48
64 12 4 9 4 2.56132e-48
64 6 8 11 11 0.0383352
64 8 11 11 6 4.31288e-48
64 11 6 8 11 3.36969e-48
64 11 11 6 8 3.97666e-48
64 4 10 8 8 1.85514e-48
64 8 4 10 8 2.91418e-48
64 8 8 4 10 1.4993e-48
64 10 8 8 4 5.46929e-48
64 9 9 13 13 2.01871e-48
64 9 13 13 9 3.75446e-48
64 13 9 9 13 2.17121e-48
64 13 13 9 9 4.03808e-48
64 6 11 13 12 0.0113851
64 11 13 12 6 1.90029e-48
64 12 6 11 13 1.92683e-48
64 13 12 6 11 2.96696e-48
64 9 9 12 12 1.72843e-50
64 9 12 12 9 5.14856e-50
64 12 9 9 12 1.49794e-50
64 12 12 9 9 4.46197e-50
64 5 10 13 6 3.63236e-48
64 6 5 10 13 0.0286022
64 10 13 6 5 9.73308e-48
64 13 6 5 10 2.2438e-48
64 4 10 7 10 1.55106e-48
64 7 10 4 10 1.71317e-48
64 10 4 10 7 8.77467e-48
64 10 7 10 4 7.22355e-48
64 6 8 13 13 0.0254471
64 8 13 13 6 3.20493e-48
64 13 6 8 13 2.85164e-48
64 13 13 6 8 3.76733e-48
64 4 12 6 6 3.62293e-48
64 6 4 12 6 0.021118
64 6 6 4 12 0.0139395
64 12 6 6 4 6.88469e-48
64 5 9 13 11 2.83935e-48
64 9 13 11 5 4.72242e-48
64 11 5 9 13 1.27963e-48
64 13 11 5 9 3.60997e-48
64 4 4 7 9 3.71013e-50
64 4 7 9 4 3.64353e-50
64 7 9 4 4 6.21382e-50
64 9 4 4 7 3.73405e-50
64 6 11 8 8 0.0289806
64 8 6 11 8 5.07599e-48
64 8 8 6 11 5.13569e-48
64 11 8 8 6 3.56986e-48
64 4 11 4 11 2.77631e-48
64 11 4 11 4 7.66739e-48
64 5 6 6 9 2.14408e-47
64 6 6 9 5 0.143867
64 6 9 5 6 0.0614952
64 9 5 6 6 6.3263e-48
64 8 9 11 11 4.05988e-48
64 9 11 11 8 2.80086e-48
64 11 8 9 11 2.59701e-48
64 11 11 8 9 4.76917e-48
64 4 11 13 12 1.01739e-48
64 11 13 12 4 3.3716e-48
64 12 4 11 13 1.22813e-48
64 13 12 4 11 1.65525e-48
64 5 11 9 9 4.51615e-48
64 9 5 11 9 3.8097e-48
64 9 9 5 11 1.9342e-48
64 11 9 9 5 5.38051e-48
64 5 12 8 9 4.80409e-48
64 8 9 5 12 1.36921e-48
64 9 5 12 8 1.51059e-48
64 12 8 9 5 4.00165e-48
64 8 9 10 13 3.82651e-48
64 9 10 13 8 2.12878e-48
64 10 13 8 9 4.82406e-48
64 13 8 9 10 1.83821e-48
64 4 9 6 6 3.81873e-48
64 6 4 9 6 0.0189983
64 6 6 4 9 0.0437661
64 9 6 6 4 7.14672e-48
64 4 4 9 13 1.0063e-48
64 4 9 13 4 4.00319e-48
64 9 13 4 4 2.39428e-48
64 13 4 4 9 2.3956e-48
64 4 8 4 12 1.15171e-48
64 4 12 4 8 1.87886e-48
64 8 4 12 4 4.30664e-48
64 12 4 8 4 3.12812e-48
64 5 7 8 12 1.64056e-48
64 7 8 12 5 9.49446e-48
64 8 12 5 7 7.64175e-48
64 12 5 7 8 2.0562e-48
64 5 13 7 7 5.28342e-48
64 7 5 13 7 5.28502e-48
64 7 7 5 13 1.43666e-48
64 13 7 7 5 3.94613e-48
64 7 9 9 9 5.28815e-48
64 9 7 9 9 2.61604e-48
64 9 9 7 9 4.03932e-48
64 9 9 9 7 4.81861e-48
64 8 10 8 13 2.4936e-48
64 8 13 8 10 2.03917e-48
64 10 8 13 8 3.89243e-48
64 13 8 10 8 5.17625e-48
64 4 11 7 12 1.14303e-50
64 7 12 4 11 2.2636e-50
64 11 7 12 4 3.46059e-50
64 12 4 11 7 4.31826e-50
64 4 7 11 13 1.58399e-48
64 7 11 13 4 5.49881e-48
64 11 13 4 7 3.86228e-48
64 13 4 7 11 1.79325e-48
64 10 12 12 13 2.90504e-48
64 12 12 13 10 1.8337e-48
64 12 13 10 12 1.94358e-48
64 13 10 12 12 1.73751e-48
64 5 10 7 12 1.86514e-48
64 7 12 5 10 2.27556e-48
64 10 7 12 5 6.05444e-48
64 12 5 10 7 7.13824e-48
64 5 7 12 11 2.22076e-48
64 7 12 11 5 8.98918e-48
64 11 5 7 12 1.16168e-48
64 12 11 5 7 4.19063e-48
64 4 10 12 6 2.13116e-48
64 6 4 10 12 0.0156576
64 10 12 6 4 7.72972e-48
64 12 6 4 10 1.25779e-48
64 6 10 9 11 0.0241589
64 9 11 6 10 2.3849e-48
64 10 9 11 6 5.08324e-48
64 11 6 10 9 9.73396e-48
64 8 8 13 11 3.12476e-48
64 8 13 11 8 3.13895e-48
64 11 8 8 13 2.17901e-48
64 13 11 8 8 2.56289e-48
64 8 13 11 9 5.89193e-48
64 9 8 13 11 2.43561e-48
64 11 9 8 13 2.24002e-48
64 13 11 9 8 2.3835e-48
64 4 6 11 11 2.79712e-48
64 6 11 11 4 0.0502599
64 11 4 6 11 2.27458e-48
64 11 11 4 6 1.80176e-48
64 4 6 5 12 3.04648e-48
64 5 12 4 6 5.86131e-48
64 6 5 12 4 0.08754
64 12 4 6 5 1.13187e-47
64 4 9 13 12 1.16801e-48
64 9 13 12 4 2.94602e-48
64 12 4 9 13 9.0533e-49
64 13 12 4 9 3.15707e-48
64 4 12 5 10 1.64322e-48
64 5 10 4 12 1.48761e-48
64 10 4 12 5 5.94172e-48
64 12 5 10 4 5.76699e-48
64 4 9 11 9 4.92526e-48
64 9 4 9 11 1.27981e-48
64 9 11 9 4 3.22406e-48
64 11 9 4 9 3.50565e-48
64 4 6 4 7 5.20927e-48
64 4 7 4 6 1.54057e-48
64 6 4 7 4 0.0376362
64 7 4 6 4 6.65852e-48
64 9 11 13 10 1.50321e-48
64 10 9 11 13 3.21425e-48
64 11 13 10 9 6.23568e-48
64 13 10 9 11 2.21325e-48
64 4 13 9 6 1.50426e-48
64 6 4 13 9 0.0277844
64 9 6 4 13 1.25269e-48
64 13 9 6 4 6.12351e-48
65 4 9 5 12 2.94604e-05
65 5 12 4 9 0.00662374
65 9 5 12 4 5.98469e-06
65 12 4 9 5 0.00221926
65 4 7 6 6 0.0345825
65 6 4 7 6 5.30937e-05
65 6 6 4 7 4.25505e-48
65 7 6 6 4 0.0114942
65 8 13 11 12 1.26545e-05
65 11 12 8 13 5.45867e-46
65 12 8 13 11 0.00198655
65 13 11 12 8 0.00297651
65 5 6 12 6 0.000245887
65 6 5 6 12 6.30023e-10
65 6 12 6 5 8.54574e-07
65 12 6 5 6 5.04227e-05
65 4 7 9 7 1.4963e-45
65 7 4 7 9 0.00201797
65 7 9 7 4 0.00568469
65 9 7 4 7 3.15963e-48
65 4 6 6 11 0.00972909
65 6 6 11 4 6.02109e-05
65 6 11 4 6 5.43565e-05
65 11 4 6 6 0.00480587
65 7 10 9 10 0.00570946
65 9 10 7 10 1.79679e-05
65 10 7 10 9 0.0109974
65 10 9 10 7 1.14028e-45
65 12 12 13 13 5.48819e-48
65 12 13 13 12 1.98878e-07
65 13 12 12 13 1.60201e-47
65 13 13 12 12 5.80527e-07
65 4 13 13 12 5.73263e-05
65 12 4 13 13 2.15313e-46
65 13 12 4 13 1.26444e-45
65 13 13 12 4 0.0108029
65 4 12 10 12 5.77786e-05
65 10 12 4 12 6.45545e-05
65 12 4 12 10 0.00110053
65 12 10 12 4 0.00184096
65 7 9 8 10 0.00627775
65 8 10 7 9 0.000948319
65 9 8 10 7 3.10333e-48
65 10 7 9 8 0.0127032
65 6 9 10 13 4.33531e-48
65 9 10 13 6 4.57844e-05
65 10 13 6 9 0.00918173
65 13 6 9 10 0.0107593
65 4 6 4 12 4.88837e-05
65 4 12 4 6 0.0223265
65 6 4 12 4 2.98066e-05
65 12 4 6 4 0.00253561
65 4 4 4 13 7.15127e-46
65 4 4 13 4 0.00886251
65 4 13 4 4 0.0122919
65 13 4 4 4 0.0070837
65 5 12 11 12 7.42245e-05
65 11 12 5 12 1.48315e-05
65 12 5 12 11 0.000346778
65 12 11 12 5 0.00178759
65 5 6 10 12 9.3368e-05
65 6 10 12 5 4.52515e-05
65 10 12 5 6 0.0356809
65 12 5 6 10 0.00080472
65 7 11 13 12 2.1211e-05
65 11 13 12 7 2.27013e-46
65 12 7 11 13 3.68248e-46
65 13 12 7 11 0.00664854
65 7 8 11 10 0.00627479
65 8 11 10 7 1.75782e-46
65 10 7 8 11 0.0173416
65 11 10 7 8 0.00118854
65 4 9 4 12 2.77328e-05
65 4 12 4 9 0.00466959
65 9 4 12 4 1.50719e-05
65 12 4 9 4 0.00195442
65 6 8 11 11 3.84675e-05
65 8 11 11 6 0.00398144
65 11 6 8 11 0.00358559
65 11 11 6 8 0.00163676
65 4 10 8 8 0.00452485
65 8 4 10 8 0.00077786
65 8 8 4 10 0.00162146
65 10 8 8 4 0.0178802
65 9 9 13 13 2.29207e-48
65 9 13 13 9 1.39853e-05
65 13 9 9 13 8.67589e-46
65 13 13 9 9 0.00529368
65 6 11 13 12 1.20103e-07
65 11 13 12 6 0.00416131
65 12 6 11 13 2.58028e-46
65 13 12 6 11 0.00784753
65 9 9 12 12 7.04471e-10
65 9 12 12 9 1.18618e-07
65 12 9 9 12 9.13511e-08
65 12 12 9 9 1.53815e-05
65 5 10 13 6 0.0272692
65 6 5 10 13 1.66616e-48
65 10 13 6 5 0.0284268
65 13 6 5 10 0.0101339
65 4 10 7 10 0.00808842
65 7 10 4 10 0.00542725
65 10 4 10 7 1.18323e-45
65 10 7 10 4 0.0321469
65 6 8 13 13 6.01787e-48
65 8 13 13 6 0.00593913
65 13 6 8 13 1.68033e-45
65 13 13 6 8 0.00731398
65 4 12 6 6 0.0259392
65 6 4 12 6 4.15013e-05
65 6 6 4 12 1.8281e-07
65 12 6 6 4 0.0036665
65 5 9 13 11 0.00701419
65 9 13 11 5 3.45144e-05
65 11 5 9 13 8.87254e-47
65 13 11 5 9 0.00268665
65 4 4 7 9 3.69594e-05
65 4 7 9 4 0.000238288
65 7 9 4 4 6.98606e-05
65 9 4 4 7 1.85203e-50
65 6 11 8 8 2.19904e-05
65 8 6 11 8 0.00154806
65 8 8 6 11 0.00227184
65 11 8 8 6 0.00818267
65 4 11 4 11 0.00955922
65 11 4 11 4 0.00523053
65 5 6 6 9 0.0172635
65 6 6 9 5 0.000136792
65 6 9 5 6 0.000112881
65 9 5 6 6 3.02163e-05
65 8 9 11 11 0.00139124
65 9 11 11 8 1.06742e-05
65 11 8 9 11 0.00262762
65 11 11 8 9 0.0013916
65 4 11 13 12 3.05816e-05
65 11 13 12 4 0.00284593
65 12 4 11 13 1.69918e-46
65 13 12 4 11 0.00643191
65 5 11 9 9 0.00448222
65 9 5 11 9 2.82595e-06
65 9 9 5 11 1.1077e-05
65 11 9 9 5 0.00287655
65 5 12 8 9 0.00708699
65 8 9 5 12 5.38039e-06
65 9 5 12 8 2.01817e-06
65 12 8 9 5 0.00262816
65 8 9 10 13 2.13881e-46
65 9 10 13 8 1.1202e-05
65 10 13 8 9 0.00854197
65 13 8 9 10 0.0089016
65 4 9 6 6 0.0154691
65 6 4 9 6 5.43545e-05
65 6 6 4 9 1.83566e-05
65 9 6 6 4 3.70318e-05
65 4 4 9 13 7.32018e-46
65 4 9 13 4 0.00831041
65 9 13 4 4 2.65689e-05
65 13 4 4 9 0.00235795
65 4 8 4 12 4.29648e-05
65 4 12 4 8 0.00580312
65 8 4 12 4 0.00156216
65 12 4 8 4 0.00250598
65 5 7 8 12 0.00012931
65 7 8 12 5 0.00864512
65 8 12 5 7 2.88586e-46
65 12 5 7 8 0.000351301
65 5 13 7 7 1.24961e-45
65 7 5 13 7 1.69231e-46
65 7 7 5 13 9.92542e-46
65 13 7 7 5 0.0156623
65 7 9 9 9 0.00208171
65 9 7 9 9 1.49937e-05
65 9 9 7 9 6.55123e-06
65 9 9 9 7 1.55464e-48
65 8 10 8 13 3.10597e-46
65 8 13 8 10 0.00319147
65 10 8 13 8 0.00885194
65 13 8 10 8 0.0063326
65 4 11 7 12 3.06296e-07
65 7 12 4 11 5.40797e-05
65 11 7 12 4 4.30882e-05
65 12 4 11 7 1.62756e-48
65 4 7 11 13 1.87835e-45
65 7 11 13 4 0.00698473
65 11 13 4 7 3.17071e-46
65 13 4 7 11 0.00461568
65 10 12 12 13 1.81313e-45
65 12 12 13 10 0.0032688
65 12 13 10 12 1.61026e-05
65 13 10 12 12 3.36502e-05
65 5 10 7 12 5.58049e-05
65 7 12 5 10 0.00795144
65 10 7 12 5 0.0248471
65 12 5 10 7 7.83785e-47
65 5 7 12 11 0.0118717
65 7 12 11 5 0.0117647
65 11 5 7 12 3.44897e-06
65 12 11 5 7 1.61522e-46
65 4 10 12 6 0.0115818
65 6 4 10 12 1.3288e-07
65 10 12 6 4 0.0218775
65 12 6 4 10 0.0019689
65 6 10 9 11 3.10868e-05
65 9 11 6 10 2.19763e-05
65 10 9 11 6 0.0229383
65 11 6 10 9 0.00201952
65 8 8 13 11 0.00183777
65 8 13 11 8 0.00139549
65 11 8 8 13 4.45678e-46
65 13 11 8 8 0.00441723
65 8 13 11 9 0.00127541
65 9 8 13 11 2.01389e-05
65 11 9 8 13 3.26744e-46
65 13 11 9 8 0.00391286
65 4 6 11 11 0.00801137
65 6 11 11 4 3.73485e-05
65 11 4 6 11 0.00171747
65 11 11 4 6 0.00371026
65 4 6 5 12 0.000100057
65 5 12 4 6 0.0610213
65 6 5 12 4 2.28047e-05
65 12 4 6 5 0.00554765
65 4 9 13 12 2.81222e-05
65 9 13 12 4 2.11975e-05
65 12 4 9 13 1.59919e-46
65 13 12 4 9 0.00378476
65 4 12 5 10 0.0117154
65 5 10 4 12 5.51695e-05
65 10 4 12 5 0.0117163
65 12 5 10 4 0.00100411
65 4 9 11 9 0.00309852
65 9 4 9 11 1.14237e-05
65 9 11 9 4 2.05924e-05
65 11 9 4 9 0.000826746
65 4 6 4 7 1.05846e-45
65 4 7 4 6 0.0276902
65 6 4 7 4 3.5473e-05
65 7 4 6 4 0.0073946
65 9 11 13 10 1.84161e-05
65 10 9 11 13 1.29425e-45
65 11 13 10 9 0.0018859
65 13 10 9 11 0.0064688
65 4 13 9 6 0.0173023
65 6 4 13 9 1.08959e-05
65 9 6 4 13 2.20754e-48
65 13 9 6 4 0.00762186
66 4 9 5 12 0.0216246
66 5 12 4 9 1.28688e-05
66 9 5 12 4 0.00268239
66 12 4 9 5 3.41553e-07
66 4 7 6 6 3.77415e-05
66 6 4 7 6 0.00156765
66 6 6 4 7 0.00887859
66 7 6 6 4 1.35585e-05
66 8 13 11 12 0.00514375
66 11 12 8 13 2.5793e-06
66 12 8 13 11 0.00306182
66 13 11 12 8 0.00264558
66 5 6 12 6 1.01966e-05
66 6 5 6 12 1.4956e-06
66 6 12 6 5 1.08004e-10
66 12 6 5 6 3.56275e-05
66 4 7 9 7 3.39104e-05
66 7 4 7 9 0.0012352
66 7 9 7 4 0.00389062
66 9 7 4 7 0.0122067
66 4 6 6 11 1.41567e-05
66 6 6 11 4 0.00195732
66 6 11 4 6 0.00716156
66 11 4 6 6 8.21827e-06
66 7 10 9 10 1.99791e-05
66 9 10 7 10 0.00868594
66 10 7 10 9 0.00961197
66 10 9 10 7 0.0184722
66 12 12 13 13 1.19893e-07
66 12 13 13 12 6.25173e-05
66 13 12 12 13 6.31661e-08
66 13 13 12 12 3.29374e-05
66 4 13 13 12 0.00806079
66 12 4 13 13 0.00138128
66 13 12 4 13 1.66055e-05
66 13 13 12 4 0.00121895
66 4 12 10 12 2.87259e-05
66 10 12 4 12 1.57846e-05
66 12 4 12 10 0.000373444
66 12 10 12 4 0.00128101
66 7 9 8 10 0.00144172
66 8 10 7 9 0.0117406
66 9 8 10 7 0.0220591
66 10 7 9 8 1.71288e-05
66 6 9 10 13 0.0145238
66 9 10 13 6 0.0066416
66 10 13 6 9 2.20898e-05
66 13 6 9 10 1.15952e-05
66 4 6 4 12 0.00743927
66 4 12 4 6 1.19075e-05
66 6 4 12 4 0.000534543
66 12 4 6 4 5.67272e-06
66 4 4 4 13 0.00263944
66 4 4 13 4 0.00175238
66 4 13 4 4 0.00442108
66 13 4 4 4 0.00188238
66 5 12 11 12 1.09536e-05
66 11 12 5 12 3.03891e-05
66 12 5 12 11 0.00145272
66 12 11 12 5 0.000172575
66 5 6 10 12 0.0120215
66 6 10 12 5 0.000522356
66 10 12 5 6 1.81195e-05
66 12 5 6 10 7.18847e-05
66 7 11 13 12 0.00748145
66 11 13 12 7 0.00199673
66 12 7 11 13 0.00246066
66 13 12 7 11 5.90019e-06
66 7 8 11 10 0.00410061
66 8 11 10 7 0.0263723
66 10 7 8 11 0.000725953
66 11 10 7 8 0.00853566
66 4 9 4 12 0.0120045
66 4 12 4 9 1.22426e-05
66 9 4 12 4 0.000336321
66 12 4 9 4 1.90492e-06
66 6 8 11 11 0.00366382
66 8 11 11 6 0.00501968
66 11 6 8 11 0.000498471
66 11 11 6 8 5.06321e-05
66 4 10 8 8 0.00197688
66 8 4 10 8 0.0034525
66 8 8 4 10 0.0114969
66 10 8 8 4 0.000987263
66 9 9 13 13 0.00650647
66 9 13 13 9 0.00346002
66 13 9 9 13 1.94159e-05
66 13 13 9 9 1.0325e-05
66 6 11 13 12 0.0100451
66 11 13 12 6 0.000767885
66 12 6 11 13 0.0011587
66 13 12 6 11 3.41412e-08
66 9 9 12 12 2.67562e-05
66 9 12 12 9 2.72868e-08
66 12 9 9 12 1.51547e-07
66 12 12 9 9 1.54553e-10
66 5 10 13 6 0.0100306
66 6 5 10 13 0.033122
66 10 13 6 5 3.56717e-06
66 13 6 5 10 0.0108029
66 4 10 7 10 0.0133796
66 7 10 4 10 0.0110782
66 10 4 10 7 0.00566268
66 10 7 10 4 0.0092811
66 6 8 13 13 0.0115746
66 8 13 13 6 0.00502666
66 13 6 8 13 0.00104489
66 13 13 6 8 3.36426e-05
66 4 12 6 6 5.44375e-08
66 6 4 12 6 0.000458351
66 6 6 4 12 0.00653417
66 12 6 6 4 9.76175e-06
66 5 9 13 11 0.00425054
66 9 13 11 5 0.000261975
66 11 5 9 13 3.12885e-05
66 13 11 5 9 0.013127
66 4 4 7 9 2.28402e-05
66 4 7 9 4 1.8397e-07
66 7 9 4 4 5.95675e-05
66 9 4 4 7 4.04052e-05
66 6 11 8 8 0.00198265
66 8 6 11 8 0.00327529
66 8 8 6 11 3.89587e-05
66 11 8 8 6 0.00137496
66 4 11 4 11 0.0106387
66 11 4 11 4 0.00168796
66 5 6 6 9 4.61231e-05
66 6 6 9 5 2.63216e-06
66 6 9 5 6 0.0238343
66 9 5 6 6 0.000109311
66 8 9 11 11 0.00328883
66 9 11 11 8 0.00404178
66 11 8 9 11 1.10834e-05
66 11 11 8 9 0.00144268
66 4 11 13 12 0.0108902
66 11 13 12 4 0.000852752
66 12 4 11 13 0.000641175
66 13 12 4 11 7.11122e-06
66 5 11 9 9 1.57019e-05
66 9 5 11 9 0.00584059
66 9 9 5 11 0.00577373
66 11 9 9 5 1.85997e-06
66 5 12 8 9 1.86555e-06
66 8 9 5 12 0.0194093
66 9 5 12 8 0.00281353
66 12 8 9 5 1.1543e-06
66 8 9 10 13 0.0149932
66 9 10 13 8 0.00820723
66 10 13 8 9 0.00070761
66 13 8 9 10 2.30047e-05
66 4 9 6 6 3.22703e-05
66 6 4 9 6 3.42766e-06
66 6 6 4 9 0.00395024
66 9 6 6 4 1.28885e-05
66 4 4 9 13 4.63173e-06
66 4 9 13 4 0.00556219
66 9 13 4 4 0.00279272
66 13 4 4 9 0.0018969
66 4 8 4 12 0.0156794
66 4 12 4 8 1.56318e-05
66 8 4 12 4 0.000586217
66 12 4 8 4 0.000193044
66 5 7 8 12 0.00294007
66 7 8 12 5 0.000294625
66 8 12 5 7 6.11395e-05
66 12 5 7 8 0.0100159
66 5 13 7 7 0.00784749
66 7 5 13 7 0.0195416
66 7 7 5 13 0.0108957
66 13 7 7 5 0.000934121
66 7 9 9 9 9.21198e-06
66 9 7 9 9 1.02414e-05
66 9 9 7 9 0.00400492
66 9 9 9 7 1.96817e-05
66 8 10 8 13 0.00311171
66 8 13 8 10 0.00151946
66 10 8 13 8 0.00872357
66 13 8 10 8 0.0170536
66 4 11 7 12 0.000112606
66 7 12 4 11 5.66781e-08
66 11 7 12 4 1.61659e-05
66 12 4 11 7 1.2422e-05
66 4 7 11 13 0.00561432
66 7 11 13 4 0.0048995
66 11 13 4 7 0.00928875
66 13 4 7 11 0.00120288
66 10 12 12 13 3.84178e-06
66 12 12 13 10 9.78122e-06
66 12 13 10 12 0.00743309
66 13 10 12 12 0.00550298
66 5 10 7 12 0.017303
66 7 12 5 10 2.29917e-05
66 10 7 12 5 0.000297878
66 12 5 10 7 0.0299972
66 5 7 12 11 0.00145337
66 7 12 11 5 7.28731e-07
66 11 5 7 12 0.0197305
66 12 11 5 7 0.0163724
66 4 10 12 6 0.00222005
66 6 4 10 12 0.00455656
66 10 12 6 4 4.18625e-08
66 12 6 4 10 0.00264818
66 6 10 9 11 1.58543e-05
66 9 11 6 10 4.57605e-05
66 10 9 11 6 0.0031227
66 11 6 10 9 0.00586178
66 8 8 13 11 0.00622685
66 8 13 11 8 0.00350878
66 11 8 8 13 0.00176482
66 13 11 8 8 0.00177177
66 8 13 11 9 0.00312124
66 9 8 13 11 0.0040576
66 11 9 8 13 0.00153469
66 13 11 9 8 1.98579e-05
66 4 6 11 11 0.00135479
66 6 11 11 4 0.00365409
66 11 4 6 11 5.82684e-06
66 11 11 4 6 0.00577506
66 4 6 5 12 0.0258208
66 5 12 4 6 2.41169e-05
66 6 5 12 4 0.0082146
66 12 4 6 5 1.95978e-06
66 4 9 13 12 0.00946441
66 9 13 12 4 0.000668965
66 12 4 9 13 2.2621e-06
66 13 12 4 9 1.03682e-05
66 4 12 5 10 3.42008e-05
66 5 10 4 12 0.0213115
66 10 4 12 5 7.93191e-05
66 12 5 10 4 0.0130917
66 4 9 11 9 0.00369288
66 9 4 9 11 1.77836e-06
66 9 11 9 4 9.39735e-06
66 11 9 4 9 0.00597842
66 4 6 4 7 0.00940347
66 4 7 4 6 0.00767972
66 6 4 7 4 0.00170073
66 7 4 6 4 7.32961e-06
66 9 11 13 10 0.0075768
66 10 9 11 13 0.00415213
66 11 13 10 9 0.00650528
66 13 10 9 11 1.46771e-05
66 4 13 9 6 6.57015e-06
66 6 4 13 9 0.00153187
66 9 6 4 13 0.00283365
66 13 9 6 4 2.69776e-05
67 4 9 5 12 6.48306e-48
67 5 12 4 9 4.4937e-48
67 9 5 12 4 1.26768e-48
67 12 4 9 5 0.00965104
67 4 7 6 6 1.22471e-47
67 6 4 7 6 4.73692e-48
67 6 6 4 7 4.28014e-48
67 7 6 6 4 4.05756e-48
67 8 13 11 12 9.07365e-48
67 11 12 8 13 4.48813e-48
67 12 8 13 11 3.44782e-48
67 13 11 12 8 3.92044e-48
67 5 6 12 6 9.23953e-50
67 6 5 6 12 3.26331e-50
67 6 12 6 5 4.29199e-50
67 12 6 5 6 9.20179e-50
67 4 7 9 7 0.0431725
67 7 4 7 9 2.41666e-48
67 7 9 7 4 3.06601e-48
67 9 7 4 7 3.54123e-48
67 4 6 6 11 6.80254e-48
67 6 6 11 4 4.9232e-48
67 6 11 4 6 7.33617e-48
67 11 4 6 6 2.98029e-48
67 7 10 9 10 0.0362357
67 9 10 7 10 5.68201e-48
67 10 7 10 9 9.64383e-48
67 10 9 10 7 3.82169e-48
67 12 12 13 13 4.84072e-50
67 12 13 13 12 7.92847e-50
67 13 12 12 13 5.2667e-50
67 13 13 12 12 8.62617e-50
67 4 13 13 12 8.6059e-48
67 12 4 13 13 1.50088e-48
67 13 12 4 13 3.6864e-48
67 13 13 12 4 3.63245e-48
67 4 12 10 12 6.88154e-48
67 10 12 4 12 4.96673e-48
67 12 4 12 10 1.18069e-48
67 12 10 12 4 2.00349e-48
67 7 9 8 10 4.60309e-48
67 8 10 7 9 9.83985e-48
67 9 8 10 7 4.28204e-48
67 10 7 9 8 0.0713864
67 6 9 10 13 5.50312e-48
67 9 10 13 6 8.1817e-48
67 10 13 6 9 8.42496e-48
67 13 6 9 10 0.0558231
67 4 6 4 12 7.78288e-48
67 4 12 4 6 7.80915e-48
67 6 4 12 4 1.54922e-48
67 12 4 6 4 1.20858e-48
67 4 4 4 13 1.87211e-48
67 4 4 13 4 1.73739e-48
67 4 13 4 4 4.16445e-48
67 13 4 4 4 1.21895e-48
67 5 12 11 12 5.11028e-48
67 11 12 5 12 5.34563e-48
67 12 5 12 11 1.18887e-48
67 12 11 12 5 2.03317e-48
67 5 6 10 12 1.05944e-47
67 6 10 12 5 4.10095e-48
67 10 12 5 6 1.18492e-47
67 12 5 6 10 1.94689e-48
67 7 11 13 12 4.06174e-48
67 11 13 12 7 2.50999e-48
67 12 7 11 13 3.43926e-48
67 13 12 7 11 4.18965e-48
67 7 8 11 10 3.64257e-48
67 8 11 10 7 4.56856e-48
67 10 7 8 11 7.14995e-48
67 11 10 7 8 4.73634e-48
67 4 9 4 12 4.52365e-48
67 4 12 4 9 4.8426e-48
67 9 4 12 4 1.15255e-48
67 12 4 9 4 0.00906087
67 6 8 11 11 5.69044e-48
67 8 11 11 6 1.0916e-47
67 11 6 8 11 6.77835e-48
67 11 11 6 8 4.87306e-48
67 4 10 8 8 5.4744e-48
67 8 4 10 8 2.70151e-48
67 8 8 4 10 4.55758e-48
67 10 8 8 4 3.94085e-48
67 9 9 13 13 3.93979e-48
67 9 13 13 9 6.90784e-48
67 13 9 9 13 0.0336986
67 13 13 9 9 0.0590856
67 6 11 13 12 5.08008e-48
67 11 13 12 6 5.49279e-48
67 12 6 11 13 3.18213e-48
67 13 12 6 11 3.31606e-48
67 9 9 12 12 4.49445e-50
67 9 12 12 9 4.81133e-50
67 12 9 9 12 0.000353335
67 12 12 9 9 0.000378248
67 5 10 13 6 9.19082e-48
67 6 5 10 13 3.10311e-48
67 10 13 6 5 5.83669e-48
67 13 6 5 10 7.94394e-48
67 4 10 7 10 7.37433e-48
67 7 10 4 10 3.85748e-48
67 10 4 10 7 2.10053e-48
67 10 7 10 4 6.72481e-48
67 6 8 13 13 5.87293e-48
67 8 13 13 6 1.4191e-47
67 13 6 8 13 7.24653e-48
67 13 13 6 8 6.56218e-48
67 4 12 6 6 8.32912e-48
67 6 4 12 6 3.04975e-48
67 6 6 4 12 6.86168e-48
67 12 6 6 4 3.22041e-48
67 5 9 13 11 3.59009e-48
67 9 13 11 5 3.6625e-48
67 11 5 9 13 0.0140391
67 13 11 5 9 5.41483e-48
67 4 4 7 9 4.14705e-50
67 4 7 9 4 0.000580541
67 7 9 4 4 2.75219e-50
67 9 4 4 7 1.4874e-50
67 6 11 8 8 6.98826e-48
67 8 6 11 8 8.75454e-48
67 8 8 6 11 6.76298e-48
67 11 8 8 6 8.85398e-48
67 4 11 4 11 8.18246e-48
67 11 4 11 4 2.40575e-48
67 5 6 6 9 1.56584e-47
67 6 6 9 5 0.097316
67 6 9 5 6 1.87362e-47
67 9 5 6 6 7.36716e-48
67 8 9 11 11 5.19906e-48
67 9 11 11 8 4.73007e-48
67 11 8 9 11 0.0373721
67 11 11 8 9 5.86296e-48
67 4 11 13 12 5.48686e-48
67 11 13 12 4 2.65696e-48
67 12 4 11 13 1.13718e-48
67 13 12 4 11 2.96054e-48
67 5 11 9 9 0.0444417
67 9 5 11 9 2.14219e-48
67 9 9 5 11 4.04458e-48
67 11 9 9 5 0.0217326
67 5 12 8 9 4.88356e-48
67 8 9 5 12 5.8903e-48
67 9 5 12 8 1.40111e-48
67 12 8 9 5 0.0180244
67 8 9 10 13 5.72912e-48
67 9 10 13 8 4.64051e-48
67 10 13 8 9 8.67193e-48
67 13 8 9 10 0.0395255
67 4 9 6 6 7.41112e-48
67 6 4 9 6 0.0316289
67 6 6 4 9 6.53589e-48
67 9 6 6 4 4.24834e-48
67 4 4 9 13 0.0171115
67 4 9 13 4 3.07573e-48
67 9 13 4 4 3.1222e-48
67 13 4 4 9 1.70089e-48
67 4 8 4 12 5.85419e-48
67 4 12 4 8 4.70532e-48
67 8 4 12 4 1.71339e-48
67 12 4 8 4 1.32156e-48
67 5 7 8 12 1.036e-47
67 7 8 12 5 3.00926e-48
67 8 12 5 7 5.67471e-48
67 12 5 7 8 2.26703e-48
67 5 13 7 7 4.49051e-48
67 7 5 13 7 1.16156e-48
67 7 7 5 13 5.22116e-48
67 13 7 7 5 4.83006e-48
67 7 9 9 9 0.0306974
67 9 7 9 9 0.0531134
67 9 9 7 9 4.81357e-48
67 9 9 9 7 0.0210479
67 8 10 8 13 7.6373e-48
67 8 13 8 10 1.00118e-47
67 10 8 13 8 6.31239e-48
67 13 8 10 8 6.13615e-48
67 4 11 7 12 7.50344e-50
67 7 12 4 11 3.01858e-50
67 11 7 12 4 3.23961e-50
67 12 4 11 7 9.63408e-51
67 4 7 11 13 6.60604e-48
67 7 11 13 4 3.02666e-48
67 11 13 4 7 3.10889e-48
67 13 4 7 11 2.2987e-48
67 10 12 12 13 4.76628e-48
67 12 12 13 10 3.94568e-48
67 12 13 10 12 6.97482e-48
67 13 10 12 12 5.3636e-48
67 5 10 7 12 8.02682e-48
67 7 12 5 10 5.1902e-48
67 10 7 12 5 5.04661e-48
67 12 5 10 7 1.45435e-48
67 5 7 12 11 5.05127e-48
67 7 12 11 5 2.80505e-48
67 11 5 7 12 2.76152e-48
67 12 11 5 7 2.77497e-48
67 4 10 12 6 6.71059e-48
67 6 4 10 12 2.94868e-48
67 10 12 6 4 3.49675e-48
67 12 6 4 10 3.45183e-48
67 6 10 9 11 0.0502759
67 9 11 6 10 5.19214e-48
67 10 9 11 6 8.11011e-48
67 11 6 10 9 8.12002e-48
67 8 8 13 11 5.97527e-48
67 8 13 11 8 7.4212e-48
67 11 8 8 13 4.56705e-48
67 13 11 8 8 5.24059e-48
67 8 13 11 9 8.675e-48
67 9 8 13 11 4.56527e-48
67 11 9 8 13 4.00833e-48
67 13 11 9 8 0.0408101
67 4 6 11 11 5.87387e-48
67 6 11 11 4 3.43216e-48
67 11 4 6 11 1.59248e-48
67 11 11 4 6 5.19059e-48
67 4 6 5 12 2.14915e-47
67 5 12 4 6 1.39626e-47
67 6 5 12 4 3.28323e-48
67 12 4 6 5 2.48038e-48
67 4 9 13 12 4.59951e-48
67 9 13 12 4 2.80893e-48
67 12 4 9 13 0.00992716
67 13 12 4 9 3.45451e-48
67 4 12 5 10 7.16488e-48
67 5 10 4 12 5.79629e-48
67 10 4 12 5 1.7052e-48
67 12 5 10 4 1.57324e-48
67 4 9 11 9 4.61542e-48
67 9 4 9 11 0.0146233
67 9 11 9 4 0.0258244
67 11 9 4 9 3.12608e-48
67 4 6 4 7 4.51619e-48
67 4 7 4 6 1.06817e-47
67 6 4 7 4 2.23846e-48
67 7 4 6 4 1.41656e-48
67 9 11 13 10 4.75222e-48
67 10 9 11 13 4.33366e-48
67 11 13 10 9 7.13064e-48
67 13 10 9 11 0.0390573
67 4 13 9 6 0.0740053
67 6 4 13 9 2.11096e-48
67 9 6 4 13 3.69374e-48
67 13 9 6 4 2.27315e-48
68 4 9 5 12 6.15312e-05
68 5 12 4 9 0.00325953
68 9 5 12 4 2.16018e-05
68 12 4 9 5 0.000468028
68 4 7 6 6 0.000532157
68 6 4 7 6 0.00260547
68 6 6 4 7 0.00177384
68 7 6 6 4 0.000192995
68 8 13 11 12 1.32788e-05
68 11 12 8 13 0.00479396
68 12 8 13 11 0.00324948
68 13 11 12 8 4.28763e-05
68 5 6 12 6 1.07084e-07
68 6 5 6 12 1.72149e-08
68 6 12 6 5 3.31695e-06
68 12 6 5 6 2.36095e-05
68 4 7 9 7 0.00839359
68 7 4 7 9 0.0010912
68 7 9 7 4 0.0106422
68 9 7 4 7 0.00225167
68 4 6 6 11 0.000247681
68 6 6 11 4 0.00263838
68 6 11 4 6 0.00469435
68 11 4 6 6 0.00025391
68 7 10 9 10 0.00213003
68 9 10 7 10 0.0026296
68 10 7 10 9 0.00385864
68 10 9 10 7 0.0248712
68 12 12 13 13 3.50131e-05
68 12 13 13 12 5.4396e-08
68 13 12 12 13 4.52963e-07
68 13 13 12 12 7.03719e-10
68 4 13 13 12 8.15374e-06
68 12 4 13 13 0.000683052
68 13 12 4 13 0.00397998
68 13 13 12 4 2.66776e-05
68 4 12 10 12 2.20427e-05
68 10 12 4 12 8.1433e-06
68 12 4 12 10 5.55346e-06
68 12 10 12 4 4.96392e-06
68 7 9 8 10 0.00782052
68 8 10 7 9 0.00285449
68 9 8 10 7 0.0178578
68 10 7 9 8 0.00587424
68 6 9 10 13 0.0155751
68 9 10 13 6 0.00114143
68 10 13 6 9 0.000463057
68 13 6 9 10 0.00473333
68 4 6 4 12 3.05494e-06
68 4 12 4 6 0.00452743
68 6 4 12 4 1.14092e-05
68 12 4 6 4 0.000173867
68 4 4 4 13 0.00105947
68 4 4 13 4 0.00194966
68 4 13 4 4 0.00319852
68 13 4 4 4 0.00147849
68 5 12 11 12 1.72346e-05
68 11 12 5 12 3.14645e-05
68 12 5 12 11 9.48941e-06
68 12 11 12 5 6.07912e-06
68 5 6 10 12 8.51598e-06
68 6 10 12 5 3.4344e-06
68 10 12 5 6 0.017537
68 12 5 6 10 0.000590527
68 7 11 13 12 6.64608e-06
68 11 13 12 7 2.3386e-05
68 12 7 11 13 0.00141549
68 13 12 7 11 0.00697598
68 7 8 11 10 0.00745965
68 8 11 10 7 0.0210829
68 10 7 8 11 0.0021078
68 11 10 7 8 0.0023512
68 4 9 4 12 1.54576e-05
68 4 12 4 9 0.00307992
68 9 4 12 4 7.51658e-06
68 12 4 9 4 0.00164245
68 6 8 11 11 0.0101141
68 8 11 11 6 0.0130964
68 11 6 8 11 0.00149076
68 11 11 6 8 0.00130171
68 4 10 8 8 0.00138766
68 8 4 10 8 0.00299431
68 8 8 4 10 0.00851048
68 10 8 8 4 0.00809734
68 9 9 13 13 0.00610723
68 9 13 13 9 0.0018905
68 13 9 9 13 0.0172643
68 13 13 9 9 0.00534417
68 6 11 13 12 1.1108e-05
68 11 13 12 6 1.44121e-05
68 12 6 11 13 0.000755938
68 13 12 6 11 0.000658661
68 9 9 12 12 9.91207e-10
68 9 12 12 9 1.97497e-07
68 12 9 9 12 2.16589e-07
68 12 12 9 9 4.3155e-05
68 5 10 13 6 0.00180494
68 6 5 10 13 0.00753784
68 10 13 6 5 0.000216714
68 13 6 5 10 0.00755218
68 4 10 7 10 0.00421233
68 7 10 4 10 0.000915322
68 10 4 10 7 0.00449032
68 10 7 10 4 0.00679427
68 6 8 13 13 0.00747329
68 8 13 13 6 0.00452174
68 13 6 8 13 0.00172096
68 13 13 6 8 0.000702172
68 4 12 6 6 0.000949389
68 6 4 12 6 8.10805e-06
68 6 6 4 12 2.46412e-06
68 12 6 6 4 0.000162014
68 5 9 13 11 0.00733068
68 9 13 11 5 0.0010107
68 11 5 9 13 0.00610916
68 13 11 5 9 0.0138517
68 4 4 7 9 2.7351e-05
68 4 7 9 4 8.80467e-05
68 7 9 4 4 5.79633e-05
68 9 4 4 7 1.561e-05
68 6 11 8 8 0.00731035
68 8 6 11 8 0.00313264
68 8 8 6 11 0.00161254
68 11 8 8 6 0.00848848
68 4 11 4 11 0.00830822
68 11 4 11 4 0.00478692
68 5 6 6 9 0.000491343
68 6 6 9 5 0.00208514
68 6 9 5 6 0.0528738
68 9 5 6 6 0.00111851
68 8 9 11 11 0.0143777
68 9 11 11 8 0.00726566
68 11 8 9 11 0.0128894
68 11 11 8 9 0.00534227
68 4 11 13 12 1.31136e-05
68 11 13 12 4 1.93112e-05
68 12 4 11 13 0.000772493
68 13 12 4 11 0.00299097
68 5 11 9 9 0.00963407
68 9 5 11 9 0.0030082
68 9 9 5 11 0.0146736
68 11 9 9 5 0.00526345
68 5 12 8 9 0.00354128
68 8 9 5 12 5.7851e-05
68 9 5 12 8 1.40946e-05
68 12 8 9 5 0.00193443
68 8 9 10 13 0.01834
68 9 10 13 8 0.00105867
68 10 13 8 9 0.00242358
68 13 8 9 10 0.0212093
68 4 9 6 6 0.00161811
68 6 4 9 6 0.00261498
68 6 6 4 9 0.000836802
68 9 6 6 4 0.000239129
68 4 4 9 13 0.00239896
68 4 9 13 4 0.0105075
68 9 13 4 4 0.00194285
68 13 4 4 9 0.000817022
68 4 8 4 12 1.4542e-05
68 4 12 4 8 0.00446095
68 8 4 12 4 1.42721e-05
68 12 4 8 4 0.000966727
68 5 7 8 12 8.03263e-06
68 7 8 12 5 9.81884e-06
68 8 12 5 7 0.0335786
68 12 5 7 8 0.00421701
68 5 13 7 7 0.00831042
68 7 5 13 7 0.00298909
68 7 7 5 13 0.00340422
68 13 7 7 5 0.00156503
68 7 9 9 9 0.00634274
68 9 7 9 9 0.0025846
68 9 9 7 9 0.00783035
68 9 9 9 7 0.0166592
68 8 10 8 13 0.00190054
68 8 13 8 10 0.0064191
68 10 8 13 8 0.00850565
68 13 8 10 8 0.0174595
68 4 11 7 12 2.6614e-07
68 7 12 4 11 1.73937e-05
68 11 7 12 4 1.87684e-07
68 12 4 11 7 1.49798e-05
68 4 7 11 13 0.00375462
68 7 11 13 4 0.00445842
68 11 13 4 7 0.00363616
68 13 4 7 11 0.00240823
68 10 12 12 13 3.13872e-05
68 12 12 13 10 0.00411198
68 12 13 10 12 7.73713e-06
68 13 10 12 12 2.44693e-08
68 5 10 7 12 7.19829e-06
68 7 12 5 10 0.0127903
68 10 7 12 5 6.05174e-06
68 12 5 10 7 0.00640023
68 5 7 12 11 1.47243e-05
68 7 12 11 5 0.00136774
68 11 5 7 12 1.58563e-05
68 12 11 5 7 0.013862
68 4 10 12 6 8.28882e-06
68 6 4 10 12 5.43705e-06
68 10 12 6 4 0.00101474
68 12 6 4 10 0.000712743
68 6 10 9 11 0.00256495
68 9 11 6 10 0.001293
68 10 9 11 6 0.0137216
68 11 6 10 9 0.0024238
68 8 8 13 11 0.00804764
68 8 13 11 8 0.00577186
68 11 8 8 13 0.00679281
68 13 11 8 8 0.00719264
68 8 13 11 9 0.00452619
68 9 8 13 11 0.00481401
68 11 9 8 13 0.00820111
68 13 11 9 8 0.0138797
68 4 6 11 11 0.00180319
68 6 11 11 4 0.0100846
68 11 4 6 11 0.000196962
68 11 11 4 6 0.00431262
68 4 6 5 12 2.34311e-05
68 5 12 4 6 0.00923217
68 6 5 12 4 6.31775e-05
68 12 4 6 5 9.54627e-05
68 4 9 13 12 1.74542e-05
68 9 13 12 4 1.39241e-05
68 12 4 9 13 0.00100781
68 13 12 4 9 0.00263727
68 4 12 5 10 0.0257898
68 5 10 4 12 3.15392e-06
68 10 4 12 5 3.37506e-06
68 12 5 10 4 0.00540085
68 4 9 11 9 0.00932061
68 9 4 9 11 0.00155429
68 9 11 9 4 0.0100421
68 11 9 4 9 0.00452405
68 4 6 4 7 0.00204579
68 4 7 4 6 0.00236076
68 6 4 7 4 0.0034106
68 7 4 6 4 0.000192671
68 9 11 13 10 0.00668476
68 10 9 11 13 0.0113751
68 11 13 10 9 0.00462629
68 13 10 9 11 0.00261432
68 4 13 9 6 0.00508325
68 6 4 13 9 0.000858285
68 9 6 4 13 0.00059226
68 13 9 6 4 0.00165026
69 3 0 3 9 0.109184
69 1 0 1 11 0.0299283
69 2 0 3 8 0.0381628
69 2 0 3 10 0.0275926
69 2 0 1 12 0.0267944
69 1 0 1 9 0.0711392
69 3 0 3 8 0.116378
69 1 0 1 7 0.0303601
69 2 0 1 4 0.0275925
69 1 0 3 12 0.0290941
69 2 0 1 11 0.066025
69 2 0 2 7 0.0146535
69 3 0 3 5 0.0374989
69 3 0 2 9 0.031056
69 1 0 2 11 0.0179676
69 3 0 3 13 0.0264373
69 2 0 1 9 0.0384706
69 2 0 2 4 0.0134929
69 3 0 3 6 0.0356933
69 3 0 2 13 0.0152785
69 1 0 2 12 0.0469049
69 1 0 3 9 0.0372443
69 3 0 2 11 0.0307726
69 3 0 3 12 0.0446918
69 1 0 3 13 0.0185
69 2 0 2 11 0.0190858
70 3 9 3 0 0.0390966
70 1 11 1 0 0.0580209
70 3 8 2 0 0.0138264
70 3 10 2 0 0.00492456
70 1 12 2 0 0.00767054
70 1 9 1 0 0.0860298
70 3 8 3 0 0.0229583
70 1 7 1 0 0.0437574
70 1 4 2 0 0.0850218
70 3 12 1 0 0.0173072
70 1 11 2 0 0.0654801
70 2 7 2 0 0.020485
70 3 5 3 0 0.0609942
70 2 9 3 0 0.0198351
70 2 11 1 0 0.0660454
70 3 13 3 0 0.0177187
70 1 9 2 0 0.0237995
70 2 4 2 0 0.0788304
70 3 6 3 0 0.032972
70 2 13 3 0 0.0182644
70 2 12 1 0 0.0497681
70 3 9 1 0 0.0478784
70 2 11 3 0 0.0315077
70 3 12 3 0 0.00740544
70 3 13 1 0 0.0445129
70 2 11 2 0 0.0358891
71 4 9 5 12 6.10124e-48
71 5 12 4 9 3.09026e-48
71 9 5 12 4 1.50416e-48
71 12 4 9 5 0.00961028
71 4 7 6 6 1.12981e-48
71 6 4 7 6 0.00604252
71 6 6 4 7 3.02076e-48
71 7 6 6 4 2.29463e-48
71 8 13 11 12 9.77606e-48
71 11 12 8 13 4.58e-48
71 12 8 13 11 6.67945e-48
71 13 11 12 8 6.50877e-48
71 5 6 12 6 6.3166e-51
71 6 5 6 12 1.69623e-49
71 6 12 6 5 2.82027e-50
71 12 6 5 6 3.54032e-51
71 4 7 9 7 5.98278e-48
71 7 4 7 9 0.0609171
71 7 9 7 4 1.09828e-48
71 9 7 4 7 2.31392e-48
71 4 6 6 11 1.04947e-47
71 6 6 11 4 1.99554e-48
71 6 11 4 6 4.67984e-49
71 11 4 6 6 0.0105003
71 7 10 9 10 1.96233e-48
71 9 10 7 10 9.49104e-49
71 10 7 10 9 1.72295e-47
71 10 9 10 7 6.00969e-48
71 12 12 13 13 2.60162e-50
71 12 13 13 12 8.63482e-50
71 13 12 12 13 5.83894e-50
71 13 13 12 12 1.93796e-49
71 4 13 13 12 1.15844e-47
71 12 4 13 13 0.0181931
71 13 12 4 13 2.16048e-48
71 13 13 12 4 2.51489e-48
71 4 12 10 12 6.43985e-48
71 10 12 4 12 5.29647e-48
71 12 4 12 10 0.00492461
71 12 10 12 4 8.3341e-49
71 7 9 8 10 1.82554e-48
71 8 10 7 9 1.00216e-47
71 9 8 10 7 4.91974e-48
71 10 7 9 8 1.10871e-47
71 6 9 10 13 3.68597e-48
71 9 10 13 6 1.06273e-48
71 10 13 6 9 1.91979e-47
71 13 6 9 10 2.57469e-48
71 4 6 4 12 4.65479e-48
71 4 12 4 6 3.37182e-49
71 6 4 12 4 0.0177962
71 12 4 6 4 0.00909841
71 4 4 4 13 0.0129887
71 4 4 13 4 0.0172594
71 4 13 4 4 8e-49
71 13 4 4 4 0.0106835
71 5 12 11 12 5.21952e-48
71 11 12 5 12 7.71336e-48
71 12 5 12 11 4.51788e-48
71 12 11 12 5 8.57189e-49
71 5 6 10 12 8.29833e-48
71 6 10 12 5 3.35835e-48
71 10 12 5 6 1.00468e-48
71 12 5 6 10 1.13236e-48
71 7 11 13 12 9.85656e-48
71 11 13 12 7 4.73287e-48
71 12 7 11 13 1.50641e-48
71 13 12 7 11 6.68607e-48
71 7 8 11 10 1.46124e-48
71 8 11 10 7 4.43788e-48
71 10 7 8 11 1.90499e-47
71 11 10 7 8 4.61076e-48
71 4 9 4 12 3.49298e-48
71 4 12 4 9 3.59531e-48
71 9 4 12 4 0.0104858
71 12 4 9 4 0.00747742
71 6 8 11 11 1.38764e-47
71 8 11 11 6 9.11786e-49
71 11 6 8 11 1.71516e-47
71 11 11 6 8 8.12148e-48
71 4 10 8 8 5.56815e-48
71 8 4 10 8 0.0367846
71 8 8 4 10 7.50489e-49
71 10 8 8 4 3.15518e-48
71 9 9 13 13 3.19199e-48
71 9 13 13 9 1.09046e-47
71 13 9 9 13 5.10861e-48
71 13 13 9 9 1.74523e-47
71 6 11 13 12 1.0727e-47
71 11 13 12 6 7.55816e-49
71 12 6 11 13 1.19231e-48
71 13 12 6 11 1.07862e-47
71 9 9 12 12 6.86333e-50
71 9 12 12 9 7.0644e-50
71 12 9 9 12 4.89425e-50
71 12 12 9 9 5.03763e-50
71 5 10 13 6 1.0577e-48
71 6 5 10 13 5.24048e-48
71 10 13 6 5 4.40899e-48
71 13 6 5 10 2.01406e-48
71 4 10 7 10 1.17823e-48
71 7 10 4 10 9.42181e-49
71 10 4 10 7 0.0638579
71 10 7 10 4 3.30072e-48
71 6 8 13 13 6.76477e-48
71 8 13 13 6 1.29283e-48
71 13 6 8 13 7.11732e-48
71 13 13 6 8 9.80215e-48
71 4 12 6 6 7.27399e-49
71 6 4 12 6 0.00741613
71 6 6 4 12 5.41709e-48
71 12 6 6 4 9.71322e-49
71 5 9 13 11 7.07148e-48
71 9 13 11 5 1.47869e-48
71 11 5 9 13 5.0381e-48
71 13 11 5 9 1.04481e-47
71 4 4 7 9 0.0006891
71 4 7 9 4 2.77332e-50
71 7 9 4 4 9.93479e-51
71 9 4 4 7 0.000207515
71 6 11 8 8 7.88079e-48
71 8 6 11 8 5.62756e-48
71 8 8 6 11 1.57356e-47
71 11 8 8 6 1.66597e-48
71 4 11 4 11 7.73045e-48
71 11 4 11 4 0.0329812
71 5 6 6 9 1.96808e-47
71 6 6 9 5 6.33432e-48
71 6 9 5 6 1.51841e-48
71 9 5 6 6 1.97855e-48
71 8 9 11 11 8.84915e-48
71 9 11 11 8 3.79517e-48
71 11 8 9 11 1.6435e-47
71 11 11 8 9 1.61619e-47
71 4 11 13 12 8.7772e-48
71 11 13 12 4 1.72707e-48
71 12 4 11 13 0.0106349
71 13 12 4 11 4.76108e-48
71 5 11 9 9 7.58424e-48
71 9 5 11 9 8.1484e-48
71 9 9 5 11 5.07509e-48
71 11 9 9 5 2.47481e-48
71 5 12 8 9 6.22838e-48
71 8 9 5 12 5.7509e-48
71 9 5 12 8 3.35464e-48
71 12 8 9 5 1.04537e-48
71 8 9 10 13 3.01588e-48
71 9 10 13 8 5.74559e-48
71 10 13 8 9 1.81192e-47
71 13 8 9 10 2.65016e-48
71 4 9 6 6 7.55084e-49
71 6 4 9 6 0.00901476
71 6 6 4 9 5.78801e-48
71 9 6 6 4 1.65573e-48
71 4 4 9 13 0.0263226
71 4 9 13 4 1.58047e-48
71 9 13 4 4 6.27041e-49
71 13 4 4 9 0.0542625
71 4 8 4 12 5.08992e-48
71 4 12 4 8 1.93661e-48
71 8 4 12 4 0.0154687
71 12 4 8 4 0.00912246
71 5 7 8 12 1.24425e-47
71 7 8 12 5 2.79194e-48
71 8 12 5 7 4.24548e-48
71 12 5 7 8 2.20355e-48
71 5 13 7 7 2.30011e-48
71 7 5 13 7 6.6225e-48
71 7 7 5 13 3.1368e-48
71 13 7 7 5 2.37405e-48
71 7 9 9 9 8.94301e-48
71 9 7 9 9 9.65538e-48
71 9 9 7 9 4.32539e-48
71 9 9 9 7 3.36781e-48
71 8 10 8 13 6.02325e-48
71 8 13 8 10 2.19213e-48
71 10 8 13 8 1.18743e-47
71 13 8 10 8 8.93681e-48
71 4 11 7 12 5.51585e-50
71 7 12 4 11 3.86526e-50
71 11 7 12 4 2.36182e-50
71 12 4 11 7 0.0001733
71 4 7 11 13 3.57628e-48
71 7 11 13 4 2.26344e-48
71 11 13 4 7 3.09891e-48
71 13 4 7 11 0.0827374
71 10 12 12 13 4.46873e-48
71 12 12 13 10 8.32957e-49
71 12 13 10 12 4.97369e-48
71 13 10 12 12 1.70485e-47
71 5 10 7 12 6.50697e-48
71 7 12 5 10 1.1595e-48
71 10 7 12 5 3.99887e-48
71 12 5 10 7 2.89558e-48
71 5 7 12 11 7.89182e-48
71 7 12 11 5 1.74481e-48
71 11 5 7 12 9.54308e-48
71 12 11 5 7 1.81214e-48
71 4 10 12 6 7.30374e-49
71 6 4 10 12 0.0821525
71 10 12 6 4 2.32427e-48
71 12 6 4 10 3.04931e-49
71 6 10 9 11 1.65506e-47
71 9 11 6 10 1.48478e-48
71 10 9 11 6 1.09662e-48
71 11 6 10 9 1.37775e-47
71 8 8 13 11 1.48432e-47
71 8 13 11 8 4.9721e-48
71 11 8 8 13 6.12226e-48
71 13 11 8 8 8.5299e-48
71 8 13 11 9 1.04843e-47
71 9 8 13 11 1.14283e-47
71 11 9 8 13 4.77201e-48
71 13 11 9 8 7.94125e-48
71 4 6 11 11 7.46441e-48
71 6 11 11 4 1.72311e-48
71 11 4 6 11 0.109687
71 11 11 4 6 4.4869e-49
71 4 6 5 12 1.5666e-47
71 5 12 4 6 5.58419e-49
71 6 5 12 4 4.91878e-48
71 12 4 6 5 0.0225313
71 4 9 13 12 7.66931e-48
71 9 13 12 4 1.06715e-48
71 12 4 9 13 0.0123553
71 13 12 4 9 4.88633e-48
71 4 12 5 10 1.05515e-48
71 5 10 4 12 4.73507e-48
71 10 4 12 5 0.0288496
71 12 5 10 4 1.07978e-48
71 4 9 11 9 6.66023e-48
71 9 4 9 11 0.0645323
71 9 11 9 4 1.36656e-48
71 11 9 4 9 4.84327e-48
71 4 6 4 7 2.41465e-48
71 4 7 4 6 4.87192e-49
71 6 4 7 4 0.0134888
71 7 4 6 4 0.0199949
71 9 11 13 10 1.4509e-48
71 10 9 11 13 4.17476e-48
71 11 13 10 9 1.26101e-47
71 13 10 9 11 1.85574e-47
71 4 13 9 6 6.67267e-49
71 6 4 13 9 0.100758
71 9 6 4 13 1.07342e-48
71 13 9 6 4 2.08439e-48
72 11 7 12 4 1
73 4 9 5 12 6.42965e-49
73 5 12 4 9 1.18304e-48
73 9 5 12 4 4.55219e-48
73 12 4 9 5 8.5386e-48
73 4 7 6 6 9.85943e-48
73 6 4 7 6 8.01699e-48
73 6 6 4 7 0.0527204
73 7 6 6 4 1.74817e-47
73 8 13 11 12 8.06407e-48
73 11 12 8 13 3.72845e-48
73 12 8 13 11 5.17608e-48
73 13 11 12 8 7.9832e-48
73 5 6 12 6 5.83609e-50
73 6 5 6 12 1.55887e-49
73 6 12 6 5 1.54012e-49
73 12 6 5 6 1.48922e-50
73 4 7 9 7 0.0540329
73 7 4 7 9 6.56406e-48
73 7 9 7 4 4.73744e-48
73 9 7 4 7 0.0263144
73 4 6 6 11 1.09868e-47
73 6 6 11 4 8.39225e-48
73 6 11 4 6 4.08558e-48
73 11 4 6 6 1.45565e-47
73 7 10 9 10 1.29102e-47
73 9 10 7 10 6.38032e-48
73 10 7 10 9 9.47176e-48
73 10 9 10 7 0.121456
73 12 12 13 13 5.41956e-50
73 12 13 13 12 8.13126e-50
73 13 12 12 13 6.65354e-50
73 13 13 12 12 9.98267e-50
73 4 13 13 12 4.26603e-48
73 12 4 13 13 6.2661e-48
73 13 12 4 13 1.95392e-48
73 13 13 12 4 6.98733e-48
73 4 12 10 12 2.32994e-48
73 10 12 4 12 3.10994e-48
73 12 4 12 10 8.3429e-48
73 12 10 12 4 6.77305e-48
73 7 9 8 10 8.39836e-48
73 8 10 7 9 7.21416e-48
73 9 8 10 7 0.0676141
73 10 7 9 8 1.59238e-47
73 6 9 10 13 7.04002e-48
73 9 10 13 6 6.09234e-48
73 10 13 6 9 3.20668e-47
73 13 6 9 10 8.64146e-48
73 4 6 4 12 2.18817e-48
73 4 12 4 6 1.62325e-48
73 6 4 12 4 9.30333e-48
73 12 4 6 4 1.41204e-47
73 4 4 4 13 2.4856e-48
73 4 4 13 4 3.77783e-48
73 4 13 4 4 2.25765e-48
73 13 4 4 4 2.59609e-48
73 5 12 11 12 2.55694e-48
73 11 12 5 12 6.08492e-49
73 12 5 12 11 5.86311e-48
73 12 11 12 5 7.87358e-48
73 5 6 10 12 4.57316e-48
73 6 10 12 5 1.58784e-47
73 10 12 5 6 2.06432e-48
73 12 5 6 10 1.81901e-47
73 7 11 13 12 5.06291e-48
73 11 13 12 7 0.0774863
73 12 7 11 13 5.14852e-48
73 13 12 7 11 2.59749e-48
73 7 8 11 10 9.62401e-48
73 8 11 10 7 0.0770179
73 10 7 8 11 9.34393e-48
73 11 10 7 8 6.31891e-48
73 4 9 4 12 1.45217e-48
73 4 12 4 9 1.21809e-48
73 9 4 12 4 5.18373e-48
73 12 4 9 4 5.95794e-48
73 6 8 11 11 9.90965e-48
73 8 11 11 6 9.40644e-48
73 11 6 8 11 6.47127e-48
73 11 11 6 8 1.76219e-47
73 4 10 8 8 5.39371e-48
73 8 4 10 8 7.33407e-48
73 8 8 4 10 3.27479e-48
73 10 8 8 4 8.52074e-48
73 9 9 13 13 3.91113e-48
73 9 13 13 9 4.92217e-48
73 13 9 9 13 5.5188e-48
73 13 13 9 9 6.94543e-48
73 6 11 13 12 4.77462e-48
73 11 13 12 6 6.13865e-48
73 12 6 11 13 5.91393e-48
73 13 12 6 11 6.5454e-48
73 9 9 12 12 4.53582e-50
73 9 12 12 9 3.80467e-50
73 12 9 9 12 5.21326e-50
73 12 12 9 9 4.37291e-50
73 5 10 13 6 5.43062e-48
73 6 5 10 13 8.49787e-48
73 10 13 6 5 4.55905e-47
73 13 6 5 10 1.71015e-48
73 4 10 7 10 6.27803e-48
73 7 10 4 10 6.18653e-48
73 10 4 10 7 0.178984
73 10 7 10 4 1.00739e-47
73 6 8 13 13 7.95491e-48
73 8 13 13 6 8.33482e-48
73 13 6 8 13 6.83844e-48
73 13 13 6 8 2.05548e-47
73 4 12 6 6 6.83399e-48
73 6 4 12 6 9.92279e-48
73 6 6 4 12 3.39743e-48
73 12 6 6 4 1.22905e-47
73 5 9 13 11 2.66811e-48
73 9 13 11 5 7.29844e-48
73 11 5 9 13 5.27769e-48
73 13 11 5 9 9.52993e-49
73 4 4 7 9 4.82277e-50
73 4 7 9 4 4.85474e-50
73 7 9 4 4 3.42997e-50
73 9 4 4 7 0.000420068
73 6 11 8 8 1.03232e-47
73 8 6 11 8 1.09618e-47
73 8 8 6 11 1.67674e-47
73 11 8 8 6 6.10333e-48
73 4 11 4 11 4.18144e-48
73 11 4 11 4 1.13799e-47
73 5 6 6 9 1.9821e-47
73 6 6 9 5 2.394e-47
73 6 9 5 6 2.94711e-48
73 9 5 6 6 2.37377e-47
73 8 9 11 11 6.61874e-48
73 9 11 11 8 7.41592e-48
73 11 8 9 11 6.32746e-48
73 11 11 8 9 5.23484e-48
73 4 11 13 12 2.92828e-48
73 11 13 12 4 5.4805e-48
73 12 4 11 13 6.46989e-48
73 13 12 4 11 1.48043e-48
73 5 11 9 9 3.95423e-48
73 9 5 11 9 4.3828e-48
73 9 9 5 11 7.6999e-49
73 11 9 9 5 5.53333e-48
73 5 12 8 9 1.87917e-48
73 8 9 5 12 7.68553e-49
73 9 5 12 8 4.94712e-48
73 12 8 9 5 6.07803e-48
73 8 9 10 13 5.47522e-48
73 9 10 13 8 6.27093e-48
73 10 13 8 9 1.22221e-47
73 13 8 9 10 7.13923e-48
73 4 9 6 6 8.45738e-48
73 6 4 9 6 9.59167e-48
73 6 6 4 9 3.52673e-48
73 9 6 6 4 1.03366e-47
73 4 4 9 13 5.04707e-48
73 4 9 13 4 2.49443e-48
73 9 13 4 4 2.23254e-48
73 13 4 4 9 2.37508e-48
73 4 8 4 12 1.92047e-48
73 4 12 4 8 1.77499e-48
73 8 4 12 4 7.6865e-48
73 12 4 8 4 5.71739e-48
73 5 7 8 12 3.5891e-48
73 7 8 12 5 1.22908e-47
73 8 12 5 7 0.0132435
73 12 5 7 8 6.53111e-48
73 5 13 7 7 0.0472786
73 7 5 13 7 0.0704907
73 7 7 5 13 1.31611e-48
73 13 7 7 5 4.51522e-48
73 7 9 9 9 5.57226e-48
73 9 7 9 9 3.84098e-48
73 9 9 7 9 2.75386e-48
73 9 9 9 7 0.0492528
73 8 10 8 13 9.34364e-48
73 8 13 8 10 1.04538e-47
73 10 8 13 8 1.39549e-47
73 13 8 10 8 7.1845e-48
73 4 11 7 12 3.2666e-50
73 7 12 4 11 2.36821e-50
73 11 7 12 4 4.63992e-50
73 12 4 11 7 0.000883957
73 4 7 11 13 4.77988e-48
73 7 11 13 4 6.27096e-48
73 11 13 4 7 0.0402668
73 13 4 7 11 5.31442e-48
73 10 12 12 13 1.09729e-47
73 12 12 13 10 4.76768e-48
73 12 13 10 12 6.90392e-48
73 13 10 12 12 7.84931e-48
73 5 10 7 12 4.29594e-48
73 7 12 5 10 1.43911e-48
73 10 7 12 5 1.65275e-47
73 12 5 10 7 0.075456
73 5 7 12 11 4.15306e-48
73 7 12 11 5 7.00472e-48
73 11 5 7 12 3.75586e-48
73 12 11 5 7 0.0154937
73 4 10 12 6 5.94103e-48
73 6 4 10 12 6.55639e-48
73 10 12 6 4 1.43656e-47
73 12 6 4 10 3.3428e-48
73 6 10 9 11 1.18065e-47
73 9 11 6 10 1.58029e-47
73 10 9 11 6 1.31747e-47
73 11 6 10 9 5.82608e-48
73 8 8 13 11 5.70429e-48
73 8 13 11 8 1.07795e-47
73 11 8 8 13 5.39246e-48
73 13 11 8 8 6.54406e-48
73 8 13 11 9 8.40215e-48
73 9 8 13 11 4.36939e-48
73 11 9 8 13 4.63131e-48
73 13 11 9 8 7.74553e-48
73 4 6 11 11 4.97802e-48
73 6 11 11 4 7.30694e-48
73 11 4 6 11 1.25693e-47
73 11 11 4 6 2.62027e-48
73 4 6 5 12 1.86674e-48
73 5 12 4 6 3.03767e-48
73 6 5 12 4 1.57417e-47
73 12 4 6 5 3.89918e-47
73 4 9 13 12 2.24415e-48
73 9 13 12 4 4.78729e-48
73 12 4 9 13 6.05784e-48
73 13 12 4 9 1.29357e-48
73 4 12 5 10 8.50589e-49
73 5 10 4 12 2.50211e-48
73 10 4 12 5 2.12243e-47
73 12 5 10 4 5.45384e-48
73 4 9 11 9 3.34439e-48
73 9 4 9 11 5.36724e-48
73 9 11 9 4 4.41654e-48
73 11 9 4 9 1.74583e-48
73 4 6 4 7 0.0315873
73 4 7 4 6 2.17854e-48
73 6 4 7 4 6.99231e-48
73 7 4 6 4 1.86838e-47
73 9 11 13 10 5.56935e-48
73 10 9 11 13 1.20584e-47
73 11 13 10 9 5.93505e-48
73 13 10 9 11 7.75323e-48
73 4 13 9 6 4.82901e-48
73 6 4 13 9 5.29992e-48
73 9 6 4 13 2.11298e-48
73 13 9 6 4 7.1275e-48
74 4 9 5 12 0.000409198
74 5 12 4 9 0.00462835
74 9 5 12 4 0.00584318
74 12 4 9 5 0.0170501
74 4 7 6 6 0.00508268
74 6 4 7 6 2.92255e-05
74 6 6 4 7 4.76794e-05
74 7 6 6 4 0.00721163
74 8 13 11 12 0.000228044
74 11 12 8 13 0.0106739
74 12 8 13 11 0.00767065
74 13 11 12 8 0.00181171
74 5 6 12 6 3.73526e-05
74 6 5 6 12 6.37456e-08
74 6 12 6 5 1.01833e-06
74 12 6 5 6 3.94631e-05
74 4 7 9 7 0.0074094
74 7 4 7 9 0.00568009
74 7 9 7 4 0.00354793
74 9 7 4 7 0.00568348
74 4 6 6 11 0.00727966
74 6 6 11 4 6.27358e-05
74 6 11 4 6 1.81545e-05
74 11 4 6 6 0.00583057
74 7 10 9 10 9.44459e-46
74 9 10 7 10 1.22876e-45
74 10 7 10 9 0.00409383
74 10 9 10 7 0.00366034
74 12 12 13 13 0.000170396
74 12 13 13 12 1.48835e-05
74 13 12 12 13 4.91641e-05
74 13 13 12 12 4.29431e-06
74 4 13 13 12 0.00090705
74 12 4 13 13 0.0134664
74 13 12 4 13 0.00306408
74 13 13 12 4 0.00247708
74 4 12 10 12 0.00067443
74 10 12 4 12 0.000296742
74 12 4 12 10 1.25864e-45
74 12 10 12 4 0.00543679
74 7 9 8 10 1.33443e-45
74 8 10 7 9 0.00233175
74 9 8 10 7 0.0102926
74 10 7 9 8 0.0032347
74 6 9 10 13 4.91715e-05
74 9 10 13 6 0.00690155
74 10 13 6 9 0.00558043
74 13 6 9 10 1.01786e-45
74 4 6 4 12 0.000808572
74 4 12 4 6 0.00356352
74 6 4 12 4 4.29821e-05
74 12 4 6 4 0.0111082
74 4 4 4 13 0.00655948
74 4 4 13 4 0.00935871
74 4 13 4 4 0.00418188
74 13 4 4 4 0.0027614
74 5 12 11 12 0.000606685
74 11 12 5 12 0.000381741
74 12 5 12 11 0.0038251
74 12 11 12 5 0.00873819
74 5 6 10 12 0.000819051
74 6 10 12 5 7.32249e-05
74 10 12 5 6 0.00164081
74 12 5 6 10 2.00167e-45
74 7 11 13 12 0.000467291
74 11 13 12 7 0.00410358
74 12 7 11 13 0.00755012
74 13 12 7 11 0.00163536
74 7 8 11 10 1.0153e-45
74 8 11 10 7 0.00151181
74 10 7 8 11 0.00298854
74 11 10 7 8 0.00355319
74 4 9 4 12 0.000523901
74 4 12 4 9 0.00612189
74 9 4 12 4 0.00675549
74 12 4 9 4 0.00900642
74 6 8 11 11 4.4268e-05
74 8 11 11 6 0.00140455
74 11 6 8 11 0.00911137
74 11 11 6 8 0.00557762
74 4 10 8 8 0.00592308
74 8 4 10 8 0.00131376
74 8 8 4 10 2.60466e-46
74 10 8 8 4 0.00494739
74 9 9 13 13 0.011707
74 9 13 13 9 0.0119489
74 13 9 9 13 0.00450329
74 13 13 9 9 0.00459634
74 6 11 13 12 4.25017e-06
74 11 13 12 6 0.00234847
74 12 6 11 13 0.0102434
74 13 12 6 11 0.0022162
74 9 9 12 12 8.14335e-06
74 9 12 12 9 9.51568e-05
74 12 9 9 12 1.08567e-05
74 12 12 9 9 0.000126863
74 5 10 13 6 0.00453437
74 6 5 10 13 5.1493e-05
74 10 13 6 5 0.00798921
74 13 6 5 10 5.29947e-46
74 4 10 7 10 1.14481e-45
74 7 10 4 10 6.74964e-46
74 10 4 10 7 0.00475116
74 10 7 10 4 0.00331916
74 6 8 13 13 8.28623e-05
74 8 13 13 6 0.00160586
74 13 6 8 13 0.00826234
74 13 13 6 8 0.00308939
74 4 12 6 6 0.00523515
74 6 4 12 6 2.62687e-05
74 6 6 4 12 4.70044e-06
74 12 6 6 4 0.0112432
74 5 9 13 11 0.00364228
74 9 13 11 5 0.0123654
74 11 5 9 13 0.00703649
74 13 11 5 9 0.00185528
74 4 4 7 9 0.0001075
74 4 7 9 4 8.39286e-05
74 7 9 4 4 3.9589e-05
74 9 4 4 7 9.21536e-05
74 6 11 8 8 4.44255e-05
74 8 6 11 8 0.0024044
74 8 8 6 11 0.00204318
74 11 8 8 6 0.00756818
74 4 11 4 11 0.0054002
74 11 4 11 4 0.0149466
74 5 6 6 9 0.0215076
74 6 6 9 5 0.000241768
74 6 9 5 6 3.31613e-05
74 9 5 6 6 0.0129295
74 8 9 11 11 0.00154376
74 9 11 11 8 0.00608894
74 11 8 9 11 0.00590615
74 11 11 8 9 0.0105465
74 4 11 13 12 0.000696192
74 11 13 12 4 0.00365913
74 12 4 11 13 0.00963697
74 13 12 4 11 0.00143649
74 5 11 9 9 0.0056078
74 9 5 11 9 0.0102686
74 9 9 5 11 0.00265944
74 11 9 9 5 0.0111466
74 5 12 8 9 0.00712633
74 8 9 5 12 9.38612e-05
74 9 5 12 8 0.00363541
74 12 8 9 5 0.0135257
74 8 9 10 13 0.00196
74 9 10 13 8 0.00709759
74 10 13 8 9 0.00590838
74 13 8 9 10 8.05907e-46
74 4 9 6 6 0.00502764
74 6 4 9 6 3.6134e-05
74 6 6 4 9 5.27485e-05
74 9 6 6 4 0.0116004
74 4 4 9 13 0.00893091
74 4 9 13 4 0.00701553
74 9 13 4 4 0.00436745
74 13 4 4 9 0.00331402
74 4 8 4 12 0.000680111
74 4 12 4 8 0.00389319
74 8 4 12 4 0.00182009
74 12 4 8 4 0.0124942
74 5 7 8 12 0.000847269
74 7 8 12 5 0.00866744
74 8 12 5 7 0.0013624
74 12 5 7 8 0.00538714
74 5 13 7 7 0.00350855
74 7 5 13 7 0.00529628
74 7 7 5 13 0.00234177
74 13 7 7 5 0.00405274
74 7 9 9 9 0.00565719
74 9 7 9 9 0.00919957
74 9 9 7 9 0.00736012
74 9 9 9 7 0.00822543
74 8 10 8 13 0.00346586
74 8 13 8 10 5.11532e-46
74 10 8 13 8 0.0045269
74 13 8 10 8 0.00303579
74 4 11 7 12 5.32702e-06
74 7 12 4 11 2.19629e-05
74 11 7 12 4 4.312e-05
74 12 4 11 7 0.000103637
74 4 7 11 13 0.00814233
74 7 11 13 4 0.00476984
74 11 13 4 7 0.00452568
74 13 4 7 11 0.00228704
74 10 12 12 13 0.00409708
74 12 12 13 10 2.11256e-45
74 12 13 10 12 0.00083177
74 13 10 12 12 0.000360728
74 5 10 7 12 0.000521027
74 7 12 5 10 5.36251e-46
74 10 7 12 5 0.00544363
74 12 5 10 7 0.00827489
74 5 7 12 11 0.00244893
74 7 12 11 5 0.00902298
74 11 5 7 12 0.000583481
74 12 11 5 7 0.00386559
74 4 10 12 6 0.00317421
74 6 4 10 12 4.85697e-06
74 10 12 6 4 0.00394179
74 12 6 4 10 1.24457e-45
74 6 10 9 11 3.65733e-05
74 9 11 6 10 1.7131e-45
74 10 9 11 6 0.00302027
74 11 6 10 9 0.0110851
74 8 8 13 11 0.00188434
74 8 13 11 8 0.0014382
74 11 8 8 13 0.0117597
74 13 11 8 8 0.00305512
74 8 13 11 9 0.00256864
74 9 8 13 11 0.00794379
74 11 9 8 13 0.0102889
74 13 11 9 8 0.00250137
74 4 6 11 11 0.00619732
74 6 11 11 4 3.71514e-05
74 11 4 6 11 0.00547859
74 11 11 4 6 0.00237885
74 4 6 5 12 0.00121686
74 5 12 4 6 0.00519106
74 6 5 12 4 7.16336e-05
74 12 4 6 5 0.0405185
74 4 9 13 12 0.000765875
74 9 13 12 4 0.00441287
74 12 4 9 13 0.00922815
74 13 12 4 9 0.00264064
74 4 12 5 10 8.16436e-46
74 5 10 4 12 0.000467693
74 10 4 12 5 0.00710049
74 12 5 10 4 0.00754033
74 4 9 11 9 0.0085519
74 9 4 9 11 0.00620643
74 9 11 9 4 0.00647798
74 11 9 4 9 0.00520864
74 4 6 4 7 0.00762983
74 4 7 4 6 0.00321846
74 6 4 7 4 4.44852e-05
74 7 4 6 4 0.00662814
74 9 11 13 10 1.63669e-45
74 10 9 11 13 0.00486162
74 11 13 10 9 0.00686882
74 13 10 9 11 0.0026055
74 4 13 9 6 0.00343674
74 6 4 13 9 6.44851e-05
74 9 6 4 13 0.00684812
74 13 9 6 4 0.00300347
75 4 9 5 12 0.00180778
75 5 12 4 9 0.00276054
75 9 5 12 4 0.00360183
75 12 4 9 5 0.0017292
75 4 7 6 6 0.00393144
75 6 4 7 6 0.00443541
75 6 6 4 7 0.0149332
75 7 6 6 4 0.0112221
75 8 13 11 12 0.00430808
75 11 12 8 13 0.00301383
75 12 8 13 11 0.00114032
75 13 11 12 8 0.00349738
75 5 6 12 6 6.75628e-05
75 6 5 6 12 8.33653e-05
75 6 12 6 5 0.0001233
75 12 6 5 6 3.68417e-05
75 4 7 9 7 0.00223612
75 7 4 7 9 0.00138017
75 7 9 7 4 0.00309895
75 9 7 4 7 0.00114222
75 4 6 6 11 0.0127892
75 6 6 11 4 0.0200914
75 6 11 4 6 0.00780824
75 11 4 6 6 0.00241311
75 7 10 9 10 0.00173326
75 9 10 7 10 0.00175834
75 10 7 10 9 0.00107908
75 10 9 10 7 0.0033525
75 12 12 13 13 6.54626e-05
75 12 13 13 12 6.59985e-05
75 13 12 12 13 4.5145e-05
75 13 13 12 12 4.55145e-05
75 4 13 13 12 0.00778855
75 12 4 13 13 0.00336896
75 13 12 4 13 0.00296628
75 13 13 12 4 0.00786562
75 4 12 10 12 0.00293166
75 10 12 4 12 0.00105783
75 12 4 12 10 0.00125726
75 12 10 12 4 0.0049373
75 7 9 8 10 0.00237248
75 8 10 7 9 0.00385234
75 9 8 10 7 0.00136262
75 10 7 9 8 0.00100845
75 6 9 10 13 0.0106638
75 9 10 13 6 0.00402336
75 10 13 6 9 0.00784936
75 13 6 9 10 0.0028603
75 4 6 4 12 0.00527359
75 4 12 4 6 0.00476807
75 6 4 12 4 0.00723432
75 12 4 6 4 0.00544952
75 4 4 4 13 0.00398725
75 4 4 13 4 0.00635112
75 4 13 4 4 0.0134988
75 13 4 4 4 0.00243863
75 5 12 11 12 0.00198637
75 11 12 5 12 0.000641419
75 12 5 12 11 0.00254497
75 12 11 12 5 0.00343885
75 5 6 10 12 0.00507413
75 6 10 12 5 0.0106875
75 10 12 5 6 0.00162126
75 12 5 6 10 0.00465454
75 7 11 13 12 0.00178988
75 11 13 12 7 0.00411479
75 12 7 11 13 0.00148334
75 13 12 7 11 0.001494
75 7 8 11 10 0.000611839
75 8 11 10 7 0.00520784
75 10 7 8 11 0.000946967
75 11 10 7 8 0.00228078
75 4 9 4 12 0.00255986
75 4 12 4 9 0.00382839
75 9 4 12 4 0.00210395
75 12 4 9 4 0.0022933
75 6 8 11 11 0.00262069
75 8 11 11 6 0.00508301
75 11 6 8 11 0.00434018
75 11 11 6 8 0.00519909
75 4 10 8 8 0.00758976
75 8 4 10 8 0.00241638
75 8 8 4 10 0.000623234
75 10 8 8 4 0.00128661
75 9 9 13 13 0.00375946
75 9 13 13 9 0.00566848
75 13 9 9 13 0.00282597
75 13 13 9 9 0.00426097
75 6 11 13 12 0.00475227
75 11 13 12 6 0.00313265
75 12 6 11 13 0.00580344
75 13 12 6 11 0.00270225
75 9 9 12 12 1.4553e-05
75 9 12 12 9 2.17647e-05
75 12 9 9 12 1.58627e-05
75 12 12 9 9 2.37234e-05
75 5 10 13 6 0.00653829
75 6 5 10 13 0.0128569
75 10 13 6 5 0.00935915
75 13 6 5 10 0.00232538
75 4 10 7 10 0.00424851
75 7 10 4 10 0.0021392
75 10 4 10 7 0.00253129
75 10 7 10 4 0.00182939
75 6 8 13 13 0.00440273
75 8 13 13 6 0.00942357
75 13 6 8 13 0.00849143
75 13 13 6 8 0.011225
75 4 12 6 6 0.00781459
75 6 4 12 6 0.00452403
75 6 6 4 12 0.00638837
75 12 6 6 4 0.012657
75 5 9 13 11 0.00326622
75 9 13 11 5 0.00482151
75 11 5 9 13 0.00208709
75 13 11 5 9 0.00167822
75 4 4 7 9 3.65917e-05
75 4 7 9 4 3.29296e-05
75 7 9 4 4 4.13694e-05
75 9 4 4 7 2.32744e-05
75 6 11 8 8 0.0129066
75 8 6 11 8 0.00801431
75 8 8 6 11 0.00183546
75 11 8 8 6 0.00104986
75 4 11 4 11 0.00877879
75 11 4 11 4 0.0042621
75 5 6 6 9 0.0213851
75 6 6 9 5 0.0227041
75 6 9 5 6 0.00935879
75 9 5 6 6 0.00959175
75 8 9 11 11 0.00319342
75 9 11 11 8 0.00362384
75 11 8 9 11 0.000525949
75 11 11 8 9 0.00307741
75 4 11 13 12 0.0037356
75 11 13 12 4 0.0047701
75 12 4 11 13 0.00237934
75 13 12 4 11 0.00157001
75 5 11 9 9 0.00298752
75 9 5 11 9 0.00251009
75 9 9 5 11 0.00109387
75 11 9 9 5 0.00160229
75 5 12 8 9 0.00301968
75 8 9 5 12 0.000924416
75 9 5 12 8 0.00218014
75 12 8 9 5 0.000722004
75 8 9 10 13 0.00454737
75 9 10 13 8 0.003934
75 10 13 8 9 0.00529235
75 13 8 9 10 0.00051945
75 4 9 6 6 0.00840151
75 6 4 9 6 0.00379894
75 6 6 4 9 0.0102717
75 9 6 6 4 0.00975084
75 4 4 9 13 0.00314346
75 4 9 13 4 0.00818464
75 9 13 4 4 0.00543606
75 13 4 4 9 0.00139964
75 4 8 4 12 0.00101742
75 4 12 4 8 0.00495279
75 8 4 12 4 0.00327725
75 12 4 8 4 0.00390333
75 5 7 8 12 0.00129843
75 7 8 12 5 0.00104764
75 8 12 5 7 0.00276212
75 12 5 7 8 0.00381281
75 5 13 7 7 0.00694477
75 7 5 13 7 0.00390607
75 7 7 5 13 0.000731087
75 13 7 7 5 0.000948158
75 7 9 9 9 0.00163704
75 9 7 9 9 0.000665612
75 9 9 7 9 0.00166073
75 9 9 9 7 0.00206794
75 8 10 8 13 0.00726457
75 8 13 8 10 0.00626278
75 10 8 13 8 0.00128481
75 13 8 10 8 0.0013672
75 4 11 7 12 2.99787e-05
75 7 12 4 11 1.65225e-05
75 11 7 12 4 1.17997e-05
75 12 4 11 7 2.75714e-05
75 4 7 11 13 0.00309765
75 7 11 13 4 0.00547362
75 11 13 4 7 0.00478431
75 13 4 7 11 0.00136057
75 10 12 12 13 0.00296279
75 12 12 13 10 0.00272276
75 12 13 10 12 0.00460914
75 13 10 12 12 0.00219588
75 5 10 7 12 0.00257034
75 7 12 5 10 0.00108387
75 10 7 12 5 0.00113815
75 12 5 10 7 0.0055172
75 5 7 12 11 0.00120983
75 7 12 11 5 0.00263851
75 11 5 7 12 0.00116814
75 12 11 5 7 0.00280046
75 4 10 12 6 0.00571159
75 6 4 10 12 0.00286494
75 10 12 6 4 0.00469655
75 12 6 4 10 0.00300758
75 6 10 9 11 0.00659368
75 9 11 6 10 0.00355986
75 10 9 11 6 0.00290615
75 11 6 10 9 0.00439249
75 8 8 13 11 0.00120926
75 8 13 11 8 0.00791913
75 11 8 8 13 0.00113806
75 13 11 8 8 0.00441736
75 8 13 11 9 0.00695263
75 9 8 13 11 0.000881761
75 11 9 8 13 0.00325225
75 13 11 9 8 0.00294777
75 4 6 11 11 0.00767594
75 6 11 11 4 0.0122822
75 11 4 6 11 0.00178588
75 11 11 4 6 0.0020905
75 4 6 5 12 0.00717583
75 5 12 4 6 0.00662454
75 6 5 12 4 0.0238628
75 12 4 6 5 0.00791733
75 4 9 13 12 0.00298237
75 9 13 12 4 0.00520986
75 12 4 9 13 0.00167738
75 13 12 4 9 0.00171261
75 4 12 5 10 0.00231167
75 5 10 4 12 0.00276031
75 10 4 12 5 0.00186565
75 12 5 10 4 0.00653598
75 4 9 11 9 0.00470887
75 9 4 9 11 0.000950991
75 9 11 9 4 0.0029175
75 11 9 4 9 0.00155256
75 4 6 4 7 0.0114676
75 4 7 4 6 0.00223148
75 6 4 7 4 0.00659797
75 7 4 6 4 0.00449476
75 9 11 13 10 0.00242962
75 10 9 11 13 0.00326349
75 11 13 10 9 0.00449627
75 13 10 9 11 0.00233782
75 4 13 9 6 0.00657289
75 6 4 13 9 0.00436116
75 9 6 4 13 0.00368327
75 13 9 6 4 0.00508697
76 4 9 5 12 1.07722e-48
76 5 12 4 9 0.0170147
76 9 5 12 4 5.76407e-48
76 12 4 9 5 4.35156e-48
76 4 7 6 6 1.13101e-47
76 6 4 7 6 3.83899e-48
76 6 6 4 7 2.49264e-48
76 7 6 6 4 1.25464e-47
76 8 13 11 12 5.47915e-48
76 11 12 8 13 0.0617886
76 12 8 13 11 4.3202e-48
76 13 11 12 8 5.84196e-48
76 5 6 12 6 5.79162e-50
76 6 5 6 12 4.59194e-50
76 6 12 6 5 0.000591863
76 12 6 5 6 2.31908e-50
76 4 7 9 7 6.89094e-48
76 7 4 7 9 3.56549e-48
76 7 9 7 4 5.51561e-48
76 9 7 4 7 2.89134e-48
76 4 6 6 11 6.22034e-48
76 6 6 11 4 7.14664e-48
76 6 11 4 6 3.43339e-48
76 11 4 6 6 6.96321e-48
76 7 10 9 10 1.04997e-47
76 9 10 7 10 3.68241e-48
76 10 7 10 9 5.54645e-48
76 10 9 10 7 4.42865e-48
76 12 12 13 13 0.000447532
76 12 13 13 12 3.6951e-50
76 13 12 12 13 0.000688494
76 13 13 12 12 5.68463e-50
76 4 13 13 12 3.41094e-48
76 12 4 13 13 3.13539e-48
76 13 12 4 13 0.0311644
76 13 13 12 4 7.94634e-48
76 4 12 10 12 0.0147185
76 10 12 4 12 0.0247155
76 12 4 12 10 2.51217e-48
76 12 10 12 4 4.44015e-48
76 7 9 8 10 1.23475e-47
76 8 10 7 9 5.26873e-48
76 9 8 10 7 3.37803e-48
76 10 7 9 8 1.52686e-47
76 6 9 10 13 2.34213e-48
76 9 10 13 6 8.3503e-48
76 10 13 6 9 1.05939e-47
76 13 6 9 10 9.17367e-48
76 4 6 4 12 1.93785e-48
76 4 12 4 6 0.035801
76 6 4 12 4 4.50772e-48
76 12 4 6 4 5.5909e-48
76 4 4 4 13 2.17771e-48
76 4 4 13 4 5.47921e-48
76 4 13 4 4 3.58756e-48
76 13 4 4 4 4.13338e-48
76 5 12 11 12 0.0265062
76 11 12 5 12 0.00900468
76 12 5 12 11 3.37735e-48
76 12 11 12 5 3.28964e-48
76 5 6 10 12 2.00358e-48
76 6 10 12 5 6.12189e-48
76 10 12 5 6 0.0507567
76 12 5 6 10 6.6502e-48
76 7 11 13 12 3.75658e-48
76 11 13 12 7 3.06059e-48
76 12 7 11 13 4.24246e-48
76 13 12 7 11 0.0313447
76 7 8 11 10 9.38659e-48
76 8 11 10 7 3.39224e-48
76 10 7 8 11 1.63812e-47
76 11 10 7 8 3.36308e-48
76 4 9 4 12 1.45417e-48
76 4 12 4 9 0.0187559
76 9 4 12 4 4.02197e-48
76 12 4 9 4 4.70032e-48
76 6 8 11 11 6.973e-48
76 8 11 11 6 1.30453e-47
76 11 6 8 11 8.7002e-48
76 11 11 6 8 6.44953e-48
76 4 10 8 8 8.63988e-48
76 8 4 10 8 2.99929e-48
76 8 8 4 10 3.74669e-48
76 10 8 8 4 1.93363e-47
76 9 9 13 13 3.95312e-48
76 9 13 13 9 4.20984e-48
76 13 9 9 13 7.10732e-48
76 13 13 9 9 7.56887e-48
76 6 11 13 12 2.18041e-48
76 11 13 12 6 4.34556e-48
76 12 6 11 13 3.35786e-48
76 13 12 6 11 0.0550543
76 9 9 12 12 2.44164e-50
76 9 12 12 9 0.000314923
76 12 9 9 12 2.85345e-50
76 12 12 9 9 0.000368038
76 5 10 13 6 8.39074e-48
76 6 5 10 13 3.3299e-48
76 10 13 6 5 1.50515e-47
76 13 6 5 10 3.1584e-48
76 4 10 7 10 4.37301e-48
76 7 10 4 10 5.23176e-48
76 10 4 10 7 4.71017e-48
76 10 7 10 4 9.12546e-48
76 6 8 13 13 5.53252e-48
76 8 13 13 6 1.13087e-47
76 13 6 8 13 1.25171e-47
76 13 13 6 8 1.01381e-47
76 4 12 6 6 0.0727502
76 6 4 12 6 4.45173e-48
76 6 6 4 12 1.55685e-48
76 12 6 6 4 5.96316e-48
76 5 9 13 11 3.32145e-48
76 9 13 11 5 5.77643e-48
76 11 5 9 13 5.38181e-48
76 13 11 5 9 1.9943e-48
76 4 4 7 9 3.11598e-50
76 4 7 9 4 1.1984e-49
76 7 9 4 4 5.76681e-50
76 9 4 4 7 2.5954e-50
76 6 11 8 8 8.44163e-48
76 8 6 11 8 9.65097e-48
76 8 8 6 11 1.08538e-47
76 11 8 8 6 1.42729e-47
76 4 11 4 11 4.86425e-48
76 11 4 11 4 1.13342e-47
76 5 6 6 9 1.02166e-47
76 6 6 9 5 1.36111e-47
76 6 9 5 6 4.72441e-48
76 9 5 6 6 2.07052e-47
76 8 9 11 11 7.49622e-48
76 9 11 11 8 5.84647e-48
76 11 8 9 11 6.59495e-48
76 11 11 8 9 6.80316e-48
76 4 11 13 12 2.58438e-48
76 11 13 12 4 4.19002e-48
76 12 4 11 13 2.99785e-48
76 13 12 4 11 0.0257985
76 5 11 9 9 4.0275e-48
76 9 5 11 9 5.14539e-48
76 9 9 5 11 1.41576e-48
76 11 9 9 5 5.09818e-48
76 5 12 8 9 0.0417714
76 8 9 5 12 1.18163e-48
76 9 5 12 8 3.65168e-48
76 12 8 9 5 4.72909e-48
76 8 9 10 13 3.23052e-48
76 9 10 13 8 5.41134e-48
76 10 13 8 9 1.29296e-47
76 13 8 9 10 9.44259e-48
76 4 9 6 6 7.55891e-48
76 6 4 9 6 6.37882e-48
76 6 6 4 9 2.08638e-48
76 9 6 6 4 7.31137e-48
76 4 4 9 13 4.25258e-48
76 4 9 13 4 5.01275e-48
76 9 13 4 4 2.93951e-48
76 13 4 4 9 2.44449e-48
76 4 8 4 12 2.119e-48
76 4 12 4 8 0.0246468
76 8 4 12 4 6.60512e-48
76 12 4 8 4 7.24889e-48
76 5 7 8 12 6.6593e-48
76 7 8 12 5 9.54275e-48
76 8 12 5 7 0.0250226
76 12 5 7 8 3.52957e-48
76 5 13 7 7 2.51051e-48
76 7 5 13 7 7.2469e-48
76 7 7 5 13 2.88438e-48
76 13 7 7 5 5.71898e-48
76 7 9 9 9 5.82436e-48
76 9 7 9 9 5.0785e-48
76 9 9 7 9 2.04269e-48
76 9 9 9 7 4.05501e-48
76 8 10 8 13 1.43019e-47
76 8 13 8 10 1.33305e-47
76 10 8 13 8 1.20026e-47
76 13 8 10 8 5.39206e-48
76 4 11 7 12 1.98672e-50
76 7 12 4 11 0.000314525
76 11 7 12 4 5.72998e-50
76 12 4 11 7 3.48601e-50
76 4 7 11 13 6.93001e-48
76 7 11 13 4 9.29237e-48
76 11 13 4 7 2.4515e-48
76 13 4 7 11 3.88598e-48
76 10 12 12 13 0.068586
76 12 12 13 10 0.036696
76 12 13 10 12 1.65364e-48
76 13 10 12 12 5.00087e-48
76 5 10 7 12 2.4736e-48
76 7 12 5 10 0.0272804
76 10 7 12 5 1.18469e-47
76 12 5 10 7 2.76415e-48
76 5 7 12 11 4.28423e-48
76 7 12 11 5 0.0843193
76 11 5 7 12 2.27485e-48
76 12 11 5 7 1.33511e-48
76 4 10 12 6 6.34505e-48
76 6 4 10 12 1.29859e-48
76 10 12 6 4 0.11005
76 12 6 4 10 1.90117e-48
76 6 10 9 11 6.92749e-48
76 9 11 6 10 6.27204e-48
76 10 9 11 6 1.51261e-47
76 11 6 10 9 2.61628e-48
76 8 8 13 11 7.68734e-48
76 8 13 11 8 8.52689e-48
76 11 8 8 13 8.26717e-48
76 13 11 8 8 1.14083e-47
76 8 13 11 9 7.37012e-48
76 9 8 13 11 5.31667e-48
76 11 9 8 13 6.44387e-48
76 13 11 9 8 8.40201e-48
76 4 6 11 11 5.43349e-48
76 6 11 11 4 6.171e-48
76 11 4 6 11 4.30665e-48
76 11 11 4 6 3.15587e-48
76 4 6 5 12 2.76596e-48
76 5 12 4 6 0.0625772
76 6 5 12 4 1.24476e-47
76 12 4 6 5 9.97321e-48
76 4 9 13 12 2.25817e-48
76 9 13 12 4 4.08941e-48
76 12 4 9 13 2.90102e-48
76 13 12 4 9 0.0219718
76 4 12 5 10 0.019179
76 5 10 4 12 2.08053e-48
76 10 4 12 5 8.55479e-48
76 12 5 10 4 3.8671e-48
76 4 9 11 9 4.02315e-48
76 9 4 9 11 4.09403e-48
76 9 11 9 4 6.17302e-48
76 11 9 4 9 1.67372e-48
76 4 6 4 7 2.88627e-48
76 4 7 4 6 5.17765e-48
76 6 4 7 4 3.61617e-48
76 7 4 6 4 1.09428e-47
76 9 11 13 10 4.60186e-48
76 10 9 11 13 9.07612e-48
76 11 13 10 9 2.39461e-48
76 13 10 9 11 9.69843e-48
76 4 13 9 6 6.83319e-48
76 6 4 13 9 2.57114e-48
76 9 6 4 13 1.87961e-48
76 13 9 6 4 7.5893e-48
77 9 9 12 12 1
78 4 9 5 12 2.67328e-48
78 5 12 4 9 0.0242616
78 9 5 12 4 2.09054e-48
78 12 4 9 5 1.00864e-48
78 4 7 6 6 4.7549e-48
78 6 4 7 6 2.84005e-48
78 6 6 4 7 1.04621e-48
78 7 6 6 4 1.6864e-48
78 8 13 11 12 4.24688e-48
78 11 12 8 13 5.66177e-48
78 12 8 13 11 4.16466e-48
78 13 11 12 8 5.2371e-48
78 5 6 12 6 1.41707e-50
78 6 5 6 12 8.4462e-50
78 6 12 6 5 1.51372e-49
78 12 6 5 6 3.83081e-51
78 4 7 9 7 3.55334e-48
78 7 4 7 9 0.0126442
78 7 9 7 4 8.03505e-48
78 9 7 4 7 1.03755e-48
78 4 6 6 11 3.08063e-48
78 6 6 11 4 1.60039e-48
78 6 11 4 6 2.99589e-48
78 11 4 6 6 2.55906e-48
78 7 10 9 10 1.49364e-48
78 9 10 7 10 3.04939e-48
78 10 7 10 9 0.0278848
78 10 9 10 7 1.38107e-47
78 12 12 13 13 4.39051e-50
78 12 13 13 12 2.34056e-50
78 13 12 12 13 6.54414e-50
78 13 13 12 12 3.48865e-50
78 4 13 13 12 2.99322e-48
78 12 4 13 13 6.90047e-49
78 13 12 4 13 2.92982e-48
78 13 13 12 4 2.44187e-48
78 4 12 10 12 4.30039e-48
78 10 12 4 12 2.78409e-48
78 12 4 12 10 5.30783e-49
78 12 10 12 4 5.03254e-49
78 7 9 8 10 6.30777e-48
78 8 10 7 9 0.0417964
78 9 8 10 7 9.0591e-48
78 10 7 9 8 5.38515e-48
78 6 9 10 13 9.82182e-48
78 9 10 13 6 1.39468e-48
78 10 13 6 9 0.0911018
78 13 6 9 10 2.8459e-48
78 4 6 4 12 6.86307e-49
78 4 12 4 6 2.8232e-48
78 6 4 12 4 9.11994e-49
78 12 4 6 4 1.22437e-48
78 4 4 4 13 5.8765e-49
78 4 4 13 4 1.01409e-48
78 4 13 4 4 1.39516e-48
78 13 4 4 4 5.29156e-49
78 5 12 11 12 5.04834e-48
78 11 12 5 12 1.7598e-48
78 12 5 12 11 1.51272e-48
78 12 11 12 5 2.45785e-48
78 5 6 10 12 1.79649e-48
78 6 10 12 5 1.81787e-48
78 10 12 5 6 3.6945e-48
78 12 5 6 10 6.39634e-48
78 7 11 13 12 2.29418e-48
78 11 13 12 7 2.61497e-48
78 12 7 11 13 1.09596e-48
78 13 12 7 11 9.23238e-48
78 7 8 11 10 5.50119e-48
78 8 11 10 7 8.40837e-48
78 10 7 8 11 2.72349e-48
78 11 10 7 8 3.44004e-48
78 4 9 4 12 3.02016e-48
78 4 12 4 9 0.0211658
78 9 4 12 4 5.87016e-49
78 12 4 9 4 7.03798e-49
78 6 8 11 11 1.04076e-47
78 8 11 11 6 9.29916e-48
78 11 6 8 11 1.77213e-48
78 11 11 6 8 1.52006e-47
78 4 10 8 8 1.56329e-48
78 8 4 10 8 1.63034e-48
78 8 8 4 10 5.01196e-48
78 10 8 8 4 7.9524e-48
78 9 9 13 13 6.74395e-48
78 9 13 13 9 0.0251955
78 13 9 9 13 1.20517e-47
78 13 13 9 9 0.0450255
78 6 11 13 12 3.97519e-48
78 11 13 12 6 2.06972e-48
78 12 6 11 13 7.31929e-49
78 13 12 6 11 8.77408e-48
78 9 9 12 12 4.51842e-50
78 9 12 12 9 0.000316659
78 12 9 9 12 5.41732e-50
78 12 12 9 9 0.000379655
78 5 10 13 6 2.00933e-48
78 6 5 10 13 5.46557e-48
78 10 13 6 5 1.29643e-47
78 13 6 5 10 9.2448e-49
78 4 10 7 10 4.10903e-48
78 7 10 4 10 5.87687e-49
78 10 4 10 7 2.31359e-48
78 10 7 10 4 2.96849e-48
78 6 8 13 13 9.86205e-48
78 8 13 13 6 5.18145e-48
78 13 6 8 13 1.94104e-48
78 13 13 6 8 9.79016e-48
78 4 12 6 6 1.06258e-47
78 6 4 12 6 9.72718e-49
78 6 6 4 12 6.7358e-49
78 12 6 6 4 1.41379e-48
78 5 9 13 11 7.43577e-48
78 9 13 11 5 3.16781e-48
78 11 5 9 13 5.12607e-48
78 13 11 5 9 0.0190363
78 4 4 7 9 0.000270026
78 4 7 9 4 3.18964e-50
78 7 9 4 4 2.4542e-50
78 9 4 4 7 7.25878e-51
78 6 11 8 8 7.946e-48
78 8 6 11 8 2.93001e-48
78 8 8 6 11 2.29415e-47
78 11 8 8 6 9.20488e-48
78 4 11 4 11 4.85061e-48
78 11 4 11 4 2.15247e-48
78 5 6 6 9 0.0655324
78 6 6 9 5 5.78071e-48
78 6 9 5 6 7.7456e-48
78 9 5 6 6 1.48574e-47
78 8 9 11 11 1.1731e-47
78 9 11 11 8 6.04224e-48
78 11 8 9 11 1.10723e-47
78 11 11 8 9 0.0529711
78 4 11 13 12 3.85682e-48
78 11 13 12 4 1.84782e-48
78 12 4 11 13 6.03585e-49
78 13 12 4 11 2.21985e-48
78 5 11 9 9 0.0658738
78 9 5 11 9 0.0294869
78 9 9 5 11 2.33774e-48
78 11 9 9 5 1.16579e-47
78 5 12 8 9 0.0404527
78 8 9 5 12 2.83121e-48
78 9 5 12 8 2.27191e-48
78 12 8 9 5 5.2458e-48
78 8 9 10 13 1.07068e-47
78 9 10 13 8 1.43557e-48
78 10 13 8 9 0.0407705
78 13 8 9 10 1.29488e-47
78 4 9 6 6 1.57245e-47
78 6 4 9 6 1.74582e-48
78 6 6 4 9 0.00698569
78 9 6 6 4 2.11641e-48
78 4 4 9 13 1.45326e-48
78 4 9 13 4 5.89018e-48
78 9 13 4 4 1.00745e-48
78 13 4 4 9 0.00483659
78 4 8 4 12 3.31735e-48
78 4 12 4 8 3.08711e-48
78 8 4 12 4 1.05614e-48
78 12 4 8 4 5.82095e-49
78 5 7 8 12 2.39867e-48
78 7 8 12 5 4.79113e-48
78 8 12 5 7 4.08367e-48
78 12 5 7 8 6.08946e-48
78 5 13 7 7 8.18136e-48
78 7 5 13 7 2.64246e-48
78 7 7 5 13 4.88322e-49
78 13 7 7 5 4.97783e-48
78 7 9 9 9 0.0485138
78 9 7 9 9 0.0184107
78 9 9 7 9 0.0990446
78 9 9 9 7 9.11835e-48
78 8 10 8 13 2.39943e-48
78 8 13 8 10 6.0082e-48
78 10 8 13 8 1.40875e-47
78 13 8 10 8 1.13544e-47
78 4 11 7 12 8.9824e-50
78 7 12 4 11 1.41705e-50
78 11 7 12 4 1.36565e-50
78 12 4 11 7 8.2542e-51
78 4 7 11 13 2.48018e-48
78 7 11 13 4 2.84158e-48
78 11 13 4 7 2.07168e-48
78 13 4 7 11 2.56771e-48
78 10 12 12 13 6.44346e-48
78 12 12 13 10 3.86241e-48
78 12 13 10 12 1.85745e-48
78 13 10 12 12 1.22564e-48
78 5 10 7 12 3.31848e-48
78 7 12 5 10 1.7215e-48
78 10 7 12 5 3.01027e-48
78 12 5 10 7 3.1526e-48
78 5 7 12 11 1.73443e-48
78 7 12 11 5 4.03147e-48
78 11 5 7 12 7.1e-48
78 12 11 5 7 1.47544e-48
78 4 10 12 6 1.07601e-48
78 6 4 10 12 1.03982e-48
78 10 12 6 4 1.14971e-47
78 12 6 4 10 4.30126e-49
78 6 10 9 11 2.50973e-48
78 9 11 6 10 1.19673e-47
78 10 9 11 6 1.35654e-47
78 11 6 10 9 0.0161147
78 8 8 13 11 9.91227e-48
78 8 13 11 8 5.67696e-48
78 11 8 8 13 8.13276e-48
78 13 11 8 8 6.87001e-48
78 8 13 11 9 0.0442082
78 9 8 13 11 6.25759e-48
78 11 9 8 13 8.40972e-48
78 13 11 9 8 9.43445e-48
78 4 6 11 11 1.50177e-48
78 6 11 11 4 5.15365e-48
78 11 4 6 11 2.2097e-48
78 11 11 4 6 2.52827e-48
78 4 6 5 12 1.1705e-48
78 5 12 4 6 6.23537e-48
78 6 5 12 4 6.25802e-48
78 12 4 6 5 3.38095e-48
78 4 9 13 12 5.29918e-48
78 9 13 12 4 1.41703e-48
78 12 4 9 13 7.15599e-49
78 13 12 4 9 0.0193785
78 4 12 5 10 2.95749e-48
78 5 10 4 12 8.15383e-49
78 10 4 12 5 1.69419e-48
78 12 5 10 4 2.27654e-48
78 4 9 11 9 0.0668393
78 9 4 9 11 1.12852e-48
78 9 11 9 4 4.55643e-48
78 11 9 4 9 0.0301729
78 4 6 4 7 9.91639e-49
78 4 7 4 6 1.17524e-48
78 6 4 7 4 2.47705e-48
78 7 4 6 4 1.3586e-48
78 9 11 13 10 5.35645e-48
78 10 9 11 13 1.2416e-47
78 11 13 10 9 0.0323445
78 13 10 9 11 2.24785e-48
78 4 13 9 6 3.63449e-48
78 6 4 13 9 0.00898466
78 9 6 4 13 4.83936e-49
78 13 9 6 4 1.1425e-47
79 3 0 3 9 0.106945
79 1 0 1 11 0.0178957
79 2 0 3 8 6.67868e-45
79 2 0 3 10 0.0417951
79 2 0 1 12 0.0116594
79 1 0 1 9 0.0416971
79 3 0 3 8 1.91689e-44
79 1 0 1 7 0.0233648
79 2 0 1 4 0.0134996
79 1 0 3 12 0.021872
79 2 0 1 11 0.0400235
79 2 0 2 7 0.0229287
79 3 0 3 5 0.0294889
79 3 0 2 9 0.0348337
79 1 0 2 11 0.0215477
79 3 0 3 13 0.11633
79 2 0 1 9 0.0228594
79 2 0 2 4 0.0132397
79 3 0 3 6 0.0886314
79 3 0 2 13 0.0769854
79 1 0 2 12 0.0403788
79 1 0 3 9 0.0382338
79 3 0 2 11 0.0352119
79 3 0 3 12 0.0320573
79 1 0 3 13 0.0853164
79 2 0 2 11 0.0232039
80 3 9 3 0 2.2637e-47
80 1 11 1 0 0.0307431
80 3 8 2 0 0.0943069
80 3 10 2 0 0.0520116
80 1 12 2 0 0.0197444
80 1 9 1 0 0.092459
80 3 8 3 0 3.20221e-47
80 1 7 1 0 0.039783
80 1 4 2 0 0.0849715
80 3 12 1 0 0.0201043
80 1 11 2 0 0.0838309
80 2 7 2 0 0.0586492
80 3 5 3 0 2.1135e-47
80 2 9 3 0 1.37274e-47
80 2 11 1 0 0.0456095
80 3 13 3 0 5.54903e-48
80 1 9 2 0 0.0618014
80 2 4 2 0 0.10268
80 3 6 3 0 6.74268e-48
80 2 13 3 0 6.837e-48
80 2 12 1 0 0.0691015
80 3 9 1 0 0.0561065
80 2 11 3 0 1.07506e-47
80 3 12 3 0 4.25027e-48
80 3 13 1 0 0.0282141
80 2 11 2 0 0.0598833
81 4 9 5 12 4.67255e-05
81 5 12 4 9 4.00895e-47
81 9 5 12 4 0.0119646
81 12 4 9 5 2.3989e-46
81 4 7 6 6 2.55545e-47
81 6 4 7 6 6.78169e-47
81 6 6 4 7 1.36956e-05
81 7 6 6 4 3.12498e-05
81 8 13 11 12 0.00226201
81 11 12 8 13 0.000201331
81 12 8 13 11 0.00322019
81 13 11 12 8 0.00526102
81 5 6 12 6 7.21967e-94
81 6 5 6 12 0.000180661
81 6 12 6 5 1.30952e-49
81 12 6 5 6 2.53826e-51
81 4 7 9 7 0.0104878
81 7 4 7 9 0.0178455
81 7 9 7 4 2.47348e-05
81 9 7 4 7 0.00121517
81 4 6 6 11 3.13304e-05
81 6 6 11 4 4.18339e-05
81 6 11 4 6 2.22251e-47
81 11 4 6 6 1.73668e-47
81 7 10 9 10 0.022912
81 9 10 7 10 0.00161223
81 10 7 10 9 0.00591304
81 10 9 10 7 2.54188e-05
81 12 12 13 13 2.22464e-06
81 12 13 13 12 0.000168409
81 13 12 12 13 4.59507e-06
81 13 13 12 12 0.000347855
81 4 13 13 12 0.0205151
81 12 4 13 13 0.00177771
81 13 12 4 13 6.47959e-05
81 13 13 12 4 0.0100398
81 4 12 10 12 0.000493312
81 10 12 4 12 0.000772691
81 12 4 12 10 0.00352902
81 12 10 12 4 0.00381257
81 7 9 8 10 9.64255e-05
81 8 10 7 9 0.000485963
81 9 8 10 7 0.000935534
81 10 7 9 8 0.0162475
81 6 9 10 13 3.90585e-06
81 9 10 13 6 7.66448e-47
81 10 13 6 9 0.0153581
81 13 6 9 10 3.21942e-05
81 4 6 4 12 1.56482e-05
81 4 12 4 6 2.57015e-48
81 6 4 12 4 0.012124
81 12 4 6 4 0.00178599
81 4 4 4 13 0.000737152
81 4 4 13 4 0.00703188
81 4 13 4 4 0.00201554
81 13 4 4 4 0.00168132
81 5 12 11 12 2.62567e-46
81 11 12 5 12 0.000572077
81 12 5 12 11 0.0264995
81 12 11 12 5 1.05573e-46
81 5 6 10 12 3.63259e-48
81 6 10 12 5 4.15271e-46
81 10 12 5 6 2.83836e-47
81 12 5 6 10 0.0028215
81 7 11 13 12 0.0263176
81 11 13 12 7 0.00528749
81 12 7 11 13 0.00100614
81 13 12 7 11 0.000695292
81 7 8 11 10 0.00499853
81 8 11 10 7 0.000208885
81 10 7 8 11 0.0499129
81 11 10 7 8 0.000937387
81 4 9 4 12 1.02684e-05
81 4 12 4 9 0.000267579
81 9 4 12 4 0.00625231
81 12 4 9 4 0.00624646
81 6 8 11 11 0.0108944
81 8 11 11 6 8.87815e-48
81 11 6 8 11 6.62648e-05
81 11 11 6 8 0.000786662
81 4 10 8 8 0.01005
81 8 4 10 8 0.000185889
81 8 8 4 10 2.48577e-05
81 10 8 8 4 0.00686368
81 9 9 13 13 6.1952e-06
81 9 13 13 9 0.0122211
81 13 9 9 13 1.27844e-05
81 13 13 9 9 0.0252194
81 6 11 13 12 0.010714
81 11 13 12 6 4.63654e-47
81 12 6 11 13 6.01727e-06
81 13 12 6 11 0.00059313
81 9 9 12 12 4.61625e-07
81 9 12 12 9 1.20292e-05
81 12 9 9 12 4.61193e-07
81 12 12 9 9 1.20179e-05
81 5 10 13 6 1.52495e-89
81 6 5 10 13 0.0029528
81 10 13 6 5 3.22966e-46
81 13 6 5 10 2.25412e-05
81 4 10 7 10 0.0022954
81 7 10 4 10 0.00377963
81 10 4 10 7 0.0107659
81 10 7 10 4 0.00347126
81 6 8 13 13 0.00110045
81 8 13 13 6 1.23517e-47
81 13 6 8 13 2.23093e-05
81 13 13 6 8 0.0036478
81 4 12 6 6 3.79205e-48
81 6 4 12 6 1.68863e-46
81 6 6 4 12 1.81424e-05
81 12 6 6 4 5.47015e-06
81 5 9 13 11 7.35552e-48
81 9 13 11 5 2.73177e-46
81 11 5 9 13 0.00308232
81 13 11 5 9 0.00765031
81 4 4 7 9 7.57982e-05
81 4 7 9 4 7.98722e-05
81 7 9 4 4 1.72994e-07
81 9 4 4 7 2.87021e-05
81 6 11 8 8 0.0127677
81 8 6 11 8 3.0738e-06
81 8 8 6 11 0.000218706
81 11 8 8 6 2.36375e-47
81 4 11 4 11 0.00643704
81 11 4 11 4 0.00671624
81 5 6 6 9 5.72459e-48
81 6 6 9 5 4.10346e-48
81 6 9 5 6 8.6115e-49
81 9 5 6 6 1.37099e-46
81 8 9 11 11 6.89946e-06
81 9 11 11 8 0.00475084
81 11 8 9 11 0.00371879
81 11 11 8 9 0.00665812
81 4 11 13 12 0.00879964
81 11 13 12 4 0.00316994
81 12 4 11 13 0.00187078
81 13 12 4 11 0.000382805
81 5 11 9 9 1.79092e-45
81 9 5 11 9 0.0226862
81 9 9 5 11 4.40037e-05
81 11 9 9 5 3.90706e-49
81 5 12 8 9 2.57586e-46
81 8 9 5 12 3.19644e-06
81 9 5 12 8 0.0095435
81 12 8 9 5 4.80241e-47
81 8 9 10 13 2.32814e-07
81 9 10 13 8 0.0044342
81 10 13 8 9 0.0675657
81 13 8 9 10 0.00212576
81 4 9 6 6 1.1285e-49
81 6 4 9 6 2.27681e-46
81 6 6 4 9 1.40692e-05
81 9 6 6 4 7.38242e-06
81 4 4 9 13 0.00434805
81 4 9 13 4 1.61547e-05
81 9 13 4 4 0.00137747
81 13 4 4 9 0.00278675
81 4 8 4 12 0.00109765
81 4 12 4 8 0.000157963
81 8 4 12 4 0.00076772
81 12 4 8 4 0.008347
81 5 7 8 12 3.07615e-45
81 7 8 12 5 2.79626e-46
81 8 12 5 7 0.000111427
81 12 5 7 8 0.0039028
81 5 13 7 7 7.95201e-46
81 7 5 13 7 0.0583483
81 7 7 5 13 0.00468967
81 13 7 7 5 5.48243e-47
81 7 9 9 9 0.000147908
81 9 7 9 9 0.00791244
81 9 9 7 9 1.04077e-05
81 9 9 9 7 3.40137e-05
81 8 10 8 13 0.000480421
81 8 13 8 10 0.00121588
81 10 8 13 8 0.0045304
81 13 8 10 8 0.000691564
81 4 11 7 12 4.57503e-05
81 7 12 4 11 1.37063e-05
81 11 7 12 4 1.70257e-05
81 12 4 11 7 8.52069e-05
81 4 7 11 13 0.00216887
81 7 11 13 4 0.0134414
81 11 13 4 7 0.00131939
81 13 4 7 11 0.00983186
81 10 12 12 13 0.000828538
81 12 12 13 10 0.000311214
81 12 13 10 12 0.00463535
81 13 10 12 12 0.0192277
81 5 10 7 12 1.04414e-45
81 7 12 5 10 0.00174576
81 10 7 12 5 4.41394e-46
81 12 5 10 7 0.00504119
81 5 7 12 11 2.08521e-45
81 7 12 11 5 8.91243e-47
81 11 5 7 12 0.00535671
81 12 11 5 7 0.00451363
81 4 10 12 6 1.01398e-46
81 6 4 10 12 0.00716422
81 10 12 6 4 0.000515782
81 12 6 4 10 2.38917e-06
81 6 10 9 11 0.0443519
81 9 11 6 10 0.00120166
81 10 9 11 6 9.59523e-49
81 11 6 10 9 6.97215e-06
81 8 8 13 11 0.000471576
81 8 13 11 8 0.000915123
81 11 8 8 13 0.000565985
81 13 11 8 8 0.0083766
81 8 13 11 9 0.00176069
81 9 8 13 11 0.00436209
81 11 9 8 13 6.01381e-06
81 13 11 9 8 0.00711994
81 4 6 11 11 9.17001e-05
81 6 11 11 4 0.00689089
81 11 4 6 11 0.00316889
81 11 11 4 6 5.93845e-48
81 4 6 5 12 0.000137199
81 5 12 4 6 7.41949e-91
81 6 5 12 4 0.0447035
81 12 4 6 5 1.32158e-46
81 4 9 13 12 3.52465e-05
81 9 13 12 4 0.00615138
81 12 4 9 13 0.00224766
81 13 12 4 9 0.000219605
81 4 12 5 10 0.000596508
81 5 10 4 12 5.87463e-46
81 10 4 12 5 8.38695e-46
81 12 5 10 4 0.0030885
81 4 9 11 9 3.9994e-05
81 9 4 9 11 0.0249175
81 9 11 9 4 0.00494651
81 11 9 4 9 2.86904e-06
81 4 6 4 7 1.09889e-05
81 4 7 4 6 1.61123e-47
81 6 4 7 4 0.00452956
81 7 4 6 4 0.00949143
81 9 11 13 10 0.00268412
81 10 9 11 13 2.38007e-05
81 11 13 10 9 0.00215031
81 13 10 9 11 0.0301437
81 4 13 9 6 1.63536e-46
81 6 4 13 9 0.0133459
81 9 6 4 13 1.52394e-06
81 13 9 6 4 5.62849e-06
82 4 9 5 12 1.99949e-48
82 5 12 4 9 1.03138e-48
82 9 5 12 4 5.03957e-48
82 12 4 9 5 0.0592453
82 4 7 6 6 1.49769e-48
82 6 4 7 6 1.91073e-48
82 6 6 4 7 2.46236e-48
82 7 6 6 4 2.10299e-48
82 8 13 11 12 3.5842e-48
82 11 12 8 13 6.27046e-48
82 12 8 13 11 0.0606897
82 13 11 12 8 5.99058e-48
82 5 6 12 6 6.97642e-50
82 6 5 6 12 1.60188e-50
82 6 12 6 5 1.34807e-50
82 12 6 5 6 0.000574098
82 4 7 9 7 9.78859e-48
82 7 4 7 9 2.212e-48
82 7 9 7 4 1.75686e-48
82 9 7 4 7 1.43237e-48
82 4 6 6 11 2.42458e-48
82 6 6 11 4 4.52277e-48
82 6 11 4 6 1.12248e-48
82 11 4 6 6 1.89496e-48
82 7 10 9 10 1.3161e-47
82 9 10 7 10 2.03631e-48
82 10 7 10 9 1.46344e-48
82 10 9 10 7 3.0627e-48
82 12 12 13 13 0.00030141
82 12 13 13 12 0.00025168
82 13 12 12 13 4.83795e-50
82 13 13 12 12 4.03973e-50
82 4 13 13 12 1.76326e-48
82 12 4 13 13 0.0284755
82 13 12 4 13 8.89794e-49
82 13 13 12 4 4.90131e-48
82 4 12 10 12 3.25345e-49
82 10 12 4 12 3.81966e-49
82 12 4 12 10 0.0475979
82 12 10 12 4 0.0233854
82 7 9 8 10 1.9558e-47
82 8 10 7 9 2.28929e-48
82 9 8 10 7 3.88238e-48
82 10 7 9 8 1.34933e-47
82 6 9 10 13 1.70221e-48
82 9 10 13 6 3.03528e-48
82 10 13 6 9 3.68495e-48
82 13 6 9 10 1.51592e-47
82 4 6 4 12 5.36244e-49
82 4 12 4 6 8.0817e-49
82 6 4 12 4 3.47577e-48
82 12 4 6 4 0.0124613
82 4 4 4 13 9.66013e-49
82 4 4 13 4 2.00923e-48
82 4 13 4 4 1.03591e-48
82 13 4 4 4 8.46629e-49
82 5 12 11 12 1.67572e-48
82 11 12 5 12 1.37322e-48
82 12 5 12 11 0.0788886
82 12 11 12 5 0.0278516
82 5 6 10 12 9.60247e-49
82 6 10 12 5 4.4431e-48
82 10 12 5 6 5.32594e-48
82 12 5 6 10 0.0494775
82 7 11 13 12 1.25e-48
82 11 13 12 7 8.40369e-48
82 12 7 11 13 0.0298655
82 13 12 7 11 1.32752e-48
82 7 8 11 10 1.36096e-47
82 8 11 10 7 2.17913e-48
82 10 7 8 11 1.00702e-47
82 11 10 7 8 2.1097e-48
82 4 9 4 12 4.45078e-49
82 4 12 4 9 7.19663e-49
82 9 4 12 4 2.60823e-48
82 12 4 9 4 0.046792
82 6 8 11 11 1.26066e-47
82 8 11 11 6 6.31676e-48
82 11 6 8 11 1.45948e-47
82 11 11 6 8 2.7679e-48
82 4 10 8 8 8.72834e-48
82 8 4 10 8 1.93312e-48
82 8 8 4 10 2.78531e-48
82 10 8 8 4 1.11106e-47
82 9 9 13 13 3.42487e-48
82 9 13 13 9 4.62412e-48
82 13 9 9 13 9.8622e-48
82 13 13 9 9 1.33155e-47
82 6 11 13 12 9.89363e-49
82 11 13 12 6 4.96803e-48
82 12 6 11 13 0.0396429
82 13 12 6 11 1.35712e-48
82 9 9 12 12 2.0536e-50
82 9 12 12 9 3.32054e-50
82 12 9 9 12 0.000368418
82 12 12 9 9 0.000595709
82 5 10 13 6 4.31538e-48
82 6 5 10 13 2.89847e-48
82 10 13 6 5 3.26569e-48
82 13 6 5 10 9.88609e-48
82 4 10 7 10 2.16576e-48
82 7 10 4 10 2.04827e-48
82 10 4 10 7 2.89366e-48
82 10 7 10 4 1.09817e-48
82 6 8 13 13 6.50181e-48
82 8 13 13 6 6.48436e-48
82 13 6 8 13 1.21325e-47
82 13 13 6 8 4.57973e-48
82 4 12 6 6 1.1772e-48
82 6 4 12 6 4.42775e-48
82 6 6 4 12 5.71949e-49
82 12 6 6 4 0.013527
82 5 9 13 11 4.90391e-48
82 9 13 11 5 5.05505e-48
82 11 5 9 13 1.28518e-47
82 13 11 5 9 4.39387e-48
82 4 4 7 9 1.98559e-50
82 4 7 9 4 5.49486e-50
82 7 9 4 4 1.49149e-50
82 9 4 4 7 2.1187e-50
82 6 11 8 8 1.33079e-47
82 8 6 11 8 1.1461e-47
82 8 8 6 11 5.28884e-48
82 11 8 8 6 1.72133e-47
82 4 11 4 11 2.10242e-48
82 11 4 11 4 6.62076e-48
82 5 6 6 9 6.09255e-48
82 6 6 9 5 1.90035e-47
82 6 9 5 6 1.30343e-47
82 9 5 6 6 6.80113e-48
82 8 9 11 11 8.8652e-48
82 9 11 11 8 6.21956e-48
82 11 8 9 11 1.80685e-47
82 11 11 8 9 8.78483e-48
82 4 11 13 12 8.8329e-49
82 11 13 12 4 3.7136e-48
82 12 4 11 13 0.0347753
82 13 12 4 11 8.87185e-49
82 5 11 9 9 8.52666e-48
82 9 5 11 9 7.9541e-48
82 9 9 5 11 5.7658e-48
82 11 9 9 5 7.39592e-48
82 5 12 8 9 6.26328e-48
82 8 9 5 12 2.17296e-48
82 9 5 12 8 8.0282e-48
82 12 8 9 5 0.0826853
82 8 9 10 13 1.75211e-48
82 9 10 13 8 3.83445e-48
82 10 13 8 9 1.55195e-47
82 13 8 9 10 1.9689e-47
82 4 9 6 6 1.85671e-48
82 6 4 9 6 8.25342e-48
82 6 6 4 9 1.45862e-48
82 9 6 6 4 1.40549e-48
82 4 4 9 13 6.03956e-48
82 4 9 13 4 2.06923e-48
82 9 13 4 4 9.47716e-49
82 13 4 4 9 1.09779e-48
82 4 8 4 12 7.39898e-49
82 4 12 4 8 1.0846e-48
82 8 4 12 4 3.80068e-48
82 12 4 8 4 0.0557535
82 5 7 8 12 4.29389e-48
82 7 8 12 5 9.47708e-48
82 8 12 5 7 8.15111e-48
82 12 5 7 8 0.0458218
82 5 13 7 7 4.36951e-48
82 7 5 13 7 1.08063e-47
82 7 7 5 13 4.58448e-48
82 13 7 7 5 1.19735e-48
82 7 9 9 9 1.05742e-47
82 9 7 9 9 5.70055e-48
82 9 9 7 9 1.63607e-48
82 9 9 9 7 1.19302e-47
82 8 10 8 13 1.07005e-47
82 8 13 8 10 2.33552e-47
82 10 8 13 8 1.08941e-47
82 13 8 10 8 3.90998e-48
82 4 11 7 12 5.38178e-51
82 7 12 4 11 1.21325e-50
82 11 7 12 4 2.51882e-50
82 12 4 11 7 0.000666478
82 4 7 11 13 3.70259e-48
82 7 11 13 4 2.68373e-48
82 11 13 4 7 2.73506e-48
82 13 4 7 11 2.21934e-48
82 10 12 12 13 4.25603e-48
82 12 12 13 10 0.0325535
82 12 13 10 12 0.0079465
82 13 10 12 12 1.99899e-48
82 5 10 7 12 9.00606e-49
82 7 12 5 10 6.97903e-48
82 10 7 12 5 4.37709e-48
82 12 5 10 7 0.0393557
82 5 7 12 11 5.40096e-48
82 7 12 11 5 3.89947e-48
82 11 5 7 12 1.28084e-48
82 12 11 5 7 0.0630959
82 4 10 12 6 3.27161e-48
82 6 4 10 12 5.1389e-49
82 10 12 6 4 1.05816e-48
82 12 6 4 10 0.0148961
82 6 10 9 11 1.08275e-47
82 9 11 6 10 2.37279e-48
82 10 9 11 6 7.88498e-48
82 11 6 10 9 1.88374e-48
82 8 8 13 11 8.12014e-48
82 8 13 11 8 1.21738e-47
82 11 8 8 13 1.4529e-47
82 13 11 8 8 1.17579e-47
82 8 13 11 9 9.1747e-48
82 9 8 13 11 6.32927e-48
82 11 9 8 13 9.9267e-48
82 13 11 9 8 1.12081e-47
82 4 6 11 11 5.86394e-48
82 6 11 11 4 3.10418e-48
82 11 4 6 11 2.05706e-48
82 11 11 4 6 9.69241e-49
82 4 6 5 12 4.64175e-48
82 5 12 4 6 2.23167e-48
82 6 5 12 4 1.294e-47
82 12 4 6 5 0.0304006
82 4 9 13 12 1.07397e-48
82 9 13 12 4 3.24485e-48
82 12 4 9 13 0.0542854
82 13 12 4 9 7.31731e-49
82 4 12 5 10 5.03966e-48
82 5 10 4 12 6.15063e-49
82 10 4 12 5 5.20835e-48
82 12 5 10 4 0.0177724
82 4 9 11 9 4.65073e-48
82 9 4 9 11 7.81944e-48
82 9 11 9 4 4.21285e-48
82 11 9 4 9 1.21582e-48
82 4 6 4 7 2.14764e-48
82 4 7 4 6 9.56487e-49
82 6 4 7 4 1.39531e-48
82 7 4 6 4 1.8022e-48
82 9 11 13 10 3.77392e-48
82 10 9 11 13 6.8945e-48
82 11 13 10 9 2.07279e-48
82 13 10 9 11 9.91012e-48
82 4 13 9 6 8.14844e-48
82 6 4 13 9 2.74441e-48
82 9 6 4 13 9.47497e-49
82 13 9 6 4 1.25435e-48
83 4 9 5 12 0.00187346
83 5 12 4 9 4.03151e-06
83 9 5 12 4 0.0142098
83 12 4 9 5 0.0096241
83 4 7 6 6 0.00108568
83 6 4 7 6 7.43182e-46
83 6 6 4 7 3.08358e-46
83 7 6 6 4 0.00332749
83 8 13 11 12 7.94077e-46
83 11 12 8 13 1.36161e-06
83 12 8 13 11 0.00187683
83 13 11 12 8 0.00547897
83 5 6 12 6 7.65798e-05
83 6 5 6 12 1.72824e-48
83 6 12 6 5 3.19675e-48
83 12 6 5 6 1.18157e-05
83 4 7 9 7 0.00615952
83 7 4 7 9 8.65206e-06
83 7 9 7 4 0.00532949
83 9 7 4 7 0.000402174
83 4 6 6 11 0.00307615
83 6 6 11 4 6.71132e-45
83 6 11 4 6 3.19608e-46
83 11 4 6 6 7.47312e-06
83 7 10 9 10 0.00242024
83 9 10 7 10 0.000778707
83 10 7 10 9 1.54898e-05
83 10 9 10 7 0.00397338
83 12 12 13 13 6.14189e-07
83 12 13 13 12 8.22076e-06
83 13 12 12 13 1.91032e-06
83 13 13 12 12 2.55692e-05
83 4 13 13 12 0.0026781
83 12 4 13 13 0.000120561
83 13 12 4 13 4.35166e-05
83 13 13 12 4 0.0146798
83 4 12 10 12 0.000449588
83 10 12 4 12 0.00190465
83 12 4 12 10 0.00113126
83 12 10 12 4 0.00656473
83 7 9 8 10 0.00157381
83 8 10 7 9 2.41761e-48
83 9 8 10 7 0.00077242
83 10 7 9 8 0.0492751
83 6 9 10 13 1.86765e-47
83 9 10 13 6 0.00136626
83 10 13 6 9 2.86005e-05
83 13 6 9 10 0.00304218
83 4 6 4 12 0.00164409
83 4 12 4 6 0.00123962
83 6 4 12 4 6.09553e-45
83 12 4 6 4 0.00242425
83 4 4 4 13 0.000320255
83 4 4 13 4 0.0249438
83 4 13 4 4 0.0125374
83 13 4 4 4 0.005425
83 5 12 11 12 0.00215619
83 11 12 5 12 3.61322e-06
83 12 5 12 11 0.00314352
83 12 11 12 5 0.00455723
83 5 6 10 12 0.00117617
83 6 10 12 5 3.15888e-45
83 10 12 5 6 0.00828978
83 12 5 6 10 0.000342325
83 7 11 13 12 0.000710752
83 11 13 12 7 1.95093e-05
83 12 7 11 13 0.000110184
83 13 12 7 11 0.000971905
83 7 8 11 10 0.00264909
83 8 11 10 7 1.86107e-46
83 10 7 8 11 0.0249596
83 11 10 7 8 2.35552e-05
83 4 9 4 12 0.000963748
83 4 12 4 9 4.57611e-06
83 9 4 12 4 0.0135395
83 12 4 9 4 0.0145
83 6 8 11 11 3.12235e-45
83 8 11 11 6 1.49949e-45
83 11 6 8 11 5.82373e-05
83 11 11 6 8 1.26585e-05
83 4 10 8 8 0.0138062
83 8 4 10 8 4.75132e-46
83 8 8 4 10 1.92276e-46
83 10 8 8 4 0.148569
83 9 9 13 13 0.000101636
83 9 13 13 9 6.45939e-06
83 13 9 9 13 0.000338547
83 13 13 9 9 2.1516e-05
83 6 11 13 12 2.31903e-46
83 11 13 12 6 2.11637e-05
83 12 6 11 13 0.000193087
83 13 12 6 11 0.000366013
83 9 9 12 12 1.10416e-05
83 9 12 12 9 5.24284e-08
83 12 9 9 12 1.1825e-05
83 12 12 9 9 5.61478e-08
83 5 10 13 6 0.00388259
83 6 5 10 13 3.52439e-47
83 10 13 6 5 0.0210248
83 13 6 5 10 0.00124552
83 4 10 7 10 0.00269294
83 7 10 4 10 0.000546486
83 10 4 10 7 0.00765941
83 10 7 10 4 0.0183927
83 6 8 13 13 7.62244e-47
83 8 13 13 6 6.25153e-46
83 13 6 8 13 0.00040715
83 13 13 6 8 0.00151135
83 4 12 6 6 0.00078133
83 6 4 12 6 1.18374e-45
83 6 6 4 12 1.82196e-46
83 12 6 6 4 0.00182625
83 5 9 13 11 0.00370706
83 9 13 11 5 0.00970982
83 11 5 9 13 4.56169e-06
83 13 11 5 9 6.62051e-06
83 4 4 7 9 3.08141e-07
83 4 7 9 4 0.000416203
83 7 9 4 4 3.85184e-05
83 9 4 4 7 1.13167e-05
83 6 11 8 8 2.43185e-45
83 8 6 11 8 2.96113e-45
83 8 8 6 11 4.87637e-46
83 11 8 8 6 4.2789e-05
83 4 11 4 11 0.00763822
83 11 4 11 4 0.000389652
83 5 6 6 9 1.48587e-05
83 6 6 9 5 1.03502e-44
83 6 9 5 6 9.15349e-46
83 9 5 6 6 0.00156678
83 8 9 11 11 1.59021e-45
83 9 11 11 8 0.00695915
83 11 8 9 11 8.62415e-05
83 11 11 8 9 1.35821e-07
83 4 11 13 12 0.00199268
83 11 13 12 4 0.000103774
83 12 4 11 13 0.00024407
83 13 12 4 11 0.000552961
83 5 11 9 9 4.10433e-05
83 9 5 11 9 1.72815e-05
83 9 9 5 11 0.00158893
83 11 9 9 5 7.83036e-05
83 5 12 8 9 1.16507e-05
83 8 9 5 12 1.79154e-46
83 9 5 12 8 0.00465385
83 12 8 9 5 0.00769828
83 8 9 10 13 1.62809e-47
83 9 10 13 8 0.00232767
83 10 13 8 9 0.000132472
83 13 8 9 10 0.00326322
83 4 9 6 6 0.00125495
83 6 4 9 6 1.88368e-45
83 6 6 4 9 1.38952e-48
83 9 6 6 4 0.00271359
83 4 4 9 13 0.00138006
83 4 9 13 4 0.0125907
83 9 13 4 4 0.00352757
83 13 4 4 9 4.44551e-06
83 4 8 4 12 0.00187349
83 4 12 4 8 0.00224357
83 8 4 12 4 5.64489e-45
83 12 4 8 4 0.0119287
83 5 7 8 12 0.00291716
83 7 8 12 5 0.0121133
83 8 12 5 7 2.59427e-46
83 12 5 7 8 0.00270227
83 5 13 7 7 0.00317233
83 7 5 13 7 0.00152582
83 7 7 5 13 8.71328e-05
83 13 7 7 5 0.0024834
83 7 9 9 9 1.18951e-05
83 9 7 9 9 8.39213e-06
83 9 9 7 9 3.82722e-06
83 9 9 9 7 0.00215272
83 8 10 8 13 1.1488e-46
83 8 13 8 10 7.74997e-46
83 10 8 13 8 0.0373719
83 13 8 10 8 0.00191859
83 4 11 7 12 2.40155e-05
83 7 12 4 11 6.21817e-06
83 11 7 12 4 6.39107e-07
83 12 4 11 7 2.45052e-05
83 4 7 11 13 0.000635189
83 7 11 13 4 0.0072209
83 11 13 4 7 7.86428e-06
83 13 4 7 11 0.00337596
83 10 12 12 13 0.00128579
83 12 12 13 10 0.000273885
83 12 13 10 12 0.000284062
83 13 10 12 12 0.00169017
83 5 10 7 12 0.00222183
83 7 12 5 10 0.000501437
83 10 7 12 5 0.0477429
83 12 5 10 7 0.000518902
83 5 7 12 11 0.0059534
83 7 12 11 5 0.00510319
83 11 5 7 12 1.03248e-05
83 12 11 5 7 0.000876875
83 4 10 12 6 0.00651021
83 6 4 10 12 1.53302e-46
83 10 12 6 4 0.0108039
83 12 6 4 10 0.000304305
83 6 10 9 11 2.53355e-45
83 9 11 6 10 0.000371667
83 10 9 11 6 0.0284333
83 11 6 10 9 3.20992e-08
83 8 8 13 11 1.02747e-45
83 8 13 11 8 2.62385e-45
83 11 8 8 13 3.75699e-06
83 13 11 8 8 0.00633844
83 8 13 11 9 6.07857e-48
83 9 8 13 11 0.00279912
83 11 9 8 13 2.19512e-06
83 13 11 9 8 0.0087511
83 4 6 11 11 0.0169255
83 6 11 11 4 5.70756e-45
83 11 4 6 11 1.07548e-05
83 11 11 4 6 7.59594e-06
83 4 6 5 12 0.00615805
83 5 12 4 6 0.00210424
83 6 5 12 4 1.23264e-44
83 12 4 6 5 0.00310032
83 4 9 13 12 0.00138099
83 9 13 12 4 0.00975152
83 12 4 9 13 0.000266765
83 13 12 4 9 1.42614e-06
83 4 12 5 10 0.00143664
83 5 10 4 12 0.0012918
83 10 4 12 5 0.108073
83 12 5 10 4 0.00282062
83 4 9 11 9 2.9646e-05
83 9 4 9 11 0.00700317
83 9 11 9 4 0.0160537
83 11 9 4 9 2.25146e-08
83 4 6 4 7 0.0025885
83 4 7 4 6 0.00160237
83 6 4 7 4 3.56003e-45
83 7 4 6 4 0.00410902
83 9 11 13 10 0.000811258
83 10 9 11 13 0.00258622
83 11 13 10 9 2.9465e-08
83 13 10 9 11 0.00684077
83 4 13 9 6 0.0103622
83 6 4 13 9 2.23715e-48
83 9 6 4 13 6.70421e-05
83 13 9 6 4 0.00170464
84 4 9 5 12 0.00128024
84 5 12 4 9 0.000246141
84 9 5 12 4 0.0103561
84 12 4 9 5 0.00233446
84 4 7 6 6 0.000341336
84 6 4 7 6 0.00253021
84 6 6 4 7 0.0103021
84 7 6 6 4 0.00105373
84 8 13 11 12 0.00646578
84 11 12 8 13 0.00296555
84 12 8 13 11 0.00151518
84 13 11 12 8 0.0126619
84 5 6 12 6 9.91202e-06
84 6 5 6 12 1.96865e-05
84 6 12 6 5 3.93968e-06
84 12 6 5 6 1.06441e-05
84 4 7 9 7 0.0214995
84 7 4 7 9 0.00179793
84 7 9 7 4 0.00183592
84 9 7 4 7 0.00439905
84 4 6 6 11 0.000680571
84 6 6 11 4 0.0137774
84 6 11 4 6 0.00113006
84 11 4 6 6 0.000585562
84 7 10 9 10 0.00458394
84 9 10 7 10 0.00246938
84 10 7 10 9 0.000670981
84 10 9 10 7 0.00379557
84 12 12 13 13 1.62894e-05
84 12 13 13 12 2.81905e-05
84 13 12 12 13 3.70068e-05
84 13 13 12 12 6.40439e-05
84 4 13 13 12 0.00244769
84 12 4 13 13 0.00230261
84 13 12 4 13 0.000708288
84 13 13 12 4 0.00865841
84 4 12 10 12 0.000398452
84 10 12 4 12 0.000530203
84 12 4 12 10 0.00344187
84 12 10 12 4 0.00484258
84 7 9 8 10 0.00261728
84 8 10 7 9 0.00276982
84 9 8 10 7 0.0064601
84 10 7 9 8 0.0153225
84 6 9 10 13 0.0013219
84 9 10 13 6 0.00144288
84 10 13 6 9 0.00127907
84 13 6 9 10 0.00613467
84 4 6 4 12 0.000963626
84 4 12 4 6 0.000377077
84 6 4 12 4 0.0138942
84 12 4 6 4 0.00137396
84 4 4 4 13 0.00140617
84 4 4 13 4 0.00398833
84 4 13 4 4 0.00232745
84 13 4 4 4 0.00199729
84 5 12 11 12 0.000931819
84 11 12 5 12 0.00105115
84 12 5 12 11 0.00362345
84 12 11 12 5 0.00138034
84 5 6 10 12 0.000372665
84 6 10 12 5 0.00364887
84 10 12 5 6 0.000945318
84 12 5 6 10 0.00122567
84 7 11 13 12 0.00117516
84 11 13 12 7 0.0245405
84 12 7 11 13 0.00254781
84 13 12 7 11 0.000813936
84 7 8 11 10 0.00372379
84 8 11 10 7 0.00546499
84 10 7 8 11 0.00247155
84 11 10 7 8 0.00645339
84 4 9 4 12 0.000601302
84 4 12 4 9 0.000563193
84 9 4 12 4 0.0077163
84 12 4 9 4 0.00831289
84 6 8 11 11 0.00861927
84 8 11 11 6 0.00394353
84 11 6 8 11 0.00420214
84 11 11 6 8 0.00329352
84 4 10 8 8 0.0113179
84 8 4 10 8 0.00312419
84 8 8 4 10 0.00116151
84 10 8 8 4 0.00705312
84 9 9 13 13 0.00191355
84 9 13 13 9 0.00310171
84 13 9 9 13 0.00468338
84 13 13 9 9 0.00759137
84 6 11 13 12 0.00254163
84 11 13 12 6 0.0024256
84 12 6 11 13 0.00340968
84 13 12 6 11 0.000299955
84 9 9 12 12 2.84678e-05
84 9 12 12 9 2.66636e-05
84 12 9 9 12 3.06688e-05
84 12 12 9 9 2.87251e-05
84 5 10 13 6 0.000585874
84 6 5 10 13 0.00299446
84 10 13 6 5 0.000619071
84 13 6 5 10 0.00248295
84 4 10 7 10 0.00245963
84 7 10 4 10 0.000934228
84 10 4 10 7 0.00686822
84 10 7 10 4 0.00123982
84 6 8 13 13 0.00495418
84 8 13 13 6 0.00206068
84 13 6 8 13 0.00522349
84 13 13 6 8 0.00372198
84 4 12 6 6 0.000260312
84 6 4 12 6 0.0042856
84 6 6 4 12 0.00148288
84 12 6 6 4 0.00103581
84 5 9 13 11 0.00045845
84 9 13 11 5 0.00283618
84 11 5 9 13 0.0092678
84 13 11 5 9 0.00199413
84 4 4 7 9 3.05666e-05
84 4 7 9 4 8.33373e-05
84 7 9 4 4 1.18552e-05
84 9 4 4 7 9.4462e-05
84 6 11 8 8 0.0268657
84 8 6 11 8 0.0191527
84 8 8 6 11 0.000955843
84 11 8 8 6 0.00307854
84 4 11 4 11 0.00179212
84 11 4 11 4 0.0187989
84 5 6 6 9 0.000716056
84 6 6 9 5 0.00929867
84 6 9 5 6 0.00324869
84 9 5 6 6 0.00166898
84 8 9 11 11 0.00353175
84 9 11 11 8 0.0188245
84 11 8 9 11 0.00579152
84 11 11 8 9 0.00499814
84 4 11 13 12 0.00157274
84 11 13 12 4 0.00748828
84 12 4 11 13 0.00430678
84 13 12 4 11 0.000413747
84 5 11 9 9 0.00232394
84 9 5 11 9 0.00728383
84 9 9 5 11 0.00129924
84 11 9 9 5 0.00176123
84 5 12 8 9 0.000778019
84 8 9 5 12 0.00118054
84 9 5 12 8 0.0153891
84 12 8 9 5 0.00171696
84 8 9 10 13 0.000800204
84 9 10 13 8 0.00702227
84 10 13 8 9 0.00591625
84 13 8 9 10 0.00604606
84 4 9 6 6 0.000320748
84 6 4 9 6 0.0063482
84 6 6 4 9 0.00171135
84 9 6 6 4 0.00142421
84 4 4 9 13 0.00671347
84 4 9 13 4 0.0021446
84 9 13 4 4 0.00227363
84 13 4 4 9 0.00105176
84 4 8 4 12 0.00100891
84 4 12 4 8 0.00194957
84 8 4 12 4 0.00893503
84 12 4 8 4 0.00675134
84 5 7 8 12 0.00121481
84 7 8 12 5 0.00162046
84 8 12 5 7 0.00914729
84 12 5 7 8 0.00908084
84 5 13 7 7 0.00570009
84 7 5 13 7 0.011393
84 7 7 5 13 0.00115029
84 13 7 7 5 0.000567366
84 7 9 9 9 0.00260658
84 9 7 9 9 0.00374913
84 9 9 7 9 0.00140417
84 9 9 9 7 0.0212079
84 8 10 8 13 0.00637198
84 8 13 8 10 0.00749608
84 10 8 13 8 0.00853262
84 13 8 10 8 0.00321119
84 4 11 7 12 1.8299e-05
84 7 12 4 11 3.6512e-06
84 11 7 12 4 4.48973e-05
84 12 4 11 7 0.000236766
84 4 7 11 13 0.00391463
84 7 11 13 4 0.00281142
84 11 13 4 7 0.00831152
84 13 4 7 11 0.00203598
84 10 12 12 13 0.00319371
84 12 12 13 10 0.00112716
84 12 13 10 12 0.000915588
84 13 10 12 12 0.00376701
84 5 10 7 12 0.000865402
84 7 12 5 10 0.00108852
84 10 7 12 5 0.0014872
84 12 5 10 7 0.00652259
84 5 7 12 11 0.000929772
84 7 12 11 5 0.000927863
84 11 5 7 12 0.00282665
84 12 11 5 7 0.01007
84 4 10 12 6 0.00203296
84 6 4 10 12 0.00135864
84 10 12 6 4 0.000775682
84 12 6 4 10 0.000778474
84 6 10 9 11 0.00942346
84 9 11 6 10 0.0011193
84 10 9 11 6 0.00243253
84 11 6 10 9 0.0010132
84 8 8 13 11 0.00213184
84 8 13 11 8 0.0228269
84 11 8 8 13 0.00541805
84 13 11 8 8 0.0134612
84 8 13 11 9 0.00748979
84 9 8 13 11 0.00209109
84 11 9 8 13 0.00366766
84 13 11 9 8 0.0188257
84 4 6 11 11 0.00366206
84 6 11 11 4 0.0136093
84 11 4 6 11 0.00077651
84 11 11 4 6 0.000631657
84 4 6 5 12 0.00395316
84 5 12 4 6 0.000317536
84 6 5 12 4 0.03593
84 12 4 6 5 0.000743437
84 4 9 13 12 0.000998923
84 9 13 12 4 0.0074806
84 12 4 9 13 0.00486897
84 13 12 4 9 0.00046854
84 4 12 5 10 0.00148871
84 5 10 4 12 0.000449547
84 10 4 12 5 0.00256903
84 12 5 10 4 0.00203391
84 4 9 11 9 0.00299807
84 9 4 9 11 0.00543751
84 9 11 9 4 0.00989963
84 11 9 4 9 0.000694231
84 4 6 4 7 0.00622777
84 4 7 4 6 0.000459962
84 6 4 7 4 0.00763099
84 7 4 6 4 0.00130026
84 9 11 13 10 0.00258609
84 10 9 11 13 0.00443494
84 11 13 10 9 0.00125096
84 13 10 9 11 0.00489132
84 4 13 9 6 0.00338507
84 6 4 13 9 0.00319199
84 9 6 4 13 0.00102278
84 13 9 6 4 0.000732252
85 4 9 5 12 0.000797827
85 5 12 4 9 0.00117969
85 9 5 12 4 0.00240849
85 12 4 9 5 0.0107894
85 4 7 6 6 0.00148583
85 6 4 7 6 0.00627971
85 6 6 4 7 0.00559089
85 7 6 6 4 0.00144719
85 8 13 11 12 0.00310049
85 11 12 8 13 0.00606908
85 12 8 13 11 0.00329053
85 13 11 12 8 0.00384299
85 5 6 12 6 0.00010613
85 6 5 6 12 2.47517e-06
85 6 12 6 5 1.18706e-05
85 12 6 5 6 4.76899e-05
85 4 7 9 7 0.0148265
85 7 4 7 9 0.00337397
85 7 9 7 4 0.00178996
85 9 7 4 7 0.00242116
85 4 6 6 11 0.00316848
85 6 6 11 4 0.0163305
85 6 11 4 6 0.00175506
85 11 4 6 6 0.00154413
85 7 10 9 10 0.00502977
85 9 10 7 10 0.00225195
85 10 7 10 9 0.00121792
85 10 9 10 7 0.00113817
85 12 12 13 13 3.95298e-05
85 12 13 13 12 1.50396e-05
85 13 12 12 13 8.49065e-05
85 13 13 12 12 3.23038e-05
85 4 13 13 12 0.00146403
85 12 4 13 13 0.00421576
85 13 12 4 13 0.00191652
85 13 13 12 4 0.00523714
85 4 12 10 12 0.000525994
85 10 12 4 12 0.000683755
85 12 4 12 10 0.00702755
85 12 10 12 4 0.00324687
85 7 9 8 10 0.00329501
85 8 10 7 9 0.00213374
85 9 8 10 7 0.00145798
85 10 7 9 8 0.0102361
85 6 9 10 13 0.00115944
85 9 10 13 6 0.00193566
85 10 13 6 9 0.000893638
85 13 6 9 10 0.0148449
85 4 6 4 12 0.00191094
85 4 12 4 6 0.00250046
85 6 4 12 4 0.00952519
85 12 4 6 4 0.00120123
85 4 4 4 13 0.00388933
85 4 4 13 4 0.00450981
85 4 13 4 4 0.00224946
85 13 4 4 4 0.00224613
85 5 12 11 12 0.00238389
85 11 12 5 12 0.00093309
85 12 5 12 11 0.00368344
85 12 11 12 5 0.00406708
85 5 6 10 12 0.000936813
85 6 10 12 5 0.00636123
85 10 12 5 6 0.00308798
85 12 5 6 10 0.000550374
85 7 11 13 12 0.000581978
85 11 13 12 7 0.0070866
85 12 7 11 13 0.00798548
85 13 12 7 11 0.0034518
85 7 8 11 10 0.00599826
85 8 11 10 7 0.00104015
85 10 7 8 11 0.00808677
85 11 10 7 8 0.00238427
85 4 9 4 12 0.000582488
85 4 12 4 9 0.00166907
85 9 4 12 4 0.00619082
85 12 4 9 4 0.00879069
85 6 8 11 11 0.014095
85 8 11 11 6 0.00686708
85 11 6 8 11 0.0169763
85 11 11 6 8 0.00084189
85 4 10 8 8 0.00371932
85 8 4 10 8 0.00128584
85 8 8 4 10 0.0014053
85 10 8 8 4 0.00396705
85 9 9 13 13 0.00185965
85 9 13 13 9 0.00202737
85 13 9 9 13 0.00567183
85 13 13 9 9 0.00618334
85 6 11 13 12 0.000743985
85 11 13 12 6 0.00534773
85 12 6 11 13 0.0123321
85 13 12 6 11 0.00087533
85 9 9 12 12 1.4521e-05
85 9 12 12 9 4.16087e-05
85 12 9 9 12 2.06192e-05
85 12 12 9 9 5.90825e-05
85 5 10 13 6 0.00204679
85 6 5 10 13 0.000998601
85 10 13 6 5 0.0012882
85 13 6 5 10 0.00496748
85 4 10 7 10 0.00361199
85 7 10 4 10 0.00131741
85 10 4 10 7 0.00270142
85 10 7 10 4 0.00153357
85 6 8 13 13 0.00381803
85 8 13 13 6 0.00307394
85 13 6 8 13 0.0113392
85 13 13 6 8 0.000929281
85 4 12 6 6 0.00111047
85 6 4 12 6 0.00964693
85 6 6 4 12 0.00156041
85 12 6 6 4 0.00141338
85 5 9 13 11 0.00194511
85 9 13 11 5 0.00698845
85 11 5 9 13 0.00473723
85 13 11 5 9 0.00123851
85 4 4 7 9 6.38942e-05
85 4 7 9 4 0.000133632
85 7 9 4 4 1.23634e-05
85 9 4 4 7 3.84398e-05
85 6 11 8 8 0.00471042
85 8 6 11 8 0.0147432
85 8 8 6 11 0.00127781
85 11 8 8 6 0.00608337
85 4 11 4 11 0.00486142
85 11 4 11 4 0.0220445
85 5 6 6 9 0.00259966
85 6 6 9 5 0.0399039
85 6 9 5 6 0.00422997
85 9 5 6 6 0.000966942
85 8 9 11 11 0.00742834
85 9 11 11 8 0.00532529
85 11 8 9 11 0.0121137
85 11 11 8 9 0.00364962
85 4 11 13 12 0.00086759
85 11 13 12 4 0.00502802
85 12 4 11 13 0.00998038
85 13 12 4 11 0.00187685
85 5 11 9 9 0.00382518
85 9 5 11 9 0.00275379
85 9 9 5 11 0.00183492
85 11 9 9 5 0.00570076
85 5 12 8 9 0.00254054
85 8 9 5 12 0.000465984
85 9 5 12 8 0.00194721
85 12 8 9 5 0.00561472
85 8 9 10 13 0.000837777
85 9 10 13 8 0.00156096
85 10 13 8 9 0.0043777
85 13 8 9 10 0.00663263
85 4 9 6 6 0.00078704
85 6 4 9 6 0.0131133
85 6 6 4 9 0.00316896
85 9 6 6 4 0.00135303
85 4 4 9 13 0.0144485
85 4 9 13 4 0.00184884
85 9 13 4 4 0.00136462
85 13 4 4 9 0.00173569
85 4 8 4 12 0.000907025
85 4 12 4 8 0.00214212
85 8 4 12 4 0.00731168
85 12 4 8 4 0.00625137
85 5 7 8 12 0.00230026
85 7 8 12 5 0.00581211
85 8 12 5 7 0.00323731
85 12 5 7 8 0.00181961
85 5 13 7 7 0.00358217
85 7 5 13 7 0.00144181
85 7 7 5 13 0.0024852
85 13 7 7 5 0.00352613
85 7 9 9 9 0.00310385
85 9 7 9 9 0.00547844
85 9 9 7 9 0.00138967
85 9 9 9 7 0.00511972
85 8 10 8 13 0.0044253
85 8 13 8 10 0.00553968
85 10 8 13 8 0.00284409
85 13 8 10 8 0.00108968
85 4 11 7 12 1.27165e-05
85 7 12 4 11 2.01456e-05
85 11 7 12 4 6.42789e-05
85 12 4 11 7 0.000129989
85 4 7 11 13 0.0137557
85 7 11 13 4 0.00166962
85 11 13 4 7 0.00283062
85 13 4 7 11 0.00651427
85 10 12 12 13 0.00760215
85 12 12 13 10 0.00266981
85 12 13 10 12 0.000515929
85 13 10 12 12 0.00174288
85 5 10 7 12 0.000967288
85 7 12 5 10 0.00224952
85 10 7 12 5 0.00869723
85 12 5 10 7 0.000866228
85 5 7 12 11 0.00799583
85 7 12 11 5 0.00690634
85 11 5 7 12 0.000797469
85 12 11 5 7 0.0022151
85 4 10 12 6 0.00501777
85 6 4 10 12 0.000718028
85 10 12 6 4 0.000771694
85 12 6 4 10 0.00292569
85 6 10 9 11 0.0104972
85 9 11 6 10 0.000706228
85 10 9 11 6 0.00667375
85 11 6 10 9 0.00227076
85 8 8 13 11 0.00328769
85 8 13 11 8 0.00714145
85 11 8 8 13 0.00591907
85 13 11 8 8 0.00328286
85 8 13 11 9 0.00632006
85 9 8 13 11 0.00316175
85 11 9 8 13 0.00431744
85 13 11 9 8 0.00524331
85 4 6 11 11 0.0248941
85 6 11 11 4 0.00604657
85 11 4 6 11 0.00189783
85 11 11 4 6 0.00151474
85 4 6 5 12 0.00504318
85 5 12 4 6 0.00340524
85 6 5 12 4 0.00714014
85 12 4 6 5 0.00284078
85 4 9 13 12 0.00071813
85 9 13 12 4 0.003807
85 12 4 9 13 0.00934663
85 13 12 4 9 0.00102486
85 4 12 5 10 0.00342697
85 5 10 4 12 0.000537467
85 10 4 12 5 0.0111081
85 12 5 10 4 0.000628065
85 4 9 11 9 0.0048006
85 9 4 9 11 0.0121831
85 9 11 9 4 0.00426395
85 11 9 4 9 0.000969623
85 4 6 4 7 0.00636931
85 4 7 4 6 0.00311235
85 6 4 7 4 0.00576804
85 7 4 6 4 0.00114419
85 9 11 13 10 0.00188234
85 10 9 11 13 0.00672682
85 11 13 10 9 0.00113946
85 13 10 9 11 0.00757875
85 4 13 9 6 0.00835874
85 6 4 13 9 0.00281053
85 9 6 4 13 0.00274183
85 13 9 6 4 0.000403887
86 4 9 5 12 1.71384e-05
86 5 12 4 9 0.000685987
86 9 5 12 4 4.31528e-05
86 12 4 9 5 0.0041777
86 4 7 6 6 0.00144073
86 6 4 7 6 0.00898532
86 6 6 4 7 7.43591e-06
86 7 6 6 4 1.19869e-06
86 8 13 11 12 0.00949059
86 11 12 8 13 0.000410155
86 12 8 13 11 0.00111479
86 13 11 12 8 0.00238725
86 5 6 12 6 5.23909e-07
86 6 5 6 12 2.9484e-05
86 6 12 6 5 1.52626e-06
86 12 6 5 6 2.86748e-08
86 4 7 9 7 0.0128082
86 7 4 7 9 0.00239295
86 7 9 7 4 1.03677e-05
86 9 7 4 7 1.99515e-06
86 4 6 6 11 4.67864e-06
86 6 6 11 4 2.78156e-05
86 6 11 4 6 0.00321069
86 11 4 6 6 0.00103156
86 7 10 9 10 0.00860334
86 9 10 7 10 1.29867e-05
86 10 7 10 9 0.000144317
86 10 9 10 7 2.11255e-06
86 12 12 13 13 2.21991e-06
86 12 13 13 12 3.46791e-05
86 13 12 12 13 3.07968e-06
86 13 13 12 12 4.81103e-05
86 4 13 13 12 0.0141703
86 12 4 13 13 0.00186288
86 13 12 4 13 6.61719e-05
86 13 13 12 4 0.00728735
86 4 12 10 12 0.000185292
86 10 12 4 12 2.71105e-05
86 12 4 12 10 0.00458022
86 12 10 12 4 0.00430152
86 7 9 8 10 2.02535e-05
86 8 10 7 9 0.00356994
86 9 8 10 7 3.15596e-06
86 10 7 9 8 0.00152661
86 6 9 10 13 1.02248e-05
86 9 10 13 6 9.61141e-06
86 10 13 6 9 0.000895684
86 13 6 9 10 6.73525e-06
86 4 6 4 12 5.49162e-06
86 4 12 4 6 0.000705373
86 6 4 12 4 0.0154713
86 12 4 6 4 0.000748404
86 4 4 4 13 0.00689286
86 4 4 13 4 0.0117295
86 4 13 4 4 0.0194364
86 13 4 4 4 0.000855669
86 5 12 11 12 0.00160983
86 11 12 5 12 9.49264e-05
86 12 5 12 11 0.00818857
86 12 11 12 5 0.00208335
86 5 6 10 12 5.49721e-06
86 6 10 12 5 0.013685
86 10 12 5 6 0.00010753
86 12 5 6 10 0.00245785
86 7 11 13 12 0.000629075
86 11 13 12 7 0.0146462
86 12 7 11 13 0.00142695
86 13 12 7 11 9.04815e-05
86 7 8 11 10 0.00488486
86 8 11 10 7 0.000922233
86 10 7 8 11 0.000536484
86 11 10 7 8 0.00438219
86 4 9 4 12 1.189e-05
86 4 12 4 9 0.000495352
86 9 4 12 4 1.62166e-05
86 12 4 9 4 0.00547428
86 6 8 11 11 0.0121494
86 8 11 11 6 0.00668319
86 11 6 8 11 7.14728e-06
86 11 11 6 8 0.000977373
86 4 10 8 8 0.0242059
86 8 4 10 8 0.00126674
86 8 8 4 10 0.00124301
86 10 8 8 4 0.00126939
86 9 9 13 13 2.65615e-08
86 9 13 13 9 1.7287e-05
86 13 9 9 13 1.24392e-05
86 13 13 9 9 0.00809576
86 6 11 13 12 0.00170687
86 11 13 12 6 0.0123999
86 12 6 11 13 5.73593e-06
86 13 12 6 11 2.3306e-05
86 9 9 12 12 3.12437e-10
86 9 12 12 9 1.30166e-08
86 12 9 9 12 1.05471e-07
86 12 12 9 9 4.39405e-06
86 5 10 13 6 0.0198461
86 6 5 10 13 0.00784887
86 10 13 6 5 0.000854308
86 13 6 5 10 2.25485e-06
86 4 10 7 10 0.0207596
86 7 10 4 10 0.00214228
86 10 4 10 7 0.000653345
86 10 7 10 4 0.000193377
86 6 8 13 13 0.00461005
86 8 13 13 6 0.0080604
86 13 6 8 13 3.49221e-06
86 13 13 6 8 0.00151789
86 4 12 6 6 0.000329665
86 6 4 12 6 0.013996
86 6 6 4 12 2.79e-06
86 12 6 6 4 9.51426e-07
86 5 9 13 11 3.97536e-05
86 9 13 11 5 3.8411e-05
86 11 5 9 13 0.0172748
86 13 11 5 9 0.00061807
86 4 4 7 9 0.000154591
86 4 7 9 4 0.000144997
86 7 9 4 4 6.91181e-08
86 9 4 4 7 7.63108e-08
86 6 11 8 8 0.0118608
86 8 6 11 8 1.53535e-05
86 8 8 6 11 0.000593146
86 11 8 8 6 0.00423925
86 4 11 4 11 0.00836284
86 11 4 11 4 0.0159742
86 5 6 6 9 1.3525e-05
86 6 6 9 5 4.35984e-05
86 6 9 5 6 4.71802e-05
86 9 5 6 6 1.5502e-05
86 8 9 11 11 2.45046e-05
86 9 11 11 8 2.10153e-05
86 11 8 9 11 0.00495143
86 11 11 8 9 0.00338752
86 4 11 13 12 0.0031992
86 11 13 12 4 0.0130523
86 12 4 11 13 0.00429643
86 13 12 4 11 4.7485e-05
86 5 11 9 9 0.0243872
86 9 5 11 9 4.50012e-05
86 9 9 5 11 1.93104e-08
86 11 9 9 5 2.03359e-05
86 5 12 8 9 0.00154999
86 8 9 5 12 3.24949e-06
86 9 5 12 8 4.08819e-05
86 12 8 9 5 0.00227467
86 8 9 10 13 3.85486e-06
86 9 10 13 8 1.01682e-05
86 10 13 8 9 0.00437446
86 13 8 9 10 0.00291411
86 4 9 6 6 1.41094e-05
86 6 4 9 6 0.0190495
86 6 6 4 9 4.97476e-06
86 9 6 6 4 3.83608e-09
86 4 4 9 13 0.0269347
86 4 9 13 4 3.69033e-05
86 9 13 4 4 1.18309e-05
86 13 4 4 9 0.00062136
86 4 8 4 12 0.00252415
86 4 12 4 8 0.000792756
86 8 4 12 4 0.00619646
86 12 4 8 4 0.00388301
86 5 7 8 12 0.00522076
86 7 8 12 5 0.00289356
86 8 12 5 7 0.000278083
86 12 5 7 8 0.00894567
86 5 13 7 7 0.050024
86 7 5 13 7 0.00598616
86 7 7 5 13 0.000563989
86 13 7 7 5 0.000359202
86 7 9 9 9 1.71521e-05
86 9 7 9 9 5.60498e-06
86 9 9 7 9 2.5891e-08
86 9 9 9 7 8.20467e-08
86 8 10 8 13 0.00569004
86 8 13 8 10 0.0170842
86 10 8 13 8 0.00106379
86 13 8 10 8 0.000530397
86 4 11 7 12 4.64193e-05
86 7 12 4 11 9.74639e-07
86 11 7 12 4 1.99207e-05
86 12 4 11 7 6.24713e-05
86 4 7 11 13 0.0103179
86 7 11 13 4 0.00168618
86 11 13 4 7 0.00556882
86 13 4 7 11 0.00134362
86 10 12 12 13 0.000210987
86 12 12 13 10 0.000220313
86 12 13 10 12 0.00118458
86 13 10 12 12 0.00159025
86 5 10 7 12 0.0111253
86 7 12 5 10 0.000229669
86 10 7 12 5 0.000687378
86 12 5 10 7 0.00291039
86 5 7 12 11 0.00887196
86 7 12 11 5 0.000405347
86 11 5 7 12 0.0042988
86 12 11 5 7 0.00145545
86 4 10 12 6 0.0249245
86 6 4 10 12 0.0012383
86 10 12 6 4 3.00843e-05
86 12 6 4 10 1.96115e-06
86 6 10 9 11 0.0190044
86 9 11 6 10 2.57248e-06
86 10 9 11 6 1.35967e-05
86 11 6 10 9 1.70761e-06
86 8 8 13 11 0.00151774
86 8 13 11 8 0.0239329
86 11 8 8 13 0.00329326
86 13 11 8 8 0.00203671
86 8 13 11 9 0.0169854
86 9 8 13 11 4.51147e-06
86 11 9 8 13 1.76196e-05
86 13 11 9 8 0.00326132
86 4 6 11 11 3.56148e-05
86 6 11 11 4 0.0126267
86 11 4 6 11 0.000741764
86 11 11 4 6 0.00127374
86 4 6 5 12 1.5252e-05
86 5 12 4 6 0.00188216
86 6 5 12 4 0.0793258
86 12 4 6 5 0.00110048
86 4 9 13 12 1.53419e-05
86 9 13 12 4 3.46731e-05
86 12 4 9 13 0.00415093
86 13 12 4 9 4.66271e-05
86 4 12 5 10 0.00119359
86 5 10 4 12 0.00596651
86 10 4 12 5 0.00211499
86 12 5 10 4 0.00265048
86 4 9 11 9 8.77232e-05
86 9 4 9 11 1.66988e-05
86 9 11 9 4 1.48142e-05
86 11 9 4 9 4.96974e-06
86 4 6 4 7 1.36156e-05
86 4 7 4 6 0.0028677
86 6 4 7 4 0.00923982
86 7 4 6 4 0.000877148
86 9 11 13 10 6.81897e-06
86 10 9 11 13 1.09421e-05
86 11 13 10 9 0.00275745
86 13 10 9 11 0.00338064
86 4 13 9 6 0.0678581
86 6 4 13 9 0.00427384
86 9 6 4 13 5.26791e-09
86 13 9 6 4 1.24264e-06
87 4 9 5 12 9.88471e-49
87 5 12 4 9 1.38503e-48
87 9 5 12 4 8.07958e-48
87 12 4 9 5 0.0432568
87 4 7 6 6 5.01863e-49
87 6 4 7 6 6.98597e-48
87 6 6 4 7 6.03001e-48
87 7 6 6 4 9.38338e-49
87 8 13 11 12 1.0682e-47
87 11 12 8 13 2.18832e-48
87 12 8 13 11 0.0244271
87 13 11 12 8 7.43479e-48
87 5 6 12 6 1.74278e-49
87 6 5 6 12 5.36781e-51
87 6 12 6 5 2.1327e-51
87 12 6 5 6 0.000224312
87 4 7 9 7 1.12347e-47
87 7 4 7 9 4.60404e-48
87 7 9 7 4 7.57797e-48
87 9 7 4 7 3.00827e-48
87 4 6 6 11 5.85272e-49
87 6 6 11 4 1.58857e-47
87 6 11 4 6 3.91226e-48
87 11 4 6 6 5.94211e-49
87 7 10 9 10 1.74387e-47
87 9 10 7 10 7.22253e-48
87 10 7 10 9 9.91396e-49
87 10 9 10 7 2.77059e-48
87 12 12 13 13 0.000174732
87 12 13 13 12 0.000238561
87 13 12 12 13 7.16225e-50
87 13 13 12 12 9.77864e-50
87 4 13 13 12 1.67135e-48
87 12 4 13 13 0.0174904
87 13 12 4 13 1.64218e-48
87 13 13 12 4 8.87815e-48
87 4 12 10 12 5.21826e-49
87 10 12 4 12 1.37503e-48
87 12 4 12 10 0.0934902
87 12 10 12 4 0.0530163
87 7 9 8 10 9.35533e-48
87 8 10 7 9 4.71822e-48
87 9 8 10 7 2.82115e-48
87 10 7 9 8 8.74262e-48
87 6 9 10 13 1.5321e-48
87 9 10 13 6 2.35957e-48
87 10 13 6 9 5.20438e-49
87 13 6 9 10 2.52758e-47
87 4 6 4 12 2.54852e-48
87 4 12 4 6 1.90641e-48
87 6 4 12 4 7.95777e-48
87 12 4 6 4 0.00446232
87 4 4 4 13 1.88899e-48
87 4 4 13 4 1.80134e-48
87 4 13 4 4 2.33923e-48
87 13 4 4 4 2.41645e-48
87 5 12 11 12 5.95769e-48
87 11 12 5 12 6.20212e-49
87 12 5 12 11 0.068424
87 12 11 12 5 0.0416243
87 5 6 10 12 2.03332e-48
87 6 10 12 5 4.71506e-48
87 10 12 5 6 1.57624e-48
87 12 5 6 10 0.0106438
87 7 11 13 12 2.0884e-48
87 11 13 12 7 1.04818e-47
87 12 7 11 13 0.0616351
87 13 12 7 11 2.83015e-48
87 7 8 11 10 2.73118e-47
87 8 11 10 7 2.66097e-48
87 10 7 8 11 3.14212e-48
87 11 10 7 8 3.39052e-48
87 4 9 4 12 1.75375e-48
87 4 12 4 9 9.66428e-49
87 9 4 12 4 5.97154e-48
87 12 4 9 4 0.0729854
87 6 8 11 11 1.59539e-47
87 8 11 11 6 2.17438e-47
87 11 6 8 11 5.30991e-48
87 11 11 6 8 5.37286e-49
87 4 10 8 8 1.81325e-48
87 8 4 10 8 9.55602e-49
87 8 8 4 10 5.65964e-48
87 10 8 8 4 4.97618e-48
87 9 9 13 13 2.17322e-48
87 9 13 13 9 1.63507e-48
87 13 9 9 13 1.08876e-47
87 13 13 9 9 8.19148e-48
87 6 11 13 12 1.65294e-48
87 11 13 12 6 7.88022e-48
87 12 6 11 13 0.0953958
87 13 12 6 11 2.48142e-49
87 9 9 12 12 6.49088e-50
87 9 12 12 9 3.57688e-50
87 12 9 9 12 0.000793327
87 12 12 9 9 0.000437174
87 5 10 13 6 3.35469e-48
87 6 5 10 13 1.76834e-48
87 10 13 6 5 4.33089e-49
87 13 6 5 10 3.7843e-48
87 4 10 7 10 7.68165e-48
87 7 10 4 10 4.96631e-48
87 10 4 10 7 2.53386e-48
87 10 7 10 4 1.49236e-48
87 6 8 13 13 3.31402e-48
87 8 13 13 6 4.0276e-48
87 13 6 8 13 5.58988e-48
87 13 13 6 8 5.04364e-49
87 4 12 6 6 3.48399e-49
87 6 4 12 6 8.87704e-48
87 6 6 4 12 2.71821e-48
87 12 6 6 4 0.00603567
87 5 9 13 11 2.45719e-48
87 9 13 11 5 5.27724e-48
87 11 5 9 13 9.61714e-48
87 13 11 5 9 1.09379e-48
87 4 4 7 9 4.13279e-50
87 4 7 9 4 9.15888e-50
87 7 9 4 4 4.39782e-50
87 9 4 4 7 4.16397e-50
87 6 11 8 8 3.89343e-48
87 8 6 11 8 1.56481e-47
87 8 8 6 11 8.50255e-49
87 11 8 8 6 6.75097e-48
87 4 11 4 11 4.52712e-48
87 11 4 11 4 1.86631e-47
87 5 6 6 9 1.35517e-48
87 6 6 9 5 1.72887e-47
87 6 9 5 6 4.2224e-48
87 9 5 6 6 1.4934e-48
87 8 9 11 11 1.39667e-47
87 9 11 11 8 9.50374e-48
87 11 8 9 11 1.26525e-47
87 11 11 8 9 3.29601e-48
87 4 11 13 12 1.47573e-48
87 11 13 12 4 6.72674e-48
87 12 4 11 13 0.0671596
87 13 12 4 11 1.29295e-48
87 5 11 9 9 9.24558e-48
87 9 5 11 9 7.82694e-48
87 9 9 5 11 1.15395e-48
87 11 9 9 5 5.57859e-48
87 5 12 8 9 1.59046e-48
87 8 9 5 12 1.07423e-48
87 9 5 12 8 5.00324e-48
87 12 8 9 5 0.0500982
87 8 9 10 13 1.57702e-48
87 9 10 13 8 1.32322e-48
87 10 13 8 9 3.30356e-48
87 13 8 9 10 2.18635e-47
87 4 9 6 6 6.01473e-49
87 6 4 9 6 1.12731e-47
87 6 6 4 9 2.58597e-48
87 9 6 6 4 6.2712e-49
87 4 4 9 13 6.45404e-48
87 4 9 13 4 1.91649e-48
87 9 13 4 4 2.14009e-48
87 13 4 4 9 1.56198e-48
87 4 8 4 12 2.34188e-48
87 4 12 4 8 1.13573e-48
87 8 4 12 4 8.70166e-48
87 12 4 8 4 0.030091
87 5 7 8 12 3.30943e-48
87 7 8 12 5 8.4284e-48
87 8 12 5 7 1.89694e-48
87 12 5 7 8 0.0520774
87 5 13 7 7 9.93897e-48
87 7 5 13 7 4.67146e-48
87 7 7 5 13 1.20191e-48
87 13 7 7 5 2.50071e-48
87 7 9 9 9 8.49401e-48
87 9 7 9 9 4.73667e-48
87 9 9 7 9 3.51794e-48
87 9 9 9 7 1.32372e-47
87 8 10 8 13 3.9179e-48
87 8 13 8 10 8.55568e-48
87 10 8 13 8 3.15057e-48
87 13 8 10 8 1.60393e-48
87 4 11 7 12 4.18741e-50
87 7 12 4 11 1.76815e-50
87 11 7 12 4 6.16253e-50
87 12 4 11 7 0.00129365
87 4 7 11 13 7.64125e-48
87 7 11 13 4 3.35526e-48
87 11 13 4 7 4.25281e-48
87 13 4 7 11 5.0131e-48
87 10 12 12 13 6.30076e-48
87 12 12 13 10 0.0236312
87 12 13 10 12 0.0106842
87 13 10 12 12 6.05608e-48
87 5 10 7 12 4.97574e-48
87 7 12 5 10 2.02355e-48
87 10 7 12 5 5.01285e-48
87 12 5 10 7 0.0241322
87 5 7 12 11 7.14877e-48
87 7 12 11 5 4.85628e-48
87 11 5 7 12 5.00436e-48
87 12 11 5 7 0.0216957
87 4 10 12 6 6.49487e-48
87 6 4 10 12 8.73305e-49
87 10 12 6 4 3.57628e-49
87 12 6 4 10 0.0454485
87 6 10 9 11 9.04721e-48
87 9 11 6 10 1.01652e-48
87 10 9 11 6 2.01072e-47
87 11 6 10 9 1.48798e-48
87 8 8 13 11 3.26829e-48
87 8 13 11 8 1.05538e-47
87 11 8 8 13 4.45816e-48
87 13 11 8 8 3.43995e-48
87 8 13 11 9 1.02002e-47
87 9 8 13 11 2.54748e-48
87 11 9 8 13 3.79196e-48
87 13 11 9 8 9.47668e-48
87 4 6 11 11 1.11427e-47
87 6 11 11 4 1.22023e-47
87 11 4 6 11 3.98513e-49
87 11 11 4 6 3.37816e-48
87 4 6 5 12 2.76771e-48
87 5 12 4 6 5.26433e-48
87 6 5 12 4 2.07458e-47
87 12 4 6 5 0.00509584
87 4 9 13 12 1.32925e-48
87 9 13 12 4 5.87767e-48
87 12 4 9 13 0.0580108
87 13 12 4 9 9.82633e-49
87 4 12 5 10 1.46124e-48
87 5 10 4 12 2.32297e-48
87 10 4 12 5 5.58184e-48
87 12 5 10 4 0.0158263
87 4 9 11 9 6.75149e-48
87 9 4 9 11 6.59839e-48
87 9 11 9 4 9.16348e-48
87 11 9 4 9 1.78713e-48
87 4 6 4 7 5.25929e-48
87 4 7 4 6 2.55464e-48
87 6 4 7 4 5.82578e-48
87 7 4 6 4 6.45355e-49
87 9 11 13 10 4.04778e-48
87 10 9 11 13 1.37554e-47
87 11 13 10 9 1.03962e-48
87 13 10 9 11 8.28066e-48
87 4 13 9 6 8.80546e-48
87 6 4 13 9 1.22655e-48
87 9 6 4 13 2.30861e-48
87 13 9 6 4 4.64032e-49
88 4 9 5 12 7.54826e-47
88 5 12 4 9 1.82066e-05
88 9 5 12 4 0.0238113
88 12 4 9 5 1.8467e-05
88 4 7 6 6 5.69274e-47
88 6 4 7 6 0.00206666
88 6 6 4 7 0.000991756
88 7 6 6 4 5.94355e-47
88 8 13 11 12 0.00599658
88 11 12 8 13 0.000515466
88 12 8 13 11 4.04739e-06
88 13 11 12 8 0.00394076
88 5 6 12 6 2.19602e-05
88 6 5 6 12 1.01716e-49
88 6 12 6 5 1.2961e-48
88 12 6 5 6 1.3773e-51
88 4 7 9 7 0.00971439
88 7 4 7 9 1.41673e-05
88 7 9 7 4 0.035177
88 9 7 4 7 0.00228629
88 4 6 6 11 1.32939e-47
88 6 6 11 4 0.0101125
88 6 11 4 6 0.00489108
88 11 4 6 6 2.24945e-47
88 7 10 9 10 0.00333612
88 9 10 7 10 0.00220749
88 10 7 10 9 7.20277e-06
88 10 9 10 7 0.00336679
88 12 12 13 13 1.12378e-08
88 12 13 13 12 1.84316e-08
88 13 12 12 13 7.66245e-06
88 13 13 12 12 1.25675e-05
88 4 13 13 12 0.000670981
88 12 4 13 13 1.74219e-07
88 13 12 4 13 0.000204611
88 13 13 12 4 0.00997688
88 4 12 10 12 0.00123799
88 10 12 4 12 0.00132179
88 12 4 12 10 7.20778e-06
88 12 10 12 4 2.96012e-05
88 7 9 8 10 0.00426061
88 8 10 7 9 2.89288e-05
88 9 8 10 7 0.00426695
88 10 7 9 8 0.00493573
88 6 9 10 13 0.000281857
88 9 10 13 6 0.00069027
88 10 13 6 9 3.00889e-49
88 13 6 9 10 0.00097707
88 4 6 4 12 0.000525633
88 4 12 4 6 0.00983978
88 6 4 12 4 0.00805088
88 12 4 6 4 1.74561e-49
88 4 4 4 13 0.000196553
88 4 4 13 4 0.00254024
88 4 13 4 4 0.016508
88 13 4 4 4 0.00127049
88 5 12 11 12 0.00305699
88 11 12 5 12 5.38058e-47
88 12 5 12 11 1.10437e-05
88 12 11 12 5 8.17532e-05
88 5 6 10 12 0.000137154
88 6 10 12 5 0.00633422
88 10 12 5 6 2.34388e-46
88 12 5 6 10 1.34393e-49
88 7 11 13 12 0.00062087
88 11 13 12 7 0.00920527
88 12 7 11 13 2.07461e-06
88 13 12 7 11 0.0015028
88 7 8 11 10 0.0184256
88 8 11 10 7 0.00578124
88 10 7 8 11 0.000754865
88 11 10 7 8 0.0021022
88 4 9 4 12 0.00213449
88 4 12 4 9 4.40206e-05
88 9 4 12 4 0.00897305
88 12 4 9 4 2.79665e-05
88 6 8 11 11 0.00974718
88 8 11 11 6 0.0454944
88 11 6 8 11 0.00058978
88 11 11 6 8 8.46929e-47
88 4 10 8 8 0.00101474
88 8 4 10 8 0.000784497
88 8 8 4 10 0.00751588
88 10 8 8 4 0.0119512
88 9 9 13 13 0.000260644
88 9 13 13 9 8.81634e-06
88 13 9 9 13 0.0005539
88 13 13 9 9 1.87358e-05
88 6 11 13 12 0.000416924
88 11 13 12 6 0.0088928
88 12 6 11 13 1.03208e-06
88 13 12 6 11 1.06098e-47
88 9 9 12 12 4.18726e-05
88 9 12 12 9 8.63557e-07
88 12 9 9 12 1.30505e-07
88 12 12 9 9 2.69147e-09
88 5 10 13 6 0.00045881
88 6 5 10 13 0.00016997
88 10 13 6 5 1.12108e-46
88 13 6 5 10 1.30687e-47
88 4 10 7 10 0.00380343
88 7 10 4 10 0.00135279
88 10 4 10 7 0.000820259
88 10 7 10 4 0.0043572
88 6 8 13 13 0.000247765
88 8 13 13 6 0.00326481
88 13 6 8 13 3.64245e-05
88 13 13 6 8 1.47669e-47
88 4 12 6 6 1.28931e-46
88 6 4 12 6 0.00253233
88 6 6 4 12 0.000233005
88 12 6 6 4 1.50195e-49
88 5 9 13 11 0.000659418
88 9 13 11 5 0.0217532
88 11 5 9 13 0.00091041
88 13 11 5 9 3.37863e-49
88 4 4 7 9 2.59606e-07
88 4 7 9 4 0.000360906
88 7 9 4 4 0.000229268
88 9 4 4 7 1.59902e-05
88 6 11 8 8 0.00285913
88 8 6 11 8 0.00612441
88 8 8 6 11 8.6414e-47
88 11 8 8 6 0.00657603
88 4 11 4 11 0.00848386
88 11 4 11 4 0.0296807
88 5 6 6 9 1.25836e-49
88 6 6 9 5 0.0101394
88 6 9 5 6 3.30395e-46
88 9 5 6 6 1.03628e-46
88 8 9 11 11 0.0181611
88 9 11 11 8 0.0165849
88 11 8 9 11 0.0101586
88 11 11 8 9 3.06775e-05
88 4 11 13 12 0.000895606
88 11 13 12 4 0.0269218
88 12 4 11 13 1.14221e-06
88 13 12 4 11 0.000771036
88 5 11 9 9 4.97456e-05
88 9 5 11 9 5.67758e-05
88 9 9 5 11 8.35498e-47
88 11 9 9 5 0.0306825
88 5 12 8 9 1.10981e-05
88 8 9 5 12 6.71807e-47
88 9 5 12 8 0.00460063
88 12 8 9 5 7.43333e-05
88 8 9 10 13 0.000571682
88 9 10 13 8 0.000428337
88 10 13 8 9 1.41404e-05
88 13 8 9 10 0.0046176
88 4 9 6 6 1.29408e-46
88 6 4 9 6 0.00263035
88 6 6 4 9 4.82311e-06
88 9 6 6 4 5.00553e-47
88 4 4 9 13 0.000471642
88 4 9 13 4 0.0101452
88 9 13 4 4 0.00932269
88 13 4 4 9 2.04356e-06
88 4 8 4 12 0.00263898
88 4 12 4 8 0.00648657
88 8 4 12 4 0.0173473
88 12 4 8 4 8.71494e-06
88 5 7 8 12 0.00032532
88 7 8 12 5 0.0389175
88 8 12 5 7 3.91513e-46
88 12 5 7 8 1.54822e-05
88 5 13 7 7 0.003955
88 7 5 13 7 0.00138884
88 7 7 5 13 7.60719e-48
88 13 7 7 5 0.00258146
88 7 9 9 9 7.7387e-05
88 9 7 9 9 2.86703e-05
88 9 9 7 9 5.12066e-05
88 9 9 9 7 0.0134014
88 8 10 8 13 0.000211223
88 8 13 8 10 0.00431963
88 10 8 13 8 0.00221231
88 13 8 10 8 0.00103633
88 4 11 7 12 4.54916e-05
88 7 12 4 11 2.78514e-05
88 11 7 12 4 0.000196092
88 12 4 11 7 1.31541e-07
88 4 7 11 13 0.00133645
88 7 11 13 4 0.00872202
88 11 13 4 7 0.00434978
88 13 4 7 11 0.000412272
88 10 12 12 13 0.001669
88 12 12 13 10 6.81476e-06
88 12 13 10 12 1.88063e-06
88 13 10 12 12 0.000372658
88 5 10 7 12 0.000494091
88 7 12 5 10 1.87356e-46
88 10 7 12 5 0.012355
88 12 5 10 7 6.42155e-06
88 5 7 12 11 0.00174595
88 7 12 11 5 0.0412055
88 11 5 7 12 0.00187158
88 12 11 5 7 6.13254e-49
88 4 10 12 6 0.00531315
88 6 4 10 12 0.000133361
88 10 12 6 4 2.15526e-46
88 12 6 4 10 2.5959e-06
88 6 10 9 11 0.00156742
88 9 11 6 10 7.89873e-47
88 10 9 11 6 0.0235309
88 11 6 10 9 4.99812e-06
88 8 8 13 11 0.00230446
88 8 13 11 8 0.0161634
88 11 8 8 13 0.000565263
88 13 11 8 8 0.00112722
88 8 13 11 9 0.000124589
88 9 8 13 11 0.00135389
88 11 9 8 13 0.000519296
88 13 11 9 8 0.00410854
88 4 6 11 11 0.00299805
88 6 11 11 4 0.0459502
88 11 4 6 11 9.39853e-48
88 11 11 4 6 0.0067118
88 4 6 5 12 3.58155e-47
88 5 12 4 6 0.00784144
88 6 5 12 4 0.0411645
88 12 4 6 5 2.22096e-49
88 4 9 13 12 0.000804748
88 9 13 12 4 0.0219849
88 12 4 9 13 8.15849e-07
88 13 12 4 9 8.30079e-06
88 4 12 5 10 2.76183e-46
88 5 10 4 12 0.000259056
88 10 4 12 5 0.00695131
88 12 5 10 4 1.9192e-05
88 4 9 11 9 0.00015185
88 9 4 9 11 0.0014246
88 9 11 9 4 0.0423807
88 11 9 4 9 3.12588e-05
88 4 6 4 7 0.00208126
88 4 7 4 6 0.00404159
88 6 4 7 4 0.00611216
88 7 4 6 4 6.42602e-47
88 9 11 13 10 0.00218209
88 10 9 11 13 0.00209535
88 11 13 10 9 1.36649e-05
88 13 10 9 11 0.000640161
88 4 13 9 6 0.0123056
88 6 4 13 9 1.78884e-06
88 9 6 4 13 9.43267e-05
88 13 9 6 4 6.56649e-47
89 3 0 3 9 0.0697502
89 1 0 1 11 8.49943e-48
89 2 0 3 8 0.035066
89 2 0 3 10 0.030644
89 2 0 1 12 3.37582e-48
89 1 0 1 9 1.24799e-47
89 3 0 3 8 0.0875431
89 1 0 1 7 7.7698e-48
89 2 0 1 4 1.91686e-47
89 1 0 3 12 0.0110092
89 2 0 1 11 2.2819e-47
89 2 0 2 7 0.0450345
89 3 0 3 5 0.0740316
89 3 0 2 9 0.0535614
89 1 0 2 11 0.0503519
89 3 0 3 13 0.0538785
89 2 0 1 9 8.21319e-48
89 2 0 2 4 0.0924959
89 3 0 3 6 0.0350749
89 3 0 2 13 0.084062
89 1 0 2 12 0.047917
89 1 0 3 9 0.0238814
89 3 0 2 11 0.0859164
89 3 0 3 12 0.0168487
89 1 0 3 13 0.0378428
89 2 0 2 11 0.0650905
90 2 3 0 0 0.617869
90 1 2 0 0 0.382131
91 9 3 0 3 0.119034
91 11 1 0 1 2.52064e-48
91 8 2 0 3 0.040354
91 10 2 0 3 0.0477334
91 12 2 0 1 7.70955e-48
91 9 1 0 1 1.21867e-47
91 8 3 0 3 0.132847
91 7 1 0 1 8.0667e-48
91 4 2 0 1 5.69153e-48
91 12 1 0 3 0.0254748
91 11 2 0 1 7.73977e-48
91 7 2 0 2 0.0476487
91 5 3 0 3 0.0201406
91 9 3 0 2 0.070287
91 11 1 0 2 0.013306
91 13 3 0 3 0.0727279
91 9 2 0 1 9.17269e-48
91 4 2 0 2 0.0244721
91 6 3 0 3 0.0398565
91 13 3 0 2 0.0872532
91 12 1 0 2 0.0852591
91 9 1 0 3 0.0270239
91 11 3 0 2 0.0342409
91 12 3 0 3 0.0587974
91 13 1 0 3 0.0338712
91 11 2 0 2 0.0196725
92 9 3 0 3 0.125032
92 11 1 0 1 0.0135865
92 8 2 0 3 0.0110833
92 10 2 0 3 0.0650711
92 12 2 0 1 0.0295921
92 9 1 0 1 0.0365144
92 8 3 0 3 0.0446689
92 7 1 0 1 0.0265148
92 4 2 0 1 0.0097259
92 12 1 0 3 0.028172
92 11 2 0 1 0.0415905
92 7 2 0 2 0.0193033
92 5 3 0 3 0.0636802
92 9 3 0 2 0.031777
92 11 1 0 2 0.00886667
92 13 3 0 3 0.064422
92 9 2 0 1 0.0273997
92 4 2 0 2 0.00516998
92 6 3 0 3 0.105863
92 13 3 0 2 0.0332661
92 12 1 0 2 0.0405822
92 9 1 0 3 0.0232571
92 11 3 0 2 0.0278484
92 12 3 0 3 0.0793608
92 13 1 0 3 0.0245823
92 11 2 0 2 0.013069
93 9 3 0 3 0.0481988
93 11 1 0 1 0.0124347
93 8 2 0 3 0.0572153
93 10 2 0 3 0.0379808
93 12 2 0 1 0.0515213
93 9 1 0 1 0.0403838
93 8 3 0 3 0.15353
93 7 1 0 1 0.014556
93 4 2 0 1 0.0305271
93 12 1 0 3 0.0433062
93 11 2 0 1 0.0293104
93 7 2 0 2 0.00924443
93 5 3 0 3 0.0220844
93 9 3 0 2 0.0204125
93 11 1 0 2 0.0091935
93 13 3 0 3 0.0413457
93 9 2 0 1 0.023334
93 4 2 0 2 0.0183839
93 6 3 0 3 0.0614642
93 13 3 0 2 0.0355769
93 12 1 0 2 0.103953
93 9 1 0 3 0.0174873
93 11 3 0 2 0.0148036
93 12 3 0 3 0.0625441
93 13 1 0 3 0.0307731
93 11 2 0 2 0.0104343
94 9 3 0 3 0.0649353
94 11 1 0 1 0.0312187
94 8 2 0 3 0.0329632
94 10 2 0 3 0.0498167
94 12 2 0 1 0.0300343
94 9 1 0 1 0.0563161
94 8 3 0 3 0.0889038
94 7 1 0 1 0.0317745
94 4 2 0 1 0.0345693
94 12 1 0 3 0.0351561
94 11 2 0 1 0.0611361
94 7 2 0 2 0.0195172
94 5 3 0 3 0.0403931
94 9 3 0 2 0.0276715
94 11 1 0 2 0.0268701
94 13 3 0 3 0.0268884
94 9 2 0 1 0.0270339
94 4 2 0 2 0.0242354
94 6 3 0 3 0.0263276
94 13 3 0 2 0.0232807
94 12 1 0 2 0.0849143
94 9 1 0 3 0.0282139
94 11 3 0 2 0.0361294
94 12 3 0 3 0.0423977
94 13 1 0 3 0.0239664
94 11 2 0 2 0.0253365
95 9 3 0 3 0.0667488
95 11 1 0 1 0.0341703
95 8 2 0 3 0.0332498
95 10 2 0 3 0.0220617
95 12 2 0 1 0.0253236
95 9 1 0 1 0.0753861
95 8 3 0 3 0.0735979
95 7 1 0 1 0.0276001
95 4 2 0 1 0.0409052
95 12 1 0 3 0.0222759
95 11 2 0 1 0.0746668
95 7 2 0 2 0.0221193
95 5 3 0 3 0.0362627
95 9 3 0 2 0.039664
95 11 1 0 2 0.0343895
95 13 3 0 3 0.0177101
95 9 2 0 1 0.0403798
95 4 2 0 2 0.0335322
95 6 3 0 3 0.0315118
95 13 3 0 2 0.0213821
95 12 1 0 2 0.0750267
95 9 1 0 3 0.0316698
95 11 3 0 2 0.0423447
95 12 3 0 3 0.0246012
95 13 1 0 3 0.0172376
95 11 2 0 2 0.0361826
96 9 3 0 3 0.0621946
96 11 1 0 1 0.0197631
96 8 2 0 3 0.0275378
96 10 2 0 3 0.022513
96 12 2 0 1 0.039717
96 9 1 0 1 0.0720292
96 8 3 0 3 0.0615528
96 7 1 0 1 0.0727015
96 4 2 0 1 0.0366776
96 12 1 0 3 0.0381733
96 11 2 0 1 0.0405996
96 7 2 0 2 0.0530334
96 5 3 0 3 0.00463048
96 9 3 0 2 0.0348339
96 11 1 0 2 0.0192571
96 13 3 0 3 0.0258758
96 9 2 0 1 0.0362719
96 4 2 0 2 0.02911
96 6 3 0 3 0.0137063
96 13 3 0 2 0.0294457
96 12 1 0 2 0.121182
96 9 1 0 3 0.031083
96 11 3 0 2 0.0225109
96 12 3 0 3 0.0400232
96 13 1 0 3 0.0265289
96 11 2 0 2 0.0190481
97 9 3 0 3 0.026541
97 11 1 0 1 0.0509668
97 8 2 0 3 0.0140946
97 10 2 0 3 0.05064
97 12 2 0 1 0.0503263
97 9 1 0 1 0.106544
97 8 3 0 3 0.0159953
97 7 1 0 1 0.0355259
97 4 2 0 1 0.0280412
97 12 1 0 3 0.0412227
97 11 2 0 1 0.0854943
97 7 2 0 2 0.0165494
97 5 3 0 3 0.0219232
97 9 3 0 2 0.0167061
97 11 1 0 2 0.0388394
97 13 3 0 3 0.0138814
97 9 2 0 1 0.0438098
97 4 2 0 2 0.0174056
97 6 3 0 3 0.0262364
97 13 3 0 2 0.0177529
97 12 1 0 2 0.14707
97 9 1 0 3 0.0319951
97 11 3 0 2 0.0188226
97 12 3 0 3 0.0179181
97 13 1 0 3 0.0343283
97 11 2 0 2 0.0313702
98 9 3 0 3 1.02506e-47
98 11 1 0 1 0.0684346
98 8 2 0 3 0.0356905
98 10 2 0 3 0.0229982
98 12 2 0 1 0.0571376
98 9 1 0 1 0.0844217
98 8 3 0 3 1.40542e-47
98 7 1 0 1 0.0385945
98 4 2 0 1 0.0606368
98 12 1 0 3 0.0467675
98 11 2 0 1 0.136107
98 7 2 0 2 0.0238482
98 5 3 0 3 1.10139e-47
98 9 3 0 2 6.0927e-48
98 11 1 0 2 0.0583445
98 13 3 0 3 6.70241e-48
98 9 2 0 1 0.0411578
98 4 2 0 2 0.0421081
98 6 3 0 3 7.17936e-48
98 13 3 0 2 8.09415e-48
98 12 1 0 2 0.157556
98 9 1 0 3 0.0300361
98 11 3 0 2 1.16326e-47
98 12 3 0 3 8.36315e-48
98 13 1 0 3 0.0402886
98 11 2 0 2 0.0558726
99 3 0 0 2 0.475563
99 2 0 0 1 0.524437
