0 0 2 1 0 0.267378
0 0 1 2 0 0.533773
0 0 3 3 0 0.198849
1 0 2 8 2 0.022662
1 0 3 12 2 0.0145684
1 0 3 4 2 0.0459891
1 0 2 11 3 0.0165322
1 0 2 10 2 0.0374466
1 0 1 8 2 0.0122877
1 0 2 5 3 0.083182
1 0 1 4 2 0.0118582
1 0 2 12 1 0.0652146
1 0 2 9 1 0.0577082
1 0 3 10 2 0.038992
1 0 2 5 2 0.0439142
1 0 1 9 1 0.0316543
1 0 3 6 1 0.0797828
1 0 2 10 1 0.141231
1 0 3 12 1 0.0650919
1 0 2 10 3 0.036973
1 0 2 4 2 0.022277
1 0 1 8 3 0.00595086
1 0 3 11 2 0.0173829
1 0 2 4 1 0.0930787
1 0 1 11 3 0.00921045
1 0 2 4 3 0.023204
1 0 3 4 3 0.023808
2 0 2 8 2 0.113135
2 0 3 12 2 0.0222509
2 0 3 4 2 0.108333
2 0 2 11 3 0.0610489
2 0 2 10 2 0.0595767
2 0 1 8 2 0.0990511
2 0 2 5 3 0.000367349
2 0 1 4 2 0.0483036
2 0 2 12 1 0.0083389
2 0 2 9 1 0.00181896
2 0 3 10 2 0.0579258
2 0 2 5 2 0.000253676
2 0 1 9 1 0.00161105
2 0 3 6 1 0.015503
2 0 2 10 1 0.0175653
2 0 3 12 1 0.00777184
2 0 2 10 3 0.04497
2 0 2 4 2 0.0561988
2 0 1 8 3 0.0366727
2 0 3 11 2 0.0784024
2 0 2 4 1 0.0183563
2 0 1 11 3 0.0549184
2 0 2 4 3 0.0447516
2 0 3 4 3 0.0428747
3 0 2 8 2 0.0954044
3 0 3 12 2 0.0339879
3 0 3 4 2 0.0445081
3 0 2 11 3 0.0570453
3 0 2 10 2 0.0344755
3 0 1 8 2 0.0857305
3 0 2 5 3 0.0460781
3 0 1 4 2 0.0207031
3 0 2 12 1 0.0410156
3 0 2 9 1 0.0426434
3 0 3 10 2 0.032979
3 0 2 5 2 0.0168847
3 0 1 9 1 0.0387652
3 0 3 6 1 0.0240267
3 0 2 10 1 0.0322022
3 0 3 12 1 0.0376093
3 0 2 10 3 0.049041
3 0 2 4 2 0.023468
3 0 1 8 3 0.0598164
3 0 3 11 2 0.0382474
3 0 2 4 1 0.0242844
3 0 1 11 3 0.0526704
3 0 2 4 3 0.0352176
3 0 3 4 3 0.0331958
4 0 2 8 2 0.0745619
4 0 3 12 2 0.048145
4 0 3 4 2 0.087523
4 0 2 11 3 0.0317492
4 0 2 10 2 0.0373796
4 0 1 8 2 0.0695273
4 0 2 5 3 0.0407341
4 0 1 4 2 0.0333116
4 0 2 12 1 0.0409558
4 0 2 9 1 0.0331777
4 0 3 10 2 0.0453477
4 0 2 5 2 0.0233477
4 0 1 9 1 0.0312974
4 0 3 6 1 0.0397516
4 0 2 10 1 0.0312135
4 0 3 12 1 0.0476272
4 0 2 10 3 0.0339936
4 0 2 4 2 0.0363886
4 0 1 8 3 0.0310138
4 0 3 11 2 0.0422273
4 0 2 4 1 0.0336628
4 0 1 11 3 0.0304194
4 0 2 4 3 0.0349111
4 0 3 4 3 0.0417332
5 0 2 8 2 0.0558656
5 0 3 12 2 0.0304646
5 0 3 4 2 0.0716834
5 0 2 11 3 0.0621467
5 0 2 10 2 0.0253427
5 0 1 8 2 0.0846028
5 0 2 5 3 0.0250789
5 0 1 4 2 0.0614946
5 0 2 12 1 0.0289653
5 0 2 9 1 0.028467
5 0 3 10 2 0.0221528
5 0 2 5 2 0.0114919
5 0 1 9 1 0.0436119
5 0 3 6 1 0.0224013
5 0 2 10 1 0.0170426
5 0 3 12 1 0.0242702
5 0 2 10 3 0.0288281
5 0 2 4 2 0.0413624
5 0 1 8 3 0.0472046
5 0 3 11 2 0.047614
5 0 2 4 1 0.0308152
5 0 1 11 3 0.0967024
5 0 2 4 3 0.0496368
5 0 3 4 3 0.0427541
6 0 2 8 2 0.107633
6 0 3 12 2 0.0719777
6 0 3 4 2 2.02372e-44
6 0 2 11 3 0.00067127
6 0 2 10 2 0.0319783
6 0 1 8 2 0.0969833
6 0 2 5 3 0.156075
6 0 1 4 2 8.57289e-45
6 0 2 12 1 0.0665842
6 0 2 9 1 0.0636256
6 0 3 10 2 0.033681
6 0 2 5 2 0.0622491
6 0 1 9 1 0.0579969
6 0 3 6 1 0.052987
6 0 2 10 1 0.0252104
6 0 3 12 1 0.0672232
6 0 2 10 3 0.041793
6 0 2 4 2 9.6914e-45
6 0 1 8 3 0.06217
6 0 3 11 2 0.000539363
6 0 2 4 1 8.46425e-45
6 0 1 11 3 0.000621479
6 0 2 4 3 1.33619e-44
6 0 3 4 3 1.38674e-44
7 0 2 8 2 0.032988
7 0 3 12 2 0.0424666
7 0 3 4 2 0.133889
7 0 2 11 3 0.0150962
7 0 2 10 2 0.0381755
7 0 1 8 2 0.0460525
7 0 2 5 3 0.0488933
7 0 1 4 2 0.0968762
7 0 2 12 1 0.0346266
7 0 2 9 1 0.0236892
7 0 3 10 2 0.0364725
7 0 2 5 2 0.0372174
7 0 1 9 1 0.0334558
7 0 3 6 1 0.0208827
7 0 2 10 1 0.0240631
7 0 3 12 1 0.031711
7 0 2 10 3 0.0261419
7 0 2 4 2 0.0706851
7 0 1 8 3 0.0154683
7 0 3 11 2 0.0209991
7 0 2 4 1 0.0493596
7 0 1 11 3 0.0216544
7 0 2 4 3 0.0510639
7 0 3 4 3 0.048072
8 0 0 2 1 0.213524
8 0 0 1 2 0.451995
8 0 0 3 3 0.334481
9 2 8 2 0 0.0900193
9 3 12 2 0 0.0180474
9 3 4 2 0 0.0670578
9 2 11 3 0 0.0150286
9 2 10 2 0 0.066566
9 1 8 2 0 0.0928839
9 2 5 3 0 0.0392002
9 1 4 2 0 0.0487924
9 2 12 1 0 0.0172824
9 2 9 1 0 0.0677031
9 3 10 2 0 0.0467422
9 2 5 2 0 0.0238089
9 1 9 1 0 0.0706702
9 3 6 1 0 0.0129404
9 2 10 1 0 0.0362178
9 3 12 1 0 0.0116327
9 2 10 3 0 0.057128
9 2 4 2 0 0.0481677
9 1 8 3 0 0.0390996
9 3 11 2 0 0.0122598
9 2 4 1 0 0.0290337
9 1 11 3 0 0.0159332
9 2 4 3 0 0.0436101
9 3 4 3 0 0.0301746
10 4 6 8 7 2.4573e-47
10 6 8 7 4 8.53204e-47
10 7 4 6 8 2.61333e-47
10 8 7 4 6 0.000388998
10 8 10 12 12 3.65678e-46
10 10 12 12 8 2.74067e-45
10 12 8 10 12 8.09342e-07
10 12 12 8 10 0.0513319
10 6 9 9 12 1.80248e-05
10 9 9 12 6 1.19074e-48
10 9 12 6 9 0.0220812
10 12 6 9 9 0.00292729
10 6 7 7 12 5.8631e-48
10 7 7 12 6 2.08892e-93
10 7 12 6 7 8.18828e-94
10 12 6 7 7 2.01273e-92
10 6 10 12 10 7.65549e-46
10 10 6 10 12 5.67742e-06
10 10 12 10 6 5.3129e-06
10 12 10 6 10 0.0283912
10 8 10 11 11 0.0213048
10 10 11 11 8 0.0203218
10 11 8 10 11 2.83435e-06
10 11 11 8 10 0.022879
10 4 12 4 12 0.0218468
10 12 4 12 4 4.47185e-45
10 4 5 5 6 1.3666e-45
10 5 5 6 4 0.104675
10 5 6 4 5 0.00957461
10 6 4 5 5 2.92167e-45
10 8 8 9 11 0.000455457
10 8 9 11 8 7.45718e-05
10 9 11 8 8 0.0443692
10 11 8 8 9 0.000607948
10 4 4 11 10 0.0159013
10 4 11 10 4 7.66052e-05
10 10 4 4 11 0.0110869
10 11 10 4 4 0.0188074
10 4 4 5 6 3.05309e-46
10 4 5 6 4 0.102808
10 5 6 4 4 0.00576343
10 6 4 4 5 0.00568554
10 8 9 8 9 0.000115624
10 9 8 9 8 0.00214451
10 4 10 8 6 0.00527845
10 6 4 10 8 1.53412e-05
10 8 6 4 10 0.00139224
10 10 8 6 4 0.00132305
10 6 12 10 12 1.46674e-05
10 10 12 6 12 0.0161657
10 12 6 12 10 6.64366e-46
10 12 10 12 6 2.48289e-46
10 5 11 9 6 0.00122696
10 6 5 11 9 0.0108465
10 9 6 5 11 3.44301e-45
10 11 9 6 5 0.000290247
10 4 11 6 7 5.01385e-47
10 6 7 4 11 0.0100739
10 7 4 11 6 2.1943e-48
10 11 6 7 4 1.94456e-45
10 4 9 10 12 1.3739e-07
10 9 10 12 4 3.42261e-45
10 10 12 4 9 0.00621994
10 12 4 9 10 0.00802166
10 6 10 12 7 1.04875e-90
10 7 6 10 12 6.90943e-51
10 10 12 7 6 2.97337e-46
10 12 7 6 10 0.0167134
10 7 10 10 12 1.12173e-50
10 10 10 12 7 9.7083e-91
10 10 12 7 10 1.29165e-45
10 12 7 10 10 1.40376e-05
10 5 12 10 11 5.75686e-07
10 10 11 5 12 6.07303e-48
10 11 5 12 10 1.27632e-47
10 12 10 11 5 0.000280603
10 7 12 8 8 7.78575e-47
10 8 7 12 8 6.94093e-46
10 8 8 7 12 1.88601e-47
10 12 8 8 7 1.9899e-48
10 4 9 8 7 3.31903e-49
10 7 4 9 8 1.19546e-47
10 8 7 4 9 0.00154776
10 9 8 7 4 1.73444e-46
10 4 10 10 10 2.41572e-05
10 10 4 10 10 8.3279e-06
10 10 10 4 10 0.00396728
10 10 10 10 4 2.96533e-05
10 6 12 11 8 0.0257408
10 8 6 12 11 6.39243e-46
10 11 8 6 12 0.000503596
10 12 11 8 6 0.00426808
10 4 7 8 9 0.000150813
10 7 8 9 4 8.98464e-51
10 8 9 4 7 3.14239e-52
10 9 4 7 8 2.129e-47
10 7 10 11 10 1.37503e-47
10 10 7 10 11 2.8238e-05
10 10 11 10 7 2.09416e-50
10 11 10 7 10 1.27894e-45
10 4 12 11 9 0.0230896
10 9 4 12 11 2.48787e-45
10 11 9 4 12 2.78221e-05
10 12 11 9 4 0.0235596
10 9 11 12 10 1.00505e-47
10 10 9 11 12 3.66035e-07
10 11 12 10 9 2.04089e-07
10 12 10 9 11 0.000263193
10 4 9 6 12 0.000149776
10 6 12 4 9 0.00615223
10 9 6 12 4 1.93031e-45
10 12 4 9 6 0.00169077
10 8 8 10 12 5.0501e-07
10 8 10 12 8 1.76689e-45
10 10 12 8 8 0.09587
10 12 8 8 10 0.00217673
10 8 9 9 10 2.16278e-07
10 9 9 10 8 2.61014e-09
10 9 10 8 9 0.000159948
10 10 8 9 9 1.56614e-06
10 8 10 10 12 6.1417e-06
10 10 10 12 8 1.41339e-45
10 10 12 8 10 0.0256217
10 12 8 10 10 1.04513e-06
10 5 10 12 8 1.16995e-45
10 8 5 10 12 7.70499e-06
10 10 12 8 5 0.0424784
10 12 8 5 10 7.17081e-47
10 6 9 8 10 7.82842e-05
10 8 10 6 9 0.00570139
10 9 8 10 6 1.73842e-07
10 10 6 9 8 0.00524978
10 5 11 9 10 0.00580367
10 9 10 5 11 6.08643e-45
10 10 5 11 9 0.010933
10 11 9 10 5 2.65445e-07
10 6 9 9 8 5.63935e-05
10 8 6 9 9 0.00118272
10 9 8 6 9 0.000606299
10 9 9 8 6 2.69706e-05
10 5 7 12 7 4.77115e-91
10 7 5 7 12 7.94291e-91
10 7 12 7 5 2.62838e-90
10 12 7 5 7 1.33072e-90
10 6 7 12 10 5.2488e-46
10 7 12 10 6 7.53059e-51
10 10 6 7 12 3.70062e-46
10 12 10 6 7 4.52992e-47
10 4 4 8 10 0.0243419
10 4 8 10 4 3.42191e-06
10 8 10 4 4 0.00854379
10 10 4 4 8 0.0071819
10 4 9 9 12 5.32326e-05
10 9 9 12 4 2.0257e-47
10 9 12 4 9 0.00971704
10 12 4 9 9 0.00522681
10 4 7 4 8 0.0107241
10 4 8 4 7 5.48427e-49
10 7 4 8 4 3.17983e-47
10 8 4 7 4 8.77689e-46
10 4 4 8 9 0.0144938
10 4 8 9 4 0.00121156
10 8 9 4 4 4.62087e-05
10 9 4 4 8 0.0102528
10 4 11 7 7 3.97683e-90
10 7 4 11 7 2.20349e-92
10 7 7 4 11 1.91505e-47
10 11 7 7 4 3.13595e-45
10 5 8 9 6 5.48338e-05
10 6 5 8 9 0.0166121
10 8 9 6 5 0.000131917
10 9 6 5 8 2.23141e-45
10 7 8 12 10 3.20641e-92
10 8 12 10 7 1.7871e-50
10 10 7 8 12 0.00510961
10 12 10 7 8 2.25776e-45
10 4 5 6 7 5.30919e-47
10 5 6 7 4 9.08822e-46
10 6 7 4 5 0.00449253
10 7 4 5 6 1.71932e-91
10 4 12 10 5 6.13873e-05
10 5 4 12 10 3.24437e-46
10 10 5 4 12 0.00304661
10 12 10 5 4 3.22203e-45
11 4 6 8 7 6.94603e-48
11 6 8 7 4 3.05381e-49
11 7 4 6 8 1.43299e-92
11 8 7 4 6 4.47367e-48
11 8 10 12 12 9.28805e-48
11 10 12 12 8 5.79182e-48
11 12 8 10 12 0.0166757
11 12 12 8 10 1.63762e-48
11 6 9 9 12 3.02088e-49
11 9 9 12 6 3.08795e-49
11 9 12 6 9 1.65947e-48
11 12 6 9 9 2.05481e-48
11 6 7 7 12 1.89104e-50
11 7 7 12 6 6.4187e-95
11 7 12 6 7 9.44844e-95
11 12 6 7 7 3.52333e-50
11 6 10 12 10 3.76629e-49
11 10 6 10 12 0.0442852
11 10 12 10 6 0.0227507
11 12 10 6 10 2.18624e-48
11 8 10 11 11 1.00021e-47
11 10 11 11 8 3.00169e-48
11 11 8 10 11 0.0697818
11 11 11 8 10 3.29804e-48
11 4 12 4 12 2.25393e-47
11 12 4 12 4 5.28744e-48
11 4 5 5 6 1.39406e-47
11 5 5 6 4 1.3224e-47
11 5 6 4 5 2.47438e-47
11 6 4 5 5 4.83449e-48
11 8 8 9 11 3.96035e-48
11 8 9 11 8 5.39645e-48
11 9 11 8 8 7.83828e-49
11 11 8 8 9 6.62841e-48
11 4 4 11 10 1.1005e-47
11 4 11 10 4 0.0364997
11 10 4 4 11 6.27322e-48
11 11 10 4 4 9.37925e-48
11 4 4 5 6 1.0749e-47
11 4 5 6 4 8.81207e-48
11 5 6 4 4 4.43028e-48
11 6 4 4 5 1.49658e-48
11 8 9 8 9 1.09869e-47
11 9 8 9 8 2.72929e-48
11 4 10 8 6 4.9929e-48
11 6 4 10 8 0.00901213
11 8 6 4 10 2.85579e-48
11 10 8 6 4 1.86199e-48
11 6 12 10 12 0.00649246
11 10 12 6 12 6.20669e-48
11 12 6 12 10 1.23251e-48
11 12 10 12 6 1.33097e-48
11 5 11 9 6 2.11968e-48
11 6 5 11 9 7.81535e-49
11 9 6 5 11 2.22283e-48
11 11 9 6 5 1.92384e-47
11 4 11 6 7 5.44259e-48
11 6 7 4 11 9.05235e-49
11 7 4 11 6 6.21761e-93
11 11 6 7 4 1.22695e-47
11 4 9 10 12 0.0669553
11 9 10 12 4 1.1859e-48
11 10 12 4 9 4.54023e-48
11 12 4 9 10 2.35252e-48
11 6 10 12 7 4.45525e-49
11 7 6 10 12 5.79992e-47
11 10 12 7 6 2.80871e-48
11 12 7 6 10 2.49721e-48
11 7 10 10 12 5.53784e-47
11 10 10 12 7 2.51086e-48
11 10 12 7 10 2.48341e-48
11 12 7 10 10 0.0147216
11 5 12 10 11 0.000612176
11 10 11 5 12 2.39097e-50
11 11 5 12 10 4.66716e-50
11 12 10 11 5 4.95554e-50
11 7 12 8 8 8.81346e-93
11 8 7 12 8 1.32884e-47
11 8 8 7 12 6.45406e-48
11 12 8 8 7 1.15053e-48
11 4 9 8 7 4.53895e-48
11 7 4 9 8 1.24401e-92
11 8 7 4 9 1.02351e-47
11 9 8 7 4 8.09677e-49
11 4 10 10 10 0.0462863
11 10 4 10 10 0.0247972
11 10 10 4 10 1.74502e-48
11 10 10 10 4 0.0237579
11 6 12 11 8 7.96645e-49
11 8 6 12 11 5.72329e-48
11 11 8 6 12 8.52069e-48
11 12 11 8 6 5.24441e-49
11 4 7 8 9 1.59159e-49
11 7 8 9 4 2.58234e-95
11 8 9 4 7 2.69276e-50
11 9 4 7 8 3.59836e-50
11 7 10 11 10 3.95156e-93
11 10 7 10 11 0.0521094
11 10 11 10 7 0.0123554
11 11 10 7 10 8.78906e-48
11 4 12 11 9 1.32142e-47
11 9 4 12 11 2.05355e-48
11 11 9 4 12 6.53535e-48
11 12 11 9 4 8.5614e-49
11 9 11 12 10 2.96982e-51
11 10 9 11 12 2.48616e-50
11 11 12 10 9 0.00105511
11 12 10 9 11 2.46537e-50
11 4 9 6 12 1.03993e-47
11 6 12 4 9 7.37641e-49
11 9 6 12 4 1.13722e-48
11 12 4 9 6 2.43619e-48
11 8 8 10 12 0.0783416
11 8 10 12 8 1.74336e-47
11 10 12 8 8 1.00845e-47
11 12 8 8 10 1.45751e-48
11 8 9 9 10 1.95749e-50
11 9 9 10 8 8.19733e-05
11 9 10 8 9 1.44319e-50
11 10 8 9 9 2.18832e-50
11 8 10 10 12 0.0772759
11 10 10 12 8 5.08467e-48
11 10 12 8 10 2.24388e-48
11 12 8 10 10 0.00696449
11 5 10 12 8 8.01122e-48
11 8 5 10 12 0.056371
11 10 12 8 5 6.75369e-48
11 12 8 5 10 8.90512e-49
11 6 9 8 10 1.57697e-49
11 8 10 6 9 9.33817e-48
11 9 8 10 6 0.00334718
11 10 6 9 8 4.30099e-48
11 5 11 9 10 2.04074e-48
11 9 10 5 11 2.31101e-48
11 10 5 11 9 4.79597e-48
11 11 9 10 5 0.123494
11 6 9 9 8 3.67149e-49
11 8 6 9 9 6.2507e-48
11 9 8 6 9 9.56342e-49
11 9 9 8 6 3.48144e-49
11 5 7 12 7 4.55729e-48
11 7 5 7 12 5.02986e-93
11 7 12 7 5 9.87289e-93
11 12 7 5 7 2.24572e-48
11 6 7 12 10 5.01046e-49
11 7 12 10 6 3.47028e-47
11 10 6 7 12 6.36763e-48
11 12 10 6 7 3.01205e-48
11 4 4 8 10 9.40511e-48
11 4 8 10 4 0.0436513
11 8 10 4 4 5.56571e-48
11 10 4 4 8 7.6146e-48
11 4 9 9 12 7.01418e-48
11 9 9 12 4 5.77377e-49
11 9 12 4 9 1.51953e-48
11 12 4 9 9 4.33044e-48
11 4 7 4 8 1.41967e-47
11 4 8 4 7 3.3165e-48
11 7 4 8 4 5.52858e-93
11 8 4 7 4 8.53818e-48
11 4 4 8 9 1.58204e-47
11 4 8 9 4 4.17872e-48
11 8 9 4 4 2.47621e-48
11 9 4 4 8 2.32881e-48
11 4 11 7 7 6.68402e-48
11 7 4 11 7 1.09734e-92
11 7 7 4 11 1.12744e-92
11 11 7 7 4 2.25799e-47
11 5 8 9 6 2.53622e-48
11 6 5 8 9 6.68241e-49
11 8 9 6 5 1.14217e-47
11 9 6 5 8 2.69943e-48
11 7 8 12 10 1.27423e-93
11 8 12 10 7 0.0368884
11 10 7 8 12 4.57013e-48
11 12 10 7 8 3.23325e-48
11 4 5 6 7 7.27698e-48
11 5 6 7 4 5.19836e-48
11 6 7 4 5 1.14335e-48
11 7 4 5 6 5.04433e-93
11 4 12 10 5 0.125436
11 5 4 12 10 3.71189e-48
11 10 5 4 12 2.40926e-48
11 12 10 5 4 1.75247e-48
12 4 6 8 7 0.00589153
12 6 8 7 4 0.000254164
12 7 4 6 8 4.84449e-47
12 8 7 4 6 0.000329315
12 8 10 12 12 0.0108964
12 10 12 12 8 0.0145733
12 12 8 10 12 0.00632043
12 12 12 8 10 0.00318878
12 6 9 9 12 0.00106142
12 9 9 12 6 0.00112543
12 9 12 6 9 0.0159702
12 12 6 9 9 0.0108734
12 6 7 7 12 5.33303e-05
12 7 7 12 6 7.66611e-50
12 7 12 6 7 1.37935e-49
12 12 6 7 7 6.92727e-05
12 6 10 12 10 0.00200581
12 10 6 10 12 0.0114382
12 10 12 10 6 0.004498
12 12 10 6 10 0.0108364
12 8 10 11 11 2.21489e-45
12 10 11 11 8 2.47019e-45
12 11 8 10 11 0.0195797
12 11 11 8 10 0.00823737
12 4 12 4 12 0.00212996
12 12 4 12 4 0.00121612
12 4 5 5 6 0.00520385
12 5 5 6 4 0.00548652
12 5 6 4 5 0.00147164
12 6 4 5 5 0.00110394
12 8 8 9 11 0.00563956
12 8 9 11 8 2.84932e-45
12 9 11 8 8 0.00502393
12 11 8 8 9 0.0217175
12 4 4 11 10 3.69806e-45
12 4 11 10 4 0.00176785
12 10 4 4 11 0.000470119
12 11 10 4 4 0.000203011
12 4 4 5 6 0.00274921
12 4 5 6 4 0.00326997
12 5 6 4 4 0.000109699
12 6 4 4 5 0.000110154
12 8 9 8 9 0.0223079
12 9 8 9 8 0.0244586
12 4 10 8 6 0.00524101
12 6 4 10 8 0.00631477
12 8 6 4 10 0.000522059
12 10 8 6 4 0.000908425
12 6 12 10 12 0.00266768
12 10 12 6 12 0.0116648
12 12 6 12 10 0.00459118
12 12 10 12 6 0.00270221
12 5 11 9 6 0.00479491
12 6 5 11 9 1.19517e-45
12 9 6 5 11 0.00192015
12 11 9 6 5 0.0200946
12 4 11 6 7 0.0113584
12 6 7 4 11 0.000156968
12 7 4 11 6 1.451e-90
12 11 6 7 4 0.00454066
12 4 9 10 12 0.0151516
12 9 10 12 4 0.000663459
12 10 12 4 9 0.00102434
12 12 4 9 10 0.00552423
12 6 10 12 7 0.00104495
12 7 6 10 12 1.58017e-47
12 10 12 7 6 0.00433297
12 12 7 6 10 0.00914492
12 7 10 10 12 1.30853e-47
12 10 10 12 7 0.00269663
12 10 12 7 10 0.00609637
12 12 7 10 10 0.00539714
12 5 12 10 11 0.000112074
12 10 11 5 12 1.16017e-05
12 11 5 12 10 0.000124596
12 12 10 11 5 8.12787e-48
12 7 12 8 8 1.67859e-47
12 8 7 12 8 0.0236584
12 8 8 7 12 0.01159
12 12 8 8 7 0.00150028
12 4 9 8 7 0.00353379
12 7 4 9 8 2.85725e-47
12 8 7 4 9 0.00163392
12 9 8 7 4 0.000693376
12 4 10 10 10 0.0165487
12 10 4 10 10 0.0064768
12 10 10 4 10 0.000343938
12 10 10 10 4 0.000908539
12 6 12 11 8 9.06261e-46
12 8 6 12 11 0.00705866
12 11 8 6 12 0.0261925
12 12 11 8 6 0.00101382
12 4 7 8 9 0.000267685
12 7 8 9 4 9.02879e-51
12 8 9 4 7 1.9899e-06
12 9 4 7 8 0.000202429
12 7 10 11 10 2.10439e-90
12 10 7 10 11 0.00786305
12 10 11 10 7 0.00270442
12 11 10 7 10 0.0276306
12 4 12 11 9 7.28928e-45
12 9 4 12 11 0.00427861
12 11 9 4 12 0.000876955
12 12 11 9 4 0.000390571
12 9 11 12 10 2.15939e-05
12 10 9 11 12 7.94454e-48
12 11 12 10 9 0.000486611
12 12 10 9 11 4.52688e-05
12 4 9 6 12 0.0235067
12 6 12 4 9 0.000363443
12 9 6 12 4 0.000733587
12 12 4 9 6 0.00359504
12 8 8 10 12 0.0180297
12 8 10 12 8 0.0420111
12 10 12 8 8 0.0182084
12 12 8 8 10 0.0043156
12 8 9 9 10 4.23617e-05
12 9 9 10 8 8.96995e-05
12 9 10 8 9 7.73401e-05
12 10 8 9 9 9.68245e-05
12 8 10 10 12 0.0139245
12 10 10 12 8 0.0152323
12 10 12 8 10 0.00329813
12 12 8 10 10 0.0044139
12 5 10 12 8 0.0256123
12 8 5 10 12 0.0103377
12 10 12 8 5 0.00243431
12 12 8 5 10 0.000921334
12 6 9 8 10 0.000637831
12 8 10 6 9 0.0383027
12 9 8 10 6 0.00226117
12 10 6 9 8 0.0154854
12 5 11 9 10 0.00734589
12 9 10 5 11 0.00173138
12 10 5 11 9 3.35841e-45
12 11 9 10 5 0.0129134
12 6 9 9 8 0.0026498
12 8 6 9 9 0.0200843
12 9 8 6 9 0.013995
12 9 9 8 6 0.000910501
12 5 7 12 7 0.00385915
12 7 5 7 12 9.43813e-48
12 7 12 7 5 6.26928e-48
12 12 7 5 7 0.000591908
12 6 7 12 10 0.00197148
12 7 12 10 6 7.23722e-48
12 10 6 7 12 0.012833
12 12 10 6 7 0.00657499
12 4 4 8 10 0.0109547
12 4 8 10 4 0.00203505
12 8 10 4 4 9.0091e-05
12 10 4 4 8 0.00128559
12 4 9 9 12 0.0107718
12 9 9 12 4 0.000341869
12 9 12 4 9 0.000770346
12 12 4 9 9 0.0138585
12 4 7 4 8 0.002424
12 4 8 4 7 0.000350951
12 7 4 8 4 7.26536e-49
12 8 4 7 4 0.00142908
12 4 4 8 9 0.0251131
12 4 8 9 4 0.00132208
12 8 9 4 4 4.24211e-05
12 9 4 4 8 0.000883482
12 4 11 7 7 0.0108965
12 7 4 11 7 1.79463e-90
12 7 7 4 11 9.44283e-49
12 11 7 7 4 0.00535443
12 5 8 9 6 0.00552228
12 6 5 8 9 0.00354213
12 8 9 6 5 0.00892177
12 9 6 5 8 0.0052534
12 7 8 12 10 4.18644e-48
12 8 12 10 7 0.00411132
12 10 7 8 12 0.00353365
12 12 10 7 8 0.0153784
12 4 5 6 7 0.0116481
12 5 6 7 4 0.00190872
12 6 7 4 5 8.91633e-05
12 7 4 5 6 1.42575e-48
12 4 12 10 5 0.00923725
12 5 4 12 10 0.00673638
12 10 5 4 12 0.00028902
12 12 10 5 4 0.000144935
13 4 6 8 7 0.00720237
13 6 8 7 4 0.000514983
13 7 4 6 8 1.71129e-47
13 8 7 4 6 0.010324
13 8 10 12 12 0.00591059
13 10 12 12 8 0.00940612
13 12 8 10 12 0.00394019
13 12 12 8 10 0.00573725
13 6 9 9 12 0.000620852
13 9 9 12 6 0.00270709
13 9 12 6 9 0.00422741
13 12 6 9 9 0.00488724
13 6 7 7 12 3.85028e-05
13 7 7 12 6 2.66285e-49
13 7 12 6 7 7.7863e-50
13 12 6 7 7 5.6752e-05
13 6 10 12 10 0.00334667
13 10 6 10 12 0.00739887
13 10 12 10 6 0.00975611
13 12 10 6 10 0.00712428
13 8 10 11 11 0.00323112
13 10 11 11 8 0.00345258
13 11 8 10 11 0.0116085
13 11 11 8 10 0.0113495
13 4 12 4 12 0.0130283
13 12 4 12 4 0.00806333
13 4 5 5 6 0.0171748
13 5 5 6 4 0.00440489
13 5 6 4 5 0.00706436
13 6 4 5 5 0.00338182
13 8 8 9 11 0.00235187
13 8 9 11 8 0.00443215
13 9 11 8 8 0.00292923
13 11 8 8 9 0.00849216
13 4 4 11 10 0.0188896
13 4 11 10 4 0.007788
13 10 4 4 11 0.00482727
13 11 10 4 4 0.00504147
13 4 4 5 6 0.0208537
13 4 5 6 4 0.00339289
13 5 6 4 4 0.0029643
13 6 4 4 5 0.00117623
13 8 9 8 9 0.0146856
13 9 8 9 8 0.00744168
13 4 10 8 6 0.00817087
13 6 4 10 8 0.0069307
13 8 6 4 10 0.00744052
13 10 8 6 4 0.00117709
13 6 12 10 12 0.00225669
13 10 12 6 12 0.00325406
13 12 6 12 10 0.00879989
13 12 10 12 6 0.0054279
13 5 11 9 6 0.00525297
13 6 5 11 9 0.00120049
13 9 6 5 11 0.00388442
13 11 9 6 5 0.00599508
13 4 11 6 7 0.00699475
13 6 7 4 11 0.00241552
13 7 4 11 6 8.76132e-48
13 11 6 7 4 0.00808461
13 4 9 10 12 0.0121297
13 9 10 12 4 0.00212837
13 10 12 4 9 0.00578227
13 12 4 9 10 0.00945614
13 6 10 12 7 0.00143276
13 7 6 10 12 9.976e-48
13 10 12 7 6 0.00484632
13 12 7 6 10 0.0126191
13 7 10 10 12 6.89487e-48
13 10 10 12 7 0.00299254
13 10 12 7 10 0.00543033
13 12 7 10 10 0.0182785
13 5 12 10 11 7.85111e-05
13 10 11 5 12 2.01684e-05
13 11 5 12 10 0.000111895
13 12 10 11 5 1.16655e-05
13 7 12 8 8 9.37777e-48
13 8 7 12 8 0.0256119
13 8 8 7 12 0.00318738
13 12 8 8 7 0.00170498
13 4 9 8 7 0.00515715
13 7 4 9 8 1.51868e-47
13 8 7 4 9 0.0154698
13 9 8 7 4 0.00112773
13 4 10 10 10 0.0233685
13 10 4 10 10 0.0152655
13 10 10 4 10 0.00403705
13 10 10 10 4 0.00296415
13 6 12 11 8 0.00152386
13 8 6 12 11 0.00585131
13 11 8 6 12 0.0049607
13 12 11 8 6 0.0023523
13 4 7 8 9 0.000264538
13 7 8 9 4 1.71805e-50
13 8 9 4 7 2.78222e-05
13 9 4 7 8 9.19643e-05
13 7 10 11 10 5.8481e-48
13 10 7 10 11 0.0113646
13 10 11 10 7 0.00394272
13 11 10 7 10 0.0171423
13 4 12 11 9 0.0103481
13 9 4 12 11 0.00501298
13 11 9 4 12 0.00515451
13 12 11 9 4 0.00120534
13 9 11 12 10 3.76682e-05
13 10 9 11 12 1.28243e-05
13 11 12 10 9 0.000281554
13 12 10 9 11 2.26393e-05
13 4 9 6 12 0.0076675
13 6 12 4 9 0.00253483
13 9 6 12 4 0.00281964
13 12 4 9 6 0.00772709
13 8 8 10 12 0.0096155
13 8 10 12 8 0.0216684
13 10 12 8 8 0.0104227
13 12 8 8 10 0.00596807
13 8 9 9 10 5.1276e-05
13 9 9 10 8 6.53213e-05
13 9 10 8 9 3.48364e-05
13 10 8 9 9 2.98873e-05
13 8 10 10 12 0.00761849
13 10 10 12 8 0.00775242
13 10 12 8 10 0.0050092
13 12 8 10 10 0.00694226
13 5 10 12 8 0.0104567
13 8 5 10 12 0.00425845
13 10 12 8 5 0.00157319
13 12 8 5 10 0.00358251
13 6 9 8 10 0.00134995
13 8 10 6 9 0.00816934
13 9 8 10 6 0.0037387
13 10 6 9 8 0.00583928
13 5 11 9 10 0.00640911
13 9 10 5 11 0.00292331
13 10 5 11 9 0.00273026
13 11 9 10 5 0.00945554
13 6 9 9 8 0.00147378
13 8 6 9 9 0.00772263
13 9 8 6 9 0.00284742
13 9 9 8 6 0.00194232
13 5 7 12 7 0.00721068
13 7 5 7 12 1.93079e-48
13 7 12 7 5 2.31912e-48
13 12 7 5 7 0.00407265
13 6 7 12 10 0.00690409
13 7 12 10 6 1.53205e-47
13 10 6 7 12 0.00428062
13 12 10 6 7 0.00355227
13 4 4 8 10 0.0235357
13 4 8 10 4 0.00670944
13 8 10 4 4 0.00256688
13 10 4 4 8 0.00984103
13 4 9 9 12 0.00528677
13 9 9 12 4 0.00156864
13 9 12 4 9 0.00431277
13 12 4 9 9 0.008996
13 4 7 4 8 0.0233334
13 4 8 4 7 0.0034209
13 7 4 8 4 3.51981e-48
13 8 4 7 4 0.00421619
13 4 4 8 9 0.0204606
13 4 8 9 4 0.00267228
13 8 9 4 4 0.00172877
13 9 4 4 8 0.00670738
13 4 11 7 7 0.00849259
13 7 4 11 7 7.09192e-48
13 7 7 4 11 1.14786e-47
13 11 7 7 4 0.0167007
13 5 8 9 6 0.00452767
13 6 5 8 9 0.00149648
13 8 9 6 5 0.0030539
13 9 6 5 8 0.00792273
13 7 8 12 10 5.37833e-48
13 8 12 10 7 0.00591444
13 10 7 8 12 0.00352069
13 12 10 7 8 0.00482253
13 4 5 6 7 0.00414655
13 5 6 7 4 0.0030864
13 6 7 4 5 0.00115485
13 7 4 5 6 1.01812e-47
13 4 12 10 5 0.00703874
13 5 4 12 10 0.0126273
13 10 5 4 12 0.00101237
13 12 10 5 4 0.00138484
14 4 6 8 7 0.00287502
14 6 8 7 4 0.00256885
14 7 4 6 8 1.11619e-47
14 8 7 4 6 0.0353599
14 8 10 12 12 2.38158e-45
14 10 12 12 8 5.18558e-46
14 12 8 10 12 0.00380744
14 12 12 8 10 0.000900145
14 6 9 9 12 1.82509e-89
14 9 9 12 6 1.07801e-88
14 9 12 6 9 0.00113895
14 12 6 9 9 2.13349e-46
14 6 7 7 12 2.21535e-05
14 7 7 12 6 3.44409e-92
14 7 12 6 7 5.23763e-50
14 12 6 7 7 3.72761e-05
14 6 10 12 10 4.38765e-46
14 10 6 10 12 0.00107684
14 10 12 10 6 0.00118729
14 12 10 6 10 0.00591796
14 8 10 11 11 0.000185584
14 10 11 11 8 0.000136583
14 11 8 10 11 0.0207606
14 11 11 8 10 0.0165899
14 4 12 4 12 0.0222562
14 12 4 12 4 1.31268e-45
14 4 5 5 6 1.18435e-44
14 5 5 6 4 2.12331e-45
14 5 6 4 5 0.0241188
14 6 4 5 5 0.00717141
14 8 8 9 11 3.40809e-45
14 8 9 11 8 2.54722e-47
14 9 11 8 8 0.0030175
14 11 8 8 9 0.0160389
14 4 4 11 10 0.000347338
14 4 11 10 4 0.00794673
14 10 4 4 11 0.01543
14 11 10 4 4 0.0501139
14 4 4 5 6 0.0426034
14 4 5 6 4 1.38117e-45
14 5 6 4 4 0.00896393
14 6 4 4 5 0.00360915
14 8 9 8 9 1.60266e-45
14 9 8 9 8 5.27432e-45
14 4 10 8 6 0.00652523
14 6 4 10 8 0.000768555
14 8 6 4 10 0.0159885
14 10 8 6 4 0.00666442
14 6 12 10 12 0.000190717
14 10 12 6 12 0.00139008
14 12 6 12 10 4.59546e-46
14 12 10 12 6 9.56841e-46
14 5 11 9 6 2.92921e-45
14 6 5 11 9 3.08098e-48
14 9 6 5 11 0.00538691
14 11 9 6 5 2.6558e-45
14 4 11 6 7 0.0218571
14 6 7 4 11 0.00381725
14 7 4 11 6 1.995e-49
14 11 6 7 4 0.00990524
14 4 9 10 12 8.40387e-46
14 9 10 12 4 8.75998e-46
14 10 12 4 9 0.00525465
14 12 4 9 10 1.06243e-45
14 6 10 12 7 3.16946e-46
14 7 6 10 12 1.68952e-48
14 10 12 7 6 0.00262653
14 12 7 6 10 0.0049495
14 7 10 10 12 3.52157e-48
14 10 10 12 7 1.0619e-45
14 10 12 7 10 0.00262932
14 12 7 10 10 0.00227515
14 5 12 10 11 1.35335e-05
14 10 11 5 12 0.000116346
14 11 5 12 10 6.41999e-90
14 12 10 11 5 5.0283e-07
14 7 12 8 8 1.94044e-48
14 8 7 12 8 3.31687e-45
14 8 8 7 12 0.0281447
14 12 8 8 7 0.00429621
14 4 9 8 7 9.31725e-46
14 7 4 9 8 2.25032e-90
14 8 7 4 9 0.0330241
14 9 8 7 4 0.0101716
14 4 10 10 10 0.00865216
14 10 4 10 10 0.0031994
14 10 10 4 10 0.017026
14 10 10 10 4 0.00181161
14 6 12 11 8 7.31231e-06
14 8 6 12 11 7.98146e-46
14 11 8 6 12 0.0273825
14 12 11 8 6 0.00212306
14 4 7 8 9 6.21728e-05
14 7 8 9 4 2.57142e-92
14 8 9 4 7 4.56566e-47
14 9 4 7 8 8.21195e-05
14 7 10 11 10 1.99822e-49
14 10 7 10 11 0.00240461
14 10 11 10 7 0.00371727
14 11 10 7 10 0.036482
14 4 12 11 9 6.8864e-05
14 9 4 12 11 9.00672e-46
14 11 9 4 12 5.52236e-45
14 12 11 9 4 6.26864e-46
14 9 11 12 10 1.41743e-47
14 10 9 11 12 7.04659e-50
14 11 12 10 9 2.89918e-05
14 12 10 9 11 5.43851e-48
14 4 9 6 12 1.67397e-45
14 6 12 4 9 0.00143602
14 9 6 12 4 3.84811e-46
14 12 4 9 6 9.71754e-46
14 8 8 10 12 0.0190653
14 8 10 12 8 5.94308e-45
14 10 12 8 8 0.00185337
14 12 8 8 10 0.00891262
14 8 9 9 10 2.97973e-90
14 9 9 10 8 3.30149e-48
14 9 10 8 9 1.85832e-05
14 10 8 9 9 1.54468e-47
14 8 10 10 12 0.00513827
14 10 10 12 8 1.38377e-45
14 10 12 8 10 0.00104948
14 12 8 10 10 0.00538012
14 5 10 12 8 2.32462e-45
14 8 5 10 12 5.7719e-46
14 10 12 8 5 0.000646092
14 12 8 5 10 0.022988
14 6 9 8 10 8.56723e-47
14 8 10 6 9 0.00971427
14 9 8 10 6 0.00488167
14 10 6 9 8 4.14117e-46
14 5 11 9 10 3.19294e-45
14 9 10 5 11 0.0122262
14 10 5 11 9 1.124e-47
14 11 9 10 5 1.3293e-45
14 6 9 9 8 2.94901e-89
14 8 6 9 9 6.9175e-46
14 9 8 6 9 0.00730206
14 9 9 8 6 2.4948e-46
14 5 7 12 7 1.50472e-45
14 7 5 7 12 8.82582e-91
14 7 12 7 5 2.56133e-48
14 12 7 5 7 0.00708214
14 6 7 12 10 4.27393e-46
14 7 12 10 6 2.16957e-48
14 10 6 7 12 0.0027745
14 12 10 6 7 0.00497887
14 4 4 8 10 0.00999754
14 4 8 10 4 0.0126795
14 8 10 4 4 0.0288811
14 10 4 4 8 0.0209727
14 4 9 9 12 2.62209e-88
14 9 9 12 4 9.68926e-89
14 9 12 4 9 0.00441781
14 12 4 9 9 7.05135e-46
14 4 7 4 8 0.0414793
14 4 8 4 7 0.0752722
14 7 4 8 4 2.87194e-48
14 8 4 7 4 0.0104985
14 4 4 8 9 0.00606344
14 4 8 9 4 3.61515e-45
14 8 9 4 4 2.91914e-45
14 9 4 4 8 0.0161129
14 4 11 7 7 0.0375049
14 7 4 11 7 2.43432e-49
14 7 7 4 11 3.38596e-47
14 11 7 7 4 0.0291371
14 5 8 9 6 4.67601e-45
14 6 5 8 9 8.87235e-47
14 8 9 6 5 1.5313e-45
14 9 6 5 8 0.00732554
14 7 8 12 10 3.86939e-90
14 8 12 10 7 0.00166721
14 10 7 8 12 0.00140605
14 12 10 7 8 0.00480516
14 4 5 6 7 1.64043e-45
14 5 6 7 4 0.00346925
14 6 7 4 5 0.00281028
14 7 4 5 6 2.3012e-47
14 4 12 10 5 0.00157781
14 5 4 12 10 1.96917e-45
14 10 5 4 12 1.06988e-45
14 12 10 5 4 0.00524795
15 4 6 8 7 4.30891e-47
15 6 8 7 4 1.29786e-48
15 7 4 6 8 1.00846e-92
15 8 7 4 6 1.33037e-47
15 8 10 12 12 0.0503453
15 10 12 12 8 0.0509802
15 12 8 10 12 3.89986e-48
15 12 12 8 10 6.43623e-48
15 6 9 9 12 4.26258e-49
15 9 9 12 6 0.0202707
15 9 12 6 9 4.48323e-48
15 12 6 9 9 7.03696e-48
15 6 7 7 12 2.69744e-50
15 7 7 12 6 2.27172e-48
15 7 12 6 7 3.28273e-94
15 12 6 7 7 2.90952e-49
15 6 10 12 10 0.0148739
15 10 6 10 12 9.67489e-48
15 10 12 10 6 1.39282e-47
15 12 10 6 10 5.77177e-48
15 8 10 11 11 4.67038e-48
15 10 11 11 8 4.34243e-48
15 11 8 10 11 1.07753e-47
15 11 11 8 10 1.63287e-47
15 4 12 4 12 2.34804e-47
15 12 4 12 4 0.058211
15 4 5 5 6 9.99885e-47
15 5 5 6 4 2.28237e-47
15 5 6 4 5 5.8508e-47
15 6 4 5 5 8.51314e-48
15 8 8 9 11 4.30701e-48
15 8 9 11 8 2.65195e-48
15 9 11 8 8 2.23878e-48
15 11 8 8 9 1.53418e-47
15 4 4 11 10 2.28872e-47
15 4 11 10 4 7.59202e-48
15 10 4 4 11 3.74237e-48
15 11 10 4 4 8.76942e-48
15 4 4 5 6 4.22742e-47
15 4 5 6 4 1.43268e-47
15 5 6 4 4 1.13835e-47
15 6 4 4 5 2.63535e-48
15 8 9 8 9 7.7868e-48
15 9 8 9 8 7.99873e-48
15 4 10 8 6 1.87253e-47
15 6 4 10 8 1.36996e-48
15 8 6 4 10 1.3464e-47
15 10 8 6 4 3.75033e-48
15 6 12 10 12 1.5649e-48
15 10 12 6 12 6.5774e-48
15 12 6 12 10 0.0859461
15 12 10 12 6 0.0616445
15 5 11 9 6 1.91556e-47
15 6 5 11 9 2.89887e-48
15 9 6 5 11 7.10834e-48
15 11 9 6 5 1.555e-47
15 4 11 6 7 2.69169e-47
15 6 7 4 11 1.03193e-48
15 7 4 11 6 2.61926e-92
15 11 6 7 4 3.26619e-47
15 4 9 10 12 4.74447e-48
15 9 10 12 4 0.0187842
15 10 12 4 9 6.21266e-48
15 12 4 9 10 6.5129e-48
15 6 10 12 7 0.0193298
15 7 6 10 12 1.33422e-92
15 10 12 7 6 1.59522e-47
15 12 7 6 10 6.26089e-48
15 7 10 10 12 4.4744e-93
15 10 10 12 7 0.0516277
15 10 12 7 10 7.4586e-48
15 12 7 10 10 3.97852e-48
15 5 12 10 11 5.83201e-50
15 10 11 5 12 3.86334e-50
15 11 5 12 10 0.00180615
15 12 10 11 5 5.16076e-50
15 7 12 8 8 8.80521e-93
15 8 7 12 8 0.0612427
15 8 8 7 12 8.78287e-48
15 12 8 8 7 7.77205e-48
15 4 9 8 7 9.29032e-48
15 7 4 9 8 8.75466e-93
15 8 7 4 9 7.33308e-48
15 9 8 7 4 3.21978e-48
15 4 10 10 10 9.89495e-48
15 10 4 10 10 5.65486e-48
15 10 10 4 10 3.5205e-48
15 10 10 10 4 2.21465e-48
15 6 12 11 8 1.5949e-48
15 8 6 12 11 0.070588
15 11 8 6 12 1.52735e-47
15 12 11 8 6 5.94307e-48
15 4 7 8 9 1.36573e-49
15 7 8 9 4 5.47678e-95
15 8 9 4 7 4.60189e-50
15 9 4 7 8 4.74815e-50
15 7 10 11 10 8.39442e-93
15 10 7 10 11 3.03458e-48
15 10 11 10 7 6.7003e-48
15 11 10 7 10 1.91707e-47
15 4 12 11 9 1.7775e-47
15 9 4 12 11 0.0224386
15 11 9 4 12 4.72504e-48
15 12 11 9 4 2.19919e-48
15 9 11 12 10 0.000249097
15 10 9 11 12 1.66255e-50
15 11 12 10 9 1.68259e-49
15 12 10 9 11 1.83534e-50
15 4 9 6 12 6.83625e-48
15 6 12 4 9 2.1298e-48
15 9 6 12 4 0.0512866
15 12 4 9 6 1.27542e-47
15 8 8 10 12 1.14917e-47
15 8 10 12 8 0.0846058
15 10 12 8 8 9.56819e-48
15 12 8 8 10 8.96198e-48
15 8 9 9 10 3.04503e-50
15 9 9 10 8 1.04449e-50
15 9 10 8 9 2.61902e-50
15 10 8 9 9 4.68474e-50
15 8 10 10 12 4.8669e-48
15 10 10 12 8 0.0300637
15 10 12 8 10 6.73921e-48
15 12 8 10 10 4.61604e-48
15 5 10 12 8 0.049431
15 8 5 10 12 6.78978e-48
15 10 12 8 5 8.00133e-48
15 12 8 5 10 5.47562e-48
15 6 9 8 10 6.30634e-49
15 8 10 6 9 7.04512e-48
15 9 8 10 6 6.32962e-48
15 10 6 9 8 7.80455e-48
15 5 11 9 10 9.75242e-48
15 9 10 5 11 2.59569e-48
15 10 5 11 9 8.43066e-48
15 11 9 10 5 1.07596e-47
15 6 9 9 8 4.63833e-49
15 8 6 9 9 1.34266e-47
15 9 8 6 9 4.04214e-48
15 9 9 8 6 2.46345e-48
15 5 7 12 7 0.0928663
15 7 5 7 12 7.21034e-93
15 7 12 7 5 1.23164e-92
15 12 7 5 7 6.18559e-48
15 6 7 12 10 0.0187913
15 7 12 10 6 2.23709e-92
15 10 6 7 12 1.29056e-47
15 12 10 6 7 8.73613e-48
15 4 4 8 10 1.95599e-47
15 4 8 10 4 9.31638e-48
15 8 10 4 4 3.95061e-48
15 10 4 4 8 5.08914e-48
15 4 9 9 12 4.61096e-48
15 9 9 12 4 0.00859135
15 9 12 4 9 4.10518e-48
15 12 4 9 9 5.46214e-48
15 4 7 4 8 8.44682e-48
15 4 8 4 7 1.68299e-47
15 7 4 8 4 5.27925e-93
15 8 4 7 4 6.35533e-48
15 4 4 8 9 1.49903e-47
15 4 8 9 4 8.27382e-48
15 8 9 4 4 1.65115e-48
15 9 4 4 8 3.07294e-48
15 4 11 7 7 3.30565e-47
15 7 4 11 7 2.68559e-92
15 7 7 4 11 6.41372e-93
15 11 7 7 4 2.00491e-47
15 5 8 9 6 2.35178e-47
15 6 5 8 9 2.47864e-48
15 8 9 6 5 7.00865e-48
15 9 6 5 8 9.67107e-48
15 7 8 12 10 5.84879e-47
15 8 12 10 7 1.07687e-47
15 10 7 8 12 3.08948e-48
15 12 10 7 8 2.69658e-48
15 4 5 6 7 3.03223e-47
15 5 6 7 4 1.3357e-47
15 6 7 4 5 1.82329e-48
15 7 4 5 6 2.125e-92
15 4 12 10 5 1.57472e-47
15 5 4 12 10 0.076026
15 10 5 4 12 3.27993e-48
15 12 10 5 4 1.98321e-48
16 4 6 8 7 0.0011144
16 6 8 7 4 0.000393865
16 7 4 6 8 1.94629e-90
16 8 7 4 6 1.28226e-47
16 8 10 12 12 0.00690146
16 10 12 12 8 4.97168e-45
16 12 8 10 12 0.000863983
16 12 12 8 10 0.00122426
16 6 9 9 12 3.24464e-06
16 9 9 12 6 0.0169243
16 9 12 6 9 0.00156901
16 12 6 9 9 9.26415e-06
16 6 7 7 12 5.61557e-51
16 7 7 12 6 4.89384e-94
16 7 12 6 7 2.14337e-49
16 12 6 7 7 7.57465e-05
16 6 10 12 10 0.0110089
16 10 6 10 12 0.00153348
16 10 12 10 6 0.0127993
16 12 10 6 10 0.00746287
16 8 10 11 11 2.98142e-05
16 10 11 11 8 2.07688e-45
16 11 8 10 11 3.16343e-05
16 11 11 8 10 0.00433462
16 4 12 4 12 0.00870666
16 12 4 12 4 0.0276546
16 4 5 5 6 0.0858989
16 5 5 6 4 0.00710436
16 5 6 4 5 0.000190489
16 6 4 5 5 0.000237535
16 8 8 9 11 9.98033e-08
16 8 9 11 8 3.94178e-45
16 9 11 8 8 8.47364e-47
16 11 8 8 9 0.000209858
16 4 4 11 10 0.0866867
16 4 11 10 4 0.021841
16 10 4 4 11 2.32318e-05
16 11 10 4 4 0.00861685
16 4 4 5 6 0.0701113
16 4 5 6 4 0.00562051
16 5 6 4 4 0.00369237
16 6 4 4 5 3.60929e-05
16 8 9 8 9 0.00128732
16 9 8 9 8 9.8497e-48
16 4 10 8 6 0.000661068
16 6 4 10 8 6.82479e-46
16 8 6 4 10 0.0187865
16 10 8 6 4 0.000954098
16 6 12 10 12 0.000725362
16 10 12 6 12 0.00111968
16 12 6 12 10 0.0262004
16 12 10 12 6 0.0108397
16 5 11 9 6 0.000114119
16 6 5 11 9 0.000926087
16 9 6 5 11 3.00726e-05
16 11 9 6 5 0.000284043
16 4 11 6 7 0.0271444
16 6 7 4 11 5.01942e-51
16 7 4 11 6 2.10322e-47
16 11 6 7 4 0.00740407
16 4 9 10 12 0.00825561
16 9 10 12 4 0.00787823
16 10 12 4 9 0.00350848
16 12 4 9 10 0.000175751
16 6 10 12 7 0.00604569
16 7 6 10 12 2.23076e-48
16 10 12 7 6 0.00642212
16 12 7 6 10 9.69452e-48
16 7 10 10 12 2.03579e-48
16 10 10 12 7 0.017552
16 10 12 7 10 0.0141661
16 12 7 10 10 1.82334e-47
16 5 12 10 11 3.60682e-07
16 10 11 5 12 4.27492e-05
16 11 5 12 10 0.000985876
16 12 10 11 5 5.55651e-07
16 7 12 8 8 1.77799e-91
16 8 7 12 8 8.97696e-90
16 8 8 7 12 0.00121204
16 12 8 8 7 0.000266393
16 4 9 8 7 0.00250106
16 7 4 9 8 2.5079e-92
16 8 7 4 9 6.22446e-48
16 9 8 7 4 0.00135944
16 4 10 10 10 0.0387314
16 10 4 10 10 0.0295095
16 10 10 4 10 0.00911766
16 10 10 10 4 0.0033477
16 6 12 11 8 4.54266e-46
16 8 6 12 11 5.21584e-05
16 11 8 6 12 0.00103282
16 12 11 8 6 0.000370161
16 4 7 8 9 5.08493e-51
16 7 8 9 4 2.18155e-52
16 8 9 4 7 0.000282439
16 9 4 7 8 1.44175e-47
16 7 10 11 10 2.26168e-47
16 10 7 10 11 2.29925e-50
16 10 11 10 7 0.0189624
16 11 10 7 10 0.0290363
16 4 12 11 9 0.0104407
16 9 4 12 11 5.53844e-05
16 11 9 4 12 0.00506749
16 12 11 9 4 3.10205e-05
16 9 11 12 10 0.000462876
16 10 9 11 12 1.8877e-05
16 11 12 10 9 0.000126846
16 12 10 9 11 6.00474e-10
16 4 9 6 12 0.00401907
16 6 12 4 9 0.00110651
16 9 6 12 4 0.00790431
16 12 4 9 6 7.29528e-05
16 8 8 10 12 0.00361989
16 8 10 12 8 1.03558e-44
16 10 12 8 8 1.83158e-46
16 12 8 8 10 0.000726932
16 8 9 9 10 3.17842e-06
16 9 9 10 8 1.96945e-47
16 9 10 8 9 9.88196e-07
16 10 8 9 9 8.10785e-08
16 8 10 10 12 0.00307771
16 10 10 12 8 2.5099e-45
16 10 12 8 10 0.00124319
16 12 8 10 10 0.0087995
16 5 10 12 8 3.45333e-45
16 8 5 10 12 0.00312722
16 10 12 8 5 6.03419e-06
16 12 8 5 10 0.0148394
16 6 9 8 10 0.000350457
16 8 10 6 9 0.00241778
16 9 8 10 6 0.00317472
16 10 6 9 8 5.53922e-48
16 5 11 9 10 0.000274099
16 9 10 5 11 2.98834e-05
16 10 5 11 9 0.0029276
16 11 9 10 5 0.000581705
16 6 9 9 8 3.1525e-48
16 8 6 9 9 2.51329e-05
16 9 8 6 9 0.000603247
16 9 9 8 6 0.00040372
16 5 7 12 7 3.16388e-47
16 7 5 7 12 1.04677e-48
16 7 12 7 5 1.00878e-49
16 12 7 5 7 1.70302e-47
16 6 7 12 10 1.6656e-47
16 7 12 10 6 2.16853e-47
16 10 6 7 12 0.000896141
16 12 10 6 7 0.00477325
16 4 4 8 10 0.00458058
16 4 8 10 4 0.00739837
16 8 10 4 4 0.00610961
16 10 4 4 8 1.92306e-45
16 4 9 9 12 4.02368e-05
16 9 9 12 4 0.0137829
16 9 12 4 9 0.0029673
16 12 4 9 9 2.75145e-05
16 4 7 4 8 2.86711e-90
16 4 8 4 7 0.00967623
16 7 4 8 4 5.03628e-49
16 8 4 7 4 0.00867594
16 4 4 8 9 0.000655298
16 4 8 9 4 3.29508e-05
16 8 9 4 4 0.00976743
16 9 4 4 8 1.48625e-45
16 4 11 7 7 0.0432249
16 7 4 11 7 4.29912e-47
16 7 7 4 11 3.57709e-95
16 11 7 7 4 1.48113e-47
16 5 8 9 6 3.86751e-05
16 6 5 8 9 4.89587e-05
16 8 9 6 5 0.000201492
16 9 6 5 8 2.49052e-45
16 7 8 12 10 2.47252e-47
16 8 12 10 7 0.028924
16 10 7 8 12 6.79029e-50
16 12 10 7 8 4.69139e-46
16 4 5 6 7 0.0123419
16 5 6 7 4 0.00271999
16 6 7 4 5 2.12682e-50
16 7 4 5 6 3.52494e-47
16 4 12 10 5 0.000294353
16 5 4 12 10 0.0719671
16 10 5 4 12 0.000719016
16 12 10 5 4 0.00439459
17 2 0 2 8 0.0232623
17 2 0 3 12 0.00685744
17 2 0 3 4 0.0434933
17 3 0 2 11 0.053163
17 2 0 2 10 0.0187217
17 2 0 1 8 0.0158687
17 3 0 2 5 0.0956033
17 2 0 1 4 0.0142708
17 1 0 2 12 0.0445438
17 1 0 2 9 0.0377444
17 2 0 3 10 0.0192735
17 2 0 2 5 0.0240969
17 1 0 1 9 0.0260473
17 1 0 3 6 0.0706389
17 1 0 2 10 0.1013
17 1 0 3 12 0.0439565
17 3 0 2 10 0.0387173
17 2 0 2 4 0.0213093
17 3 0 1 8 0.0160967
17 2 0 3 11 0.0263857
17 1 0 2 4 0.127735
17 3 0 1 11 0.0372629
17 3 0 2 4 0.0464905
17 3 0 3 4 0.0471604
18 2 8 2 0 0.0853363
18 3 12 2 0 0.0848393
18 3 4 2 0 0.0340587
18 2 11 3 0 6.9009e-45
18 2 10 2 0 0.0175719
18 1 8 2 0 0.108504
18 2 5 3 0 0.128344
18 1 4 2 0 0.0222582
18 2 12 1 0 0.0832923
18 2 9 1 0 0.0491002
18 3 10 2 0 0.0169287
18 2 5 2 0 0.0690534
18 1 9 1 0 0.0631563
18 3 6 1 0 0.0101322
18 2 10 1 0 0.0134479
18 3 12 1 0 0.0769181
18 2 10 3 0 0.0170238
18 2 4 2 0 0.0178315
18 1 8 3 0 0.0515606
18 3 11 2 0 6.84187e-45
18 2 4 1 0 0.0151182
18 1 11 3 0 9.01561e-45
18 2 4 3 0 0.0182247
18 3 4 3 0 0.0173006
19 4 6 8 7 1.21642e-92
19 6 8 7 4 1.47469e-47
19 7 4 6 8 7.64983e-48
19 8 7 4 6 1.24835e-48
19 8 10 12 12 3.89045e-48
19 10 12 12 8 7.65404e-48
19 12 8 10 12 3.99994e-48
19 12 12 8 10 6.81856e-48
19 6 9 9 12 0.0692526
19 9 9 12 6 0.00437979
19 9 12 6 9 1.44827e-48
19 12 6 9 9 8.33753e-48
19 6 7 7 12 1.00657e-49
19 7 7 12 6 2.59375e-50
19 7 12 6 7 1.14376e-94
19 12 6 7 7 1.61606e-94
19 6 10 12 10 7.12874e-48
19 10 6 10 12 3.78044e-48
19 10 12 10 6 1.00902e-48
19 12 10 6 10 6.55291e-48
19 8 10 11 11 1.65022e-47
19 10 11 11 8 1.04323e-47
19 11 8 10 11 8.54744e-48
19 11 11 8 10 4.68188e-48
19 4 12 4 12 6.16988e-48
19 12 4 12 4 2.47577e-47
19 4 5 5 6 4.05875e-48
19 5 5 6 4 4.78107e-47
19 5 6 4 5 2.13369e-47
19 6 4 5 5 1.9963e-47
19 8 8 9 11 2.06015e-47
19 8 9 11 8 0.0792604
19 9 11 8 8 4.63234e-48
19 11 8 8 9 3.1444e-48
19 4 4 11 10 5.60187e-48
19 4 11 10 4 1.29363e-47
19 10 4 4 11 9.58204e-48
19 11 10 4 4 6.97982e-48
19 4 4 5 6 1.25644e-48
19 4 5 6 4 1.8754e-47
19 5 6 4 4 1.5021e-47
19 6 4 4 5 7.69707e-48
19 8 9 8 9 0.112262
19 9 8 9 8 1.56494e-47
19 4 10 8 6 1.55681e-48
19 6 4 10 8 7.5298e-48
19 8 6 4 10 3.62107e-48
19 10 8 6 4 9.52294e-48
19 6 12 10 12 4.12654e-48
19 10 12 6 12 3.41598e-48
19 12 6 12 10 6.76193e-48
19 12 10 12 6 1.60265e-48
19 5 11 9 6 4.08525e-48
19 6 5 11 9 1.08058e-47
19 9 6 5 11 8.79796e-48
19 11 9 6 5 0.0664383
19 4 11 6 7 1.19795e-92
19 6 7 4 11 2.42699e-47
19 7 4 11 6 1.57148e-48
19 11 6 7 4 1.11683e-47
19 4 9 10 12 0.0345221
19 9 10 12 4 5.41011e-48
19 10 12 4 9 2.86778e-48
19 12 4 9 10 8.86919e-48
19 6 10 12 7 1.03951e-92
19 7 6 10 12 3.65325e-48
19 10 12 7 6 1.01849e-48
19 12 7 6 10 7.50516e-48
19 7 10 10 12 2.32148e-48
19 10 10 12 7 5.12618e-93
19 10 12 7 10 2.7307e-48
19 12 7 10 10 4.47093e-48
19 5 12 10 11 1.16222e-49
19 10 11 5 12 2.9355e-50
19 11 5 12 10 3.45113e-50
19 12 10 11 5 8.68362e-50
19 7 12 8 8 1.00111e-47
19 8 7 12 8 1.10008e-47
19 8 8 7 12 3.51125e-48
19 12 8 8 7 1.15525e-92
19 4 9 8 7 9.7966e-47
19 7 4 9 8 1.27948e-47
19 8 7 4 9 4.04981e-48
19 9 8 7 4 4.79761e-48
19 4 10 10 10 3.11638e-48
19 10 4 10 10 2.22411e-48
19 10 10 4 10 2.40786e-48
19 10 10 10 4 6.41143e-48
19 6 12 11 8 1.1558e-47
19 8 6 12 11 1.47696e-47
19 11 8 6 12 2.51892e-48
19 12 11 8 6 1.9714e-48
19 4 7 8 9 7.05597e-50
19 7 8 9 4 1.87751e-49
19 8 9 4 7 5.18725e-49
19 9 4 7 8 3.01619e-50
19 7 10 11 10 4.63893e-48
19 10 7 10 11 1.21717e-47
19 10 11 10 7 5.60757e-93
19 11 10 7 10 2.71062e-48
19 4 12 11 9 4.71638e-48
19 9 4 12 11 5.27954e-48
19 11 9 4 12 0.0189607
19 12 11 9 4 2.60259e-47
19 9 11 12 10 1.84843e-50
19 10 9 11 12 0.000302914
19 11 12 10 9 1.82188e-50
19 12 10 9 11 2.41404e-49
19 4 9 6 12 0.0530612
19 6 12 4 9 5.32471e-48
19 9 6 12 4 7.79537e-48
19 12 4 9 6 3.02889e-48
19 8 8 10 12 5.2129e-48
19 8 10 12 8 1.43936e-47
19 10 12 8 8 1.55246e-47
19 12 8 8 10 1.18723e-47
19 8 9 9 10 0.000580709
19 9 9 10 8 0.000238383
19 9 10 8 9 1.82584e-50
19 10 8 9 9 5.13331e-50
19 8 10 10 12 2.685e-48
19 10 10 12 8 6.86432e-48
19 10 12 8 10 4.23785e-48
19 12 8 10 10 4.03971e-48
19 5 10 12 8 9.00398e-48
19 8 5 10 12 3.18499e-48
19 10 12 8 5 6.37218e-48
19 12 8 5 10 4.16522e-48
19 6 9 8 10 0.0643895
19 8 10 6 9 3.63087e-48
19 9 8 10 6 4.07258e-49
19 10 6 9 8 1.37982e-47
19 5 11 9 10 1.19265e-47
19 9 10 5 11 6.0876e-48
19 10 5 11 9 5.80231e-48
19 11 9 10 5 0.0430957
19 6 9 9 8 0.165903
19 8 6 9 9 7.03576e-48
19 9 8 6 9 1.63282e-48
19 9 9 8 6 0.00575214
19 5 7 12 7 7.76691e-93
19 7 5 7 12 2.80334e-48
19 7 12 7 5 4.0017e-48
19 12 7 5 7 6.7794e-93
19 6 7 12 10 9.50922e-48
19 7 12 10 6 1.13565e-48
19 10 6 7 12 4.4443e-48
19 12 10 6 7 1.1129e-92
19 4 4 8 10 5.80546e-48
19 4 8 10 4 1.10557e-47
19 8 10 4 4 9.22581e-48
19 10 4 4 8 5.59123e-48
19 4 9 9 12 0.0689528
19 9 9 12 4 0.0487779
19 9 12 4 9 1.34591e-48
19 12 4 9 9 7.63446e-48
19 4 7 4 8 7.84618e-48
19 4 8 4 7 5.29428e-93
19 7 4 8 4 1.00927e-47
19 8 4 7 4 7.52169e-48
19 4 4 8 9 4.56652e-48
19 4 8 9 4 2.01788e-47
19 8 9 4 4 0.0760109
19 9 4 4 8 2.39791e-48
19 4 11 7 7 1.21549e-92
19 7 4 11 7 1.03672e-92
19 7 7 4 11 1.9516e-47
19 11 7 7 4 1.37158e-47
19 5 8 9 6 3.49304e-48
19 6 5 8 9 1.12039e-47
19 8 9 6 5 0.0878594
19 9 6 5 8 5.13619e-48
19 7 8 12 10 2.98211e-48
19 8 12 10 7 3.74006e-93
19 10 7 8 12 3.65604e-48
19 12 10 7 8 6.5264e-48
19 4 5 6 7 9.71893e-93
19 5 6 7 4 1.43479e-47
19 6 7 4 5 9.0315e-48
19 7 4 5 6 8.87753e-49
19 4 12 10 5 4.13013e-48
19 5 4 12 10 3.34138e-48
19 10 5 4 12 2.23551e-48
19 12 10 5 4 8.4075e-48
20 10 8 9 9 1
21 4 6 8 7 6.6649e-48
21 6 8 7 4 2.7458e-47
21 7 4 6 8 0.0517575
21 8 7 4 6 3.01053e-48
21 8 10 12 12 5.34451e-48
21 10 12 12 8 0.0370178
21 12 8 10 12 3.30927e-47
21 12 12 8 10 5.88659e-48
21 6 9 9 12 3.64755e-48
21 9 9 12 6 3.66354e-48
21 9 12 6 9 1.04875e-47
21 12 6 9 9 3.33072e-48
21 6 7 7 12 2.97567e-49
21 7 7 12 6 3.70768e-50
21 7 12 6 7 2.21777e-49
21 12 6 7 7 5.67759e-49
21 6 10 12 10 4.92064e-48
21 10 6 10 12 2.59838e-47
21 10 12 10 6 3.77973e-47
21 12 10 6 10 1.57664e-47
21 8 10 11 11 3.8096e-48
21 10 11 11 8 0.0101514
21 11 8 10 11 3.14307e-47
21 11 11 8 10 2.15094e-48
21 4 12 4 12 6.54669e-48
21 12 4 12 4 4.33811e-48
21 4 5 5 6 1.15501e-47
21 5 5 6 4 2.6973e-47
21 5 6 4 5 5.47304e-48
21 6 4 5 5 4.86853e-48
21 8 8 9 11 5.59379e-48
21 8 9 11 8 0.0296592
21 9 11 8 8 0.0167257
21 11 8 8 9 3.80812e-48
21 4 4 11 10 1.73936e-48
21 4 11 10 4 1.65971e-47
21 10 4 4 11 1.68182e-48
21 11 10 4 4 2.22686e-48
21 4 4 5 6 2.09744e-48
21 4 5 6 4 2.10775e-47
21 5 6 4 4 1.69425e-48
21 6 4 4 5 2.4918e-48
21 8 9 8 9 1.75731e-47
21 9 8 9 8 0.0786526
21 4 10 8 6 5.52847e-48
21 6 4 10 8 0.155004
21 8 6 4 10 3.23875e-48
21 10 8 6 4 9.34381e-48
21 6 12 10 12 3.49047e-47
21 10 12 6 12 1.21132e-47
21 12 6 12 10 4.21233e-48
21 12 10 12 6 5.08232e-48
21 5 11 9 6 2.01374e-48
21 6 5 11 9 5.04545e-48
21 9 6 5 11 2.9222e-48
21 11 9 6 5 2.08094e-47
21 4 11 6 7 1.23423e-47
21 6 7 4 11 2.84034e-48
21 7 4 11 6 1.49062e-48
21 11 6 7 4 2.39706e-47
21 4 9 10 12 3.69805e-47
21 9 10 12 4 3.11887e-48
21 10 12 4 9 2.81749e-48
21 12 4 9 10 2.54455e-48
21 6 10 12 7 5.6357e-48
21 7 6 10 12 1.96859e-47
21 10 12 7 6 3.03512e-47
21 12 7 6 10 9.56438e-48
21 7 10 10 12 1.50932e-47
21 10 10 12 7 3.28499e-48
21 10 12 7 10 1.92869e-47
21 12 7 10 10 1.60646e-47
21 5 12 10 11 2.02944e-49
21 10 11 5 12 8.33694e-51
21 11 5 12 10 4.11045e-50
21 12 10 11 5 2.69276e-50
21 7 12 8 8 0.0361644
21 8 7 12 8 0.0349472
21 8 8 7 12 3.75084e-47
21 12 8 8 7 7.03648e-48
21 4 9 8 7 7.72596e-48
21 7 4 9 8 0.0153598
21 8 7 4 9 2.6135e-48
21 9 8 7 4 2.15067e-47
21 4 10 10 10 2.4849e-47
21 10 4 10 10 1.10069e-47
21 10 10 4 10 1.73788e-48
21 10 10 10 4 1.63782e-47
21 6 12 11 8 0.0247325
21 8 6 12 11 5.40358e-48
21 11 8 6 12 1.02238e-47
21 12 11 8 6 2.76261e-48
21 4 7 8 9 3.55142e-50
21 7 8 9 4 2.56262e-50
21 8 9 4 7 5.24513e-50
21 9 4 7 8 0.00118921
21 7 10 11 10 1.55184e-48
21 10 7 10 11 1.71789e-47
21 10 11 10 7 1.50438e-47
21 11 10 7 10 2.02347e-47
21 4 12 11 9 2.96618e-48
21 9 4 12 11 2.13362e-48
21 11 9 4 12 2.34271e-48
21 12 11 9 4 1.78772e-48
21 9 11 12 10 1.4248e-50
21 10 9 11 12 1.7364e-50
21 11 12 10 9 2.3271e-49
21 12 10 9 11 3.72915e-50
21 4 9 6 12 2.01594e-47
21 6 12 4 9 4.42581e-48
21 9 6 12 4 3.72467e-48
21 12 4 9 6 3.66642e-48
21 8 8 10 12 6.9998e-47
21 8 10 12 8 0.08633
21 10 12 8 8 0.0715321
21 12 8 8 10 9.20667e-48
21 8 9 9 10 4.80002e-50
21 9 9 10 8 0.00209724
21 9 10 8 9 3.2638e-50
21 10 8 9 9 2.90864e-50
21 8 10 10 12 3.32916e-47
21 10 10 12 8 0.0275359
21 10 12 8 10 3.97149e-48
21 12 8 10 10 2.96783e-47
21 5 10 12 8 0.0196319
21 8 5 10 12 4.52418e-47
21 10 12 8 5 4.71104e-48
21 12 8 5 10 2.25938e-48
21 6 9 8 10 5.05142e-48
21 8 10 6 9 1.60083e-47
21 9 8 10 6 2.79117e-47
21 10 6 9 8 0.026057
21 5 11 9 10 1.39338e-48
21 9 10 5 11 2.43957e-48
21 10 5 11 9 3.20232e-48
21 11 9 10 5 3.80584e-47
21 6 9 9 8 0.0381507
21 8 6 9 9 4.56182e-48
21 9 8 6 9 1.06208e-47
21 9 9 8 6 4.58394e-48
21 5 7 12 7 1.43289e-48
21 7 5 7 12 1.66109e-47
21 7 12 7 5 1.74812e-47
21 12 7 5 7 1.41266e-48
21 6 7 12 10 3.47658e-48
21 7 12 10 6 3.33519e-47
21 10 6 7 12 2.4301e-47
21 12 10 6 7 2.10312e-47
21 4 4 8 10 3.28376e-48
21 4 8 10 4 3.31178e-47
21 8 10 4 4 3.45371e-48
21 10 4 4 8 0.0133342
21 4 9 9 12 4.6482e-48
21 9 9 12 4 3.35461e-48
21 9 12 4 9 2.69336e-48
21 12 4 9 9 2.47295e-48
21 4 7 4 8 0.0159686
21 4 8 4 7 3.51942e-48
21 7 4 8 4 1.43388e-48
21 8 4 7 4 1.53594e-47
21 4 4 8 9 2.91628e-48
21 4 8 9 4 3.80388e-48
21 8 9 4 4 3.39457e-48
21 9 4 4 8 0.011648
21 4 11 7 7 2.80895e-47
21 7 4 11 7 1.83062e-48
21 7 7 4 11 2.11656e-48
21 11 7 7 4 1.88126e-47
21 5 8 9 6 4.02016e-48
21 6 5 8 9 9.52994e-48
21 8 9 6 5 3.22896e-47
21 9 6 5 8 0.0231797
21 7 8 12 10 2.06578e-48
21 8 12 10 7 3.89949e-47
21 10 7 8 12 1.69507e-48
21 12 10 7 8 0.173173
21 4 5 6 7 2.47317e-47
21 5 6 7 4 1.31355e-47
21 6 7 4 5 2.30436e-48
21 7 4 5 6 1.07302e-48
21 4 12 10 5 3.13228e-47
21 5 4 12 10 9.95813e-49
21 10 5 4 12 2.0816e-48
21 12 10 5 4 1.46085e-48
22 4 6 8 7 0.013611
22 6 8 7 4 3.18739e-45
22 7 4 6 8 0.00676174
22 8 7 4 6 0.00456598
22 8 10 12 12 3.5246e-05
22 10 12 12 8 0.010699
22 12 8 10 12 1.54708e-45
22 12 12 8 10 0.0456892
22 6 9 9 12 0.00202892
22 9 9 12 6 0.00292519
22 9 12 6 9 0.00889487
22 12 6 9 9 0.00157089
22 6 7 7 12 8.67819e-05
22 7 7 12 6 5.97532e-05
22 7 12 6 7 0.000440604
22 12 6 7 7 0.000162935
22 6 10 12 10 6.17119e-05
22 10 6 10 12 0.013761
22 10 12 10 6 0.0112616
22 12 10 6 10 7.5057e-05
22 8 10 11 11 8.40093e-06
22 10 11 11 8 2.99879e-46
22 11 8 10 11 6.01985e-46
22 11 11 8 10 2.0906e-45
22 4 12 4 12 0.0437833
22 12 4 12 4 0.0410266
22 4 5 5 6 1.11568e-48
22 5 5 6 4 8.53538e-45
22 5 6 4 5 5.35011e-45
22 6 4 5 5 2.57358e-48
22 8 8 9 11 2.92043e-46
22 8 9 11 8 0.00273011
22 9 11 8 8 4.54823e-46
22 11 8 8 9 4.67554e-46
22 4 4 11 10 0.0123674
22 4 11 10 4 3.71724e-45
22 10 4 4 11 0.00390287
22 11 10 4 4 4.38687e-05
22 4 4 5 6 3.43887e-06
22 4 5 6 4 5.09857e-45
22 5 6 4 4 0.029279
22 6 4 4 5 1.83392e-45
22 8 9 8 9 0.0128551
22 9 8 9 8 5.14177e-46
22 4 10 8 6 1.17002e-05
22 6 4 10 8 0.00432052
22 8 6 4 10 0.0373473
22 10 8 6 4 3.82567e-45
22 6 12 10 12 0.0216343
22 10 12 6 12 0.0244296
22 12 6 12 10 0.0307763
22 12 10 12 6 1.20626e-05
22 5 11 9 6 2.18803e-46
22 6 5 11 9 3.99401e-46
22 9 6 5 11 4.23962e-06
22 11 9 6 5 2.07276e-45
22 4 11 6 7 2.05816e-45
22 6 7 4 11 0.00366221
22 7 4 11 6 0.00308387
22 11 6 7 4 0.0262712
22 4 9 10 12 0.00973156
22 9 10 12 4 5.01103e-05
22 10 12 4 9 0.00883292
22 12 4 9 10 0.00625493
22 6 10 12 7 2.2156e-05
22 7 6 10 12 0.0150174
22 10 12 7 6 0.00834263
22 12 7 6 10 0.0184348
22 7 10 10 12 1.93012e-05
22 10 10 12 7 1.46842e-05
22 10 12 7 10 0.0273569
22 12 7 10 10 0.0108199
22 5 12 10 11 7.40077e-05
22 10 11 5 12 5.26099e-51
22 11 5 12 10 1.88875e-47
22 12 10 11 5 1.82285e-50
22 7 12 8 8 0.0120193
22 8 7 12 8 0.00519773
22 8 8 7 12 1.90031e-45
22 12 8 8 7 1.32225e-45
22 4 9 8 7 0.00817222
22 7 4 9 8 0.00161675
22 8 7 4 9 0.00421629
22 9 8 7 4 2.65459e-45
22 4 10 10 10 4.61718e-05
22 10 4 10 10 0.0136628
22 10 10 4 10 3.32966e-05
22 10 10 10 4 3.822e-05
22 6 12 11 8 0.00509848
22 8 6 12 11 0.008765
22 11 8 6 12 1.35906e-45
22 12 11 8 6 5.2368e-46
22 4 7 8 9 3.2369e-05
22 7 8 9 4 1.21768e-47
22 8 9 4 7 9.82031e-05
22 9 4 7 8 3.25157e-05
22 7 10 11 10 2.58509e-05
22 10 7 10 11 0.00254601
22 10 11 10 7 9.13785e-46
22 11 10 7 10 3.08556e-05
22 4 12 11 9 0.00538476
22 9 4 12 11 0.00344624
22 11 9 4 12 0.00542494
22 12 11 9 4 8.26516e-46
22 9 11 12 10 1.90086e-47
22 10 9 11 12 2.84399e-05
22 11 12 10 9 6.29404e-05
22 12 10 9 11 2.70325e-08
22 4 9 6 12 0.0151815
22 6 12 4 9 0.0122028
22 9 6 12 4 0.0356989
22 12 4 9 6 0.00174653
22 8 8 10 12 3.8441e-45
22 8 10 12 8 3.17131e-05
22 10 12 8 8 0.0165046
22 12 8 8 10 5.51904e-45
22 8 9 9 10 6.68241e-05
22 9 9 10 8 2.9967e-05
22 9 10 8 9 7.16205e-08
22 10 8 9 9 1.64157e-48
22 8 10 10 12 2.98203e-05
22 10 10 12 8 1.00256e-05
22 10 12 8 10 0.0358896
22 12 8 10 10 3.02694e-45
22 5 10 12 8 8.97036e-06
22 8 5 10 12 1.53011e-45
22 10 12 8 5 2.90144e-45
22 12 8 5 10 1.63724e-48
22 6 9 8 10 0.0156264
22 8 10 6 9 1.84534e-05
22 9 8 10 6 6.00649e-46
22 10 6 9 8 0.00177234
22 5 11 9 10 7.81258e-46
22 9 10 5 11 5.93327e-09
22 10 5 11 9 2.88236e-46
22 11 9 10 5 1.32468e-45
22 6 9 9 8 0.00118206
22 8 6 9 9 0.00252742
22 9 8 6 9 6.95723e-46
22 9 9 8 6 0.00292189
22 5 7 12 7 0.00325454
22 7 5 7 12 7.39927e-46
22 7 12 7 5 2.43416e-45
22 12 7 5 7 2.11907e-06
22 6 7 12 10 0.0176531
22 7 12 10 6 0.0143137
22 10 6 7 12 0.0118729
22 12 10 6 7 3.13848e-05
22 4 4 8 10 0.0229834
22 4 8 10 4 4.54557e-45
22 8 10 4 4 8.04374e-05
22 10 4 4 8 0.00418038
22 4 9 9 12 0.00282029
22 9 9 12 4 0.0166533
22 9 12 4 9 0.00789618
22 12 4 9 9 0.00125305
22 4 7 4 8 0.0030341
22 4 8 4 7 1.24323e-45
22 7 4 8 4 0.0181554
22 8 4 7 4 0.0213811
22 4 4 8 9 0.00420741
22 4 8 9 4 1.2038e-45
22 8 9 4 4 0.0244279
22 9 4 4 8 0.00341494
22 4 11 7 7 1.51003e-45
22 7 4 11 7 0.00612635
22 7 7 4 11 0.00446961
22 11 7 7 4 0.0139938
22 5 8 9 6 2.67689e-46
22 6 5 8 9 7.42602e-46
22 8 9 6 5 3.80243e-45
22 9 6 5 8 4.54326e-06
22 7 8 12 10 2.60154e-45
22 8 12 10 7 0.0189622
22 10 7 8 12 0.00358112
22 12 10 7 8 6.78559e-06
22 4 5 6 7 1.55651e-45
22 5 6 7 4 0.0211704
22 6 7 4 5 1.07142e-45
22 7 4 5 6 2.64154e-06
22 4 12 10 5 3.14871e-45
22 5 4 12 10 0.0114213
22 10 5 4 12 6.90235e-46
22 12 10 5 4 2.08027e-08
23 4 6 8 7 6.49211e-48
23 6 8 7 4 1.82549e-47
23 7 4 6 8 1.62809e-47
23 8 7 4 6 2.02879e-47
23 8 10 12 12 1.01501e-47
23 10 12 12 8 1.99047e-47
23 12 8 10 12 5.67596e-48
23 12 12 8 10 6.79185e-48
23 6 9 9 12 2.56133e-48
23 9 9 12 6 1.31637e-47
23 9 12 6 9 6.14079e-48
23 12 6 9 9 2.57785e-48
23 6 7 7 12 3.23263e-49
23 7 7 12 6 4.47573e-49
23 7 12 6 7 2.58966e-49
23 12 6 7 7 4.03537e-49
23 6 10 12 10 1.99042e-47
23 10 6 10 12 1.27603e-47
23 10 12 10 6 1.81438e-47
23 12 10 6 10 1.29659e-47
23 8 10 11 11 2.06316e-48
23 10 11 11 8 4.96949e-48
23 11 8 10 11 2.94122e-48
23 11 11 8 10 4.32283e-48
23 4 12 4 12 1.0942e-47
23 12 4 12 4 1.2674e-47
23 4 5 5 6 0.249609
23 5 5 6 4 0.110152
23 5 6 4 5 1.80036e-47
23 6 4 5 5 2.19026e-47
23 8 8 9 11 3.22524e-48
23 8 9 11 8 3.36107e-48
23 9 11 8 8 8.01966e-48
23 11 8 8 9 1.57869e-48
23 4 4 11 10 2.90488e-48
23 4 11 10 4 8.08027e-48
23 10 4 4 11 9.25985e-48
23 11 10 4 4 3.87281e-48
23 4 4 5 6 8.32905e-48
23 4 5 6 4 0.081184
23 5 6 4 4 5.46487e-48
23 6 4 4 5 1.20356e-47
23 8 9 8 9 1.28754e-47
23 9 8 9 8 1.54656e-47
23 4 10 8 6 5.05436e-48
23 6 4 10 8 9.90677e-48
23 8 6 4 10 2.06189e-47
23 10 8 6 4 9.2557e-48
23 6 12 10 12 6.59533e-48
23 10 12 6 12 8.61357e-48
23 12 6 12 10 1.67625e-47
23 12 10 12 6 1.13392e-47
23 5 11 9 6 4.02951e-48
23 6 5 11 9 0.0278792
23 9 6 5 11 9.88366e-48
23 11 9 6 5 6.29086e-48
23 4 11 6 7 1.27003e-47
23 6 7 4 11 1.11057e-47
23 7 4 11 6 4.96721e-48
23 11 6 7 4 1.13778e-47
23 4 9 10 12 6.03017e-48
23 9 10 12 4 1.09146e-47
23 10 12 4 9 1.07518e-47
23 12 4 9 10 5.04305e-48
23 6 10 12 7 1.36178e-47
23 7 6 10 12 1.26432e-47
23 10 12 7 6 3.67997e-47
23 12 7 6 10 1.48501e-47
23 7 10 10 12 8.03424e-48
23 10 10 12 7 1.41822e-47
23 10 12 7 10 3.4569e-47
23 12 7 10 10 1.18418e-47
23 5 12 10 11 2.62226e-50
23 10 11 5 12 7.60857e-50
23 11 5 12 10 0.00073569
23 12 10 11 5 1.88851e-50
23 7 12 8 8 1.0726e-47
23 8 7 12 8 2.3626e-47
23 8 8 7 12 1.96672e-47
23 12 8 8 7 5.39904e-48
23 4 9 8 7 5.63591e-48
23 7 4 9 8 7.82527e-48
23 8 7 4 9 1.25393e-47
23 9 8 7 4 2.07796e-47
23 4 10 10 10 9.42605e-48
23 10 4 10 10 1.40123e-47
23 10 10 4 10 1.66019e-47
23 10 10 10 4 8.34152e-48
23 6 12 11 8 2.60704e-48
23 8 6 12 11 1.00807e-47
23 11 8 6 12 2.47515e-48
23 12 11 8 6 5.6046e-48
23 4 7 8 9 4.36438e-50
23 7 8 9 4 5.37678e-50
23 8 9 4 7 1.49382e-49
23 9 4 7 8 2.78996e-49
23 7 10 11 10 5.13744e-48
23 10 7 10 11 1.07479e-47
23 10 11 10 7 1.65758e-47
23 11 10 7 10 1.33721e-47
23 4 12 11 9 1.32989e-48
23 9 4 12 11 7.22902e-48
23 11 9 4 12 2.94207e-48
23 12 11 9 4 3.05599e-48
23 9 11 12 10 1.80579e-49
23 10 9 11 12 1.88948e-50
23 11 12 10 9 2.43222e-50
23 12 10 9 11 1.92386e-50
23 4 9 6 12 6.92401e-48
23 6 12 4 9 9.4529e-48
23 9 6 12 4 1.57267e-47
23 12 4 9 6 4.91551e-48
23 8 8 10 12 1.45311e-47
23 8 10 12 8 3.09127e-47
23 10 12 8 8 1.62223e-47
23 12 8 8 10 1.18257e-47
23 8 9 9 10 6.99181e-50
23 9 9 10 8 1.18289e-49
23 9 10 8 9 3.89732e-50
23 10 8 9 9 3.7753e-50
23 8 10 10 12 7.48455e-48
23 10 10 12 8 1.7851e-47
23 10 12 8 10 1.0041e-47
23 12 8 10 10 1.06996e-47
23 5 10 12 8 5.98297e-48
23 8 5 10 12 0.0823648
23 10 12 8 5 7.23104e-48
23 12 8 5 10 8.47146e-48
23 6 9 8 10 7.78687e-48
23 8 10 6 9 7.67405e-48
23 9 8 10 6 1.21328e-47
23 10 6 9 8 8.2306e-48
23 5 11 9 10 4.12167e-48
23 9 10 5 11 6.83884e-48
23 10 5 11 9 0.031615
23 11 9 10 5 5.46232e-48
23 6 9 9 8 5.05103e-48
23 8 6 9 9 4.27333e-48
23 9 8 6 9 6.92328e-48
23 9 9 8 6 6.94677e-48
23 5 7 12 7 5.49051e-48
23 7 5 7 12 0.180854
23 7 12 7 5 2.48772e-47
23 12 7 5 7 6.46932e-48
23 6 7 12 10 2.65508e-47
23 7 12 10 6 2.09378e-47
23 10 6 7 12 3.01428e-47
23 12 10 6 7 1.03316e-47
23 4 4 8 10 6.60375e-48
23 4 8 10 4 6.90559e-48
23 8 10 4 4 1.08485e-47
23 10 4 4 8 1.70019e-47
23 4 9 9 12 2.58568e-48
23 9 9 12 4 1.06075e-47
23 9 12 4 9 8.3602e-48
23 12 4 9 9 2.36047e-48
23 4 7 4 8 1.14545e-47
23 4 8 4 7 8.22254e-48
23 7 4 8 4 5.0633e-48
23 8 4 7 4 1.62393e-47
23 4 4 8 9 2.82456e-48
23 4 8 9 4 2.70583e-48
23 8 9 4 4 9.63447e-48
23 9 4 4 8 1.20805e-47
23 4 11 7 7 3.46607e-47
23 7 4 11 7 5.38686e-48
23 7 7 4 11 1.93373e-47
23 11 7 7 4 1.3973e-47
23 5 8 9 6 3.44538e-48
23 6 5 8 9 0.0634093
23 8 9 6 5 1.76304e-47
23 9 6 5 8 1.81561e-47
23 7 8 12 10 1.80295e-47
23 8 12 10 7 9.13017e-48
23 10 7 8 12 4.64094e-48
23 12 10 7 8 1.53185e-47
23 4 5 6 7 0.0955884
23 5 6 7 4 9.58418e-48
23 6 7 4 5 1.41222e-47
23 7 4 5 6 1.25684e-47
23 4 12 10 5 5.9831e-48
23 5 4 12 10 5.03435e-48
23 10 5 4 12 0.0766093
23 12 10 5 4 3.53122e-48
24 12 10 11 5 1
25 4 6 8 7 3.02728e-49
25 6 8 7 4 1.40005e-47
25 7 4 6 8 2.28783e-47
25 8 7 4 6 2.40852e-92
25 8 10 12 12 1.06226e-47
25 10 12 12 8 3.28597e-48
25 12 8 10 12 5.8787e-48
25 12 12 8 10 0.00871891
25 6 9 9 12 2.49331e-48
25 9 9 12 6 1.69008e-48
25 9 12 6 9 2.64896e-48
25 12 6 9 9 4.18848e-49
25 6 7 7 12 2.01849e-94
25 7 7 12 6 2.20621e-94
25 7 12 6 7 1.29909e-49
25 12 6 7 7 1.2739e-50
25 6 10 12 10 0.0649208
25 10 6 10 12 1.15512e-48
25 10 12 10 6 5.82556e-48
25 12 10 6 10 0.0295334
25 8 10 11 11 5.7595e-48
25 10 11 11 8 5.99483e-48
25 11 8 10 11 1.08841e-47
25 11 11 8 10 0.0543168
25 4 12 4 12 4.23901e-48
25 12 4 12 4 1.08135e-47
25 4 5 5 6 9.50417e-48
25 5 5 6 4 1.42305e-47
25 5 6 4 5 2.51625e-48
25 6 4 5 5 3.99978e-47
25 8 8 9 11 2.23411e-47
25 8 9 11 8 1.89728e-48
25 9 11 8 8 5.11557e-48
25 11 8 8 9 3.15934e-48
25 4 4 11 10 0.030177
25 4 11 10 4 9.54146e-48
25 10 4 4 11 1.78761e-47
25 11 10 4 4 4.62892e-48
25 4 4 5 6 6.9122e-48
25 4 5 6 4 4.51724e-48
25 5 6 4 4 7.78936e-49
25 6 4 4 5 2.81583e-47
25 8 9 8 9 6.14767e-48
25 9 8 9 8 2.00218e-47
25 4 10 8 6 1.41418e-48
25 6 4 10 8 1.91666e-47
25 8 6 4 10 0.0195508
25 10 8 6 4 7.16075e-48
25 6 12 10 12 5.71954e-48
25 10 12 6 12 3.48242e-48
25 12 6 12 10 0.00401335
25 12 10 12 6 2.93949e-48
25 5 11 9 6 1.86449e-47
25 6 5 11 9 5.87336e-48
25 9 6 5 11 8.17398e-49
25 11 9 6 5 3.21511e-48
25 4 11 6 7 1.3235e-47
25 6 7 4 11 1.62593e-92
25 7 4 11 6 1.33184e-47
25 11 6 7 4 1.04843e-48
25 4 9 10 12 1.54989e-48
25 9 10 12 4 3.66544e-48
25 10 12 4 9 4.27776e-48
25 12 4 9 10 0.0720503
25 6 10 12 7 8.01488e-48
25 7 6 10 12 1.78312e-48
25 10 12 7 6 5.46061e-48
25 12 7 6 10 3.91139e-47
25 7 10 10 12 7.69919e-48
25 10 10 12 7 4.39424e-48
25 10 12 7 10 0.0321914
25 12 7 10 10 3.52207e-47
25 5 12 10 11 3.28381e-50
25 10 11 5 12 8.04867e-50
25 11 5 12 10 0.000462656
25 12 10 11 5 1.18465e-50
25 7 12 8 8 2.93289e-48
25 8 7 12 8 1.63463e-92
25 8 8 7 12 2.67288e-47
25 12 8 8 7 2.99469e-48
25 4 9 8 7 7.75763e-49
25 7 4 9 8 2.38136e-47
25 8 7 4 9 2.09088e-92
25 9 8 7 4 9.06211e-48
25 4 10 10 10 0.0246134
25 10 4 10 10 0.110177
25 10 10 4 10 0.0397623
25 10 10 10 4 4.10042e-48
25 6 12 11 8 1.77542e-48
25 8 6 12 11 1.90707e-48
25 11 8 6 12 6.60385e-48
25 12 11 8 6 3.85766e-48
25 4 7 8 9 1.98333e-95
25 7 8 9 4 1.40349e-49
25 8 9 4 7 7.54479e-50
25 9 4 7 8 1.4185e-49
25 7 10 11 10 0.0298464
25 10 7 10 11 9.38966e-93
25 10 11 10 7 2.02793e-47
25 11 10 7 10 0.0462389
25 4 12 11 9 7.92377e-49
25 9 4 12 11 1.08069e-47
25 11 9 4 12 1.91155e-48
25 12 11 9 4 6.81694e-48
25 9 11 12 10 0.000836429
25 10 9 11 12 6.9352e-51
25 11 12 10 9 3.02302e-50
25 12 10 9 11 2.64099e-50
25 4 9 6 12 1.57599e-48
25 6 12 4 9 7.14408e-48
25 9 6 12 4 7.77281e-49
25 12 4 9 6 1.11906e-47
25 8 8 10 12 4.27315e-47
25 8 10 12 8 1.84958e-47
25 10 12 8 8 2.84717e-48
25 12 8 8 10 0.0363506
25 8 9 9 10 0.000425408
25 9 9 10 8 1.95188e-50
25 9 10 8 9 1.71993e-50
25 10 8 9 9 7.81833e-50
25 8 10 10 12 1.23843e-47
25 10 10 12 8 3.97042e-48
25 10 12 8 10 0.0136048
25 12 8 10 10 0.0489103
25 5 10 12 8 2.97184e-48
25 8 5 10 12 1.81106e-47
25 10 12 8 5 1.73957e-48
25 12 8 5 10 0.026667
25 6 9 8 10 0.0117304
25 8 10 6 9 1.11078e-47
25 9 8 10 6 1.00752e-47
25 10 6 9 8 8.16901e-49
25 5 11 9 10 0.119684
25 9 10 5 11 3.84306e-48
25 10 5 11 9 3.50632e-48
25 11 9 10 5 3.15239e-48
25 6 9 9 8 2.81102e-48
25 8 6 9 9 1.97138e-48
25 9 8 6 9 7.15109e-48
25 9 9 8 6 9.48212e-49
25 5 7 12 7 4.39322e-93
25 7 5 7 12 1.06439e-47
25 7 12 7 5 6.40822e-48
25 12 7 5 7 2.39098e-93
25 6 7 12 10 1.0014e-46
25 7 12 10 6 1.04737e-47
25 10 6 7 12 1.26106e-48
25 12 10 6 7 4.24651e-48
25 4 4 8 10 0.0335843
25 4 8 10 4 5.8028e-48
25 8 10 4 4 1.2656e-47
25 10 4 4 8 1.52773e-47
25 4 9 9 12 1.27453e-48
25 9 9 12 4 1.54757e-48
25 9 12 4 9 3.59275e-48
25 12 4 9 9 7.54792e-48
25 4 7 4 8 3.95253e-93
25 4 8 4 7 6.07471e-48
25 7 4 8 4 7.55229e-48
25 8 4 7 4 2.87444e-47
25 4 4 8 9 3.21501e-48
25 4 8 9 4 4.36053e-48
25 8 9 4 4 4.88288e-48
25 9 4 4 8 1.1725e-47
25 4 11 7 7 1.88502e-47
25 7 4 11 7 1.63563e-47
25 7 7 4 11 2.32201e-92
25 11 7 7 4 1.01168e-92
25 5 8 9 6 1.13447e-47
25 6 5 8 9 6.53967e-48
25 8 9 6 5 8.79475e-48
25 9 6 5 8 6.98906e-49
25 7 8 12 10 0.0857187
25 8 12 10 7 8.93017e-48
25 10 7 8 12 2.21969e-93
25 12 10 7 8 2.35873e-48
25 4 5 6 7 5.30039e-48
25 5 6 7 4 7.15622e-49
25 6 7 4 5 1.31911e-92
25 7 4 5 6 1.68946e-47
25 4 12 10 5 2.05886e-48
25 5 4 12 10 0.055914
25 10 5 4 12 5.52448e-48
25 12 10 5 4 1.13253e-48
26 2 0 2 8 0.0865368
26 2 0 3 12 0.0291641
26 2 0 3 4 0.10591
26 3 0 2 11 0.0503243
26 2 0 2 10 0.0753389
26 2 0 1 8 0.0826893
26 3 0 2 5 0.000269137
26 2 0 1 4 0.0477646
26 1 0 2 12 0.0126404
26 1 0 2 9 0.00618357
26 2 0 3 10 0.0790413
26 2 0 2 5 0.000200202
26 1 0 1 9 0.00597738
26 1 0 3 6 0.0235606
26 1 0 2 10 0.0277197
26 1 0 3 12 0.012712
26 3 0 2 10 0.0527924
26 2 0 2 4 0.0509173
26 3 0 1 8 0.0284209
26 2 0 3 11 0.0751214
26 1 0 2 4 0.0207545
26 3 0 1 11 0.0494089
26 3 0 2 4 0.0376403
26 3 0 3 4 0.0389121
27 2 8 2 0 0.0846463
27 3 12 2 0 0.0267281
27 3 4 2 0 0.0736602
27 2 11 3 0 0.0479827
27 2 10 2 0 0.0153975
27 1 8 2 0 0.109304
27 2 5 3 0 0.0747343
27 1 4 2 0 0.0505962
27 2 12 1 0 0.0268326
27 2 9 1 0 0.0247291
27 3 10 2 0 0.0143333
27 2 5 2 0 0.0377729
27 1 9 1 0 0.0323041
27 3 6 1 0 0.0107773
27 2 10 1 0 0.011643
27 3 12 1 0 0.023943
27 2 10 3 0 0.0158796
27 2 4 2 0 0.0399117
27 1 8 3 0 0.0552916
27 3 11 2 0 0.0431814
27 2 4 1 0 0.0334342
27 1 11 3 0 0.0636635
27 2 4 3 0 0.0434233
27 3 4 3 0 0.0398306
28 4 6 8 7 8.81166e-48
28 6 8 7 4 0.0476322
28 7 4 6 8 3.95184e-45
28 8 7 4 6 1.33811e-46
28 8 10 12 12 2.15452e-06
28 10 12 12 8 1.49614e-45
28 12 8 10 12 0.00277931
28 12 12 8 10 4.31056e-46
28 6 9 9 12 0.015378
28 9 9 12 6 0.00202194
28 9 12 6 9 1.66885e-45
28 12 6 9 9 0.00285736
28 6 7 7 12 2.21281e-47
28 7 7 12 6 6.03461e-91
28 7 12 6 7 8.27646e-135
28 12 6 7 7 6.83214e-50
28 6 10 12 10 5.53356e-06
28 10 6 10 12 0.00496945
28 10 12 10 6 2.54294e-46
28 12 10 6 10 1.46818e-06
28 8 10 11 11 8.70213e-06
28 10 11 11 8 0.0127858
28 11 8 10 11 0.0205304
28 11 11 8 10 0.00673711
28 4 12 4 12 7.17324e-46
28 12 4 12 4 0.0122649
28 4 5 5 6 3.80571e-46
28 5 5 6 4 1.22492e-87
28 5 6 4 5 1.99939e-45
28 6 4 5 5 0.0471795
28 8 8 9 11 0.0421432
28 8 9 11 8 0.0126478
28 9 11 8 8 0.0228257
28 11 8 8 9 0.00472685
28 4 4 11 10 0.00543606
28 4 11 10 4 0.019521
28 10 4 4 11 0.0105408
28 11 10 4 4 2.55903e-06
28 4 4 5 6 0.00112932
28 4 5 6 4 3.28709e-45
28 5 6 4 4 1.35833e-45
28 6 4 4 5 0.0164122
28 8 9 8 9 0.0177801
28 9 8 9 8 0.0865983
28 4 10 8 6 4.30593e-07
28 6 4 10 8 0.0279451
28 8 6 4 10 0.00399242
28 10 8 6 4 0.0209196
28 6 12 10 12 2.04731e-45
28 10 12 6 12 9.71539e-46
28 12 6 12 10 0.00242681
28 12 10 12 6 2.21975e-07
28 5 11 9 6 5.96188e-46
28 6 5 11 9 2.61217e-45
28 9 6 5 11 0.0306396
28 11 9 6 5 0.0152847
28 4 11 6 7 2.02969e-47
28 6 7 4 11 3.83711e-45
28 7 4 11 6 4.37144e-46
28 11 6 7 4 0.0150381
28 4 9 10 12 0.00456626
28 9 10 12 4 8.54541e-06
28 10 12 4 9 4.25995e-46
28 12 4 9 10 0.00423378
28 6 10 12 7 8.15569e-51
28 7 6 10 12 1.16607e-45
28 10 12 7 6 2.1635e-46
28 12 7 6 10 4.23611e-46
28 7 10 10 12 3.01208e-49
28 10 10 12 7 2.07576e-51
28 10 12 7 10 6.10987e-46
28 12 7 10 10 2.272e-46
28 5 12 10 11 3.756e-90
28 10 11 5 12 3.32549e-05
28 11 5 12 10 5.74318e-48
28 12 10 11 5 1.16409e-08
28 7 12 8 8 4.29671e-88
28 8 7 12 8 1.61992e-45
28 8 8 7 12 0.00809249
28 12 8 8 7 5.50062e-48
28 4 9 8 7 8.87957e-48
28 7 4 9 8 4.14655e-45
28 8 7 4 9 4.53192e-46
28 9 8 7 4 0.0315371
28 4 10 10 10 1.38827e-06
28 10 4 10 10 0.00418423
28 10 10 4 10 7.53069e-07
28 10 10 10 4 3.5511e-06
28 6 12 11 8 3.88221e-45
28 8 6 12 11 0.0216038
28 11 8 6 12 0.00625899
28 12 11 8 6 0.000836491
28 4 7 8 9 5.1326e-48
28 7 8 9 4 6.28277e-47
28 8 9 4 7 7.23304e-50
28 9 4 7 8 0.000192018
28 7 10 11 10 4.00223e-49
28 10 7 10 11 1.75915e-45
28 10 11 10 7 1.06369e-47
28 11 10 7 10 1.48386e-06
28 4 12 11 9 6.40068e-46
28 9 4 12 11 0.0293358
28 11 9 4 12 0.00206437
28 12 11 9 4 0.0123916
28 9 11 12 10 9.89284e-05
28 10 9 11 12 3.1957e-05
28 11 12 10 9 5.61997e-48
28 12 10 9 11 3.51416e-08
28 4 9 6 12 0.00779537
28 6 12 4 9 1.53252e-45
28 9 6 12 4 0.0302905
28 12 4 9 6 0.00137268
28 8 8 10 12 0.014254
28 8 10 12 8 8.41356e-06
28 10 12 8 8 2.74406e-45
28 12 8 8 10 0.00559279
28 8 9 9 10 9.88712e-05
28 9 9 10 8 0.000163189
28 9 10 8 9 2.58508e-08
28 10 8 9 9 7.01262e-05
28 8 10 10 12 2.056e-06
28 10 10 12 8 2.79997e-06
28 10 12 8 10 7.35708e-46
28 12 8 10 10 0.0029099
28 5 10 12 8 4.3173e-49
28 8 5 10 12 8.64061e-46
28 10 12 8 5 1.14616e-45
28 12 8 5 10 0.00187753
28 6 9 8 10 0.0139118
28 8 10 6 9 3.17293e-06
28 9 8 10 6 0.00301581
28 10 6 9 8 0.0133399
28 5 11 9 10 1.83332e-45
28 9 10 5 11 8.61795e-06
28 10 5 11 9 7.23931e-46
28 11 9 10 5 0.00892639
28 6 9 9 8 0.0388845
28 8 6 9 9 0.00948879
28 9 8 6 9 0.0140203
28 9 9 8 6 0.00240125
28 5 7 12 7 9.31352e-134
28 7 5 7 12 1.08618e-88
28 7 12 7 5 2.25257e-88
28 12 7 5 7 2.17903e-91
28 6 7 12 10 1.8595e-45
28 7 12 10 6 6.94956e-89
28 10 6 7 12 0.00492419
28 12 10 6 7 2.52024e-51
28 4 4 8 10 0.00574402
28 4 8 10 4 0.0175844
28 8 10 4 4 4.13428e-06
28 10 4 4 8 0.00604665
28 4 9 9 12 0.00635506
28 9 9 12 4 0.0237157
28 9 12 4 9 7.88356e-46
28 12 4 9 9 0.00361205
28 4 7 4 8 5.06164e-46
28 4 8 4 7 4.80602e-48
28 7 4 8 4 3.01474e-45
28 8 4 7 4 0.0170896
28 4 4 8 9 0.00447812
28 4 8 9 4 0.0223635
28 8 9 4 4 0.0104847
28 9 4 4 8 0.0102256
28 4 11 7 7 1.56283e-47
28 7 4 11 7 3.07027e-90
28 7 7 4 11 3.86684e-88
28 11 7 7 4 1.89122e-45
28 5 8 9 6 5.37301e-46
28 6 5 8 9 2.76149e-45
28 8 9 6 5 0.0247053
28 9 6 5 8 0.0175846
28 7 8 12 10 1.03591e-45
28 8 12 10 7 1.43803e-90
28 10 7 8 12 3.21855e-46
28 12 10 7 8 1.1298e-06
28 4 5 6 7 1.72202e-90
28 5 6 7 4 1.93698e-45
28 6 7 4 5 1.42847e-45
28 7 4 5 6 2.40929e-46
28 4 12 10 5 9.13504e-46
28 5 4 12 10 5.34416e-46
28 10 5 4 12 2.38942e-46
28 12 10 5 4 1.06115e-06
29 4 6 8 7 9.38831e-48
29 6 8 7 4 5.9801e-48
29 7 4 6 8 1.14246e-47
29 8 7 4 6 1.39386e-47
29 8 10 12 12 3.8907e-48
29 10 12 12 8 1.01726e-47
29 12 8 10 12 4.10075e-48
29 12 12 8 10 8.19889e-48
29 6 9 9 12 3.52791e-48
29 9 9 12 6 0.0408628
29 9 12 6 9 0.0758254
29 12 6 9 9 8.26128e-48
29 6 7 7 12 2.35699e-49
29 7 7 12 6 2.06346e-49
29 7 12 6 7 2.03704e-49
29 12 6 7 7 2.93632e-49
29 6 10 12 10 8.17524e-48
29 10 6 10 12 1.31605e-47
29 10 12 10 6 2.01538e-47
29 12 10 6 10 8.79766e-48
29 8 10 11 11 3.31027e-48
29 10 11 11 8 1.88716e-48
29 11 8 10 11 2.91667e-48
29 11 11 8 10 1.27151e-48
29 4 12 4 12 1.00141e-47
29 12 4 12 4 6.6716e-48
29 4 5 5 6 1.21744e-47
29 5 5 6 4 1.64031e-47
29 5 6 4 5 2.00577e-47
29 6 4 5 5 7.85924e-48
29 8 8 9 11 1.13669e-48
29 8 9 11 8 8.62414e-48
29 9 11 8 8 0.0129513
29 11 8 8 9 3.75283e-48
29 4 4 11 10 6.23589e-48
29 4 11 10 4 1.58445e-48
29 10 4 4 11 2.53868e-48
29 11 10 4 4 8.23773e-48
29 4 4 5 6 5.06379e-48
29 4 5 6 4 5.07778e-48
29 5 6 4 4 1.23559e-47
29 6 4 4 5 4.76868e-48
29 8 9 8 9 1.53719e-47
29 9 8 9 8 0.116772
29 4 10 8 6 6.49584e-48
29 6 4 10 8 1.64027e-47
29 8 6 4 10 9.82385e-48
29 10 8 6 4 2.68589e-48
29 6 12 10 12 1.18382e-47
29 10 12 6 12 5.66865e-48
29 12 6 12 10 7.64287e-48
29 12 10 12 6 6.48172e-48
29 5 11 9 6 2.01704e-48
29 6 5 11 9 1.16851e-47
29 9 6 5 11 0.0370504
29 11 9 6 5 5.44149e-48
29 4 11 6 7 1.40429e-48
29 6 7 4 11 6.77133e-48
29 7 4 11 6 1.14724e-47
29 11 6 7 4 1.96667e-47
29 4 9 10 12 6.46735e-48
29 9 10 12 4 0.0476788
29 10 12 4 9 1.0711e-47
29 12 4 9 10 5.62274e-48
29 6 10 12 7 7.89013e-48
29 7 6 10 12 1.5073e-47
29 10 12 7 6 1.69188e-47
29 12 7 6 10 1.15896e-47
29 7 10 10 12 8.67866e-48
29 10 10 12 7 5.01384e-48
29 10 12 7 10 1.14866e-47
29 12 7 10 10 1.53801e-47
29 5 12 10 11 6.25852e-50
29 10 11 5 12 4.63694e-51
29 11 5 12 10 4.60721e-50
29 12 10 11 5 3.92869e-50
29 7 12 8 8 1.5798e-47
29 8 7 12 8 1.32856e-47
29 8 8 7 12 3.99986e-48
29 12 8 8 7 3.67919e-48
29 4 9 8 7 5.70127e-48
29 7 4 9 8 1.06451e-47
29 8 7 4 9 1.37447e-47
29 9 8 7 4 0.0481615
29 4 10 10 10 9.59834e-48
29 10 4 10 10 8.13572e-48
29 10 10 4 10 6.39267e-48
29 10 10 10 4 8.58935e-48
29 6 12 11 8 1.48442e-47
29 8 6 12 11 2.62584e-48
29 11 8 6 12 2.39537e-48
29 12 11 8 6 1.02323e-48
29 4 7 8 9 1.02931e-49
29 7 8 9 4 3.49639e-50
29 8 9 4 7 7.02334e-50
29 9 4 7 8 0.00135274
29 7 10 11 10 1.01174e-47
29 10 7 10 11 7.11322e-48
29 10 11 10 7 2.05182e-48
29 11 10 7 10 1.3932e-47
29 4 12 11 9 8.7138e-48
29 9 4 12 11 0.0149572
29 11 9 4 12 4.38466e-48
29 12 11 9 4 7.74092e-49
29 9 11 12 10 6.72224e-05
29 10 9 11 12 3.3905e-50
29 11 12 10 9 1.58394e-49
29 12 10 9 11 2.12573e-50
29 4 9 6 12 4.46224e-48
29 6 12 4 9 1.54334e-47
29 9 6 12 4 0.0758208
29 12 4 9 6 7.58305e-48
29 8 8 10 12 7.1401e-48
29 8 10 12 8 1.51131e-47
29 10 12 8 8 2.06704e-47
29 12 8 8 10 5.7127e-48
29 8 9 9 10 4.82906e-50
29 9 9 10 8 0.00126212
29 9 10 8 9 0.000623331
29 10 8 9 9 3.11884e-50
29 8 10 10 12 7.8416e-48
29 10 10 12 8 7.78427e-48
29 10 12 8 10 7.35295e-48
29 12 8 10 10 5.66632e-48
29 5 10 12 8 9.23382e-48
29 8 5 10 12 5.868e-48
29 10 12 8 5 3.92234e-48
29 12 8 5 10 2.28393e-48
29 6 9 8 10 6.15626e-48
29 8 10 6 9 7.81758e-48
29 9 8 10 6 0.062534
29 10 6 9 8 1.26121e-47
29 5 11 9 10 1.49113e-48
29 9 10 5 11 0.0232287
29 10 5 11 9 8.0853e-48
29 11 9 10 5 7.86296e-48
29 6 9 9 8 8.8734e-48
29 8 6 9 9 9.31398e-48
29 9 8 6 9 0.0342096
29 9 9 8 6 0.0537642
29 5 7 12 7 7.90181e-48
29 7 5 7 12 5.49848e-48
29 7 12 7 5 7.07768e-48
29 12 7 5 7 6.03414e-48
29 6 7 12 10 1.25432e-47
29 7 12 10 6 2.68837e-47
29 10 6 7 12 1.28674e-47
29 12 10 6 7 9.8891e-48
29 4 4 8 10 5.19922e-48
29 4 8 10 4 4.95749e-48
29 8 10 4 4 7.04016e-48
29 10 4 4 8 9.65542e-48
29 4 9 9 12 3.23042e-48
29 9 9 12 4 0.035774
29 9 12 4 9 0.096571
29 12 4 9 9 5.80973e-48
29 4 7 4 8 1.31221e-47
29 4 8 4 7 3.11385e-48
29 7 4 8 4 4.65971e-48
29 8 4 7 4 6.57718e-48
29 4 4 8 9 4.90909e-48
29 4 8 9 4 2.26281e-48
29 8 9 4 4 4.82703e-48
29 9 4 4 8 0.0795505
29 4 11 7 7 2.63986e-48
29 7 4 11 7 1.26846e-47
29 7 7 4 11 8.31584e-48
29 11 7 7 4 2.51713e-47
29 5 8 9 6 6.31405e-48
29 6 5 8 9 9.74723e-48
29 8 9 6 5 4.65267e-48
29 9 6 5 8 0.140982
29 7 8 12 10 2.44954e-48
29 8 12 10 7 1.15923e-47
29 10 7 8 12 4.55031e-48
29 12 10 7 8 1.24575e-47
29 4 5 6 7 5.6105e-48
29 5 6 7 4 1.59555e-47
29 6 7 4 5 7.59291e-48
29 7 4 5 6 5.94169e-48
29 4 12 10 5 5.28895e-48
29 5 4 12 10 3.78494e-48
29 10 5 4 12 2.73658e-48
29 12 10 5 4 3.05149e-48
30 4 6 8 7 1.6514e-46
30 6 8 7 4 0.000585122
30 7 4 6 8 0.00851507
30 8 7 4 6 0.00266622
30 8 10 12 12 0.00270251
30 10 12 12 8 0.00677344
30 12 8 10 12 0.0100998
30 12 12 8 10 0.00796804
30 6 9 9 12 2.32499e-07
30 9 9 12 6 3.58658e-06
30 9 12 6 9 0.0494551
30 12 6 9 9 0.00298803
30 6 7 7 12 1.87237e-05
30 7 7 12 6 6.54212e-06
30 7 12 6 7 4.08638e-47
30 12 6 7 7 1.09004e-46
30 6 10 12 10 0.000315005
30 10 6 10 12 0.00627307
30 10 12 10 6 0.056911
30 12 10 6 10 0.00991286
30 8 10 11 11 2.15656e-05
30 10 11 11 8 9.77719e-06
30 11 8 10 11 0.00619044
30 11 11 8 10 0.000883429
30 4 12 4 12 0.0185659
30 12 4 12 4 0.00333841
30 4 5 5 6 8.48168e-05
30 5 5 6 4 0.00523898
30 5 6 4 5 1.23973e-45
30 6 4 5 5 3.87218e-48
30 8 8 9 11 0.000248483
30 8 9 11 8 4.76887e-08
30 9 11 8 8 0.00716128
30 11 8 8 9 0.000532498
30 4 4 11 10 3.25043e-06
30 4 11 10 4 0.00646346
30 10 4 4 11 0.000666183
30 11 10 4 4 0.00704811
30 4 4 5 6 3.92083e-05
30 4 5 6 4 0.00173343
30 5 6 4 4 0.00218818
30 6 4 4 5 1.53878e-46
30 8 9 8 9 4.50162e-06
30 9 8 9 8 0.00533188
30 4 10 8 6 0.00209906
30 6 4 10 8 0.0159485
30 8 6 4 10 0.00212345
30 10 8 6 4 0.000171294
30 6 12 10 12 0.0268404
30 10 12 6 12 0.00622384
30 12 6 12 10 0.001571
30 12 10 12 6 0.00894828
30 5 11 9 6 0.00176645
30 6 5 11 9 4.35615e-06
30 9 6 5 11 9.04001e-05
30 11 9 6 5 1.62643e-48
30 4 11 6 7 4.99841e-46
30 6 7 4 11 0.000289266
30 7 4 11 6 1.32375e-05
30 11 6 7 4 0.0220574
30 4 9 10 12 1.01879e-05
30 9 10 12 4 0.00312794
30 10 12 4 9 0.00572333
30 12 4 9 10 0.00124971
30 6 10 12 7 1.11149e-46
30 7 6 10 12 0.011373
30 10 12 7 6 0.0354952
30 12 7 6 10 0.00172063
30 7 10 10 12 0.0128039
30 10 10 12 7 8.11193e-47
30 10 12 7 10 0.00701573
30 12 7 10 10 0.00541545
30 5 12 10 11 0.000516218
30 10 11 5 12 6.11055e-08
30 11 5 12 10 7.34083e-06
30 12 10 11 5 6.62487e-50
30 7 12 8 8 0.0144111
30 8 7 12 8 0.00206731
30 8 8 7 12 0.00399343
30 12 8 8 7 1.36139e-46
30 4 9 8 7 1.34931e-49
30 7 4 9 8 0.0022208
30 8 7 4 9 0.00171633
30 9 8 7 4 0.00454145
30 4 10 10 10 0.00693712
30 10 4 10 10 0.00168701
30 10 10 4 10 0.000545228
30 10 10 10 4 0.00446504
30 6 12 11 8 5.85602e-05
30 8 6 12 11 0.00128575
30 11 8 6 12 0.00155521
30 12 11 8 6 0.00390582
30 4 7 8 9 2.86098e-06
30 7 8 9 4 9.87992e-07
30 8 9 4 7 7.46762e-51
30 9 4 7 8 0.000941748
30 7 10 11 10 4.82264e-06
30 10 7 10 11 0.00120401
30 10 11 10 7 7.05172e-46
30 11 10 7 10 0.0172937
30 4 12 11 9 4.03791e-05
30 9 4 12 11 0.00170889
30 11 9 4 12 4.62825e-06
30 12 11 9 4 0.00137797
30 9 11 12 10 7.97502e-06
30 10 9 11 12 2.22529e-11
30 11 12 10 9 0.00165798
30 12 10 9 11 2.92701e-05
30 4 9 6 12 2.96383e-06
30 6 12 4 9 0.00718038
30 9 6 12 4 0.00254395
30 12 4 9 6 0.00578924
30 8 8 10 12 0.00959501
30 8 10 12 8 0.0178481
30 10 12 8 8 0.0119117
30 12 8 8 10 0.000578184
30 8 9 9 10 5.71821e-09
30 9 9 10 8 1.15479e-06
30 9 10 8 9 4.49207e-05
30 10 8 9 9 7.06651e-07
30 8 10 10 12 0.036216
30 10 10 12 8 0.00185515
30 10 12 8 10 0.000786818
30 12 8 10 10 0.0044059
30 5 10 12 8 0.00505719
30 8 5 10 12 0.0171844
30 10 12 8 5 2.58795e-46
30 12 8 5 10 7.85963e-06
30 6 9 8 10 1.41268e-07
30 8 10 6 9 0.0107772
30 9 8 10 6 0.0154315
30 10 6 9 8 0.00120628
30 5 11 9 10 0.000380175
30 9 10 5 11 0.000110819
30 10 5 11 9 3.46178e-06
30 11 9 10 5 5.57393e-48
30 6 9 9 8 9.94241e-07
30 8 6 9 9 0.00183809
30 9 8 6 9 0.00232367
30 9 9 8 6 4.08406e-06
30 5 7 12 7 3.87109e-47
30 7 5 7 12 0.00382154
30 7 12 7 5 4.2193e-45
30 12 7 5 7 3.43781e-48
30 6 7 12 10 6.36813e-05
30 7 12 10 6 0.120171
30 10 6 7 12 0.00455679
30 12 10 6 7 4.07374e-45
30 4 4 8 10 0.00034469
30 4 8 10 4 0.00184183
30 8 10 4 4 0.00525671
30 10 4 4 8 0.00312533
30 4 9 9 12 6.00579e-07
30 9 9 12 4 1.61496e-06
30 9 12 4 9 0.0433002
30 12 4 9 9 0.0028955
30 4 7 4 8 0.00195063
30 4 8 4 7 6.93937e-47
30 7 4 8 4 0.000351724
30 8 4 7 4 0.00887073
30 4 4 8 9 0.000729791
30 4 8 9 4 9.92179e-05
30 8 9 4 4 2.48012e-06
30 9 4 4 8 0.0216069
30 4 11 7 7 1.65567e-45
30 7 4 11 7 1.55782e-48
30 7 7 4 11 0.000645848
30 11 7 7 4 0.00727325
30 5 8 9 6 0.000503612
30 6 5 8 9 0.000462168
30 8 9 6 5 1.21363e-48
30 9 6 5 8 0.000424308
30 7 8 12 10 4.99285e-05
30 8 12 10 7 1.72652e-44
30 10 7 8 12 7.27341e-05
30 12 10 7 8 0.133196
30 4 5 6 7 3.96351e-46
30 5 6 7 4 0.00724251
30 6 7 4 5 4.58095e-47
30 7 4 5 6 2.96487e-05
30 4 12 10 5 6.58517e-45
30 5 4 12 10 0.000271263
30 10 5 4 12 0.000468774
30 12 10 5 4 6.37597e-05
31 4 6 8 7 4.85163e-48
31 6 8 7 4 3.02151e-48
31 7 4 6 8 3.10738e-47
31 8 7 4 6 3.68345e-48
31 8 10 12 12 7.33985e-48
31 10 12 12 8 5.0413e-48
31 12 8 10 12 0.047955
31 12 12 8 10 3.76485e-48
31 6 9 9 12 2.15186e-48
31 9 9 12 6 2.24335e-48
31 9 12 6 9 4.04727e-49
31 12 6 9 9 1.33865e-48
31 6 7 7 12 2.65373e-50
31 7 7 12 6 7.29781e-50
31 7 12 6 7 7.93644e-50
31 12 6 7 7 9.95127e-50
31 6 10 12 10 6.77393e-48
31 10 6 10 12 0.0235105
31 10 12 10 6 0.0153502
31 12 10 6 10 1.74944e-47
31 8 10 11 11 4.34471e-48
31 10 11 11 8 8.71988e-49
31 11 8 10 11 0.0129301
31 11 11 8 10 2.96626e-49
31 4 12 4 12 2.67698e-48
31 12 4 12 4 7.47103e-48
31 4 5 5 6 8.01668e-48
31 5 5 6 4 1.75077e-48
31 5 6 4 5 1.29161e-48
31 6 4 5 5 4.78676e-48
31 8 8 9 11 2.9594e-48
31 8 9 11 8 2.90958e-47
31 9 11 8 8 3.71533e-49
31 11 8 8 9 1.38086e-48
31 4 4 11 10 1.20253e-47
31 4 11 10 4 0.00221472
31 10 4 4 11 1.60295e-48
31 11 10 4 4 2.81336e-48
31 4 4 5 6 6.84492e-48
31 4 5 6 4 2.78069e-48
31 5 6 4 4 7.41764e-49
31 6 4 4 5 1.4818e-48
31 8 9 8 9 1.01726e-47
31 9 8 9 8 2.32102e-47
31 4 10 8 6 5.758e-48
31 6 4 10 8 0.0672875
31 8 6 4 10 6.81245e-48
31 10 8 6 4 4.12789e-48
31 6 12 10 12 0.00700834
31 10 12 6 12 1.50119e-48
31 12 6 12 10 6.21946e-48
31 12 10 12 6 6.2067e-48
31 5 11 9 6 9.83399e-50
31 6 5 11 9 9.04905e-49
31 9 6 5 11 1.0584e-48
31 11 9 6 5 3.41084e-48
31 4 11 6 7 5.78022e-49
31 6 7 4 11 6.98271e-49
31 7 4 11 6 1.04512e-47
31 11 6 7 4 2.32084e-48
31 4 9 10 12 0.0524765
31 9 10 12 4 2.49361e-48
31 10 12 4 9 6.78639e-49
31 12 4 9 10 1.03948e-47
31 6 10 12 7 4.485e-48
31 7 6 10 12 0.0399117
31 10 12 7 6 1.89508e-48
31 12 7 6 10 7.46346e-48
31 7 10 10 12 0.0604307
31 10 10 12 7 5.66345e-48
31 10 12 7 10 2.87525e-48
31 12 7 10 10 0.0439987
31 5 12 10 11 1.6768e-05
31 10 11 5 12 1.93004e-51
31 11 5 12 10 2.18299e-50
31 12 10 11 5 3.95345e-50
31 7 12 8 8 9.9437e-48
31 8 7 12 8 1.41146e-47
31 8 8 7 12 8.774e-48
31 12 8 8 7 8.86468e-48
31 4 9 8 7 9.53127e-48
31 7 4 9 8 2.69757e-47
31 8 7 4 9 1.86691e-48
31 9 8 7 4 2.92884e-48
31 4 10 10 10 0.0915967
31 10 4 10 10 0.0551796
31 10 10 4 10 7.0323e-48
31 10 10 10 4 0.0306166
31 6 12 11 8 3.09473e-48
31 8 6 12 11 1.56775e-48
31 11 8 6 12 2.87229e-48
31 12 11 8 6 2.34498e-49
31 4 7 8 9 1.51871e-50
31 7 8 9 4 7.42061e-50
31 8 9 4 7 1.08089e-49
31 9 4 7 8 9.8223e-50
31 7 10 11 10 2.06414e-47
31 10 7 10 11 0.00900634
31 10 11 10 7 0.00267218
31 11 10 7 10 8.24417e-48
31 4 12 11 9 9.69909e-49
31 9 4 12 11 8.56182e-49
31 11 9 4 12 2.42787e-48
31 12 11 9 4 2.10062e-49
31 9 11 12 10 1.87244e-51
31 10 9 11 12 3.96806e-50
31 11 12 10 9 3.67085e-05
31 12 10 9 11 2.26535e-50
31 4 9 6 12 8.15048e-48
31 6 12 4 9 4.92081e-49
31 9 6 12 4 1.50796e-48
31 12 4 9 6 6.27313e-48
31 8 8 10 12 0.106502
31 8 10 12 8 4.95794e-47
31 10 12 8 8 8.77775e-48
31 12 8 8 10 2.00639e-47
31 8 9 9 10 1.40385e-49
31 9 9 10 8 0.000768256
31 9 10 8 9 1.22514e-50
31 10 8 9 9 1.95858e-50
31 8 10 10 12 0.061067
31 10 10 12 8 1.54049e-47
31 10 12 8 10 2.59793e-48
31 12 8 10 10 0.0958723
31 5 10 12 8 5.00055e-48
31 8 5 10 12 0.0222133
31 10 12 8 5 7.79566e-49
31 12 8 5 10 1.22587e-47
31 6 9 8 10 5.3772e-48
31 8 10 6 9 4.56048e-48
31 9 8 10 6 0.0220649
31 10 6 9 8 8.21722e-48
31 5 11 9 10 1.62464e-49
31 9 10 5 11 1.74495e-48
31 10 5 11 9 1.24423e-48
31 11 9 10 5 0.0218947
31 6 9 9 8 9.41186e-48
31 8 6 9 9 1.92503e-48
31 9 8 6 9 1.39661e-48
31 9 9 8 6 2.52921e-48
31 5 7 12 7 7.90993e-49
31 7 5 7 12 2.73696e-48
31 7 12 7 5 1.47717e-48
31 12 7 5 7 3.75667e-48
31 6 7 12 10 3.3658e-48
31 7 12 10 6 0.0303499
31 10 6 7 12 3.38051e-48
31 12 10 6 7 1.34905e-47
31 4 4 8 10 1.02771e-47
31 4 8 10 4 0.0475203
31 8 10 4 4 6.73271e-48
31 10 4 4 8 1.27386e-47
31 4 9 9 12 5.49739e-48
31 9 9 12 4 2.30169e-48
31 9 12 4 9 3.70598e-49
31 12 4 9 9 2.47029e-48
31 4 7 4 8 7.88853e-48
31 4 8 4 7 6.31934e-48
31 7 4 8 4 5.09938e-48
31 8 4 7 4 5.70315e-48
31 4 4 8 9 2.23181e-48
31 4 8 9 4 4.5491e-48
31 8 9 4 4 5.67889e-48
31 9 4 4 8 6.35685e-48
31 4 11 7 7 7.09866e-49
31 7 4 11 7 1.77156e-47
31 7 7 4 11 2.52581e-48
31 11 7 7 4 2.52966e-48
31 5 8 9 6 2.11106e-48
31 6 5 8 9 7.73727e-49
31 8 9 6 5 8.1665e-48
31 9 6 5 8 8.41514e-48
31 7 8 12 10 1.14504e-47
31 8 12 10 7 0.0224388
31 10 7 8 12 1.43699e-48
31 12 10 7 8 1.94509e-47
31 4 5 6 7 4.01916e-48
31 5 6 7 4 8.70362e-49
31 6 7 4 5 7.65724e-49
31 7 4 5 6 8.47902e-48
31 4 12 10 5 0.00710994
31 5 4 12 10 1.70175e-48
31 10 5 4 12 1.0114e-48
31 12 10 5 4 4.48441e-48
32 4 6 8 7 9.99056e-46
32 6 8 7 4 3.29821e-88
32 7 4 6 8 0.0465475
32 8 7 4 6 1.32525e-46
32 8 10 12 12 0.00830321
32 10 12 12 8 0.00465556
32 12 8 10 12 3.66866e-48
32 12 12 8 10 7.13052e-05
32 6 9 9 12 0.0224257
32 9 9 12 6 4.55371e-46
32 9 12 6 9 5.209e-46
32 12 6 9 9 2.3877e-48
32 6 7 7 12 1.19413e-89
32 7 7 12 6 1.12786e-47
32 7 12 6 7 0.000110337
32 12 6 7 7 1.08733e-92
32 6 10 12 10 0.0318099
32 10 6 10 12 5.9673e-46
32 10 12 10 6 0.00203754
32 12 10 6 10 8.43906e-05
32 8 10 11 11 0.00330093
32 10 11 11 8 0.00360629
32 11 8 10 11 1.14857e-45
32 11 11 8 10 0.0434983
32 4 12 4 12 0.000969183
32 12 4 12 4 7.137e-05
32 4 5 5 6 1.89307e-45
32 5 5 6 4 0.0886846
32 5 6 4 5 7.01262e-46
32 6 4 5 5 1.18431e-44
32 8 8 9 11 8.90976e-46
32 8 9 11 8 0.00277679
32 9 11 8 8 4.91735e-45
32 11 8 8 9 2.00441e-45
32 4 4 11 10 0.00509357
32 4 11 10 4 0.00109418
32 10 4 4 11 0.00150892
32 11 10 4 4 0.00262046
32 4 4 5 6 1.37369e-45
32 4 5 6 4 0.00474749
32 5 6 4 4 4.33881e-46
32 6 4 4 5 0.00475405
32 8 9 8 9 0.00801746
32 9 8 9 8 1.47185e-87
32 4 10 8 6 0.00805567
32 6 4 10 8 0.0570202
32 8 6 4 10 1.54767e-46
32 10 8 6 4 4.99032e-46
32 6 12 10 12 0.0140021
32 10 12 6 12 0.00633763
32 12 6 12 10 4.15853e-48
32 12 10 12 6 2.84728e-05
32 5 11 9 6 0.0399338
32 6 5 11 9 0.00930247
32 9 6 5 11 4.00959e-131
32 11 9 6 5 0.00828022
32 4 11 6 7 0.00418158
32 6 7 4 11 5.4116e-46
32 7 4 11 6 0.00980446
32 11 6 7 4 3.1618e-88
32 4 9 10 12 0.00148629
32 9 10 12 4 1.00508e-45
32 10 12 4 9 0.000227414
32 12 4 9 10 0.000157596
32 6 10 12 7 0.0212685
32 7 6 10 12 8.4744e-46
32 10 12 7 6 4.79941e-46
32 12 7 6 10 8.31041e-48
32 7 10 10 12 0.00594615
32 10 10 12 7 0.00309175
32 10 12 7 10 4.91841e-46
32 12 7 10 10 2.66904e-48
32 5 12 10 11 7.4697e-05
32 10 11 5 12 7.5011e-48
32 11 5 12 10 0.000192803
32 12 10 11 5 8.28082e-08
32 7 12 8 8 0.024013
32 8 7 12 8 1.25513e-45
32 8 8 7 12 1.82261e-88
32 12 8 8 7 9.83897e-48
32 4 9 8 7 0.00391654
32 7 4 9 8 0.0521465
32 8 7 4 9 6.0241e-47
32 9 8 7 4 2.16774e-131
32 4 10 10 10 0.00234852
32 10 4 10 10 0.00616172
32 10 10 4 10 0.000907608
32 10 10 10 4 0.00177702
32 6 12 11 8 0.0142825
32 8 6 12 11 4.46767e-46
32 11 8 6 12 4.01176e-45
32 12 11 8 6 5.11853e-05
32 4 7 8 9 4.39863e-48
32 7 8 9 4 9.68464e-48
32 8 9 4 7 4.94836e-06
32 9 4 7 8 1.07679e-89
32 7 10 11 10 0.00537034
32 10 7 10 11 2.85455e-46
32 10 11 10 7 0.00188331
32 11 10 7 10 4.11161e-45
32 4 12 11 9 0.000437978
32 9 4 12 11 1.98833e-45
32 11 9 4 12 0.00197336
32 12 11 9 4 2.51971e-05
32 9 11 12 10 9.07501e-48
32 10 9 11 12 1.36324e-05
32 11 12 10 9 2.49139e-05
32 12 10 9 11 4.22322e-07
32 4 9 6 12 0.00423728
32 6 12 4 9 0.00143241
32 9 6 12 4 1.31157e-88
32 12 4 9 6 0.000140807
32 8 8 10 12 1.15954e-45
32 8 10 12 8 0.0191001
32 10 12 8 8 0.0253389
32 12 8 8 10 2.20519e-47
32 8 9 9 10 5.35552e-05
32 9 9 10 8 7.80465e-48
32 9 10 8 9 1.61911e-47
32 10 8 9 9 3.20505e-48
32 8 10 10 12 0.00585918
32 10 10 12 8 0.00727524
32 10 12 8 10 0.00858446
32 12 8 10 10 2.85905e-48
32 5 10 12 8 0.039182
32 8 5 10 12 0.00610772
32 10 12 8 5 0.00302675
32 12 8 5 10 7.93566e-91
32 6 9 8 10 0.0339885
32 8 10 6 9 0.00415718
32 9 8 10 6 1.00106e-88
32 10 6 9 8 1.68241e-45
32 5 11 9 10 0.0445611
32 9 10 5 11 3.06341e-88
32 10 5 11 9 0.00147246
32 11 9 10 5 0.0028957
32 6 9 9 8 0.0334028
32 8 6 9 9 4.8866e-46
32 9 8 6 9 1.0431e-88
32 9 9 8 6 1.60483e-45
32 5 7 12 7 1.65373e-45
32 7 5 7 12 1.47249e-45
32 7 12 7 5 2.48376e-46
32 12 7 5 7 4.99557e-91
32 6 7 12 10 3.64835e-45
32 7 12 10 6 0.00337011
32 10 6 7 12 1.63706e-88
32 12 10 6 7 6.57168e-05
32 4 4 8 10 0.0236522
32 4 8 10 4 1.7502e-46
32 8 10 4 4 0.000897284
32 10 4 4 8 0.00349805
32 4 9 9 12 0.00368817
32 9 9 12 4 3.99484e-46
32 9 12 4 9 7.31459e-47
32 12 4 9 9 4.97293e-05
32 4 7 4 8 1.14809e-46
32 4 8 4 7 5.22636e-47
32 7 4 8 4 0.0222246
32 8 4 7 4 1.25472e-45
32 4 4 8 9 0.00682017
32 4 8 9 4 3.96872e-46
32 8 9 4 4 0.000325898
32 9 4 4 8 1.02814e-45
32 4 11 7 7 5.33795e-46
32 7 4 11 7 0.0113359
32 7 7 4 11 1.88514e-46
32 11 7 7 4 3.68646e-88
32 5 8 9 6 6.3907e-45
32 6 5 8 9 0.0432173
32 8 9 6 5 0.00283664
32 9 6 5 8 9.29974e-131
32 7 8 12 10 5.87601e-46
32 8 12 10 7 0.00165722
32 10 7 8 12 1.43791e-45
32 12 10 7 8 8.52032e-48
32 4 5 6 7 0.00547402
32 5 6 7 4 3.45075e-88
32 6 7 4 5 2.32836e-46
32 7 4 5 6 2.54557e-45
32 4 12 10 5 0.00041885
32 5 4 12 10 0.037173
32 10 5 4 12 0.00095963
32 12 10 5 4 3.23847e-48
33 4 6 8 7 5.75827e-48
33 6 8 7 4 1.13968e-47
33 7 4 6 8 8.82445e-48
33 8 7 4 6 2.21652e-48
33 8 10 12 12 4.6708e-48
33 10 12 12 8 3.75442e-48
33 12 8 10 12 8.00812e-48
33 12 12 8 10 6.15869e-48
33 6 9 9 12 2.18607e-48
33 9 9 12 6 1.12971e-48
33 9 12 6 9 9.3935e-48
33 12 6 9 9 4.99743e-48
33 6 7 7 12 2.16632e-49
33 7 7 12 6 3.47084e-50
33 7 12 6 7 1.03264e-49
33 12 6 7 7 1.77197e-49
33 6 10 12 10 5.64269e-48
33 10 6 10 12 9.62371e-48
33 10 12 10 6 3.50038e-48
33 12 10 6 10 7.42419e-48
33 8 10 11 11 6.02772e-48
33 10 11 11 8 2.20936e-48
33 11 8 10 11 0.138821
33 11 11 8 10 0.0486826
33 4 12 4 12 8.85483e-48
33 12 4 12 4 5.59947e-48
33 4 5 5 6 1.25199e-48
33 5 5 6 4 6.87029e-48
33 5 6 4 5 2.55245e-47
33 6 4 5 5 1.06987e-47
33 8 8 9 11 4.80011e-48
33 8 9 11 8 2.00346e-48
33 9 11 8 8 3.95437e-48
33 11 8 8 9 0.129285
33 4 4 11 10 3.31399e-48
33 4 11 10 4 3.15128e-48
33 10 4 4 11 1.00949e-47
33 11 10 4 4 0.0454697
33 4 4 5 6 1.27582e-48
33 4 5 6 4 2.12679e-48
33 5 6 4 4 6.06539e-48
33 6 4 4 5 9.80891e-48
33 8 9 8 9 2.20054e-47
33 9 8 9 8 7.98371e-48
33 4 10 8 6 2.73992e-48
33 6 4 10 8 7.65053e-48
33 8 6 4 10 5.28888e-48
33 10 8 6 4 4.55356e-48
33 6 12 10 12 8.17451e-48
33 10 12 6 12 6.4823e-48
33 12 6 12 10 4.35236e-48
33 12 10 12 6 1.9572e-48
33 5 11 9 6 1.58429e-48
33 6 5 11 9 4.43074e-48
33 9 6 5 11 6.5021e-48
33 11 9 6 5 0.0855284
33 4 11 6 7 3.91124e-48
33 6 7 4 11 1.12469e-47
33 7 4 11 6 2.66726e-48
33 11 6 7 4 0.130203
33 4 9 10 12 4.86877e-48
33 9 10 12 4 3.23445e-48
33 10 12 4 9 9.5186e-48
33 12 4 9 10 3.14514e-48
33 6 10 12 7 4.19903e-48
33 7 6 10 12 1.10222e-47
33 10 12 7 6 5.47031e-48
33 12 7 6 10 5.44809e-48
33 7 10 10 12 7.69202e-48
33 10 10 12 7 2.6683e-48
33 10 12 7 10 8.48933e-48
33 12 7 10 10 4.36579e-48
33 5 12 10 11 1.13537e-49
33 10 11 5 12 1.49084e-50
33 11 5 12 10 0.000160584
33 12 10 11 5 3.70054e-50
33 7 12 8 8 8.14464e-48
33 8 7 12 8 3.50588e-48
33 8 8 7 12 1.4541e-47
33 12 8 8 7 6.02634e-48
33 4 9 8 7 3.59997e-48
33 7 4 9 8 4.08677e-48
33 8 7 4 9 8.73341e-48
33 9 8 7 4 9.89374e-48
33 4 10 10 10 4.89109e-48
33 10 4 10 10 5.52885e-48
33 10 10 4 10 4.17141e-48
33 10 10 10 4 3.99091e-48
33 6 12 11 8 3.16305e-48
33 8 6 12 11 6.83287e-48
33 11 8 6 12 0.0718661
33 12 11 8 6 1.84744e-48
33 4 7 8 9 9.66361e-50
33 7 8 9 4 2.94621e-50
33 8 9 4 7 3.00143e-50
33 9 4 7 8 1.26608e-49
33 7 10 11 10 4.03172e-48
33 10 7 10 11 9.22648e-48
33 10 11 10 7 3.45085e-48
33 11 10 7 10 0.122608
33 4 12 11 9 4.72906e-48
33 9 4 12 11 6.78137e-48
33 11 9 4 12 0.0392131
33 12 11 9 4 1.26723e-48
33 9 11 12 10 2.14084e-50
33 10 9 11 12 1.99604e-50
33 11 12 10 9 0.00101978
33 12 10 9 11 4.07416e-50
33 4 9 6 12 5.56311e-48
33 6 12 4 9 1.37153e-47
33 9 6 12 4 4.24371e-48
33 12 4 9 6 1.85565e-48
33 8 8 10 12 1.39435e-47
33 8 10 12 8 7.15936e-48
33 10 12 8 8 1.06566e-47
33 12 8 8 10 1.21357e-47
33 8 9 9 10 1.7204e-50
33 9 9 10 8 4.04146e-50
33 9 10 8 9 1.13241e-49
33 10 8 9 9 5.03837e-50
33 8 10 10 12 6.95012e-48
33 10 10 12 8 3.68757e-48
33 10 12 8 10 5.52326e-48
33 12 8 10 10 6.36195e-48
33 5 10 12 8 4.37425e-48
33 8 5 10 12 2.83103e-48
33 10 12 8 5 6.96421e-48
33 12 8 5 10 2.17314e-48
33 6 9 8 10 5.04157e-48
33 8 10 6 9 1.15321e-47
33 9 8 10 6 3.31095e-48
33 10 6 9 8 2.99549e-48
33 5 11 9 10 2.67716e-48
33 9 10 5 11 4.94087e-48
33 10 5 11 9 3.06578e-48
33 11 9 10 5 0.0746289
33 6 9 9 8 2.16968e-48
33 8 6 9 9 5.63423e-48
33 9 8 6 9 1.19853e-47
33 9 9 8 6 2.07629e-48
33 5 7 12 7 2.34253e-48
33 7 5 7 12 4.93833e-48
33 7 12 7 5 1.23642e-47
33 12 7 5 7 1.11922e-48
33 6 7 12 10 4.82267e-48
33 7 12 10 6 4.66925e-48
33 10 6 7 12 1.75164e-47
33 12 10 6 7 6.43454e-48
33 4 4 8 10 6.68515e-48
33 4 8 10 4 5.07519e-48
33 8 10 4 4 4.18875e-48
33 10 4 4 8 5.76683e-48
33 4 9 9 12 2.00173e-48
33 9 9 12 4 2.06133e-48
33 9 12 4 9 9.25076e-48
33 12 4 9 9 5.6807e-48
33 4 7 4 8 3.27367e-48
33 4 8 4 7 3.45188e-48
33 7 4 8 4 5.46303e-48
33 8 4 7 4 7.58689e-48
33 4 4 8 9 1.10339e-47
33 4 8 9 4 1.90675e-48
33 8 9 4 4 2.43942e-48
33 9 4 4 8 5.12149e-48
33 4 11 7 7 8.26513e-48
33 7 4 11 7 5.19768e-48
33 7 7 4 11 1.38123e-47
33 11 7 7 4 0.112514
33 5 8 9 6 2.55276e-48
33 6 5 8 9 8.94222e-48
33 8 9 6 5 7.88284e-48
33 9 6 5 8 3.71618e-48
33 7 8 12 10 3.7252e-48
33 8 12 10 7 3.54851e-48
33 10 7 8 12 4.25067e-48
33 12 10 7 8 8.11074e-48
33 4 5 6 7 1.98714e-48
33 5 6 7 4 1.13864e-47
33 6 7 4 5 6.52373e-48
33 7 4 5 6 1.49701e-48
33 4 12 10 5 4.96321e-48
33 5 4 12 10 3.48397e-48
33 10 5 4 12 1.69064e-48
33 12 10 5 4 1.20154e-48
34 4 6 8 7 0.000557653
34 6 8 7 4 2.81528e-46
34 7 4 6 8 0.0194455
34 8 7 4 6 1.92408e-47
34 8 10 12 12 0.000105338
34 10 12 12 8 0.01052
34 12 8 10 12 7.8448e-05
34 12 12 8 10 0.00679762
34 6 9 9 12 4.30796e-06
34 9 9 12 6 0.00491525
34 9 12 6 9 0.00843433
34 12 6 9 9 0.00235009
34 6 7 7 12 3.02057e-52
34 7 7 12 6 1.19376e-49
34 7 12 6 7 6.46451e-05
34 12 6 7 7 5.20016e-05
34 6 10 12 10 0.00215728
34 10 6 10 12 9.85401e-06
34 10 12 10 6 0.00470973
34 12 10 6 10 0.00979952
34 8 10 11 11 0.00516761
34 10 11 11 8 0.0243888
34 11 8 10 11 0.00646653
34 11 11 8 10 0.0264801
34 4 12 4 12 1.35869e-05
34 12 4 12 4 4.79206e-45
34 4 5 5 6 0.00786385
34 5 5 6 4 1.16378e-45
34 5 6 4 5 4.71821e-06
34 6 4 5 5 3.537e-05
34 8 8 9 11 0.00789384
34 8 9 11 8 0.00961178
34 9 11 8 8 0.0437135
34 11 8 8 9 0.0187541
34 4 4 11 10 0.0026733
34 4 11 10 4 5.42772e-46
34 10 4 4 11 0.00857645
34 11 10 4 4 7.46455e-46
34 4 4 5 6 0.00447396
34 4 5 6 4 3.52336e-46
34 5 6 4 4 5.89375e-47
34 6 4 4 5 1.41917e-05
34 8 9 8 9 0.0422621
34 9 8 9 8 0.03997
34 4 10 8 6 0.00152702
34 6 4 10 8 0.00638886
34 8 6 4 10 0.00262352
34 10 8 6 4 8.01779e-46
34 6 12 10 12 7.1999e-06
34 10 12 6 12 2.88818e-05
34 12 6 12 10 0.0024587
34 12 10 12 6 0.0102319
34 5 11 9 6 0.00780199
34 6 5 11 9 0.00459549
34 9 6 5 11 0.00143797
34 11 9 6 5 2.41839e-05
34 4 11 6 7 0.00894228
34 6 7 4 11 1.68964e-48
34 7 4 11 6 0.0075495
34 11 6 7 4 2.65068e-46
34 4 9 10 12 6.92363e-06
34 9 10 12 4 9.36753e-46
34 10 12 4 9 0.00770843
34 12 4 9 10 0.0164895
34 6 10 12 7 0.00258152
34 7 6 10 12 5.88721e-06
34 10 12 7 6 0.00522346
34 12 7 6 10 1.35985e-47
34 7 10 10 12 1.82993e-05
34 10 10 12 7 0.00720069
34 10 12 7 10 0.00390149
34 12 7 10 10 9.45563e-48
34 5 12 10 11 8.25057e-06
34 10 11 5 12 1.0437e-06
34 11 5 12 10 0.000140881
34 12 10 11 5 1.5796e-07
34 7 12 8 8 0.0061602
34 8 7 12 8 4.93266e-47
34 8 8 7 12 0.000151771
34 12 8 8 7 0.018076
34 4 9 8 7 0.00156751
34 7 4 9 8 0.0146826
34 8 7 4 9 3.55131e-47
34 9 8 7 4 1.32612e-45
34 4 10 10 10 0.00115411
34 10 4 10 10 0.0102895
34 10 10 4 10 0.00409428
34 10 10 10 4 4.25628e-46
34 6 12 11 8 0.00128975
34 8 6 12 11 0.00205896
34 11 8 6 12 6.4827e-05
34 12 11 8 6 0.0261302
34 4 7 8 9 4.77077e-50
34 7 8 9 4 4.41193e-48
34 8 9 4 7 0.000107645
34 9 4 7 8 0.000407138
34 7 10 11 10 0.00225441
34 10 7 10 11 4.73532e-48
34 10 11 10 7 0.0221635
34 11 10 7 10 0.00796316
34 4 12 11 9 0.00129196
34 9 4 12 11 0.0121767
34 11 9 4 12 2.77885e-05
34 12 11 9 4 1.99063e-45
34 9 11 12 10 0.000232196
34 10 9 11 12 1.28948e-07
34 11 12 10 9 7.70022e-05
34 12 10 9 11 3.1151e-05
34 4 9 6 12 9.11695e-06
34 6 12 4 9 0.00253037
34 9 6 12 4 2.75942e-46
34 12 4 9 6 0.020214
34 8 8 10 12 0.000205068
34 8 10 12 8 0.0532683
34 10 12 8 8 0.0154515
34 12 8 8 10 0.0226363
34 8 9 9 10 5.61101e-05
34 9 9 10 8 7.58787e-05
34 9 10 8 9 0.000118313
34 10 8 9 9 0.000100834
34 8 10 10 12 7.13497e-05
34 10 10 12 8 0.0121887
34 10 12 8 10 0.00406595
34 12 8 10 10 0.0104389
34 5 10 12 8 0.00456656
34 8 5 10 12 0.000126823
34 10 12 8 5 1.36159e-05
34 12 8 5 10 0.010469
34 6 9 8 10 0.00100683
34 8 10 6 9 0.0222425
34 9 8 10 6 0.0093063
34 10 6 9 8 0.00190129
34 5 11 9 10 0.00634535
34 9 10 5 11 0.00486688
34 10 5 11 9 0.0139575
34 11 9 10 5 1.83107e-05
34 6 9 9 8 0.00141059
34 8 6 9 9 0.00397785
34 9 8 6 9 0.0181864
34 9 9 8 6 0.00467466
34 5 7 12 7 3.77556e-48
34 7 5 7 12 3.63825e-05
34 7 12 7 5 7.87233e-06
34 12 7 5 7 1.14446e-47
34 6 7 12 10 3.48656e-48
34 7 12 10 6 0.00327717
34 10 6 7 12 1.27286e-05
34 12 10 6 7 0.0136578
34 4 4 8 10 0.00436867
34 4 8 10 4 2.3952e-46
34 8 10 4 4 1.29205e-45
34 10 4 4 8 0.0271606
34 4 9 9 12 5.34846e-06
34 9 9 12 4 6.02643e-46
34 9 12 4 9 0.00926065
34 12 4 9 9 0.0289877
34 4 7 4 8 3.69665e-48
34 4 8 4 7 0.00241096
34 7 4 8 4 8.41704e-46
34 8 4 7 4 3.1491e-45
34 4 4 8 9 0.00701792
34 4 8 9 4 1.6908e-46
34 8 9 4 4 7.59571e-46
34 9 4 4 8 0.0298174
34 4 11 7 7 0.0116368
34 7 4 11 7 0.0113862
34 7 7 4 11 4.75126e-48
34 11 7 7 4 1.92924e-90
34 5 8 9 6 0.00344461
34 6 5 8 9 0.0075135
34 8 9 6 5 4.18804e-05
34 9 6 5 8 0.00455606
34 7 8 12 10 0.00467175
34 8 12 10 7 0.00831805
34 10 7 8 12 4.16721e-50
34 12 10 7 8 0.0129853
34 4 5 6 7 0.00379182
34 5 6 7 4 6.11121e-47
34 6 7 4 5 7.32617e-51
34 7 4 5 6 0.00886529
34 4 12 10 5 2.63673e-06
34 5 4 12 10 0.00449878
34 10 5 4 12 4.32301e-05
34 12 10 5 4 5.64093e-46
35 2 0 2 8 0.0683095
35 2 0 3 12 0.0337022
35 2 0 3 4 0.0600178
35 3 0 2 11 0.0696441
35 2 0 2 10 0.0428641
35 2 0 1 8 0.061198
35 3 0 2 5 0.0280563
35 2 0 1 4 0.0287194
35 1 0 2 12 0.0346594
35 1 0 2 9 0.0345298
35 2 0 3 10 0.0397384
35 2 0 2 5 0.0100187
35 1 0 1 9 0.0312949
35 1 0 3 6 0.0220058
35 1 0 2 10 0.0330671
35 1 0 3 12 0.0308005
35 3 0 2 10 0.0625694
35 2 0 2 4 0.0326533
35 3 0 1 8 0.0438169
35 2 0 3 11 0.0440998
35 1 0 2 4 0.0279066
35 3 0 1 11 0.0641091
35 3 0 2 4 0.050284
35 3 0 3 4 0.045935
36 2 8 2 0 0.0803408
36 3 12 2 0 0.0279768
36 3 4 2 0 0.0919769
36 2 11 3 0 0.0695288
36 2 10 2 0 0.02713
36 1 8 2 0 0.0508649
36 2 5 3 0 0.0708047
36 1 4 2 0 0.02442
36 2 12 1 0 0.02184
36 2 9 1 0 0.0187931
36 3 10 2 0 0.0320347
36 2 5 2 0 0.0295993
36 1 9 1 0 0.0120366
36 3 6 1 0 0.0383196
36 2 10 1 0 0.0202348
36 3 12 1 0 0.0247197
36 2 10 3 0 0.0338282
36 2 4 2 0 0.0392891
36 1 8 3 0 0.0311088
36 3 11 2 0 0.065646
36 2 4 1 0 0.0324637
36 1 11 3 0 0.0452299
36 2 4 3 0 0.0516816
36 3 4 3 0 0.0601318
37 4 6 8 7 4.23673e-48
37 6 8 7 4 0.00932742
37 7 4 6 8 0.0106453
37 8 7 4 6 0.000333377
37 8 10 12 12 0.00344315
37 10 12 12 8 0.00862229
37 12 8 10 12 0.00372818
37 12 12 8 10 0.00563317
37 6 9 9 12 0.00256214
37 9 9 12 6 0.00184929
37 9 12 6 9 0.00316166
37 12 6 9 9 0.00233018
37 6 7 7 12 4.92167e-05
37 7 7 12 6 3.30478e-05
37 7 12 6 7 1.89213e-49
37 12 6 7 7 1.49899e-49
37 6 10 12 10 0.00461652
37 10 6 10 12 0.00535398
37 10 12 10 6 0.00246513
37 12 10 6 10 0.00446141
37 8 10 11 11 0.00585836
37 10 11 11 8 0.00173267
37 11 8 10 11 0.00439265
37 11 11 8 10 0.00078389
37 4 12 4 12 0.00311106
37 12 4 12 4 0.035436
37 4 5 5 6 0.00168474
37 5 5 6 4 0.0156305
37 5 6 4 5 0.0162209
37 6 4 5 5 0.0374364
37 8 8 9 11 0.00710846
37 8 9 11 8 0.0018706
37 9 11 8 8 0.00327285
37 11 8 8 9 0.000584228
37 4 4 11 10 0.0028874
37 4 11 10 4 0.00504813
37 10 4 4 11 0.00975011
37 11 10 4 4 0.00216939
37 4 4 5 6 0.00283987
37 4 5 6 4 0.00261426
37 5 6 4 4 0.0104985
37 6 4 4 5 0.00407244
37 8 9 8 9 0.00393207
37 9 8 9 8 0.0176553
37 4 10 8 6 0.000853012
37 6 4 10 8 0.00574638
37 8 6 4 10 0.0012724
37 10 8 6 4 0.00670279
37 6 12 10 12 0.0042337
37 10 12 6 12 0.00422559
37 12 6 12 10 0.0051241
37 12 10 12 6 0.00169216
37 5 11 9 6 0.00191056
37 6 5 11 9 0.000529272
37 9 6 5 11 0.046323
37 11 9 6 5 0.0028049
37 4 11 6 7 2.2918e-48
37 6 7 4 11 0.00402669
37 7 4 11 6 0.00244021
37 11 6 7 4 0.00695908
37 4 9 10 12 0.00327672
37 9 10 12 4 0.0217732
37 10 12 4 9 0.00168364
37 12 4 9 10 0.00781894
37 6 10 12 7 5.96226e-48
37 7 6 10 12 0.00782473
37 10 12 7 6 0.00269594
37 12 7 6 10 0.00278713
37 7 10 10 12 0.00654658
37 10 10 12 7 6.62642e-48
37 10 12 7 10 0.00683018
37 12 7 10 10 0.00310355
37 5 12 10 11 0.000299893
37 10 11 5 12 3.25098e-05
37 11 5 12 10 5.77809e-06
37 12 10 11 5 4.07902e-05
37 7 12 8 8 0.0113889
37 8 7 12 8 0.00330012
37 8 8 7 12 0.00314035
37 12 8 8 7 4.98451e-48
37 4 9 8 7 4.30449e-48
37 7 4 9 8 0.0155323
37 8 7 4 9 0.000633162
37 9 8 7 4 0.019512
37 4 10 10 10 0.00308218
37 10 4 10 10 0.00614589
37 10 10 4 10 0.00184
37 10 10 10 4 0.011536
37 6 12 11 8 0.00258731
37 8 6 12 11 0.00889218
37 11 8 6 12 0.000773214
37 12 11 8 6 0.000567415
37 4 7 8 9 1.23457e-05
37 7 8 9 4 0.000174349
37 8 9 4 7 2.0366e-50
37 9 4 7 8 0.000160361
37 7 10 11 10 0.00458577
37 10 7 10 11 0.0110878
37 10 11 10 7 3.77458e-48
37 11 10 7 10 0.00230086
37 4 12 11 9 0.00125827
37 9 4 12 11 0.0292736
37 11 9 4 12 0.000585171
37 12 11 9 4 0.00609893
37 9 11 12 10 3.14219e-05
37 10 9 11 12 1.90017e-05
37 11 12 10 9 1.09659e-05
37 12 10 9 11 0.000128622
37 4 9 6 12 0.00269436
37 6 12 4 9 0.00138707
37 9 6 12 4 0.0238283
37 12 4 9 6 0.00282581
37 8 8 10 12 0.00430308
37 8 10 12 8 0.00791622
37 10 12 8 8 0.0116779
37 12 8 8 10 0.00578361
37 8 9 9 10 2.9268e-05
37 9 9 10 8 7.55117e-05
37 9 10 8 9 3.14532e-05
37 10 8 9 9 2.02048e-05
37 8 10 10 12 0.00303108
37 10 10 12 8 0.00623571
37 10 12 8 10 0.00512158
37 12 8 10 10 0.00375924
37 5 10 12 8 0.0101912
37 8 5 10 12 0.000980104
37 10 12 8 5 0.00809583
37 12 8 5 10 0.00563916
37 6 9 8 10 0.00266791
37 8 10 6 9 0.00135638
37 9 8 10 6 0.00167388
37 10 6 9 8 0.0056674
37 5 11 9 10 0.00527061
37 9 10 5 11 0.0422007
37 10 5 11 9 0.00064051
37 11 9 10 5 0.00340092
37 6 9 9 8 0.00381428
37 8 6 9 9 0.00174148
37 9 8 6 9 0.00210188
37 9 9 8 6 0.00162179
37 5 7 12 7 6.82329e-48
37 7 5 7 12 0.00233481
37 7 12 7 5 0.0159138
37 12 7 5 7 6.06402e-48
37 6 7 12 10 0.00335897
37 7 12 10 6 0.00419603
37 10 6 7 12 0.00681952
37 12 10 6 7 6.7108e-48
37 4 4 8 10 0.00446157
37 4 8 10 4 0.00772754
37 8 10 4 4 0.00412525
37 10 4 4 8 0.00394737
37 4 9 9 12 0.00305442
37 9 9 12 4 0.0188096
37 9 12 4 9 0.00225441
37 12 4 9 9 0.00416982
37 4 7 4 8 0.00108143
37 4 8 4 7 1.39198e-48
37 7 4 8 4 0.0213407
37 8 4 7 4 0.0131771
37 4 4 8 9 0.00217426
37 4 8 9 4 0.0065824
37 8 9 4 4 0.00325659
37 9 4 4 8 0.00482998
37 4 11 7 7 4.70944e-48
37 7 4 11 7 1.3473e-47
37 7 7 4 11 0.0110365
37 11 7 7 4 0.00613765
37 5 8 9 6 0.00292604
37 6 5 8 9 0.000818219
37 8 9 6 5 0.0053363
37 9 6 5 8 0.0187631
37 7 8 12 10 0.00481317
37 8 12 10 7 4.62979e-48
37 10 7 8 12 0.00194661
37 12 10 7 8 0.00560113
37 4 5 6 7 1.24153e-48
37 5 6 7 4 0.0264695
37 6 7 4 5 0.00175598
37 7 4 5 6 0.00571212
37 4 12 10 5 0.00532512
37 5 4 12 10 0.009019
37 10 5 4 12 0.00046641
37 12 10 5 4 0.0150451
38 4 6 8 7 0.00730475
38 6 8 7 4 0.014712
38 7 4 6 8 2.64638e-46
38 8 7 4 6 0.00041784
38 8 10 12 12 0.000920539
38 10 12 12 8 0.000996971
38 12 8 10 12 0.0183175
38 12 12 8 10 0.0108801
38 6 9 9 12 0.00191843
38 9 9 12 6 0.00492055
38 9 12 6 9 0.00193913
38 12 6 9 9 0.00559763
38 6 7 7 12 0.000137021
38 7 7 12 6 2.73721e-05
38 7 12 6 7 2.42975e-05
38 12 6 7 7 0.000900547
38 6 10 12 10 0.00419532
38 10 6 10 12 0.00758954
38 10 12 10 6 0.0137175
38 12 10 6 10 0.0110742
38 8 10 11 11 0.00553668
38 10 11 11 8 4.71529e-05
38 11 8 10 11 9.89965e-46
38 11 11 8 10 4.62387e-48
38 4 12 4 12 0.000596692
38 12 4 12 4 1.54389e-45
38 4 5 5 6 0.0689999
38 5 5 6 4 0.0573081
38 5 6 4 5 0.00668304
38 6 4 5 5 2.81195e-45
38 8 8 9 11 0.000603192
38 8 9 11 8 0.0119176
38 9 11 8 8 2.75043e-05
38 11 8 8 9 1.836e-46
38 4 4 11 10 3.91176e-45
38 4 11 10 4 0.000143656
38 10 4 4 11 9.34313e-48
38 11 10 4 4 6.35235e-47
38 4 4 5 6 2.7142e-45
38 4 5 6 4 0.00792012
38 5 6 4 4 0.00357455
38 6 4 4 5 7.11199e-47
38 8 9 8 9 0.00274415
38 9 8 9 8 0.00702367
38 4 10 8 6 0.00718692
38 6 4 10 8 3.15322e-45
38 8 6 4 10 0.000583429
38 10 8 6 4 0.000847328
38 6 12 10 12 0.0148132
38 10 12 6 12 0.000807036
38 12 6 12 10 0.0143697
38 12 10 12 6 0.0111966
38 5 11 9 6 0.000203489
38 6 5 11 9 0.0257504
38 9 6 5 11 0.0108815
38 11 9 6 5 6.58435e-46
38 4 11 6 7 3.159e-05
38 6 7 4 11 0.000245417
38 7 4 11 6 2.94268e-45
38 11 6 7 4 5.66131e-45
38 4 9 10 12 0.012215
38 9 10 12 4 0.00278215
38 10 12 4 9 7.20994e-05
38 12 4 9 10 1.14972e-45
38 6 10 12 7 0.00261617
38 7 6 10 12 0.00920592
38 10 12 7 6 0.0102173
38 12 7 6 10 0.00801474
38 7 10 10 12 0.00304436
38 10 10 12 7 0.000461707
38 10 12 7 10 0.00433636
38 12 7 10 10 0.0259624
38 5 12 10 11 0.000269812
38 10 11 5 12 7.71208e-08
38 11 5 12 10 6.00686e-48
38 12 10 11 5 0.000275678
38 7 12 8 8 0.00192058
38 8 7 12 8 0.00138577
38 8 8 7 12 0.00425259
38 12 8 8 7 0.00535164
38 4 9 8 7 0.00350646
38 7 4 9 8 1.99411e-46
38 8 7 4 9 9.84682e-05
38 9 8 7 4 0.0126284
38 4 10 10 10 0.0161274
38 10 4 10 10 6.62728e-46
38 10 10 4 10 0.000107281
38 10 10 10 4 0.00371613
38 6 12 11 8 0.0277032
38 8 6 12 11 0.00144591
38 11 8 6 12 2.49175e-46
38 12 11 8 6 0.000104712
38 4 7 8 9 1.49521e-05
38 7 8 9 4 9.44699e-06
38 8 9 4 7 2.13033e-06
38 9 4 7 8 2.45917e-47
38 7 10 11 10 0.0080762
38 10 7 10 11 0.00173019
38 10 11 10 7 2.71928e-05
38 11 10 7 10 2.15908e-45
38 4 12 11 9 0.0109151
38 9 4 12 11 1.79409e-46
38 11 9 4 12 3.5625e-47
38 12 11 9 4 4.25208e-05
38 9 11 12 10 1.85967e-07
38 10 9 11 12 2.87261e-05
38 11 12 10 9 1.1097e-47
38 12 10 9 11 2.36247e-05
38 4 9 6 12 0.00345265
38 6 12 4 9 0.000374066
38 9 6 12 4 0.00770315
38 12 4 9 6 2.48041e-45
38 8 8 10 12 0.00855586
38 8 10 12 8 0.00286936
38 10 12 8 8 0.00237276
38 12 8 8 10 0.0128605
38 8 9 9 10 1.8149e-05
38 9 9 10 8 0.000177178
38 9 10 8 9 1.52659e-05
38 10 8 9 9 2.85127e-06
38 8 10 10 12 0.00527917
38 10 10 12 8 0.000727125
38 10 12 8 10 0.00128781
38 12 8 10 10 0.0309892
38 5 10 12 8 0.00800477
38 8 5 10 12 0.00839074
38 10 12 8 5 0.00084409
38 12 8 5 10 0.0124006
38 6 9 8 10 0.00509258
38 8 10 6 9 0.0010092
38 9 8 10 6 0.0277104
38 10 6 9 8 0.0019336
38 5 11 9 10 9.40387e-05
38 9 10 5 11 0.0039183
38 10 5 11 9 0.00494838
38 11 9 10 5 2.32246e-45
38 6 9 9 8 0.00387201
38 8 6 9 9 0.00169296
38 9 8 6 9 0.00148415
38 9 9 8 6 0.00758285
38 5 7 12 7 0.00371001
38 7 5 7 12 0.00363485
38 7 12 7 5 0.00347698
38 12 7 5 7 0.00653386
38 6 7 12 10 0.00353629
38 7 12 10 6 0.019379
38 10 6 7 12 0.00658393
38 12 10 6 7 0.00804303
38 4 4 8 10 7.22319e-46
38 4 8 10 4 0.0158174
38 8 10 4 4 0.000256195
38 10 4 4 8 2.13324e-47
38 4 9 9 12 0.00202136
38 9 9 12 4 0.00287294
38 9 12 4 9 0.000249471
38 12 4 9 9 4.54155e-46
38 4 7 4 8 0.00032853
38 4 8 4 7 0.000248999
38 7 4 8 4 1.76538e-46
38 8 4 7 4 1.03081e-45
38 4 4 8 9 2.60732e-46
38 4 8 9 4 0.00239189
38 8 9 4 4 0.000241753
38 9 4 4 8 6.745e-47
38 4 11 7 7 0.000128614
38 7 4 11 7 1.31417e-45
38 7 7 4 11 8.86494e-05
38 11 7 7 4 2.28636e-45
38 5 8 9 6 0.0224161
38 6 5 8 9 0.00475719
38 8 9 6 5 0.0026568
38 9 6 5 8 0.0248569
38 7 8 12 10 0.000658093
38 8 12 10 7 0.00647757
38 10 7 8 12 0.000340834
38 12 10 7 8 0.0222589
38 4 5 6 7 0.00529994
38 5 6 7 4 0.0989672
38 6 7 4 5 0.000309715
38 7 4 5 6 8.14062e-46
38 4 12 10 5 0.0114564
38 5 4 12 10 1.00561e-45
38 10 5 4 12 7.96693e-05
38 12 10 5 4 0.00993067
39 4 6 8 7 4.03998e-48
39 6 8 7 4 1.34725e-47
39 7 4 6 8 8.66279e-48
39 8 7 4 6 6.83965e-48
39 8 10 12 12 3.98161e-48
39 10 12 12 8 0.036688
39 12 8 10 12 1.04926e-47
39 12 12 8 10 0.0595396
39 6 9 9 12 7.90501e-49
39 9 9 12 6 2.23149e-48
39 9 12 6 9 0.0142182
39 12 6 9 9 7.5679e-49
39 6 7 7 12 2.14344e-49
39 7 7 12 6 7.18965e-50
39 7 12 6 7 0.000624338
39 12 6 7 7 2.79671e-49
39 6 10 12 10 4.01909e-48
39 10 6 10 12 6.10591e-48
39 10 12 10 6 0.0524209
39 12 10 6 10 9.0353e-48
39 8 10 11 11 1.67241e-48
39 10 11 11 8 1.49335e-48
39 11 8 10 11 5.44778e-48
39 11 11 8 10 2.9957e-48
39 4 12 4 12 0.058422
39 12 4 12 4 9.36482e-48
39 4 5 5 6 8.40946e-48
39 5 5 6 4 2.23288e-47
39 5 6 4 5 1.99698e-47
39 6 4 5 5 8.02372e-48
39 8 8 9 11 1.48741e-48
39 8 9 11 8 2.3057e-48
39 9 11 8 8 6.10624e-48
39 11 8 8 9 9.98668e-49
39 4 4 11 10 1.07809e-48
39 4 11 10 4 1.09156e-47
39 10 4 4 11 2.87063e-48
39 11 10 4 4 2.77121e-48
39 4 4 5 6 2.60325e-48
39 4 5 6 4 7.91548e-48
39 5 6 4 4 7.27825e-48
39 6 4 4 5 5.28405e-48
39 8 9 8 9 6.56264e-48
39 9 8 9 8 4.00776e-48
39 4 10 8 6 3.62502e-48
39 6 4 10 8 1.144e-47
39 8 6 4 10 6.01293e-48
39 10 8 6 4 3.30073e-48
39 6 12 10 12 0.0611091
39 10 12 6 12 0.0256026
39 12 6 12 10 6.2648e-48
39 12 10 12 6 4.89922e-48
39 5 11 9 6 2.04494e-48
39 6 5 11 9 8.37801e-49
39 9 6 5 11 3.87523e-48
39 11 9 6 5 5.2937e-48
39 4 11 6 7 5.8283e-48
39 6 7 4 11 7.18599e-48
39 7 4 11 6 1.20685e-48
39 11 6 7 4 1.13982e-47
39 4 9 10 12 7.31875e-48
39 9 10 12 4 3.1642e-48
39 10 12 4 9 0.0116316
39 12 4 9 10 1.62187e-48
39 6 10 12 7 2.75812e-48
39 7 6 10 12 8.68963e-48
39 10 12 7 6 0.0705858
39 12 7 6 10 1.03483e-47
39 7 10 10 12 5.52189e-48
39 10 10 12 7 1.3762e-48
39 10 12 7 10 0.0573567
39 12 7 10 10 1.23242e-47
39 5 12 10 11 0.00083866
39 10 11 5 12 1.44056e-50
39 11 5 12 10 2.17358e-50
39 12 10 11 5 1.7578e-50
39 7 12 8 8 0.0717951
39 8 7 12 8 1.07157e-47
39 8 8 7 12 1.42627e-47
39 12 8 8 7 5.11737e-48
39 4 9 8 7 3.50718e-48
39 7 4 9 8 1.92159e-48
39 8 7 4 9 3.33802e-48
39 9 8 7 4 1.11369e-47
39 4 10 10 10 6.44073e-48
39 10 4 10 10 3.77482e-48
39 10 10 4 10 2.12083e-48
39 10 10 10 4 4.4427e-48
39 6 12 11 8 0.0151698
39 8 6 12 11 5.40262e-48
39 11 8 6 12 2.24683e-48
39 12 11 8 6 6.12246e-48
39 4 7 8 9 2.47165e-50
39 7 8 9 4 1.27104e-50
39 8 9 4 7 4.36963e-50
39 9 4 7 8 1.55328e-49
39 7 10 11 10 1.07972e-48
39 10 7 10 11 7.02646e-48
39 10 11 10 7 4.47904e-48
39 11 10 7 10 6.77587e-48
39 4 12 11 9 0.00417976
39 9 4 12 11 2.57245e-48
39 11 9 4 12 1.8914e-48
39 12 11 9 4 1.94307e-48
39 9 11 12 10 2.64794e-50
39 10 9 11 12 4.91083e-51
39 11 12 10 9 0.000157209
39 12 10 9 11 1.50149e-50
39 4 9 6 12 5.62683e-48
39 6 12 4 9 0.0213446
39 9 6 12 4 4.55926e-48
39 12 4 9 6 1.82754e-48
39 8 8 10 12 1.58731e-47
39 8 10 12 8 1.40206e-47
39 10 12 8 8 0.0755992
39 12 8 8 10 1.11747e-47
39 8 9 9 10 1.32871e-50
39 9 9 10 8 9.91966e-50
39 9 10 8 9 1.31898e-50
39 10 8 9 9 2.86889e-51
39 8 10 10 12 8.17576e-48
39 10 10 12 8 3.54665e-48
39 10 12 8 10 0.0227844
39 12 8 10 10 1.11355e-47
39 5 10 12 8 6.2684e-48
39 8 5 10 12 9.69821e-48
39 10 12 8 5 0.0270177
39 12 8 5 10 3.48851e-48
39 6 9 8 10 3.97541e-48
39 8 10 6 9 2.88456e-48
39 9 8 10 6 5.72728e-48
39 10 6 9 8 1.40715e-48
39 5 11 9 10 1.80936e-48
39 9 10 5 11 2.68141e-48
39 10 5 11 9 4.55183e-49
39 11 9 10 5 6.86479e-48
39 6 9 9 8 1.80242e-48
39 8 6 9 9 7.41314e-49
39 9 8 6 9 1.7279e-48
39 9 9 8 6 2.97739e-48
39 5 7 12 7 2.80955e-48
39 7 5 7 12 8.8952e-48
39 7 12 7 5 0.0976194
39 12 7 5 7 2.67218e-48
39 6 7 12 10 5.36118e-48
39 7 12 10 6 0.0868882
39 10 6 7 12 9.57569e-48
39 12 10 6 7 7.22161e-48
39 4 4 8 10 4.09695e-48
39 4 8 10 4 9.32869e-48
39 8 10 4 4 6.25468e-48
39 10 4 4 8 4.46053e-48
39 4 9 9 12 9.69757e-49
39 9 9 12 4 3.07516e-48
39 9 12 4 9 0.0137088
39 12 4 9 9 6.92973e-49
39 4 7 4 8 7.62222e-48
39 4 8 4 7 2.67237e-48
39 7 4 8 4 3.51685e-48
39 8 4 7 4 1.31081e-47
39 4 4 8 9 1.59961e-48
39 4 8 9 4 1.12954e-48
39 8 9 4 4 5.55475e-48
39 9 4 4 8 4.80398e-48
39 4 11 7 7 1.57712e-47
39 7 4 11 7 1.1356e-48
39 7 7 4 11 8.61043e-48
39 11 7 7 4 1.39981e-47
39 5 8 9 6 1.7485e-48
39 6 5 8 9 3.18533e-48
39 8 9 6 5 1.19538e-47
39 9 6 5 8 6.02444e-48
39 7 8 12 10 2.50526e-48
39 8 12 10 7 0.0522488
39 10 7 8 12 2.01632e-48
39 12 10 7 8 2.17369e-47
39 4 5 6 7 4.72848e-48
39 5 6 7 4 1.78706e-47
39 6 7 4 5 6.20014e-48
39 7 4 5 6 2.22453e-48
39 4 12 10 5 0.0624494
39 5 4 12 10 2.56828e-48
39 10 5 4 12 1.87378e-48
39 12 10 5 4 2.87489e-48
40 10 9 11 12 1
41 4 6 8 7 6.87196e-48
41 6 8 7 4 1.46069e-47
41 7 4 6 8 1.91905e-48
41 8 7 4 6 9.80237e-48
41 8 10 12 12 3.81034e-48
41 10 12 12 8 8.24634e-48
41 12 8 10 12 2.02071e-47
41 12 12 8 10 8.53463e-48
41 6 9 9 12 5.07288e-48
41 9 9 12 6 3.58223e-48
41 9 12 6 9 0.0560715
41 12 6 9 9 0.129402
41 6 7 7 12 2.93994e-49
41 7 7 12 6 1.00393e-49
41 7 12 6 7 1.0323e-49
41 12 6 7 7 4.92652e-49
41 6 10 12 10 7.20524e-48
41 10 6 10 12 2.31837e-47
41 10 12 10 6 2.02985e-47
41 12 10 6 10 1.17434e-47
41 8 10 11 11 8.97161e-49
41 10 11 11 8 8.38599e-49
41 11 8 10 11 1.93372e-47
41 11 11 8 10 3.52745e-48
41 4 12 4 12 9.90641e-48
41 12 4 12 4 5.91333e-48
41 4 5 5 6 3.03317e-48
41 5 5 6 4 1.18862e-47
41 5 6 4 5 3.96288e-47
41 6 4 5 5 3.7041e-48
41 8 8 9 11 6.99259e-48
41 8 9 11 8 5.23296e-49
41 9 11 8 8 2.25427e-48
41 11 8 8 9 0.0657425
41 4 4 11 10 3.35232e-49
41 4 11 10 4 3.82296e-48
41 10 4 4 11 4.92248e-48
41 11 10 4 4 7.87483e-48
41 4 4 5 6 8.54297e-49
41 4 5 6 4 3.22494e-48
41 5 6 4 4 1.22676e-47
41 6 4 4 5 5.20483e-48
41 8 9 8 9 0.0634965
41 9 8 9 8 2.09131e-47
41 4 10 8 6 3.40636e-48
41 6 4 10 8 4.73211e-48
41 8 6 4 10 7.4053e-48
41 10 8 6 4 1.00049e-47
41 6 12 10 12 1.33775e-47
41 10 12 6 12 1.01815e-47
41 12 6 12 10 1.29091e-47
41 12 10 12 6 9.30755e-48
41 5 11 9 6 7.02522e-48
41 6 5 11 9 0.0108649
41 9 6 5 11 4.80236e-48
41 11 9 6 5 1.08542e-47
41 4 11 6 7 4.44952e-48
41 6 7 4 11 1.89946e-47
41 7 4 11 6 4.16425e-49
41 11 6 7 4 2.09567e-47
41 4 9 10 12 5.2358e-48
41 9 10 12 4 4.38773e-48
41 10 12 4 9 0.103525
41 12 4 9 10 4.73979e-48
41 6 10 12 7 8.25229e-48
41 7 6 10 12 9.7269e-48
41 10 12 7 6 1.776e-47
41 12 7 6 10 1.69763e-47
41 7 10 10 12 4.45655e-48
41 10 10 12 7 6.74021e-48
41 10 12 7 10 1.12857e-47
41 12 7 10 10 1.82182e-47
41 5 12 10 11 1.19925e-49
41 10 11 5 12 1.35025e-50
41 11 5 12 10 3.63983e-50
41 12 10 11 5 1.62894e-50
41 7 12 8 8 3.50666e-48
41 8 7 12 8 6.4e-48
41 8 8 7 12 9.71507e-48
41 12 8 8 7 1.29961e-47
41 4 9 8 7 3.30862e-48
41 7 4 9 8 1.91348e-48
41 8 7 4 9 0.0789446
41 9 8 7 4 1.09921e-47
41 4 10 10 10 5.06185e-48
41 10 4 10 10 4.36818e-48
41 10 10 4 10 6.8339e-48
41 10 10 10 4 8.73263e-48
41 6 12 11 8 1.2988e-48
41 8 6 12 11 6.44673e-48
41 11 8 6 12 9.84472e-48
41 12 11 8 6 4.4966e-48
41 4 7 8 9 0.000483754
41 7 8 9 4 5.10549e-50
41 8 9 4 7 4.98115e-50
41 9 4 7 8 3.80058e-50
41 7 10 11 10 5.82451e-49
41 10 7 10 11 2.18271e-47
41 10 11 10 7 9.06992e-48
41 11 10 7 10 1.05716e-47
41 4 12 11 9 0.0071768
41 9 4 12 11 2.23418e-48
41 11 9 4 12 5.75807e-48
41 12 11 9 4 5.05889e-48
41 9 11 12 10 2.26654e-50
41 10 9 11 12 8.17963e-51
41 11 12 10 9 0.00104263
41 12 10 9 11 9.33252e-50
41 4 9 6 12 4.46723e-48
41 6 12 4 9 0.116055
41 9 6 12 4 8.76865e-48
41 12 4 9 6 6.82951e-48
41 8 8 10 12 1.66395e-47
41 8 10 12 8 6.63445e-48
41 10 12 8 8 1.25249e-47
41 12 8 8 10 1.70043e-47
41 8 9 9 10 3.25031e-50
41 9 9 10 8 5.74415e-50
41 9 10 8 9 0.000334813
41 10 8 9 9 0.000970774
41 8 10 10 12 6.1678e-48
41 10 10 12 8 6.09011e-48
41 10 12 8 10 6.45121e-48
41 12 8 10 10 1.81222e-47
41 5 10 12 8 4.77773e-48
41 8 5 10 12 4.0224e-48
41 10 12 8 5 7.65252e-48
41 12 8 5 10 3.70614e-48
41 6 9 8 10 4.04085e-48
41 8 10 6 9 0.043063
41 9 8 10 6 1.30927e-47
41 10 6 9 8 1.31786e-47
41 5 11 9 10 4.86098e-48
41 9 10 5 11 2.39583e-48
41 10 5 11 9 0.00966278
41 11 9 10 5 1.26835e-47
41 6 9 9 8 5.71929e-48
41 8 6 9 9 0.0689961
41 9 8 6 9 0.0723375
41 9 9 8 6 3.52302e-48
41 5 7 12 7 7.7092e-48
41 7 5 7 12 2.56463e-48
41 7 12 7 5 5.66467e-48
41 12 7 5 7 4.30362e-48
41 6 7 12 10 1.21312e-47
41 7 12 10 6 9.91884e-48
41 10 6 7 12 2.36248e-47
41 12 10 6 7 1.56649e-47
41 4 4 8 10 1.50596e-48
41 4 8 10 4 8.65608e-48
41 8 10 4 4 4.71899e-48
41 10 4 4 8 4.20687e-48
41 4 9 9 12 3.46077e-48
41 9 9 12 4 3.28016e-48
41 9 12 4 9 0.067855
41 12 4 9 9 0.0427342
41 4 7 4 8 6.16237e-48
41 4 8 4 7 6.78424e-48
41 7 4 8 4 9.53174e-49
41 8 4 7 4 2.30776e-48
41 4 4 8 9 0.0124076
41 4 8 9 4 5.22835e-48
41 8 9 4 4 3.22373e-48
41 9 4 4 8 2.5197e-48
41 4 11 7 7 7.04976e-48
41 7 4 11 7 5.11409e-49
41 7 7 4 11 1.09835e-47
41 11 7 7 4 2.34215e-47
41 5 8 9 6 1.59144e-47
41 6 5 8 9 0.048832
41 8 9 6 5 6.50755e-48
41 9 6 5 8 4.10619e-48
41 7 8 12 10 3.01177e-48
41 8 12 10 7 7.27658e-48
41 10 7 8 12 6.51442e-48
41 12 10 7 8 9.67928e-48
41 4 5 6 7 3.78404e-48
41 5 6 7 4 1.40515e-47
41 6 7 4 5 1.54102e-47
41 7 4 5 6 6.33497e-49
41 4 12 10 5 6.42667e-48
41 5 4 12 10 1.67343e-48
41 10 5 4 12 3.92821e-48
41 12 10 5 4 1.86757e-48
42 4 6 8 7 0.00217462
42 6 8 7 4 0.00986046
42 7 4 6 8 0.012004
42 8 7 4 6 0.0023371
42 8 10 12 12 0.0090042
42 10 12 12 8 0.00385628
42 12 8 10 12 4.33222e-05
42 12 12 8 10 3.79062e-06
42 6 9 9 12 0.00899748
42 9 9 12 6 3.93715e-46
42 9 12 6 9 4.15622e-46
42 12 6 9 9 3.52877e-06
42 6 7 7 12 0.00037331
42 7 7 12 6 0.000167633
42 7 12 6 7 0.00013082
42 12 6 7 7 1.08236e-07
42 6 10 12 10 0.00201653
42 10 6 10 12 0.0298669
42 10 12 10 6 0.0197638
42 12 10 6 10 3.71161e-06
42 8 10 11 11 3.71685e-45
42 10 11 11 8 0.0177462
42 11 8 10 11 1.73938e-88
42 11 11 8 10 1.69669e-46
42 4 12 4 12 0.00346236
42 12 4 12 4 1.00435e-05
42 4 5 5 6 0.00500894
42 5 5 6 4 8.39935e-46
42 5 6 4 5 6.15697e-46
42 6 4 5 5 0.0286677
42 8 8 9 11 7.1049e-46
42 8 9 11 8 0.0146021
42 9 11 8 8 4.0786e-46
42 11 8 8 9 4.98569e-46
42 4 4 11 10 0.0057304
42 4 11 10 4 0.0030499
42 10 4 4 11 3.44781e-46
42 11 10 4 4 1.31492e-46
42 4 4 5 6 0.0050343
42 4 5 6 4 0.00145943
42 5 6 4 4 1.66532e-46
42 6 4 4 5 0.00366278
42 8 9 8 9 0.00955291
42 9 8 9 8 1.33365e-45
42 4 10 8 6 0.00434974
42 6 4 10 8 0.0119006
42 8 6 4 10 0.000477629
42 10 8 6 4 0.00667165
42 6 12 10 12 0.0313674
42 10 12 6 12 0.0174236
42 12 6 12 10 1.81759e-06
42 12 10 12 6 7.66748e-06
42 5 11 9 6 7.36619e-46
42 6 5 11 9 0.0158883
42 9 6 5 11 1.09811e-88
42 11 9 6 5 8.15531e-46
42 4 11 6 7 0.00175925
42 6 7 4 11 3.73694e-46
42 7 4 11 6 0.100099
42 11 6 7 4 6.56127e-46
42 4 9 10 12 0.00961466
42 9 10 12 4 3.69676e-46
42 10 12 4 9 0.00139165
42 12 4 9 10 2.99459e-06
42 6 10 12 7 0.00334871
42 7 6 10 12 0.0427056
42 10 12 7 6 0.0127759
42 12 7 6 10 3.38993e-06
42 7 10 10 12 0.0347343
42 10 10 12 7 0.00229944
42 10 12 7 10 0.00246325
42 12 7 10 10 4.1906e-06
42 5 12 10 11 1.52067e-90
42 10 11 5 12 8.64942e-05
42 11 5 12 10 5.54931e-49
42 12 10 11 5 4.02328e-07
42 7 12 8 8 0.0115209
42 8 7 12 8 0.00330172
42 8 8 7 12 0.0218029
42 12 8 8 7 8.56827e-06
42 4 9 8 7 0.00186842
42 7 4 9 8 0.00894277
42 8 7 4 9 0.00117073
42 9 8 7 4 8.79525e-46
42 4 10 10 10 0.00138571
42 10 4 10 10 0.00400544
42 10 10 4 10 0.000519874
42 10 10 10 4 0.00760126
42 6 12 11 8 0.0245592
42 8 6 12 11 4.42571e-46
42 11 8 6 12 1.49063e-45
42 12 11 8 6 8.76215e-06
42 4 7 8 9 2.42755e-05
42 7 8 9 4 8.66897e-05
42 8 9 4 7 8.31282e-06
42 9 4 7 8 8.37022e-48
42 7 10 11 10 0.0158773
42 10 7 10 11 1.62646e-45
42 10 11 10 7 0.00517155
42 11 10 7 10 2.31343e-46
42 4 12 11 9 0.00810247
42 9 4 12 11 6.8239e-89
42 11 9 4 12 2.53936e-46
42 12 11 9 4 3.48138e-06
42 9 11 12 10 8.62732e-49
42 10 9 11 12 0.000438869
42 11 12 10 9 5.45707e-48
42 12 10 9 11 7.58393e-51
42 4 9 6 12 0.0071214
42 6 12 4 9 0.00185568
42 9 6 12 4 4.16165e-46
42 12 4 9 6 1.42212e-05
42 8 8 10 12 0.0505437
42 8 10 12 8 0.00541733
42 10 12 8 8 0.0120744
42 12 8 8 10 7.73203e-06
42 8 9 9 10 1.09318e-05
42 9 9 10 8 6.43338e-48
42 9 10 8 9 4.69384e-48
42 10 8 9 9 3.90397e-05
42 8 10 10 12 0.0212302
42 10 10 12 8 0.00330399
42 10 12 8 10 0.00269724
42 12 8 10 10 5.82244e-06
42 5 10 12 8 3.23293e-46
42 8 5 10 12 0.0103809
42 10 12 8 5 0.00930031
42 12 8 5 10 2.90675e-06
42 6 9 8 10 0.00234361
42 8 10 6 9 0.00395322
42 9 8 10 6 1.84004e-45
42 10 6 9 8 0.00380502
42 5 11 9 10 1.54646e-46
42 9 10 5 11 9.72519e-89
42 10 5 11 9 0.0118796
42 11 9 10 5 1.09775e-45
42 6 9 9 8 0.00350516
42 8 6 9 9 0.0026658
42 9 8 6 9 5.48946e-46
42 9 9 8 6 7.98226e-46
42 5 7 12 7 2.07253e-46
42 7 5 7 12 0.0110727
42 7 12 7 5 0.0122482
42 12 7 5 7 3.50383e-06
42 6 7 12 10 0.00214506
42 7 12 10 6 0.0329133
42 10 6 7 12 0.0224863
42 12 10 6 7 7.17862e-06
42 4 4 8 10 0.00156108
42 4 8 10 4 0.00531111
42 8 10 4 4 0.00137228
42 10 4 4 8 0.00197427
42 4 9 9 12 0.00412197
42 9 9 12 4 2.77812e-46
42 9 12 4 9 1.28602e-46
42 12 4 9 9 5.53494e-06
42 4 7 4 8 0.000545492
42 4 8 4 7 0.000527474
42 7 4 8 4 0.0107069
42 8 4 7 4 0.0059765
42 4 4 8 9 0.00263667
42 4 8 9 4 0.00208071
42 8 9 4 4 0.000942382
42 9 4 4 8 1.66717e-46
42 4 11 7 7 0.00237222
42 7 4 11 7 0.0540804
42 7 7 4 11 6.19122e-46
42 11 7 7 4 8.2245e-46
42 5 8 9 6 1.28337e-45
42 6 5 8 9 0.00433039
42 8 9 6 5 0.00851519
42 9 6 5 8 6.291e-46
42 7 8 12 10 0.00213123
42 8 12 10 7 0.00469116
42 10 7 8 12 0.0133215
42 12 10 7 8 6.00325e-06
42 4 5 6 7 0.000977617
42 5 6 7 4 6.3492e-46
42 6 7 4 5 0.00256086
42 7 4 5 6 0.0159279
42 4 12 10 5 0.00440817
42 5 4 12 10 1.31395e-46
42 10 5 4 12 0.00149507
42 12 10 5 4 4.21556e-06
43 4 6 8 7 0.000316184
43 6 8 7 4 0.019833
43 7 4 6 8 0.00202347
43 8 7 4 6 1.77885e-47
43 8 10 12 12 0.0192259
43 10 12 12 8 0.00253159
43 12 8 10 12 0.0110977
43 12 12 8 10 0.00323555
43 6 9 9 12 0.00408283
43 9 9 12 6 0.00752221
43 9 12 6 9 0.00236256
43 12 6 9 9 0.000608767
43 6 7 7 12 3.53623e-49
43 7 7 12 6 9.09526e-50
43 7 12 6 7 5.8362e-06
43 12 6 7 7 1.07723e-05
43 6 10 12 10 0.00728162
43 10 6 10 12 0.00216445
43 10 12 10 6 0.00489351
43 12 10 6 10 0.00218776
43 8 10 11 11 0.00286705
43 10 11 11 8 0.00446644
43 11 8 10 11 0.00542684
43 11 11 8 10 0.018719
43 4 12 4 12 0.00807018
43 12 4 12 4 0.0352697
43 4 5 5 6 0.00146142
43 5 5 6 4 0.00781564
43 5 6 4 5 0.00301216
43 6 4 5 5 0.00518507
43 8 8 9 11 0.0045957
43 8 9 11 8 0.00247943
43 9 11 8 8 0.0133911
43 11 8 8 9 0.00645302
43 4 4 11 10 0.00520476
43 4 11 10 4 0.0166875
43 10 4 4 11 0.00408515
43 11 10 4 4 0.00987288
43 4 4 5 6 0.00106118
43 4 5 6 4 0.00413887
43 5 6 4 4 0.00125453
43 6 4 4 5 0.023092
43 8 9 8 9 0.0118849
43 9 8 9 8 0.0155626
43 4 10 8 6 0.00332666
43 6 4 10 8 0.00919632
43 8 6 4 10 0.00234582
43 10 8 6 4 0.00352813
43 6 12 10 12 0.00887426
43 10 12 6 12 0.00255256
43 12 6 12 10 0.00145711
43 12 10 12 6 0.00623628
43 5 11 9 6 0.0104855
43 6 5 11 9 0.00556279
43 9 6 5 11 0.000145407
43 11 9 6 5 0.00511569
43 4 11 6 7 0.00207422
43 6 7 4 11 4.62607e-48
43 7 4 11 6 0.00595302
43 11 6 7 4 0.00605874
43 4 9 10 12 0.00416457
43 9 10 12 4 0.0153101
43 10 12 4 9 0.0022756
43 12 4 9 10 0.00784341
43 6 10 12 7 0.00233233
43 7 6 10 12 0.00130372
43 10 12 7 6 0.00623024
43 12 7 6 10 3.05218e-48
43 7 10 10 12 0.00309652
43 10 10 12 7 0.00107642
43 10 12 7 10 0.00345749
43 12 7 10 10 4.89732e-48
43 5 12 10 11 9.95307e-06
43 10 11 5 12 1.28884e-05
43 11 5 12 10 0.000101502
43 12 10 11 5 3.24679e-05
43 7 12 8 8 0.00129287
43 8 7 12 8 1.215e-47
43 8 8 7 12 0.0376027
43 12 8 8 7 0.00197016
43 4 9 8 7 0.000726436
43 7 4 9 8 0.00307942
43 8 7 4 9 1.07309e-47
43 9 8 7 4 0.0294215
43 4 10 10 10 0.00245667
43 10 4 10 10 0.00691059
43 10 10 4 10 0.0022613
43 10 10 10 4 0.00415769
43 6 12 11 8 0.00184638
43 8 6 12 11 0.00151879
43 11 8 6 12 0.00763431
43 12 11 8 6 0.0129423
43 4 7 8 9 3.41515e-50
43 7 8 9 4 3.945e-05
43 8 9 4 7 2.10575e-05
43 9 4 7 8 0.00021187
43 7 10 11 10 0.00124945
43 10 7 10 11 2.46768e-48
43 10 11 10 7 0.00354079
43 11 10 7 10 0.0090461
43 4 12 11 9 0.00127185
43 9 4 12 11 0.0111632
43 11 9 4 12 0.00675505
43 12 11 9 4 0.0129374
43 9 11 12 10 0.000231875
43 10 9 11 12 2.00308e-05
43 11 12 10 9 4.07293e-05
43 12 10 9 11 1.14356e-05
43 4 9 6 12 0.0023765
43 6 12 4 9 0.00451461
43 9 6 12 4 0.00590208
43 12 4 9 6 0.012941
43 8 8 10 12 0.0442596
43 8 10 12 8 0.0130509
43 10 12 8 8 0.00321655
43 12 8 8 10 0.00921749
43 8 9 9 10 4.12029e-05
43 9 9 10 8 3.48063e-05
43 9 10 8 9 4.78583e-05
43 10 8 9 9 2.55869e-05
43 8 10 10 12 0.0148144
43 10 10 12 8 0.00241399
43 10 12 8 10 0.00238681
43 12 8 10 10 0.00559003
43 5 10 12 8 0.00173231
43 8 5 10 12 0.0218097
43 10 12 8 5 0.00368578
43 12 8 5 10 0.000439064
43 6 9 8 10 0.00314457
43 8 10 6 9 0.00333262
43 9 8 10 6 0.0157449
43 10 6 9 8 0.000489657
43 5 11 9 10 0.00633613
43 9 10 5 11 0.000376055
43 10 5 11 9 0.00279552
43 11 9 10 5 0.0089378
43 6 9 9 8 0.00179458
43 8 6 9 9 0.00157208
43 9 8 6 9 0.00435807
43 9 9 8 6 0.00618856
43 5 7 12 7 1.08686e-48
43 7 5 7 12 0.00585348
43 7 12 7 5 0.00324341
43 12 7 5 7 1.24258e-49
43 6 7 12 10 1.18316e-47
43 7 12 10 6 0.00343293
43 10 6 7 12 0.0032095
43 12 10 6 7 0.000816147
43 4 4 8 10 0.007475
43 4 8 10 4 0.00814838
43 8 10 4 4 0.0135727
43 10 4 4 8 0.00562337
43 4 9 9 12 0.00280999
43 9 9 12 4 0.0105356
43 9 12 4 9 0.00520347
43 12 4 9 9 0.00606539
43 4 7 4 8 2.43876e-48
43 4 8 4 7 0.00124128
43 7 4 8 4 0.00666324
43 8 4 7 4 0.0461784
43 4 4 8 9 0.00528226
43 4 8 9 4 0.00502413
43 8 9 4 4 0.00853496
43 9 4 4 8 0.0117503
43 4 11 7 7 0.00715003
43 7 4 11 7 0.00178556
43 7 7 4 11 2.17001e-48
43 11 7 7 4 3.38767e-47
43 5 8 9 6 0.00512247
43 6 5 8 9 0.00799305
43 8 9 6 5 0.00703617
43 9 6 5 8 0.000200254
43 7 8 12 10 0.00273434
43 8 12 10 7 0.00212626
43 10 7 8 12 5.34709e-48
43 12 10 7 8 0.00272319
43 4 5 6 7 0.000775446
43 5 6 7 4 0.00171777
43 6 7 4 5 1.13374e-47
43 7 4 5 6 0.000632759
43 4 12 10 5 0.0031448
43 5 4 12 10 0.00508726
43 10 5 4 12 0.00522417
43 12 10 5 4 0.000349923
44 2 0 2 8 0.0959826
44 2 0 3 12 0.0301043
44 2 0 3 4 0.0715644
44 3 0 2 11 0.0343045
44 2 0 2 10 0.0360837
44 2 0 1 8 0.097861
44 3 0 2 5 0.0426844
44 2 0 1 4 0.0298906
44 1 0 2 12 0.0230731
44 1 0 2 9 0.04637
44 2 0 3 10 0.043616
44 2 0 2 5 0.0208521
44 1 0 1 9 0.0478275
44 1 0 3 6 0.0332893
44 1 0 2 10 0.0270486
44 1 0 3 12 0.0267337
44 3 0 2 10 0.0385015
44 2 0 2 4 0.0298625
44 3 0 1 8 0.0512168
44 2 0 3 11 0.0387456
44 1 0 2 4 0.0247992
44 3 0 1 11 0.0359374
44 3 0 2 4 0.0336145
44 3 0 3 4 0.0400368
45 2 8 2 0 0.0868765
45 3 12 2 0 0.0293612
45 3 4 2 0 0.156553
45 2 11 3 0 0.028145
45 2 10 2 0 0.0327421
45 1 8 2 0 0.0605905
45 2 5 3 0 0.0399745
45 1 4 2 0 0.0493139
45 2 12 1 0 0.0168328
45 2 9 1 0 0.0185315
45 3 10 2 0 0.0358968
45 2 5 2 0 0.0245177
45 1 9 1 0 0.0130748
45 3 6 1 0 0.0168567
45 2 10 1 0 0.0166518
45 3 12 1 0 0.0176899
45 2 10 3 0 0.0278265
45 2 4 2 0 0.0720238
45 1 8 3 0 0.0252576
45 3 11 2 0 0.0361993
45 2 4 1 0 0.0405796
45 1 11 3 0 0.0201689
45 2 4 3 0 0.0645748
45 3 4 3 0 0.0697606
46 4 6 8 7 3.6132e-48
46 6 8 7 4 0.00949116
46 7 4 6 8 0.0552905
46 8 7 4 6 9.18145e-05
46 8 10 12 12 0.00348435
46 10 12 12 8 0.0119802
46 12 8 10 12 0.0022923
46 12 12 8 10 0.00361753
46 6 9 9 12 5.12321e-46
46 9 9 12 6 1.72508e-46
46 9 12 6 9 0.00492791
46 12 6 9 9 0.00276808
46 6 7 7 12 1.95705e-05
46 7 7 12 6 6.0798e-06
46 7 12 6 7 4.78897e-49
46 12 6 7 7 2.91566e-49
46 6 10 12 10 0.00570034
46 10 6 10 12 0.00352192
46 10 12 10 6 0.00131702
46 12 10 6 10 0.0142624
46 8 10 11 11 6.90012e-46
46 10 11 11 8 5.57317e-89
46 11 8 10 11 0.00257364
46 11 11 8 10 9.54093e-47
46 4 12 4 12 0.00672025
46 12 4 12 4 0.122062
46 4 5 5 6 0.00108869
46 5 5 6 4 0.103583
46 5 6 4 5 0.0135999
46 6 4 5 5 0.0137265
46 8 8 9 11 0.00433349
46 8 9 11 8 7.36985e-89
46 9 11 8 8 1.83905e-46
46 11 8 8 9 0.000161541
46 4 4 11 10 1.47415e-45
46 4 11 10 4 1.67449e-45
46 10 4 4 11 0.0160685
46 11 10 4 4 0.0022105
46 4 4 5 6 0.00116017
46 4 5 6 4 0.0469272
46 5 6 4 4 0.00934703
46 6 4 4 5 0.0111552
46 8 9 8 9 3.13026e-46
46 9 8 9 8 0.00552903
46 4 10 8 6 0.000345002
46 6 4 10 8 0.0136518
46 8 6 4 10 0.00202234
46 10 8 6 4 0.010693
46 6 12 10 12 0.00458007
46 10 12 6 12 0.0113104
46 12 6 12 10 0.0107797
46 12 10 12 6 0.00165494
46 5 11 9 6 1.98459e-46
46 6 5 11 9 2.68242e-46
46 9 6 5 11 0.00386685
46 11 9 6 5 2.06308e-45
46 4 11 6 7 3.13372e-90
46 6 7 4 11 0.00154427
46 7 4 11 6 3.6493e-46
46 11 6 7 4 0.0125827
46 4 9 10 12 8.10469e-46
46 9 10 12 4 0.00985242
46 10 12 4 9 0.00147374
46 12 4 9 10 0.0178516
46 6 10 12 7 7.21681e-48
46 7 6 10 12 0.00454811
46 10 12 7 6 0.00227308
46 12 7 6 10 0.00332101
46 7 10 10 12 0.00231289
46 10 10 12 7 4.74406e-48
46 10 12 7 10 0.00752946
46 12 7 10 10 0.000884032
46 5 12 10 11 0.000170026
46 10 11 5 12 8.42977e-49
46 11 5 12 10 2.89905e-05
46 12 10 11 5 5.46689e-48
46 7 12 8 8 0.00438801
46 8 7 12 8 0.00161544
46 8 8 7 12 0.00263265
46 12 8 8 7 1.72215e-48
46 4 9 8 7 5.98264e-91
46 7 4 9 8 0.021276
46 8 7 4 9 0.000195256
46 9 8 7 4 0.00731429
46 4 10 10 10 0.00310396
46 10 4 10 10 0.00726448
46 10 10 4 10 0.00117515
46 10 10 10 4 0.00500897
46 6 12 11 8 6.80038e-46
46 8 6 12 11 0.0154003
46 11 8 6 12 0.00182175
46 12 11 8 6 5.76632e-47
46 4 7 8 9 2.08395e-06
46 7 8 9 4 6.48165e-05
46 8 9 4 7 5.17124e-93
46 9 4 7 8 0.000221493
46 7 10 11 10 3.31111e-46
46 10 7 10 11 0.00171892
46 10 11 10 7 5.34764e-91
46 11 10 7 10 0.00254197
46 4 12 11 9 3.25129e-46
46 9 4 12 11 0.0343611
46 11 9 4 12 1.47216e-46
46 12 11 9 4 1.69367e-45
46 9 11 12 10 4.73264e-48
46 10 9 11 12 3.8136e-91
46 11 12 10 9 1.05212e-05
46 12 10 9 11 0.000103334
46 4 9 6 12 2.78776e-45
46 6 12 4 9 0.00205274
46 9 6 12 4 0.0177393
46 12 4 9 6 0.00493453
46 8 8 10 12 0.00228583
46 8 10 12 8 0.0103965
46 10 12 8 8 0.00509201
46 12 8 8 10 0.00203845
46 8 9 9 10 5.716e-48
46 9 9 10 8 6.54342e-48
46 9 10 8 9 3.84536e-06
46 10 8 9 9 7.31858e-06
46 8 10 10 12 0.00183321
46 10 10 12 8 0.00541403
46 10 12 8 10 0.00187853
46 12 8 10 10 0.00252328
46 5 10 12 8 0.00753676
46 8 5 10 12 0.00253911
46 10 12 8 5 0.00278172
46 12 8 5 10 0.000741355
46 6 9 8 10 2.77186e-46
46 8 10 6 9 0.00320833
46 9 8 10 6 0.0003057
46 10 6 9 8 0.00533768
46 5 11 9 10 7.15808e-46
46 9 10 5 11 0.00214121
46 10 5 11 9 1.92004e-46
46 11 9 10 5 5.97987e-46
46 6 9 9 8 9.89815e-46
46 8 6 9 9 0.0017873
46 9 8 6 9 0.00179803
46 9 9 8 6 4.74768e-47
46 5 7 12 7 1.5509e-48
46 7 5 7 12 0.00557619
46 7 12 7 5 0.0145211
46 12 7 5 7 3.31639e-49
46 6 7 12 10 0.00154591
46 7 12 10 6 0.00198084
46 10 6 7 12 0.0070796
46 12 10 6 7 2.10302e-47
46 4 4 8 10 0.00638892
46 4 8 10 4 0.00679937
46 8 10 4 4 0.00396444
46 10 4 4 8 0.00811602
46 4 9 9 12 8.33468e-46
46 9 9 12 4 2.28208e-45
46 9 12 4 9 0.00122908
46 12 4 9 9 0.00815331
46 4 7 4 8 0.000706094
46 4 8 4 7 1.766e-48
46 7 4 8 4 0.0116424
46 8 4 7 4 0.0369867
46 4 4 8 9 0.00266649
46 4 8 9 4 0.00638963
46 8 9 4 4 8.39122e-46
46 9 4 4 8 0.00618525
46 4 11 7 7 2.42941e-90
46 7 4 11 7 2.58239e-90
46 7 7 4 11 0.00221208
46 11 7 7 4 0.00251418
46 5 8 9 6 0.000806243
46 6 5 8 9 0.00116311
46 8 9 6 5 3.70183e-45
46 9 6 5 8 0.00195404
46 7 8 12 10 0.0027281
46 8 12 10 7 4.79539e-48
46 10 7 8 12 0.000152331
46 12 10 7 8 0.00803077
46 4 5 6 7 2.19613e-47
46 5 6 7 4 0.0254179
46 6 7 4 5 0.000662046
46 7 4 5 6 0.00089371
46 4 12 10 5 0.00803953
46 5 4 12 10 0.0151934
46 10 5 4 12 0.00116882
46 12 10 5 4 0.00224017
47 4 6 8 7 1.38646e-47
47 6 8 7 4 0.108616
47 7 4 6 8 7.04503e-48
47 8 7 4 6 8.53612e-48
47 8 10 12 12 2.79937e-48
47 10 12 12 8 9.84644e-48
47 12 8 10 12 3.33367e-48
47 12 12 8 10 1.53682e-47
47 6 9 9 12 2.72376e-48
47 9 9 12 6 3.18224e-48
47 9 12 6 9 6.76133e-48
47 12 6 9 9 7.25191e-48
47 6 7 7 12 0.00126718
47 7 7 12 6 1.52713e-49
47 7 12 6 7 2.50206e-49
47 12 6 7 7 0.00260163
47 6 10 12 10 1.20592e-47
47 10 6 10 12 3.77902e-48
47 10 12 10 6 1.29646e-47
47 12 10 6 10 1.0378e-47
47 8 10 11 11 2.75505e-48
47 10 11 11 8 6.00198e-49
47 11 8 10 11 6.54853e-49
47 11 11 8 10 1.86978e-49
47 4 12 4 12 1.26223e-47
47 12 4 12 4 1.11506e-47
47 4 5 5 6 3.03863e-47
47 5 5 6 4 2.19757e-47
47 5 6 4 5 5.48221e-47
47 6 4 5 5 5.34399e-47
47 8 8 9 11 1.79105e-48
47 8 9 11 8 4.13333e-48
47 9 11 8 8 5.10386e-49
47 11 8 8 9 9.97926e-49
47 4 4 11 10 7.98064e-48
47 4 11 10 4 7.94214e-49
47 10 4 4 11 1.39856e-48
47 11 10 4 4 1.66778e-48
47 4 4 5 6 1.23868e-47
47 4 5 6 4 8.81517e-48
47 5 6 4 4 1.26314e-47
47 6 4 4 5 1.6543e-47
47 8 9 8 9 6.19325e-48
47 9 8 9 8 1.25489e-47
47 4 10 8 6 9.44492e-48
47 6 4 10 8 9.68256e-48
47 8 6 4 10 7.15075e-48
47 10 8 6 4 3.75192e-48
47 6 12 10 12 1.05414e-47
47 10 12 6 12 4.91358e-48
47 12 6 12 10 1.15663e-47
47 12 10 12 6 1.00397e-47
47 5 11 9 6 1.54882e-48
47 6 5 11 9 1.08438e-47
47 9 6 5 11 5.23711e-48
47 11 9 6 5 3.14586e-48
47 4 11 6 7 1.27775e-48
47 6 7 4 11 5.97573e-48
47 7 4 11 6 9.50552e-48
47 11 6 7 4 0.040013
47 4 9 10 12 2.4194e-48
47 9 10 12 4 4.73953e-48
47 10 12 4 9 5.68057e-48
47 12 4 9 10 6.80286e-48
47 6 10 12 7 1.20991e-47
47 7 6 10 12 4.64481e-48
47 10 12 7 6 0.137752
47 12 7 6 10 1.12381e-47
47 7 10 10 12 2.24334e-48
47 10 10 12 7 3.58377e-48
47 10 12 7 10 0.0766475
47 12 7 10 10 7.1413e-48
47 5 12 10 11 5.61039e-50
47 10 11 5 12 2.22627e-51
47 11 5 12 10 1.31123e-50
47 12 10 11 5 1.33313e-49
47 7 12 8 8 1.40616e-47
47 8 7 12 8 8.15369e-48
47 8 8 7 12 0.0296291
47 12 8 8 7 7.60541e-48
47 4 9 8 7 5.42333e-48
47 7 4 9 8 6.11592e-48
47 8 7 4 9 4.62194e-48
47 9 8 7 4 0.049289
47 4 10 10 10 5.93943e-48
47 10 4 10 10 2.74016e-48
47 10 10 4 10 2.9366e-48
47 10 10 10 4 3.14293e-48
47 6 12 11 8 2.57686e-47
47 8 6 12 11 3.11655e-48
47 11 8 6 12 8.11684e-49
47 12 11 8 6 9.19835e-49
47 4 7 8 9 6.75515e-50
47 7 8 9 4 4.88332e-50
47 8 9 4 7 3.42325e-50
47 9 4 7 8 0.000569482
47 7 10 11 10 6.24075e-48
47 10 7 10 11 1.94881e-48
47 10 11 10 7 4.42001e-49
47 11 10 7 10 0.0198806
47 4 12 11 9 1.16954e-47
47 9 4 12 11 1.49088e-48
47 11 9 4 12 4.48719e-49
47 12 11 9 4 6.89151e-49
47 9 11 12 10 3.78427e-51
47 10 9 11 12 1.17816e-50
47 11 12 10 9 2.06173e-50
47 12 10 9 11 2.54506e-50
47 4 9 6 12 3.48609e-48
47 6 12 4 9 1.75599e-47
47 9 6 12 4 8.98514e-48
47 12 4 9 6 1.11946e-47
47 8 8 10 12 4.17881e-48
47 8 10 12 8 1.12836e-47
47 10 12 8 8 1.71443e-47
47 12 8 8 10 1.13596e-47
47 8 9 9 10 2.93403e-50
47 9 9 10 8 2.92825e-50
47 9 10 8 9 2.97435e-50
47 10 8 9 9 2.27388e-50
47 8 10 10 12 2.51053e-48
47 10 10 12 8 4.37253e-48
47 10 12 8 10 7.46513e-48
47 12 8 10 10 5.85097e-48
47 5 10 12 8 8.09575e-48
47 8 5 10 12 2.11023e-48
47 10 12 8 5 1.27334e-47
47 12 8 5 10 6.94051e-48
47 6 9 8 10 5.97529e-48
47 8 10 6 9 4.44809e-48
47 9 8 10 6 5.15865e-48
47 10 6 9 8 7.31187e-48
47 5 11 9 10 9.38382e-49
47 9 10 5 11 2.75421e-48
47 10 5 11 9 3.49742e-48
47 11 9 10 5 2.17672e-48
47 6 9 9 8 7.10894e-48
47 8 6 9 9 5.88613e-48
47 9 8 6 9 3.23608e-48
47 9 9 8 6 3.58774e-48
47 5 7 12 7 7.24662e-48
47 7 5 7 12 0.0202064
47 7 12 7 5 0.162064
47 12 7 5 7 8.57168e-48
47 6 7 12 10 1.52091e-47
47 7 12 10 6 1.8559e-47
47 10 6 7 12 0.0467653
47 12 10 6 7 1.2127e-47
47 4 4 8 10 6.82045e-48
47 4 8 10 4 6.70692e-48
47 8 10 4 4 5.14105e-48
47 10 4 4 8 3.98897e-48
47 4 9 9 12 2.35132e-48
47 9 9 12 4 2.73073e-48
47 9 12 4 9 6.19118e-48
47 12 4 9 9 4.70941e-48
47 4 7 4 8 8.18728e-48
47 4 8 4 7 5.49791e-48
47 7 4 8 4 3.87902e-48
47 8 4 7 4 0.0445711
47 4 4 8 9 4.31462e-48
47 4 8 9 4 5.95637e-48
47 8 9 4 4 2.70676e-48
47 9 4 4 8 3.9728e-48
47 4 11 7 7 0.0145576
47 7 4 11 7 8.95427e-48
47 7 7 4 11 3.67102e-48
47 11 7 7 4 0.0353124
47 5 8 9 6 1.30857e-47
47 6 5 8 9 9.27185e-48
47 8 9 6 5 9.702e-48
47 9 6 5 8 1.49445e-47
47 7 8 12 10 3.30411e-48
47 8 12 10 7 8.44464e-48
47 10 7 8 12 1.73498e-48
47 12 10 7 8 0.0727599
47 4 5 6 7 8.46609e-48
47 5 6 7 4 0.137498
47 6 7 4 5 1.96685e-47
47 7 4 5 6 7.7118e-48
47 4 12 10 5 1.80333e-47
47 5 4 12 10 4.47169e-48
47 10 5 4 12 1.11168e-48
47 12 10 5 4 6.06681e-48
48 4 6 8 7 4.93137e-46
48 6 8 7 4 4.85286e-46
48 7 4 6 8 0.0267973
48 8 7 4 6 2.78422e-45
48 8 10 12 12 0.00506849
48 10 12 12 8 0.00545854
48 12 8 10 12 1.88793e-45
48 12 12 8 10 0.0027986
48 6 9 9 12 0.00232344
48 9 9 12 6 1.19852e-46
48 9 12 6 9 1.78304e-88
48 12 6 9 9 1.00524e-88
48 6 7 7 12 3.0769e-47
48 7 7 12 6 8.55439e-48
48 7 12 6 7 8.66884e-05
48 12 6 7 7 9.06791e-48
48 6 10 12 10 0.000524404
48 10 6 10 12 9.22063e-45
48 10 12 10 6 0.0650024
48 12 10 6 10 0.00268648
48 8 10 11 11 2.84672e-45
48 10 11 11 8 1.14118e-45
48 11 8 10 11 4.77665e-45
48 11 11 8 10 0.00263566
48 4 12 4 12 0.0112536
48 12 4 12 4 0.000570566
48 4 5 5 6 0.0195097
48 5 5 6 4 3.32254e-45
48 5 6 4 5 8.80036e-89
48 6 4 5 5 0.000900887
48 8 8 9 11 6.60961e-45
48 8 9 11 8 1.22724e-45
48 9 11 8 8 8.11698e-46
48 11 8 8 9 1.49002e-88
48 4 4 11 10 7.48383e-46
48 4 11 10 4 0.00271956
48 10 4 4 11 0.0145057
48 11 10 4 4 0.00125993
48 4 4 5 6 0.00416068
48 4 5 6 4 0.00810618
48 5 6 4 4 4.62148e-89
48 6 4 4 5 0.000803805
48 8 9 8 9 2.42598e-45
48 9 8 9 8 1.23598e-87
48 4 10 8 6 0.00798204
48 6 4 10 8 0.0174349
48 8 6 4 10 1.31747e-45
48 10 8 6 4 7.63956e-46
48 6 12 10 12 0.0142753
48 10 12 6 12 0.0248536
48 12 6 12 10 9.31256e-47
48 12 10 12 6 0.00091605
48 5 11 9 6 1.78112e-45
48 6 5 11 9 1.88821e-88
48 9 6 5 11 1.16858e-88
48 11 9 6 5 0.00127312
48 4 11 6 7 0.00178576
48 6 7 4 11 5.77836e-46
48 7 4 11 6 2.80854e-45
48 11 6 7 4 1.41649e-45
48 4 9 10 12 0.00883277
48 9 10 12 4 7.26471e-47
48 10 12 4 9 1.11752e-45
48 12 4 9 10 0.00483088
48 6 10 12 7 0.000250938
48 7 6 10 12 6.40955e-45
48 10 12 7 6 0.0566056
48 12 7 6 10 4.5446e-46
48 7 10 10 12 0.0215224
48 10 10 12 7 0.000664848
48 10 12 7 10 0.0193229
48 12 7 10 10 6.91589e-46
48 5 12 10 11 4.2415e-47
48 10 11 5 12 1.83527e-05
48 11 5 12 10 2.60915e-05
48 12 10 11 5 7.02742e-49
48 7 12 8 8 0.0200853
48 8 7 12 8 1.16889e-45
48 8 8 7 12 1.12956e-44
48 12 8 8 7 2.14596e-46
48 4 9 8 7 0.00098648
48 7 4 9 8 0.034066
48 8 7 4 9 2.3513e-88
48 9 8 7 4 1.59076e-88
48 4 10 10 10 0.00748572
48 10 4 10 10 0.0221121
48 10 10 4 10 0.00318228
48 10 10 10 4 0.00660637
48 6 12 11 8 7.02483e-46
48 8 6 12 11 1.05303e-45
48 11 8 6 12 1.90554e-45
48 12 11 8 6 0.00212894
48 4 7 8 9 1.39099e-90
48 7 8 9 4 8.23494e-48
48 8 9 4 7 1.53835e-05
48 9 4 7 8 6.07086e-47
48 7 10 11 10 6.03871e-46
48 10 7 10 11 6.70041e-45
48 10 11 10 7 0.00505616
48 11 10 7 10 0.0100275
48 4 12 11 9 1.06282e-88
48 9 4 12 11 4.48236e-46
48 11 9 4 12 0.00201232
48 12 11 9 4 0.000709761
48 9 11 12 10 6.61862e-49
48 10 9 11 12 5.83892e-48
48 11 12 10 9 2.30341e-47
48 12 10 9 11 4.92923e-05
48 4 9 6 12 0.00531449
48 6 12 4 9 3.86204e-46
48 9 6 12 4 1.98094e-89
48 12 4 9 6 0.0129578
48 8 8 10 12 1.9438e-44
48 8 10 12 8 0.0103546
48 10 12 8 8 0.0432998
48 12 8 8 10 6.72037e-46
48 8 9 9 10 6.7197e-05
48 9 9 10 8 1.49556e-47
48 9 10 8 9 1.08215e-90
48 10 8 9 9 3.53246e-90
48 8 10 10 12 0.05034
48 10 10 12 8 0.00339461
48 10 12 8 10 0.00944627
48 12 8 10 10 8.41431e-46
48 5 10 12 8 3.02344e-46
48 8 5 10 12 0.151514
48 10 12 8 5 0.00344959
48 12 8 5 10 8.71167e-47
48 6 9 8 10 0.000870764
48 8 10 6 9 2.40441e-45
48 9 8 10 6 6.78581e-88
48 10 6 9 8 5.52922e-45
48 5 11 9 10 6.62039e-46
48 9 10 5 11 4.27266e-46
48 10 5 11 9 5.44733e-88
48 11 9 10 5 0.0021096
48 6 9 9 8 0.00307351
48 8 6 9 9 6.70166e-88
48 9 8 6 9 2.77243e-131
48 9 9 8 6 6.15602e-46
48 5 7 12 7 1.01027e-89
48 7 5 7 12 0.0568922
48 7 12 7 5 0.00494695
48 12 7 5 7 3.4556e-47
48 6 7 12 10 1.0332e-46
48 7 12 10 6 0.0526262
48 10 6 7 12 9.35183e-45
48 12 10 6 7 0.00149724
48 4 4 8 10 0.00662448
48 4 8 10 4 9.56863e-46
48 8 10 4 4 0.00321337
48 10 4 4 8 0.0161624
48 4 9 9 12 0.00524913
48 9 9 12 4 3.07884e-47
48 9 12 4 9 9.836e-89
48 12 4 9 9 8.50218e-46
48 4 7 4 8 8.09382e-46
48 4 8 4 7 1.92866e-46
48 7 4 8 4 0.00355368
48 8 4 7 4 0.0170025
48 4 4 8 9 1.06539e-45
48 4 8 9 4 5.19631e-46
48 8 9 4 4 0.00124447
48 9 4 4 8 1.29995e-45
48 4 11 7 7 0.00399324
48 7 4 11 7 7.74133e-46
48 7 7 4 11 1.79575e-45
48 11 7 7 4 1.35771e-45
48 5 8 9 6 6.26978e-88
48 6 5 8 9 1.6722e-45
48 8 9 6 5 0.00324858
48 9 6 5 8 1.30267e-88
48 7 8 12 10 1.68616e-46
48 8 12 10 7 0.0146441
48 10 7 8 12 1.8914e-45
48 12 10 7 8 0.00737843
48 4 5 6 7 0.00760941
48 5 6 7 4 1.63896e-88
48 6 7 4 5 7.96946e-47
48 7 4 5 6 0.00500718
48 4 12 10 5 0.0034746
48 5 4 12 10 1.56742e-46
48 10 5 4 12 0.0169873
48 12 10 5 4 0.000160178
49 4 6 8 7 4.89334e-48
49 6 8 7 4 3.72702e-48
49 7 4 6 8 1.01519e-47
49 8 7 4 6 1.78108e-47
49 8 10 12 12 1.80082e-47
49 10 12 12 8 1.31206e-47
49 12 8 10 12 8.94782e-48
49 12 12 8 10 6.58892e-48
49 6 9 9 12 1.73043e-47
49 9 9 12 6 2.16737e-47
49 9 12 6 9 1.9899e-48
49 12 6 9 9 1.57342e-48
49 6 7 7 12 2.25984e-49
49 7 7 12 6 3.465e-49
49 7 12 6 7 9.32637e-50
49 12 6 7 7 6.02393e-50
49 6 10 12 10 1.45593e-47
49 10 6 10 12 7.62725e-48
49 10 12 10 6 9.70273e-48
49 12 10 6 10 6.607e-48
49 8 10 11 11 3.13807e-48
49 10 11 11 8 1.22365e-47
49 11 8 10 11 0.0190477
49 11 11 8 10 0.0750675
49 4 12 4 12 2.09258e-47
49 12 4 12 4 9.54892e-48
49 4 5 5 6 2.22162e-47
49 5 5 6 4 7.83871e-48
49 5 6 4 5 1.60845e-47
49 6 4 5 5 2.10044e-47
49 8 8 9 11 1.25074e-48
49 8 9 11 8 2.41333e-47
49 9 11 8 8 1.0845e-47
49 11 8 8 9 0.0363298
49 4 4 11 10 6.83384e-48
49 4 11 10 4 3.67539e-48
49 10 4 4 11 2.79613e-48
49 11 10 4 4 0.0858704
49 4 4 5 6 1.16707e-47
49 4 5 6 4 2.42657e-48
49 5 6 4 4 5.19901e-48
49 6 4 4 5 9.89825e-48
49 8 9 8 9 2.30685e-47
49 9 8 9 8 2.01638e-47
49 4 10 8 6 1.199e-47
49 6 4 10 8 1.15573e-47
49 8 6 4 10 4.98543e-48
49 10 8 6 4 2.35793e-48
49 6 12 10 12 1.08699e-47
49 10 12 6 12 6.56431e-48
49 12 6 12 10 5.09706e-48
49 12 10 12 6 1.57299e-47
49 5 11 9 6 1.20197e-47
49 6 5 11 9 5.5401e-48
49 9 6 5 11 2.18807e-48
49 11 9 6 5 0.121466
49 4 11 6 7 5.09133e-48
49 6 7 4 11 5.32395e-48
49 7 4 11 6 1.71323e-47
49 11 6 7 4 0.0302022
49 4 9 10 12 2.02946e-47
49 9 10 12 4 7.58889e-48
49 10 12 4 9 4.70564e-48
49 12 4 9 10 5.07294e-48
49 6 10 12 7 1.44388e-47
49 7 6 10 12 8.73563e-48
49 10 12 7 6 7.29263e-48
49 12 7 6 10 6.02249e-48
49 7 10 10 12 1.34315e-47
49 10 10 12 7 9.17524e-48
49 10 12 7 10 3.63336e-48
49 12 7 10 10 6.33723e-48
49 5 12 10 11 1.85398e-50
49 10 11 5 12 9.87941e-50
49 11 5 12 10 0.000584182
49 12 10 11 5 7.01875e-50
49 7 12 8 8 1.54979e-47
49 8 7 12 8 1.99849e-47
49 8 8 7 12 7.81404e-48
49 12 8 8 7 7.21986e-48
49 4 9 8 7 1.60897e-47
49 7 4 9 8 1.1724e-47
49 8 7 4 9 7.04248e-48
49 9 8 7 4 3.23549e-48
49 4 10 10 10 5.71566e-48
49 10 4 10 10 4.69596e-48
49 10 10 4 10 8.66324e-48
49 10 10 10 4 4.24088e-48
49 6 12 11 8 1.21548e-47
49 8 6 12 11 1.46833e-48
49 11 8 6 12 0.0611513
49 12 11 8 6 8.87333e-48
49 4 7 8 9 5.27143e-50
49 7 8 9 4 3.80434e-50
49 8 9 4 7 1.98303e-49
49 9 4 7 8 9.19857e-50
49 7 10 11 10 1.14386e-47
49 10 7 10 11 2.45753e-48
49 10 11 10 7 5.89857e-48
49 11 10 7 10 0.0689085
49 4 12 11 9 3.19379e-48
49 9 4 12 11 2.33361e-48
49 11 9 4 12 0.290489
49 12 11 9 4 2.80673e-48
49 9 11 12 10 6.06278e-50
49 10 9 11 12 2.02002e-49
49 11 12 10 9 0.00028367
49 12 10 9 11 1.65903e-50
49 4 9 6 12 1.76593e-47
49 6 12 4 9 6.78031e-48
49 9 6 12 4 4.51923e-48
49 12 4 9 6 9.32293e-48
49 8 8 10 12 1.55797e-47
49 8 10 12 8 3.28552e-47
49 10 12 8 8 2.02778e-47
49 12 8 8 10 1.09097e-47
49 8 9 9 10 9.11375e-50
49 9 9 10 8 2.00517e-49
49 9 10 8 9 4.97298e-50
49 10 8 9 9 2.2364e-50
49 8 10 10 12 1.21361e-47
49 10 10 12 8 1.69227e-47
49 10 12 8 10 5.90909e-48
49 12 8 10 10 4.75721e-48
49 5 10 12 8 2.0074e-47
49 8 5 10 12 6.96979e-48
49 10 12 8 5 4.9809e-48
49 12 8 5 10 5.61864e-48
49 6 9 8 10 1.69078e-47
49 8 10 6 9 3.20797e-48
49 9 8 10 6 7.71173e-48
49 10 6 9 8 5.36629e-48
49 5 11 9 10 6.52075e-48
49 9 10 5 11 3.66329e-48
49 10 5 11 9 3.83338e-48
49 11 9 10 5 0.139173
49 6 9 9 8 2.04426e-47
49 8 6 9 9 1.77391e-48
49 9 8 6 9 2.13341e-48
49 9 9 8 6 2.16894e-47
49 5 7 12 7 1.00056e-47
49 7 5 7 12 5.84722e-48
49 7 12 7 5 3.53763e-48
49 12 7 5 7 7.48618e-48
49 6 7 12 10 1.54568e-47
49 7 12 10 6 1.29427e-47
49 10 6 7 12 6.67674e-48
49 12 10 6 7 7.63134e-48
49 4 4 8 10 6.8263e-48
49 4 8 10 4 3.45094e-48
49 8 10 4 4 7.91053e-48
49 10 4 4 8 1.54825e-47
49 4 9 9 12 1.58451e-47
49 9 9 12 4 1.15452e-47
49 9 12 4 9 4.57323e-48
49 12 4 9 9 2.86411e-48
49 4 7 4 8 1.50205e-47
49 4 8 4 7 6.11341e-48
49 7 4 8 4 5.07261e-48
49 8 4 7 4 2.8182e-48
49 4 4 8 9 3.52184e-48
49 4 8 9 4 2.46211e-48
49 8 9 4 4 1.09972e-47
49 9 4 4 8 1.37499e-47
49 4 11 7 7 6.79462e-48
49 7 4 11 7 1.4284e-47
49 7 7 4 11 6.53832e-48
49 11 7 7 4 0.0714269
49 5 8 9 6 1.12912e-47
49 6 5 8 9 5.53667e-48
49 8 9 6 5 1.1195e-47
49 9 6 5 8 1.21215e-47
49 7 8 12 10 6.15044e-48
49 8 12 10 7 4.20838e-48
49 10 7 8 12 1.10842e-47
49 12 10 7 8 8.10757e-48
49 4 5 6 7 3.32279e-48
49 5 6 7 4 2.64123e-48
49 6 7 4 5 1.12507e-47
49 7 4 5 6 1.36941e-47
49 4 12 10 5 2.95266e-48
49 5 4 12 10 6.53368e-48
49 10 5 4 12 7.39716e-48
49 12 10 5 4 4.41474e-48
50 4 6 8 7 0.0262954
50 6 8 7 4 6.05599e-46
50 7 4 6 8 1.28398e-44
50 8 7 4 6 0.00126625
50 8 10 12 12 5.62556e-05
50 10 12 12 8 0.000111662
50 12 8 10 12 9.03705e-49
50 12 12 8 10 5.14992e-45
50 6 9 9 12 2.84079e-91
50 9 9 12 6 7.74009e-46
50 9 12 6 9 0.126628
50 12 6 9 9 3.16027e-88
50 6 7 7 12 1.50544e-07
50 7 7 12 6 6.63071e-48
50 7 12 6 7 1.03056e-46
50 12 6 7 7 1.59103e-47
50 6 10 12 10 0.0209923
50 10 6 10 12 1.34519e-07
50 10 12 10 6 4.83807e-05
50 12 10 6 10 4.52873e-45
50 8 10 11 11 0.00627813
50 10 11 11 8 2.18429e-48
50 11 8 10 11 0.00309125
50 11 11 8 10 3.0878e-45
50 4 12 4 12 6.58069e-05
50 12 4 12 4 1.78144e-87
50 4 5 5 6 0.00346023
50 5 5 6 4 1.0125e-87
50 5 6 4 5 1.59407e-47
50 6 4 5 5 0.000216877
50 8 8 9 11 3.20162e-46
50 8 9 11 8 5.7317e-46
50 9 11 8 8 3.15002e-45
50 11 8 8 9 0.0127336
50 4 4 11 10 0.0163383
50 4 11 10 4 4.45843e-88
50 10 4 4 11 4.40367e-05
50 11 10 4 4 1.57029e-45
50 4 4 5 6 0.00648009
50 4 5 6 4 5.76844e-45
50 5 6 4 4 1.54308e-88
50 6 4 4 5 0.000160828
50 8 9 8 9 1.60976e-44
50 9 8 9 8 1.01243e-45
50 4 10 8 6 0.0171879
50 6 4 10 8 0.0326727
50 8 6 4 10 0.00690785
50 10 8 6 4 5.039e-48
50 6 12 10 12 6.35492e-05
50 10 12 6 12 5.02323e-07
50 12 6 12 10 1.98097e-45
50 12 10 12 6 1.09209e-45
50 5 11 9 6 1.13881e-131
50 6 5 11 9 0.00899939
50 9 6 5 11 0.00511821
50 11 9 6 5 4.34869e-47
50 4 11 6 7 4.44733e-45
50 6 7 4 11 0.00220963
50 7 4 11 6 1.17069e-45
50 11 6 7 4 3.42347e-45
50 4 9 10 12 4.16184e-48
50 9 10 12 4 4.48315e-45
50 10 12 4 9 8.25824e-05
50 12 4 9 10 3.74737e-88
50 6 10 12 7 0.013941
50 7 6 10 12 5.26602e-48
50 10 12 7 6 3.61896e-05
50 12 7 6 10 1.18569e-45
50 7 10 10 12 3.90724e-48
50 10 10 12 7 3.23525e-05
50 10 12 7 10 4.87069e-05
50 12 7 10 10 3.48105e-46
50 5 12 10 11 1.77441e-47
50 10 11 5 12 2.72201e-53
50 11 5 12 10 7.90887e-05
50 12 10 11 5 5.03463e-50
50 7 12 8 8 7.48913e-45
50 8 7 12 8 0.00728849
50 8 8 7 12 8.25352e-06
50 12 8 8 7 5.0187e-46
50 4 9 8 7 2.27095e-45
50 7 4 9 8 5.35445e-88
50 8 7 4 9 0.00529635
50 9 8 7 4 6.46269e-46
50 4 10 10 10 0.0135861
50 10 4 10 10 7.52512e-05
50 10 10 4 10 1.54766e-05
50 10 10 10 4 7.58954e-48
50 6 12 11 8 0.00973408
50 8 6 12 11 0.0177137
50 11 8 6 12 1.90868e-05
50 12 11 8 6 1.56699e-88
50 4 7 8 9 0.000229599
50 7 8 9 4 1.00344e-133
50 8 9 4 7 4.83279e-48
50 9 4 7 8 0.00031814
50 7 10 11 10 7.07486e-46
50 10 7 10 11 1.11954e-05
50 10 11 10 7 3.24734e-48
50 11 10 7 10 0.0113089
50 4 12 11 9 0.0251336
50 9 4 12 11 0.0364634
50 11 9 4 12 1.37501e-48
50 12 11 9 4 3.5453e-174
50 9 11 12 10 1.64533e-47
50 10 9 11 12 3.15358e-53
50 11 12 10 9 0.000459526
50 12 10 9 11 1.21297e-90
50 4 9 6 12 1.29796e-47
50 6 12 4 9 0.032583
50 9 6 12 4 5.53239e-45
50 12 4 9 6 2.54939e-88
50 8 8 10 12 1.65349e-05
50 8 10 12 8 0.0417174
50 10 12 8 8 0.000286686
50 12 8 8 10 1.13248e-45
50 8 9 9 10 1.29021e-90
50 9 9 10 8 1.27084e-47
50 9 10 8 9 0.000573394
50 10 8 9 9 2.02763e-50
50 8 10 10 12 3.86589e-05
50 10 10 12 8 5.74094e-05
50 10 12 8 10 0.00012967
50 12 8 10 10 3.03118e-46
50 5 10 12 8 1.63809e-45
50 8 5 10 12 1.8587e-05
50 10 12 8 5 1.21646e-06
50 12 8 5 10 7.56943e-47
50 6 9 8 10 2.20429e-45
50 8 10 6 9 0.0904838
50 9 8 10 6 0.00171903
50 10 6 9 8 4.97874e-48
50 5 11 9 10 1.66893e-131
50 9 10 5 11 0.00413508
50 10 5 11 9 2.27408e-05
50 11 9 10 5 1.3902e-47
50 6 9 9 8 1.36407e-88
50 8 6 9 9 3.74408e-45
50 9 8 6 9 0.0180304
50 9 9 8 6 1.28675e-45
50 5 7 12 7 2.43752e-46
50 7 5 7 12 1.41721e-48
50 7 12 7 5 1.804e-47
50 12 7 5 7 5.8222e-47
50 6 7 12 10 0.00640115
50 7 12 10 6 2.20585e-45
50 10 6 7 12 1.17193e-07
50 12 10 6 7 3.50282e-45
50 4 4 8 10 0.0788929
50 4 8 10 4 9.10904e-46
50 8 10 4 4 1.76295e-45
50 10 4 4 8 5.31825e-05
50 4 9 9 12 4.20546e-91
50 9 9 12 4 3.71223e-88
50 9 12 4 9 0.0270155
50 12 4 9 9 8.28497e-88
50 4 7 4 8 0.00219823
50 4 8 4 7 0.0010787
50 7 4 8 4 1.50865e-87
50 8 4 7 4 5.60685e-45
50 4 4 8 9 0.159388
50 4 8 9 4 8.41114e-89
50 8 9 4 4 1.33397e-88
50 9 4 4 8 0.0158982
50 4 11 7 7 1.64806e-45
50 7 4 11 7 1.76565e-45
50 7 7 4 11 3.38728e-46
50 11 7 7 4 1.12219e-45
50 5 8 9 6 2.32784e-89
50 6 5 8 9 0.0434764
50 8 9 6 5 4.88459e-47
50 9 6 5 8 0.00618417
50 7 8 12 10 3.68803e-46
50 8 12 10 7 0.0142076
50 10 7 8 12 4.41423e-08
50 12 10 7 8 9.94187e-46
50 4 5 6 7 0.0158699
50 5 6 7 4 2.34489e-88
50 6 7 4 5 1.7593e-05
50 7 4 5 6 5.8706e-46
50 4 12 10 5 0.000195952
50 5 4 12 10 2.4698e-45
50 10 5 4 12 1.75359e-08
50 12 10 5 4 5.94982e-89
51 4 6 8 7 4.31342e-48
51 6 8 7 4 0.0588244
51 7 4 6 8 8.9267e-48
51 8 7 4 6 3.4456e-48
51 8 10 12 12 4.87902e-48
51 10 12 12 8 9.84585e-48
51 12 8 10 12 3.51373e-48
51 12 12 8 10 3.83385e-48
51 6 9 9 12 3.57162e-48
51 9 9 12 6 1.27166e-48
51 9 12 6 9 3.87129e-48
51 12 6 9 9 5.31346e-48
51 6 7 7 12 0.00119509
51 7 7 12 6 1.06057e-49
51 7 12 6 7 1.11992e-49
51 12 6 7 7 0.000616698
51 6 10 12 10 9.74842e-48
51 10 6 10 12 1.19998e-47
51 10 12 10 6 5.85597e-48
51 12 10 6 10 8.12323e-48
51 8 10 11 11 6.83455e-48
51 10 11 11 8 5.41817e-48
51 11 8 10 11 6.34129e-48
51 11 11 8 10 2.71811e-48
51 4 12 4 12 4.98305e-48
51 12 4 12 4 4.17532e-48
51 4 5 5 6 4.3883e-48
51 5 5 6 4 7.94668e-48
51 5 6 4 5 2.03705e-47
51 6 4 5 5 1.92877e-47
51 8 8 9 11 4.96205e-48
51 8 9 11 8 5.1354e-48
51 9 11 8 8 9.65661e-49
51 11 8 8 9 9.82843e-48
51 4 4 11 10 6.53794e-48
51 4 11 10 4 1.4083e-48
51 10 4 4 11 9.39914e-48
51 11 10 4 4 5.0549e-48
51 4 4 5 6 2.9286e-48
51 4 5 6 4 2.64622e-48
51 5 6 4 4 5.02888e-48
51 6 4 4 5 5.97077e-48
51 8 9 8 9 2.1022e-47
51 9 8 9 8 9.21563e-48
51 4 10 8 6 2.80028e-48
51 6 4 10 8 3.98784e-48
51 8 6 4 10 5.54322e-48
51 10 8 6 4 1.23438e-47
51 6 12 10 12 3.27464e-48
51 10 12 6 12 9.27247e-48
51 12 6 12 10 4.85518e-48
51 12 10 12 6 2.26797e-48
51 5 11 9 6 1.59159e-48
51 6 5 11 9 7.45295e-48
51 9 6 5 11 4.96092e-48
51 11 9 6 5 1.19719e-47
51 4 11 6 7 2.13277e-48
51 6 7 4 11 8.02154e-48
51 7 4 11 6 5.44063e-48
51 11 6 7 4 0.065038
51 4 9 10 12 4.03174e-48
51 9 10 12 4 2.92634e-48
51 10 12 4 9 1.55184e-47
51 12 4 9 10 4.24627e-48
51 6 10 12 7 5.52312e-48
51 7 6 10 12 7.46955e-48
51 10 12 7 6 0.062221
51 12 7 6 10 8.51132e-48
51 7 10 10 12 6.72711e-48
51 10 10 12 7 9.9381e-48
51 10 12 7 10 0.119961
51 12 7 10 10 5.40858e-48
51 5 12 10 11 3.79754e-50
51 10 11 5 12 3.79279e-50
51 11 5 12 10 3.22695e-50
51 12 10 11 5 5.84238e-50
51 7 12 8 8 7.12099e-48
51 8 7 12 8 7.28606e-48
51 8 8 7 12 0.0576719
51 12 8 8 7 3.75431e-48
51 4 9 8 7 4.23264e-48
51 7 4 9 8 7.74943e-48
51 8 7 4 9 1.12835e-47
51 9 8 7 4 0.033987
51 4 10 10 10 6.10168e-48
51 10 4 10 10 1.07305e-47
51 10 10 4 10 1.44209e-47
51 10 10 10 4 9.25884e-48
51 6 12 11 8 4.24164e-48
51 8 6 12 11 4.14617e-48
51 11 8 6 12 5.52223e-48
51 12 11 8 6 5.97866e-49
51 4 7 8 9 1.17204e-49
51 7 8 9 4 8.13655e-50
51 8 9 4 7 3.75921e-50
51 9 4 7 8 0.000298625
51 7 10 11 10 1.55208e-47
51 10 7 10 11 1.58916e-47
51 10 11 10 7 3.52667e-48
51 11 10 7 10 0.100445
51 4 12 11 9 6.68389e-48
51 9 4 12 11 2.1e-48
51 11 9 4 12 3.6775e-48
51 12 11 9 4 9.31077e-49
51 9 11 12 10 1.12066e-50
51 10 9 11 12 9.3849e-50
51 11 12 10 9 5.7948e-50
51 12 10 9 11 3.41884e-50
51 4 9 6 12 5.8093e-48
51 6 12 4 9 7.89672e-48
51 9 6 12 4 2.97514e-48
51 12 4 9 6 2.01661e-48
51 8 8 10 12 8.13389e-48
51 8 10 12 8 1.04207e-47
51 10 12 8 8 1.71433e-47
51 12 8 8 10 9.93007e-48
51 8 9 9 10 5.70566e-50
51 9 9 10 8 2.59048e-50
51 9 10 8 9 5.34345e-50
51 10 8 9 9 2.17671e-49
51 8 10 10 12 4.37562e-48
51 10 10 12 8 1.37187e-47
51 10 12 8 10 1.16837e-47
51 12 8 10 10 5.11467e-48
51 5 10 12 8 6.40091e-48
51 8 5 10 12 1.79151e-48
51 10 12 8 5 1.1158e-47
51 12 8 5 10 6.0671e-48
51 6 9 8 10 6.49828e-48
51 8 10 6 9 1.12229e-47
51 9 8 10 6 1.71128e-48
51 10 6 9 8 1.23027e-47
51 5 11 9 10 3.34126e-48
51 9 10 5 11 4.86491e-48
51 10 5 11 9 1.46024e-47
51 11 9 10 5 8.28375e-48
51 6 9 9 8 4.93944e-48
51 8 6 9 9 7.96444e-48
51 9 8 6 9 6.49264e-48
51 9 9 8 6 1.4337e-48
51 5 7 12 7 4.89996e-48
51 7 5 7 12 0.0295147
51 7 12 7 5 0.0719215
51 12 7 5 7 3.66597e-48
51 6 7 12 10 1.18962e-47
51 7 12 10 6 4.24545e-48
51 10 6 7 12 0.148498
51 12 10 6 7 5.36025e-48
51 4 4 8 10 5.58748e-48
51 4 8 10 4 4.61611e-48
51 8 10 4 4 4.45804e-48
51 10 4 4 8 9.98018e-48
51 4 9 9 12 3.9183e-48
51 9 9 12 4 2.26826e-48
51 9 12 4 9 3.54485e-48
51 12 4 9 9 5.13094e-48
51 4 7 4 8 5.19955e-48
51 4 8 4 7 3.56198e-48
51 7 4 8 4 4.61501e-48
51 8 4 7 4 0.0308208
51 4 4 8 9 6.16964e-48
51 4 8 9 4 4.09954e-48
51 8 9 4 4 3.15767e-48
51 9 4 4 8 2.08325e-48
51 4 11 7 7 0.0242991
51 7 4 11 7 1.00282e-47
51 7 7 4 11 1.51606e-47
51 11 7 7 4 0.103559
51 5 8 9 6 5.21939e-48
51 6 5 8 9 6.37255e-48
51 8 9 6 5 1.05634e-47
51 9 6 5 8 5.27014e-48
51 7 8 12 10 9.17706e-48
51 8 12 10 7 2.1969e-48
51 10 7 8 12 9.93996e-48
51 12 10 7 8 0.0363866
51 4 5 6 7 2.39232e-48
51 5 6 7 4 0.0547417
51 6 7 4 5 8.61344e-48
51 7 4 5 6 4.41397e-48
51 4 12 10 5 3.3058e-48
51 5 4 12 10 4.41288e-48
51 10 5 4 12 3.20625e-48
51 12 10 5 4 2.84874e-48
52 4 6 8 7 0.00178267
52 6 8 7 4 0.00289733
52 7 4 6 8 0.00623879
52 8 7 4 6 2.42925e-47
52 8 10 12 12 0.00355256
52 10 12 12 8 0.00173692
52 12 8 10 12 0.0238472
52 12 12 8 10 0.00596362
52 6 9 9 12 1.3973e-45
52 9 9 12 6 0.00355197
52 9 12 6 9 1.48848e-46
52 12 6 9 9 1.33255e-89
52 6 7 7 12 3.79354e-49
52 7 7 12 6 1.54963e-49
52 7 12 6 7 3.08749e-05
52 12 6 7 7 1.72005e-05
52 6 10 12 10 0.00161619
52 10 6 10 12 0.00575296
52 10 12 10 6 0.0213104
52 12 10 6 10 0.00142812
52 8 10 11 11 0.00376927
52 10 11 11 8 0.0236192
52 11 8 10 11 0.00447159
52 11 11 8 10 0.0143319
52 4 12 4 12 0.0140192
52 12 4 12 4 0.00136909
52 4 5 5 6 5.06822e-45
52 5 5 6 4 0.00206712
52 5 6 4 5 0.00290504
52 6 4 5 5 3.05656e-45
52 8 8 9 11 7.49702e-46
52 8 9 11 8 0.0049051
52 9 11 8 8 0.0259425
52 11 8 8 9 1.16333e-45
52 4 4 11 10 0.00901923
52 4 11 10 4 0.00326787
52 10 4 4 11 0.013422
52 11 10 4 4 0.000663507
52 4 4 5 6 3.57962e-45
52 4 5 6 4 0.000535305
52 5 6 4 4 0.000439801
52 6 4 4 5 0.0110922
52 8 9 8 9 3.17364e-45
52 9 8 9 8 2.88541e-45
52 4 10 8 6 0.0177155
52 6 4 10 8 0.0144373
52 8 6 4 10 0.00104837
52 10 8 6 4 0.0010793
52 6 12 10 12 0.0129421
52 10 12 6 12 0.00498145
52 12 6 12 10 0.000281752
52 12 10 12 6 0.00340845
52 5 11 9 6 8.59169e-45
52 6 5 11 9 1.5669e-45
52 9 6 5 11 1.49281e-46
52 11 9 6 5 0.000905767
52 4 11 6 7 0.004686
52 6 7 4 11 8.34491e-48
52 7 4 11 6 0.0648522
52 11 6 7 4 0.000212306
52 4 9 10 12 0.0109657
52 9 10 12 4 0.000345499
52 10 12 4 9 7.67317e-46
52 12 4 9 10 1.106e-45
52 6 10 12 7 0.00154917
52 7 6 10 12 0.00508573
52 10 12 7 6 0.0173378
52 12 7 6 10 2.15391e-48
52 7 10 10 12 0.0140375
52 10 10 12 7 0.00142217
52 10 12 7 10 0.00395587
52 12 7 10 10 5.13723e-48
52 5 12 10 11 3.41601e-05
52 10 11 5 12 5.34107e-47
52 11 5 12 10 8.73571e-06
52 12 10 11 5 2.44582e-05
52 7 12 8 8 0.0113701
52 8 7 12 8 2.47876e-48
52 8 8 7 12 0.0262062
52 12 8 8 7 0.0158154
52 4 9 8 7 0.00714555
52 7 4 9 8 2.07188e-45
52 8 7 4 9 1.07593e-90
52 9 8 7 4 0.00250418
52 4 10 10 10 0.00265938
52 10 4 10 10 0.0130415
52 10 10 4 10 0.00454644
52 10 10 10 4 0.0013832
52 6 12 11 8 0.00444716
52 8 6 12 11 0.000246058
52 11 8 6 12 0.00415336
52 12 11 8 6 0.0640418
52 4 7 8 9 1.44353e-92
52 7 8 9 4 3.86512e-48
52 8 9 4 7 4.91337e-05
52 9 4 7 8 0.000123837
52 7 10 11 10 0.00565336
52 10 7 10 11 8.39587e-48
52 10 11 10 7 0.0209404
52 11 10 7 10 0.00211094
52 4 12 11 9 3.73403e-46
52 9 4 12 11 0.00235906
52 11 9 4 12 0.00632771
52 12 11 9 4 3.33383e-46
52 9 11 12 10 3.10838e-05
52 10 9 11 12 0.000150207
52 11 12 10 9 2.49441e-48
52 12 10 9 11 2.68918e-48
52 4 9 6 12 0.00420969
52 6 12 4 9 7.65313e-46
52 9 6 12 4 0.000114611
52 12 4 9 6 4.43838e-45
52 8 8 10 12 0.0482695
52 8 10 12 8 0.00246288
52 10 12 8 8 0.0192741
52 12 8 8 10 0.0247258
52 8 9 9 10 4.47202e-48
52 9 9 10 8 4.82819e-05
52 9 10 8 9 9.65237e-48
52 10 8 9 9 1.74791e-90
52 8 10 10 12 0.0118204
52 10 10 12 8 0.00176352
52 10 12 8 10 0.00864337
52 12 8 10 10 0.00741393
52 5 10 12 8 0.00146949
52 8 5 10 12 0.0177101
52 10 12 8 5 0.00640776
52 12 8 5 10 7.53661e-46
52 6 9 8 10 0.0091513
52 8 10 6 9 1.97167e-46
52 9 8 10 6 0.029229
52 10 6 9 8 1.95129e-46
52 5 11 9 10 2.13454e-45
52 9 10 5 11 4.4866e-46
52 10 5 11 9 1.56629e-45
52 11 9 10 5 0.00235232
52 6 9 9 8 6.27248e-46
52 8 6 9 9 1.74649e-89
52 9 8 6 9 3.99606e-46
52 9 9 8 6 0.0255217
52 5 7 12 7 1.80258e-48
52 7 5 7 12 0.0172573
52 7 12 7 5 0.00261468
52 12 7 5 7 5.04839e-91
52 6 7 12 10 2.83899e-48
52 7 12 10 6 0.0219411
52 10 6 7 12 0.00545131
52 12 10 6 7 0.00159431
52 4 4 8 10 0.016201
52 4 8 10 4 0.00210396
52 8 10 4 4 0.00123013
52 10 4 4 8 0.0185191
52 4 9 9 12 1.0862e-45
52 9 9 12 4 0.000356933
52 9 12 4 9 5.13927e-46
52 12 4 9 9 1.52733e-88
52 4 7 4 8 4.98045e-48
52 4 8 4 7 0.0057964
52 7 4 8 4 0.00651388
52 8 4 7 4 0.0025104
52 4 4 8 9 2.04444e-45
52 4 8 9 4 1.90443e-46
52 8 9 4 4 0.0011613
52 9 4 4 8 0.0113345
52 4 11 7 7 0.0153436
52 7 4 11 7 0.023933
52 7 7 4 11 1.14276e-47
52 11 7 7 4 1.49136e-48
52 5 8 9 6 5.53428e-45
52 6 5 8 9 2.81593e-45
52 8 9 6 5 0.00168008
52 9 6 5 8 2.06071e-46
52 7 8 12 10 0.00242171
52 8 12 10 7 0.00294291
52 10 7 8 12 3.61132e-47
52 12 10 7 8 0.00279404
52 4 5 6 7 0.00171988
52 5 6 7 4 0.000364895
52 6 7 4 5 5.94748e-48
52 7 4 5 6 5.51694e-45
52 4 12 10 5 0.0015349
52 5 4 12 10 0.00258167
52 10 5 4 12 0.0173191
52 12 10 5 4 7.66862e-47
53 2 0 2 8 0.0646464
53 2 0 3 12 0.0506942
53 2 0 3 4 0.0535683
53 3 0 2 11 0.0505332
53 2 0 2 10 0.0248297
53 2 0 1 8 0.0939617
53 3 0 2 5 0.0361127
53 2 0 1 4 0.0457628
53 1 0 2 12 0.061294
53 1 0 2 9 0.0317701
53 2 0 3 10 0.0209185
53 2 0 2 5 0.0204984
53 1 0 1 9 0.0467142
53 1 0 3 6 0.0237003
53 1 0 2 10 0.020465
53 1 0 3 12 0.0494988
53 3 0 2 10 0.0228013
53 2 0 2 4 0.0320711
53 3 0 1 8 0.0423229
53 2 0 3 11 0.0462221
53 1 0 2 4 0.0292841
53 3 0 1 11 0.075468
53 3 0 2 4 0.0310697
53 3 0 3 4 0.0257924
54 2 8 2 0 0.0686388
54 3 12 2 0 2.98539e-45
54 3 4 2 0 0.111327
54 2 11 3 0 0.0362787
54 2 10 2 0 0.0462582
54 1 8 2 0 0.0469637
54 2 5 3 0 0.14279
54 1 4 2 0 0.0383523
54 2 12 1 0 1.3746e-45
54 2 9 1 0 0.0148259
54 3 10 2 0 0.045493
54 2 5 2 0 0.0896317
54 1 9 1 0 0.0102621
54 3 6 1 0 0.0275859
54 2 10 1 0 0.0169489
54 3 12 1 0 1.29584e-45
54 2 10 3 0 0.0384125
54 2 4 2 0 0.0570961
54 1 8 3 0 0.0191286
54 3 11 2 0 0.0428378
54 2 4 1 0 0.023176
54 1 11 3 0 0.0255049
54 2 4 3 0 0.0500179
54 3 4 3 0 0.0484707
55 4 6 8 7 7.00118e-93
55 6 8 7 4 7.93949e-48
55 7 4 6 8 0.0209132
55 8 7 4 6 5.01179e-49
55 8 10 12 12 2.51996e-48
55 10 12 12 8 4.25434e-48
55 12 8 10 12 1.87493e-48
55 12 12 8 10 5.08788e-48
55 6 9 9 12 1.98396e-48
55 9 9 12 6 3.67992e-49
55 9 12 6 9 3.02183e-49
55 12 6 9 9 1.58253e-48
55 6 7 7 12 4.4146e-50
55 7 7 12 6 1.48237e-50
55 7 12 6 7 3.66337e-95
55 12 6 7 7 1.05975e-94
55 6 10 12 10 5.26487e-48
55 10 6 10 12 1.24533e-48
55 10 12 10 6 2.42621e-49
55 12 10 6 10 2.41115e-48
55 8 10 11 11 9.4908e-48
55 10 11 11 8 4.59958e-48
55 11 8 10 11 3.00516e-48
55 11 11 8 10 2.34097e-48
55 4 12 4 12 3.63484e-48
55 12 4 12 4 0.218751
55 4 5 5 6 2.63878e-48
55 5 5 6 4 1.51326e-47
55 5 6 4 5 1.71412e-47
55 6 4 5 5 0.185186
55 8 8 9 11 6.90473e-48
55 8 9 11 8 4.47496e-48
55 9 11 8 8 3.77554e-48
55 11 8 8 9 6.47756e-49
55 4 4 11 10 0.0367388
55 4 11 10 4 6.65642e-48
55 10 4 4 11 0.0460686
55 11 10 4 4 3.78251e-48
55 4 4 5 6 0.00757817
55 4 5 6 4 5.89699e-48
55 5 6 4 4 1.09347e-47
55 6 4 4 5 0.047227
55 8 9 8 9 3.10582e-48
55 9 8 9 8 7.87496e-48
55 4 10 8 6 5.90292e-49
55 6 4 10 8 0.0247358
55 8 6 4 10 2.55835e-48
55 10 8 6 4 2.35323e-48
55 6 12 10 12 1.43338e-48
55 10 12 6 12 6.87641e-49
55 12 6 12 10 6.73909e-48
55 12 10 12 6 9.07623e-49
55 5 11 9 6 9.62659e-49
55 6 5 11 9 2.60812e-48
55 9 6 5 11 1.35007e-47
55 11 9 6 5 1.86219e-48
55 4 11 6 7 3.39994e-93
55 6 7 4 11 1.32629e-47
55 7 4 11 6 0.00660921
55 11 6 7 4 5.43711e-48
55 4 9 10 12 1.5598e-48
55 9 10 12 4 7.09195e-48
55 10 12 4 9 7.02687e-49
55 12 4 9 10 0.0379065
55 6 10 12 7 6.62208e-93
55 7 6 10 12 1.72813e-48
55 10 12 7 6 3.0921e-49
55 12 7 6 10 2.76153e-48
55 7 10 10 12 1.09815e-48
55 10 10 12 7 3.09689e-93
55 10 12 7 10 1.45893e-48
55 12 7 10 10 2.69204e-48
55 5 12 10 11 5.48896e-50
55 10 11 5 12 2.05478e-50
55 11 5 12 10 2.30475e-50
55 12 10 11 5 7.23983e-50
55 7 12 8 8 5.98267e-48
55 8 7 12 8 7.26391e-48
55 8 8 7 12 1.73491e-48
55 12 8 8 7 7.43552e-93
55 4 9 8 7 6.07785e-93
55 7 4 9 8 0.0437954
55 8 7 4 9 1.17885e-48
55 9 8 7 4 4.79741e-48
55 4 10 10 10 1.67797e-48
55 10 4 10 10 0.00873096
55 10 10 4 10 1.43202e-48
55 10 10 10 4 2.59265e-48
55 6 12 11 8 5.37352e-48
55 8 6 12 11 1.07085e-47
55 11 8 6 12 4.83486e-49
55 12 11 8 6 8.359e-49
55 4 7 8 9 1.93977e-50
55 7 8 9 4 8.34179e-50
55 8 9 4 7 3.40753e-95
55 9 4 7 8 0.000232359
55 7 10 11 10 3.70093e-48
55 10 7 10 11 4.48808e-48
55 10 11 10 7 2.04672e-93
55 11 10 7 10 1.38087e-48
55 4 12 11 9 1.37369e-48
55 9 4 12 11 0.058545
55 11 9 4 12 9.02256e-49
55 12 11 9 4 1.14582e-47
55 9 11 12 10 2.53552e-50
55 10 9 11 12 1.41219e-50
55 11 12 10 9 3.02854e-51
55 12 10 9 11 9.69122e-50
55 4 9 6 12 1.46505e-48
55 6 12 4 9 1.37578e-48
55 9 6 12 4 1.02187e-47
55 12 4 9 6 0.00735611
55 8 8 10 12 2.03998e-48
55 8 10 12 8 9.50425e-48
55 10 12 8 8 6.46064e-48
55 12 8 8 10 8.85885e-48
55 8 9 9 10 2.40756e-50
55 9 9 10 8 1.68998e-50
55 9 10 8 9 7.72572e-51
55 10 8 9 9 6.84734e-51
55 8 10 10 12 1.05073e-48
55 10 10 12 8 3.81539e-48
55 10 12 8 10 2.22228e-48
55 12 8 10 10 2.43239e-48
55 5 10 12 8 6.41017e-48
55 8 5 10 12 1.24639e-48
55 10 12 8 5 3.52403e-48
55 12 8 5 10 5.3292e-48
55 6 9 8 10 3.83788e-48
55 8 10 6 9 4.5953e-49
55 9 8 10 6 1.91788e-49
55 10 6 9 8 3.54529e-48
55 5 11 9 10 4.94575e-48
55 9 10 5 11 9.34159e-48
55 10 5 11 9 1.32812e-48
55 11 9 10 5 1.97667e-48
55 6 9 9 8 4.84512e-48
55 8 6 9 9 1.11491e-48
55 9 8 6 9 3.40689e-49
55 9 9 8 6 3.6185e-49
55 5 7 12 7 6.00998e-93
55 7 5 7 12 1.67433e-48
55 7 12 7 5 3.23787e-48
55 12 7 5 7 7.48184e-93
55 6 7 12 10 7.02296e-48
55 7 12 10 6 3.92128e-49
55 10 6 7 12 1.84848e-48
55 12 10 6 7 3.53213e-93
55 4 4 8 10 0.0359372
55 4 8 10 4 5.68874e-48
55 8 10 4 4 6.22908e-48
55 10 4 4 8 0.0244816
55 4 9 9 12 2.38372e-48
55 9 9 12 4 6.8924e-48
55 9 12 4 9 6.45888e-49
55 12 4 9 9 0.0134433
55 4 7 4 8 4.71216e-48
55 4 8 4 7 3.45588e-93
55 7 4 8 4 0.0673791
55 8 4 7 4 0.0423245
55 4 4 8 9 0.0116464
55 4 8 9 4 7.94435e-48
55 8 9 4 4 5.53201e-48
55 9 4 4 8 0.0205632
55 4 11 7 7 7.12767e-93
55 7 4 11 7 6.61848e-47
55 7 7 4 11 1.45238e-47
55 11 7 7 4 6.67729e-48
55 5 8 9 6 8.23108e-49
55 6 5 8 9 2.55245e-48
55 8 9 6 5 3.06816e-48
55 9 6 5 8 7.17795e-48
55 7 8 12 10 2.99929e-48
55 8 12 10 7 1.62169e-93
55 10 7 8 12 1.49249e-48
55 12 10 7 8 3.93757e-48
55 4 5 6 7 2.75836e-93
55 5 6 7 4 9.38295e-48
55 6 7 4 5 5.97328e-48
55 7 4 5 6 0.00604267
55 4 12 10 5 2.34529e-48
55 5 4 12 10 0.0278081
55 10 5 4 12 1.035e-48
55 12 10 5 4 1.02799e-47
56 7 8 9 4 1
57 4 6 8 7 8.41889e-48
57 6 8 7 4 2.71408e-48
57 7 4 6 8 0.0581429
57 8 7 4 6 1.12492e-47
57 8 10 12 12 2.2327e-48
57 10 12 12 8 0.0597736
57 12 8 10 12 4.86717e-48
57 12 12 8 10 8.53036e-48
57 6 9 9 12 2.44162e-48
57 9 9 12 6 8.38562e-49
57 9 12 6 9 3.1309e-48
57 12 6 9 9 4.92174e-48
57 6 7 7 12 1.40853e-49
57 7 7 12 6 1.29584e-49
57 7 12 6 7 2.20279e-49
57 12 6 7 7 1.29269e-49
57 6 10 12 10 2.40493e-48
57 10 6 10 12 1.39494e-47
57 10 12 10 6 1.8993e-47
57 12 10 6 10 7.48063e-48
57 8 10 11 11 2.09585e-48
57 10 11 11 8 0.0154837
57 11 8 10 11 6.26178e-48
57 11 11 8 10 3.02848e-48
57 4 12 4 12 1.0513e-47
57 12 4 12 4 4.03144e-48
57 4 5 5 6 5.78273e-48
57 5 5 6 4 2.2027e-47
57 5 6 4 5 2.87812e-47
57 6 4 5 5 5.36679e-48
57 8 8 9 11 3.06728e-48
57 8 9 11 8 0.013276
57 9 11 8 8 0.00806926
57 11 8 8 9 4.29962e-48
57 4 4 11 10 1.73679e-48
57 4 11 10 4 2.48365e-48
57 10 4 4 11 7.35729e-48
57 11 10 4 4 4.37945e-48
57 4 4 5 6 2.33947e-48
57 4 5 6 4 5.6155e-48
57 5 6 4 4 8.90959e-48
57 6 4 4 5 4.47273e-48
57 8 9 8 9 1.05344e-47
57 9 8 9 8 0.0290432
57 4 10 8 6 4.8218e-48
57 6 4 10 8 0.0361463
57 8 6 4 10 4.69386e-48
57 10 8 6 4 6.79346e-48
57 6 12 10 12 7.19678e-48
57 10 12 6 12 1.53112e-47
57 12 6 12 10 3.69772e-48
57 12 10 12 6 3.08046e-48
57 5 11 9 6 4.99637e-48
57 6 5 11 9 2.23492e-48
57 9 6 5 11 1.75148e-48
57 11 9 6 5 1.08816e-47
57 4 11 6 7 4.64591e-48
57 6 7 4 11 1.24167e-47
57 7 4 11 6 2.81706e-48
57 11 6 7 4 7.39281e-48
57 4 9 10 12 4.63051e-48
57 9 10 12 4 8.77412e-49
57 10 12 4 9 1.08977e-47
57 12 4 9 10 3.98052e-48
57 6 10 12 7 2.7544e-48
57 7 6 10 12 8.30453e-48
57 10 12 7 6 1.27115e-47
57 12 7 6 10 1.69451e-47
57 7 10 10 12 4.39626e-48
57 10 10 12 7 3.91286e-48
57 10 12 7 10 8.07759e-48
57 12 7 10 10 1.13146e-47
57 5 12 10 11 1.29778e-49
57 10 11 5 12 1.42046e-50
57 11 5 12 10 2.32256e-50
57 12 10 11 5 2.14936e-50
57 7 12 8 8 0.0809278
57 8 7 12 8 0.0545152
57 8 8 7 12 3.16903e-48
57 12 8 8 7 5.8651e-48
57 4 9 8 7 5.48257e-48
57 7 4 9 8 0.0371045
57 8 7 4 9 9.76563e-48
57 9 8 7 4 1.22364e-48
57 4 10 10 10 3.82417e-48
57 10 4 10 10 6.25554e-48
57 10 10 4 10 4.95855e-48
57 10 10 10 4 6.07103e-48
57 6 12 11 8 0.0215796
57 8 6 12 11 3.26935e-48
57 11 8 6 12 5.12358e-48
57 12 11 8 6 2.87155e-48
57 4 7 8 9 1.15661e-49
57 7 8 9 4 3.14829e-50
57 8 9 4 7 4.27051e-50
57 9 4 7 8 0.000133043
57 7 10 11 10 1.91281e-48
57 10 7 10 11 2.37778e-47
57 10 11 10 7 5.42231e-48
57 11 10 7 10 4.30894e-48
57 4 12 11 9 2.61871e-48
57 9 4 12 11 9.20298e-49
57 11 9 4 12 3.74864e-48
57 12 11 9 4 1.77359e-48
57 9 11 12 10 3.89755e-51
57 10 9 11 12 2.21614e-50
57 11 12 10 9 8.06013e-50
57 12 10 9 11 3.80481e-50
57 4 9 6 12 6.34965e-48
57 6 12 4 9 7.02402e-48
57 9 6 12 4 1.51758e-48
57 12 4 9 6 5.73549e-48
57 8 8 10 12 7.09574e-48
57 8 10 12 8 0.0360649
57 10 12 8 8 0.203709
57 12 8 8 10 7.67401e-48
57 8 9 9 10 2.7464e-50
57 9 9 10 8 0.000149388
57 9 10 8 9 1.61935e-50
57 10 8 9 9 4.54753e-50
57 8 10 10 12 4.32805e-48
57 10 10 12 8 0.0327989
57 10 12 8 10 1.131e-47
57 12 8 10 10 4.36499e-48
57 5 10 12 8 0.0297586
57 8 5 10 12 4.04783e-48
57 10 12 8 5 1.34161e-47
57 12 8 5 10 1.57083e-48
57 6 9 8 10 3.54268e-48
57 8 10 6 9 5.23504e-48
57 9 8 10 6 1.90539e-48
57 10 6 9 8 0.0756678
57 5 11 9 10 3.45716e-48
57 9 10 5 11 1.0096e-48
57 10 5 11 9 3.45706e-48
57 11 9 10 5 7.91165e-48
57 6 9 9 8 0.0255376
57 8 6 9 9 4.64609e-48
57 9 8 6 9 1.82378e-48
57 9 9 8 6 1.85048e-48
57 5 7 12 7 8.11045e-48
57 7 5 7 12 2.77527e-48
57 7 12 7 5 5.75303e-48
57 12 7 5 7 4.70332e-48
57 6 7 12 10 6.34475e-48
57 7 12 10 6 1.31692e-47
57 10 6 7 12 1.08733e-47
57 12 10 6 7 9.97861e-48
57 4 4 8 10 4.39117e-48
57 4 8 10 4 3.97414e-48
57 8 10 4 4 3.45606e-48
57 10 4 4 8 0.0583319
57 4 9 9 12 3.14829e-48
57 9 9 12 4 7.6785e-49
57 9 12 4 9 2.46044e-48
57 12 4 9 9 3.86851e-48
57 4 7 4 8 0.0706343
57 4 8 4 7 3.25082e-48
57 7 4 8 4 3.62908e-48
57 8 4 7 4 2.55166e-48
57 4 4 8 9 3.89977e-48
57 4 8 9 4 2.46913e-48
57 8 9 4 4 2.76382e-48
57 9 4 4 8 0.0120348
57 4 11 7 7 3.50338e-48
57 7 4 11 7 3.45962e-48
57 7 7 4 11 1.77195e-47
57 11 7 7 4 1.49591e-47
57 5 8 9 6 7.99867e-48
57 6 5 8 9 5.65335e-48
57 8 9 6 5 8.59142e-48
57 9 6 5 8 0.0138932
57 7 8 12 10 1.50767e-48
57 8 12 10 7 6.87234e-48
57 10 7 8 12 1.32967e-47
57 12 10 7 8 0.0272242
57 4 5 6 7 6.58906e-48
57 5 6 7 4 7.47954e-48
57 6 7 4 5 1.00736e-47
57 7 4 5 6 2.26523e-48
57 4 12 10 5 6.53473e-48
57 5 4 12 10 2.31437e-48
57 10 5 4 12 4.08747e-48
57 12 10 5 4 1.30254e-48
58 4 6 8 7 0.0166117
58 6 8 7 4 0.0399283
58 7 4 6 8 0.00291629
58 8 7 4 6 0.00212696
58 8 10 12 12 0.00903491
58 10 12 12 8 0.000439362
58 12 8 10 12 4.76081e-05
58 12 12 8 10 9.71279e-06
58 6 9 9 12 0.0269714
58 9 9 12 6 6.11358e-46
58 9 12 6 9 1.45985e-46
58 12 6 9 9 8.75785e-06
58 6 7 7 12 0.000392447
58 7 7 12 6 8.23853e-05
58 7 12 6 7 6.4668e-05
58 12 6 7 7 4.18892e-07
58 6 10 12 10 0.0222045
58 10 6 10 12 0.0229988
58 10 12 10 6 0.00181205
58 12 10 6 10 4.99152e-05
58 8 10 11 11 0.00126955
58 10 11 11 8 0.00157545
58 11 8 10 11 5.92846e-46
58 11 11 8 10 3.08648e-45
58 4 12 4 12 0.0103655
58 12 4 12 4 1.89774e-05
58 4 5 5 6 0.0428695
58 5 5 6 4 5.43078e-45
58 5 6 4 5 4.51719e-88
58 6 4 5 5 4.80088e-45
58 8 8 9 11 0.0023785
58 8 9 11 8 0.000442718
58 9 11 8 8 1.02899e-45
58 11 8 8 9 5.74445e-46
58 4 4 11 10 0.00201757
58 4 11 10 4 0.0333782
58 10 4 4 11 0.00198373
58 11 10 4 4 2.2726e-45
58 4 4 5 6 0.00774117
58 4 5 6 4 0.0263028
58 5 6 4 4 2.32965e-45
58 6 4 4 5 1.15839e-45
58 8 9 8 9 0.00701676
58 9 8 9 8 1.1146e-45
58 4 10 8 6 0.0169031
58 6 4 10 8 0.00213111
58 8 6 4 10 0.00632565
58 10 8 6 4 0.0161015
58 6 12 10 12 0.0087893
58 10 12 6 12 0.00504397
58 12 6 12 10 2.20722e-05
58 12 10 12 6 1.64249e-05
58 5 11 9 6 1.80918e-45
58 6 5 11 9 0.00342991
58 9 6 5 11 2.35883e-45
58 11 9 6 5 2.18431e-88
58 4 11 6 7 0.0231948
58 6 7 4 11 0.00667163
58 7 4 11 6 0.00246033
58 11 6 7 4 3.07908e-45
58 4 9 10 12 0.0221871
58 9 10 12 4 2.16618e-45
58 10 12 4 9 0.00083488
58 12 4 9 10 1.04333e-05
58 6 10 12 7 0.0127863
58 7 6 10 12 0.0431826
58 10 12 7 6 0.00203049
58 12 7 6 10 1.77594e-05
58 7 10 10 12 0.0344435
58 10 10 12 7 0.00425886
58 10 12 7 10 0.00217641
58 12 7 10 10 1.03076e-05
58 5 12 10 11 1.13454e-48
58 10 11 5 12 0.000419486
58 11 5 12 10 6.52929e-48
58 12 10 11 5 1.15962e-50
58 7 12 8 8 0.00206049
58 8 7 12 8 0.00057359
58 8 8 7 12 0.0131233
58 12 8 8 7 2.76067e-05
58 4 9 8 7 0.0126413
58 7 4 9 8 0.00217474
58 8 7 4 9 0.00107093
58 9 8 7 4 3.09151e-45
58 4 10 10 10 0.0132777
58 10 4 10 10 0.00293575
58 10 10 4 10 0.0095842
58 10 10 10 4 0.0131968
58 6 12 11 8 0.000434229
58 8 6 12 11 0.00204775
58 11 8 6 12 2.39293e-45
58 12 11 8 6 4.18034e-05
58 4 7 8 9 3.69364e-05
58 7 8 9 4 0.000275005
58 8 9 4 7 3.38126e-05
58 9 4 7 8 2.25539e-48
58 7 10 11 10 0.00838266
58 10 7 10 11 0.00216367
58 10 11 10 7 0.00946162
58 11 10 7 10 1.73667e-45
58 4 12 11 9 0.000358685
58 9 4 12 11 2.03558e-46
58 11 9 4 12 1.72412e-45
58 12 11 9 4 5.35281e-05
58 9 11 12 10 1.53632e-47
58 10 9 11 12 4.2496e-05
58 11 12 10 9 7.69038e-49
58 12 10 9 11 1.2311e-07
58 4 9 6 12 0.0350014
58 6 12 4 9 0.00229505
58 9 6 12 4 2.48664e-45
58 12 4 9 6 8.9125e-06
58 8 8 10 12 0.0175504
58 8 10 12 8 0.00241591
58 10 12 8 8 0.00164452
58 12 8 8 10 7.18431e-05
58 8 9 9 10 4.19958e-05
58 9 9 10 8 3.48974e-48
58 9 10 8 9 9.69664e-48
58 10 8 9 9 2.78144e-05
58 8 10 10 12 0.0112947
58 10 10 12 8 0.00209147
58 10 12 8 10 0.00309971
58 12 8 10 10 2.39949e-05
58 5 10 12 8 2.48413e-46
58 8 5 10 12 0.00795562
58 10 12 8 5 3.4364e-46
58 12 8 5 10 4.12935e-05
58 6 9 8 10 0.0278615
58 8 10 6 9 0.00303716
58 9 8 10 6 1.09476e-45
58 10 6 9 8 0.00277635
58 5 11 9 10 2.11155e-45
58 9 10 5 11 2.04868e-45
58 10 5 11 9 0.00124397
58 11 9 10 5 1.38046e-88
58 6 9 9 8 0.00466991
58 8 6 9 9 0.0020905
58 9 8 6 9 6.99192e-46
58 9 9 8 6 1.4817e-45
58 5 7 12 7 1.81509e-46
58 7 5 7 12 0.0274175
58 7 12 7 5 4.56899e-46
58 12 7 5 7 1.03018e-05
58 6 7 12 10 0.00920112
58 7 12 10 6 0.00396261
58 10 6 7 12 0.0300152
58 12 10 6 7 3.34767e-05
58 4 4 8 10 0.00872839
58 4 8 10 4 0.0203624
58 8 10 4 4 0.0109265
58 10 4 4 8 0.0011164
58 4 9 9 12 0.0202795
58 9 9 12 4 1.47023e-45
58 9 12 4 9 1.38063e-46
58 12 4 9 9 3.48655e-06
58 4 7 4 8 0.0015709
58 4 8 4 7 0.00744647
58 7 4 8 4 0.0142434
58 8 4 7 4 0.00327947
58 4 4 8 9 0.00266539
58 4 8 9 4 0.0170075
58 8 9 4 4 0.00677681
58 9 4 4 8 1.68705e-46
58 4 11 7 7 0.0254549
58 7 4 11 7 0.00256246
58 7 7 4 11 0.00704053
58 11 7 7 4 1.47446e-45
58 5 8 9 6 1.10423e-45
58 6 5 8 9 0.0148456
58 8 9 6 5 1.05071e-45
58 9 6 5 8 1.32815e-45
58 7 8 12 10 0.00975613
58 8 12 10 7 0.000584138
58 10 7 8 12 0.0088356
58 12 10 7 8 7.78728e-06
58 4 5 6 7 0.00996596
58 5 6 7 4 2.36509e-45
58 6 7 4 5 1.21902e-45
58 7 4 5 6 0.00950541
58 4 12 10 5 2.44429e-46
58 5 4 12 10 2.20478e-46
58 10 5 4 12 0.0105875
58 12 10 5 4 5.6251e-05
59 4 6 8 7 1.20707e-47
59 6 8 7 4 2.48126e-48
59 7 4 6 8 1.30676e-48
59 8 7 4 6 0.125961
59 8 10 12 12 5.60291e-48
59 10 12 12 8 1.55281e-48
59 12 8 10 12 7.8221e-48
59 12 12 8 10 6.74774e-48
59 6 9 9 12 3.37553e-48
59 9 9 12 6 1.02367e-48
59 9 12 6 9 3.2672e-48
59 12 6 9 9 3.10589e-48
59 6 7 7 12 0.000648761
59 7 7 12 6 0.000109685
59 7 12 6 7 2.05997e-50
59 12 6 7 7 3.51259e-50
59 6 10 12 10 3.60841e-48
59 10 6 10 12 6.36429e-48
59 10 12 10 6 4.12421e-48
59 12 10 6 10 7.42931e-48
59 8 10 11 11 4.88352e-48
59 10 11 11 8 3.95966e-48
59 11 8 10 11 6.67319e-48
59 11 11 8 10 1.68418e-47
59 4 12 4 12 2.27442e-47
59 12 4 12 4 4.06993e-48
59 4 5 5 6 1.06306e-47
59 5 5 6 4 2.9441e-47
59 5 6 4 5 4.49904e-47
59 6 4 5 5 1.00835e-47
59 8 8 9 11 1.85536e-48
59 8 9 11 8 7.99227e-48
59 9 11 8 8 3.28556e-48
59 11 8 8 9 1.71064e-47
59 4 4 11 10 7.91608e-48
59 4 11 10 4 1.06966e-47
59 10 4 4 11 1.9129e-48
59 11 10 4 4 1.29738e-47
59 4 4 5 6 3.29084e-48
59 4 5 6 4 1.41058e-47
59 5 6 4 4 1.0979e-47
59 6 4 4 5 1.32853e-47
59 8 9 8 9 3.84255e-47
59 9 8 9 8 2.76272e-48
59 4 10 8 6 1.02466e-47
59 6 4 10 8 5.98151e-48
59 8 6 4 10 1.03388e-47
59 10 8 6 4 3.53178e-48
59 6 12 10 12 9.44177e-48
59 10 12 6 12 5.23108e-48
59 12 6 12 10 2.92534e-48
59 12 10 12 6 2.6412e-48
59 5 11 9 6 5.47915e-48
59 6 5 11 9 1.54762e-47
59 9 6 5 11 7.85562e-49
59 11 9 6 5 3.23535e-47
59 4 11 6 7 1.36188e-47
59 6 7 4 11 0.0610907
59 7 4 11 6 1.3402e-48
59 11 6 7 4 5.83805e-48
59 4 9 10 12 1.2705e-47
59 9 10 12 4 1.17015e-48
59 10 12 4 9 5.02439e-48
59 12 4 9 10 2.18464e-48
59 6 10 12 7 3.022e-48
59 7 6 10 12 1.97604e-48
59 10 12 7 6 1.26402e-48
59 12 7 6 10 0.0789382
59 7 10 10 12 1.25569e-48
59 10 10 12 7 1.09648e-48
59 10 12 7 10 8.89642e-49
59 12 7 10 10 0.0516959
59 5 12 10 11 3.56799e-50
59 10 11 5 12 1.56147e-50
59 11 5 12 10 5.42714e-50
59 12 10 11 5 7.70471e-50
59 7 12 8 8 1.49273e-48
59 8 7 12 8 0.0510281
59 8 8 7 12 4.42359e-48
59 12 8 8 7 6.56606e-48
59 4 9 8 7 1.04788e-47
59 7 4 9 8 4.74853e-49
59 8 7 4 9 0.16223
59 9 8 7 4 9.07738e-49
59 4 10 10 10 6.78135e-48
59 10 4 10 10 2.38638e-48
59 10 10 4 10 2.78944e-48
59 10 10 10 4 2.61402e-48
59 6 12 11 8 5.96243e-48
59 8 6 12 11 2.33618e-48
59 11 8 6 12 1.62876e-47
59 12 11 8 6 7.43185e-48
59 4 7 8 9 0.00171043
59 7 8 9 4 4.86067e-51
59 8 9 4 7 9.16901e-50
59 9 4 7 8 8.18102e-51
59 7 10 11 10 1.03854e-48
59 10 7 10 11 0.0208783
59 10 11 10 7 3.45559e-48
59 11 10 7 10 3.72887e-48
59 4 12 11 9 1.00795e-47
59 9 4 12 11 5.17857e-49
59 11 9 4 12 1.56862e-47
59 12 11 9 4 2.43597e-48
59 9 11 12 10 1.05213e-50
59 10 9 11 12 3.56966e-50
59 11 12 10 9 1.2483e-49
59 12 10 9 11 1.02468e-50
59 4 9 6 12 1.77633e-47
59 6 12 4 9 1.26793e-47
59 9 6 12 4 1.68606e-48
59 12 4 9 6 2.84208e-48
59 8 8 10 12 2.16289e-47
59 8 10 12 8 7.19688e-48
59 10 12 8 8 7.20455e-48
59 12 8 8 10 1.17489e-47
59 8 9 9 10 3.27134e-50
59 9 9 10 8 2.29537e-50
59 9 10 8 9 3.59534e-50
59 10 8 9 9 1.6462e-50
59 8 10 10 12 1.11404e-47
59 10 10 12 8 1.39259e-48
59 10 12 8 10 3.61034e-48
59 12 8 10 10 5.03495e-48
59 5 10 12 8 3.03296e-48
59 8 5 10 12 1.32149e-47
59 10 12 8 5 5.95097e-48
59 12 8 5 10 1.64032e-48
59 6 9 8 10 8.03647e-48
59 8 10 6 9 1.32087e-47
59 9 8 10 6 2.54408e-48
59 10 6 9 8 1.59383e-48
59 5 11 9 10 4.19906e-48
59 9 10 5 11 5.43557e-49
59 10 5 11 9 6.11432e-48
59 11 9 10 5 2.30711e-47
59 6 9 9 8 2.8075e-48
59 8 6 9 9 5.56088e-48
59 9 8 6 9 3.68352e-48
59 9 9 8 6 3.07538e-48
59 5 7 12 7 0.0255902
59 7 5 7 12 4.60417e-49
59 7 12 7 5 4.5919e-49
59 12 7 5 7 0.0142253
59 6 7 12 10 0.044654
59 7 12 10 6 1.4914e-48
59 10 6 7 12 2.2718e-48
59 12 10 6 7 7.2466e-48
59 4 4 8 10 1.00305e-47
59 4 8 10 4 9.14157e-48
59 8 10 4 4 1.00094e-47
59 10 4 4 8 3.5284e-48
59 4 9 9 12 5.0151e-48
59 9 9 12 4 1.13723e-48
59 9 12 4 9 3.60394e-48
59 12 4 9 9 2.84398e-48
59 4 7 4 8 0.0931588
59 4 8 4 7 7.14398e-48
59 7 4 8 4 1.04976e-48
59 8 4 7 4 2.29496e-48
59 4 4 8 9 1.19322e-47
59 4 8 9 4 3.29747e-48
59 8 9 4 4 8.8893e-48
59 9 4 4 8 2.31274e-48
59 4 11 7 7 4.61254e-48
59 7 4 11 7 1.333e-48
59 7 7 4 11 0.0116131
59 11 7 7 4 0.0665139
59 5 8 9 6 4.68487e-48
59 6 5 8 9 1.96193e-47
59 8 9 6 5 2.49731e-47
59 9 6 5 8 1.44969e-48
59 7 8 12 10 3.56841e-49
59 8 12 10 7 5.68032e-48
59 10 7 8 12 0.0453368
59 12 10 7 8 1.34544e-48
59 4 5 6 7 1.10488e-47
59 5 6 7 4 2.94921e-48
59 6 7 4 5 0.144616
59 7 4 5 6 3.68371e-49
59 4 12 10 5 9.85204e-48
59 5 4 12 10 2.0662e-48
59 10 5 4 12 4.06337e-48
59 12 10 5 4 1.25814e-48
60 7 12 6 7 1
61 4 6 8 7 9.39895e-49
61 6 8 7 4 6.08117e-48
61 7 4 6 8 2.43945e-47
61 8 7 4 6 1.29504e-92
61 8 10 12 12 0.0601805
61 10 12 12 8 1.06114e-47
61 12 8 10 12 0.0326524
61 12 12 8 10 2.52971e-48
61 6 9 9 12 0.0066594
61 9 9 12 6 6.84821e-48
61 9 12 6 9 1.12429e-47
61 12 6 9 9 3.02793e-49
61 6 7 7 12 1.15232e-48
61 7 7 12 6 2.15318e-94
61 7 12 6 7 1.64539e-49
61 12 6 7 7 2.43876e-50
61 6 10 12 10 7.17882e-48
61 10 6 10 12 0.0218005
61 10 12 10 6 8.23971e-48
61 12 10 6 10 6.65778e-48
61 8 10 11 11 3.76838e-48
61 10 11 11 8 1.88888e-47
61 11 8 10 11 7.0809e-48
61 11 11 8 10 1.55946e-47
61 4 12 4 12 0.0616148
61 12 4 12 4 2.06871e-47
61 4 5 5 6 1.0485e-47
61 5 5 6 4 5.37156e-47
61 5 6 4 5 1.17325e-47
61 6 4 5 5 2.77629e-47
61 8 8 9 11 2.18138e-48
61 8 9 11 8 1.57516e-48
61 9 11 8 8 2.11756e-47
61 11 8 8 9 5.55847e-48
61 4 4 11 10 5.34699e-48
61 4 11 10 4 6.93558e-48
61 10 4 4 11 4.17814e-47
61 11 10 4 4 8.1771e-48
61 4 4 5 6 7.09247e-48
61 4 5 6 4 8.24097e-48
61 5 6 4 4 3.63195e-48
61 6 4 4 5 2.51247e-47
61 8 9 8 9 5.64249e-48
61 9 8 9 8 1.02227e-47
61 4 10 8 6 2.54017e-48
61 6 4 10 8 8.7125e-48
61 8 6 4 10 1.91244e-48
61 10 8 6 4 1.53843e-47
61 6 12 10 12 0.0286504
61 10 12 6 12 0.115386
61 12 6 12 10 1.41398e-48
61 12 10 12 6 5.55847e-48
61 5 11 9 6 1.41606e-47
61 6 5 11 9 7.02187e-48
61 9 6 5 11 3.01745e-48
61 11 9 6 5 9.27092e-48
61 4 11 6 7 2.42927e-47
61 6 7 4 11 1.46861e-92
61 7 4 11 6 1.37573e-47
61 11 6 7 4 2.18096e-48
61 4 9 10 12 0.0121181
61 9 10 12 4 1.1705e-47
61 10 12 4 9 1.18765e-47
61 12 4 9 10 3.28623e-48
61 6 10 12 7 8.22203e-48
61 7 6 10 12 0.0119342
61 10 12 7 6 1.03285e-47
61 12 7 6 10 9.03048e-93
61 7 10 10 12 0.029812
61 10 10 12 7 1.18082e-47
61 10 12 7 10 6.56334e-48
61 12 7 10 10 3.22028e-93
61 5 12 10 11 5.42331e-50
61 10 11 5 12 0.00146859
61 11 5 12 10 1.11462e-49
61 12 10 11 5 2.40011e-50
61 7 12 8 8 3.97836e-48
61 8 7 12 8 1.02233e-92
61 8 8 7 12 0.0641156
61 12 8 8 7 4.84882e-48
61 4 9 8 7 1.76813e-48
61 7 4 9 8 5.07795e-48
61 8 7 4 9 1.12425e-92
61 9 8 7 4 1.22528e-47
61 4 10 10 10 1.76221e-48
61 10 4 10 10 1.41414e-47
61 10 10 4 10 9.90192e-48
61 10 10 10 4 4.82603e-48
61 6 12 11 8 2.34506e-48
61 8 6 12 11 2.013e-48
61 11 8 6 12 0.100644
61 12 11 8 6 9.4559e-48
61 4 7 8 9 3.64853e-95
61 7 8 9 4 2.13843e-50
61 8 9 4 7 5.02623e-50
61 9 4 7 8 2.68418e-49
61 7 10 11 10 3.2848e-48
61 10 7 10 11 1.13181e-92
61 10 11 10 7 2.61207e-47
61 11 10 7 10 5.99845e-48
61 4 12 11 9 1.54717e-48
61 9 4 12 11 3.49138e-47
61 11 9 4 12 0.0397503
61 12 11 9 4 3.12021e-48
61 9 11 12 10 3.15088e-49
61 10 9 11 12 0.000235046
61 11 12 10 9 3.26945e-50
61 12 10 9 11 1.10456e-50
61 4 9 6 12 0.0311149
61 6 12 4 9 7.57185e-48
61 9 6 12 4 4.29032e-48
61 12 4 9 6 4.7351e-48
61 8 8 10 12 0.0766497
61 8 10 12 8 1.12949e-47
61 10 12 8 8 1.08906e-47
61 12 8 8 10 6.3443e-48
61 8 9 9 10 7.85901e-51
61 9 9 10 8 3.46406e-50
61 9 10 8 9 6.50553e-50
61 10 8 9 9 3.35915e-50
61 8 10 10 12 0.0307296
61 10 10 12 8 1.06693e-47
61 10 12 8 10 5.6094e-48
61 12 8 10 10 3.15653e-48
61 5 10 12 8 9.32471e-48
61 8 5 10 12 0.0488814
61 10 12 8 5 6.65395e-48
61 12 8 5 10 2.62794e-48
61 6 9 8 10 1.94954e-48
61 8 10 6 9 7.50213e-48
61 9 8 10 6 1.01868e-47
61 10 6 9 8 8.39218e-49
61 5 11 9 10 9.79818e-48
61 9 10 5 11 8.20762e-48
61 10 5 11 9 1.09808e-47
61 11 9 10 5 3.59985e-48
61 6 9 9 8 8.09302e-49
61 8 6 9 9 4.60244e-49
61 9 8 6 9 1.82574e-47
61 9 9 8 6 4.55093e-48
61 5 7 12 7 1.41174e-92
61 7 5 7 12 0.0599509
61 7 12 7 5 4.29839e-48
61 12 7 5 7 3.09683e-93
61 6 7 12 10 1.13407e-92
61 7 12 10 6 5.25345e-48
61 10 6 7 12 0.0318272
61 12 10 6 7 8.88099e-48
61 4 4 8 10 6.57863e-48
61 4 8 10 4 2.78619e-48
61 8 10 4 4 6.64462e-48
61 10 4 4 8 3.57074e-47
61 4 9 9 12 0.00503222
61 9 9 12 4 6.27073e-48
61 9 12 4 9 1.18535e-47
61 12 4 9 9 3.19376e-48
61 4 7 4 8 5.27756e-93
61 4 8 4 7 5.72528e-48
61 7 4 8 4 8.62435e-48
61 8 4 7 4 1.04016e-47
61 4 4 8 9 5.84244e-48
61 4 8 9 4 1.05728e-48
61 8 9 4 4 3.25291e-48
61 9 4 4 8 3.25664e-47
61 4 11 7 7 1.83234e-47
61 7 4 11 7 1.68953e-47
61 7 7 4 11 1.94831e-92
61 11 7 7 4 1.24695e-92
61 5 8 9 6 5.6914e-48
61 6 5 8 9 8.64348e-48
61 8 9 6 5 7.53708e-48
61 9 6 5 8 2.58003e-48
61 7 8 12 10 6.36516e-48
61 8 12 10 7 2.87042e-48
61 10 7 8 12 6.71263e-47
61 12 10 7 8 2.61244e-48
61 4 5 6 7 9.6697e-48
61 5 6 7 4 2.27324e-48
61 6 7 4 5 1.19148e-92
61 7 4 5 6 1.08935e-47
61 4 12 10 5 1.64337e-48
61 5 4 12 10 1.91324e-47
61 10 5 4 12 0.128792
61 12 10 5 4 1.43228e-48
62 2 0 2 8 0.118803
62 2 0 3 12 0.0816227
62 2 0 3 4 1.80314e-44
62 3 0 2 11 0.00053463
62 2 0 2 10 0.0277101
62 2 0 1 8 0.093799
62 3 0 2 5 0.170933
62 2 0 1 4 5.39329e-45
62 1 0 2 12 0.0550471
62 1 0 2 9 0.0527656
62 2 0 3 10 0.0362192
62 2 0 2 5 0.0666927
62 1 0 1 9 0.0421447
62 1 0 3 6 0.0655541
62 1 0 2 10 0.0197645
62 1 0 3 12 0.0689692
62 3 0 2 10 0.0370198
62 2 0 2 4 6.95814e-45
62 3 0 1 8 0.0614653
62 2 0 3 11 0.000521509
62 1 0 2 4 5.49817e-45
62 3 0 1 11 0.000433712
62 3 0 2 4 9.80671e-45
62 3 0 3 4 1.26305e-44
63 2 8 2 0 0.0315982
63 3 12 2 0 0.0135076
63 3 4 2 0 0.0577078
63 2 11 3 0 0.0178508
63 2 10 2 0 0.0310615
63 1 8 2 0 0.0212225
63 2 5 3 0 0.0546013
63 1 4 2 0 0.0136436
63 2 12 1 0 0.0465006
63 2 9 1 0 0.0526148
63 3 10 2 0 0.0436935
63 2 5 2 0 0.0300401
63 1 9 1 0 0.0357491
63 3 6 1 0 0.127904
63 2 10 1 0 0.121708
63 3 12 1 0 0.0627008
63 2 10 3 0 0.0294288
63 2 4 2 0 0.020692
63 1 8 3 0 0.00986241
63 3 11 2 0 0.0264243
63 2 4 1 0 0.0898209
63 1 11 3 0 0.0123189
63 2 4 3 0 0.0206818
63 3 4 3 0 0.0286669
64 4 6 8 7 2.63051e-47
64 6 8 7 4 2.09932e-47
64 7 4 6 8 0.000260845
64 8 7 4 6 1.61451e-45
64 8 10 12 12 9.42167e-06
64 10 12 12 8 9.28791e-47
64 12 8 10 12 0.0459699
64 12 12 8 10 2.11996e-45
64 6 9 9 12 0.00183327
64 9 9 12 6 0.00167508
64 9 12 6 9 8.78027e-47
64 12 6 9 9 0.0115901
64 6 7 7 12 1.91056e-92
64 7 7 12 6 4.87578e-48
64 7 12 6 7 1.09564e-93
64 12 6 7 7 5.17812e-94
64 6 10 12 10 3.24451e-06
64 10 6 10 12 0.00761018
64 10 12 10 6 2.823e-46
64 12 10 6 10 2.67547e-06
64 8 10 11 11 3.82296e-05
64 10 11 11 8 0.0101318
64 11 8 10 11 0.00774919
64 11 11 8 10 0.00960736
64 4 12 4 12 5.31057e-45
64 12 4 12 4 0.0186461
64 4 5 5 6 4.93034e-45
64 5 5 6 4 1.1753e-45
64 5 6 4 5 0.0692653
64 6 4 5 5 0.00845864
64 8 8 9 11 0.00803302
64 8 9 11 8 0.00549507
64 9 11 8 8 0.0118809
64 11 8 8 9 0.0163998
64 4 4 11 10 0.0160295
64 4 11 10 4 0.02567
64 10 4 4 11 0.00795182
64 11 10 4 4 2.15609e-05
64 4 4 5 6 0.0105214
64 4 5 6 4 3.07315e-46
64 5 6 4 4 0.078986
64 6 4 4 5 0.0049823
64 8 9 8 9 0.0277852
64 9 8 9 8 0.0106503
64 4 10 8 6 2.14723e-05
64 6 4 10 8 0.00132049
64 8 6 4 10 0.013674
64 10 8 6 4 0.00138368
64 6 12 10 12 5.27625e-46
64 10 12 6 12 6.27011e-47
64 12 6 12 10 0.00804808
64 12 10 12 6 1.09449e-05
64 5 11 9 6 0.0163458
64 6 5 11 9 3.29126e-45
64 9 6 5 11 0.0247266
64 11 9 6 5 0.00021364
64 4 11 6 7 2.81351e-48
64 6 7 4 11 1.73216e-45
64 7 4 11 6 0.0119403
64 11 6 7 4 1.24423e-47
64 4 9 10 12 0.0082955
64 9 10 12 4 1.08356e-05
64 10 12 4 9 1.04274e-45
64 12 4 9 10 0.00502602
64 6 10 12 7 4.25625e-51
64 7 6 10 12 0.00996075
64 10 12 7 6 4.00776e-91
64 12 7 6 10 1.82905e-46
64 7 10 10 12 9.5556e-06
64 10 10 12 7 2.82127e-51
64 10 12 7 10 2.82715e-91
64 12 7 10 10 1.02022e-45
64 5 12 10 11 1.18932e-47
64 10 11 5 12 0.000146127
64 11 5 12 10 1.78968e-48
64 12 10 11 5 3.65366e-07
64 7 12 8 8 5.03438e-46
64 8 7 12 8 2.38882e-46
64 8 8 7 12 3.27637e-47
64 12 8 8 7 7.35679e-47
64 4 9 8 7 1.30441e-47
64 7 4 9 8 0.00117274
64 8 7 4 9 2.6351e-45
64 9 8 7 4 3.70234e-47
64 4 10 10 10 7.864e-06
64 10 4 10 10 0.00149477
64 10 10 4 10 8.09613e-06
64 10 10 10 4 6.77447e-06
64 6 12 11 8 4.87544e-46
64 8 6 12 11 0.00485057
64 11 8 6 12 0.00119132
64 12 11 8 6 0.039903
64 4 7 8 9 2.9225e-47
64 7 8 9 4 9.93217e-05
64 8 9 4 7 1.08503e-49
64 9 4 7 8 4.03289e-50
64 7 10 11 10 1.79605e-05
64 10 7 10 11 4.52021e-46
64 10 11 10 7 6.36069e-48
64 11 10 7 10 5.61595e-51
64 4 12 11 9 2.82647e-45
64 9 4 12 11 0.00321491
64 11 9 4 12 0.00687054
64 12 11 9 4 0.0224611
64 9 11 12 10 4.41771e-05
64 10 9 11 12 8.24543e-05
64 11 12 10 9 2.90218e-48
64 12 10 9 11 1.26641e-07
64 4 9 6 12 0.00136173
64 6 12 4 9 1.44038e-45
64 9 6 12 4 0.010342
64 12 4 9 6 0.0065237
64 8 8 10 12 0.0345841
64 8 10 12 8 5.23637e-06
64 10 12 8 8 5.76397e-46
64 12 8 8 10 0.0840395
64 8 9 9 10 1.50052e-05
64 9 9 10 8 1.79005e-05
64 9 10 8 9 2.63556e-07
64 10 8 9 9 4.72266e-05
64 8 10 10 12 1.38346e-05
64 10 10 12 8 1.47288e-06
64 10 12 8 10 4.48606e-46
64 12 8 10 10 0.0198847
64 5 10 12 8 5.61888e-06
64 8 5 10 12 1.22919e-45
64 10 12 8 5 3.38049e-46
64 12 8 5 10 0.034669
64 6 9 8 10 0.00365704
64 8 10 6 9 1.63637e-06
64 9 8 10 6 0.0104621
64 10 6 9 8 0.00119788
64 5 11 9 10 0.0125555
64 9 10 5 11 2.58291e-05
64 10 5 11 9 2.37551e-45
64 11 9 10 5 0.00129757
64 6 9 9 8 0.000659747
64 8 6 9 9 0.00564596
64 9 8 6 9 0.00225378
64 9 9 8 6 0.0067311
64 5 7 12 7 7.42069e-91
64 7 5 7 12 1.2156e-90
64 7 12 7 5 2.81223e-91
64 12 7 5 7 2.35333e-90
64 6 7 12 10 2.58333e-46
64 7 12 10 6 4.30343e-46
64 10 6 7 12 1.25832e-47
64 12 10 6 7 4.08775e-51
64 4 4 8 10 0.0108779
64 4 8 10 4 0.0291602
64 8 10 4 4 4.26953e-05
64 10 4 4 8 0.00340465
64 4 9 9 12 0.00475668
64 9 9 12 4 0.0039845
64 9 12 4 9 1.97365e-45
64 12 4 9 9 0.00827266
64 4 7 4 8 1.07077e-45
64 4 8 4 7 3.99761e-47
64 7 4 8 4 0.0107252
64 8 4 7 4 9.78585e-48
64 4 4 8 9 0.0163614
64 4 8 9 4 0.0152794
64 8 9 4 4 0.0143468
64 9 4 4 8 0.00588871
64 4 11 7 7 3.75947e-92
64 7 4 11 7 1.86449e-47
64 7 7 4 11 2.53584e-45
64 11 7 7 4 1.37693e-90
64 5 8 9 6 0.0185773
64 6 5 8 9 2.23458e-45
64 8 9 6 5 0.000423259
64 9 6 5 8 0.0105921
64 7 8 12 10 0.00318159
64 8 12 10 7 4.19926e-91
64 10 7 8 12 9.53722e-46
64 12 10 7 8 1.2308e-50
64 4 5 6 7 1.76495e-91
64 5 6 7 4 4.10781e-47
64 6 7 4 5 6.75814e-46
64 7 4 5 6 0.00519367
64 4 12 10 5 2.95384e-46
64 5 4 12 10 0.0030697
64 10 5 4 12 1.3145e-45
64 12 10 5 4 4.412e-05
65 4 6 8 7 1.17342e-47
65 6 8 7 4 8.23251e-93
65 7 4 6 8 1.33205e-48
65 8 7 4 6 2.0355e-47
65 8 10 12 12 6.80641e-48
65 10 12 12 8 2.97048e-48
65 12 8 10 12 4.53995e-48
65 12 12 8 10 7.89944e-48
65 6 9 9 12 5.71922e-48
65 9 9 12 6 0.0560425
65 9 12 6 9 0.00677886
65 12 6 9 9 4.17952e-48
65 6 7 7 12 1.72766e-94
65 7 7 12 6 1.40523e-49
65 7 12 6 7 2.18149e-50
65 12 6 7 7 1.62037e-94
65 6 10 12 10 8.62355e-48
65 10 6 10 12 7.65156e-48
65 10 12 10 6 6.25505e-48
65 12 10 6 10 2.35351e-48
65 8 10 11 11 1.35149e-47
65 10 11 11 8 1.29629e-47
65 11 8 10 11 2.96559e-48
65 11 11 8 10 1.13407e-47
65 4 12 4 12 1.74834e-47
65 12 4 12 4 5.81093e-48
65 4 5 5 6 9.5016e-48
65 5 5 6 4 1.65285e-48
65 5 6 4 5 5.14424e-47
65 6 4 5 5 1.62688e-47
65 8 8 9 11 2.32274e-48
65 8 9 11 8 1.33899e-47
65 9 11 8 8 0.0687102
65 11 8 8 9 7.45626e-48
65 4 4 11 10 1.22475e-47
65 4 11 10 4 3.84218e-48
65 10 4 4 11 6.40884e-48
65 11 10 4 4 2.09982e-47
65 4 4 5 6 8.66349e-48
65 4 5 6 4 5.11661e-49
65 5 6 4 4 2.21058e-47
65 6 4 4 5 1.2768e-47
65 8 9 8 9 2.22529e-47
65 9 8 9 8 0.0931847
65 4 10 8 6 1.79554e-47
65 6 4 10 8 3.57078e-48
65 8 6 4 10 1.55965e-47
65 10 8 6 4 1.08216e-48
65 6 12 10 12 4.56378e-48
65 10 12 6 12 1.17045e-48
65 12 6 12 10 5.65848e-48
65 12 10 12 6 9.12883e-48
65 5 11 9 6 1.16467e-47
65 6 5 11 9 7.51771e-48
65 9 6 5 11 0.0692669
65 11 9 6 5 2.28995e-48
65 4 11 6 7 1.39216e-48
65 6 7 4 11 1.12805e-47
65 7 4 11 6 3.00845e-47
65 11 6 7 4 1.42182e-92
65 4 9 10 12 5.21688e-48
65 9 10 12 4 0.0566759
65 10 12 4 9 8.09674e-48
65 12 4 9 10 4.13561e-48
65 6 10 12 7 7.15905e-48
65 7 6 10 12 8.76346e-48
65 10 12 7 6 9.60945e-93
65 12 7 6 10 1.49914e-48
65 7 10 10 12 7.18906e-48
65 10 10 12 7 4.54927e-48
65 10 12 7 10 4.8863e-93
65 12 7 10 10 3.71449e-48
65 5 12 10 11 2.21589e-50
65 10 11 5 12 5.79389e-50
65 11 5 12 10 1.62441e-50
65 12 10 11 5 1.70118e-49
65 7 12 8 8 9.05383e-48
65 8 7 12 8 4.03071e-48
65 8 8 7 12 8.10377e-93
65 12 8 8 7 8.75643e-48
65 4 9 8 7 9.88652e-48
65 7 4 9 8 4.65728e-48
65 8 7 4 9 1.0795e-47
65 9 8 7 4 6.63016e-47
65 4 10 10 10 4.79414e-48
65 10 4 10 10 2.97751e-48
65 10 10 4 10 1.446e-47
65 10 10 10 4 4.83461e-48
65 6 12 11 8 1.10147e-47
65 8 6 12 11 2.9611e-48
65 11 8 6 12 1.42034e-48
65 12 11 8 6 1.21851e-47
65 4 7 8 9 7.39891e-50
65 7 8 9 4 5.28596e-50
65 8 9 4 7 1.3307e-49
65 9 4 7 8 5.3891e-49
65 7 10 11 10 2.7119e-47
65 10 7 10 11 2.61666e-48
65 10 11 10 7 3.79786e-48
65 11 10 7 10 1.27345e-92
65 4 12 11 9 7.80565e-48
65 9 4 12 11 0.0176084
65 11 9 4 12 1.60174e-47
65 12 11 9 4 3.77248e-48
65 9 11 12 10 0.000305491
65 10 9 11 12 1.46771e-49
65 11 12 10 9 2.64391e-50
65 12 10 9 11 3.25011e-50
65 4 9 6 12 1.92784e-48
65 6 12 4 9 1.16665e-47
65 9 6 12 4 0.0632585
65 12 4 9 6 7.44689e-48
65 8 8 10 12 7.90482e-48
65 8 10 12 8 9.48259e-48
65 10 12 8 8 1.18462e-47
65 12 8 8 10 1.58063e-47
65 8 9 9 10 4.72036e-50
65 9 9 10 8 0.000365147
65 9 10 8 9 0.000926644
65 10 8 9 9 3.00458e-50
65 8 10 10 12 6.49568e-48
65 10 10 12 8 4.88419e-48
65 10 12 8 10 7.0844e-48
65 12 8 10 10 3.78254e-48
65 5 10 12 8 5.7937e-48
65 8 5 10 12 1.62474e-48
65 10 12 8 5 6.10494e-48
65 12 8 5 10 5.33809e-48
65 6 9 8 10 1.24109e-47
65 8 10 6 9 1.50174e-48
65 9 8 10 6 0.0557363
65 10 6 9 8 5.28545e-48
65 5 11 9 10 6.44854e-48
65 9 10 5 11 0.061873
65 10 5 11 9 5.20176e-48
65 11 9 10 5 6.17818e-48
65 6 9 9 8 5.15932e-48
65 8 6 9 9 4.7121e-48
65 9 8 6 9 0.0087829
65 9 9 8 6 0.144716
65 5 7 12 7 3.46676e-48
65 7 5 7 12 2.78606e-93
65 7 12 7 5 4.8638e-93
65 12 7 5 7 4.38897e-48
65 6 7 12 10 6.39764e-48
65 7 12 10 6 8.34378e-48
65 10 6 7 12 1.36906e-92
65 12 10 6 7 2.27557e-48
65 4 4 8 10 7.88682e-48
65 4 8 10 4 3.72933e-48
65 8 10 4 4 1.79455e-47
65 10 4 4 8 9.51898e-48
65 4 9 9 12 5.23694e-48
65 9 9 12 4 0.04141
65 9 12 4 9 0.0730007
65 12 4 9 9 3.06846e-48
65 4 7 4 8 8.537e-48
65 4 8 4 7 8.09728e-48
65 7 4 8 4 7.96545e-48
65 8 4 7 4 4.96409e-93
65 4 4 8 9 5.34735e-48
65 4 8 9 4 3.421e-48
65 8 9 4 4 1.19817e-47
65 9 4 4 8 0.0784264
65 4 11 7 7 8.94199e-93
65 7 4 11 7 2.14296e-47
65 7 7 4 11 1.38535e-47
65 11 7 7 4 1.25368e-92
65 5 8 9 6 1.131e-47
65 6 5 8 9 4.84338e-48
65 8 9 6 5 1.95799e-48
65 9 6 5 8 0.102931
65 7 8 12 10 3.45333e-48
65 8 12 10 7 2.31787e-48
65 10 7 8 12 7.55429e-48
65 12 10 7 8 6.77313e-93
65 4 5 6 7 4.31528e-49
65 5 6 7 4 1.15352e-92
65 6 7 4 5 1.34158e-47
65 7 4 5 6 1.01655e-47
65 4 12 10 5 1.98609e-48
65 5 4 12 10 2.92542e-48
65 10 5 4 12 3.43141e-48
65 12 10 5 4 6.0136e-48
66 4 6 8 7 1.1957e-45
66 6 8 7 4 3.03746e-48
66 7 4 6 8 0.000280666
66 8 7 4 6 0.0340896
66 8 10 12 12 0.00564315
66 10 12 12 8 0.000979563
66 12 8 10 12 0.0117501
66 12 12 8 10 0.0124444
66 6 9 9 12 0.000715559
66 9 9 12 6 0.00676605
66 9 12 6 9 0.00224054
66 12 6 9 9 0.00975211
66 6 7 7 12 2.9911e-50
66 7 7 12 6 3.08514e-05
66 7 12 6 7 1.2951e-48
66 12 6 7 7 5.1677e-92
66 6 10 12 10 0.00118825
66 10 6 10 12 0.000657549
66 10 12 10 6 0.001952
66 12 10 6 10 0.00238269
66 8 10 11 11 0.025028
66 10 11 11 8 0.00643154
66 11 8 10 11 0.00509381
66 11 11 8 10 0.00798643
66 4 12 4 12 0.014091
66 12 4 12 4 0.00647618
66 4 5 5 6 0.0430513
66 5 5 6 4 0.000923967
66 5 6 4 5 1.33524e-45
66 6 4 5 5 6.94753e-46
66 8 8 9 11 0.00540077
66 8 9 11 8 0.0292763
66 9 11 8 8 0.0185474
66 11 8 8 9 0.0173828
66 4 4 11 10 0.00479889
66 4 11 10 4 0.0044966
66 10 4 4 11 0.00102443
66 11 10 4 4 0.0110424
66 4 4 5 6 0.00759549
66 4 5 6 4 0.00107833
66 5 6 4 4 0.00262837
66 6 4 4 5 4.55648e-46
66 8 9 8 9 0.0539087
66 9 8 9 8 0.0200067
66 4 10 8 6 0.0131091
66 6 4 10 8 0.00114403
66 8 6 4 10 0.0102013
66 10 8 6 4 0.000213949
66 6 12 10 12 0.00133926
66 10 12 6 12 0.000175141
66 12 6 12 10 0.00476915
66 12 10 12 6 0.0192862
66 5 11 9 6 0.00394973
66 6 5 11 9 0.0190546
66 9 6 5 11 0.00913362
66 11 9 6 5 2.36728e-46
66 4 11 6 7 3.81203e-46
66 6 7 4 11 0.00370483
66 7 4 11 6 0.00650772
66 11 6 7 4 5.94408e-48
66 4 9 10 12 0.00267768
66 9 10 12 4 0.00422945
66 10 12 4 9 0.00426722
66 12 4 9 10 0.00281149
66 6 10 12 7 3.45112e-46
66 7 6 10 12 0.000971303
66 10 12 7 6 2.85365e-48
66 12 7 6 10 0.00155033
66 7 10 10 12 0.000981193
66 10 10 12 7 1.30297e-46
66 10 12 7 10 7.12845e-49
66 12 7 10 10 0.00447586
66 5 12 10 11 9.05008e-06
66 10 11 5 12 1.46988e-05
66 11 5 12 10 2.60547e-05
66 12 10 11 5 5.94929e-47
66 7 12 8 8 0.00354752
66 8 7 12 8 0.00733829
66 8 8 7 12 1.40192e-47
66 12 8 8 7 5.65085e-45
66 4 9 8 7 1.26528e-45
66 7 4 9 8 0.000787489
66 8 7 4 9 0.0314098
66 9 8 7 4 1.03238e-47
66 4 10 10 10 0.00212139
66 10 4 10 10 0.00023183
66 10 10 4 10 0.00130791
66 10 10 10 4 0.000577301
66 6 12 11 8 0.00735316
66 8 6 12 11 0.00370238
66 11 8 6 12 0.00112746
66 12 11 8 6 0.0488782
66 4 7 8 9 9.58666e-05
66 7 8 9 4 1.08165e-05
66 8 9 4 7 3.82446e-47
66 9 4 7 8 6.93398e-50
66 7 10 11 10 0.00344405
66 10 7 10 11 0.000525272
66 10 11 10 7 2.54804e-46
66 11 10 7 10 5.10855e-48
66 4 12 11 9 0.0212974
66 9 4 12 11 0.00180957
66 11 9 4 12 0.00761354
66 12 11 9 4 0.00810618
66 9 11 12 10 3.66122e-05
66 10 9 11 12 1.67638e-05
66 11 12 10 9 6.49439e-05
66 12 10 9 11 5.57682e-05
66 4 9 6 12 0.000849225
66 6 12 4 9 0.0103487
66 9 6 12 4 0.00383355
66 12 4 9 6 0.0103053
66 8 8 10 12 0.0143706
66 8 10 12 8 0.016901
66 10 12 8 8 0.0035989
66 12 8 8 10 0.0291564
66 8 9 9 10 2.74747e-05
66 9 9 10 8 6.01797e-05
66 9 10 8 9 0.000175565
66 10 8 9 9 1.31371e-05
66 8 10 10 12 0.00612114
66 10 10 12 8 0.000977577
66 10 12 8 10 0.00088033
66 12 8 10 10 0.00860807
66 5 10 12 8 0.00146273
66 8 5 10 12 0.00662094
66 10 12 8 5 2.12525e-46
66 12 8 5 10 0.0141309
66 6 9 8 10 0.00160686
66 8 10 6 9 0.00377676
66 9 8 10 6 0.0144665
66 10 6 9 8 0.000672493
66 5 11 9 10 0.00107433
66 9 10 5 11 0.0100466
66 10 5 11 9 0.00783345
66 11 9 10 5 7.44185e-46
66 6 9 9 8 0.00138766
66 8 6 9 9 0.00772288
66 9 8 6 9 0.00339907
66 9 9 8 6 0.0160961
66 5 7 12 7 1.27937e-46
66 7 5 7 12 1.56478e-48
66 7 12 7 5 2.56376e-91
66 12 7 5 7 2.15221e-45
66 6 7 12 10 0.000900469
66 7 12 10 6 0.00335825
66 10 6 7 12 1.11958e-48
66 12 10 6 7 8.05985e-46
66 4 4 8 10 0.00236698
66 4 8 10 4 0.00408547
66 8 10 4 4 0.0185489
66 10 4 4 8 0.00176136
66 4 9 9 12 0.00185128
66 9 9 12 4 0.00315182
66 9 12 4 9 0.0273282
66 12 4 9 9 0.00737731
66 4 7 4 8 0.00917035
66 4 8 4 7 2.35071e-45
66 7 4 8 4 0.000832022
66 8 4 7 4 4.20302e-48
66 4 4 8 9 0.0056756
66 4 8 9 4 0.00258113
66 8 9 4 4 0.0126313
66 9 4 4 8 0.0103079
66 4 11 7 7 2.71488e-90
66 7 4 11 7 7.96701e-46
66 7 7 4 11 0.00348651
66 11 7 7 4 6.59265e-48
66 5 8 9 6 0.00359034
66 6 5 8 9 0.00940293
66 8 9 6 5 3.97844e-46
66 9 6 5 8 0.0157115
66 7 8 12 10 0.000703435
66 8 12 10 7 1.10703e-45
66 10 7 8 12 0.000661887
66 12 10 7 8 1.85882e-47
66 4 5 6 7 2.47934e-46
66 5 6 7 4 1.34265e-48
66 6 7 4 5 5.84452e-46
66 7 4 5 6 0.0024171
66 4 12 10 5 4.05643e-46
66 5 4 12 10 0.000252784
66 10 5 4 12 0.00152643
66 12 10 5 4 0.0105894
67 4 6 8 7 0.022595
67 6 8 7 4 2.78665e-48
67 7 4 6 8 0.00101152
67 8 7 4 6 0.0123557
67 8 10 12 12 0.00214786
67 10 12 12 8 0.00758205
67 12 8 10 12 0.00141916
67 12 12 8 10 0.00684303
67 6 9 9 12 0.00215657
67 9 9 12 6 0.00206029
67 9 12 6 9 0.000793369
67 12 6 9 9 0.00817313
67 6 7 7 12 1.6018e-49
67 7 7 12 6 0.000138317
67 7 12 6 7 4.15327e-05
67 12 6 7 7 4.73371e-49
67 6 10 12 10 0.00453301
67 10 6 10 12 0.0344553
67 10 12 10 6 0.0103137
67 12 10 6 10 0.00101498
67 8 10 11 11 0.00558228
67 10 11 11 8 0.00616495
67 11 8 10 11 0.00104509
67 11 11 8 10 0.00157655
67 4 12 4 12 0.010198
67 12 4 12 4 0.00341765
67 4 5 5 6 0.000785054
67 5 5 6 4 9.87403e-05
67 5 6 4 5 0.0376976
67 6 4 5 5 0.0102059
67 8 8 9 11 0.000521318
67 8 9 11 8 0.00724498
67 9 11 8 8 0.00102282
67 11 8 8 9 0.00268817
67 4 4 11 10 0.00520985
67 4 11 10 4 0.000606463
67 10 4 4 11 0.0123525
67 11 10 4 4 0.00720677
67 4 4 5 6 0.00246265
67 4 5 6 4 5.61018e-05
67 5 6 4 4 0.0171013
67 6 4 4 5 0.00770713
67 8 9 8 9 0.0179201
67 9 8 9 8 0.00180018
67 4 10 8 6 0.0030247
67 6 4 10 8 0.00256254
67 8 6 4 10 0.0286514
67 10 8 6 4 0.000843047
67 6 12 10 12 0.00413519
67 10 12 6 12 0.00207436
67 12 6 12 10 0.0119778
67 12 10 12 6 0.00251598
67 5 11 9 6 0.000354156
67 6 5 11 9 0.00200632
67 9 6 5 11 0.0148884
67 11 9 6 5 0.000985538
67 4 11 6 7 0.000291735
67 6 7 4 11 0.0170092
67 7 4 11 6 0.013684
67 11 6 7 4 1.9054e-47
67 4 9 10 12 0.00238791
67 9 10 12 4 0.00217074
67 10 12 4 9 0.0332404
67 12 4 9 10 0.00168151
67 6 10 12 7 0.0056007
67 7 6 10 12 0.0213485
67 10 12 7 6 1.34658e-47
67 12 7 6 10 0.00164077
67 7 10 10 12 0.00408586
67 10 10 12 7 0.00869793
67 10 12 7 10 1.22694e-47
67 12 7 10 10 0.00507965
67 5 12 10 11 1.11832e-05
67 10 11 5 12 2.62339e-05
67 11 5 12 10 2.35529e-06
67 12 10 11 5 6.30825e-05
67 7 12 8 8 0.0104039
67 8 7 12 8 0.00405981
67 8 8 7 12 1.83543e-48
67 12 8 8 7 0.00414548
67 4 9 8 7 0.00685359
67 7 4 9 8 0.00251193
67 8 7 4 9 0.0174881
67 9 8 7 4 1.82262e-48
67 4 10 10 10 0.00189739
67 10 4 10 10 0.00554
67 10 10 4 10 0.0189093
67 10 10 10 4 0.00608005
67 6 12 11 8 0.0101637
67 8 6 12 11 0.00593373
67 11 8 6 12 0.000270397
67 12 11 8 6 0.00124233
67 4 7 8 9 8.44196e-05
67 7 8 9 4 1.58231e-05
67 8 9 4 7 0.000130979
67 9 4 7 8 2.6693e-50
67 7 10 11 10 0.0166515
67 10 7 10 11 0.0103358
67 10 11 10 7 0.00352191
67 11 10 7 10 4.43769e-48
67 4 12 11 9 0.00785306
67 9 4 12 11 0.00110793
67 11 9 4 12 0.00708642
67 12 11 9 4 0.000460862
67 9 11 12 10 5.79717e-06
67 10 9 11 12 0.000192661
67 11 12 10 9 3.40349e-05
67 12 10 9 11 1.10544e-05
67 4 9 6 12 0.000706235
67 6 12 4 9 0.0195979
67 9 6 12 4 0.0103851
67 12 4 9 6 0.00168978
67 8 8 10 12 0.00210666
67 8 10 12 8 0.00376346
67 10 12 8 8 0.0251628
67 12 8 8 10 0.00502796
67 8 9 9 10 1.9022e-05
67 9 9 10 8 2.47398e-05
67 9 10 8 9 4.90314e-05
67 10 8 9 9 2.75992e-05
67 8 10 10 12 0.00223657
67 10 10 12 8 0.00591452
67 10 12 8 10 0.0159641
67 12 8 10 10 0.0015776
67 5 10 12 8 0.00107928
67 8 5 10 12 0.000215841
67 10 12 8 5 0.0116917
67 12 8 5 10 0.0021586
67 6 9 8 10 0.00837755
67 8 10 6 9 0.000822387
67 9 8 10 6 0.00112142
67 10 6 9 8 0.0170159
67 5 11 9 10 0.000351367
67 9 10 5 11 0.00310272
67 10 5 11 9 0.00339275
67 11 9 10 5 0.00332228
67 6 9 9 8 0.00244676
67 8 6 9 9 0.00785596
67 9 8 6 9 0.000377456
67 9 9 8 6 0.00442741
67 5 7 12 7 0.00258771
67 7 5 7 12 5.19208e-49
67 7 12 7 5 5.6151e-48
67 12 7 5 7 0.00866077
67 6 7 12 10 0.00853461
67 7 12 10 6 0.00744276
67 10 6 7 12 5.23936e-47
67 12 10 6 7 0.00146056
67 4 4 8 10 0.00316004
67 4 8 10 4 0.00102496
67 8 10 4 4 0.00690051
67 10 4 4 8 0.0155751
67 4 9 9 12 0.00136263
67 9 9 12 4 0.00244743
67 9 12 4 9 0.00995909
67 12 4 9 9 0.00185823
67 4 7 4 8 0.0075405
67 4 8 4 7 0.00344398
67 7 4 8 4 0.00548639
67 8 4 7 4 2.30815e-48
67 4 4 8 9 0.00319115
67 4 8 9 4 0.000534467
67 8 9 4 4 0.00710948
67 9 4 4 8 0.00426422
67 4 11 7 7 1.9898e-48
67 7 4 11 7 0.0259942
67 7 7 4 11 0.0276177
67 11 7 7 4 9.9475e-48
67 5 8 9 6 0.000598833
67 6 5 8 9 0.00121752
67 8 9 6 5 0.000944113
67 9 6 5 8 0.0187817
67 7 8 12 10 0.00185761
67 8 12 10 7 0.00334042
67 10 7 8 12 0.0153614
67 12 10 7 8 2.9238e-48
67 4 5 6 7 7.84882e-05
67 5 6 7 4 8.12925e-48
67 6 7 4 5 0.0154829
67 7 4 5 6 0.00553651
67 4 12 10 5 0.0014081
67 5 4 12 10 0.000767406
67 10 5 4 12 0.00129758
67 12 10 5 4 0.0028188
68 4 6 8 7 3.59996e-45
68 6 8 7 4 4.73896e-48
68 7 4 6 8 2.84121e-46
68 8 7 4 6 0.00102561
68 8 10 12 12 0.00161098
68 10 12 12 8 0.00027811
68 12 8 10 12 0.00952665
68 12 12 8 10 0.00328921
68 6 9 9 12 0.00553518
68 9 9 12 6 8.55775e-46
68 9 12 6 9 2.04205e-47
68 12 6 9 9 3.26899e-46
68 6 7 7 12 4.43457e-50
68 7 7 12 6 4.03697e-05
68 7 12 6 7 1.29411e-05
68 12 6 7 7 3.51838e-92
68 6 10 12 10 0.00313064
68 10 6 10 12 5.40441e-46
68 10 12 10 6 0.00056084
68 12 10 6 10 0.00268515
68 8 10 11 11 0.0030051
68 10 11 11 8 0.00956444
68 11 8 10 11 2.34105e-46
68 11 11 8 10 1.49017e-45
68 4 12 4 12 0.0266459
68 12 4 12 4 2.95414e-45
68 4 5 5 6 0.208403
68 5 5 6 4 0.00629103
68 5 6 4 5 2.33292e-45
68 6 4 5 5 3.46184e-45
68 8 8 9 11 0.000308384
68 8 9 11 8 0.00544334
68 9 11 8 8 1.02471e-45
68 11 8 8 9 2.64957e-46
68 4 4 11 10 9.96664e-45
68 4 11 10 4 0.0435435
68 10 4 4 11 7.70071e-46
68 11 10 4 4 1.84999e-45
68 4 4 5 6 4.6411e-45
68 4 5 6 4 0.0192536
68 5 6 4 4 1.06687e-45
68 6 4 4 5 2.07145e-45
68 8 9 8 9 0.00691377
68 9 8 9 8 4.16489e-46
68 4 10 8 6 0.0169787
68 6 4 10 8 3.13699e-46
68 8 6 4 10 4.08855e-46
68 10 8 6 4 0.000495633
68 6 12 10 12 0.00118689
68 10 12 6 12 0.000213717
68 12 6 12 10 9.06892e-46
68 12 10 12 6 0.00573542
68 5 11 9 6 0.00271765
68 6 5 11 9 0.0296857
68 9 6 5 11 1.43408e-88
68 11 9 6 5 4.82638e-46
68 4 11 6 7 0.0113418
68 6 7 4 11 0.00245011
68 7 4 11 6 6.27565e-45
68 11 6 7 4 1.58479e-133
68 4 9 10 12 0.0586766
68 9 10 12 4 7.64941e-46
68 10 12 4 9 0.00096388
68 12 4 9 10 9.87589e-46
68 6 10 12 7 0.00330548
68 7 6 10 12 2.14047e-45
68 10 12 7 6 7.60304e-49
68 12 7 6 10 0.000838628
68 7 10 10 12 0.0131585
68 10 10 12 7 0.00187404
68 10 12 7 10 7.39049e-49
68 12 7 10 10 0.0026405
68 5 12 10 11 2.94423e-06
68 10 11 5 12 0.000110447
68 11 5 12 10 1.1388e-47
68 12 10 11 5 0.00031302
68 7 12 8 8 0.0023182
68 8 7 12 8 0.00022784
68 8 8 7 12 2.18444e-48
68 12 8 8 7 0.0113096
68 4 9 8 7 0.068443
68 7 4 9 8 6.83898e-46
68 8 7 4 9 0.000775879
68 9 8 7 4 1.01914e-90
68 4 10 10 10 0.0132279
68 10 4 10 10 3.53936e-46
68 10 10 4 10 0.00526231
68 10 10 10 4 0.00263178
68 6 12 11 8 0.00135356
68 8 6 12 11 7.5029e-47
68 11 8 6 12 1.09984e-46
68 12 11 8 6 0.0178614
68 4 7 8 9 4.8934e-05
68 7 8 9 4 5.76372e-05
68 8 9 4 7 0.000100114
68 9 4 7 8 1.11559e-135
68 7 10 11 10 0.0355702
68 10 7 10 11 0.000544779
68 10 11 10 7 0.00557157
68 11 10 7 10 7.63983e-91
68 4 12 11 9 0.0068345
68 9 4 12 11 5.63598e-89
68 11 9 4 12 4.13173e-45
68 12 11 9 4 0.0121709
68 9 11 12 10 8.73668e-48
68 10 9 11 12 0.00022693
68 11 12 10 9 5.87995e-49
68 12 10 9 11 2.77245e-05
68 4 9 6 12 0.0170634
68 6 12 4 9 0.00155667
68 9 6 12 4 1.13933e-88
68 12 4 9 6 9.30267e-46
68 8 8 10 12 0.00241471
68 8 10 12 8 0.00109321
68 10 12 8 8 0.000877127
68 12 8 8 10 0.0160516
68 8 9 9 10 1.62529e-05
68 9 9 10 8 8.48419e-48
68 9 10 8 9 5.30113e-48
68 10 8 9 9 5.07763e-06
68 8 10 10 12 0.00185591
68 10 10 12 8 0.00104312
68 10 12 8 10 0.000795516
68 12 8 10 10 0.00586326
68 5 10 12 8 0.000883228
68 8 5 10 12 0.00577832
68 10 12 8 5 0.000896854
68 12 8 5 10 0.0101015
68 6 9 8 10 0.0107296
68 8 10 6 9 0.000186118
68 9 8 10 6 3.64788e-46
68 10 6 9 8 9.85142e-47
68 5 11 9 10 0.00287646
68 9 10 5 11 9.59947e-46
68 10 5 11 9 0.0183261
68 11 9 10 5 1.65469e-45
68 6 9 9 8 0.00243215
68 8 6 9 9 5.3652e-47
68 9 8 6 9 6.4527e-47
68 9 9 8 6 1.74764e-45
68 5 7 12 7 0.000499815
68 7 5 7 12 5.60131e-47
68 7 12 7 5 3.32811e-48
68 12 7 5 7 0.00484425
68 6 7 12 10 0.00113878
68 7 12 10 6 0.00258706
68 10 6 7 12 8.53302e-91
68 12 10 6 7 0.00330199
68 4 4 8 10 4.33434e-45
68 4 8 10 4 0.0153171
68 8 10 4 4 0.00490819
68 10 4 4 8 6.94452e-46
68 4 9 9 12 0.0319115
68 9 9 12 4 1.68296e-45
68 9 12 4 9 2.60101e-46
68 12 4 9 9 5.46783e-46
68 4 7 4 8 0.00708825
68 4 8 4 7 0.0282772
68 7 4 8 4 2.98657e-45
68 8 4 7 4 3.91335e-91
68 4 4 8 9 2.19289e-45
68 4 8 9 4 0.00761224
68 8 9 4 4 0.00986787
68 9 4 4 8 1.71244e-88
68 4 11 7 7 8.16901e-47
68 7 4 11 7 1.08684e-44
68 7 7 4 11 0.0092835
68 11 7 7 4 5.13437e-91
68 5 8 9 6 0.000956436
68 6 5 8 9 0.0129161
68 8 9 6 5 0.0012811
68 9 6 5 8 1.29388e-88
68 7 8 12 10 0.00413542
68 8 12 10 7 0.000272752
68 10 7 8 12 0.00128439
68 12 10 7 8 5.71374e-48
68 4 5 6 7 0.0148336
68 5 6 7 4 5.27798e-91
68 6 7 4 5 0.00351021
68 7 4 5 6 2.66855e-45
68 4 12 10 5 0.00314284
68 5 4 12 10 2.05625e-46
68 10 5 4 12 0.0210427
68 12 10 5 4 0.0148189
69 4 6 8 7 7.6229e-48
69 6 8 7 4 2.2776e-46
69 7 4 6 8 6.86995e-49
69 8 7 4 6 1.40344e-47
69 8 10 12 12 4.23311e-48
69 10 12 12 8 1.91377e-48
69 12 8 10 12 1.01757e-47
69 12 12 8 10 3.1992e-48
69 6 9 9 12 0.0209506
69 9 9 12 6 1.88346e-48
69 9 12 6 9 2.62314e-49
69 12 6 9 9 1.13257e-48
69 6 7 7 12 2.31707e-48
69 7 7 12 6 8.51428e-50
69 7 12 6 7 1.13504e-50
69 12 6 7 7 1.19896e-94
69 6 10 12 10 0.0325251
69 10 6 10 12 7.09131e-48
69 10 12 10 6 2.07545e-48
69 12 10 6 10 8.20909e-49
69 8 10 11 11 5.80329e-48
69 10 11 11 8 8.80957e-48
69 11 8 10 11 4.16882e-48
69 11 11 8 10 4.4009e-48
69 4 12 4 12 1.37516e-47
69 12 4 12 4 5.47973e-48
69 4 5 5 6 1.09325e-47
69 5 5 6 4 4.8903e-48
69 5 6 4 5 4.08371e-47
69 6 4 5 5 0.0937219
69 8 8 9 11 1.57708e-48
69 8 9 11 8 1.00116e-47
69 9 11 8 8 4.09819e-48
69 11 8 8 9 8.08252e-48
69 4 4 11 10 5.68423e-48
69 4 11 10 4 4.17445e-48
69 10 4 4 11 2.94989e-48
69 11 10 4 4 2.17292e-47
69 4 4 5 6 2.72575e-48
69 4 5 6 4 1.51385e-48
69 5 6 4 4 3.03838e-47
69 6 4 4 5 0.0734122
69 8 9 8 9 8.79824e-48
69 9 8 9 8 1.01357e-47
69 4 10 8 6 4.28267e-48
69 6 4 10 8 0.0223414
69 8 6 4 10 9.58388e-48
69 10 8 6 4 2.71207e-48
69 6 12 10 12 0.0328325
69 10 12 6 12 6.94095e-49
69 12 6 12 10 3.05558e-48
69 12 10 12 6 2.42925e-48
69 5 11 9 6 1.78851e-48
69 6 5 11 9 0.109619
69 9 6 5 11 4.41045e-48
69 11 9 6 5 1.20897e-48
69 4 11 6 7 6.94068e-49
69 6 7 4 11 0.105764
69 7 4 11 6 9.1391e-48
69 11 6 7 4 1.75324e-92
69 4 9 10 12 4.26489e-48
69 9 10 12 4 5.55553e-48
69 10 12 4 9 3.85522e-48
69 12 4 9 10 9.44809e-49
69 6 10 12 7 0.0362411
69 7 6 10 12 8.1218e-48
69 10 12 7 6 2.90136e-93
69 12 7 6 10 1.1906e-48
69 7 10 10 12 5.0162e-48
69 10 10 12 7 2.48241e-48
69 10 12 7 10 2.25396e-93
69 12 7 10 10 3.85766e-48
69 5 12 10 11 1.07772e-50
69 10 11 5 12 4.37517e-50
69 11 5 12 10 2.50448e-50
69 12 10 11 5 9.83601e-50
69 7 12 8 8 5.22828e-48
69 8 7 12 8 5.32018e-48
69 8 8 7 12 1.6528e-92
69 12 8 8 7 1.37572e-47
69 4 9 8 7 5.66542e-48
69 7 4 9 8 1.51711e-48
69 8 7 4 9 1.05303e-47
69 9 8 7 4 2.13129e-92
69 4 10 10 10 2.18671e-48
69 10 4 10 10 1.40834e-48
69 10 10 4 10 6.68976e-48
69 10 10 10 4 4.93245e-48
69 6 12 11 8 0.0724738
69 8 6 12 11 1.53412e-48
69 11 8 6 12 2.43447e-48
69 12 11 8 6 3.09506e-48
69 4 7 8 9 5.68497e-50
69 7 8 9 4 8.3673e-50
69 8 9 4 7 9.68121e-50
69 9 4 7 8 3.565e-95
69 7 10 11 10 1.21374e-47
69 10 7 10 11 2.60726e-48
69 10 11 10 7 2.47601e-48
69 11 10 7 10 5.28547e-93
69 4 12 11 9 3.59548e-48
69 9 4 12 11 7.67735e-49
69 11 9 4 12 1.32816e-47
69 12 11 9 4 1.9797e-48
69 9 11 12 10 1.42569e-50
69 10 9 11 12 1.17735e-49
69 11 12 10 9 1.24115e-50
69 12 10 9 11 6.86978e-51
69 4 9 6 12 1.20522e-48
69 6 12 4 9 0.0515339
69 9 6 12 4 8.23607e-48
69 12 4 9 6 1.11357e-48
69 8 8 10 12 1.77176e-47
69 8 10 12 8 5.49702e-48
69 10 12 8 8 6.84079e-48
69 12 8 8 10 1.85021e-47
69 8 9 9 10 1.21843e-50
69 9 9 10 8 2.99924e-50
69 9 10 8 9 3.37067e-50
69 10 8 9 9 1.96906e-50
69 8 10 10 12 4.53239e-48
69 10 10 12 8 2.83135e-48
69 10 12 8 10 2.86912e-48
69 12 8 10 10 5.54209e-48
69 5 10 12 8 3.35859e-48
69 8 5 10 12 4.2992e-48
69 10 12 8 5 3.19408e-48
69 12 8 5 10 7.94837e-48
69 6 9 8 10 0.0491576
69 8 10 6 9 4.85073e-49
69 9 8 10 6 5.76172e-48
69 10 6 9 8 2.2053e-48
69 5 11 9 10 1.51291e-48
69 9 10 5 11 2.96608e-48
69 10 5 11 9 8.17591e-48
69 11 9 10 5 4.26534e-48
69 6 9 9 8 0.0176162
69 8 6 9 9 1.27689e-48
69 9 8 6 9 9.82309e-49
69 9 9 8 6 4.35932e-48
69 5 7 12 7 4.30726e-48
69 7 5 7 12 6.70836e-93
69 7 12 7 5 2.89841e-93
69 12 7 5 7 6.21731e-48
69 6 7 12 10 0.054941
69 7 12 10 6 2.7685e-48
69 10 6 7 12 1.15457e-92
69 12 10 6 7 1.06533e-48
69 4 4 8 10 2.98028e-48
69 4 8 10 4 1.2222e-47
69 8 10 4 4 1.85703e-47
69 10 4 4 8 6.51157e-48
69 4 9 9 12 2.06788e-48
69 9 9 12 4 4.75583e-48
69 9 12 4 9 3.74674e-48
69 12 4 9 9 6.49172e-49
69 4 7 4 8 1.28225e-47
69 4 8 4 7 1.61511e-47
69 7 4 8 4 6.73264e-48
69 8 4 7 4 4.77897e-93
69 4 4 8 9 1.87123e-48
69 4 8 9 4 5.4152e-48
69 8 9 4 4 1.45269e-47
69 9 4 4 8 5.78289e-48
69 4 11 7 7 5.3048e-93
69 7 4 11 7 1.3349e-47
69 7 7 4 11 1.4001e-47
69 11 7 7 4 2.65005e-92
69 5 8 9 6 5.23893e-48
69 6 5 8 9 0.0575015
69 8 9 6 5 1.03372e-48
69 9 6 5 8 9.74029e-48
69 7 8 12 10 4.50991e-48
69 8 12 10 7 1.57705e-48
69 10 7 8 12 9.58831e-48
69 12 10 7 8 4.00841e-93
69 4 5 6 7 7.66131e-49
69 5 6 7 4 1.42239e-92
69 6 7 4 5 0.169369
69 7 4 5 6 3.19831e-48
69 4 12 10 5 1.30065e-48
69 5 4 12 10 1.23333e-48
69 10 5 4 12 9.20955e-48
69 12 10 5 4 6.23502e-48
70 4 6 8 7 0.00166953
70 6 8 7 4 3.75292e-47
70 7 4 6 8 3.35854e-45
70 8 7 4 6 6.23139e-133
70 8 10 12 12 3.76736e-45
70 10 12 12 8 3.64152e-45
70 12 8 10 12 0.00484841
70 12 12 8 10 0.000380223
70 6 9 9 12 0.016261
70 9 9 12 6 2.43562e-46
70 9 12 6 9 0.000505469
70 12 6 9 9 0.000377563
70 6 7 7 12 4.40518e-94
70 7 7 12 6 5.47426e-92
70 7 12 6 7 0.00021655
70 12 6 7 7 1.94963e-50
70 6 10 12 10 0.00653637
70 10 6 10 12 0.00606005
70 10 12 10 6 1.86525e-45
70 12 10 6 10 0.000660017
70 8 10 11 11 1.47775e-88
70 10 11 11 8 1.1136e-44
70 11 8 10 11 2.24265e-48
70 11 11 8 10 1.37115e-05
70 4 12 4 12 0.0235656
70 12 4 12 4 0.0212551
70 4 5 5 6 2.41053e-45
70 5 5 6 4 0.00065819
70 5 6 4 5 0.000271123
70 6 4 5 5 0.0800489
70 8 8 9 11 2.76111e-88
70 8 9 11 8 3.19009e-88
70 9 11 8 8 3.47214e-46
70 11 8 8 9 1.3123e-05
70 4 4 11 10 0.00933063
70 4 11 10 4 0.0212463
70 10 4 4 11 4.67298e-45
70 11 10 4 4 6.23446e-05
70 4 4 5 6 1.87277e-45
70 4 5 6 4 0.0107682
70 5 6 4 4 0.00011815
70 6 4 4 5 0.072004
70 8 9 8 9 1.25198e-45
70 9 8 9 8 2.07053e-45
70 4 10 8 6 3.94807e-46
70 6 4 10 8 2.944e-45
70 8 6 4 10 2.68239e-46
70 10 8 6 4 0.0357439
70 6 12 10 12 0.0099014
70 10 12 6 12 0.0159875
70 12 6 12 10 0.00029793
70 12 10 12 6 3.88453e-46
70 5 11 9 6 1.17389e-46
70 6 5 11 9 0.0157646
70 9 6 5 11 2.70671e-47
70 11 9 6 5 3.08404e-05
70 4 11 6 7 0.0282586
70 6 7 4 11 1.86099e-90
70 7 4 11 6 6.61262e-45
70 11 6 7 4 1.34266e-50
70 4 9 10 12 0.00667067
70 9 10 12 4 0.00387563
70 10 12 4 9 0.0154827
70 12 4 9 10 0.00322505
70 6 10 12 7 0.0283771
70 7 6 10 12 0.00337134
70 10 12 7 6 2.48992e-90
70 12 7 6 10 9.25958e-49
70 7 10 10 12 0.00983663
70 10 10 12 7 0.0381252
70 10 12 7 10 5.57191e-48
70 12 7 10 10 7.70461e-49
70 5 12 10 11 5.38507e-50
70 10 11 5 12 0.000462443
70 11 5 12 10 1.59028e-07
70 12 10 11 5 3.59703e-05
70 7 12 8 8 8.50969e-46
70 8 7 12 8 6.60415e-133
70 8 8 7 12 6.35898e-90
70 12 8 8 7 0.00439134
70 4 9 8 7 0.0059364
70 7 4 9 8 7.09199e-45
70 8 7 4 9 2.75891e-90
70 9 8 7 4 6.42761e-48
70 4 10 10 10 0.00147806
70 10 4 10 10 0.0110482
70 10 10 4 10 0.0089513
70 10 10 10 4 0.0165293
70 6 12 11 8 1.72378e-45
70 8 6 12 11 3.37276e-89
70 11 8 6 12 4.37e-05
70 12 11 8 6 3.46016e-46
70 4 7 8 9 2.99136e-50
70 7 8 9 4 0.000512201
70 8 9 4 7 5.05099e-47
70 9 4 7 8 8.21034e-93
70 7 10 11 10 0.00569759
70 10 7 10 11 1.1882e-90
70 10 11 10 7 0.0676717
70 11 10 7 10 1.0082e-50
70 4 12 11 9 0.0039897
70 9 4 12 11 3.34315e-46
70 11 9 4 12 4.64923e-05
70 12 11 9 4 0.0114603
70 9 11 12 10 2.08188e-05
70 10 9 11 12 0.000263289
70 11 12 10 9 7.44134e-08
70 12 10 9 11 1.40828e-48
70 4 9 6 12 0.00734052
70 6 12 4 9 0.0105517
70 9 6 12 4 0.00121623
70 12 4 9 6 1.31957e-45
70 8 8 10 12 7.13858e-45
70 8 10 12 8 7.05429e-88
70 10 12 8 8 2.29224e-45
70 12 8 8 10 0.00151578
70 8 9 9 10 8.02199e-48
70 9 9 10 8 1.64995e-48
70 9 10 8 9 4.47241e-06
70 10 8 9 9 0.000268015
70 8 10 10 12 1.80811e-45
70 10 10 12 8 3.677e-45
70 10 12 8 10 0.00291804
70 12 8 10 10 0.0011557
70 5 10 12 8 3.15725e-47
70 8 5 10 12 2.44375e-45
70 10 12 8 5 0.0105194
70 12 8 5 10 0.00109306
70 6 9 8 10 0.00176184
70 8 10 6 9 6.75569e-46
70 9 8 10 6 3.33074e-46
70 10 6 9 8 1.01186e-45
70 5 11 9 10 0.000286038
70 9 10 5 11 8.59932e-47
70 10 5 11 9 0.0230624
70 11 9 10 5 2.7942e-05
70 6 9 9 8 1.97156e-45
70 8 6 9 9 3.59955e-46
70 9 8 6 9 0.00130479
70 9 9 8 6 9.92737e-47
70 5 7 12 7 4.63187e-49
70 7 5 7 12 1.78986e-47
70 7 12 7 5 1.127e-47
70 12 7 5 7 3.1906e-48
70 6 7 12 10 1.06802e-47
70 7 12 10 6 1.20856e-45
70 10 6 7 12 9.42172e-48
70 12 10 6 7 0.00333729
70 4 4 8 10 0.00351383
70 4 8 10 4 0.0158248
70 8 10 4 4 4.65698e-45
70 10 4 4 8 1.27453e-44
70 4 9 9 12 0.0120431
70 9 9 12 4 0.00336
70 9 12 4 9 0.0014041
70 12 4 9 9 0.00453923
70 4 7 4 8 2.0918e-90
70 4 8 4 7 0.0325337
70 7 4 8 4 0.019116
70 8 4 7 4 6.70949e-90
70 4 4 8 9 0.0045194
70 4 8 9 4 0.0261074
70 8 9 4 4 3.6894e-45
70 9 4 4 8 1.05622e-45
70 4 11 7 7 5.29637e-47
70 7 4 11 7 0.108404
70 7 7 4 11 2.34711e-90
70 11 7 7 4 9.27398e-95
70 5 8 9 6 8.74764e-47
70 6 5 8 9 0.00593967
70 8 9 6 5 2.3048e-45
70 9 6 5 8 7.38599e-47
70 7 8 12 10 0.00872101
70 8 12 10 7 1.57189e-45
70 10 7 8 12 1.47103e-47
70 12 10 7 8 2.60379e-91
70 4 5 6 7 0.0111951
70 5 6 7 4 6.97432e-50
70 6 7 4 5 3.61916e-47
70 7 4 5 6 2.79013e-45
70 4 12 10 5 0.0041712
70 5 4 12 10 0.000156242
70 10 5 4 12 0.040119
70 12 10 5 4 0.00161019
71 2 0 2 8 0.0506109
71 2 0 3 12 0.0366564
71 2 0 3 4 0.0986307
71 3 0 2 11 0.0350081
71 2 0 2 10 0.0395817
71 2 0 1 8 0.0639229
71 3 0 2 5 0.0585648
71 2 0 1 4 0.0704419
71 1 0 2 12 0.034213
71 1 0 2 9 0.0235931
71 2 0 3 10 0.0346611
71 2 0 2 5 0.0489476
71 1 0 1 9 0.0301454
71 1 0 3 6 0.0133857
71 1 0 2 10 0.0261762
71 1 0 3 12 0.0287183
71 3 0 2 10 0.0246859
71 2 0 2 4 0.0568103
71 3 0 1 8 0.0195545
71 2 0 3 11 0.0490079
71 1 0 2 4 0.0416215
71 3 0 1 11 0.0454318
71 3 0 2 4 0.037378
71 3 0 3 4 0.0322524
72 2 1 0 0 0.289586
72 1 2 0 0 0.537013
72 3 3 0 0 0.173401
73 8 2 0 2 0.0902857
73 12 2 0 3 0.024748
73 4 2 0 3 0.0497608
73 11 3 0 2 0.0147916
73 10 2 0 2 0.0692713
73 8 2 0 1 0.104191
73 5 3 0 2 0.0585434
73 4 2 0 1 0.0431487
73 12 1 0 2 0.0198291
73 9 1 0 2 0.0695447
73 10 2 0 3 0.0456497
73 5 2 0 2 0.0358373
73 9 1 0 1 0.0811889
73 6 1 0 3 0.00709231
73 10 1 0 2 0.0295955
73 12 1 0 3 0.0125259
73 10 3 0 2 0.0589854
73 4 2 0 2 0.0380861
73 8 3 0 1 0.0435167
73 11 2 0 3 0.0114133
73 4 1 0 2 0.0180267
73 11 3 0 1 0.017539
73 4 3 0 2 0.0342131
73 4 3 0 3 0.0222164
74 8 2 0 2 0.0662021
74 12 2 0 3 0.0820636
74 4 2 0 3 0.0421063
74 11 3 0 2 6.60712e-45
74 10 2 0 2 0.0153714
74 8 2 0 1 0.104235
74 5 3 0 2 0.145682
74 4 2 0 1 0.0323828
74 12 1 0 2 0.0777172
74 9 1 0 2 0.0359372
74 10 2 0 3 0.0155828
74 5 2 0 2 0.08838
74 9 1 0 1 0.0572416
74 6 1 0 3 0.0155617
74 10 1 0 2 0.0119409
74 12 1 0 3 0.0755211
74 10 3 0 2 0.0132073
74 4 2 0 2 0.0209498
74 8 3 0 1 0.043929
74 11 2 0 3 7.77225e-45
74 4 1 0 2 0.0180293
74 11 3 0 1 1.06889e-44
74 4 3 0 2 0.0189895
74 4 3 0 3 0.018969
75 8 2 0 2 0.0857548
75 12 2 0 3 0.0343149
75 4 2 0 3 0.0592617
75 11 3 0 2 0.0429126
75 10 2 0 2 0.0242199
75 8 2 0 1 0.0999713
75 5 3 0 2 0.0792701
75 4 2 0 1 0.0322174
75 12 1 0 2 0.0278254
75 9 1 0 2 0.0404677
75 10 2 0 3 0.0257175
75 5 2 0 2 0.03342
75 9 1 0 1 0.0477253
75 6 1 0 3 0.017997
75 10 1 0 2 0.0168737
75 12 1 0 3 0.0283216
75 10 3 0 2 0.029945
75 4 2 0 2 0.0281502
75 8 3 0 1 0.0606265
75 11 2 0 3 0.0367446
75 4 1 0 2 0.0217269
75 11 3 0 1 0.0514022
75 4 3 0 2 0.036717
75 4 3 0 3 0.0384167
76 8 2 0 2 0.080281
76 12 2 0 3 0.0439893
76 4 2 0 3 0.120042
76 11 3 0 2 0.0298606
76 10 2 0 2 0.0424322
76 8 2 0 1 0.0729961
76 5 3 0 2 0.0392313
76 4 2 0 1 0.0511411
76 12 1 0 2 0.0274699
76 9 1 0 2 0.0267968
76 10 2 0 3 0.0448434
76 5 2 0 2 0.030199
76 9 1 0 1 0.0246486
76 6 1 0 3 0.0135109
76 10 1 0 2 0.0226585
76 12 1 0 3 0.0278278
76 10 3 0 2 0.0287332
76 4 2 0 2 0.0572918
76 8 3 0 1 0.0242451
76 11 2 0 3 0.0464641
76 4 1 0 2 0.0338927
76 11 3 0 1 0.0278975
76 4 3 0 2 0.0409275
76 4 3 0 3 0.0426202
77 8 2 0 2 0.0725957
77 12 2 0 3 0.00969716
77 4 2 0 3 0.0337966
77 11 3 0 2 0.0423932
77 10 2 0 2 0.0465872
77 8 2 0 1 0.0590822
77 5 3 0 2 0.171799
77 4 2 0 1 0.0131533
77 12 1 0 2 0.00767822
77 9 1 0 2 0.0365388
77 10 2 0 3 0.0482401
77 5 2 0 2 0.0664872
77 9 1 0 1 0.0300832
77 6 1 0 3 0.0777962
77 10 1 0 2 0.0309063
77 12 1 0 3 0.00762117
77 10 3 0 2 0.0627475
77 4 2 0 2 0.0164625
77 8 3 0 1 0.0390322
77 11 2 0 3 0.0324946
77 4 1 0 2 0.0120991
77 11 3 0 1 0.0354504
77 4 3 0 2 0.0233916
77 4 3 0 3 0.0238671
78 8 2 0 2 0.0411214
78 12 2 0 3 0.0626163
78 4 2 0 3 0.14188
78 11 3 0 2 0.0502731
78 10 2 0 2 0.0150774
78 8 2 0 1 0.0456944
78 5 3 0 2 0.0589924
78 4 2 0 1 0.0593723
78 12 1 0 2 0.0270257
78 9 1 0 2 0.0181544
78 10 2 0 3 0.0198251
78 5 2 0 2 0.0347319
78 9 1 0 1 0.020408
78 6 1 0 3 3.33364e-45
78 10 1 0 2 0.00692355
78 12 1 0 3 0.0340633
78 10 3 0 2 0.0133488
78 4 2 0 2 0.0544248
78 8 3 0 1 0.0198433
78 11 2 0 3 0.0744411
78 4 1 0 2 0.0276871
78 11 3 0 1 0.0573998
78 4 3 0 2 0.0508332
78 4 3 0 3 0.0658618
79 8 2 0 2 0.0258984
79 12 2 0 3 0.00944615
79 4 2 0 3 0.0357218
79 11 3 0 2 0.0670764
79 10 2 0 2 0.0208449
79 8 2 0 1 0.0199852
79 5 3 0 2 0.0633779
79 4 2 0 1 0.011841
79 12 1 0 2 0.0486954
79 9 1 0 2 0.0421711
79 10 2 0 3 0.0240291
79 5 2 0 2 0.0198369
79 9 1 0 1 0.0329212
79 6 1 0 3 0.116061
79 10 1 0 2 0.100229
79 12 1 0 3 0.0538076
79 10 3 0 2 0.0347147
79 4 2 0 2 0.0156301
79 8 3 0 1 0.0163252
79 11 2 0 3 0.046291
79 4 1 0 2 0.083259
79 11 3 0 1 0.0531845
79 4 3 0 2 0.0274605
79 4 3 0 3 0.0311919
80 1 0 0 2 0.229511
80 2 0 0 1 0.477179
80 3 0 0 3 0.29331
