[0] Tablero 10x10, 13 colores, 12 hilos
[1] Esquinas juntas: las esquinas son parte de la búsqueda; un solo recorrido para todos los grupos
    grupo 1, orden menos opciones: estimado 1.55e+14 nodos
    grupo 1, orden interior primero: estimado 5.05e+11 nodos
[1] Estimado de Knuth por grupo (nodos): 5.05e+11(i)   (i) = interior primero
[2] Grupo 1/1: ruta unificada (mapas por lado, con piezas fijas), orden: interior primero; grupo grande: 3 estrategias a la vez (normal, pieza menos restrictiva, reinicios)
    ... 5.0 s | grupo 1/1 | 968692 nodos | revisado 2.64e-03%, faltan ~21.2 h [interior primero 2.64e-03%, interior primero + pieza menos restrictiva 7.07e-06%, reinicios, interior primero 0.036%] (Knuth: ~12 días) | máximo colocado 65 de 100 | hilos 8 de 12
    ... 7.1 s | grupo 1/1 | 1950323 nodos | revisado 3.25e-03%, faltan ~34.5 h [interior primero 3.25e-03%, interior primero + pieza menos restrictiva 1.48e-05%, reinicios, interior primero 0.049%] (Knuth: ~12 días) | máximo colocado 65 de 100 | hilos 8 de 12
    ... 9.1 s | grupo 1/1 | 2936782 nodos | revisado 6.12e-03%, faltan ~27.4 h [interior primero 6.12e-03%, interior primero + pieza menos restrictiva 8.59e-05%, reinicios, interior primero 0.050%] (Knuth: ~12 días) | máximo colocado 65 de 100 | hilos 8 de 12
    ... 11.1 s | grupo 1/1 | 3911449 nodos | revisado 6.96e-03%, faltan ~32.1 h [interior primero 6.96e-03%, interior primero + pieza menos restrictiva 9.65e-05%, reinicios, interior primero 0.089%] (Knuth: ~12 días) | máximo colocado 65 de 100 | hilos 8 de 12
    ... 13.1 s | grupo 1/1 | 4885373 nodos | revisado 8.14e-03%, faltan ~34.3 h [interior primero 8.14e-03%, interior primero + pieza menos restrictiva 1.10e-04%, reinicios, interior primero 0.098%] (Knuth: ~12 días) | máximo colocado 66 de 100 | hilos 8 de 12
    ... 15.1 s | grupo 1/1 | 5872621 nodos | revisado 0.010%, faltan ~33.4 h [interior primero 0.010%, interior primero + pieza menos restrictiva 1.44e-04%, reinicios, interior primero 0.098%] (Knuth: ~12 días) | máximo colocado 66 de 100 | hilos 8 de 12
    ... 17.1 s | grupo 1/1 | 6884814 nodos | revisado 0.013%, faltan ~29.9 h [interior primero 0.013%, interior primero + pieza menos restrictiva 1.67e-04%, reinicios, interior primero 0.106%] (Knuth: ~12 días) | máximo colocado 66 de 100 | hilos 8 de 12
    ... 19.1 s | grupo 1/1 | 7899048 nodos | revisado 0.014%, faltan ~31.2 h [interior primero 0.014%, interior primero + pieza menos restrictiva 1.72e-04%, reinicios, interior primero 0.140%] (Knuth: ~12 días) | máximo colocado 69 de 100 | hilos 8 de 12
    ... 21.1 s | grupo 1/1 | 8883374 nodos | revisado 0.016%, faltan ~31.4 h [interior primero 0.016%, interior primero + pieza menos restrictiva 1.79e-04%, reinicios, interior primero 0.144%] (Knuth: ~12 días) | máximo colocado 69 de 100 | hilos 8 de 12
    ... 23.1 s | grupo 1/1 | 9879181 nodos | revisado 0.018%, faltan ~31.7 h [interior primero 0.018%, interior primero + pieza menos restrictiva 1.84e-04%, reinicios, interior primero 0.151%] (Knuth: ~12 días) | máximo colocado 69 de 100 | hilos 8 de 12
    ... 25.1 s | grupo 1/1 | 10898826 nodos | revisado 0.018%, faltan ~34.4 h [interior primero 0.018%, interior primero + pieza menos restrictiva 1.87e-04%, reinicios, interior primero 0.201%] (Knuth: ~12 días) | máximo colocado 69 de 100 | hilos 8 de 12
    ... 27.2 s | grupo 1/1 | 11913390 nodos | revisado 0.019%, faltan ~36.0 h [interior primero 0.019%, interior primero + pieza menos restrictiva 1.89e-04%, reinicios, interior primero 0.243%] (Knuth: ~12 días) | máximo colocado 69 de 100 | hilos 8 de 12
    ... 29.2 s | grupo 1/1 | 12917755 nodos | revisado 0.019%, faltan ~38.4 h [interior primero 0.019%, interior primero + pieza menos restrictiva 2.02e-04%, reinicios, interior primero 0.248%] (Knuth: ~12 días) | máximo colocado 69 de 100 | hilos 8 de 12
    ... 31.2 s | grupo 1/1 | 13934465 nodos | revisado 0.019%, faltan ~40.9 h [interior primero 0.019%, interior primero + pieza menos restrictiva 2.06e-04%, reinicios, interior primero 0.249%] (Knuth: ~12 días) | máximo colocado 69 de 100 | hilos 8 de 12
    ... 33.2 s | grupo 1/1 | 14958037 nodos | revisado 0.019%, faltan ~43.2 h [interior primero 0.019%, interior primero + pieza menos restrictiva 2.10e-04%, reinicios, interior primero 0.252%] (Knuth: ~12 días) | máximo colocado 69 de 100 | hilos 8 de 12
    ... 35.2 s | grupo 1/1 | 15974305 nodos | revisado 0.019%, faltan ~46.1 h [interior primero 0.019%, interior primero + pieza menos restrictiva 2.17e-04%, reinicios, interior primero 0.268%] (Knuth: ~12 días) | máximo colocado 69 de 100 | hilos 8 de 12
    ... 37.2 s | grupo 1/1 | 16976005 nodos | revisado 0.019%, faltan ~2 días [interior primero 0.019%, interior primero + pieza menos restrictiva 2.23e-04%, reinicios, interior primero 0.270%] (Knuth: ~12 días) | máximo colocado 69 de 100 | hilos 8 de 12
    ... 39.2 s | grupo 1/1 | 17983279 nodos | revisado 0.020%, faltan ~2 días [interior primero 0.020%, interior primero + pieza menos restrictiva 2.29e-04%, reinicios, interior primero 0.272%] (Knuth: ~12 días) | máximo colocado 69 de 100 | hilos 8 de 12
    ... 41.2 s | grupo 1/1 | 19004653 nodos | revisado 0.020%, faltan ~2 días [interior primero 0.020%, interior primero + pieza menos restrictiva 2.31e-04%, reinicios, interior primero 0.286%] (Knuth: ~12 días) | máximo colocado 69 de 100 | hilos 8 de 12
    ... 43.2 s | grupo 1/1 | 20010654 nodos | revisado 0.020%, faltan ~2 días [interior primero 0.020%, interior primero + pieza menos restrictiva 2.34e-04%, reinicios, interior primero 0.291%] (Knuth: ~12 días) | máximo colocado 69 de 100 | hilos 8 de 12
    ... 45.2 s | grupo 1/1 | 21015620 nodos | revisado 0.020%, faltan ~2 días [interior primero 0.020%, interior primero + pieza menos restrictiva 3.48e-04%, reinicios, interior primero 0.345%] (Knuth: ~12 días) | máximo colocado 69 de 100 | hilos 8 de 12
    ... 47.3 s | grupo 1/1 | 22029422 nodos | revisado 0.020%, faltan ~3 días [interior primero 0.020%, interior primero + pieza menos restrictiva 3.65e-04%, reinicios, interior primero 0.410%] (Knuth: ~12 días) | máximo colocado 69 de 100 | hilos 8 de 12
    ... 49.3 s | grupo 1/1 | 23044364 nodos | revisado 0.020%, faltan ~3 días [interior primero 0.020%, interior primero + pieza menos restrictiva 3.76e-04%, reinicios, interior primero 0.423%] (Knuth: ~12 días) | máximo colocado 69 de 100 | hilos 8 de 12
    ... 51.3 s | grupo 1/1 | 24058320 nodos | revisado 0.020%, faltan ~3 días [interior primero 0.020%, interior primero + pieza menos restrictiva 3.81e-04%, reinicios, interior primero 0.435%] (Knuth: ~12 días) | máximo colocado 69 de 100 | hilos 8 de 12
    ... 53.3 s | grupo 1/1 | 25088814 nodos | revisado 0.020%, faltan ~3 días [interior primero 0.020%, interior primero + pieza menos restrictiva 3.91e-04%, reinicios, interior primero 0.439%] (Knuth: ~12 días) | máximo colocado 69 de 100 | hilos 8 de 12
    ... 55.3 s | grupo 1/1 | 26129355 nodos | revisado 0.020%, faltan ~3 días [interior primero 0.020%, interior primero + pieza menos restrictiva 3.97e-04%, reinicios, interior primero 0.440%] (Knuth: ~12 días) | máximo colocado 69 de 100 | hilos 8 de 12
    ... 57.3 s | grupo 1/1 | 27167842 nodos | revisado 0.020%, faltan ~3 días [interior primero 0.020%, interior primero + pieza menos restrictiva 4.04e-04%, reinicios, interior primero 0.445%] (Knuth: ~12 días) | máximo colocado 69 de 100 | hilos 8 de 12
    ... 59.3 s | grupo 1/1 | 28200815 nodos | revisado 0.020%, faltan ~3 días [interior primero 0.020%, interior primero + pieza menos restrictiva 4.06e-04%, reinicios, interior primero 0.593%] (Knuth: ~12 días) | máximo colocado 69 de 100 | hilos 8 de 12
    ... 61.3 s | grupo 1/1 | 29220251 nodos | revisado 0.020%, faltan ~3 días [interior primero 0.020%, interior primero + pieza menos restrictiva 4.19e-04%, reinicios, interior primero 0.626%] (Knuth: ~12 días) | máximo colocado 69 de 100 | hilos 8 de 12
    ... 63.3 s | grupo 1/1 | 30226738 nodos | revisado 0.020%, faltan ~3 días [interior primero 0.020%, interior primero + pieza menos restrictiva 4.39e-04%, reinicios, interior primero 0.629%] (Knuth: ~12 días) | máximo colocado 69 de 100 | hilos 8 de 12
    ... 65.3 s | grupo 1/1 | 31234486 nodos | revisado 0.020%, faltan ~4 días [interior primero 0.020%, interior primero + pieza menos restrictiva 4.45e-04%, reinicios, interior primero 0.647%] (Knuth: ~12 días) | máximo colocado 69 de 100 | hilos 8 de 12
    ... 67.3 s | grupo 1/1 | 32233554 nodos | revisado 0.021%, faltan ~4 días [interior primero 0.021%, interior primero + pieza menos restrictiva 4.65e-04%, reinicios, interior primero 0.650%] (Knuth: ~12 días) | máximo colocado 69 de 100 | hilos 8 de 12
    ... 69.3 s | grupo 1/1 | 33224262 nodos | revisado 0.021%, faltan ~4 días [interior primero 0.021%, interior primero + pieza menos restrictiva 4.78e-04%, reinicios, interior primero 0.653%] (Knuth: ~12 días) | máximo colocado 69 de 100 | hilos 8 de 12
    ... 71.3 s | grupo 1/1 | 34220406 nodos | revisado 0.021%, faltan ~4 días [interior primero 0.021%, interior primero + pieza menos restrictiva 4.81e-04%, reinicios, interior primero 0.654%] (Knuth: ~12 días) | máximo colocado 69 de 100 | hilos 8 de 12
    ... 73.4 s | grupo 1/1 | 35230860 nodos | revisado 0.021%, faltan ~4 días [interior primero 0.021%, interior primero + pieza menos restrictiva 4.85e-04%, reinicios, interior primero 0.654%] (Knuth: ~12 días) | máximo colocado 69 de 100 | hilos 8 de 12
    ... 75.4 s | grupo 1/1 | 36264958 nodos | revisado 0.021%, faltan ~4 días [interior primero 0.021%, interior primero + pieza menos restrictiva 4.93e-04%, reinicios, interior primero 0.662%] (Knuth: ~12 días) | máximo colocado 69 de 100 | hilos 8 de 12
    ... 77.4 s | grupo 1/1 | 37298881 nodos | revisado 0.021%, faltan ~4 días [interior primero 0.021%, interior primero + pieza menos restrictiva 4.95e-04%, reinicios, interior primero 0.663%] (Knuth: ~12 días) | máximo colocado 69 de 100 | hilos 8 de 12
    ... 79.4 s | grupo 1/1 | 38323947 nodos | revisado 0.021%, faltan ~4 días [interior primero 0.021%, interior primero + pieza menos restrictiva 5.06e-04%, reinicios, interior primero 0.663%] (Knuth: ~12 días) | máximo colocado 69 de 100 | hilos 8 de 12
    ... 81.4 s | grupo 1/1 | 39350952 nodos | revisado 0.021%, faltan ~4 días [interior primero 0.021%, interior primero + pieza menos restrictiva 5.15e-04%, reinicios, interior primero 0.664%] (Knuth: ~12 días) | máximo colocado 69 de 100 | hilos 8 de 12
    ... 83.4 s | grupo 1/1 | 40362978 nodos | revisado 0.021%, faltan ~4 días [interior primero 0.021%, interior primero + pieza menos restrictiva 5.47e-04%, reinicios, interior primero 0.664%] (Knuth: ~12 días) | máximo colocado 69 de 100 | hilos 8 de 12
    ... 85.4 s | grupo 1/1 | 41366701 nodos | revisado 0.022%, faltan ~4 días [interior primero 0.022%, interior primero + pieza menos restrictiva 5.58e-04%, reinicios, interior primero 0.664%] (Knuth: ~12 días) | máximo colocado 69 de 100 | hilos 8 de 12
    ... 87.4 s | grupo 1/1 | 42391789 nodos | revisado 0.022%, faltan ~5 días [interior primero 0.022%, interior primero + pieza menos restrictiva 5.79e-04%, reinicios, interior primero 0.664%] (Knuth: ~12 días) | máximo colocado 69 de 100 | hilos 8 de 12
    ... 89.4 s | grupo 1/1 | 43383927 nodos | revisado 0.022%, faltan ~5 días [interior primero 0.022%, interior primero + pieza menos restrictiva 6.42e-04%, reinicios, interior primero 0.673%] (Knuth: ~12 días) | máximo colocado 69 de 100 | hilos 8 de 12
    ... 91.4 s | grupo 1/1 | 44364624 nodos | revisado 0.022%, faltan ~5 días [interior primero 0.022%, interior primero + pieza menos restrictiva 7.46e-04%, reinicios, interior primero 0.675%] (Knuth: ~12 días) | máximo colocado 69 de 100 | hilos 8 de 12
    ... 93.5 s | grupo 1/1 | 45375531 nodos | revisado 0.022%, faltan ~5 días [interior primero 0.022%, interior primero + pieza menos restrictiva 7.55e-04%, reinicios, interior primero 0.676%] (Knuth: ~12 días) | máximo colocado 69 de 100 | hilos 8 de 12
    ... 95.5 s | grupo 1/1 | 46396755 nodos | revisado 0.022%, faltan ~5 días [interior primero 0.022%, interior primero + pieza menos restrictiva 7.69e-04%, reinicios, interior primero 0.680%] (Knuth: ~12 días) | máximo colocado 69 de 100 | hilos 8 de 12
    ... 97.5 s | grupo 1/1 | 47416535 nodos | revisado 0.022%, faltan ~5 días [interior primero 0.022%, interior primero + pieza menos restrictiva 7.75e-04%, reinicios, interior primero 0.741%] (Knuth: ~12 días) | máximo colocado 69 de 100 | hilos 8 de 12
    ... 99.5 s | grupo 1/1 | 48435953 nodos | revisado 0.022%, faltan ~5 días [interior primero 0.022%, interior primero + pieza menos restrictiva 7.80e-04%, reinicios, interior primero 0.748%] (Knuth: ~12 días) | máximo colocado 69 de 100 | hilos 8 de 12
    ... 101.5 s | grupo 1/1 | 49475403 nodos | revisado 0.022%, faltan ~5 días [interior primero 0.022%, interior primero + pieza menos restrictiva 7.93e-04%, reinicios, interior primero 0.771%] (Knuth: ~12 días) | máximo colocado 69 de 100 | hilos 8 de 12
    ... 103.5 s | grupo 1/1 | 50475825 nodos | revisado 0.023%, faltan ~5 días [interior primero 0.023%, interior primero + pieza menos restrictiva 8.13e-04%, reinicios, interior primero 0.818%] (Knuth: ~12 días) | máximo colocado 69 de 100 | hilos 8 de 12
    ... 105.5 s | grupo 1/1 | 51513851 nodos | revisado 0.023%, faltan ~5 días [interior primero 0.023%, interior primero + pieza menos restrictiva 8.23e-04%, reinicios, interior primero 0.824%] (Knuth: ~12 días) | máximo colocado 69 de 100 | hilos 8 de 12
    ... 107.5 s | grupo 1/1 | 52537566 nodos | revisado 0.023%, faltan ~5 días [interior primero 0.023%, interior primero + pieza menos restrictiva 8.31e-04%, reinicios, interior primero 0.852%] (Knuth: ~12 días) | máximo colocado 69 de 100 | hilos 8 de 12
    ... 109.5 s | grupo 1/1 | 53552843 nodos | revisado 0.023%, faltan ~5 días [interior primero 0.023%, interior primero + pieza menos restrictiva 8.38e-04%, reinicios, interior primero 0.903%] (Knuth: ~12 días) | máximo colocado 69 de 100 | hilos 8 de 12
    ... 111.5 s | grupo 1/1 | 54561741 nodos | revisado 0.023%, faltan ~5 días [interior primero 0.023%, interior primero + pieza menos restrictiva 8.40e-04%, reinicios, interior primero 0.907%] (Knuth: ~12 días) | máximo colocado 69 de 100 | hilos 8 de 12
    ... 113.5 s | grupo 1/1 | 55545689 nodos | revisado 0.023%, faltan ~5 días [interior primero 0.023%, interior primero + pieza menos restrictiva 8.42e-04%, reinicios, interior primero 0.913%] (Knuth: ~12 días) | máximo colocado 69 de 100 | hilos 8 de 12
    ... 115.6 s | grupo 1/1 | 56547030 nodos | revisado 0.024%, faltan ~6 días [interior primero 0.024%, interior primero + pieza menos restrictiva 8.45e-04%, reinicios, interior primero 0.918%] (Knuth: ~12 días) | máximo colocado 69 de 100 | hilos 8 de 12
    ... 117.6 s | grupo 1/1 | 57566379 nodos | revisado 0.024%, faltan ~6 días [interior primero 0.024%, interior primero + pieza menos restrictiva 8.47e-04%, reinicios, interior primero 0.921%] (Knuth: ~12 días) | máximo colocado 69 de 100 | hilos 8 de 12
    ... 119.6 s | grupo 1/1 | 58571860 nodos | revisado 0.024%, faltan ~6 días [interior primero 0.024%, interior primero + pieza menos restrictiva 8.51e-04%, reinicios, interior primero 0.927%] (Knuth: ~12 días) | máximo colocado 69 de 100 | hilos 8 de 12
    ... 121.6 s | grupo 1/1 | 59584861 nodos | revisado 0.025%, faltan ~5 días [interior primero 0.025%, interior primero + pieza menos restrictiva 8.56e-04%, reinicios, interior primero 0.976%] (Knuth: ~12 días) | máximo colocado 69 de 100 | hilos 8 de 12
    ... 123.6 s | grupo 1/1 | 60597977 nodos | revisado 0.026%, faltan ~5 días [interior primero 0.026%, interior primero + pieza menos restrictiva 8.58e-04%, reinicios, interior primero 1.0%] (Knuth: ~12 días) | máximo colocado 69 de 100 | hilos 8 de 12
    ... 125.6 s | grupo 1/1 | 61617786 nodos | revisado 0.026%, faltan ~5 días [interior primero 0.026%, interior primero + pieza menos restrictiva 8.61e-04%, reinicios, interior primero 1.0%] (Knuth: ~12 días) | máximo colocado 69 de 100 | hilos 8 de 12
    ... 127.6 s | grupo 1/1 | 62648580 nodos | revisado 0.026%, faltan ~6 días [interior primero 0.026%, interior primero + pieza menos restrictiva 8.73e-04%, reinicios, interior primero 1.0%] (Knuth: ~12 días) | máximo colocado 69 de 100 | hilos 8 de 12
    ... 129.6 s | grupo 1/1 | 63673000 nodos | revisado 0.027%, faltan ~5 días [interior primero 0.027%, interior primero + pieza menos restrictiva 8.80e-04%, reinicios, interior primero 1.0%] (Knuth: ~12 días) | máximo colocado 69 de 100 | hilos 8 de 12
    ... 131.6 s | grupo 1/1 | 64687977 nodos | revisado 0.027%, faltan ~5 días [interior primero 0.027%, interior primero + pieza menos restrictiva 8.87e-04%, reinicios, interior primero 1.1%] (Knuth: ~12 días) | máximo colocado 69 de 100 | hilos 8 de 12
    ... 133.6 s | grupo 1/1 | 65670262 nodos | revisado 0.028%, faltan ~5 días [interior primero 0.028%, interior primero + pieza menos restrictiva 9.03e-04%, reinicios, interior primero 1.1%] (Knuth: ~12 días) | máximo colocado 69 de 100 | hilos 8 de 12
    ... 135.6 s | grupo 1/1 | 66685883 nodos | revisado 0.028%, faltan ~6 días [interior primero 0.028%, interior primero + pieza menos restrictiva 9.10e-04%, reinicios, interior primero 1.1%] (Knuth: ~12 días) | máximo colocado 69 de 100 | hilos 8 de 12
    ... 137.7 s | grupo 1/1 | 67693646 nodos | revisado 0.028%, faltan ~6 días [interior primero 0.028%, interior primero + pieza menos restrictiva 9.33e-04%, reinicios, interior primero 1.1%] (Knuth: ~12 días) | máximo colocado 69 de 100 | hilos 8 de 12
    ... 139.7 s | grupo 1/1 | 68671801 nodos | revisado 0.028%, faltan ~6 días [interior primero 0.028%, interior primero + pieza menos restrictiva 1.04e-03%, reinicios, interior primero 1.1%] (Knuth: ~12 días) | máximo colocado 69 de 100 | hilos 8 de 12
    ... 141.7 s | grupo 1/1 | 69669332 nodos | revisado 0.028%, faltan ~6 días [interior primero 0.028%, interior primero + pieza menos restrictiva 1.13e-03%, reinicios, interior primero 1.1%] (Knuth: ~12 días) | máximo colocado 69 de 100 | hilos 8 de 12
    ... 143.7 s | grupo 1/1 | 70681330 nodos | revisado 0.028%, faltan ~6 días [interior primero 0.028%, interior primero + pieza menos restrictiva 1.14e-03%, reinicios, interior primero 1.2%] (Knuth: ~12 días) | máximo colocado 69 de 100 | hilos 8 de 12
    ... 145.7 s | grupo 1/1 | 71673971 nodos | revisado 0.028%, faltan ~6 días [interior primero 0.028%, interior primero + pieza menos restrictiva 1.15e-03%, reinicios, interior primero 1.2%] (Knuth: ~12 días) | máximo colocado 69 de 100 | hilos 8 de 12
    ... 147.7 s | grupo 1/1 | 72700613 nodos | revisado 0.028%, faltan ~6 días [interior primero 0.028%, interior primero + pieza menos restrictiva 1.18e-03%, reinicios, interior primero 1.3%] (Knuth: ~12 días) | máximo colocado 69 de 100 | hilos 8 de 12
    ... 149.7 s | grupo 1/1 | 73732032 nodos | revisado 0.028%, faltan ~6 días [interior primero 0.028%, interior primero + pieza menos restrictiva 1.22e-03%, reinicios, interior primero 1.3%] (Knuth: ~12 días) | máximo colocado 69 de 100 | hilos 8 de 12
    ... 151.7 s | grupo 1/1 | 74745184 nodos | revisado 0.028%, faltan ~6 días [interior primero 0.028%, interior primero + pieza menos restrictiva 1.24e-03%, reinicios, interior primero 1.3%] (Knuth: ~12 días) | máximo colocado 69 de 100 | hilos 8 de 12
    ... 153.7 s | grupo 1/1 | 75734429 nodos | revisado 0.028%, faltan ~6 días [interior primero 0.028%, interior primero + pieza menos restrictiva 1.28e-03%, reinicios, interior primero 1.3%] (Knuth: ~12 días) | máximo colocado 69 de 100 | hilos 8 de 12
    ... 155.7 s | grupo 1/1 | 76718663 nodos | revisado 0.028%, faltan ~6 días [interior primero 0.028%, interior primero + pieza menos restrictiva 1.33e-03%, reinicios, interior primero 1.3%] (Knuth: ~12 días) | máximo colocado 69 de 100 | hilos 8 de 12
    ... 157.7 s | grupo 1/1 | 77718299 nodos | revisado 0.029%, faltan ~6 días [interior primero 0.029%, interior primero + pieza menos restrictiva 1.39e-03%, reinicios, interior primero 1.3%] (Knuth: ~12 días) | máximo colocado 69 de 100 | hilos 8 de 12
    ... 159.7 s | grupo 1/1 | 78749627 nodos | revisado 0.029%, faltan ~6 días [interior primero 0.029%, interior primero + pieza menos restrictiva 1.39e-03%, reinicios, interior primero 1.3%] (Knuth: ~12 días) | máximo colocado 69 de 100 | hilos 8 de 12
    ... 161.8 s | grupo 1/1 | 79764917 nodos | revisado 0.029%, faltan ~6 días [interior primero 0.029%, interior primero + pieza menos restrictiva 1.40e-03%, reinicios, interior primero 1.3%] (Knuth: ~12 días) | máximo colocado 69 de 100 | hilos 8 de 12
    ... 163.8 s | grupo 1/1 | 80773581 nodos | revisado 0.029%, faltan ~6 días [interior primero 0.029%, interior primero + pieza menos restrictiva 1.40e-03%, reinicios, interior primero 1.3%] (Knuth: ~12 días) | máximo colocado 69 de 100 | hilos 8 de 12
    ... 165.8 s | grupo 1/1 | 81789510 nodos | revisado 0.029%, faltan ~6 días [interior primero 0.029%, interior primero + pieza menos restrictiva 1.43e-03%, reinicios, interior primero 1.3%] (Knuth: ~12 días) | máximo colocado 69 de 100 | hilos 8 de 12
    ... 167.8 s | grupo 1/1 | 82803863 nodos | revisado 0.029%, faltan ~7 días [interior primero 0.029%, interior primero + pieza menos restrictiva 1.43e-03%, reinicios, interior primero 1.3%] (Knuth: ~12 días) | máximo colocado 69 de 100 | hilos 8 de 12
    ... 169.8 s | grupo 1/1 | 83780741 nodos | revisado 0.029%, faltan ~7 días [interior primero 0.029%, interior primero + pieza menos restrictiva 1.44e-03%, reinicios, interior primero 1.3%] (Knuth: ~12 días) | máximo colocado 69 de 100 | hilos 8 de 12
    ... 171.8 s | grupo 1/1 | 84784802 nodos | revisado 0.029%, faltan ~7 días [interior primero 0.029%, interior primero + pieza menos restrictiva 1.44e-03%, reinicios, interior primero 1.3%] (Knuth: ~12 días) | máximo colocado 69 de 100 | hilos 8 de 12
    ... 173.8 s | grupo 1/1 | 85823639 nodos | revisado 0.029%, faltan ~7 días [interior primero 0.029%, interior primero + pieza menos restrictiva 1.44e-03%, reinicios, interior primero 1.3%] (Knuth: ~12 días) | máximo colocado 69 de 100 | hilos 8 de 12
    ... 175.8 s | grupo 1/1 | 86846498 nodos | revisado 0.029%, faltan ~7 días [interior primero 0.029%, interior primero + pieza menos restrictiva 1.45e-03%, reinicios, interior primero 1.3%] (Knuth: ~12 días) | máximo colocado 69 de 100 | hilos 8 de 12
    ... 177.8 s | grupo 1/1 | 87850959 nodos | revisado 0.030%, faltan ~7 días [interior primero 0.030%, interior primero + pieza menos restrictiva 1.45e-03%, reinicios, interior primero 1.3%] (Knuth: ~12 días) | máximo colocado 69 de 100 | hilos 8 de 12
    ... 179.8 s | grupo 1/1 | 88868647 nodos | revisado 0.030%, faltan ~7 días [interior primero 0.030%, interior primero + pieza menos restrictiva 1.46e-03%, reinicios, interior primero 1.3%] (Knuth: ~12 días) | máximo colocado 69 de 100 | hilos 8 de 12
    ... 181.9 s | grupo 1/1 | 89890797 nodos | revisado 0.030%, faltan ~7 días [interior primero 0.030%, interior primero + pieza menos restrictiva 1.46e-03%, reinicios, interior primero 1.3%] (Knuth: ~12 días) | máximo colocado 69 de 100 | hilos 8 de 12
    ... 183.9 s | grupo 1/1 | 90928333 nodos | revisado 0.030%, faltan ~7 días [interior primero 0.030%, interior primero + pieza menos restrictiva 1.46e-03%, reinicios, interior primero 1.3%] (Knuth: ~12 días) | máximo colocado 69 de 100 | hilos 8 de 12
    ... 185.9 s | grupo 1/1 | 91967410 nodos | revisado 0.030%, faltan ~7 días [interior primero 0.030%, interior primero + pieza menos restrictiva 1.48e-03%, reinicios, interior primero 1.3%] (Knuth: ~12 días) | máximo colocado 69 de 100 | hilos 8 de 12
    ... 187.9 s | grupo 1/1 | 92990023 nodos | revisado 0.030%, faltan ~7 días [interior primero 0.030%, interior primero + pieza menos restrictiva 1.49e-03%, reinicios, interior primero 1.3%] (Knuth: ~12 días) | máximo colocado 69 de 100 | hilos 8 de 12
    ... 189.9 s | grupo 1/1 | 93998479 nodos | revisado 0.030%, faltan ~7 días [interior primero 0.030%, interior primero + pieza menos restrictiva 1.50e-03%, reinicios, interior primero 1.3%] (Knuth: ~12 días) | máximo colocado 69 de 100 | hilos 8 de 12
    ... 191.9 s | grupo 1/1 | 95022369 nodos | revisado 0.030%, faltan ~7 días [interior primero 0.030%, interior primero + pieza menos restrictiva 1.50e-03%, reinicios, interior primero 1.4%] (Knuth: ~12 días) | máximo colocado 69 de 100 | hilos 8 de 12
    ... 193.9 s | grupo 1/1 | 96047837 nodos | revisado 0.030%, faltan ~7 días [interior primero 0.030%, interior primero + pieza menos restrictiva 1.50e-03%, reinicios, interior primero 1.4%] (Knuth: ~12 días) | máximo colocado 69 de 100 | hilos 8 de 12
    ... 195.9 s | grupo 1/1 | 97077093 nodos | revisado 0.030%, faltan ~7 días [interior primero 0.030%, interior primero + pieza menos restrictiva 1.51e-03%, reinicios, interior primero 1.4%] (Knuth: ~12 días) | máximo colocado 69 de 100 | hilos 8 de 12
    ... 197.9 s | grupo 1/1 | 98089709 nodos | revisado 0.030%, faltan ~8 días [interior primero 0.030%, interior primero + pieza menos restrictiva 1.52e-03%, reinicios, interior primero 1.4%] (Knuth: ~12 días) | máximo colocado 69 de 100 | hilos 8 de 12
    ... 199.9 s | grupo 1/1 | 99095336 nodos | revisado 0.030%, faltan ~8 días [interior primero 0.030%, interior primero + pieza menos restrictiva 1.53e-03%, reinicios, interior primero 1.4%] (Knuth: ~12 días) | máximo colocado 69 de 100 | hilos 8 de 12
    ... 201.9 s | grupo 1/1 | 100110840 nodos | revisado 0.030%, faltan ~8 días [interior primero 0.030%, interior primero + pieza menos restrictiva 1.54e-03%, reinicios, interior primero 1.4%] (Knuth: ~12 días) | máximo colocado 69 de 100 | hilos 8 de 12
    ... 203.9 s | grupo 1/1 | 101104227 nodos | revisado 0.030%, faltan ~8 días [interior primero 0.030%, interior primero + pieza menos restrictiva 1.64e-03%, reinicios, interior primero 1.4%] (Knuth: ~12 días) | máximo colocado 69 de 100 | hilos 8 de 12
    ... 206.0 s | grupo 1/1 | 102100737 nodos | revisado 0.030%, faltan ~8 días [interior primero 0.030%, interior primero + pieza menos restrictiva 1.68e-03%, reinicios, interior primero 1.4%] (Knuth: ~12 días) | máximo colocado 69 de 100 | hilos 8 de 12
    ... 208.0 s | grupo 1/1 | 103106191 nodos | revisado 0.030%, faltan ~8 días [interior primero 0.030%, interior primero + pieza menos restrictiva 1.81e-03%, reinicios, interior primero 1.4%] (Knuth: ~12 días) | máximo colocado 69 de 100 | hilos 8 de 12
    ... 210.0 s | grupo 1/1 | 104123307 nodos | revisado 0.030%, faltan ~8 días [interior primero 0.030%, interior primero + pieza menos restrictiva 1.89e-03%, reinicios, interior primero 1.5%] (Knuth: ~12 días) | máximo colocado 69 de 100 | hilos 8 de 12
    ... 212.0 s | grupo 1/1 | 105117284 nodos | revisado 0.030%, faltan ~8 días [interior primero 0.030%, interior primero + pieza menos restrictiva 2.03e-03%, reinicios, interior primero 1.5%] (Knuth: ~12 días) | máximo colocado 69 de 100 | hilos 8 de 12
    ... 214.0 s | grupo 1/1 | 106133586 nodos | revisado 0.030%, faltan ~8 días [interior primero 0.030%, interior primero + pieza menos restrictiva 2.04e-03%, reinicios, interior primero 1.5%] (Knuth: ~12 días) | máximo colocado 69 de 100 | hilos 8 de 12
    ... 216.0 s | grupo 1/1 | 107151860 nodos | revisado 0.030%, faltan ~8 días [interior primero 0.030%, interior primero + pieza menos restrictiva 2.04e-03%, reinicios, interior primero 1.5%] (Knuth: ~12 días) | máximo colocado 69 de 100 | hilos 8 de 12
    ... 218.0 s | grupo 1/1 | 108151822 nodos | revisado 0.030%, faltan ~8 días [interior primero 0.030%, interior primero + pieza menos restrictiva 2.04e-03%, reinicios, interior primero 1.6%] (Knuth: ~12 días) | máximo colocado 69 de 100 | hilos 8 de 12
    ... 220.0 s | grupo 1/1 | 109140078 nodos | revisado 0.030%, faltan ~8 días [interior primero 0.030%, interior primero + pieza menos restrictiva 2.05e-03%, reinicios, interior primero 1.6%] (Knuth: ~12 días) | máximo colocado 69 de 100 | hilos 8 de 12
    ... 222.0 s | grupo 1/1 | 110144462 nodos | revisado 0.030%, faltan ~8 días [interior primero 0.030%, interior primero + pieza menos restrictiva 2.05e-03%, reinicios, interior primero 1.6%] (Knuth: ~12 días) | máximo colocado 69 de 100 | hilos 8 de 12
    ... 224.0 s | grupo 1/1 | 111146253 nodos | revisado 0.030%, faltan ~8 días [interior primero 0.030%, interior primero + pieza menos restrictiva 2.09e-03%, reinicios, interior primero 1.6%] (Knuth: ~12 días) | máximo colocado 69 de 100 | hilos 8 de 12
    ... 226.1 s | grupo 1/1 | 112169770 nodos | revisado 0.030%, faltan ~8 días [interior primero 0.030%, interior primero + pieza menos restrictiva 2.09e-03%, reinicios, interior primero 1.6%] (Knuth: ~12 días) | máximo colocado 69 de 100 | hilos 8 de 12
    ... 228.1 s | grupo 1/1 | 113199775 nodos | revisado 0.030%, faltan ~9 días [interior primero 0.030%, interior primero + pieza menos restrictiva 2.10e-03%, reinicios, interior primero 1.6%] (Knuth: ~12 días) | máximo colocado 69 de 100 | hilos 8 de 12
    ... 230.1 s | grupo 1/1 | 114202963 nodos | revisado 0.030%, faltan ~9 días [interior primero 0.030%, interior primero + pieza menos restrictiva 2.11e-03%, reinicios, interior primero 1.6%] (Knuth: ~12 días) | máximo colocado 69 de 100 | hilos 8 de 12
    ... 232.1 s | grupo 1/1 | 115221655 nodos | revisado 0.030%, faltan ~9 días [interior primero 0.030%, interior primero + pieza menos restrictiva 2.11e-03%, reinicios, interior primero 1.7%] (Knuth: ~12 días) | máximo colocado 69 de 100 | hilos 8 de 12
    ... 234.1 s | grupo 1/1 | 116268468 nodos | revisado 0.030%, faltan ~9 días [interior primero 0.030%, interior primero + pieza menos restrictiva 2.11e-03%, reinicios, interior primero 1.7%] (Knuth: ~12 días) | máximo colocado 69 de 100 | hilos 8 de 12
    ... 236.1 s | grupo 1/1 | 117268849 nodos | revisado 0.030%, faltan ~9 días [interior primero 0.030%, interior primero + pieza menos restrictiva 2.12e-03%, reinicios, interior primero 1.7%] (Knuth: ~12 días) | máximo colocado 69 de 100 | hilos 8 de 12
    ... 238.1 s | grupo 1/1 | 118270846 nodos | revisado 0.030%, faltan ~9 días [interior primero 0.030%, interior primero + pieza menos restrictiva 2.12e-03%, reinicios, interior primero 1.7%] (Knuth: ~12 días) | máximo colocado 69 de 100 | hilos 8 de 12
    ... 240.1 s | grupo 1/1 | 119276269 nodos | revisado 0.030%, faltan ~9 días [interior primero 0.030%, interior primero + pieza menos restrictiva 2.12e-03%, reinicios, interior primero 1.8%] (Knuth: ~12 días) | máximo colocado 69 de 100 | hilos 8 de 12
    ... 242.1 s | grupo 1/1 | 120279839 nodos | revisado 0.031%, faltan ~9 días [interior primero 0.031%, interior primero + pieza menos restrictiva 2.13e-03%, reinicios, interior primero 1.8%] (Knuth: ~12 días) | máximo colocado 69 de 100 | hilos 8 de 12
    ... 244.1 s | grupo 1/1 | 121275586 nodos | revisado 0.031%, faltan ~9 días [interior primero 0.031%, interior primero + pieza menos restrictiva 2.13e-03%, reinicios, interior primero 1.8%] (Knuth: ~12 días) | máximo colocado 69 de 100 | hilos 8 de 12
    ... 246.1 s | grupo 1/1 | 122276573 nodos | revisado 0.031%, faltan ~9 días [interior primero 0.031%, interior primero + pieza menos restrictiva 2.14e-03%, reinicios, interior primero 1.8%] (Knuth: ~12 días) | máximo colocado 69 de 100 | hilos 8 de 12
    ... 248.1 s | grupo 1/1 | 123262848 nodos | revisado 0.031%, faltan ~9 días [interior primero 0.031%, interior primero + pieza menos restrictiva 2.14e-03%, reinicios, interior primero 1.8%] (Knuth: ~12 días) | máximo colocado 69 de 100 | hilos 8 de 12
    ... 250.1 s | grupo 1/1 | 124278259 nodos | revisado 0.031%, faltan ~9 días [interior primero 0.031%, interior primero + pieza menos restrictiva 2.15e-03%, reinicios, interior primero 1.8%] (Knuth: ~12 días) | máximo colocado 69 de 100 | hilos 8 de 12
    ... 252.1 s | grupo 1/1 | 125300046 nodos | revisado 0.031%, faltan ~9 días [interior primero 0.031%, interior primero + pieza menos restrictiva 2.15e-03%, reinicios, interior primero 1.8%] (Knuth: ~12 días) | máximo colocado 69 de 100 | hilos 8 de 12
    ... 254.1 s | grupo 1/1 | 126309924 nodos | revisado 0.031%, faltan ~9 días [interior primero 0.031%, interior primero + pieza menos restrictiva 2.16e-03%, reinicios, interior primero 1.8%] (Knuth: ~12 días) | máximo colocado 69 de 100 | hilos 8 de 12
    ... 256.2 s | grupo 1/1 | 127337786 nodos | revisado 0.031%, faltan ~10 días [interior primero 0.031%, interior primero + pieza menos restrictiva 2.16e-03%, reinicios, interior primero 1.9%] (Knuth: ~12 días) | máximo colocado 69 de 100 | hilos 8 de 12
    ... 258.2 s | grupo 1/1 | 128345910 nodos | revisado 0.031%, faltan ~10 días [interior primero 0.031%, interior primero + pieza menos restrictiva 2.19e-03%, reinicios, interior primero 1.9%] (Knuth: ~12 días) | máximo colocado 69 de 100 | hilos 8 de 12
    ... 260.2 s | grupo 1/1 | 129363735 nodos | revisado 0.031%, faltan ~10 días [interior primero 0.031%, interior primero + pieza menos restrictiva 2.19e-03%, reinicios, interior primero 1.9%] (Knuth: ~12 días) | máximo colocado 69 de 100 | hilos 8 de 12
    ... 262.2 s | grupo 1/1 | 130391697 nodos | revisado 0.031%, faltan ~10 días [interior primero 0.031%, interior primero + pieza menos restrictiva 2.19e-03%, reinicios, interior primero 1.9%] (Knuth: ~12 días) | máximo colocado 69 de 100 | hilos 8 de 12
    ... 264.2 s | grupo 1/1 | 131415994 nodos | revisado 0.031%, faltan ~10 días [interior primero 0.031%, interior primero + pieza menos restrictiva 2.19e-03%, reinicios, interior primero 1.9%] (Knuth: ~12 días) | máximo colocado 69 de 100 | hilos 8 de 12
    ... 266.2 s | grupo 1/1 | 132441617 nodos | revisado 0.031%, faltan ~10 días [interior primero 0.031%, interior primero + pieza menos restrictiva 2.20e-03%, reinicios, interior primero 1.9%] (Knuth: ~12 días) | máximo colocado 69 de 100 | hilos 8 de 12
    ... 268.2 s | grupo 1/1 | 133481242 nodos | revisado 0.031%, faltan ~10 días [interior primero 0.031%, interior primero + pieza menos restrictiva 2.20e-03%, reinicios, interior primero 1.9%] (Knuth: ~12 días) | máximo colocado 69 de 100 | hilos 8 de 12
    ... 270.2 s | grupo 1/1 | 134496059 nodos | revisado 0.031%, faltan ~10 días [interior primero 0.031%, interior primero + pieza menos restrictiva 2.20e-03%, reinicios, interior primero 1.9%] (Knuth: ~12 días) | máximo colocado 69 de 100 | hilos 8 de 12
    ... 272.2 s | grupo 1/1 | 135529799 nodos | revisado 0.031%, faltan ~10 días [interior primero 0.031%, interior primero + pieza menos restrictiva 2.20e-03%, reinicios, interior primero 1.9%] (Knuth: ~12 días) | máximo colocado 69 de 100 | hilos 8 de 12
    ... 274.2 s | grupo 1/1 | 136523420 nodos | revisado 0.031%, faltan ~10 días [interior primero 0.031%, interior primero + pieza menos restrictiva 2.21e-03%, reinicios, interior primero 1.9%] (Knuth: ~12 días) | máximo colocado 69 de 100 | hilos 8 de 12
    ... 276.2 s | grupo 1/1 | 137514161 nodos | revisado 0.031%, faltan ~10 días [interior primero 0.031%, interior primero + pieza menos restrictiva 2.23e-03%, reinicios, interior primero 1.9%] (Knuth: ~12 días) | máximo colocado 69 de 100 | hilos 8 de 12
    ... 278.2 s | grupo 1/1 | 138502443 nodos | revisado 0.031%, faltan ~10 días [interior primero 0.031%, interior primero + pieza menos restrictiva 2.23e-03%, reinicios, interior primero 1.9%] (Knuth: ~12 días) | máximo colocado 69 de 100 | hilos 8 de 12
    ... 280.2 s | grupo 1/1 | 139459704 nodos | revisado 0.031%, faltan ~10 días [interior primero 0.031%, interior primero + pieza menos restrictiva 2.23e-03%, reinicios, interior primero 1.9%] (Knuth: ~12 días) | máximo colocado 69 de 100 | hilos 8 de 12
    ... 282.3 s | grupo 1/1 | 140462782 nodos | revisado 0.032%, faltan ~10 días [interior primero 0.032%, interior primero + pieza menos restrictiva 2.24e-03%, reinicios, interior primero 1.9%] (Knuth: ~12 días) | máximo colocado 69 de 100 | hilos 8 de 12
    ... 284.3 s | grupo 1/1 | 141440204 nodos | revisado 0.033%, faltan ~10 días [interior primero 0.033%, interior primero + pieza menos restrictiva 2.24e-03%, reinicios, interior primero 2.0%] (Knuth: ~12 días) | máximo colocado 69 de 100 | hilos 8 de 12
    ... 286.3 s | grupo 1/1 | 142406952 nodos | revisado 0.034%, faltan ~10 días [interior primero 0.034%, interior primero + pieza menos restrictiva 2.24e-03%, reinicios, interior primero 2.0%] (Knuth: ~12 días) | máximo colocado 69 de 100 | hilos 8 de 12
    ... 288.3 s | grupo 1/1 | 143384081 nodos | revisado 0.034%, faltan ~10 días [interior primero 0.034%, interior primero + pieza menos restrictiva 2.25e-03%, reinicios, interior primero 2.0%] (Knuth: ~12 días) | máximo colocado 69 de 100 | hilos 8 de 12
    ... 290.3 s | grupo 1/1 | 144360358 nodos | revisado 0.034%, faltan ~10 días [interior primero 0.034%, interior primero + pieza menos restrictiva 2.26e-03%, reinicios, interior primero 2.0%] (Knuth: ~12 días) | máximo colocado 69 de 100 | hilos 8 de 12
    ... 292.3 s | grupo 1/1 | 145353721 nodos | revisado 0.034%, faltan ~10 días [interior primero 0.034%, interior primero + pieza menos restrictiva 2.27e-03%, reinicios, interior primero 2.1%] (Knuth: ~12 días) | máximo colocado 69 de 100 | hilos 8 de 12
    ... 294.3 s | grupo 1/1 | 146348777 nodos | revisado 0.034%, faltan ~10 días [interior primero 0.034%, interior primero + pieza menos restrictiva 2.29e-03%, reinicios, interior primero 2.1%] (Knuth: ~12 días) | máximo colocado 69 de 100 | hilos 8 de 12
    ... 296.3 s | grupo 1/1 | 147367738 nodos | revisado 0.034%, faltan ~10 días [interior primero 0.034%, interior primero + pieza menos restrictiva 2.30e-03%, reinicios, interior primero 2.1%] (Knuth: ~12 días) | máximo colocado 69 de 100 | hilos 8 de 12
    ... 298.3 s | grupo 1/1 | 148382890 nodos | revisado 0.034%, faltan ~10 días [interior primero 0.034%, interior primero + pieza menos restrictiva 2.30e-03%, reinicios, interior primero 2.1%] (Knuth: ~12 días) | máximo colocado 69 de 100 | hilos 8 de 12
    ... 300.4 s | grupo 1/1 | 149400647 nodos | revisado 0.034%, faltan ~10 días [interior primero 0.034%, interior primero + pieza menos restrictiva 2.30e-03%, reinicios, interior primero 2.1%] (Knuth: ~12 días) | máximo colocado 69 de 100 | hilos 8 de 12
    ... 302.4 s | grupo 1/1 | 150407463 nodos | revisado 0.035%, faltan ~10 días [interior primero 0.035%, interior primero + pieza menos restrictiva 2.31e-03%, reinicios, interior primero 2.1%] (Knuth: ~12 días) | máximo colocado 69 de 100 | hilos 8 de 12
    ... 304.4 s | grupo 1/1 | 151422060 nodos | revisado 0.035%, faltan ~10 días [interior primero 0.035%, interior primero + pieza menos restrictiva 2.31e-03%, reinicios, interior primero 2.1%] (Knuth: ~12 días) | máximo colocado 69 de 100 | hilos 8 de 12
    ... 306.4 s | grupo 1/1 | 152418165 nodos | revisado 0.035%, faltan ~10 días [interior primero 0.035%, interior primero + pieza menos restrictiva 2.31e-03%, reinicios, interior primero 2.1%] (Knuth: ~12 días) | máximo colocado 69 de 100 | hilos 8 de 12
    ... 308.4 s | grupo 1/1 | 153402019 nodos | revisado 0.036%, faltan ~10 días [interior primero 0.036%, interior primero + pieza menos restrictiva 2.31e-03%, reinicios, interior primero 2.1%] (Knuth: ~12 días) | máximo colocado 69 de 100 | hilos 8 de 12
    ... 310.4 s | grupo 1/1 | 154399461 nodos | revisado 0.036%, faltan ~10 días [interior primero 0.036%, interior primero + pieza menos restrictiva 2.31e-03%, reinicios, interior primero 2.1%] (Knuth: ~12 días) | máximo colocado 69 de 100 | hilos 8 de 12
    ... 312.4 s | grupo 1/1 | 155414136 nodos | revisado 0.037%, faltan ~10 días [interior primero 0.037%, interior primero + pieza menos restrictiva 2.31e-03%, reinicios, interior primero 2.1%] (Knuth: ~12 días) | máximo colocado 69 de 100 | hilos 8 de 12
    ... 314.4 s | grupo 1/1 | 156440691 nodos | revisado 0.037%, faltan ~10 días [interior primero 0.037%, interior primero + pieza menos restrictiva 2.31e-03%, reinicios, interior primero 2.2%] (Knuth: ~12 días) | máximo colocado 69 de 100 | hilos 8 de 12
    ... 316.4 s | grupo 1/1 | 157458141 nodos | revisado 0.037%, faltan ~10 días [interior primero 0.037%, interior primero + pieza menos restrictiva 2.31e-03%, reinicios, interior primero 2.2%] (Knuth: ~12 días) | máximo colocado 69 de 100 | hilos 8 de 12
    ... 318.4 s | grupo 1/1 | 158474547 nodos | revisado 0.037%, faltan ~10 días [interior primero 0.037%, interior primero + pieza menos restrictiva 2.31e-03%, reinicios, interior primero 2.2%] (Knuth: ~12 días) | máximo colocado 69 de 100 | hilos 8 de 12
    ... 320.4 s | grupo 1/1 | 159470847 nodos | revisado 0.037%, faltan ~10 días [interior primero 0.037%, interior primero + pieza menos restrictiva 2.32e-03%, reinicios, interior primero 2.2%] (Knuth: ~12 días) | máximo colocado 69 de 100 | hilos 8 de 12
    ... 322.5 s | grupo 1/1 | 160492223 nodos | revisado 0.037%, faltan ~10 días [interior primero 0.037%, interior primero + pieza menos restrictiva 2.34e-03%, reinicios, interior primero 2.3%] (Knuth: ~12 días) | máximo colocado 69 de 100 | hilos 8 de 12
    ... 324.5 s | grupo 1/1 | 161525833 nodos | revisado 0.037%, faltan ~10 días [interior primero 0.037%, interior primero + pieza menos restrictiva 2.37e-03%, reinicios, interior primero 2.3%] (Knuth: ~12 días) | máximo colocado 69 de 100 | hilos 8 de 12
    ... 326.5 s | grupo 1/1 | 162532647 nodos | revisado 0.038%, faltan ~10 días [interior primero 0.038%, interior primero + pieza menos restrictiva 2.38e-03%, reinicios, interior primero 2.3%] (Knuth: ~12 días) | máximo colocado 69 de 100 | hilos 8 de 12
    ... 328.5 s | grupo 1/1 | 163549345 nodos | revisado 0.038%, faltan ~10 días [interior primero 0.038%, interior primero + pieza menos restrictiva 2.40e-03%, reinicios, interior primero 2.4%] (Knuth: ~12 días) | máximo colocado 69 de 100 | hilos 8 de 12
    ... 330.5 s | grupo 1/1 | 164562615 nodos | revisado 0.038%, faltan ~10 días [interior primero 0.038%, interior primero + pieza menos restrictiva 2.42e-03%, reinicios, interior primero 2.4%] (Knuth: ~12 días) | máximo colocado 69 de 100 | hilos 8 de 12
    ... 332.5 s | grupo 1/1 | 165568326 nodos | revisado 0.038%, faltan ~10 días [interior primero 0.038%, interior primero + pieza menos restrictiva 2.44e-03%, reinicios, interior primero 2.4%] (Knuth: ~12 días) | máximo colocado 69 de 100 | hilos 8 de 12
    ... 334.5 s | grupo 1/1 | 166592618 nodos | revisado 0.038%, faltan ~10 días [interior primero 0.038%, interior primero + pieza menos restrictiva 2.51e-03%, reinicios, interior primero 2.4%] (Knuth: ~12 días) | máximo colocado 69 de 100 | hilos 8 de 12
    ... 336.5 s | grupo 1/1 | 167620255 nodos | revisado 0.038%, faltan ~10 días [interior primero 0.038%, interior primero + pieza menos restrictiva 2.65e-03%, reinicios, interior primero 2.4%] (Knuth: ~12 días) | máximo colocado 69 de 100 | hilos 8 de 12
    ... 338.5 s | grupo 1/1 | 168654023 nodos | revisado 0.038%, faltan ~10 días [interior primero 0.038%, interior primero + pieza menos restrictiva 2.65e-03%, reinicios, interior primero 2.4%] (Knuth: ~12 días) | máximo colocado 69 de 100 | hilos 8 de 12
    ... 340.5 s | grupo 1/1 | 169660667 nodos | revisado 0.038%, faltan ~10 días [interior primero 0.038%, interior primero + pieza menos restrictiva 2.66e-03%, reinicios, interior primero 2.5%] (Knuth: ~12 días) | máximo colocado 69 de 100 | hilos 8 de 12
    ... 342.5 s | grupo 1/1 | 170659569 nodos | revisado 0.038%, faltan ~10 días [interior primero 0.038%, interior primero + pieza menos restrictiva 2.66e-03%, reinicios, interior primero 2.5%] (Knuth: ~12 días) | máximo colocado 69 de 100 | hilos 8 de 12
    ... 344.6 s | grupo 1/1 | 171657628 nodos | revisado 0.038%, faltan ~10 días [interior primero 0.038%, interior primero + pieza menos restrictiva 2.66e-03%, reinicios, interior primero 2.5%] (Knuth: ~12 días) | máximo colocado 69 de 100 | hilos 8 de 12
    ... 346.6 s | grupo 1/1 | 172644054 nodos | revisado 0.039%, faltan ~10 días [interior primero 0.039%, interior primero + pieza menos restrictiva 2.73e-03%, reinicios, interior primero 2.5%] (Knuth: ~12 días) | máximo colocado 69 de 100 | hilos 8 de 12
    ... 348.6 s | grupo 1/1 | 173646933 nodos | revisado 0.039%, faltan ~10 días [interior primero 0.039%, interior primero + pieza menos restrictiva 2.81e-03%, reinicios, interior primero 2.5%] (Knuth: ~12 días) | máximo colocado 69 de 100 | hilos 8 de 12
    ... 350.6 s | grupo 1/1 | 174637153 nodos | revisado 0.039%, faltan ~10 días [interior primero 0.039%, interior primero + pieza menos restrictiva 3.02e-03%, reinicios, interior primero 2.5%] (Knuth: ~12 días) | máximo colocado 69 de 100 | hilos 8 de 12
    ... 352.6 s | grupo 1/1 | 175638764 nodos | revisado 0.039%, faltan ~10 días [interior primero 0.039%, interior primero + pieza menos restrictiva 3.03e-03%, reinicios, interior primero 2.5%] (Knuth: ~12 días) | máximo colocado 69 de 100 | hilos 8 de 12
    ... 354.6 s | grupo 1/1 | 176648028 nodos | revisado 0.039%, faltan ~11 días [interior primero 0.039%, interior primero + pieza menos restrictiva 3.05e-03%, reinicios, interior primero 2.5%] (Knuth: ~12 días) | máximo colocado 69 de 100 | hilos 8 de 12
    ... 356.6 s | grupo 1/1 | 177652949 nodos | revisado 0.039%, faltan ~11 días [interior primero 0.039%, interior primero + pieza menos restrictiva 3.05e-03%, reinicios, interior primero 2.5%] (Knuth: ~12 días) | máximo colocado 69 de 100 | hilos 8 de 12
    ... 358.6 s | grupo 1/1 | 178654812 nodos | revisado 0.039%, faltan ~11 días [interior primero 0.039%, interior primero + pieza menos restrictiva 3.06e-03%, reinicios, interior primero 2.5%] (Knuth: ~12 días) | máximo colocado 69 de 100 | hilos 8 de 12
    ... 360.7 s | grupo 1/1 | 179672825 nodos | revisado 0.039%, faltan ~11 días [interior primero 0.039%, interior primero + pieza menos restrictiva 3.08e-03%, reinicios, interior primero 2.5%] (Knuth: ~12 días) | máximo colocado 69 de 100 | hilos 8 de 12
    ... 362.7 s | grupo 1/1 | 180685040 nodos | revisado 0.039%, faltan ~11 días [interior primero 0.039%, interior primero + pieza menos restrictiva 3.09e-03%, reinicios, interior primero 2.5%] (Knuth: ~12 días) | máximo colocado 69 de 100 | hilos 8 de 12
    ... 364.7 s | grupo 1/1 | 181685552 nodos | revisado 0.039%, faltan ~11 días [interior primero 0.039%, interior primero + pieza menos restrictiva 3.11e-03%, reinicios, interior primero 2.5%] (Knuth: ~12 días) | máximo colocado 69 de 100 | hilos 8 de 12
    ... 366.7 s | grupo 1/1 | 182692183 nodos | revisado 0.039%, faltan ~11 días [interior primero 0.039%, interior primero + pieza menos restrictiva 3.18e-03%, reinicios, interior primero 2.5%] (Knuth: ~12 días) | máximo colocado 69 de 100 | hilos 8 de 12
    ... 368.7 s | grupo 1/1 | 183694243 nodos | revisado 0.039%, faltan ~11 días [interior primero 0.039%, interior primero + pieza menos restrictiva 3.23e-03%, reinicios, interior primero 2.5%] (Knuth: ~12 días) | máximo colocado 69 de 100 | hilos 8 de 12
    ... 370.7 s | grupo 1/1 | 184689608 nodos | revisado 0.039%, faltan ~11 días [interior primero 0.039%, interior primero + pieza menos restrictiva 3.32e-03%, reinicios, interior primero 2.5%] (Knuth: ~12 días) | máximo colocado 69 de 100 | hilos 8 de 12
    ... 372.7 s | grupo 1/1 | 185674572 nodos | revisado 0.041%, faltan ~11 días [interior primero 0.041%, interior primero + pieza menos restrictiva 3.33e-03%, reinicios, interior primero 2.5%] (Knuth: ~12 días) | máximo colocado 69 de 100 | hilos 8 de 12
    ... 374.7 s | grupo 1/1 | 186670487 nodos | revisado 0.043%, faltan ~10 días [interior primero 0.043%, interior primero + pieza menos restrictiva 3.34e-03%, reinicios, interior primero 2.5%] (Knuth: ~12 días) | máximo colocado 69 de 100 | hilos 8 de 12
    ... 376.7 s | grupo 1/1 | 187666670 nodos | revisado 0.047%, faltan ~9 días [interior primero 0.047%, interior primero + pieza menos restrictiva 3.36e-03%, reinicios, interior primero 2.5%] (Knuth: ~12 días) | máximo colocado 69 de 100 | hilos 8 de 12
    ... 378.8 s | grupo 1/1 | 188660609 nodos | revisado 0.048%, faltan ~9 días [interior primero 0.048%, interior primero + pieza menos restrictiva 3.37e-03%, reinicios, interior primero 2.5%] (Knuth: ~12 días) | máximo colocado 69 de 100 | hilos 8 de 12
    ... 380.8 s | grupo 1/1 | 189644722 nodos | revisado 0.050%, faltan ~9 días [interior primero 0.050%, interior primero + pieza menos restrictiva 3.37e-03%, reinicios, interior primero 2.5%] (Knuth: ~12 días) | máximo colocado 69 de 100 | hilos 8 de 12
    ... 382.8 s | grupo 1/1 | 190657849 nodos | revisado 0.057%, faltan ~8 días [interior primero 0.057%, interior primero + pieza menos restrictiva 3.51e-03%, reinicios, interior primero 2.5%] (Knuth: ~12 días) | máximo colocado 69 de 100 | hilos 8 de 12
    ... 384.8 s | grupo 1/1 | 191706719 nodos | revisado 0.058%, faltan ~8 días [interior primero 0.058%, interior primero + pieza menos restrictiva 3.65e-03%, reinicios, interior primero 2.5%] (Knuth: ~12 días) | máximo colocado 69 de 100 | hilos 8 de 12
    ... 386.8 s | grupo 1/1 | 192772604 nodos | revisado 0.059%, faltan ~8 días [interior primero 0.059%, interior primero + pieza menos restrictiva 3.71e-03%, reinicios, interior primero 2.5%] (Knuth: ~12 días) | máximo colocado 69 de 100 | hilos 8 de 12
    ... 388.8 s | grupo 1/1 | 193835325 nodos | revisado 0.059%, faltan ~8 días [interior primero 0.059%, interior primero + pieza menos restrictiva 3.73e-03%, reinicios, interior primero 2.5%] (Knuth: ~12 días) | máximo colocado 69 de 100 | hilos 8 de 12
    ... 390.8 s | grupo 1/1 | 194854756 nodos | revisado 0.061%, faltan ~7 días [interior primero 0.061%, interior primero + pieza menos restrictiva 3.75e-03%, reinicios, interior primero 2.5%] (Knuth: ~12 días) | máximo colocado 69 de 100 | hilos 8 de 12
    ... 392.8 s | grupo 1/1 | 195887104 nodos | revisado 0.064%, faltan ~7 días [interior primero 0.064%, interior primero + pieza menos restrictiva 3.78e-03%, reinicios, interior primero 2.5%] (Knuth: ~12 días) | máximo colocado 69 de 100 | hilos 8 de 12
    ... 394.9 s | grupo 1/1 | 196899187 nodos | revisado 0.069%, faltan ~7 días [interior primero 0.069%, interior primero + pieza menos restrictiva 3.79e-03%, reinicios, interior primero 2.5%] (Knuth: ~12 días) | máximo colocado 69 de 100 | hilos 8 de 12
    ... 396.9 s | grupo 1/1 | 197915272 nodos | revisado 0.072%, faltan ~6 días [interior primero 0.072%, interior primero + pieza menos restrictiva 3.83e-03%, reinicios, interior primero 2.5%] (Knuth: ~12 días) | máximo colocado 69 de 100 | hilos 8 de 12
    ... 398.9 s | grupo 1/1 | 198943234 nodos | revisado 0.079%, faltan ~6 días [interior primero 0.079%, interior primero + pieza menos restrictiva 3.86e-03%, reinicios, interior primero 2.5%] (Knuth: ~12 días) | máximo colocado 69 de 100 | hilos 8 de 12
    ... 400.9 s | grupo 1/1 | 199960107 nodos | revisado 0.081%, faltan ~6 días [interior primero 0.081%, interior primero + pieza menos restrictiva 3.89e-03%, reinicios, interior primero 2.5%] (Knuth: ~12 días) | máximo colocado 69 de 100 | hilos 8 de 12
    ... 402.9 s | grupo 1/1 | 200983448 nodos | revisado 0.084%, faltan ~6 días [interior primero 0.084%, interior primero + pieza menos restrictiva 3.90e-03%, reinicios, interior primero 2.5%] (Knuth: ~12 días) | máximo colocado 69 de 100 | hilos 8 de 12
    ... 404.9 s | grupo 1/1 | 202012216 nodos | revisado 0.084%, faltan ~6 días [interior primero 0.084%, interior primero + pieza menos restrictiva 3.94e-03%, reinicios, interior primero 2.5%] (Knuth: ~12 días) | máximo colocado 69 de 100 | hilos 8 de 12
    ... 406.9 s | grupo 1/1 | 203021924 nodos | revisado 0.084%, faltan ~6 días [interior primero 0.084%, interior primero + pieza menos restrictiva 3.96e-03%, reinicios, interior primero 2.5%] (Knuth: ~12 días) | máximo colocado 69 de 100 | hilos 8 de 12
    ... 408.9 s | grupo 1/1 | 204042269 nodos | revisado 0.084%, faltan ~6 días [interior primero 0.084%, interior primero + pieza menos restrictiva 4.02e-03%, reinicios, interior primero 2.5%] (Knuth: ~12 días) | máximo colocado 69 de 100 | hilos 8 de 12
    ... 410.9 s | grupo 1/1 | 205047786 nodos | revisado 0.084%, faltan ~6 días [interior primero 0.084%, interior primero + pieza menos restrictiva 4.08e-03%, reinicios, interior primero 2.5%] (Knuth: ~12 días) | máximo colocado 69 de 100 | hilos 8 de 12
    ... 412.9 s | grupo 1/1 | 206080554 nodos | revisado 0.084%, faltan ~6 días [interior primero 0.084%, interior primero + pieza menos restrictiva 4.12e-03%, reinicios, interior primero 2.5%] (Knuth: ~12 días) | máximo colocado 69 de 100 | hilos 8 de 12
    ... 414.9 s | grupo 1/1 | 207109479 nodos | revisado 0.084%, faltan ~6 días [interior primero 0.084%, interior primero + pieza menos restrictiva 4.14e-03%, reinicios, interior primero 2.5%] (Knuth: ~12 días) | máximo colocado 69 de 100 | hilos 8 de 12
    ... 416.9 s | grupo 1/1 | 208140721 nodos | revisado 0.084%, faltan ~6 días [interior primero 0.084%, interior primero + pieza menos restrictiva 4.52e-03%, reinicios, interior primero 2.5%] (Knuth: ~12 días) | máximo colocado 69 de 100 | hilos 8 de 12
    ... 418.9 s | grupo 1/1 | 209169492 nodos | revisado 0.084%, faltan ~6 días [interior primero 0.084%, interior primero + pieza menos restrictiva 4.54e-03%, reinicios, interior primero 2.5%] (Knuth: ~12 días) | máximo colocado 69 de 100 | hilos 8 de 12
    ... 421.0 s | grupo 1/1 | 210186351 nodos | revisado 0.084%, faltan ~6 días [interior primero 0.084%, interior primero + pieza menos restrictiva 7.37e-03%, reinicios, interior primero 2.5%] (Knuth: ~12 días) | máximo colocado 69 de 100 | hilos 8 de 12
    ... 423.0 s | grupo 1/1 | 211214298 nodos | revisado 0.084%, faltan ~6 días [interior primero 0.084%, interior primero + pieza menos restrictiva 7.39e-03%, reinicios, interior primero 2.5%] (Knuth: ~12 días) | máximo colocado 69 de 100 | hilos 8 de 12
    ... 425.0 s | grupo 1/1 | 212235074 nodos | revisado 0.085%, faltan ~6 días [interior primero 0.085%, interior primero + pieza menos restrictiva 7.40e-03%, reinicios, interior primero 2.6%] (Knuth: ~12 días) | máximo colocado 69 de 100 | hilos 8 de 12
    ... 427.0 s | grupo 1/1 | 213216894 nodos | revisado 0.085%, faltan ~6 días [interior primero 0.085%, interior primero + pieza menos restrictiva 7.51e-03%, reinicios, interior primero 2.6%] (Knuth: ~12 días) | máximo colocado 69 de 100 | hilos 8 de 12
    ... 429.0 s | grupo 1/1 | 214206460 nodos | revisado 0.085%, faltan ~6 días [interior primero 0.085%, interior primero + pieza menos restrictiva 7.54e-03%, reinicios, interior primero 2.6%] (Knuth: ~12 días) | máximo colocado 69 de 100 | hilos 8 de 12
    ... 431.0 s | grupo 1/1 | 215215862 nodos | revisado 0.085%, faltan ~6 días [interior primero 0.085%, interior primero + pieza menos restrictiva 7.55e-03%, reinicios, interior primero 2.6%] (Knuth: ~12 días) | máximo colocado 69 de 100 | hilos 8 de 12
    ... 433.0 s | grupo 1/1 | 216220081 nodos | revisado 0.085%, faltan ~6 días [interior primero 0.085%, interior primero + pieza menos restrictiva 7.59e-03%, reinicios, interior primero 2.7%] (Knuth: ~12 días) | máximo colocado 69 de 100 | hilos 8 de 12
    ... 435.0 s | grupo 1/1 | 217224819 nodos | revisado 0.085%, faltan ~6 días [interior primero 0.085%, interior primero + pieza menos restrictiva 7.75e-03%, reinicios, interior primero 2.7%] (Knuth: ~12 días) | máximo colocado 69 de 100 | hilos 8 de 12
    ... 437.0 s | grupo 1/1 | 218205470 nodos | revisado 0.085%, faltan ~6 días [interior primero 0.085%, interior primero + pieza menos restrictiva 8.10e-03%, reinicios, interior primero 2.7%] (Knuth: ~12 días) | máximo colocado 69 de 100 | hilos 8 de 12
    ... 439.0 s | grupo 1/1 | 219190000 nodos | revisado 0.085%, faltan ~6 días [interior primero 0.085%, interior primero + pieza menos restrictiva 8.10e-03%, reinicios, interior primero 2.7%] (Knuth: ~12 días) | máximo colocado 69 de 100 | hilos 8 de 12
    ... 441.1 s | grupo 1/1 | 220199087 nodos | revisado 0.085%, faltan ~6 días [interior primero 0.085%, interior primero + pieza menos restrictiva 8.11e-03%, reinicios, interior primero 2.7%] (Knuth: ~12 días) | máximo colocado 69 de 100 | hilos 8 de 12
    ... 443.1 s | grupo 1/1 | 221217183 nodos | revisado 0.085%, faltan ~6 días [interior primero 0.085%, interior primero + pieza menos restrictiva 8.11e-03%, reinicios, interior primero 2.7%] (Knuth: ~12 días) | máximo colocado 69 de 100 | hilos 8 de 12
    ... 445.1 s | grupo 1/1 | 222221099 nodos | revisado 0.085%, faltan ~6 días [interior primero 0.085%, interior primero + pieza menos restrictiva 8.12e-03%, reinicios, interior primero 2.7%] (Knuth: ~12 días) | máximo colocado 69 de 100 | hilos 8 de 12
    ... 447.1 s | grupo 1/1 | 223217249 nodos | revisado 0.085%, faltan ~6 días [interior primero 0.085%, interior primero + pieza menos restrictiva 8.13e-03%, reinicios, interior primero 2.7%] (Knuth: ~12 días) | máximo colocado 69 de 100 | hilos 8 de 12
    ... 449.1 s | grupo 1/1 | 224219202 nodos | revisado 0.085%, faltan ~6 días [interior primero 0.085%, interior primero + pieza menos restrictiva 8.17e-03%, reinicios, interior primero 2.8%] (Knuth: ~12 días) | máximo colocado 69 de 100 | hilos 8 de 12
    ... 451.1 s | grupo 1/1 | 225215104 nodos | revisado 0.085%, faltan ~6 días [interior primero 0.085%, interior primero + pieza menos restrictiva 8.17e-03%, reinicios, interior primero 2.8%] (Knuth: ~12 días) | máximo colocado 69 de 100 | hilos 8 de 12
    ... 453.1 s | grupo 1/1 | 226181651 nodos | revisado 0.085%, faltan ~6 días [interior primero 0.085%, interior primero + pieza menos restrictiva 8.19e-03%, reinicios, interior primero 2.8%] (Knuth: ~12 días) | máximo colocado 69 de 100 | hilos 8 de 12
    ... 455.1 s | grupo 1/1 | 227166983 nodos | revisado 0.085%, faltan ~6 días [interior primero 0.085%, interior primero + pieza menos restrictiva 8.23e-03%, reinicios, interior primero 2.8%] (Knuth: ~12 días) | máximo colocado 69 de 100 | hilos 8 de 12
    ... 457.1 s | grupo 1/1 | 228165954 nodos | revisado 0.085%, faltan ~6 días [interior primero 0.085%, interior primero + pieza menos restrictiva 8.24e-03%, reinicios, interior primero 2.8%] (Knuth: ~12 días) | máximo colocado 69 de 100 | hilos 8 de 12
    ... 459.1 s | grupo 1/1 | 229169993 nodos | revisado 0.085%, faltan ~6 días [interior primero 0.085%, interior primero + pieza menos restrictiva 8.25e-03%, reinicios, interior primero 2.9%] (Knuth: ~12 días) | máximo colocado 69 de 100 | hilos 8 de 12
    ... 461.2 s | grupo 1/1 | 230184628 nodos | revisado 0.085%, faltan ~6 días [interior primero 0.085%, interior primero + pieza menos restrictiva 8.25e-03%, reinicios, interior primero 2.9%] (Knuth: ~12 días) | máximo colocado 69 de 100 | hilos 8 de 12
    ... 463.2 s | grupo 1/1 | 231200460 nodos | revisado 0.085%, faltan ~6 días [interior primero 0.085%, interior primero + pieza menos restrictiva 8.28e-03%, reinicios, interior primero 2.9%] (Knuth: ~12 días) | máximo colocado 69 de 100 | hilos 8 de 12
    ... 465.2 s | grupo 1/1 | 232177749 nodos | revisado 0.085%, faltan ~6 días [interior primero 0.085%, interior primero + pieza menos restrictiva 8.33e-03%, reinicios, interior primero 2.9%] (Knuth: ~12 días) | máximo colocado 69 de 100 | hilos 8 de 12
    ... 467.2 s | grupo 1/1 | 233170468 nodos | revisado 0.085%, faltan ~6 días [interior primero 0.085%, interior primero + pieza menos restrictiva 8.37e-03%, reinicios, interior primero 2.9%] (Knuth: ~12 días) | máximo colocado 69 de 100 | hilos 8 de 12
    ... 469.2 s | grupo 1/1 | 234170166 nodos | revisado 0.085%, faltan ~6 días [interior primero 0.085%, interior primero + pieza menos restrictiva 8.42e-03%, reinicios, interior primero 2.9%] (Knuth: ~12 días) | máximo colocado 69 de 100 | hilos 8 de 12
    ... 471.2 s | grupo 1/1 | 235160535 nodos | revisado 0.086%, faltan ~6 días [interior primero 0.086%, interior primero + pieza menos restrictiva 8.43e-03%, reinicios, interior primero 2.9%] (Knuth: ~12 días) | máximo colocado 69 de 100 | hilos 8 de 12
    ... 473.2 s | grupo 1/1 | 236135754 nodos | revisado 0.086%, faltan ~6 días [interior primero 0.086%, interior primero + pieza menos restrictiva 8.44e-03%, reinicios, interior primero 2.9%] (Knuth: ~12 días) | máximo colocado 69 de 100 | hilos 8 de 12
    ... 475.2 s | grupo 1/1 | 237121596 nodos | revisado 0.086%, faltan ~6 días [interior primero 0.086%, interior primero + pieza menos restrictiva 8.48e-03%, reinicios, interior primero 2.9%] (Knuth: ~12 días) | máximo colocado 69 de 100 | hilos 8 de 12
    ... 477.2 s | grupo 1/1 | 238119317 nodos | revisado 0.086%, faltan ~6 días [interior primero 0.086%, interior primero + pieza menos restrictiva 8.55e-03%, reinicios, interior primero 2.9%] (Knuth: ~12 días) | máximo colocado 69 de 100 | hilos 8 de 12
    ... 479.3 s | grupo 1/1 | 239119709 nodos | revisado 0.086%, faltan ~6 días [interior primero 0.086%, interior primero + pieza menos restrictiva 8.59e-03%, reinicios, interior primero 2.9%] (Knuth: ~12 días) | máximo colocado 69 de 100 | hilos 8 de 12
    ... 481.3 s | grupo 1/1 | 240115179 nodos | revisado 0.086%, faltan ~6 días [interior primero 0.086%, interior primero + pieza menos restrictiva 8.61e-03%, reinicios, interior primero 2.9%] (Knuth: ~12 días) | máximo colocado 69 de 100 | hilos 8 de 12
    ... 483.3 s | grupo 1/1 | 241096876 nodos | revisado 0.086%, faltan ~6 días [interior primero 0.086%, interior primero + pieza menos restrictiva 8.83e-03%, reinicios, interior primero 2.9%] (Knuth: ~12 días) | máximo colocado 69 de 100 | hilos 8 de 12
    ... 485.3 s | grupo 1/1 | 242087613 nodos | revisado 0.086%, faltan ~6 días [interior primero 0.086%, interior primero + pieza menos restrictiva 9.17e-03%, reinicios, interior primero 2.9%] (Knuth: ~12 días) | máximo colocado 69 de 100 | hilos 8 de 12
    ... 487.3 s | grupo 1/1 | 243108955 nodos | revisado 0.086%, faltan ~7 días [interior primero 0.086%, interior primero + pieza menos restrictiva 9.21e-03%, reinicios, interior primero 2.9%] (Knuth: ~12 días) | máximo colocado 69 de 100 | hilos 8 de 12
    ... 489.3 s | grupo 1/1 | 244113253 nodos | revisado 0.086%, faltan ~7 días [interior primero 0.086%, interior primero + pieza menos restrictiva 9.23e-03%, reinicios, interior primero 2.9%] (Knuth: ~12 días) | máximo colocado 69 de 100 | hilos 8 de 12
    ... 491.3 s | grupo 1/1 | 245110652 nodos | revisado 0.086%, faltan ~7 días [interior primero 0.086%, interior primero + pieza menos restrictiva 9.34e-03%, reinicios, interior primero 2.9%] (Knuth: ~12 días) | máximo colocado 69 de 100 | hilos 8 de 12
    ... 493.3 s | grupo 1/1 | 246139750 nodos | revisado 0.086%, faltan ~7 días [interior primero 0.086%, interior primero + pieza menos restrictiva 9.34e-03%, reinicios, interior primero 2.9%] (Knuth: ~12 días) | máximo colocado 69 de 100 | hilos 8 de 12
    ... 495.3 s | grupo 1/1 | 247158993 nodos | revisado 0.086%, faltan ~7 días [interior primero 0.086%, interior primero + pieza menos restrictiva 9.36e-03%, reinicios, interior primero 2.9%] (Knuth: ~12 días) | máximo colocado 69 de 100 | hilos 8 de 12
    ... 497.3 s | grupo 1/1 | 248157110 nodos | revisado 0.086%, faltan ~7 días [interior primero 0.086%, interior primero + pieza menos restrictiva 9.37e-03%, reinicios, interior primero 2.9%] (Knuth: ~12 días) | máximo colocado 69 de 100 | hilos 8 de 12
    ... 499.3 s | grupo 1/1 | 249148341 nodos | revisado 0.087%, faltan ~7 días [interior primero 0.087%, interior primero + pieza menos restrictiva 9.42e-03%, reinicios, interior primero 2.9%] (Knuth: ~12 días) | máximo colocado 69 de 100 | hilos 8 de 12
    ... 501.4 s | grupo 1/1 | 250125844 nodos | revisado 0.087%, faltan ~7 días [interior primero 0.087%, interior primero + pieza menos restrictiva 9.54e-03%, reinicios, interior primero 3.0%] (Knuth: ~12 días) | máximo colocado 69 de 100 | hilos 8 de 12
    ... 503.4 s | grupo 1/1 | 251111875 nodos | revisado 0.087%, faltan ~7 días [interior primero 0.087%, interior primero + pieza menos restrictiva 9.59e-03%, reinicios, interior primero 3.0%] (Knuth: ~12 días) | máximo colocado 69 de 100 | hilos 8 de 12
    ... 505.4 s | grupo 1/1 | 252105947 nodos | revisado 0.087%, faltan ~7 días [interior primero 0.087%, interior primero + pieza menos restrictiva 9.80e-03%, reinicios, interior primero 3.0%] (Knuth: ~12 días) | máximo colocado 69 de 100 | hilos 8 de 12
    ... 507.4 s | grupo 1/1 | 253114010 nodos | revisado 0.087%, faltan ~7 días [interior primero 0.087%, interior primero + pieza menos restrictiva 9.80e-03%, reinicios, interior primero 3.0%] (Knuth: ~12 días) | máximo colocado 69 de 100 | hilos 8 de 12
    ... 509.4 s | grupo 1/1 | 254131733 nodos | revisado 0.087%, faltan ~7 días [interior primero 0.087%, interior primero + pieza menos restrictiva 9.81e-03%, reinicios, interior primero 3.0%] (Knuth: ~12 días) | máximo colocado 69 de 100 | hilos 8 de 12
    ... 511.4 s | grupo 1/1 | 255125830 nodos | revisado 0.087%, faltan ~7 días [interior primero 0.087%, interior primero + pieza menos restrictiva 9.82e-03%, reinicios, interior primero 3.0%] (Knuth: ~12 días) | máximo colocado 69 de 100 | hilos 8 de 12
    ... 513.4 s | grupo 1/1 | 256119980 nodos | revisado 0.088%, faltan ~7 días [interior primero 0.088%, interior primero + pieza menos restrictiva 9.82e-03%, reinicios, interior primero 3.0%] (Knuth: ~12 días) | máximo colocado 69 de 100 | hilos 8 de 12
    ... 515.4 s | grupo 1/1 | 257117766 nodos | revisado 0.088%, faltan ~7 días [interior primero 0.088%, interior primero + pieza menos restrictiva 9.83e-03%, reinicios, interior primero 3.0%] (Knuth: ~12 días) | máximo colocado 69 de 100 | hilos 8 de 12
    ... 517.4 s | grupo 1/1 | 258110194 nodos | revisado 0.088%, faltan ~7 días [interior primero 0.088%, interior primero + pieza menos restrictiva 9.83e-03%, reinicios, interior primero 3.0%] (Knuth: ~12 días) | máximo colocado 69 de 100 | hilos 8 de 12
    ... 519.4 s | grupo 1/1 | 259114668 nodos | revisado 0.088%, faltan ~7 días [interior primero 0.088%, interior primero + pieza menos restrictiva 9.83e-03%, reinicios, interior primero 3.1%] (Knuth: ~12 días) | máximo colocado 69 de 100 | hilos 8 de 12
    ... 521.4 s | grupo 1/1 | 260134419 nodos | revisado 0.088%, faltan ~7 días [interior primero 0.088%, interior primero + pieza menos restrictiva 9.83e-03%, reinicios, interior primero 3.1%] (Knuth: ~12 días) | máximo colocado 69 de 100 | hilos 8 de 12
    ... 523.4 s | grupo 1/1 | 261139906 nodos | revisado 0.089%, faltan ~7 días [interior primero 0.089%, interior primero + pieza menos restrictiva 9.83e-03%, reinicios, interior primero 3.1%] (Knuth: ~12 días) | máximo colocado 69 de 100 | hilos 8 de 12
    ... 525.5 s | grupo 1/1 | 262118798 nodos | revisado 0.089%, faltan ~7 días [interior primero 0.089%, interior primero + pieza menos restrictiva 9.84e-03%, reinicios, interior primero 3.1%] (Knuth: ~12 días) | máximo colocado 69 de 100 | hilos 8 de 12
    ... 527.5 s | grupo 1/1 | 263139170 nodos | revisado 0.089%, faltan ~7 días [interior primero 0.089%, interior primero + pieza menos restrictiva 9.84e-03%, reinicios, interior primero 3.1%] (Knuth: ~12 días) | máximo colocado 69 de 100 | hilos 8 de 12
    ... 529.5 s | grupo 1/1 | 264179327 nodos | revisado 0.089%, faltan ~7 días [interior primero 0.089%, interior primero + pieza menos restrictiva 9.85e-03%, reinicios, interior primero 3.1%] (Knuth: ~12 días) | máximo colocado 69 de 100 | hilos 8 de 12
    ... 531.5 s | grupo 1/1 | 265212122 nodos | revisado 0.090%, faltan ~7 días [interior primero 0.090%, interior primero + pieza menos restrictiva 9.86e-03%, reinicios, interior primero 3.1%] (Knuth: ~12 días) | máximo colocado 69 de 100 | hilos 8 de 12
    ... 533.5 s | grupo 1/1 | 266265061 nodos | revisado 0.090%, faltan ~7 días [interior primero 0.090%, interior primero + pieza menos restrictiva 9.86e-03%, reinicios, interior primero 3.1%] (Knuth: ~12 días) | máximo colocado 69 de 100 | hilos 8 de 12
    ... 535.5 s | grupo 1/1 | 267287064 nodos | revisado 0.090%, faltan ~7 días [interior primero 0.090%, interior primero + pieza menos restrictiva 9.86e-03%, reinicios, interior primero 3.1%] (Knuth: ~12 días) | máximo colocado 69 de 100 | hilos 8 de 12
    ... 537.5 s | grupo 1/1 | 268292167 nodos | revisado 0.090%, faltan ~7 días [interior primero 0.090%, interior primero + pieza menos restrictiva 9.88e-03%, reinicios, interior primero 3.2%] (Knuth: ~12 días) | máximo colocado 69 de 100 | hilos 8 de 12
    ... 539.5 s | grupo 1/1 | 269304420 nodos | revisado 0.091%, faltan ~7 días [interior primero 0.091%, interior primero + pieza menos restrictiva 9.89e-03%, reinicios, interior primero 3.2%] (Knuth: ~12 días) | máximo colocado 69 de 100 | hilos 8 de 12
    ... 541.5 s | grupo 1/1 | 270306176 nodos | revisado 0.091%, faltan ~7 días [interior primero 0.091%, interior primero + pieza menos restrictiva 9.89e-03%, reinicios, interior primero 3.2%] (Knuth: ~12 días) | máximo colocado 69 de 100 | hilos 8 de 12
    ... 543.5 s | grupo 1/1 | 271310183 nodos | revisado 0.091%, faltan ~7 días [interior primero 0.091%, interior primero + pieza menos restrictiva 9.89e-03%, reinicios, interior primero 3.2%] (Knuth: ~12 días) | máximo colocado 69 de 100 | hilos 8 de 12
    ... 545.5 s | grupo 1/1 | 272318265 nodos | revisado 0.091%, faltan ~7 días [interior primero 0.091%, interior primero + pieza menos restrictiva 9.90e-03%, reinicios, interior primero 3.2%] (Knuth: ~12 días) | máximo colocado 69 de 100 | hilos 8 de 12
    ... 547.6 s | grupo 1/1 | 273335358 nodos | revisado 0.091%, faltan ~7 días [interior primero 0.091%, interior primero + pieza menos restrictiva 9.92e-03%, reinicios, interior primero 3.2%] (Knuth: ~12 días) | máximo colocado 69 de 100 | hilos 8 de 12
    ... 549.6 s | grupo 1/1 | 274326699 nodos | revisado 0.091%, faltan ~7 días [interior primero 0.091%, interior primero + pieza menos restrictiva 0.010%, reinicios, interior primero 3.3%] (Knuth: ~12 días) | máximo colocado 69 de 100 | hilos 8 de 12
    ... 551.6 s | grupo 1/1 | 275329223 nodos | revisado 0.091%, faltan ~7 días [interior primero 0.091%, interior primero + pieza menos restrictiva 0.010%, reinicios, interior primero 3.3%] (Knuth: ~12 días) | máximo colocado 69 de 100 | hilos 8 de 12
    ... 553.6 s | grupo 1/1 | 276339582 nodos | revisado 0.091%, faltan ~7 días [interior primero 0.091%, interior primero + pieza menos restrictiva 0.010%, reinicios, interior primero 3.3%] (Knuth: ~12 días) | máximo colocado 69 de 100 | hilos 8 de 12
    ... 555.6 s | grupo 1/1 | 277364711 nodos | revisado 0.091%, faltan ~7 días [interior primero 0.091%, interior primero + pieza menos restrictiva 0.010%, reinicios, interior primero 3.3%] (Knuth: ~12 días) | máximo colocado 69 de 100 | hilos 8 de 12
    ... 557.6 s | grupo 1/1 | 278403076 nodos | revisado 0.091%, faltan ~7 días [interior primero 0.091%, interior primero + pieza menos restrictiva 0.010%, reinicios, interior primero 3.4%] (Knuth: ~12 días) | máximo colocado 69 de 100 | hilos 8 de 12
    ... 559.6 s | grupo 1/1 | 279425043 nodos | revisado 0.091%, faltan ~7 días [interior primero 0.091%, interior primero + pieza menos restrictiva 0.010%, reinicios, interior primero 3.4%] (Knuth: ~12 días) | máximo colocado 69 de 100 | hilos 8 de 12
    ... 561.6 s | grupo 1/1 | 280419083 nodos | revisado 0.091%, faltan ~7 días [interior primero 0.091%, interior primero + pieza menos restrictiva 0.010%, reinicios, interior primero 3.4%] (Knuth: ~12 días) | máximo colocado 69 de 100 | hilos 8 de 12
    ... 563.6 s | grupo 1/1 | 281416838 nodos | revisado 0.092%, faltan ~7 días [interior primero 0.092%, interior primero + pieza menos restrictiva 0.010%, reinicios, interior primero 3.4%] (Knuth: ~12 días) | máximo colocado 69 de 100 | hilos 8 de 12
    ... 565.7 s | grupo 1/1 | 282415992 nodos | revisado 0.092%, faltan ~7 días [interior primero 0.092%, interior primero + pieza menos restrictiva 0.010%, reinicios, interior primero 3.4%] (Knuth: ~12 días) | máximo colocado 69 de 100 | hilos 8 de 12
    ... 567.7 s | grupo 1/1 | 283383906 nodos | revisado 0.092%, faltan ~7 días [interior primero 0.092%, interior primero + pieza menos restrictiva 0.010%, reinicios, interior primero 3.4%] (Knuth: ~12 días) | máximo colocado 69 de 100 | hilos 8 de 12
    ... 569.7 s | grupo 1/1 | 284376617 nodos | revisado 0.092%, faltan ~7 días [interior primero 0.092%, interior primero + pieza menos restrictiva 0.010%, reinicios, interior primero 3.4%] (Knuth: ~12 días) | máximo colocado 69 de 100 | hilos 8 de 12
    ... 571.7 s | grupo 1/1 | 285368537 nodos | revisado 0.092%, faltan ~7 días [interior primero 0.092%, interior primero + pieza menos restrictiva 0.010%, reinicios, interior primero 3.5%] (Knuth: ~12 días) | máximo colocado 69 de 100 | hilos 8 de 12
    ... 573.7 s | grupo 1/1 | 286368489 nodos | revisado 0.092%, faltan ~7 días [interior primero 0.092%, interior primero + pieza menos restrictiva 0.010%, reinicios, interior primero 3.5%] (Knuth: ~12 días) | máximo colocado 69 de 100 | hilos 8 de 12
    ... 575.7 s | grupo 1/1 | 287351710 nodos | revisado 0.092%, faltan ~7 días [interior primero 0.092%, interior primero + pieza menos restrictiva 0.010%, reinicios, interior primero 3.5%] (Knuth: ~12 días) | máximo colocado 69 de 100 | hilos 8 de 12
    ... 577.7 s | grupo 1/1 | 288350698 nodos | revisado 0.092%, faltan ~7 días [interior primero 0.092%, interior primero + pieza menos restrictiva 0.010%, reinicios, interior primero 3.5%] (Knuth: ~12 días) | máximo colocado 69 de 100 | hilos 8 de 12
    ... 579.7 s | grupo 1/1 | 289353249 nodos | revisado 0.092%, faltan ~7 días [interior primero 0.092%, interior primero + pieza menos restrictiva 0.010%, reinicios, interior primero 3.5%] (Knuth: ~12 días) | máximo colocado 69 de 100 | hilos 8 de 12
    ... 581.7 s | grupo 1/1 | 290359572 nodos | revisado 0.092%, faltan ~7 días [interior primero 0.092%, interior primero + pieza menos restrictiva 0.010%, reinicios, interior primero 3.5%] (Knuth: ~12 días) | máximo colocado 69 de 100 | hilos 8 de 12
    ... 583.7 s | grupo 1/1 | 291378414 nodos | revisado 0.093%, faltan ~7 días [interior primero 0.093%, interior primero + pieza menos restrictiva 0.010%, reinicios, interior primero 3.5%] (Knuth: ~12 días) | máximo colocado 69 de 100 | hilos 8 de 12
    ... 585.7 s | grupo 1/1 | 292381460 nodos | revisado 0.093%, faltan ~7 días [interior primero 0.093%, interior primero + pieza menos restrictiva 0.010%, reinicios, interior primero 3.5%] (Knuth: ~12 días) | máximo colocado 69 de 100 | hilos 8 de 12
    ... 587.7 s | grupo 1/1 | 293386842 nodos | revisado 0.093%, faltan ~7 días [interior primero 0.093%, interior primero + pieza menos restrictiva 0.010%, reinicios, interior primero 3.5%] (Knuth: ~12 días) | máximo colocado 69 de 100 | hilos 8 de 12
    ... 589.7 s | grupo 1/1 | 294387682 nodos | revisado 0.093%, faltan ~7 días [interior primero 0.093%, interior primero + pieza menos restrictiva 0.010%, reinicios, interior primero 3.5%] (Knuth: ~12 días) | máximo colocado 69 de 100 | hilos 8 de 12
    ... 591.7 s | grupo 1/1 | 295357560 nodos | revisado 0.093%, faltan ~7 días [interior primero 0.093%, interior primero + pieza menos restrictiva 0.010%, reinicios, interior primero 3.5%] (Knuth: ~12 días) | máximo colocado 69 de 100 | hilos 8 de 12
    ... 593.7 s | grupo 1/1 | 296347382 nodos | revisado 0.093%, faltan ~7 días [interior primero 0.093%, interior primero + pieza menos restrictiva 0.010%, reinicios, interior primero 3.5%] (Knuth: ~12 días) | máximo colocado 69 de 100 | hilos 8 de 12
    ... 595.7 s | grupo 1/1 | 297319779 nodos | revisado 0.093%, faltan ~7 días [interior primero 0.093%, interior primero + pieza menos restrictiva 0.010%, reinicios, interior primero 3.5%] (Knuth: ~12 días) | máximo colocado 69 de 100 | hilos 8 de 12
    ... 597.8 s | grupo 1/1 | 298315632 nodos | revisado 0.093%, faltan ~7 días [interior primero 0.093%, interior primero + pieza menos restrictiva 0.010%, reinicios, interior primero 3.5%] (Knuth: ~12 días) | máximo colocado 69 de 100 | hilos 8 de 12
    ... 599.8 s | grupo 1/1 | 299286802 nodos | revisado 0.093%, faltan ~7 días [interior primero 0.093%, interior primero + pieza menos restrictiva 0.010%, reinicios, interior primero 3.5%] (Knuth: ~12 días) | máximo colocado 69 de 100 | hilos 8 de 12
    ... 601.8 s | grupo 1/1 | 300248219 nodos | revisado 0.093%, faltan ~7 días [interior primero 0.093%, interior primero + pieza menos restrictiva 0.010%, reinicios, interior primero 3.6%] (Knuth: ~12 días) | máximo colocado 69 de 100 | hilos 8 de 12
    ... 603.8 s | grupo 1/1 | 301173577 nodos | revisado 0.093%, faltan ~7 días [interior primero 0.093%, interior primero + pieza menos restrictiva 0.010%, reinicios, interior primero 3.6%] (Knuth: ~12 días) | máximo colocado 69 de 100 | hilos 8 de 12
    ... 605.8 s | grupo 1/1 | 302099840 nodos | revisado 0.094%, faltan ~7 días [interior primero 0.094%, interior primero + pieza menos restrictiva 0.010%, reinicios, interior primero 3.6%] (Knuth: ~12 días) | máximo colocado 69 de 100 | hilos 8 de 12
    ... 607.8 s | grupo 1/1 | 303049246 nodos | revisado 0.094%, faltan ~7 días [interior primero 0.094%, interior primero + pieza menos restrictiva 0.010%, reinicios, interior primero 3.6%] (Knuth: ~12 días) | máximo colocado 69 de 100 | hilos 8 de 12
    ... 609.8 s | grupo 1/1 | 303974671 nodos | revisado 0.094%, faltan ~7 días [interior primero 0.094%, interior primero + pieza menos restrictiva 0.010%, reinicios, interior primero 3.6%] (Knuth: ~12 días) | máximo colocado 69 de 100 | hilos 8 de 12
    ... 611.8 s | grupo 1/1 | 304929934 nodos | revisado 0.094%, faltan ~8 días [interior primero 0.094%, interior primero + pieza menos restrictiva 0.010%, reinicios, interior primero 3.6%] (Knuth: ~12 días) | máximo colocado 69 de 100 | hilos 8 de 12
    ... 613.8 s | grupo 1/1 | 305880500 nodos | revisado 0.094%, faltan ~8 días [interior primero 0.094%, interior primero + pieza menos restrictiva 0.010%, reinicios, interior primero 3.6%] (Knuth: ~12 días) | máximo colocado 69 de 100 | hilos 8 de 12
    ... 615.8 s | grupo 1/1 | 306836781 nodos | revisado 0.094%, faltan ~8 días [interior primero 0.094%, interior primero + pieza menos restrictiva 0.010%, reinicios, interior primero 3.6%] (Knuth: ~12 días) | máximo colocado 69 de 100 | hilos 8 de 12
    ... 617.8 s | grupo 1/1 | 307822620 nodos | revisado 0.095%, faltan ~8 días [interior primero 0.095%, interior primero + pieza menos restrictiva 0.010%, reinicios, interior primero 3.6%] (Knuth: ~12 días) | máximo colocado 69 de 100 | hilos 8 de 12
    ... 619.8 s | grupo 1/1 | 308821692 nodos | revisado 0.095%, faltan ~7 días [interior primero 0.095%, interior primero + pieza menos restrictiva 0.010%, reinicios, interior primero 3.6%] (Knuth: ~12 días) | máximo colocado 69 de 100 | hilos 8 de 12
    ... 621.9 s | grupo 1/1 | 309828785 nodos | revisado 0.095%, faltan ~8 días [interior primero 0.095%, interior primero + pieza menos restrictiva 0.010%, reinicios, interior primero 3.6%] (Knuth: ~12 días) | máximo colocado 69 de 100 | hilos 8 de 12
    ... 623.9 s | grupo 1/1 | 310821555 nodos | revisado 0.095%, faltan ~8 días [interior primero 0.095%, interior primero + pieza menos restrictiva 0.010%, reinicios, interior primero 3.6%] (Knuth: ~12 días) | máximo colocado 69 de 100 | hilos 8 de 12
    ... 625.9 s | grupo 1/1 | 311825832 nodos | revisado 0.096%, faltan ~8 días [interior primero 0.096%, interior primero + pieza menos restrictiva 0.010%, reinicios, interior primero 3.6%] (Knuth: ~12 días) | máximo colocado 69 de 100 | hilos 8 de 12
    ... 627.9 s | grupo 1/1 | 312843306 nodos | revisado 0.096%, faltan ~8 días [interior primero 0.096%, interior primero + pieza menos restrictiva 0.010%, reinicios, interior primero 3.7%] (Knuth: ~12 días) | máximo colocado 69 de 100 | hilos 8 de 12
    ... 629.9 s | grupo 1/1 | 313850029 nodos | revisado 0.096%, faltan ~8 días [interior primero 0.096%, interior primero + pieza menos restrictiva 0.010%, reinicios, interior primero 3.7%] (Knuth: ~12 días) | máximo colocado 69 de 100 | hilos 8 de 12
    ... 631.9 s | grupo 1/1 | 314839835 nodos | revisado 0.098%, faltan ~7 días [interior primero 0.098%, interior primero + pieza menos restrictiva 0.010%, reinicios, interior primero 3.7%] (Knuth: ~12 días) | máximo colocado 69 de 100 | hilos 8 de 12
    ... 633.9 s | grupo 1/1 | 315849967 nodos | revisado 0.098%, faltan ~7 días [interior primero 0.098%, interior primero + pieza menos restrictiva 0.010%, reinicios, interior primero 3.7%] (Knuth: ~12 días) | máximo colocado 69 de 100 | hilos 8 de 12
    ... 635.9 s | grupo 1/1 | 316868336 nodos | revisado 0.098%, faltan ~7 días [interior primero 0.098%, interior primero + pieza menos restrictiva 0.010%, reinicios, interior primero 3.7%] (Knuth: ~12 días) | máximo colocado 69 de 100 | hilos 8 de 12
    ... 637.9 s | grupo 1/1 | 317862859 nodos | revisado 0.099%, faltan ~7 días [interior primero 0.099%, interior primero + pieza menos restrictiva 0.010%, reinicios, interior primero 3.7%] (Knuth: ~12 días) | máximo colocado 69 de 100 | hilos 8 de 12
    ... 639.9 s | grupo 1/1 | 318885937 nodos | revisado 0.099%, faltan ~7 días [interior primero 0.099%, interior primero + pieza menos restrictiva 0.010%, reinicios, interior primero 3.7%] (Knuth: ~12 días) | máximo colocado 69 de 100 | hilos 8 de 12
    ... 641.9 s | grupo 1/1 | 319913040 nodos | revisado 0.099%, faltan ~7 días [interior primero 0.099%, interior primero + pieza menos restrictiva 0.010%, reinicios, interior primero 3.7%] (Knuth: ~12 días) | máximo colocado 69 de 100 | hilos 8 de 12
    ... 643.9 s | grupo 1/1 | 320930757 nodos | revisado 0.100%, faltan ~7 días [interior primero 0.100%, interior primero + pieza menos restrictiva 0.010%, reinicios, interior primero 3.7%] (Knuth: ~12 días) | máximo colocado 69 de 100 | hilos 8 de 12
    ... 646.0 s | grupo 1/1 | 321946909 nodos | revisado 0.100%, faltan ~7 días [interior primero 0.100%, interior primero + pieza menos restrictiva 0.010%, reinicios, interior primero 3.7%] (Knuth: ~12 días) | máximo colocado 69 de 100 | hilos 8 de 12
    ... 648.0 s | grupo 1/1 | 322939664 nodos | revisado 0.102%, faltan ~7 días [interior primero 0.102%, interior primero + pieza menos restrictiva 0.010%, reinicios, interior primero 3.7%] (Knuth: ~12 días) | máximo colocado 69 de 100 | hilos 8 de 12
    ... 650.0 s | grupo 1/1 | 323964715 nodos | revisado 0.102%, faltan ~7 días [interior primero 0.102%, interior primero + pieza menos restrictiva 0.010%, reinicios, interior primero 3.7%] (Knuth: ~12 días) | máximo colocado 69 de 100 | hilos 8 de 12
    ... 652.0 s | grupo 1/1 | 324977762 nodos | revisado 0.103%, faltan ~7 días [interior primero 0.103%, interior primero + pieza menos restrictiva 0.010%, reinicios, interior primero 3.8%] (Knuth: ~12 días) | máximo colocado 69 de 100 | hilos 8 de 12
    ... 654.0 s | grupo 1/1 | 326001228 nodos | revisado 0.103%, faltan ~7 días [interior primero 0.103%, interior primero + pieza menos restrictiva 0.010%, reinicios, interior primero 3.8%] (Knuth: ~12 días) | máximo colocado 69 de 100 | hilos 8 de 12
    ... 656.0 s | grupo 1/1 | 327003558 nodos | revisado 0.104%, faltan ~7 días [interior primero 0.104%, interior primero + pieza menos restrictiva 0.010%, reinicios, interior primero 3.8%] (Knuth: ~12 días) | máximo colocado 69 de 100 | hilos 8 de 12
    ... 658.0 s | grupo 1/1 | 328021001 nodos | revisado 0.106%, faltan ~7 días [interior primero 0.106%, interior primero + pieza menos restrictiva 0.010%, reinicios, interior primero 3.8%] (Knuth: ~12 días) | máximo colocado 69 de 100 | hilos 8 de 12
    ... 660.0 s | grupo 1/1 | 329042513 nodos | revisado 0.107%, faltan ~7 días [interior primero 0.107%, interior primero + pieza menos restrictiva 0.010%, reinicios, interior primero 3.8%] (Knuth: ~12 días) | máximo colocado 69 de 100 | hilos 8 de 12
    ... 662.0 s | grupo 1/1 | 330054117 nodos | revisado 0.108%, faltan ~7 días [interior primero 0.108%, interior primero + pieza menos restrictiva 0.010%, reinicios, interior primero 3.8%] (Knuth: ~12 días) | máximo colocado 69 de 100 | hilos 8 de 12
    ... 664.0 s | grupo 1/1 | 331077812 nodos | revisado 0.108%, faltan ~7 días [interior primero 0.108%, interior primero + pieza menos restrictiva 0.010%, reinicios, interior primero 3.8%] (Knuth: ~12 días) | máximo colocado 69 de 100 | hilos 8 de 12
    ... 666.0 s | grupo 1/1 | 332077747 nodos | revisado 0.108%, faltan ~7 días [interior primero 0.108%, interior primero + pieza menos restrictiva 0.010%, reinicios, interior primero 3.8%] (Knuth: ~12 días) | máximo colocado 69 de 100 | hilos 8 de 12
    ... 668.0 s | grupo 1/1 | 333084385 nodos | revisado 0.109%, faltan ~7 días [interior primero 0.109%, interior primero + pieza menos restrictiva 0.011%, reinicios, interior primero 3.8%] (Knuth: ~12 días) | máximo colocado 69 de 100 | hilos 8 de 12
    ... 670.1 s | grupo 1/1 | 334095243 nodos | revisado 0.112%, faltan ~7 días [interior primero 0.112%, interior primero + pieza menos restrictiva 0.011%, reinicios, interior primero 3.8%] (Knuth: ~12 días) | máximo colocado 69 de 100 | hilos 8 de 12
    ... 672.1 s | grupo 1/1 | 335123061 nodos | revisado 0.112%, faltan ~7 días [interior primero 0.112%, interior primero + pieza menos restrictiva 0.011%, reinicios, interior primero 3.8%] (Knuth: ~12 días) | máximo colocado 69 de 100 | hilos 8 de 12
    ... 674.1 s | grupo 1/1 | 336150706 nodos | revisado 0.112%, faltan ~7 días [interior primero 0.112%, interior primero + pieza menos restrictiva 0.011%, reinicios, interior primero 3.8%] (Knuth: ~12 días) | máximo colocado 69 de 100 | hilos 8 de 12
    ... 676.1 s | grupo 1/1 | 337189140 nodos | revisado 0.112%, faltan ~7 días [interior primero 0.112%, interior primero + pieza menos restrictiva 0.011%, reinicios, interior primero 3.8%] (Knuth: ~12 días) | máximo colocado 69 de 100 | hilos 8 de 12
    ... 678.1 s | grupo 1/1 | 338221133 nodos | revisado 0.113%, faltan ~7 días [interior primero 0.113%, interior primero + pieza menos restrictiva 0.011%, reinicios, interior primero 3.8%] (Knuth: ~12 días) | máximo colocado 69 de 100 | hilos 8 de 12
    ... 680.1 s | grupo 1/1 | 339241501 nodos | revisado 0.113%, faltan ~7 días [interior primero 0.113%, interior primero + pieza menos restrictiva 0.011%, reinicios, interior primero 3.8%] (Knuth: ~12 días) | máximo colocado 69 de 100 | hilos 8 de 12
    ... 682.1 s | grupo 1/1 | 340264575 nodos | revisado 0.113%, faltan ~7 días [interior primero 0.113%, interior primero + pieza menos restrictiva 0.011%, reinicios, interior primero 3.8%] (Knuth: ~12 días) | máximo colocado 69 de 100 | hilos 8 de 12
    ... 684.1 s | grupo 1/1 | 341288320 nodos | revisado 0.113%, faltan ~7 días [interior primero 0.113%, interior primero + pieza menos restrictiva 0.011%, reinicios, interior primero 3.8%] (Knuth: ~12 días) | máximo colocado 69 de 100 | hilos 8 de 12
    ... 686.1 s | grupo 1/1 | 342297869 nodos | revisado 0.113%, faltan ~7 días [interior primero 0.113%, interior primero + pieza menos restrictiva 0.011%, reinicios, interior primero 3.8%] (Knuth: ~12 días) | máximo colocado 69 de 100 | hilos 8 de 12
    ... 688.1 s | grupo 1/1 | 343301034 nodos | revisado 0.113%, faltan ~7 días [interior primero 0.113%, interior primero + pieza menos restrictiva 0.011%, reinicios, interior primero 3.8%] (Knuth: ~12 días) | máximo colocado 69 de 100 | hilos 8 de 12
    ... 690.2 s | grupo 1/1 | 344302121 nodos | revisado 0.113%, faltan ~7 días [interior primero 0.113%, interior primero + pieza menos restrictiva 0.011%, reinicios, interior primero 3.9%] (Knuth: ~12 días) | máximo colocado 69 de 100 | hilos 8 de 12
    ... 692.2 s | grupo 1/1 | 345287889 nodos | revisado 0.113%, faltan ~7 días [interior primero 0.113%, interior primero + pieza menos restrictiva 0.011%, reinicios, interior primero 3.9%] (Knuth: ~12 días) | máximo colocado 69 de 100 | hilos 8 de 12
    ... 694.2 s | grupo 1/1 | 346271551 nodos | revisado 0.113%, faltan ~7 días [interior primero 0.113%, interior primero + pieza menos restrictiva 0.011%, reinicios, interior primero 3.9%] (Knuth: ~12 días) | máximo colocado 69 de 100 | hilos 8 de 12
    ... 696.2 s | grupo 1/1 | 347270683 nodos | revisado 0.113%, faltan ~7 días [interior primero 0.113%, interior primero + pieza menos restrictiva 0.011%, reinicios, interior primero 4.0%] (Knuth: ~12 días) | máximo colocado 69 de 100 | hilos 8 de 12
    ... 698.2 s | grupo 1/1 | 348300295 nodos | revisado 0.113%, faltan ~7 días [interior primero 0.113%, interior primero + pieza menos restrictiva 0.011%, reinicios, interior primero 4.0%] (Knuth: ~12 días) | máximo colocado 69 de 100 | hilos 8 de 12
    ... 700.2 s | grupo 1/1 | 349304361 nodos | revisado 0.113%, faltan ~7 días [interior primero 0.113%, interior primero + pieza menos restrictiva 0.011%, reinicios, interior primero 4.0%] (Knuth: ~12 días) | máximo colocado 69 de 100 | hilos 8 de 12
    ... 702.2 s | grupo 1/1 | 350300282 nodos | revisado 0.113%, faltan ~7 días [interior primero 0.113%, interior primero + pieza menos restrictiva 0.011%, reinicios, interior primero 4.0%] (Knuth: ~12 días) | máximo colocado 69 de 100 | hilos 8 de 12
    ... 704.2 s | grupo 1/1 | 351298963 nodos | revisado 0.113%, faltan ~7 días [interior primero 0.113%, interior primero + pieza menos restrictiva 0.011%, reinicios, interior primero 4.0%] (Knuth: ~12 días) | máximo colocado 69 de 100 | hilos 8 de 12
    ... 706.2 s | grupo 1/1 | 352264450 nodos | revisado 0.113%, faltan ~7 días [interior primero 0.113%, interior primero + pieza menos restrictiva 0.011%, reinicios, interior primero 4.1%] (Knuth: ~12 días) | máximo colocado 69 de 100 | hilos 8 de 12
    ... 708.2 s | grupo 1/1 | 353231611 nodos | revisado 0.113%, faltan ~7 días [interior primero 0.113%, interior primero + pieza menos restrictiva 0.011%, reinicios, interior primero 4.1%] (Knuth: ~12 días) | máximo colocado 69 de 100 | hilos 8 de 12
    ... 710.2 s | grupo 1/1 | 354212012 nodos | revisado 0.113%, faltan ~7 días [interior primero 0.113%, interior primero + pieza menos restrictiva 0.011%, reinicios, interior primero 4.1%] (Knuth: ~12 días) | máximo colocado 69 de 100 | hilos 8 de 12
    ... 712.2 s | grupo 1/1 | 355174073 nodos | revisado 0.113%, faltan ~7 días [interior primero 0.113%, interior primero + pieza menos restrictiva 0.011%, reinicios, interior primero 4.1%] (Knuth: ~12 días) | máximo colocado 69 de 100 | hilos 8 de 12
    ... 714.2 s | grupo 1/1 | 356170638 nodos | revisado 0.113%, faltan ~7 días [interior primero 0.113%, interior primero + pieza menos restrictiva 0.011%, reinicios, interior primero 4.1%] (Knuth: ~12 días) | máximo colocado 69 de 100 | hilos 8 de 12
    ... 716.3 s | grupo 1/1 | 357154541 nodos | revisado 0.114%, faltan ~7 días [interior primero 0.114%, interior primero + pieza menos restrictiva 0.011%, reinicios, interior primero 4.1%] (Knuth: ~12 días) | máximo colocado 69 de 100 | hilos 8 de 12
    ... 718.3 s | grupo 1/1 | 358143095 nodos | revisado 0.114%, faltan ~7 días [interior primero 0.114%, interior primero + pieza menos restrictiva 0.011%, reinicios, interior primero 4.1%] (Knuth: ~12 días) | máximo colocado 69 de 100 | hilos 8 de 12
    ... 720.3 s | grupo 1/1 | 359152884 nodos | revisado 0.114%, faltan ~7 días [interior primero 0.114%, interior primero + pieza menos restrictiva 0.011%, reinicios, interior primero 4.1%] (Knuth: ~12 días) | máximo colocado 69 de 100 | hilos 8 de 12
    ... 722.3 s | grupo 1/1 | 360174288 nodos | revisado 0.114%, faltan ~7 días [interior primero 0.114%, interior primero + pieza menos restrictiva 0.011%, reinicios, interior primero 4.1%] (Knuth: ~12 días) | máximo colocado 69 de 100 | hilos 8 de 12
    ... 724.3 s | grupo 1/1 | 361189555 nodos | revisado 0.114%, faltan ~7 días [interior primero 0.114%, interior primero + pieza menos restrictiva 0.011%, reinicios, interior primero 4.2%] (Knuth: ~12 días) | máximo colocado 69 de 100 | hilos 8 de 12
    ... 726.3 s | grupo 1/1 | 362178555 nodos | revisado 0.114%, faltan ~7 días [interior primero 0.114%, interior primero + pieza menos restrictiva 0.011%, reinicios, interior primero 4.2%] (Knuth: ~12 días) | máximo colocado 69 de 100 | hilos 8 de 12
    ... 728.3 s | grupo 1/1 | 363187687 nodos | revisado 0.114%, faltan ~7 días [interior primero 0.114%, interior primero + pieza menos restrictiva 0.011%, reinicios, interior primero 4.2%] (Knuth: ~12 días) | máximo colocado 69 de 100 | hilos 8 de 12
    ... 730.3 s | grupo 1/1 | 364184550 nodos | revisado 0.114%, faltan ~7 días [interior primero 0.114%, interior primero + pieza menos restrictiva 0.011%, reinicios, interior primero 4.2%] (Knuth: ~12 días) | máximo colocado 69 de 100 | hilos 8 de 12
    ... 732.3 s | grupo 1/1 | 365164743 nodos | revisado 0.114%, faltan ~7 días [interior primero 0.114%, interior primero + pieza menos restrictiva 0.011%, reinicios, interior primero 4.2%] (Knuth: ~12 días) | máximo colocado 69 de 100 | hilos 8 de 12
    ... 734.4 s | grupo 1/1 | 366161522 nodos | revisado 0.114%, faltan ~7 días [interior primero 0.114%, interior primero + pieza menos restrictiva 0.011%, reinicios, interior primero 4.2%] (Knuth: ~12 días) | máximo colocado 69 de 100 | hilos 8 de 12
    ... 736.4 s | grupo 1/1 | 367144416 nodos | revisado 0.114%, faltan ~7 días [interior primero 0.114%, interior primero + pieza menos restrictiva 0.011%, reinicios, interior primero 4.2%] (Knuth: ~12 días) | máximo colocado 69 de 100 | hilos 8 de 12
    ... 738.4 s | grupo 1/1 | 368129688 nodos | revisado 0.114%, faltan ~7 días [interior primero 0.114%, interior primero + pieza menos restrictiva 0.011%, reinicios, interior primero 4.2%] (Knuth: ~12 días) | máximo colocado 69 de 100 | hilos 8 de 12
    ... 740.4 s | grupo 1/1 | 369121984 nodos | revisado 0.114%, faltan ~7 días [interior primero 0.114%, interior primero + pieza menos restrictiva 0.011%, reinicios, interior primero 4.3%] (Knuth: ~12 días) | máximo colocado 69 de 100 | hilos 8 de 12
    ... 742.4 s | grupo 1/1 | 370077219 nodos | revisado 0.114%, faltan ~7 días [interior primero 0.114%, interior primero + pieza menos restrictiva 0.012%, reinicios, interior primero 4.3%] (Knuth: ~12 días) | máximo colocado 69 de 100 | hilos 8 de 12
    ... 744.4 s | grupo 1/1 | 371047739 nodos | revisado 0.114%, faltan ~8 días [interior primero 0.114%, interior primero + pieza menos restrictiva 0.012%, reinicios, interior primero 4.3%] (Knuth: ~12 días) | máximo colocado 69 de 100 | hilos 8 de 12
    ... 746.4 s | grupo 1/1 | 372023616 nodos | revisado 0.114%, faltan ~8 días [interior primero 0.114%, interior primero + pieza menos restrictiva 0.012%, reinicios, interior primero 4.4%] (Knuth: ~12 días) | máximo colocado 69 de 100 | hilos 8 de 12
    ... 748.4 s | grupo 1/1 | 373004765 nodos | revisado 0.114%, faltan ~8 días [interior primero 0.114%, interior primero + pieza menos restrictiva 0.012%, reinicios, interior primero 4.4%] (Knuth: ~12 días) | máximo colocado 69 de 100 | hilos 8 de 12
    ... 750.4 s | grupo 1/1 | 373964313 nodos | revisado 0.115%, faltan ~8 días [interior primero 0.115%, interior primero + pieza menos restrictiva 0.012%, reinicios, interior primero 4.4%] (Knuth: ~12 días) | máximo colocado 69 de 100 | hilos 8 de 12
    ... 752.4 s | grupo 1/1 | 374918504 nodos | revisado 0.115%, faltan ~8 días [interior primero 0.115%, interior primero + pieza menos restrictiva 0.012%, reinicios, interior primero 4.4%] (Knuth: ~12 días) | máximo colocado 69 de 100 | hilos 8 de 12
    ... 754.5 s | grupo 1/1 | 375871953 nodos | revisado 0.115%, faltan ~8 días [interior primero 0.115%, interior primero + pieza menos restrictiva 0.012%, reinicios, interior primero 4.4%] (Knuth: ~12 días) | máximo colocado 69 de 100 | hilos 8 de 12
    ... 756.5 s | grupo 1/1 | 376862366 nodos | revisado 0.115%, faltan ~8 días [interior primero 0.115%, interior primero + pieza menos restrictiva 0.012%, reinicios, interior primero 4.4%] (Knuth: ~12 días) | máximo colocado 69 de 100 | hilos 8 de 12
    ... 758.5 s | grupo 1/1 | 377889067 nodos | revisado 0.115%, faltan ~8 días [interior primero 0.115%, interior primero + pieza menos restrictiva 0.012%, reinicios, interior primero 4.4%] (Knuth: ~12 días) | máximo colocado 69 de 100 | hilos 8 de 12
    ... 760.5 s | grupo 1/1 | 378887814 nodos | revisado 0.115%, faltan ~8 días [interior primero 0.115%, interior primero + pieza menos restrictiva 0.012%, reinicios, interior primero 4.4%] (Knuth: ~12 días) | máximo colocado 69 de 100 | hilos 8 de 12
    ... 762.5 s | grupo 1/1 | 379885865 nodos | revisado 0.115%, faltan ~8 días [interior primero 0.115%, interior primero + pieza menos restrictiva 0.012%, reinicios, interior primero 4.5%] (Knuth: ~12 días) | máximo colocado 69 de 100 | hilos 8 de 12
    ... 764.5 s | grupo 1/1 | 380868781 nodos | revisado 0.115%, faltan ~8 días [interior primero 0.115%, interior primero + pieza menos restrictiva 0.012%, reinicios, interior primero 4.5%] (Knuth: ~12 días) | máximo colocado 69 de 100 | hilos 8 de 12
    ... 766.5 s | grupo 1/1 | 381876791 nodos | revisado 0.115%, faltan ~8 días [interior primero 0.115%, interior primero + pieza menos restrictiva 0.012%, reinicios, interior primero 4.5%] (Knuth: ~12 días) | máximo colocado 69 de 100 | hilos 8 de 12
    ... 768.5 s | grupo 1/1 | 382877681 nodos | revisado 0.115%, faltan ~8 días [interior primero 0.115%, interior primero + pieza menos restrictiva 0.012%, reinicios, interior primero 4.6%] (Knuth: ~12 días) | máximo colocado 69 de 100 | hilos 8 de 12
    ... 770.5 s | grupo 1/1 | 383887603 nodos | revisado 0.115%, faltan ~8 días [interior primero 0.115%, interior primero + pieza menos restrictiva 0.012%, reinicios, interior primero 4.6%] (Knuth: ~12 días) | máximo colocado 69 de 100 | hilos 8 de 12
    ... 772.5 s | grupo 1/1 | 384885983 nodos | revisado 0.115%, faltan ~8 días [interior primero 0.115%, interior primero + pieza menos restrictiva 0.012%, reinicios, interior primero 4.6%] (Knuth: ~12 días) | máximo colocado 69 de 100 | hilos 8 de 12
    ... 774.6 s | grupo 1/1 | 385902644 nodos | revisado 0.115%, faltan ~8 días [interior primero 0.115%, interior primero + pieza menos restrictiva 0.012%, reinicios, interior primero 4.6%] (Knuth: ~12 días) | máximo colocado 69 de 100 | hilos 8 de 12
    ... 776.6 s | grupo 1/1 | 386926640 nodos | revisado 0.115%, faltan ~8 días [interior primero 0.115%, interior primero + pieza menos restrictiva 0.012%, reinicios, interior primero 4.6%] (Knuth: ~12 días) | máximo colocado 69 de 100 | hilos 8 de 12
    ... 778.6 s | grupo 1/1 | 387935150 nodos | revisado 0.115%, faltan ~8 días [interior primero 0.115%, interior primero + pieza menos restrictiva 0.012%, reinicios, interior primero 4.6%] (Knuth: ~12 días) | máximo colocado 69 de 100 | hilos 8 de 12
    ... 780.6 s | grupo 1/1 | 388931774 nodos | revisado 0.115%, faltan ~8 días [interior primero 0.115%, interior primero + pieza menos restrictiva 0.012%, reinicios, interior primero 4.6%] (Knuth: ~12 días) | máximo colocado 69 de 100 | hilos 8 de 12
    ... 782.6 s | grupo 1/1 | 389922244 nodos | revisado 0.115%, faltan ~8 días [interior primero 0.115%, interior primero + pieza menos restrictiva 0.012%, reinicios, interior primero 4.6%] (Knuth: ~12 días) | máximo colocado 69 de 100 | hilos 8 de 12
    ... 784.6 s | grupo 1/1 | 390913801 nodos | revisado 0.115%, faltan ~8 días [interior primero 0.115%, interior primero + pieza menos restrictiva 0.012%, reinicios, interior primero 4.6%] (Knuth: ~12 días) | máximo colocado 69 de 100 | hilos 8 de 12
    ... 786.6 s | grupo 1/1 | 391895143 nodos | revisado 0.115%, faltan ~8 días [interior primero 0.115%, interior primero + pieza menos restrictiva 0.013%, reinicios, interior primero 4.6%] (Knuth: ~12 días) | máximo colocado 69 de 100 | hilos 8 de 12
    ... 788.6 s | grupo 1/1 | 392877778 nodos | revisado 0.116%, faltan ~8 días [interior primero 0.116%, interior primero + pieza menos restrictiva 0.013%, reinicios, interior primero 4.6%] (Knuth: ~12 días) | máximo colocado 69 de 100 | hilos 8 de 12
    ... 790.6 s | grupo 1/1 | 393895527 nodos | revisado 0.116%, faltan ~8 días [interior primero 0.116%, interior primero + pieza menos restrictiva 0.013%, reinicios, interior primero 4.6%] (Knuth: ~12 días) | máximo colocado 69 de 100 | hilos 8 de 12
    ... 792.7 s | grupo 1/1 | 394904204 nodos | revisado 0.116%, faltan ~8 días [interior primero 0.116%, interior primero + pieza menos restrictiva 0.013%, reinicios, interior primero 4.6%] (Knuth: ~12 días) | máximo colocado 69 de 100 | hilos 8 de 12
    ... 794.7 s | grupo 1/1 | 395934196 nodos | revisado 0.117%, faltan ~8 días [interior primero 0.117%, interior primero + pieza menos restrictiva 0.013%, reinicios, interior primero 4.6%] (Knuth: ~12 días) | máximo colocado 69 de 100 | hilos 8 de 12
    ... 796.7 s | grupo 1/1 | 396921821 nodos | revisado 0.117%, faltan ~8 días [interior primero 0.117%, interior primero + pieza menos restrictiva 0.013%, reinicios, interior primero 4.6%] (Knuth: ~12 días) | máximo colocado 69 de 100 | hilos 8 de 12
    ... 798.7 s | grupo 1/1 | 397900885 nodos | revisado 0.117%, faltan ~8 días [interior primero 0.117%, interior primero + pieza menos restrictiva 0.013%, reinicios, interior primero 4.7%] (Knuth: ~12 días) | máximo colocado 69 de 100 | hilos 8 de 12
    ... 800.7 s | grupo 1/1 | 398861719 nodos | revisado 0.117%, faltan ~8 días [interior primero 0.117%, interior primero + pieza menos restrictiva 0.013%, reinicios, interior primero 4.7%] (Knuth: ~12 días) | máximo colocado 69 de 100 | hilos 8 de 12
    ... 802.7 s | grupo 1/1 | 399854571 nodos | revisado 0.117%, faltan ~8 días [interior primero 0.117%, interior primero + pieza menos restrictiva 0.013%, reinicios, interior primero 4.7%] (Knuth: ~12 días) | máximo colocado 69 de 100 | hilos 8 de 12
    ... 804.7 s | grupo 1/1 | 400813276 nodos | revisado 0.117%, faltan ~8 días [interior primero 0.117%, interior primero + pieza menos restrictiva 0.013%, reinicios, interior primero 4.7%] (Knuth: ~12 días) | máximo colocado 69 de 100 | hilos 8 de 12
    ... 806.7 s | grupo 1/1 | 401778847 nodos | revisado 0.117%, faltan ~8 días [interior primero 0.117%, interior primero + pieza menos restrictiva 0.013%, reinicios, interior primero 4.7%] (Knuth: ~12 días) | máximo colocado 69 de 100 | hilos 8 de 12
    ... 808.7 s | grupo 1/1 | 402761215 nodos | revisado 0.117%, faltan ~8 días [interior primero 0.117%, interior primero + pieza menos restrictiva 0.013%, reinicios, interior primero 4.7%] (Knuth: ~12 días) | máximo colocado 69 de 100 | hilos 8 de 12
    ... 810.7 s | grupo 1/1 | 403749763 nodos | revisado 0.117%, faltan ~8 días [interior primero 0.117%, interior primero + pieza menos restrictiva 0.013%, reinicios, interior primero 4.7%] (Knuth: ~12 días) | máximo colocado 69 de 100 | hilos 8 de 12
    ... 812.7 s | grupo 1/1 | 404723291 nodos | revisado 0.117%, faltan ~8 días [interior primero 0.117%, interior primero + pieza menos restrictiva 0.013%, reinicios, interior primero 4.7%] (Knuth: ~12 días) | máximo colocado 69 de 100 | hilos 8 de 12
    ... 814.7 s | grupo 1/1 | 405693905 nodos | revisado 0.118%, faltan ~8 días [interior primero 0.118%, interior primero + pieza menos restrictiva 0.013%, reinicios, interior primero 4.7%] (Knuth: ~12 días) | máximo colocado 69 de 100 | hilos 8 de 12
    ... 816.8 s | grupo 1/1 | 406695510 nodos | revisado 0.118%, faltan ~8 días [interior primero 0.118%, interior primero + pieza menos restrictiva 0.013%, reinicios, interior primero 4.7%] (Knuth: ~12 días) | máximo colocado 69 de 100 | hilos 8 de 12
    ... 818.8 s | grupo 1/1 | 407688744 nodos | revisado 0.118%, faltan ~8 días [interior primero 0.118%, interior primero + pieza menos restrictiva 0.013%, reinicios, interior primero 4.7%] (Knuth: ~12 días) | máximo colocado 69 de 100 | hilos 8 de 12
    ... 820.8 s | grupo 1/1 | 408686925 nodos | revisado 0.118%, faltan ~8 días [interior primero 0.118%, interior primero + pieza menos restrictiva 0.013%, reinicios, interior primero 4.7%] (Knuth: ~12 días) | máximo colocado 69 de 100 | hilos 8 de 12
    ... 822.8 s | grupo 1/1 | 409698578 nodos | revisado 0.118%, faltan ~8 días [interior primero 0.118%, interior primero + pieza menos restrictiva 0.013%, reinicios, interior primero 4.7%] (Knuth: ~12 días) | máximo colocado 69 de 100 | hilos 8 de 12
    ... 824.8 s | grupo 1/1 | 410703993 nodos | revisado 0.118%, faltan ~8 días [interior primero 0.118%, interior primero + pieza menos restrictiva 0.013%, reinicios, interior primero 4.7%] (Knuth: ~12 días) | máximo colocado 69 de 100 | hilos 8 de 12
    ... 826.8 s | grupo 1/1 | 411684784 nodos | revisado 0.118%, faltan ~8 días [interior primero 0.118%, interior primero + pieza menos restrictiva 0.013%, reinicios, interior primero 4.7%] (Knuth: ~12 días) | máximo colocado 69 de 100 | hilos 8 de 12
    ... 828.8 s | grupo 1/1 | 412682777 nodos | revisado 0.118%, faltan ~8 días [interior primero 0.118%, interior primero + pieza menos restrictiva 0.013%, reinicios, interior primero 4.7%] (Knuth: ~12 días) | máximo colocado 69 de 100 | hilos 8 de 12
    ... 830.8 s | grupo 1/1 | 413672020 nodos | revisado 0.118%, faltan ~8 días [interior primero 0.118%, interior primero + pieza menos restrictiva 0.013%, reinicios, interior primero 4.7%] (Knuth: ~12 días) | máximo colocado 69 de 100 | hilos 8 de 12
    ... 832.8 s | grupo 1/1 | 414681151 nodos | revisado 0.118%, faltan ~8 días [interior primero 0.118%, interior primero + pieza menos restrictiva 0.013%, reinicios, interior primero 4.7%] (Knuth: ~12 días) | máximo colocado 69 de 100 | hilos 8 de 12
    ... 834.8 s | grupo 1/1 | 415674862 nodos | revisado 0.118%, faltan ~8 días [interior primero 0.118%, interior primero + pieza menos restrictiva 0.013%, reinicios, interior primero 4.7%] (Knuth: ~12 días) | máximo colocado 69 de 100 | hilos 8 de 12
    ... 836.9 s | grupo 1/1 | 416672239 nodos | revisado 0.118%, faltan ~8 días [interior primero 0.118%, interior primero + pieza menos restrictiva 0.013%, reinicios, interior primero 4.8%] (Knuth: ~12 días) | máximo colocado 69 de 100 | hilos 8 de 12
    ... 838.9 s | grupo 1/1 | 417672987 nodos | revisado 0.118%, faltan ~8 días [interior primero 0.118%, interior primero + pieza menos restrictiva 0.013%, reinicios, interior primero 4.8%] (Knuth: ~12 días) | máximo colocado 69 de 100 | hilos 8 de 12
    ... 840.9 s | grupo 1/1 | 418662685 nodos | revisado 0.118%, faltan ~8 días [interior primero 0.118%, interior primero + pieza menos restrictiva 0.013%, reinicios, interior primero 4.8%] (Knuth: ~12 días) | máximo colocado 69 de 100 | hilos 8 de 12
    ... 842.9 s | grupo 1/1 | 419665857 nodos | revisado 0.119%, faltan ~8 días [interior primero 0.119%, interior primero + pieza menos restrictiva 0.013%, reinicios, interior primero 4.8%] (Knuth: ~12 días) | máximo colocado 69 de 100 | hilos 8 de 12
    ... 844.9 s | grupo 1/1 | 420668457 nodos | revisado 0.119%, faltan ~8 días [interior primero 0.119%, interior primero + pieza menos restrictiva 0.013%, reinicios, interior primero 4.8%] (Knuth: ~12 días) | máximo colocado 69 de 100 | hilos 8 de 12
    ... 846.9 s | grupo 1/1 | 421650980 nodos | revisado 0.119%, faltan ~8 días [interior primero 0.119%, interior primero + pieza menos restrictiva 0.013%, reinicios, interior primero 4.8%] (Knuth: ~12 días) | máximo colocado 69 de 100 | hilos 8 de 12
    ... 848.9 s | grupo 1/1 | 422632889 nodos | revisado 0.119%, faltan ~8 días [interior primero 0.119%, interior primero + pieza menos restrictiva 0.013%, reinicios, interior primero 4.8%] (Knuth: ~12 días) | máximo colocado 69 de 100 | hilos 8 de 12
    ... 850.9 s | grupo 1/1 | 423612591 nodos | revisado 0.119%, faltan ~8 días [interior primero 0.119%, interior primero + pieza menos restrictiva 0.013%, reinicios, interior primero 4.8%] (Knuth: ~12 días) | máximo colocado 69 de 100 | hilos 8 de 12
    ... 852.9 s | grupo 1/1 | 424588394 nodos | revisado 0.119%, faltan ~8 días [interior primero 0.119%, interior primero + pieza menos restrictiva 0.013%, reinicios, interior primero 4.8%] (Knuth: ~12 días) | máximo colocado 69 de 100 | hilos 8 de 12
    ... 854.9 s | grupo 1/1 | 425580625 nodos | revisado 0.119%, faltan ~8 días [interior primero 0.119%, interior primero + pieza menos restrictiva 0.013%, reinicios, interior primero 4.8%] (Knuth: ~12 días) | máximo colocado 69 de 100 | hilos 8 de 12
    ... 857.0 s | grupo 1/1 | 426597134 nodos | revisado 0.119%, faltan ~8 días [interior primero 0.119%, interior primero + pieza menos restrictiva 0.013%, reinicios, interior primero 4.8%] (Knuth: ~12 días) | máximo colocado 69 de 100 | hilos 8 de 12
    ... 859.0 s | grupo 1/1 | 427593071 nodos | revisado 0.120%, faltan ~8 días [interior primero 0.120%, interior primero + pieza menos restrictiva 0.013%, reinicios, interior primero 4.8%] (Knuth: ~12 días) | máximo colocado 69 de 100 | hilos 8 de 12
    ... 861.0 s | grupo 1/1 | 428596762 nodos | revisado 0.120%, faltan ~8 días [interior primero 0.120%, interior primero + pieza menos restrictiva 0.013%, reinicios, interior primero 4.8%] (Knuth: ~12 días) | máximo colocado 69 de 100 | hilos 8 de 12
    ... 863.0 s | grupo 1/1 | 429613156 nodos | revisado 0.120%, faltan ~8 días [interior primero 0.120%, interior primero + pieza menos restrictiva 0.013%, reinicios, interior primero 4.8%] (Knuth: ~12 días) | máximo colocado 69 de 100 | hilos 8 de 12
    ... 865.0 s | grupo 1/1 | 430600400 nodos | revisado 0.120%, faltan ~8 días [interior primero 0.120%, interior primero + pieza menos restrictiva 0.013%, reinicios, interior primero 4.8%] (Knuth: ~12 días) | máximo colocado 69 de 100 | hilos 8 de 12
    ... 867.0 s | grupo 1/1 | 431613681 nodos | revisado 0.120%, faltan ~8 días [interior primero 0.120%, interior primero + pieza menos restrictiva 0.013%, reinicios, interior primero 4.8%] (Knuth: ~12 días) | máximo colocado 69 de 100 | hilos 8 de 12
    ... 869.0 s | grupo 1/1 | 432619613 nodos | revisado 0.120%, faltan ~8 días [interior primero 0.120%, interior primero + pieza menos restrictiva 0.013%, reinicios, interior primero 4.8%] (Knuth: ~12 días) | máximo colocado 69 de 100 | hilos 8 de 12
    ... 871.0 s | grupo 1/1 | 433630151 nodos | revisado 0.120%, faltan ~8 días [interior primero 0.120%, interior primero + pieza menos restrictiva 0.013%, reinicios, interior primero 4.8%] (Knuth: ~12 días) | máximo colocado 69 de 100 | hilos 8 de 12
    ... 873.0 s | grupo 1/1 | 434644012 nodos | revisado 0.120%, faltan ~8 días [interior primero 0.120%, interior primero + pieza menos restrictiva 0.013%, reinicios, interior primero 4.8%] (Knuth: ~12 días) | máximo colocado 69 de 100 | hilos 8 de 12
    ... 875.0 s | grupo 1/1 | 435673149 nodos | revisado 0.120%, faltan ~8 días [interior primero 0.120%, interior primero + pieza menos restrictiva 0.013%, reinicios, interior primero 4.8%] (Knuth: ~12 días) | máximo colocado 69 de 100 | hilos 8 de 12
    ... 877.0 s | grupo 1/1 | 436706312 nodos | revisado 0.120%, faltan ~8 días [interior primero 0.120%, interior primero + pieza menos restrictiva 0.013%, reinicios, interior primero 4.8%] (Knuth: ~12 días) | máximo colocado 69 de 100 | hilos 8 de 12
    ... 879.1 s | grupo 1/1 | 437722279 nodos | revisado 0.120%, faltan ~8 días [interior primero 0.120%, interior primero + pieza menos restrictiva 0.013%, reinicios, interior primero 4.8%] (Knuth: ~12 días) | máximo colocado 69 de 100 | hilos 8 de 12
    ... 881.1 s | grupo 1/1 | 438764017 nodos | revisado 0.120%, faltan ~8 días [interior primero 0.120%, interior primero + pieza menos restrictiva 0.013%, reinicios, interior primero 4.8%] (Knuth: ~12 días) | máximo colocado 69 de 100 | hilos 8 de 12
    ... 883.1 s | grupo 1/1 | 439781285 nodos | revisado 0.120%, faltan ~8 días [interior primero 0.120%, interior primero + pieza menos restrictiva 0.013%, reinicios, interior primero 4.8%] (Knuth: ~12 días) | máximo colocado 69 de 100 | hilos 8 de 12
    ... 885.1 s | grupo 1/1 | 440781544 nodos | revisado 0.121%, faltan ~8 días [interior primero 0.121%, interior primero + pieza menos restrictiva 0.013%, reinicios, interior primero 4.8%] (Knuth: ~12 días) | máximo colocado 69 de 100 | hilos 8 de 12
    ... 887.1 s | grupo 1/1 | 441793877 nodos | revisado 0.121%, faltan ~8 días [interior primero 0.121%, interior primero + pieza menos restrictiva 0.013%, reinicios, interior primero 4.8%] (Knuth: ~12 días) | máximo colocado 69 de 100 | hilos 8 de 12
    ... 889.1 s | grupo 1/1 | 442799240 nodos | revisado 0.121%, faltan ~8 días [interior primero 0.121%, interior primero + pieza menos restrictiva 0.013%, reinicios, interior primero 4.8%] (Knuth: ~12 días) | máximo colocado 69 de 100 | hilos 8 de 12
    ... 891.1 s | grupo 1/1 | 443822222 nodos | revisado 0.121%, faltan ~8 días [interior primero 0.121%, interior primero + pieza menos restrictiva 0.014%, reinicios, interior primero 4.8%] (Knuth: ~12 días) | máximo colocado 69 de 100 | hilos 8 de 12
    ... 893.1 s | grupo 1/1 | 444813133 nodos | revisado 0.121%, faltan ~8 días [interior primero 0.121%, interior primero + pieza menos restrictiva 0.014%, reinicios, interior primero 4.8%] (Knuth: ~12 días) | máximo colocado 69 de 100 | hilos 8 de 12
    ... 895.1 s | grupo 1/1 | 445796650 nodos | revisado 0.122%, faltan ~8 días [interior primero 0.122%, interior primero + pieza menos restrictiva 0.014%, reinicios, interior primero 4.8%] (Knuth: ~12 días) | máximo colocado 69 de 100 | hilos 8 de 12
    ... 897.1 s | grupo 1/1 | 446796900 nodos | revisado 0.122%, faltan ~8 días [interior primero 0.122%, interior primero + pieza menos restrictiva 0.014%, reinicios, interior primero 4.8%] (Knuth: ~12 días) | máximo colocado 69 de 100 | hilos 8 de 12
    ... 899.2 s | grupo 1/1 | 447784488 nodos | revisado 0.123%, faltan ~8 días [interior primero 0.123%, interior primero + pieza menos restrictiva 0.014%, reinicios, interior primero 4.8%] (Knuth: ~12 días) | máximo colocado 69 de 100 | hilos 8 de 12
[4] Grupo 1: cortado por límite de tiempo
[5] Tiempo total: 15 min
RESULTADO resuelto=0 ms=900031.8 marcos=0 nodos=448206848 grupos=1/1 hilos=12 t_marcos=0.000 t_interior=897.014 lados=0 unificado=1 max_colocadas=69 motivo=limite
