[0] Tablero 10x10, 13 colores, 12 hilos
[1] Esquinas juntas: las esquinas son parte de la búsqueda; un solo recorrido para todos los grupos
    grupo 1, orden menos opciones: estimado 2.31e+12 nodos
    grupo 1, orden interior primero: estimado 2.25e+10 nodos
[1] Estimado de Knuth por grupo (nodos): 2.25e+10(i)   (i) = interior primero
[2] Grupo 1/1: ruta unificada (mapas por lado, con piezas fijas), orden: interior primero; grupo grande: 3 estrategias a la vez (normal, pieza menos restrictiva, reinicios)
    ... 5.0 s | grupo 1/1 | 903452 nodos | revisado 0.022%, faltan ~2.6 h [interior primero 0.022%, interior primero + pieza menos restrictiva 1.24e-04%, reinicios, interior primero 1.0%] (Knuth: ~13.9 h) | máximo colocado 61 de 100 | hilos 8 de 12
    ... 7.0 s | grupo 1/1 | 1801428 nodos | revisado 0.027%, faltan ~4.2 h [interior primero 0.027%, interior primero + pieza menos restrictiva 2.20e-04%, reinicios, interior primero 3.1%] (Knuth: ~14.0 h) | máximo colocado 61 de 100 | hilos 8 de 12
    ... 9.1 s | grupo 1/1 | 2738602 nodos | revisado 0.038%, faltan ~4.4 h [interior primero 0.038%, interior primero + pieza menos restrictiva 3.04e-04%, reinicios, interior primero 4.1%] (Knuth: ~13.8 h) | máximo colocado 61 de 100 | hilos 8 de 12
    ... 11.1 s | grupo 1/1 | 3584949 nodos | revisado 0.048%, faltan ~4.7 h [interior primero 0.048%, interior primero + pieza menos restrictiva 5.61e-04%, reinicios, interior primero 4.1%] (Knuth: ~14.1 h) | máximo colocado 62 de 100 | hilos 8 de 12
    ... 13.1 s | grupo 1/1 | 4468606 nodos | revisado 0.051%, faltan ~5.4 h [interior primero 0.051%, interior primero + pieza menos restrictiva 9.89e-04%, reinicios, interior primero 4.2%] (Knuth: ~14.1 h) | máximo colocado 62 de 100 | hilos 8 de 12
    ... 15.1 s | grupo 1/1 | 5310134 nodos | revisado 0.053%, faltan ~6.3 h [interior primero 0.053%, interior primero + pieza menos restrictiva 1.45e-03%, reinicios, interior primero 4.2%] (Knuth: ~14.2 h) | máximo colocado 62 de 100 | hilos 8 de 12
    ... 17.1 s | grupo 1/1 | 6213834 nodos | revisado 0.055%, faltan ~7.1 h [interior primero 0.055%, interior primero + pieza menos restrictiva 2.34e-03%, reinicios, interior primero 4.2%] (Knuth: ~14.2 h) | máximo colocado 62 de 100 | hilos 8 de 12
    ... 19.1 s | grupo 1/1 | 7165597 nodos | revisado 0.066%, faltan ~6.8 h [interior primero 0.066%, interior primero + pieza menos restrictiva 2.46e-03%, reinicios, interior primero 4.2%] (Knuth: ~14.1 h) | máximo colocado 62 de 100 | hilos 8 de 12
    ... 21.1 s | grupo 1/1 | 8113136 nodos | revisado 0.078%, faltan ~6.4 h [interior primero 0.078%, interior primero + pieza menos restrictiva 2.57e-03%, reinicios, interior primero 4.3%] (Knuth: ~14.0 h) | máximo colocado 62 de 100 | hilos 8 de 12
    ... 23.1 s | grupo 1/1 | 9055058 nodos | revisado 0.090%, faltan ~6.2 h [interior primero 0.090%, interior primero + pieza menos restrictiva 2.70e-03%, reinicios, interior primero 4.3%] (Knuth: ~13.9 h) | máximo colocado 62 de 100 | hilos 8 de 12
    ... 25.1 s | grupo 1/1 | 10003757 nodos | revisado 0.159%, faltan ~3.9 h [interior primero 0.159%, interior primero + pieza menos restrictiva 2.92e-03%, reinicios, interior primero 4.3%] (Knuth: ~13.8 h) | máximo colocado 62 de 100 | hilos 8 de 12
    ... 27.2 s | grupo 1/1 | 10965532 nodos | revisado 0.171%, faltan ~3.9 h [interior primero 0.171%, interior primero + pieza menos restrictiva 3.22e-03%, reinicios, interior primero 4.4%] (Knuth: ~13.8 h) | máximo colocado 63 de 100 | hilos 8 de 12
    ... 29.2 s | grupo 1/1 | 11901319 nodos | revisado 0.213%, faltan ~3.4 h [interior primero 0.213%, interior primero + pieza menos restrictiva 3.43e-03%, reinicios, interior primero 4.4%] (Knuth: ~13.7 h) | máximo colocado 63 de 100 | hilos 8 de 12
    ... 31.2 s | grupo 1/1 | 12867781 nodos | revisado 0.232%, faltan ~3.4 h [interior primero 0.232%, interior primero + pieza menos restrictiva 3.98e-03%, reinicios, interior primero 4.4%] (Knuth: ~13.7 h) | máximo colocado 63 de 100 | hilos 8 de 12
    ... 33.2 s | grupo 1/1 | 13837971 nodos | revisado 0.255%, faltan ~3.3 h [interior primero 0.255%, interior primero + pieza menos restrictiva 4.25e-03%, reinicios, interior primero 4.4%] (Knuth: ~13.6 h) | máximo colocado 63 de 100 | hilos 8 de 12
    ... 35.2 s | grupo 1/1 | 14779665 nodos | revisado 0.289%, faltan ~3.1 h [interior primero 0.289%, interior primero + pieza menos restrictiva 4.65e-03%, reinicios, interior primero 5.4%] (Knuth: ~13.6 h) | máximo colocado 63 de 100 | hilos 8 de 12
    ... 37.2 s | grupo 1/1 | 15767088 nodos | revisado 0.305%, faltan ~3.1 h [interior primero 0.305%, interior primero + pieza menos restrictiva 5.10e-03%, reinicios, interior primero 5.5%] (Knuth: ~13.6 h) | máximo colocado 64 de 100 | hilos 8 de 12
    ... 39.2 s | grupo 1/1 | 16746498 nodos | revisado 0.310%, faltan ~3.2 h [interior primero 0.310%, interior primero + pieza menos restrictiva 5.26e-03%, reinicios, interior primero 5.5%] (Knuth: ~13.5 h) | máximo colocado 64 de 100 | hilos 8 de 12
    ... 41.2 s | grupo 1/1 | 17707861 nodos | revisado 0.315%, faltan ~3.4 h [interior primero 0.315%, interior primero + pieza menos restrictiva 5.63e-03%, reinicios, interior primero 7.5%] (Knuth: ~13.5 h) | máximo colocado 64 de 100 | hilos 8 de 12
    ... 43.2 s | grupo 1/1 | 18677803 nodos | revisado 0.316%, faltan ~3.5 h [interior primero 0.316%, interior primero + pieza menos restrictiva 5.75e-03%, reinicios, interior primero 7.5%] (Knuth: ~13.5 h) | máximo colocado 64 de 100 | hilos 8 de 12
    ... 45.2 s | grupo 1/1 | 19641345 nodos | revisado 0.319%, faltan ~3.7 h [interior primero 0.319%, interior primero + pieza menos restrictiva 5.79e-03%, reinicios, interior primero 8.0%] (Knuth: ~13.4 h) | máximo colocado 64 de 100 | hilos 8 de 12
    ... 47.2 s | grupo 1/1 | 20606856 nodos | revisado 0.322%, faltan ~3.8 h [interior primero 0.322%, interior primero + pieza menos restrictiva 6.08e-03%, reinicios, interior primero 9.1%] (Knuth: ~13.4 h) | máximo colocado 64 de 100 | hilos 8 de 12
    ... 49.3 s | grupo 1/1 | 21547949 nodos | revisado 0.326%, faltan ~3.9 h [interior primero 0.326%, interior primero + pieza menos restrictiva 6.39e-03%, reinicios, interior primero 9.2%] (Knuth: ~13.4 h) | máximo colocado 64 de 100 | hilos 8 de 12
    ... 51.3 s | grupo 1/1 | 22442281 nodos | revisado 0.327%, faltan ~4.1 h [interior primero 0.327%, interior primero + pieza menos restrictiva 6.51e-03%, reinicios, interior primero 9.7%] (Knuth: ~13.4 h) | máximo colocado 64 de 100 | hilos 8 de 12
    ... 53.3 s | grupo 1/1 | 23325170 nodos | revisado 0.327%, faltan ~4.2 h [interior primero 0.327%, interior primero + pieza menos restrictiva 6.56e-03%, reinicios, interior primero 12.2%] (Knuth: ~13.5 h) | máximo colocado 64 de 100 | hilos 8 de 12
    ... 55.3 s | grupo 1/1 | 24279053 nodos | revisado 0.330%, faltan ~4.4 h [interior primero 0.330%, interior primero + pieza menos restrictiva 6.70e-03%, reinicios, interior primero 12.2%] (Knuth: ~13.5 h) | máximo colocado 64 de 100 | hilos 8 de 12
    ... 57.3 s | grupo 1/1 | 25234210 nodos | revisado 0.339%, faltan ~4.4 h [interior primero 0.339%, interior primero + pieza menos restrictiva 6.97e-03%, reinicios, interior primero 12.3%] (Knuth: ~13.4 h) | máximo colocado 64 de 100 | hilos 8 de 12
    ... 59.3 s | grupo 1/1 | 26140874 nodos | revisado 0.343%, faltan ~4.5 h [interior primero 0.343%, interior primero + pieza menos restrictiva 7.47e-03%, reinicios, interior primero 12.8%] (Knuth: ~13.5 h) | máximo colocado 65 de 100 | hilos 8 de 12
    ... 61.3 s | grupo 1/1 | 27054285 nodos | revisado 0.346%, faltan ~4.7 h [interior primero 0.346%, interior primero + pieza menos restrictiva 8.04e-03%, reinicios, interior primero 12.8%] (Knuth: ~13.5 h) | máximo colocado 65 de 100 | hilos 8 de 12
    ... 63.3 s | grupo 1/1 | 28035103 nodos | revisado 0.348%, faltan ~4.8 h [interior primero 0.348%, interior primero + pieza menos restrictiva 8.11e-03%, reinicios, interior primero 12.8%] (Knuth: ~13.4 h) | máximo colocado 65 de 100 | hilos 8 de 12
    ... 65.3 s | grupo 1/1 | 28986534 nodos | revisado 0.353%, faltan ~4.9 h [interior primero 0.353%, interior primero + pieza menos restrictiva 8.24e-03%, reinicios, interior primero 12.8%] (Knuth: ~13.4 h) | máximo colocado 65 de 100 | hilos 8 de 12
    ... 67.3 s | grupo 1/1 | 29925778 nodos | revisado 0.353%, faltan ~5.0 h [interior primero 0.353%, interior primero + pieza menos restrictiva 8.41e-03%, reinicios, interior primero 12.8%] (Knuth: ~13.4 h) | máximo colocado 65 de 100 | hilos 8 de 12
    ... 69.3 s | grupo 1/1 | 30869035 nodos | revisado 0.354%, faltan ~5.2 h [interior primero 0.354%, interior primero + pieza menos restrictiva 8.71e-03%, reinicios, interior primero 12.8%] (Knuth: ~13.4 h) | máximo colocado 65 de 100 | hilos 8 de 12
    ... 71.3 s | grupo 1/1 | 31821493 nodos | revisado 0.355%, faltan ~5.3 h [interior primero 0.355%, interior primero + pieza menos restrictiva 9.04e-03%, reinicios, interior primero 12.8%] (Knuth: ~13.4 h) | máximo colocado 65 de 100 | hilos 8 de 12
    ... 73.4 s | grupo 1/1 | 32786648 nodos | revisado 0.356%, faltan ~5.5 h [interior primero 0.356%, interior primero + pieza menos restrictiva 9.19e-03%, reinicios, interior primero 12.8%] (Knuth: ~13.4 h) | máximo colocado 65 de 100 | hilos 8 de 12
    ... 75.4 s | grupo 1/1 | 33755337 nodos | revisado 0.358%, faltan ~5.6 h [interior primero 0.358%, interior primero + pieza menos restrictiva 9.32e-03%, reinicios, interior primero 12.8%] (Knuth: ~13.4 h) | máximo colocado 65 de 100 | hilos 8 de 12
    ... 77.4 s | grupo 1/1 | 34721396 nodos | revisado 0.358%, faltan ~5.7 h [interior primero 0.358%, interior primero + pieza menos restrictiva 9.48e-03%, reinicios, interior primero 12.8%] (Knuth: ~13.4 h) | máximo colocado 65 de 100 | hilos 8 de 12
    ... 79.4 s | grupo 1/1 | 35712121 nodos | revisado 0.361%, faltan ~5.8 h [interior primero 0.361%, interior primero + pieza menos restrictiva 9.55e-03%, reinicios, interior primero 12.9%] (Knuth: ~13.4 h) | máximo colocado 65 de 100 | hilos 8 de 12
    ... 81.4 s | grupo 1/1 | 36715480 nodos | revisado 0.362%, faltan ~6.0 h [interior primero 0.362%, interior primero + pieza menos restrictiva 9.73e-03%, reinicios, interior primero 12.9%] (Knuth: ~13.3 h) | máximo colocado 65 de 100 | hilos 8 de 12
    ... 83.4 s | grupo 1/1 | 37645978 nodos | revisado 0.362%, faltan ~6.1 h [interior primero 0.362%, interior primero + pieza menos restrictiva 9.98e-03%, reinicios, interior primero 12.9%] (Knuth: ~13.3 h) | máximo colocado 65 de 100 | hilos 8 de 12
    ... 85.4 s | grupo 1/1 | 38586026 nodos | revisado 0.363%, faltan ~6.3 h [interior primero 0.363%, interior primero + pieza menos restrictiva 0.011%, reinicios, interior primero 12.9%] (Knuth: ~13.3 h) | máximo colocado 65 de 100 | hilos 8 de 12
    ... 87.4 s | grupo 1/1 | 39557810 nodos | revisado 0.365%, faltan ~6.4 h [interior primero 0.365%, interior primero + pieza menos restrictiva 0.011%, reinicios, interior primero 12.9%] (Knuth: ~13.3 h) | máximo colocado 65 de 100 | hilos 8 de 12
    ... 89.4 s | grupo 1/1 | 40522118 nodos | revisado 0.366%, faltan ~6.5 h [interior primero 0.366%, interior primero + pieza menos restrictiva 0.011%, reinicios, interior primero 12.9%] (Knuth: ~13.3 h) | máximo colocado 65 de 100 | hilos 8 de 12
    ... 91.5 s | grupo 1/1 | 41479050 nodos | revisado 0.367%, faltan ~6.7 h [interior primero 0.367%, interior primero + pieza menos restrictiva 0.011%, reinicios, interior primero 12.9%] (Knuth: ~13.3 h) | máximo colocado 65 de 100 | hilos 8 de 12
    ... 93.5 s | grupo 1/1 | 42409200 nodos | revisado 0.369%, faltan ~6.8 h [interior primero 0.369%, interior primero + pieza menos restrictiva 0.011%, reinicios, interior primero 12.9%] (Knuth: ~13.3 h) | máximo colocado 65 de 100 | hilos 8 de 12
    ... 95.5 s | grupo 1/1 | 43348669 nodos | revisado 0.373%, faltan ~6.9 h [interior primero 0.373%, interior primero + pieza menos restrictiva 0.011%, reinicios, interior primero 13.0%] (Knuth: ~13.3 h) | máximo colocado 65 de 100 | hilos 8 de 12
    ... 97.5 s | grupo 1/1 | 44274726 nodos | revisado 0.375%, faltan ~7.0 h [interior primero 0.375%, interior primero + pieza menos restrictiva 0.012%, reinicios, interior primero 13.5%] (Knuth: ~13.3 h) | máximo colocado 65 de 100 | hilos 8 de 12
    ... 99.5 s | grupo 1/1 | 45237144 nodos | revisado 0.378%, faltan ~7.1 h [interior primero 0.378%, interior primero + pieza menos restrictiva 0.012%, reinicios, interior primero 13.5%] (Knuth: ~13.3 h) | máximo colocado 65 de 100 | hilos 8 de 12
    ... 101.5 s | grupo 1/1 | 46196616 nodos | revisado 0.379%, faltan ~7.2 h [interior primero 0.379%, interior primero + pieza menos restrictiva 0.012%, reinicios, interior primero 13.5%] (Knuth: ~13.3 h) | máximo colocado 65 de 100 | hilos 8 de 12
    ... 103.5 s | grupo 1/1 | 47129503 nodos | revisado 0.382%, faltan ~7.3 h [interior primero 0.382%, interior primero + pieza menos restrictiva 0.012%, reinicios, interior primero 14.5%] (Knuth: ~13.3 h) | máximo colocado 65 de 100 | hilos 8 de 12
    ... 105.6 s | grupo 1/1 | 48085952 nodos | revisado 0.382%, faltan ~7.4 h [interior primero 0.382%, interior primero + pieza menos restrictiva 0.013%, reinicios, interior primero 14.6%] (Knuth: ~13.3 h) | máximo colocado 65 de 100 | hilos 8 de 12
    ... 107.6 s | grupo 1/1 | 49023438 nodos | revisado 0.384%, faltan ~7.5 h [interior primero 0.384%, interior primero + pieza menos restrictiva 0.013%, reinicios, interior primero 14.6%] (Knuth: ~13.3 h) | máximo colocado 65 de 100 | hilos 8 de 12
    ... 109.6 s | grupo 1/1 | 49893218 nodos | revisado 0.385%, faltan ~7.7 h [interior primero 0.385%, interior primero + pieza menos restrictiva 0.013%, reinicios, interior primero 14.6%] (Knuth: ~13.3 h) | máximo colocado 65 de 100 | hilos 8 de 12
    ... 111.6 s | grupo 1/1 | 50854075 nodos | revisado 0.386%, faltan ~7.8 h [interior primero 0.386%, interior primero + pieza menos restrictiva 0.014%, reinicios, interior primero 14.6%] (Knuth: ~13.3 h) | máximo colocado 65 de 100 | hilos 8 de 12
    ... 113.6 s | grupo 1/1 | 51808620 nodos | revisado 0.387%, faltan ~7.9 h [interior primero 0.387%, interior primero + pieza menos restrictiva 0.015%, reinicios, interior primero 14.7%] (Knuth: ~13.3 h) | máximo colocado 65 de 100 | hilos 8 de 12
    ... 115.6 s | grupo 1/1 | 52732279 nodos | revisado 0.387%, faltan ~8.0 h [interior primero 0.387%, interior primero + pieza menos restrictiva 0.016%, reinicios, interior primero 14.7%] (Knuth: ~13.3 h) | máximo colocado 65 de 100 | hilos 8 de 12
    ... 117.6 s | grupo 1/1 | 53689158 nodos | revisado 0.390%, faltan ~8.1 h [interior primero 0.390%, interior primero + pieza menos restrictiva 0.017%, reinicios, interior primero 14.7%] (Knuth: ~13.3 h) | máximo colocado 65 de 100 | hilos 8 de 12
    ... 119.6 s | grupo 1/1 | 54640110 nodos | revisado 0.393%, faltan ~8.2 h [interior primero 0.393%, interior primero + pieza menos restrictiva 0.018%, reinicios, interior primero 15.8%] (Knuth: ~13.3 h) | máximo colocado 65 de 100 | hilos 8 de 12
    ... 121.6 s | grupo 1/1 | 55602607 nodos | revisado 0.395%, faltan ~8.3 h [interior primero 0.395%, interior primero + pieza menos restrictiva 0.018%, reinicios, interior primero 15.8%] (Knuth: ~13.3 h) | máximo colocado 65 de 100 | hilos 8 de 12
    ... 123.6 s | grupo 1/1 | 56577722 nodos | revisado 0.397%, faltan ~8.4 h [interior primero 0.397%, interior primero + pieza menos restrictiva 0.018%, reinicios, interior primero 16.9%] (Knuth: ~13.3 h) | máximo colocado 65 de 100 | hilos 8 de 12
    ... 125.6 s | grupo 1/1 | 57514031 nodos | revisado 0.398%, faltan ~8.5 h [interior primero 0.398%, interior primero + pieza menos restrictiva 0.018%, reinicios, interior primero 16.9%] (Knuth: ~13.3 h) | máximo colocado 65 de 100 | hilos 8 de 12
    ... 127.6 s | grupo 1/1 | 58446857 nodos | revisado 0.400%, faltan ~8.6 h [interior primero 0.400%, interior primero + pieza menos restrictiva 0.019%, reinicios, interior primero 16.9%] (Knuth: ~13.3 h) | máximo colocado 65 de 100 | hilos 8 de 12
    ... 129.7 s | grupo 1/1 | 59406702 nodos | revisado 0.401%, faltan ~8.7 h [interior primero 0.401%, interior primero + pieza menos restrictiva 0.019%, reinicios, interior primero 16.9%] (Knuth: ~13.3 h) | máximo colocado 65 de 100 | hilos 8 de 12
    ... 131.7 s | grupo 1/1 | 60337993 nodos | revisado 0.404%, faltan ~8.8 h [interior primero 0.404%, interior primero + pieza menos restrictiva 0.020%, reinicios, interior primero 16.9%] (Knuth: ~13.3 h) | máximo colocado 65 de 100 | hilos 8 de 12
    ... 133.7 s | grupo 1/1 | 61264326 nodos | revisado 0.407%, faltan ~8.9 h [interior primero 0.407%, interior primero + pieza menos restrictiva 0.020%, reinicios, interior primero 16.9%] (Knuth: ~13.3 h) | máximo colocado 65 de 100 | hilos 8 de 12
    ... 135.7 s | grupo 1/1 | 62230088 nodos | revisado 0.408%, faltan ~9.0 h [interior primero 0.408%, interior primero + pieza menos restrictiva 0.021%, reinicios, interior primero 17.0%] (Knuth: ~13.3 h) | máximo colocado 65 de 100 | hilos 8 de 12
    ... 137.7 s | grupo 1/1 | 63125751 nodos | revisado 0.409%, faltan ~9.1 h [interior primero 0.409%, interior primero + pieza menos restrictiva 0.021%, reinicios, interior primero 17.0%] (Knuth: ~13.3 h) | máximo colocado 65 de 100 | hilos 8 de 12
    ... 139.7 s | grupo 1/1 | 64046943 nodos | revisado 0.411%, faltan ~9.2 h [interior primero 0.411%, interior primero + pieza menos restrictiva 0.022%, reinicios, interior primero 17.0%] (Knuth: ~13.3 h) | máximo colocado 65 de 100 | hilos 8 de 12
    ... 141.7 s | grupo 1/1 | 65007611 nodos | revisado 0.416%, faltan ~9.2 h [interior primero 0.416%, interior primero + pieza menos restrictiva 0.022%, reinicios, interior primero 17.0%] (Knuth: ~13.3 h) | máximo colocado 65 de 100 | hilos 8 de 12
    ... 143.7 s | grupo 1/1 | 65973353 nodos | revisado 0.417%, faltan ~9.3 h [interior primero 0.417%, interior primero + pieza menos restrictiva 0.023%, reinicios, interior primero 17.1%] (Knuth: ~13.3 h) | máximo colocado 65 de 100 | hilos 8 de 12
    ... 145.7 s | grupo 1/1 | 66916431 nodos | revisado 0.417%, faltan ~9.5 h [interior primero 0.417%, interior primero + pieza menos restrictiva 0.024%, reinicios, interior primero 17.1%] (Knuth: ~13.3 h) | máximo colocado 65 de 100 | hilos 8 de 12
    ... 147.7 s | grupo 1/1 | 67863592 nodos | revisado 0.419%, faltan ~9.6 h [interior primero 0.419%, interior primero + pieza menos restrictiva 0.024%, reinicios, interior primero 17.1%] (Knuth: ~13.3 h) | máximo colocado 65 de 100 | hilos 8 de 12
    ... 149.7 s | grupo 1/1 | 68786559 nodos | revisado 0.420%, faltan ~9.7 h [interior primero 0.420%, interior primero + pieza menos restrictiva 0.024%, reinicios, interior primero 17.1%] (Knuth: ~13.3 h) | máximo colocado 65 de 100 | hilos 8 de 12
    ... 151.8 s | grupo 1/1 | 69725771 nodos | revisado 0.421%, faltan ~9.8 h [interior primero 0.421%, interior primero + pieza menos restrictiva 0.024%, reinicios, interior primero 17.1%] (Knuth: ~13.3 h) | máximo colocado 65 de 100 | hilos 8 de 12
    ... 153.8 s | grupo 1/1 | 70687974 nodos | revisado 0.421%, faltan ~9.9 h [interior primero 0.421%, interior primero + pieza menos restrictiva 0.024%, reinicios, interior primero 17.1%] (Knuth: ~13.3 h) | máximo colocado 65 de 100 | hilos 8 de 12
    ... 155.8 s | grupo 1/1 | 71584868 nodos | revisado 0.425%, faltan ~9.9 h [interior primero 0.425%, interior primero + pieza menos restrictiva 0.025%, reinicios, interior primero 17.2%] (Knuth: ~13.3 h) | máximo colocado 65 de 100 | hilos 8 de 12
    ... 157.8 s | grupo 1/1 | 72563717 nodos | revisado 0.426%, faltan ~10.0 h [interior primero 0.426%, interior primero + pieza menos restrictiva 0.025%, reinicios, interior primero 17.5%] (Knuth: ~13.3 h) | máximo colocado 65 de 100 | hilos 8 de 12
    ... 159.8 s | grupo 1/1 | 73534049 nodos | revisado 0.429%, faltan ~10.1 h [interior primero 0.429%, interior primero + pieza menos restrictiva 0.026%, reinicios, interior primero 17.5%] (Knuth: ~13.3 h) | máximo colocado 65 de 100 | hilos 8 de 12
    ... 161.8 s | grupo 1/1 | 74471719 nodos | revisado 0.429%, faltan ~10.2 h [interior primero 0.429%, interior primero + pieza menos restrictiva 0.026%, reinicios, interior primero 18.5%] (Knuth: ~13.3 h) | máximo colocado 65 de 100 | hilos 8 de 12
    ... 163.8 s | grupo 1/1 | 75413523 nodos | revisado 0.430%, faltan ~10.3 h [interior primero 0.430%, interior primero + pieza menos restrictiva 0.027%, reinicios, interior primero 18.5%] (Knuth: ~13.3 h) | máximo colocado 65 de 100 | hilos 8 de 12
    ... 165.8 s | grupo 1/1 | 76359697 nodos | revisado 0.433%, faltan ~10.4 h [interior primero 0.433%, interior primero + pieza menos restrictiva 0.027%, reinicios, interior primero 18.5%] (Knuth: ~13.3 h) | máximo colocado 65 de 100 | hilos 8 de 12
    ... 167.8 s | grupo 1/1 | 77307859 nodos | revisado 0.434%, faltan ~10.5 h [interior primero 0.434%, interior primero + pieza menos restrictiva 0.027%, reinicios, interior primero 18.5%] (Knuth: ~13.3 h) | máximo colocado 65 de 100 | hilos 8 de 12
    ... 169.8 s | grupo 1/1 | 78225371 nodos | revisado 0.436%, faltan ~10.6 h [interior primero 0.436%, interior primero + pieza menos restrictiva 0.027%, reinicios, interior primero 18.5%] (Knuth: ~13.3 h) | máximo colocado 65 de 100 | hilos 8 de 12
    ... 171.8 s | grupo 1/1 | 79161029 nodos | revisado 0.436%, faltan ~10.7 h [interior primero 0.436%, interior primero + pieza menos restrictiva 0.027%, reinicios, interior primero 18.5%] (Knuth: ~13.3 h) | máximo colocado 65 de 100 | hilos 8 de 12
    ... 173.8 s | grupo 1/1 | 80119624 nodos | revisado 0.437%, faltan ~10.8 h [interior primero 0.437%, interior primero + pieza menos restrictiva 0.027%, reinicios, interior primero 19.6%] (Knuth: ~13.3 h) | máximo colocado 65 de 100 | hilos 8 de 12
    ... 175.8 s | grupo 1/1 | 81054190 nodos | revisado 0.437%, faltan ~10.9 h [interior primero 0.437%, interior primero + pieza menos restrictiva 0.027%, reinicios, interior primero 21.6%] (Knuth: ~13.3 h) | máximo colocado 65 de 100 | hilos 8 de 12
    ... 177.8 s | grupo 1/1 | 82017073 nodos | revisado 0.438%, faltan ~11.0 h [interior primero 0.438%, interior primero + pieza menos restrictiva 0.028%, reinicios, interior primero 21.7%] (Knuth: ~13.3 h) | máximo colocado 65 de 100 | hilos 8 de 12
    ... 179.8 s | grupo 1/1 | 82806235 nodos | revisado 0.439%, faltan ~11.2 h [interior primero 0.439%, interior primero + pieza menos restrictiva 0.028%, reinicios, interior primero 21.7%] (Knuth: ~13.3 h) | máximo colocado 65 de 100 | hilos 8 de 12
    ... 181.9 s | grupo 1/1 | 83731656 nodos | revisado 0.439%, faltan ~11.3 h [interior primero 0.439%, interior primero + pieza menos restrictiva 0.028%, reinicios, interior primero 22.2%] (Knuth: ~13.3 h) | máximo colocado 65 de 100 | hilos 8 de 12
    ... 183.9 s | grupo 1/1 | 84682710 nodos | revisado 0.440%, faltan ~11.4 h [interior primero 0.440%, interior primero + pieza menos restrictiva 0.029%, reinicios, interior primero 22.2%] (Knuth: ~13.3 h) | máximo colocado 65 de 100 | hilos 8 de 12
    ... 185.9 s | grupo 1/1 | 85633106 nodos | revisado 0.441%, faltan ~11.5 h [interior primero 0.441%, interior primero + pieza menos restrictiva 0.029%, reinicios, interior primero 22.2%] (Knuth: ~13.3 h) | máximo colocado 65 de 100 | hilos 8 de 12
    ... 187.9 s | grupo 1/1 | 86554864 nodos | revisado 0.441%, faltan ~11.6 h [interior primero 0.441%, interior primero + pieza menos restrictiva 0.030%, reinicios, interior primero 22.2%] (Knuth: ~13.3 h) | máximo colocado 65 de 100 | hilos 8 de 12
    ... 189.9 s | grupo 1/1 | 87509902 nodos | revisado 0.442%, faltan ~11.7 h [interior primero 0.442%, interior primero + pieza menos restrictiva 0.030%, reinicios, interior primero 22.2%] (Knuth: ~13.3 h) | máximo colocado 65 de 100 | hilos 8 de 12
    ... 191.9 s | grupo 1/1 | 88424573 nodos | revisado 0.442%, faltan ~11.8 h [interior primero 0.442%, interior primero + pieza menos restrictiva 0.030%, reinicios, interior primero 22.2%] (Knuth: ~13.3 h) | máximo colocado 65 de 100 | hilos 8 de 12
    ... 193.9 s | grupo 1/1 | 89379404 nodos | revisado 0.443%, faltan ~11.9 h [interior primero 0.443%, interior primero + pieza menos restrictiva 0.030%, reinicios, interior primero 22.2%] (Knuth: ~13.3 h) | máximo colocado 65 de 100 | hilos 8 de 12
    ... 195.9 s | grupo 1/1 | 90325342 nodos | revisado 0.444%, faltan ~12.0 h [interior primero 0.444%, interior primero + pieza menos restrictiva 0.030%, reinicios, interior primero 22.2%] (Knuth: ~13.3 h) | máximo colocado 65 de 100 | hilos 8 de 12
    ... 197.9 s | grupo 1/1 | 91289440 nodos | revisado 0.445%, faltan ~12.1 h [interior primero 0.445%, interior primero + pieza menos restrictiva 0.031%, reinicios, interior primero 22.2%] (Knuth: ~13.3 h) | máximo colocado 65 de 100 | hilos 8 de 12
    ... 200.0 s | grupo 1/1 | 92257929 nodos | revisado 0.447%, faltan ~12.2 h [interior primero 0.447%, interior primero + pieza menos restrictiva 0.031%, reinicios, interior primero 22.2%] (Knuth: ~13.3 h) | máximo colocado 65 de 100 | hilos 8 de 12
    ... 202.0 s | grupo 1/1 | 93205951 nodos | revisado 0.447%, faltan ~12.3 h [interior primero 0.447%, interior primero + pieza menos restrictiva 0.031%, reinicios, interior primero 22.3%] (Knuth: ~13.3 h) | máximo colocado 65 de 100 | hilos 8 de 12
    ... 204.0 s | grupo 1/1 | 94157623 nodos | revisado 0.449%, faltan ~12.4 h [interior primero 0.449%, interior primero + pieza menos restrictiva 0.032%, reinicios, interior primero 22.3%] (Knuth: ~13.3 h) | máximo colocado 65 de 100 | hilos 8 de 12
    ... 206.0 s | grupo 1/1 | 95111468 nodos | revisado 0.450%, faltan ~12.5 h [interior primero 0.450%, interior primero + pieza menos restrictiva 0.032%, reinicios, interior primero 23.4%] (Knuth: ~13.3 h) | máximo colocado 65 de 100 | hilos 8 de 12
    ... 208.0 s | grupo 1/1 | 96070904 nodos | revisado 0.451%, faltan ~12.6 h [interior primero 0.451%, interior primero + pieza menos restrictiva 0.033%, reinicios, interior primero 23.4%] (Knuth: ~13.3 h) | máximo colocado 65 de 100 | hilos 8 de 12
    ... 210.0 s | grupo 1/1 | 97022927 nodos | revisado 0.453%, faltan ~12.6 h [interior primero 0.453%, interior primero + pieza menos restrictiva 0.033%, reinicios, interior primero 23.4%] (Knuth: ~13.3 h) | máximo colocado 65 de 100 | hilos 8 de 12
    ... 212.0 s | grupo 1/1 | 97967405 nodos | revisado 0.454%, faltan ~12.7 h [interior primero 0.454%, interior primero + pieza menos restrictiva 0.033%, reinicios, interior primero 23.4%] (Knuth: ~13.3 h) | máximo colocado 65 de 100 | hilos 8 de 12
    ... 214.0 s | grupo 1/1 | 98909686 nodos | revisado 0.454%, faltan ~12.8 h [interior primero 0.454%, interior primero + pieza menos restrictiva 0.033%, reinicios, interior primero 23.4%] (Knuth: ~13.3 h) | máximo colocado 65 de 100 | hilos 8 de 12
    ... 216.0 s | grupo 1/1 | 99855943 nodos | revisado 0.455%, faltan ~12.9 h [interior primero 0.455%, interior primero + pieza menos restrictiva 0.034%, reinicios, interior primero 23.5%] (Knuth: ~13.3 h) | máximo colocado 65 de 100 | hilos 8 de 12
    ... 218.1 s | grupo 1/1 | 100828415 nodos | revisado 0.456%, faltan ~13.0 h [interior primero 0.456%, interior primero + pieza menos restrictiva 0.034%, reinicios, interior primero 23.5%] (Knuth: ~13.3 h) | máximo colocado 65 de 100 | hilos 8 de 12
    ... 220.1 s | grupo 1/1 | 101782708 nodos | revisado 0.457%, faltan ~13.1 h [interior primero 0.457%, interior primero + pieza menos restrictiva 0.034%, reinicios, interior primero 24.5%] (Knuth: ~13.3 h) | máximo colocado 65 de 100 | hilos 8 de 12
    ... 222.1 s | grupo 1/1 | 102736564 nodos | revisado 0.460%, faltan ~13.2 h [interior primero 0.460%, interior primero + pieza menos restrictiva 0.034%, reinicios, interior primero 24.5%] (Knuth: ~13.3 h) | máximo colocado 65 de 100 | hilos 8 de 12
    ... 224.1 s | grupo 1/1 | 103702052 nodos | revisado 0.461%, faltan ~13.3 h [interior primero 0.461%, interior primero + pieza menos restrictiva 0.035%, reinicios, interior primero 24.5%] (Knuth: ~13.3 h) | máximo colocado 65 de 100 | hilos 8 de 12
    ... 226.1 s | grupo 1/1 | 104684164 nodos | revisado 0.463%, faltan ~13.3 h [interior primero 0.463%, interior primero + pieza menos restrictiva 0.035%, reinicios, interior primero 24.5%] (Knuth: ~13.3 h) | máximo colocado 65 de 100 | hilos 8 de 12
    ... 228.1 s | grupo 1/1 | 105656473 nodos | revisado 0.463%, faltan ~13.4 h [interior primero 0.463%, interior primero + pieza menos restrictiva 0.036%, reinicios, interior primero 24.5%] (Knuth: ~13.3 h) | máximo colocado 65 de 100 | hilos 8 de 12
    ... 230.1 s | grupo 1/1 | 106595653 nodos | revisado 0.464%, faltan ~13.5 h [interior primero 0.464%, interior primero + pieza menos restrictiva 0.036%, reinicios, interior primero 24.5%] (Knuth: ~13.3 h) | máximo colocado 65 de 100 | hilos 8 de 12
    ... 232.1 s | grupo 1/1 | 107568752 nodos | revisado 0.466%, faltan ~13.6 h [interior primero 0.466%, interior primero + pieza menos restrictiva 0.036%, reinicios, interior primero 26.6%] (Knuth: ~13.3 h) | máximo colocado 65 de 100 | hilos 8 de 12
    ... 234.1 s | grupo 1/1 | 108534297 nodos | revisado 0.468%, faltan ~13.7 h [interior primero 0.468%, interior primero + pieza menos restrictiva 0.036%, reinicios, interior primero 26.6%] (Knuth: ~13.3 h) | máximo colocado 65 de 100 | hilos 8 de 12
    ... 236.2 s | grupo 1/1 | 109510326 nodos | revisado 0.469%, faltan ~13.7 h [interior primero 0.469%, interior primero + pieza menos restrictiva 0.037%, reinicios, interior primero 27.7%] (Knuth: ~13.3 h) | máximo colocado 65 de 100 | hilos 8 de 12
    ... 238.2 s | grupo 1/1 | 110486906 nodos | revisado 0.470%, faltan ~13.8 h [interior primero 0.470%, interior primero + pieza menos restrictiva 0.037%, reinicios, interior primero 27.7%] (Knuth: ~13.3 h) | máximo colocado 65 de 100 | hilos 8 de 12
    ... 240.2 s | grupo 1/1 | 111465017 nodos | revisado 0.471%, faltan ~13.9 h [interior primero 0.471%, interior primero + pieza menos restrictiva 0.037%, reinicios, interior primero 27.7%] (Knuth: ~13.3 h) | máximo colocado 65 de 100 | hilos 8 de 12
    ... 242.2 s | grupo 1/1 | 112454197 nodos | revisado 0.472%, faltan ~14.0 h [interior primero 0.472%, interior primero + pieza menos restrictiva 0.037%, reinicios, interior primero 27.7%] (Knuth: ~13.2 h) | máximo colocado 65 de 100 | hilos 8 de 12
    ... 244.2 s | grupo 1/1 | 113440068 nodos | revisado 0.478%, faltan ~14.0 h [interior primero 0.478%, interior primero + pieza menos restrictiva 0.037%, reinicios, interior primero 28.7%] (Knuth: ~13.2 h) | máximo colocado 65 de 100 | hilos 8 de 12
    ... 246.2 s | grupo 1/1 | 114413717 nodos | revisado 0.478%, faltan ~14.1 h [interior primero 0.478%, interior primero + pieza menos restrictiva 0.037%, reinicios, interior primero 28.7%] (Knuth: ~13.2 h) | máximo colocado 65 de 100 | hilos 8 de 12
    ... 248.2 s | grupo 1/1 | 115388142 nodos | revisado 0.480%, faltan ~14.1 h [interior primero 0.480%, interior primero + pieza menos restrictiva 0.037%, reinicios, interior primero 28.8%] (Knuth: ~13.2 h) | máximo colocado 65 de 100 | hilos 8 de 12
    ... 250.2 s | grupo 1/1 | 116354778 nodos | revisado 0.481%, faltan ~14.2 h [interior primero 0.481%, interior primero + pieza menos restrictiva 0.038%, reinicios, interior primero 28.9%] (Knuth: ~13.2 h) | máximo colocado 65 de 100 | hilos 8 de 12
    ... 252.2 s | grupo 1/1 | 117338083 nodos | revisado 0.483%, faltan ~14.3 h [interior primero 0.483%, interior primero + pieza menos restrictiva 0.038%, reinicios, interior primero 30.0%] (Knuth: ~13.2 h) | máximo colocado 65 de 100 | hilos 8 de 12
    ... 254.2 s | grupo 1/1 | 118326533 nodos | revisado 0.484%, faltan ~14.4 h [interior primero 0.484%, interior primero + pieza menos restrictiva 0.038%, reinicios, interior primero 30.0%] (Knuth: ~13.2 h) | máximo colocado 65 de 100 | hilos 8 de 12
    ... 256.2 s | grupo 1/1 | 119301003 nodos | revisado 0.485%, faltan ~14.4 h [interior primero 0.485%, interior primero + pieza menos restrictiva 0.039%, reinicios, interior primero 31.0%] (Knuth: ~13.2 h) | máximo colocado 65 de 100 | hilos 8 de 12
    ... 258.3 s | grupo 1/1 | 120261044 nodos | revisado 0.488%, faltan ~14.5 h [interior primero 0.488%, interior primero + pieza menos restrictiva 0.039%, reinicios, interior primero 31.0%] (Knuth: ~13.2 h) | máximo colocado 65 de 100 | hilos 8 de 12
    ... 260.3 s | grupo 1/1 | 121221280 nodos | revisado 0.489%, faltan ~14.6 h [interior primero 0.489%, interior primero + pieza menos restrictiva 0.039%, reinicios, interior primero 31.0%] (Knuth: ~13.2 h) | máximo colocado 65 de 100 | hilos 8 de 12
    ... 262.3 s | grupo 1/1 | 122197750 nodos | revisado 0.489%, faltan ~14.6 h [interior primero 0.489%, interior primero + pieza menos restrictiva 0.039%, reinicios, interior primero 31.0%] (Knuth: ~13.2 h) | máximo colocado 65 de 100 | hilos 8 de 12
    ... 264.3 s | grupo 1/1 | 123163007 nodos | revisado 0.491%, faltan ~14.7 h [interior primero 0.491%, interior primero + pieza menos restrictiva 0.040%, reinicios, interior primero 31.1%] (Knuth: ~13.2 h) | máximo colocado 65 de 100 | hilos 8 de 12
    ... 266.3 s | grupo 1/1 | 124146631 nodos | revisado 0.491%, faltan ~14.8 h [interior primero 0.491%, interior primero + pieza menos restrictiva 0.041%, reinicios, interior primero 31.1%] (Knuth: ~13.2 h) | máximo colocado 65 de 100 | hilos 8 de 12
    ... 268.3 s | grupo 1/1 | 125133611 nodos | revisado 0.491%, faltan ~14.9 h [interior primero 0.491%, interior primero + pieza menos restrictiva 0.041%, reinicios, interior primero 31.2%] (Knuth: ~13.2 h) | máximo colocado 65 de 100 | hilos 8 de 12
    ... 270.3 s | grupo 1/1 | 126121670 nodos | revisado 0.492%, faltan ~15.0 h [interior primero 0.492%, interior primero + pieza menos restrictiva 0.042%, reinicios, interior primero 32.2%] (Knuth: ~13.2 h) | máximo colocado 65 de 100 | hilos 8 de 12
    ... 272.3 s | grupo 1/1 | 127085060 nodos | revisado 0.493%, faltan ~15.1 h [interior primero 0.493%, interior primero + pieza menos restrictiva 0.042%, reinicios, interior primero 32.2%] (Knuth: ~13.2 h) | máximo colocado 65 de 100 | hilos 8 de 12
    ... 274.3 s | grupo 1/1 | 128053549 nodos | revisado 0.500%, faltan ~15.0 h [interior primero 0.500%, interior primero + pieza menos restrictiva 0.046%, reinicios, interior primero 32.3%] (Knuth: ~13.2 h) | máximo colocado 65 de 100 | hilos 8 de 12
    ... 276.4 s | grupo 1/1 | 129019713 nodos | revisado 0.500%, faltan ~15.1 h [interior primero 0.500%, interior primero + pieza menos restrictiva 0.046%, reinicios, interior primero 32.3%] (Knuth: ~13.2 h) | máximo colocado 65 de 100 | hilos 8 de 12
    ... 278.4 s | grupo 1/1 | 129966774 nodos | revisado 0.502%, faltan ~15.2 h [interior primero 0.502%, interior primero + pieza menos restrictiva 0.046%, reinicios, interior primero 32.3%] (Knuth: ~13.2 h) | máximo colocado 65 de 100 | hilos 8 de 12
    ... 280.4 s | grupo 1/1 | 130938470 nodos | revisado 0.505%, faltan ~15.2 h [interior primero 0.505%, interior primero + pieza menos restrictiva 0.047%, reinicios, interior primero 32.4%] (Knuth: ~13.2 h) | máximo colocado 65 de 100 | hilos 8 de 12
    ... 282.4 s | grupo 1/1 | 131920881 nodos | revisado 0.506%, faltan ~15.2 h [interior primero 0.506%, interior primero + pieza menos restrictiva 0.047%, reinicios, interior primero 32.9%] (Knuth: ~13.2 h) | máximo colocado 65 de 100 | hilos 8 de 12
    ... 284.4 s | grupo 1/1 | 132882985 nodos | revisado 0.507%, faltan ~15.3 h [interior primero 0.507%, interior primero + pieza menos restrictiva 0.047%, reinicios, interior primero 32.9%] (Knuth: ~13.2 h) | máximo colocado 65 de 100 | hilos 8 de 12
    ... 286.4 s | grupo 1/1 | 133865438 nodos | revisado 0.508%, faltan ~15.4 h [interior primero 0.508%, interior primero + pieza menos restrictiva 0.048%, reinicios, interior primero 32.9%] (Knuth: ~13.2 h) | máximo colocado 65 de 100 | hilos 8 de 12
    ... 288.4 s | grupo 1/1 | 134851042 nodos | revisado 0.509%, faltan ~15.5 h [interior primero 0.509%, interior primero + pieza menos restrictiva 0.049%, reinicios, interior primero 32.9%] (Knuth: ~13.2 h) | máximo colocado 65 de 100 | hilos 8 de 12
    ... 290.4 s | grupo 1/1 | 135812997 nodos | revisado 0.510%, faltan ~15.6 h [interior primero 0.510%, interior primero + pieza menos restrictiva 0.050%, reinicios, interior primero 32.9%] (Knuth: ~13.2 h) | máximo colocado 65 de 100 | hilos 8 de 12
    ... 292.4 s | grupo 1/1 | 136778437 nodos | revisado 0.511%, faltan ~15.7 h [interior primero 0.511%, interior primero + pieza menos restrictiva 0.050%, reinicios, interior primero 33.0%] (Knuth: ~13.2 h) | máximo colocado 65 de 100 | hilos 8 de 12
    ... 294.5 s | grupo 1/1 | 137752338 nodos | revisado 0.511%, faltan ~15.8 h [interior primero 0.511%, interior primero + pieza menos restrictiva 0.051%, reinicios, interior primero 33.0%] (Knuth: ~13.2 h) | máximo colocado 65 de 100 | hilos 8 de 12
    ... 296.5 s | grupo 1/1 | 138723096 nodos | revisado 0.512%, faltan ~15.8 h [interior primero 0.512%, interior primero + pieza menos restrictiva 0.051%, reinicios, interior primero 33.0%] (Knuth: ~13.2 h) | máximo colocado 65 de 100 | hilos 8 de 12
    ... 298.5 s | grupo 1/1 | 139684230 nodos | revisado 0.514%, faltan ~15.9 h [interior primero 0.514%, interior primero + pieza menos restrictiva 0.052%, reinicios, interior primero 33.1%] (Knuth: ~13.2 h) | máximo colocado 65 de 100 | hilos 8 de 12
    ... 300.5 s | grupo 1/1 | 140646458 nodos | revisado 0.515%, faltan ~16.0 h [interior primero 0.515%, interior primero + pieza menos restrictiva 0.053%, reinicios, interior primero 33.1%] (Knuth: ~13.2 h) | máximo colocado 65 de 100 | hilos 8 de 12
    ... 302.5 s | grupo 1/1 | 141612910 nodos | revisado 0.516%, faltan ~16.0 h [interior primero 0.516%, interior primero + pieza menos restrictiva 0.053%, reinicios, interior primero 33.1%] (Knuth: ~13.2 h) | máximo colocado 65 de 100 | hilos 8 de 12
    ... 304.5 s | grupo 1/1 | 142587805 nodos | revisado 0.517%, faltan ~16.1 h [interior primero 0.517%, interior primero + pieza menos restrictiva 0.053%, reinicios, interior primero 33.2%] (Knuth: ~13.2 h) | máximo colocado 65 de 100 | hilos 8 de 12
    ... 306.5 s | grupo 1/1 | 143508379 nodos | revisado 0.518%, faltan ~16.2 h [interior primero 0.518%, interior primero + pieza menos restrictiva 0.053%, reinicios, interior primero 33.2%] (Knuth: ~13.2 h) | máximo colocado 65 de 100 | hilos 8 de 12
    ... 308.5 s | grupo 1/1 | 144473239 nodos | revisado 0.519%, faltan ~16.3 h [interior primero 0.519%, interior primero + pieza menos restrictiva 0.053%, reinicios, interior primero 33.2%] (Knuth: ~13.2 h) | máximo colocado 65 de 100 | hilos 8 de 12
    ... 310.5 s | grupo 1/1 | 145437131 nodos | revisado 0.519%, faltan ~16.4 h [interior primero 0.519%, interior primero + pieza menos restrictiva 0.054%, reinicios, interior primero 34.2%] (Knuth: ~13.1 h) | máximo colocado 65 de 100 | hilos 8 de 12
    ... 312.5 s | grupo 1/1 | 146400354 nodos | revisado 0.520%, faltan ~16.4 h [interior primero 0.520%, interior primero + pieza menos restrictiva 0.056%, reinicios, interior primero 35.2%] (Knuth: ~13.1 h) | máximo colocado 65 de 100 | hilos 8 de 12
    ... 314.5 s | grupo 1/1 | 147361793 nodos | revisado 0.522%, faltan ~16.5 h [interior primero 0.522%, interior primero + pieza menos restrictiva 0.056%, reinicios, interior primero 35.2%] (Knuth: ~13.1 h) | máximo colocado 65 de 100 | hilos 8 de 12
    ... 316.6 s | grupo 1/1 | 148344141 nodos | revisado 0.522%, faltan ~16.6 h [interior primero 0.522%, interior primero + pieza menos restrictiva 0.057%, reinicios, interior primero 35.3%] (Knuth: ~13.1 h) | máximo colocado 65 de 100 | hilos 8 de 12
    ... 318.6 s | grupo 1/1 | 149332771 nodos | revisado 0.522%, faltan ~16.7 h [interior primero 0.522%, interior primero + pieza menos restrictiva 0.059%, reinicios, interior primero 35.3%] (Knuth: ~13.1 h) | máximo colocado 65 de 100 | hilos 8 de 12
    ... 320.6 s | grupo 1/1 | 150306399 nodos | revisado 0.524%, faltan ~16.8 h [interior primero 0.524%, interior primero + pieza menos restrictiva 0.059%, reinicios, interior primero 35.3%] (Knuth: ~13.1 h) | máximo colocado 65 de 100 | hilos 8 de 12
    ... 322.6 s | grupo 1/1 | 151274502 nodos | revisado 0.524%, faltan ~16.9 h [interior primero 0.524%, interior primero + pieza menos restrictiva 0.059%, reinicios, interior primero 35.3%] (Knuth: ~13.1 h) | máximo colocado 65 de 100 | hilos 8 de 12
    ... 324.6 s | grupo 1/1 | 152245888 nodos | revisado 0.525%, faltan ~16.9 h [interior primero 0.525%, interior primero + pieza menos restrictiva 0.060%, reinicios, interior primero 35.4%] (Knuth: ~13.1 h) | máximo colocado 65 de 100 | hilos 8 de 12
    ... 326.6 s | grupo 1/1 | 153220892 nodos | revisado 0.526%, faltan ~17.0 h [interior primero 0.526%, interior primero + pieza menos restrictiva 0.060%, reinicios, interior primero 35.7%] (Knuth: ~13.1 h) | máximo colocado 65 de 100 | hilos 8 de 12
    ... 328.6 s | grupo 1/1 | 154201467 nodos | revisado 0.526%, faltan ~17.1 h [interior primero 0.526%, interior primero + pieza menos restrictiva 0.062%, reinicios, interior primero 35.7%] (Knuth: ~13.1 h) | máximo colocado 65 de 100 | hilos 8 de 12
    ... 330.7 s | grupo 1/1 | 155161299 nodos | revisado 0.527%, faltan ~17.2 h [interior primero 0.527%, interior primero + pieza menos restrictiva 0.063%, reinicios, interior primero 36.7%] (Knuth: ~13.1 h) | máximo colocado 65 de 100 | hilos 8 de 12
    ... 332.7 s | grupo 1/1 | 156129862 nodos | revisado 0.528%, faltan ~17.3 h [interior primero 0.528%, interior primero + pieza menos restrictiva 0.064%, reinicios, interior primero 36.7%] (Knuth: ~13.1 h) | máximo colocado 65 de 100 | hilos 8 de 12
    ... 334.7 s | grupo 1/1 | 157111953 nodos | revisado 0.528%, faltan ~17.3 h [interior primero 0.528%, interior primero + pieza menos restrictiva 0.064%, reinicios, interior primero 36.7%] (Knuth: ~13.1 h) | máximo colocado 65 de 100 | hilos 8 de 12
    ... 336.7 s | grupo 1/1 | 158082254 nodos | revisado 0.530%, faltan ~17.4 h [interior primero 0.530%, interior primero + pieza menos restrictiva 0.065%, reinicios, interior primero 36.7%] (Knuth: ~13.1 h) | máximo colocado 65 de 100 | hilos 8 de 12
    ... 338.7 s | grupo 1/1 | 159054169 nodos | revisado 0.532%, faltan ~17.4 h [interior primero 0.532%, interior primero + pieza menos restrictiva 0.065%, reinicios, interior primero 36.7%] (Knuth: ~13.1 h) | máximo colocado 65 de 100 | hilos 8 de 12
    ... 340.7 s | grupo 1/1 | 160037439 nodos | revisado 0.533%, faltan ~17.5 h [interior primero 0.533%, interior primero + pieza menos restrictiva 0.066%, reinicios, interior primero 36.7%] (Knuth: ~13.1 h) | máximo colocado 65 de 100 | hilos 8 de 12
    ... 342.7 s | grupo 1/1 | 161024244 nodos | revisado 0.534%, faltan ~17.6 h [interior primero 0.534%, interior primero + pieza menos restrictiva 0.066%, reinicios, interior primero 36.7%] (Knuth: ~13.1 h) | máximo colocado 65 de 100 | hilos 8 de 12
    ... 344.7 s | grupo 1/1 | 161993912 nodos | revisado 0.536%, faltan ~17.6 h [interior primero 0.536%, interior primero + pieza menos restrictiva 0.066%, reinicios, interior primero 36.7%] (Knuth: ~13.1 h) | máximo colocado 65 de 100 | hilos 8 de 12
    ... 346.8 s | grupo 1/1 | 162962125 nodos | revisado 0.539%, faltan ~17.6 h [interior primero 0.539%, interior primero + pieza menos restrictiva 0.067%, reinicios, interior primero 36.7%] (Knuth: ~13.1 h) | máximo colocado 65 de 100 | hilos 8 de 12
    ... 348.8 s | grupo 1/1 | 163935365 nodos | revisado 0.539%, faltan ~17.7 h [interior primero 0.539%, interior primero + pieza menos restrictiva 0.067%, reinicios, interior primero 36.7%] (Knuth: ~13.1 h) | máximo colocado 65 de 100 | hilos 8 de 12
    ... 350.8 s | grupo 1/1 | 164906490 nodos | revisado 0.540%, faltan ~17.8 h [interior primero 0.540%, interior primero + pieza menos restrictiva 0.067%, reinicios, interior primero 36.7%] (Knuth: ~13.1 h) | máximo colocado 65 de 100 | hilos 8 de 12
    ... 352.8 s | grupo 1/1 | 165888717 nodos | revisado 0.542%, faltan ~17.8 h [interior primero 0.542%, interior primero + pieza menos restrictiva 0.068%, reinicios, interior primero 36.8%] (Knuth: ~13.1 h) | máximo colocado 65 de 100 | hilos 8 de 12
    ... 354.8 s | grupo 1/1 | 166879033 nodos | revisado 0.542%, faltan ~17.9 h [interior primero 0.542%, interior primero + pieza menos restrictiva 0.068%, reinicios, interior primero 36.8%] (Knuth: ~13.1 h) | máximo colocado 65 de 100 | hilos 8 de 12
    ... 356.8 s | grupo 1/1 | 167850604 nodos | revisado 0.543%, faltan ~18.0 h [interior primero 0.543%, interior primero + pieza menos restrictiva 0.068%, reinicios, interior primero 36.8%] (Knuth: ~13.1 h) | máximo colocado 65 de 100 | hilos 8 de 12
    ... 358.8 s | grupo 1/1 | 168833481 nodos | revisado 0.544%, faltan ~18.1 h [interior primero 0.544%, interior primero + pieza menos restrictiva 0.068%, reinicios, interior primero 36.8%] (Knuth: ~13.1 h) | máximo colocado 65 de 100 | hilos 8 de 12
    ... 360.8 s | grupo 1/1 | 169783704 nodos | revisado 0.545%, faltan ~18.1 h [interior primero 0.545%, interior primero + pieza menos restrictiva 0.068%, reinicios, interior primero 36.8%] (Knuth: ~13.1 h) | máximo colocado 65 de 100 | hilos 8 de 12
    ... 362.8 s | grupo 1/1 | 170762537 nodos | revisado 0.545%, faltan ~18.2 h [interior primero 0.545%, interior primero + pieza menos restrictiva 0.069%, reinicios, interior primero 37.8%] (Knuth: ~13.1 h) | máximo colocado 65 de 100 | hilos 8 de 12
    ... 364.9 s | grupo 1/1 | 171715989 nodos | revisado 0.546%, faltan ~18.3 h [interior primero 0.546%, interior primero + pieza menos restrictiva 0.069%, reinicios, interior primero 38.3%] (Knuth: ~13.1 h) | máximo colocado 65 de 100 | hilos 8 de 12
    ... 366.9 s | grupo 1/1 | 172691407 nodos | revisado 0.547%, faltan ~18.4 h [interior primero 0.547%, interior primero + pieza menos restrictiva 0.069%, reinicios, interior primero 38.4%] (Knuth: ~13.1 h) | máximo colocado 65 de 100 | hilos 8 de 12
    ... 368.9 s | grupo 1/1 | 173655459 nodos | revisado 0.548%, faltan ~18.5 h [interior primero 0.548%, interior primero + pieza menos restrictiva 0.069%, reinicios, interior primero 38.4%] (Knuth: ~13.1 h) | máximo colocado 65 de 100 | hilos 8 de 12
    ... 370.9 s | grupo 1/1 | 174628941 nodos | revisado 0.548%, faltan ~18.5 h [interior primero 0.548%, interior primero + pieza menos restrictiva 0.069%, reinicios, interior primero 38.5%] (Knuth: ~13.1 h) | máximo colocado 65 de 100 | hilos 8 de 12
    ... 372.9 s | grupo 1/1 | 175601817 nodos | revisado 0.550%, faltan ~18.6 h [interior primero 0.550%, interior primero + pieza menos restrictiva 0.069%, reinicios, interior primero 40.5%] (Knuth: ~13.1 h) | máximo colocado 65 de 100 | hilos 8 de 12
    ... 374.9 s | grupo 1/1 | 176579294 nodos | revisado 0.550%, faltan ~18.7 h [interior primero 0.550%, interior primero + pieza menos restrictiva 0.070%, reinicios, interior primero 40.5%] (Knuth: ~13.1 h) | máximo colocado 65 de 100 | hilos 8 de 12
    ... 376.9 s | grupo 1/1 | 177547632 nodos | revisado 0.551%, faltan ~18.7 h [interior primero 0.551%, interior primero + pieza menos restrictiva 0.070%, reinicios, interior primero 42.6%] (Knuth: ~13.1 h) | máximo colocado 65 de 100 | hilos 8 de 12
    ... 378.9 s | grupo 1/1 | 178531872 nodos | revisado 0.551%, faltan ~18.8 h [interior primero 0.551%, interior primero + pieza menos restrictiva 0.070%, reinicios, interior primero 42.6%] (Knuth: ~13.1 h) | máximo colocado 65 de 100 | hilos 8 de 12
    ... 380.9 s | grupo 1/1 | 179494343 nodos | revisado 0.552%, faltan ~18.9 h [interior primero 0.552%, interior primero + pieza menos restrictiva 0.070%, reinicios, interior primero 42.7%] (Knuth: ~13.1 h) | máximo colocado 65 de 100 | hilos 8 de 12
    ... 382.9 s | grupo 1/1 | 180477203 nodos | revisado 0.553%, faltan ~19.0 h [interior primero 0.553%, interior primero + pieza menos restrictiva 0.071%, reinicios, interior primero 42.7%] (Knuth: ~13.1 h) | máximo colocado 65 de 100 | hilos 8 de 12
    ... 384.9 s | grupo 1/1 | 181465147 nodos | revisado 0.553%, faltan ~19.1 h [interior primero 0.553%, interior primero + pieza menos restrictiva 0.071%, reinicios, interior primero 42.7%] (Knuth: ~13.1 h) | máximo colocado 65 de 100 | hilos 8 de 12
    ... 387.0 s | grupo 1/1 | 182440487 nodos | revisado 0.553%, faltan ~19.2 h [interior primero 0.553%, interior primero + pieza menos restrictiva 0.071%, reinicios, interior primero 42.7%] (Knuth: ~13.1 h) | máximo colocado 65 de 100 | hilos 8 de 12
    ... 389.0 s | grupo 1/1 | 183405754 nodos | revisado 0.554%, faltan ~19.3 h [interior primero 0.554%, interior primero + pieza menos restrictiva 0.072%, reinicios, interior primero 42.7%] (Knuth: ~13.1 h) | máximo colocado 65 de 100 | hilos 8 de 12
    ... 391.0 s | grupo 1/1 | 184384157 nodos | revisado 0.554%, faltan ~19.3 h [interior primero 0.554%, interior primero + pieza menos restrictiva 0.072%, reinicios, interior primero 42.7%] (Knuth: ~13.1 h) | máximo colocado 65 de 100 | hilos 8 de 12
    ... 393.0 s | grupo 1/1 | 185368250 nodos | revisado 0.555%, faltan ~19.4 h [interior primero 0.555%, interior primero + pieza menos restrictiva 0.072%, reinicios, interior primero 42.8%] (Knuth: ~13.1 h) | máximo colocado 65 de 100 | hilos 8 de 12
    ... 395.0 s | grupo 1/1 | 186352001 nodos | revisado 0.556%, faltan ~19.5 h [interior primero 0.556%, interior primero + pieza menos restrictiva 0.073%, reinicios, interior primero 42.9%] (Knuth: ~13.1 h) | máximo colocado 65 de 100 | hilos 8 de 12
    ... 397.0 s | grupo 1/1 | 187323087 nodos | revisado 0.557%, faltan ~19.5 h [interior primero 0.557%, interior primero + pieza menos restrictiva 0.075%, reinicios, interior primero 43.0%] (Knuth: ~13.1 h) | máximo colocado 65 de 100 | hilos 8 de 12
    ... 399.0 s | grupo 1/1 | 188289947 nodos | revisado 0.557%, faltan ~19.6 h [interior primero 0.557%, interior primero + pieza menos restrictiva 0.075%, reinicios, interior primero 43.0%] (Knuth: ~13.1 h) | máximo colocado 65 de 100 | hilos 8 de 12
    ... 401.0 s | grupo 1/1 | 189265485 nodos | revisado 0.559%, faltan ~19.7 h [interior primero 0.559%, interior primero + pieza menos restrictiva 0.075%, reinicios, interior primero 43.0%] (Knuth: ~13.1 h) | máximo colocado 65 de 100 | hilos 8 de 12
    ... 403.1 s | grupo 1/1 | 190237000 nodos | revisado 0.560%, faltan ~19.7 h [interior primero 0.560%, interior primero + pieza menos restrictiva 0.075%, reinicios, interior primero 43.0%] (Knuth: ~13.0 h) | máximo colocado 65 de 100 | hilos 8 de 12
    ... 405.1 s | grupo 1/1 | 191205532 nodos | revisado 0.561%, faltan ~19.8 h [interior primero 0.561%, interior primero + pieza menos restrictiva 0.075%, reinicios, interior primero 43.0%] (Knuth: ~13.0 h) | máximo colocado 65 de 100 | hilos 8 de 12
    ... 407.1 s | grupo 1/1 | 192161992 nodos | revisado 0.562%, faltan ~19.9 h [interior primero 0.562%, interior primero + pieza menos restrictiva 0.075%, reinicios, interior primero 43.0%] (Knuth: ~13.0 h) | máximo colocado 65 de 100 | hilos 8 de 12
    ... 409.1 s | grupo 1/1 | 193139542 nodos | revisado 0.563%, faltan ~19.9 h [interior primero 0.563%, interior primero + pieza menos restrictiva 0.075%, reinicios, interior primero 43.1%] (Knuth: ~13.0 h) | máximo colocado 65 de 100 | hilos 8 de 12
    ... 411.1 s | grupo 1/1 | 194105950 nodos | revisado 0.563%, faltan ~20.0 h [interior primero 0.563%, interior primero + pieza menos restrictiva 0.075%, reinicios, interior primero 43.1%] (Knuth: ~13.0 h) | máximo colocado 65 de 100 | hilos 8 de 12
    ... 413.1 s | grupo 1/1 | 195083338 nodos | revisado 0.564%, faltan ~20.1 h [interior primero 0.564%, interior primero + pieza menos restrictiva 0.076%, reinicios, interior primero 43.1%] (Knuth: ~13.0 h) | máximo colocado 65 de 100 | hilos 8 de 12
    ... 415.1 s | grupo 1/1 | 196054732 nodos | revisado 0.566%, faltan ~20.1 h [interior primero 0.566%, interior primero + pieza menos restrictiva 0.076%, reinicios, interior primero 44.2%] (Knuth: ~13.0 h) | máximo colocado 65 de 100 | hilos 8 de 12
    ... 417.1 s | grupo 1/1 | 197031113 nodos | revisado 0.566%, faltan ~20.2 h [interior primero 0.566%, interior primero + pieza menos restrictiva 0.076%, reinicios, interior primero 44.2%] (Knuth: ~13.0 h) | máximo colocado 65 de 100 | hilos 8 de 12
    ... 419.1 s | grupo 1/1 | 198005812 nodos | revisado 0.567%, faltan ~20.3 h [interior primero 0.567%, interior primero + pieza menos restrictiva 0.076%, reinicios, interior primero 44.2%] (Knuth: ~13.0 h) | máximo colocado 65 de 100 | hilos 8 de 12
    ... 421.1 s | grupo 1/1 | 198968093 nodos | revisado 0.567%, faltan ~20.4 h [interior primero 0.567%, interior primero + pieza menos restrictiva 0.076%, reinicios, interior primero 44.2%] (Knuth: ~13.0 h) | máximo colocado 65 de 100 | hilos 8 de 12
    ... 423.1 s | grupo 1/1 | 199931280 nodos | revisado 0.568%, faltan ~20.4 h [interior primero 0.568%, interior primero + pieza menos restrictiva 0.077%, reinicios, interior primero 45.1%] (Knuth: ~13.0 h) | máximo colocado 65 de 100 | hilos 8 de 12
    ... 425.1 s | grupo 1/1 | 200906451 nodos | revisado 0.570%, faltan ~20.5 h [interior primero 0.570%, interior primero + pieza menos restrictiva 0.077%, reinicios, interior primero 45.1%] (Knuth: ~13.0 h) | máximo colocado 65 de 100 | hilos 8 de 12
    ... 427.1 s | grupo 1/1 | 201882169 nodos | revisado 0.570%, faltan ~20.6 h [interior primero 0.570%, interior primero + pieza menos restrictiva 0.077%, reinicios, interior primero 46.2%] (Knuth: ~13.0 h) | máximo colocado 65 de 100 | hilos 8 de 12
    ... 429.2 s | grupo 1/1 | 202864615 nodos | revisado 0.570%, faltan ~20.6 h [interior primero 0.570%, interior primero + pieza menos restrictiva 0.077%, reinicios, interior primero 46.2%] (Knuth: ~13.0 h) | máximo colocado 65 de 100 | hilos 8 de 12
    ... 431.2 s | grupo 1/1 | 203860555 nodos | revisado 0.571%, faltan ~20.7 h [interior primero 0.571%, interior primero + pieza menos restrictiva 0.077%, reinicios, interior primero 47.2%] (Knuth: ~13.0 h) | máximo colocado 65 de 100 | hilos 8 de 12
    ... 433.2 s | grupo 1/1 | 204841486 nodos | revisado 0.573%, faltan ~20.7 h [interior primero 0.573%, interior primero + pieza menos restrictiva 0.077%, reinicios, interior primero 47.2%] (Knuth: ~13.0 h) | máximo colocado 65 de 100 | hilos 8 de 12
    ... 435.2 s | grupo 1/1 | 205809136 nodos | revisado 0.573%, faltan ~20.8 h [interior primero 0.573%, interior primero + pieza menos restrictiva 0.078%, reinicios, interior primero 47.7%] (Knuth: ~13.0 h) | máximo colocado 65 de 100 | hilos 8 de 12
    ... 437.2 s | grupo 1/1 | 206785684 nodos | revisado 0.574%, faltan ~20.9 h [interior primero 0.574%, interior primero + pieza menos restrictiva 0.078%, reinicios, interior primero 47.7%] (Knuth: ~13.0 h) | máximo colocado 65 de 100 | hilos 8 de 12
    ... 439.2 s | grupo 1/1 | 207770436 nodos | revisado 0.574%, faltan ~21.0 h [interior primero 0.574%, interior primero + pieza menos restrictiva 0.078%, reinicios, interior primero 47.8%] (Knuth: ~13.0 h) | máximo colocado 65 de 100 | hilos 8 de 12
    ... 441.2 s | grupo 1/1 | 208766703 nodos | revisado 0.575%, faltan ~21.1 h [interior primero 0.575%, interior primero + pieza menos restrictiva 0.078%, reinicios, interior primero 48.1%] (Knuth: ~13.0 h) | máximo colocado 65 de 100 | hilos 8 de 12
    ... 443.2 s | grupo 1/1 | 209749396 nodos | revisado 0.575%, faltan ~21.1 h [interior primero 0.575%, interior primero + pieza menos restrictiva 0.079%, reinicios, interior primero 48.1%] (Knuth: ~13.0 h) | máximo colocado 65 de 100 | hilos 8 de 12
    ... 445.2 s | grupo 1/1 | 210741795 nodos | revisado 0.575%, faltan ~21.2 h [interior primero 0.575%, interior primero + pieza menos restrictiva 0.079%, reinicios, interior primero 49.1%] (Knuth: ~13.0 h) | máximo colocado 65 de 100 | hilos 8 de 12
    ... 447.2 s | grupo 1/1 | 211749069 nodos | revisado 0.576%, faltan ~21.3 h [interior primero 0.576%, interior primero + pieza menos restrictiva 0.079%, reinicios, interior primero 49.1%] (Knuth: ~13.0 h) | máximo colocado 65 de 100 | hilos 8 de 12
    ... 449.2 s | grupo 1/1 | 212753759 nodos | revisado 0.576%, faltan ~21.4 h [interior primero 0.576%, interior primero + pieza menos restrictiva 0.080%, reinicios, interior primero 49.1%] (Knuth: ~13.0 h) | máximo colocado 65 de 100 | hilos 8 de 12
    ... 451.2 s | grupo 1/1 | 213750988 nodos | revisado 0.576%, faltan ~21.5 h [interior primero 0.576%, interior primero + pieza menos restrictiva 0.080%, reinicios, interior primero 50.1%] (Knuth: ~13.0 h) | máximo colocado 65 de 100 | hilos 8 de 12
    ... 453.2 s | grupo 1/1 | 214753683 nodos | revisado 0.576%, faltan ~21.6 h [interior primero 0.576%, interior primero + pieza menos restrictiva 0.080%, reinicios, interior primero 50.1%] (Knuth: ~13.0 h) | máximo colocado 65 de 100 | hilos 8 de 12
    ... 455.2 s | grupo 1/1 | 215761120 nodos | revisado 0.576%, faltan ~21.7 h [interior primero 0.576%, interior primero + pieza menos restrictiva 0.081%, reinicios, interior primero 51.1%] (Knuth: ~13.0 h) | máximo colocado 65 de 100 | hilos 8 de 12
    ... 457.2 s | grupo 1/1 | 216764807 nodos | revisado 0.577%, faltan ~21.8 h [interior primero 0.577%, interior primero + pieza menos restrictiva 0.081%, reinicios, interior primero 51.6%] (Knuth: ~13.0 h) | máximo colocado 65 de 100 | hilos 8 de 12
    ... 459.3 s | grupo 1/1 | 217776446 nodos | revisado 0.577%, faltan ~21.8 h [interior primero 0.577%, interior primero + pieza menos restrictiva 0.081%, reinicios, interior primero 51.7%] (Knuth: ~13.0 h) | máximo colocado 65 de 100 | hilos 8 de 12
    ... 461.3 s | grupo 1/1 | 218779077 nodos | revisado 0.578%, faltan ~21.9 h [interior primero 0.578%, interior primero + pieza menos restrictiva 0.082%, reinicios, interior primero 51.7%] (Knuth: ~13.0 h) | máximo colocado 65 de 100 | hilos 8 de 12
    ... 463.3 s | grupo 1/1 | 219803377 nodos | revisado 0.578%, faltan ~22.0 h [interior primero 0.578%, interior primero + pieza menos restrictiva 0.082%, reinicios, interior primero 51.7%] (Knuth: ~13.0 h) | máximo colocado 65 de 100 | hilos 8 de 12
    ... 465.3 s | grupo 1/1 | 220823078 nodos | revisado 0.580%, faltan ~22.0 h [interior primero 0.580%, interior primero + pieza menos restrictiva 0.083%, reinicios, interior primero 51.7%] (Knuth: ~13.0 h) | máximo colocado 65 de 100 | hilos 8 de 12
    ... 467.3 s | grupo 1/1 | 221843519 nodos | revisado 0.581%, faltan ~22.1 h [interior primero 0.581%, interior primero + pieza menos restrictiva 0.084%, reinicios, interior primero 51.7%] (Knuth: ~13.0 h) | máximo colocado 68 de 100 | hilos 8 de 12
    ... 469.3 s | grupo 1/1 | 222850522 nodos | revisado 0.581%, faltan ~22.1 h [interior primero 0.581%, interior primero + pieza menos restrictiva 0.084%, reinicios, interior primero 51.7%] (Knuth: ~13.0 h) | máximo colocado 68 de 100 | hilos 8 de 12
    ... 471.3 s | grupo 1/1 | 223868596 nodos | revisado 0.582%, faltan ~22.2 h [interior primero 0.582%, interior primero + pieza menos restrictiva 0.084%, reinicios, interior primero 51.7%] (Knuth: ~13.0 h) | máximo colocado 68 de 100 | hilos 8 de 12
    ... 473.3 s | grupo 1/1 | 224883939 nodos | revisado 0.582%, faltan ~22.3 h [interior primero 0.582%, interior primero + pieza menos restrictiva 0.084%, reinicios, interior primero 52.2%] (Knuth: ~13.0 h) | máximo colocado 68 de 100 | hilos 8 de 12
    ... 475.3 s | grupo 1/1 | 225887847 nodos | revisado 0.582%, faltan ~22.4 h [interior primero 0.582%, interior primero + pieza menos restrictiva 0.084%, reinicios, interior primero 52.2%] (Knuth: ~13.0 h) | máximo colocado 68 de 100 | hilos 8 de 12
    ... 477.3 s | grupo 1/1 | 226901492 nodos | revisado 0.582%, faltan ~22.5 h [interior primero 0.582%, interior primero + pieza menos restrictiva 0.084%, reinicios, interior primero 52.2%] (Knuth: ~13.0 h) | máximo colocado 68 de 100 | hilos 8 de 12
    ... 479.4 s | grupo 1/1 | 227911293 nodos | revisado 0.583%, faltan ~22.6 h [interior primero 0.583%, interior primero + pieza menos restrictiva 0.084%, reinicios, interior primero 52.2%] (Knuth: ~12.9 h) | máximo colocado 68 de 100 | hilos 8 de 12
    ... 481.4 s | grupo 1/1 | 228910571 nodos | revisado 0.583%, faltan ~22.7 h [interior primero 0.583%, interior primero + pieza menos restrictiva 0.085%, reinicios, interior primero 52.2%] (Knuth: ~12.9 h) | máximo colocado 68 de 100 | hilos 8 de 12
    ... 483.4 s | grupo 1/1 | 229886832 nodos | revisado 0.583%, faltan ~22.8 h [interior primero 0.583%, interior primero + pieza menos restrictiva 0.085%, reinicios, interior primero 52.3%] (Knuth: ~12.9 h) | máximo colocado 68 de 100 | hilos 8 de 12
    ... 485.4 s | grupo 1/1 | 230829245 nodos | revisado 0.583%, faltan ~22.8 h [interior primero 0.583%, interior primero + pieza menos restrictiva 0.085%, reinicios, interior primero 52.3%] (Knuth: ~12.9 h) | máximo colocado 68 de 100 | hilos 8 de 12
    ... 487.4 s | grupo 1/1 | 231810644 nodos | revisado 0.583%, faltan ~22.9 h [interior primero 0.583%, interior primero + pieza menos restrictiva 0.086%, reinicios, interior primero 52.3%] (Knuth: ~12.9 h) | máximo colocado 68 de 100 | hilos 8 de 12
    ... 489.4 s | grupo 1/1 | 232785142 nodos | revisado 0.583%, faltan ~23.0 h [interior primero 0.583%, interior primero + pieza menos restrictiva 0.087%, reinicios, interior primero 52.3%] (Knuth: ~12.9 h) | máximo colocado 68 de 100 | hilos 8 de 12
    ... 491.4 s | grupo 1/1 | 233770533 nodos | revisado 0.584%, faltan ~23.1 h [interior primero 0.584%, interior primero + pieza menos restrictiva 0.088%, reinicios, interior primero 52.3%] (Knuth: ~12.9 h) | máximo colocado 68 de 100 | hilos 8 de 12
    ... 493.4 s | grupo 1/1 | 234751047 nodos | revisado 0.584%, faltan ~23.2 h [interior primero 0.584%, interior primero + pieza menos restrictiva 0.089%, reinicios, interior primero 52.3%] (Knuth: ~12.9 h) | máximo colocado 68 de 100 | hilos 8 de 12
    ... 495.4 s | grupo 1/1 | 235708492 nodos | revisado 0.586%, faltan ~23.2 h [interior primero 0.586%, interior primero + pieza menos restrictiva 0.089%, reinicios, interior primero 52.3%] (Knuth: ~12.9 h) | máximo colocado 68 de 100 | hilos 8 de 12
    ... 497.4 s | grupo 1/1 | 236680092 nodos | revisado 0.587%, faltan ~23.3 h [interior primero 0.587%, interior primero + pieza menos restrictiva 0.092%, reinicios, interior primero 52.3%] (Knuth: ~12.9 h) | máximo colocado 68 de 100 | hilos 8 de 12
    ... 499.4 s | grupo 1/1 | 237646602 nodos | revisado 0.587%, faltan ~23.4 h [interior primero 0.587%, interior primero + pieza menos restrictiva 0.093%, reinicios, interior primero 52.3%] (Knuth: ~12.9 h) | máximo colocado 68 de 100 | hilos 8 de 12
    ... 501.4 s | grupo 1/1 | 238641812 nodos | revisado 0.588%, faltan ~23.4 h [interior primero 0.588%, interior primero + pieza menos restrictiva 0.094%, reinicios, interior primero 52.3%] (Knuth: ~12.9 h) | máximo colocado 68 de 100 | hilos 8 de 12
    ... 503.5 s | grupo 1/1 | 239615219 nodos | revisado 0.589%, faltan ~23.5 h [interior primero 0.589%, interior primero + pieza menos restrictiva 0.094%, reinicios, interior primero 52.4%] (Knuth: ~12.9 h) | máximo colocado 68 de 100 | hilos 8 de 12
    ... 505.5 s | grupo 1/1 | 240595791 nodos | revisado 0.589%, faltan ~23.6 h [interior primero 0.589%, interior primero + pieza menos restrictiva 0.094%, reinicios, interior primero 52.4%] (Knuth: ~12.9 h) | máximo colocado 68 de 100 | hilos 8 de 12
    ... 507.5 s | grupo 1/1 | 241537277 nodos | revisado 0.590%, faltan ~23.6 h [interior primero 0.590%, interior primero + pieza menos restrictiva 0.095%, reinicios, interior primero 52.4%] (Knuth: ~12.9 h) | máximo colocado 68 de 100 | hilos 8 de 12
    ... 509.5 s | grupo 1/1 | 242447609 nodos | revisado 0.590%, faltan ~23.7 h [interior primero 0.590%, interior primero + pieza menos restrictiva 0.095%, reinicios, interior primero 52.4%] (Knuth: ~12.9 h) | máximo colocado 68 de 100 | hilos 8 de 12
    ... 511.5 s | grupo 1/1 | 243406043 nodos | revisado 0.590%, faltan ~23.8 h [interior primero 0.590%, interior primero + pieza menos restrictiva 0.095%, reinicios, interior primero 52.4%] (Knuth: ~12.9 h) | máximo colocado 68 de 100 | hilos 8 de 12
    ... 513.5 s | grupo 1/1 | 244375182 nodos | revisado 0.590%, faltan ~23.9 h [interior primero 0.590%, interior primero + pieza menos restrictiva 0.096%, reinicios, interior primero 52.4%] (Knuth: ~12.9 h) | máximo colocado 68 de 100 | hilos 8 de 12
    ... 515.5 s | grupo 1/1 | 245336896 nodos | revisado 0.590%, faltan ~24.0 h [interior primero 0.590%, interior primero + pieza menos restrictiva 0.096%, reinicios, interior primero 52.4%] (Knuth: ~12.9 h) | máximo colocado 68 de 100 | hilos 8 de 12
    ... 517.5 s | grupo 1/1 | 246313306 nodos | revisado 0.592%, faltan ~24.0 h [interior primero 0.592%, interior primero + pieza menos restrictiva 0.096%, reinicios, interior primero 52.4%] (Knuth: ~12.9 h) | máximo colocado 68 de 100 | hilos 8 de 12
    ... 519.5 s | grupo 1/1 | 247295930 nodos | revisado 0.592%, faltan ~24.1 h [interior primero 0.592%, interior primero + pieza menos restrictiva 0.096%, reinicios, interior primero 52.4%] (Knuth: ~12.9 h) | máximo colocado 68 de 100 | hilos 8 de 12
    ... 521.5 s | grupo 1/1 | 248262872 nodos | revisado 0.593%, faltan ~24.2 h [interior primero 0.593%, interior primero + pieza menos restrictiva 0.097%, reinicios, interior primero 52.4%] (Knuth: ~12.9 h) | máximo colocado 68 de 100 | hilos 8 de 12
    ... 523.5 s | grupo 1/1 | 249233289 nodos | revisado 0.593%, faltan ~24.2 h [interior primero 0.593%, interior primero + pieza menos restrictiva 0.097%, reinicios, interior primero 52.5%] (Knuth: ~12.9 h) | máximo colocado 68 de 100 | hilos 8 de 12
    ... 525.5 s | grupo 1/1 | 250221063 nodos | revisado 0.594%, faltan ~24.3 h [interior primero 0.594%, interior primero + pieza menos restrictiva 0.097%, reinicios, interior primero 52.5%] (Knuth: ~12.9 h) | máximo colocado 68 de 100 | hilos 8 de 12
    ... 527.5 s | grupo 1/1 | 251198585 nodos | revisado 0.594%, faltan ~24.4 h [interior primero 0.594%, interior primero + pieza menos restrictiva 0.098%, reinicios, interior primero 52.5%] (Knuth: ~12.9 h) | máximo colocado 68 de 100 | hilos 8 de 12
    ... 529.6 s | grupo 1/1 | 252196608 nodos | revisado 0.594%, faltan ~24.5 h [interior primero 0.594%, interior primero + pieza menos restrictiva 0.098%, reinicios, interior primero 52.5%] (Knuth: ~12.9 h) | máximo colocado 68 de 100 | hilos 8 de 12
    ... 531.6 s | grupo 1/1 | 253164625 nodos | revisado 0.594%, faltan ~24.6 h [interior primero 0.594%, interior primero + pieza menos restrictiva 0.098%, reinicios, interior primero 52.5%] (Knuth: ~12.9 h) | máximo colocado 68 de 100 | hilos 8 de 12
    ... 533.6 s | grupo 1/1 | 254125800 nodos | revisado 0.595%, faltan ~24.6 h [interior primero 0.595%, interior primero + pieza menos restrictiva 0.099%, reinicios, interior primero 52.5%] (Knuth: ~12.9 h) | máximo colocado 68 de 100 | hilos 8 de 12
    ... 535.6 s | grupo 1/1 | 255123738 nodos | revisado 0.596%, faltan ~24.7 h [interior primero 0.596%, interior primero + pieza menos restrictiva 0.100%, reinicios, interior primero 52.6%] (Knuth: ~12.9 h) | máximo colocado 68 de 100 | hilos 8 de 12
    ... 537.6 s | grupo 1/1 | 256110661 nodos | revisado 0.597%, faltan ~24.7 h [interior primero 0.597%, interior primero + pieza menos restrictiva 0.101%, reinicios, interior primero 52.6%] (Knuth: ~12.9 h) | máximo colocado 68 de 100 | hilos 8 de 12
    ... 539.6 s | grupo 1/1 | 257092382 nodos | revisado 0.598%, faltan ~24.8 h [interior primero 0.598%, interior primero + pieza menos restrictiva 0.101%, reinicios, interior primero 52.6%] (Knuth: ~12.9 h) | máximo colocado 68 de 100 | hilos 8 de 12
    ... 541.6 s | grupo 1/1 | 258058919 nodos | revisado 0.599%, faltan ~24.8 h [interior primero 0.599%, interior primero + pieza menos restrictiva 0.102%, reinicios, interior primero 53.6%] (Knuth: ~12.9 h) | máximo colocado 68 de 100 | hilos 8 de 12
    ... 543.6 s | grupo 1/1 | 259043438 nodos | revisado 0.599%, faltan ~24.9 h [interior primero 0.599%, interior primero + pieza menos restrictiva 0.103%, reinicios, interior primero 53.7%] (Knuth: ~12.9 h) | máximo colocado 68 de 100 | hilos 8 de 12
    ... 545.6 s | grupo 1/1 | 260038998 nodos | revisado 0.601%, faltan ~24.9 h [interior primero 0.601%, interior primero + pieza menos restrictiva 0.103%, reinicios, interior primero 53.8%] (Knuth: ~12.9 h) | máximo colocado 68 de 100 | hilos 8 de 12
    ... 547.7 s | grupo 1/1 | 261019620 nodos | revisado 0.602%, faltan ~25.0 h [interior primero 0.602%, interior primero + pieza menos restrictiva 0.106%, reinicios, interior primero 53.8%] (Knuth: ~12.9 h) | máximo colocado 68 de 100 | hilos 8 de 12
    ... 549.7 s | grupo 1/1 | 262003768 nodos | revisado 0.603%, faltan ~25.0 h [interior primero 0.603%, interior primero + pieza menos restrictiva 0.107%, reinicios, interior primero 53.8%] (Knuth: ~12.9 h) | máximo colocado 68 de 100 | hilos 8 de 12
    ... 551.7 s | grupo 1/1 | 262976011 nodos | revisado 0.604%, faltan ~25.1 h [interior primero 0.604%, interior primero + pieza menos restrictiva 0.110%, reinicios, interior primero 53.9%] (Knuth: ~12.9 h) | máximo colocado 68 de 100 | hilos 8 de 12
    ... 553.7 s | grupo 1/1 | 263977102 nodos | revisado 0.605%, faltan ~25.1 h [interior primero 0.605%, interior primero + pieza menos restrictiva 0.110%, reinicios, interior primero 53.9%] (Knuth: ~12.9 h) | máximo colocado 68 de 100 | hilos 8 de 12
    ... 555.7 s | grupo 1/1 | 264954488 nodos | revisado 0.606%, faltan ~25.2 h [interior primero 0.606%, interior primero + pieza menos restrictiva 0.111%, reinicios, interior primero 53.9%] (Knuth: ~12.9 h) | máximo colocado 68 de 100 | hilos 8 de 12
    ... 557.7 s | grupo 1/1 | 265928962 nodos | revisado 0.606%, faltan ~25.3 h [interior primero 0.606%, interior primero + pieza menos restrictiva 0.114%, reinicios, interior primero 53.9%] (Knuth: ~12.9 h) | máximo colocado 68 de 100 | hilos 8 de 12
    ... 559.8 s | grupo 1/1 | 266901165 nodos | revisado 0.607%, faltan ~25.3 h [interior primero 0.607%, interior primero + pieza menos restrictiva 0.118%, reinicios, interior primero 53.9%] (Knuth: ~12.9 h) | máximo colocado 68 de 100 | hilos 8 de 12
    ... 561.8 s | grupo 1/1 | 267900487 nodos | revisado 0.607%, faltan ~25.4 h [interior primero 0.607%, interior primero + pieza menos restrictiva 0.121%, reinicios, interior primero 54.0%] (Knuth: ~12.9 h) | máximo colocado 68 de 100 | hilos 8 de 12
    ... 563.8 s | grupo 1/1 | 268888611 nodos | revisado 0.609%, faltan ~25.4 h [interior primero 0.609%, interior primero + pieza menos restrictiva 0.121%, reinicios, interior primero 54.0%] (Knuth: ~12.9 h) | máximo colocado 68 de 100 | hilos 8 de 12
    ... 565.8 s | grupo 1/1 | 269866578 nodos | revisado 0.611%, faltan ~25.4 h [interior primero 0.611%, interior primero + pieza menos restrictiva 0.121%, reinicios, interior primero 54.0%] (Knuth: ~12.9 h) | máximo colocado 68 de 100 | hilos 8 de 12
    ... 567.8 s | grupo 1/1 | 270841026 nodos | revisado 0.611%, faltan ~25.5 h [interior primero 0.611%, interior primero + pieza menos restrictiva 0.122%, reinicios, interior primero 54.0%] (Knuth: ~12.9 h) | máximo colocado 68 de 100 | hilos 8 de 12
    ... 569.8 s | grupo 1/1 | 271815393 nodos | revisado 0.612%, faltan ~25.6 h [interior primero 0.612%, interior primero + pieza menos restrictiva 0.123%, reinicios, interior primero 54.4%] (Knuth: ~12.9 h) | máximo colocado 68 de 100 | hilos 8 de 12
    ... 571.8 s | grupo 1/1 | 272803637 nodos | revisado 0.612%, faltan ~25.6 h [interior primero 0.612%, interior primero + pieza menos restrictiva 0.124%, reinicios, interior primero 54.9%] (Knuth: ~12.9 h) | máximo colocado 68 de 100 | hilos 8 de 12
    ... 573.8 s | grupo 1/1 | 273793735 nodos | revisado 0.613%, faltan ~25.7 h [interior primero 0.613%, interior primero + pieza menos restrictiva 0.124%, reinicios, interior primero 54.9%] (Knuth: ~12.9 h) | máximo colocado 68 de 100 | hilos 8 de 12
    ... 575.8 s | grupo 1/1 | 274765160 nodos | revisado 0.613%, faltan ~25.8 h [interior primero 0.613%, interior primero + pieza menos restrictiva 0.126%, reinicios, interior primero 55.4%] (Knuth: ~12.9 h) | máximo colocado 68 de 100 | hilos 8 de 12
    ... 577.9 s | grupo 1/1 | 275758576 nodos | revisado 0.614%, faltan ~25.8 h [interior primero 0.614%, interior primero + pieza menos restrictiva 0.126%, reinicios, interior primero 55.4%] (Knuth: ~12.9 h) | máximo colocado 68 de 100 | hilos 8 de 12
    ... 579.9 s | grupo 1/1 | 276739764 nodos | revisado 0.615%, faltan ~25.9 h [interior primero 0.615%, interior primero + pieza menos restrictiva 0.131%, reinicios, interior primero 55.5%] (Knuth: ~12.9 h) | máximo colocado 68 de 100 | hilos 8 de 12
    ... 581.9 s | grupo 1/1 | 277738900 nodos | revisado 0.615%, faltan ~26.0 h [interior primero 0.615%, interior primero + pieza menos restrictiva 0.131%, reinicios, interior primero 55.5%] (Knuth: ~12.9 h) | máximo colocado 68 de 100 | hilos 8 de 12
    ... 583.9 s | grupo 1/1 | 278725668 nodos | revisado 0.615%, faltan ~26.1 h [interior primero 0.615%, interior primero + pieza menos restrictiva 0.131%, reinicios, interior primero 55.5%] (Knuth: ~12.9 h) | máximo colocado 68 de 100 | hilos 8 de 12
    ... 585.9 s | grupo 1/1 | 279715553 nodos | revisado 0.617%, faltan ~26.1 h [interior primero 0.617%, interior primero + pieza menos restrictiva 0.131%, reinicios, interior primero 55.6%] (Knuth: ~12.9 h) | máximo colocado 68 de 100 | hilos 8 de 12
    ... 587.9 s | grupo 1/1 | 280725646 nodos | revisado 0.617%, faltan ~26.2 h [interior primero 0.617%, interior primero + pieza menos restrictiva 0.132%, reinicios, interior primero 56.6%] (Knuth: ~12.9 h) | máximo colocado 68 de 100 | hilos 8 de 12
    ... 589.9 s | grupo 1/1 | 281731053 nodos | revisado 0.619%, faltan ~26.2 h [interior primero 0.619%, interior primero + pieza menos restrictiva 0.132%, reinicios, interior primero 56.6%] (Knuth: ~12.9 h) | máximo colocado 68 de 100 | hilos 8 de 12
    ... 591.9 s | grupo 1/1 | 282722398 nodos | revisado 0.620%, faltan ~26.2 h [interior primero 0.620%, interior primero + pieza menos restrictiva 0.132%, reinicios, interior primero 56.6%] (Knuth: ~12.9 h) | máximo colocado 68 de 100 | hilos 8 de 12
    ... 594.0 s | grupo 1/1 | 283734381 nodos | revisado 0.620%, faltan ~26.3 h [interior primero 0.620%, interior primero + pieza menos restrictiva 0.132%, reinicios, interior primero 56.6%] (Knuth: ~12.9 h) | máximo colocado 68 de 100 | hilos 8 de 12
    ... 596.0 s | grupo 1/1 | 284729322 nodos | revisado 0.620%, faltan ~26.4 h [interior primero 0.620%, interior primero + pieza menos restrictiva 0.132%, reinicios, interior primero 56.6%] (Knuth: ~12.9 h) | máximo colocado 68 de 100 | hilos 8 de 12
    ... 598.0 s | grupo 1/1 | 285735462 nodos | revisado 0.621%, faltan ~26.4 h [interior primero 0.621%, interior primero + pieza menos restrictiva 0.133%, reinicios, interior primero 57.1%] (Knuth: ~12.9 h) | máximo colocado 68 de 100 | hilos 8 de 12
    ... 600.0 s | grupo 1/1 | 286716264 nodos | revisado 0.622%, faltan ~26.5 h [interior primero 0.622%, interior primero + pieza menos restrictiva 0.133%, reinicios, interior primero 57.1%] (Knuth: ~12.9 h) | máximo colocado 68 de 100 | hilos 8 de 12
    ... 602.0 s | grupo 1/1 | 287704330 nodos | revisado 0.622%, faltan ~26.6 h [interior primero 0.622%, interior primero + pieza menos restrictiva 0.133%, reinicios, interior primero 58.1%] (Knuth: ~12.9 h) | máximo colocado 68 de 100 | hilos 8 de 12
    ... 604.0 s | grupo 1/1 | 288701213 nodos | revisado 0.622%, faltan ~26.7 h [interior primero 0.622%, interior primero + pieza menos restrictiva 0.134%, reinicios, interior primero 59.2%] (Knuth: ~12.9 h) | máximo colocado 68 de 100 | hilos 8 de 12
    ... 606.1 s | grupo 1/1 | 289687206 nodos | revisado 0.622%, faltan ~26.7 h [interior primero 0.622%, interior primero + pieza menos restrictiva 0.134%, reinicios, interior primero 59.2%] (Knuth: ~12.9 h) | máximo colocado 68 de 100 | hilos 8 de 12
    ... 608.1 s | grupo 1/1 | 290664197 nodos | revisado 0.623%, faltan ~26.8 h [interior primero 0.623%, interior primero + pieza menos restrictiva 0.134%, reinicios, interior primero 59.2%] (Knuth: ~12.9 h) | máximo colocado 68 de 100 | hilos 8 de 12
    ... 610.1 s | grupo 1/1 | 291633633 nodos | revisado 0.623%, faltan ~26.9 h [interior primero 0.623%, interior primero + pieza menos restrictiva 0.134%, reinicios, interior primero 59.2%] (Knuth: ~12.9 h) | máximo colocado 68 de 100 | hilos 8 de 12
    ... 612.1 s | grupo 1/1 | 292612842 nodos | revisado 0.625%, faltan ~26.9 h [interior primero 0.625%, interior primero + pieza menos restrictiva 0.134%, reinicios, interior primero 59.2%] (Knuth: ~12.9 h) | máximo colocado 68 de 100 | hilos 8 de 12
    ... 614.1 s | grupo 1/1 | 293591085 nodos | revisado 0.625%, faltan ~27.0 h [interior primero 0.625%, interior primero + pieza menos restrictiva 0.134%, reinicios, interior primero 59.2%] (Knuth: ~12.9 h) | máximo colocado 68 de 100 | hilos 8 de 12
    ... 616.1 s | grupo 1/1 | 294558576 nodos | revisado 0.626%, faltan ~27.1 h [interior primero 0.626%, interior primero + pieza menos restrictiva 0.135%, reinicios, interior primero 59.3%] (Knuth: ~12.9 h) | máximo colocado 68 de 100 | hilos 8 de 12
    ... 618.1 s | grupo 1/1 | 295543357 nodos | revisado 0.626%, faltan ~27.1 h [interior primero 0.626%, interior primero + pieza menos restrictiva 0.135%, reinicios, interior primero 59.3%] (Knuth: ~12.9 h) | máximo colocado 68 de 100 | hilos 8 de 12
    ... 620.1 s | grupo 1/1 | 296549872 nodos | revisado 0.626%, faltan ~27.2 h [interior primero 0.626%, interior primero + pieza menos restrictiva 0.135%, reinicios, interior primero 59.3%] (Knuth: ~12.9 h) | máximo colocado 68 de 100 | hilos 8 de 12
    ... 622.1 s | grupo 1/1 | 297553260 nodos | revisado 0.626%, faltan ~27.3 h [interior primero 0.626%, interior primero + pieza menos restrictiva 0.135%, reinicios, interior primero 59.3%] (Knuth: ~12.9 h) | máximo colocado 68 de 100 | hilos 8 de 12
    ... 624.2 s | grupo 1/1 | 298534757 nodos | revisado 0.626%, faltan ~27.4 h [interior primero 0.626%, interior primero + pieza menos restrictiva 0.135%, reinicios, interior primero 59.6%] (Knuth: ~12.8 h) | máximo colocado 68 de 100 | hilos 8 de 12
    ... 626.2 s | grupo 1/1 | 299513092 nodos | revisado 0.627%, faltan ~27.5 h [interior primero 0.627%, interior primero + pieza menos restrictiva 0.135%, reinicios, interior primero 60.6%] (Knuth: ~12.8 h) | máximo colocado 68 de 100 | hilos 8 de 12
    ... 628.2 s | grupo 1/1 | 300509442 nodos | revisado 0.627%, faltan ~27.5 h [interior primero 0.627%, interior primero + pieza menos restrictiva 0.135%, reinicios, interior primero 60.7%] (Knuth: ~12.8 h) | máximo colocado 68 de 100 | hilos 8 de 12
    ... 630.2 s | grupo 1/1 | 301515208 nodos | revisado 0.627%, faltan ~27.6 h [interior primero 0.627%, interior primero + pieza menos restrictiva 0.135%, reinicios, interior primero 61.7%] (Knuth: ~12.8 h) | máximo colocado 68 de 100 | hilos 8 de 12
    ... 632.2 s | grupo 1/1 | 302514255 nodos | revisado 0.627%, faltan ~27.7 h [interior primero 0.627%, interior primero + pieza menos restrictiva 0.135%, reinicios, interior primero 61.8%] (Knuth: ~12.8 h) | máximo colocado 68 de 100 | hilos 8 de 12
    ... 634.2 s | grupo 1/1 | 303484620 nodos | revisado 0.627%, faltan ~27.8 h [interior primero 0.627%, interior primero + pieza menos restrictiva 0.135%, reinicios, interior primero 61.8%] (Knuth: ~12.8 h) | máximo colocado 68 de 100 | hilos 8 de 12
    ... 636.2 s | grupo 1/1 | 304456662 nodos | revisado 0.627%, faltan ~27.9 h [interior primero 0.627%, interior primero + pieza menos restrictiva 0.136%, reinicios, interior primero 61.8%] (Knuth: ~12.8 h) | máximo colocado 68 de 100 | hilos 8 de 12
    ... 638.2 s | grupo 1/1 | 305217614 nodos | revisado 0.627%, faltan ~28.0 h [interior primero 0.627%, interior primero + pieza menos restrictiva 0.136%, reinicios, interior primero 61.8%] (Knuth: ~12.8 h) | máximo colocado 68 de 100 | hilos 8 de 12
    ... 640.3 s | grupo 1/1 | 306136425 nodos | revisado 0.627%, faltan ~28.0 h [interior primero 0.627%, interior primero + pieza menos restrictiva 0.137%, reinicios, interior primero 62.8%] (Knuth: ~12.9 h) | máximo colocado 68 de 100 | hilos 8 de 12
    ... 642.3 s | grupo 1/1 | 307078990 nodos | revisado 0.627%, faltan ~28.1 h [interior primero 0.627%, interior primero + pieza menos restrictiva 0.137%, reinicios, interior primero 62.8%] (Knuth: ~12.9 h) | máximo colocado 68 de 100 | hilos 8 de 12
    ... 644.3 s | grupo 1/1 | 308030882 nodos | revisado 0.627%, faltan ~28.2 h [interior primero 0.627%, interior primero + pieza menos restrictiva 0.137%, reinicios, interior primero 63.9%] (Knuth: ~12.9 h) | máximo colocado 68 de 100 | hilos 8 de 12
    ... 646.3 s | grupo 1/1 | 309011309 nodos | revisado 0.628%, faltan ~28.3 h [interior primero 0.628%, interior primero + pieza menos restrictiva 0.137%, reinicios, interior primero 64.9%] (Knuth: ~12.8 h) | máximo colocado 68 de 100 | hilos 8 de 12
    ... 648.3 s | grupo 1/1 | 309985900 nodos | revisado 0.628%, faltan ~28.3 h [interior primero 0.628%, interior primero + pieza menos restrictiva 0.137%, reinicios, interior primero 65.0%] (Knuth: ~12.8 h) | máximo colocado 68 de 100 | hilos 8 de 12
    ... 650.3 s | grupo 1/1 | 310950797 nodos | revisado 0.631%, faltan ~28.3 h [interior primero 0.631%, interior primero + pieza menos restrictiva 0.137%, reinicios, interior primero 65.0%] (Knuth: ~12.8 h) | máximo colocado 68 de 100 | hilos 8 de 12
    ... 652.3 s | grupo 1/1 | 311913171 nodos | revisado 0.631%, faltan ~28.4 h [interior primero 0.631%, interior primero + pieza menos restrictiva 0.137%, reinicios, interior primero 65.0%] (Knuth: ~12.8 h) | máximo colocado 68 de 100 | hilos 8 de 12
    ... 654.3 s | grupo 1/1 | 312891049 nodos | revisado 0.631%, faltan ~28.5 h [interior primero 0.631%, interior primero + pieza menos restrictiva 0.138%, reinicios, interior primero 65.0%] (Knuth: ~12.8 h) | máximo colocado 68 de 100 | hilos 8 de 12
    ... 656.3 s | grupo 1/1 | 313869996 nodos | revisado 0.632%, faltan ~28.5 h [interior primero 0.632%, interior primero + pieza menos restrictiva 0.138%, reinicios, interior primero 65.0%] (Knuth: ~12.8 h) | máximo colocado 68 de 100 | hilos 8 de 12
    ... 658.3 s | grupo 1/1 | 314856619 nodos | revisado 0.632%, faltan ~28.6 h [interior primero 0.632%, interior primero + pieza menos restrictiva 0.138%, reinicios, interior primero 65.0%] (Knuth: ~12.8 h) | máximo colocado 68 de 100 | hilos 8 de 12
    ... 660.3 s | grupo 1/1 | 315841136 nodos | revisado 0.634%, faltan ~28.6 h [interior primero 0.634%, interior primero + pieza menos restrictiva 0.138%, reinicios, interior primero 66.0%] (Knuth: ~12.8 h) | máximo colocado 68 de 100 | hilos 8 de 12
    ... 662.3 s | grupo 1/1 | 316822547 nodos | revisado 0.634%, faltan ~28.7 h [interior primero 0.634%, interior primero + pieza menos restrictiva 0.138%, reinicios, interior primero 66.1%] (Knuth: ~12.8 h) | máximo colocado 68 de 100 | hilos 8 de 12
    ... 664.3 s | grupo 1/1 | 317812805 nodos | revisado 0.634%, faltan ~28.8 h [interior primero 0.634%, interior primero + pieza menos restrictiva 0.138%, reinicios, interior primero 67.6%] (Knuth: ~12.8 h) | máximo colocado 68 de 100 | hilos 8 de 12
    ... 666.4 s | grupo 1/1 | 318791643 nodos | revisado 0.635%, faltan ~28.8 h [interior primero 0.635%, interior primero + pieza menos restrictiva 0.138%, reinicios, interior primero 67.7%] (Knuth: ~12.8 h) | máximo colocado 68 de 100 | hilos 8 de 12
    ... 668.4 s | grupo 1/1 | 319759252 nodos | revisado 0.635%, faltan ~28.9 h [interior primero 0.635%, interior primero + pieza menos restrictiva 0.139%, reinicios, interior primero 67.7%] (Knuth: ~12.8 h) | máximo colocado 68 de 100 | hilos 8 de 12
    ... 670.4 s | grupo 1/1 | 320754573 nodos | revisado 0.635%, faltan ~29.0 h [interior primero 0.635%, interior primero + pieza menos restrictiva 0.139%, reinicios, interior primero 67.7%] (Knuth: ~12.8 h) | máximo colocado 68 de 100 | hilos 8 de 12
    ... 672.4 s | grupo 1/1 | 321740036 nodos | revisado 0.636%, faltan ~29.1 h [interior primero 0.636%, interior primero + pieza menos restrictiva 0.139%, reinicios, interior primero 68.7%] (Knuth: ~12.8 h) | máximo colocado 68 de 100 | hilos 8 de 12
    ... 674.4 s | grupo 1/1 | 322721813 nodos | revisado 0.636%, faltan ~29.1 h [interior primero 0.636%, interior primero + pieza menos restrictiva 0.140%, reinicios, interior primero 69.7%] (Knuth: ~12.8 h) | máximo colocado 68 de 100 | hilos 8 de 12
    ... 676.4 s | grupo 1/1 | 323713465 nodos | revisado 0.636%, faltan ~29.2 h [interior primero 0.636%, interior primero + pieza menos restrictiva 0.140%, reinicios, interior primero 69.7%] (Knuth: ~12.8 h) | máximo colocado 68 de 100 | hilos 8 de 12
    ... 678.4 s | grupo 1/1 | 324697262 nodos | revisado 0.637%, faltan ~29.3 h [interior primero 0.637%, interior primero + pieza menos restrictiva 0.141%, reinicios, interior primero 71.8%] (Knuth: ~12.8 h) | máximo colocado 68 de 100 | hilos 8 de 12
    ... 680.4 s | grupo 1/1 | 325681788 nodos | revisado 0.638%, faltan ~29.3 h [interior primero 0.638%, interior primero + pieza menos restrictiva 0.141%, reinicios, interior primero 71.8%] (Knuth: ~12.8 h) | máximo colocado 68 de 100 | hilos 8 de 12
    ... 682.4 s | grupo 1/1 | 326670979 nodos | revisado 0.638%, faltan ~29.4 h [interior primero 0.638%, interior primero + pieza menos restrictiva 0.141%, reinicios, interior primero 71.8%] (Knuth: ~12.8 h) | máximo colocado 68 de 100 | hilos 8 de 12
    ... 684.4 s | grupo 1/1 | 327664845 nodos | revisado 0.638%, faltan ~29.5 h [interior primero 0.638%, interior primero + pieza menos restrictiva 0.141%, reinicios, interior primero 72.9%] (Knuth: ~12.8 h) | máximo colocado 68 de 100 | hilos 8 de 12
    ... 686.4 s | grupo 1/1 | 328641982 nodos | revisado 0.639%, faltan ~29.5 h [interior primero 0.639%, interior primero + pieza menos restrictiva 0.142%, reinicios, interior primero 72.9%] (Knuth: ~12.8 h) | máximo colocado 68 de 100 | hilos 8 de 12
    ... 688.5 s | grupo 1/1 | 329627007 nodos | revisado 0.639%, faltan ~29.6 h [interior primero 0.639%, interior primero + pieza menos restrictiva 0.142%, reinicios, interior primero 72.9%] (Knuth: ~12.8 h) | máximo colocado 68 de 100 | hilos 8 de 12
    ... 690.5 s | grupo 1/1 | 330600748 nodos | revisado 0.639%, faltan ~29.7 h [interior primero 0.639%, interior primero + pieza menos restrictiva 0.142%, reinicios, interior primero 72.9%] (Knuth: ~12.8 h) | máximo colocado 68 de 100 | hilos 8 de 12
    ... 692.5 s | grupo 1/1 | 331590003 nodos | revisado 0.640%, faltan ~29.7 h [interior primero 0.640%, interior primero + pieza menos restrictiva 0.142%, reinicios, interior primero 72.9%] (Knuth: ~12.8 h) | máximo colocado 68 de 100 | hilos 8 de 12
    ... 694.5 s | grupo 1/1 | 332579354 nodos | revisado 0.640%, faltan ~29.8 h [interior primero 0.640%, interior primero + pieza menos restrictiva 0.143%, reinicios, interior primero 72.9%] (Knuth: ~12.8 h) | máximo colocado 68 de 100 | hilos 8 de 12
    ... 696.5 s | grupo 1/1 | 333559055 nodos | revisado 0.641%, faltan ~29.9 h [interior primero 0.641%, interior primero + pieza menos restrictiva 0.143%, reinicios, interior primero 73.0%] (Knuth: ~12.8 h) | máximo colocado 68 de 100 | hilos 8 de 12
    ... 698.5 s | grupo 1/1 | 334548094 nodos | revisado 0.641%, faltan ~29.9 h [interior primero 0.641%, interior primero + pieza menos restrictiva 0.144%, reinicios, interior primero 73.0%] (Knuth: ~12.8 h) | máximo colocado 68 de 100 | hilos 8 de 12
    ... 700.5 s | grupo 1/1 | 335533558 nodos | revisado 0.641%, faltan ~30.0 h [interior primero 0.641%, interior primero + pieza menos restrictiva 0.144%, reinicios, interior primero 73.0%] (Knuth: ~12.8 h) | máximo colocado 68 de 100 | hilos 8 de 12
    ... 702.5 s | grupo 1/1 | 336510888 nodos | revisado 0.642%, faltan ~30.1 h [interior primero 0.642%, interior primero + pieza menos restrictiva 0.145%, reinicios, interior primero 73.0%] (Knuth: ~12.8 h) | máximo colocado 68 de 100 | hilos 8 de 12
    ... 704.5 s | grupo 1/1 | 337483021 nodos | revisado 0.643%, faltan ~30.1 h [interior primero 0.643%, interior primero + pieza menos restrictiva 0.145%, reinicios, interior primero 73.0%] (Knuth: ~12.8 h) | máximo colocado 68 de 100 | hilos 8 de 12
    ... 706.5 s | grupo 1/1 | 338492525 nodos | revisado 0.643%, faltan ~30.2 h [interior primero 0.643%, interior primero + pieza menos restrictiva 0.145%, reinicios, interior primero 74.5%] (Knuth: ~12.8 h) | máximo colocado 68 de 100 | hilos 8 de 12
    ... 708.5 s | grupo 1/1 | 339480672 nodos | revisado 0.643%, faltan ~30.3 h [interior primero 0.643%, interior primero + pieza menos restrictiva 0.145%, reinicios, interior primero 74.6%] (Knuth: ~12.8 h) | máximo colocado 68 de 100 | hilos 8 de 12
    ... 710.5 s | grupo 1/1 | 340462119 nodos | revisado 0.643%, faltan ~30.4 h [interior primero 0.643%, interior primero + pieza menos restrictiva 0.145%, reinicios, interior primero 74.6%] (Knuth: ~12.8 h) | máximo colocado 68 de 100 | hilos 8 de 12
    ... 712.5 s | grupo 1/1 | 341444622 nodos | revisado 0.644%, faltan ~30.4 h [interior primero 0.644%, interior primero + pieza menos restrictiva 0.145%, reinicios, interior primero 75.7%] (Knuth: ~12.8 h) | máximo colocado 68 de 100 | hilos 8 de 12
    ... 714.5 s | grupo 1/1 | 342433655 nodos | revisado 0.644%, faltan ~30.5 h [interior primero 0.644%, interior primero + pieza menos restrictiva 0.145%, reinicios, interior primero 75.7%] (Knuth: ~12.8 h) | máximo colocado 68 de 100 | hilos 8 de 12
    ... 716.6 s | grupo 1/1 | 343425063 nodos | revisado 0.645%, faltan ~30.5 h [interior primero 0.645%, interior primero + pieza menos restrictiva 0.145%, reinicios, interior primero 75.7%] (Knuth: ~12.8 h) | máximo colocado 68 de 100 | hilos 8 de 12
    ... 718.6 s | grupo 1/1 | 344423495 nodos | revisado 0.646%, faltan ~30.6 h [interior primero 0.646%, interior primero + pieza menos restrictiva 0.145%, reinicios, interior primero 75.8%] (Knuth: ~12.8 h) | máximo colocado 68 de 100 | hilos 8 de 12
    ... 720.6 s | grupo 1/1 | 345411317 nodos | revisado 0.647%, faltan ~30.6 h [interior primero 0.647%, interior primero + pieza menos restrictiva 0.146%, reinicios, interior primero 76.3%] (Knuth: ~12.8 h) | máximo colocado 68 de 100 | hilos 8 de 12
    ... 722.6 s | grupo 1/1 | 346398963 nodos | revisado 0.647%, faltan ~30.7 h [interior primero 0.647%, interior primero + pieza menos restrictiva 0.146%, reinicios, interior primero 76.3%] (Knuth: ~12.8 h) | máximo colocado 68 de 100 | hilos 8 de 12
    ... 724.6 s | grupo 1/1 | 347382422 nodos | revisado 0.647%, faltan ~30.8 h [interior primero 0.647%, interior primero + pieza menos restrictiva 0.146%, reinicios, interior primero 77.3%] (Knuth: ~12.8 h) | máximo colocado 68 de 100 | hilos 8 de 12
    ... 726.6 s | grupo 1/1 | 348386187 nodos | revisado 0.647%, faltan ~30.9 h [interior primero 0.647%, interior primero + pieza menos restrictiva 0.146%, reinicios, interior primero 77.3%] (Knuth: ~12.8 h) | máximo colocado 68 de 100 | hilos 8 de 12
    ... 728.6 s | grupo 1/1 | 349396727 nodos | revisado 0.647%, faltan ~31.0 h [interior primero 0.647%, interior primero + pieza menos restrictiva 0.147%, reinicios, interior primero 77.3%] (Knuth: ~12.8 h) | máximo colocado 68 de 100 | hilos 8 de 12
    ... 730.6 s | grupo 1/1 | 350379709 nodos | revisado 0.647%, faltan ~31.0 h [interior primero 0.647%, interior primero + pieza menos restrictiva 0.148%, reinicios, interior primero 77.4%] (Knuth: ~12.8 h) | máximo colocado 68 de 100 | hilos 8 de 12
    ... 732.6 s | grupo 1/1 | 351354402 nodos | revisado 0.648%, faltan ~31.1 h [interior primero 0.648%, interior primero + pieza menos restrictiva 0.149%, reinicios, interior primero 77.4%] (Knuth: ~12.8 h) | máximo colocado 68 de 100 | hilos 8 de 12
    ... 734.6 s | grupo 1/1 | 352340158 nodos | revisado 0.648%, faltan ~31.2 h [interior primero 0.648%, interior primero + pieza menos restrictiva 0.149%, reinicios, interior primero 77.4%] (Knuth: ~12.8 h) | máximo colocado 68 de 100 | hilos 8 de 12
    ... 736.6 s | grupo 1/1 | 353311983 nodos | revisado 0.648%, faltan ~31.3 h [interior primero 0.648%, interior primero + pieza menos restrictiva 0.149%, reinicios, interior primero 77.4%] (Knuth: ~12.8 h) | máximo colocado 68 de 100 | hilos 8 de 12
    ... 738.7 s | grupo 1/1 | 354287849 nodos | revisado 0.648%, faltan ~31.3 h [interior primero 0.648%, interior primero + pieza menos restrictiva 0.150%, reinicios, interior primero 77.4%] (Knuth: ~12.8 h) | máximo colocado 68 de 100 | hilos 8 de 12
    ... 740.7 s | grupo 1/1 | 355277424 nodos | revisado 0.650%, faltan ~31.3 h [interior primero 0.650%, interior primero + pieza menos restrictiva 0.150%, reinicios, interior primero 77.4%] (Knuth: ~12.8 h) | máximo colocado 68 de 100 | hilos 8 de 12
    ... 742.7 s | grupo 1/1 | 356259659 nodos | revisado 0.650%, faltan ~31.4 h [interior primero 0.650%, interior primero + pieza menos restrictiva 0.150%, reinicios, interior primero 77.4%] (Knuth: ~12.8 h) | máximo colocado 68 de 100 | hilos 8 de 12
    ... 744.7 s | grupo 1/1 | 357253228 nodos | revisado 0.652%, faltan ~31.4 h [interior primero 0.652%, interior primero + pieza menos restrictiva 0.151%, reinicios, interior primero 77.4%] (Knuth: ~12.8 h) | máximo colocado 68 de 100 | hilos 8 de 12
    ... 746.7 s | grupo 1/1 | 358247730 nodos | revisado 0.652%, faltan ~31.5 h [interior primero 0.652%, interior primero + pieza menos restrictiva 0.152%, reinicios, interior primero 77.4%] (Knuth: ~12.8 h) | máximo colocado 68 de 100 | hilos 8 de 12
    ... 748.7 s | grupo 1/1 | 359261004 nodos | revisado 0.652%, faltan ~31.6 h [interior primero 0.652%, interior primero + pieza menos restrictiva 0.152%, reinicios, interior primero 77.4%] (Knuth: ~12.8 h) | máximo colocado 68 de 100 | hilos 8 de 12
    ... 750.7 s | grupo 1/1 | 360220725 nodos | revisado 0.652%, faltan ~31.6 h [interior primero 0.652%, interior primero + pieza menos restrictiva 0.153%, reinicios, interior primero 77.4%] (Knuth: ~12.8 h) | máximo colocado 68 de 100 | hilos 8 de 12
    ... 752.7 s | grupo 1/1 | 361192224 nodos | revisado 0.653%, faltan ~31.7 h [interior primero 0.653%, interior primero + pieza menos restrictiva 0.153%, reinicios, interior primero 77.5%] (Knuth: ~12.8 h) | máximo colocado 68 de 100 | hilos 8 de 12
    ... 754.7 s | grupo 1/1 | 362170382 nodos | revisado 0.654%, faltan ~31.7 h [interior primero 0.654%, interior primero + pieza menos restrictiva 0.153%, reinicios, interior primero 77.5%] (Knuth: ~12.8 h) | máximo colocado 68 de 100 | hilos 8 de 12
    ... 756.7 s | grupo 1/1 | 363128540 nodos | revisado 0.654%, faltan ~31.8 h [interior primero 0.654%, interior primero + pieza menos restrictiva 0.154%, reinicios, interior primero 77.5%] (Knuth: ~12.8 h) | máximo colocado 68 de 100 | hilos 8 de 12
    ... 758.7 s | grupo 1/1 | 364104418 nodos | revisado 0.654%, faltan ~31.9 h [interior primero 0.654%, interior primero + pieza menos restrictiva 0.154%, reinicios, interior primero 77.5%] (Knuth: ~12.8 h) | máximo colocado 68 de 100 | hilos 8 de 12
    ... 760.7 s | grupo 1/1 | 365083114 nodos | revisado 0.654%, faltan ~32.0 h [interior primero 0.654%, interior primero + pieza menos restrictiva 0.154%, reinicios, interior primero 77.5%] (Knuth: ~12.8 h) | máximo colocado 68 de 100 | hilos 8 de 12
    ... 762.7 s | grupo 1/1 | 366039294 nodos | revisado 0.655%, faltan ~32.0 h [interior primero 0.655%, interior primero + pieza menos restrictiva 0.155%, reinicios, interior primero 77.5%] (Knuth: ~12.8 h) | máximo colocado 68 de 100 | hilos 8 de 12
    ... 764.7 s | grupo 1/1 | 367004596 nodos | revisado 0.655%, faltan ~32.1 h [interior primero 0.655%, interior primero + pieza menos restrictiva 0.155%, reinicios, interior primero 77.5%] (Knuth: ~12.8 h) | máximo colocado 68 de 100 | hilos 8 de 12
    ... 766.7 s | grupo 1/1 | 367976156 nodos | revisado 0.656%, faltan ~32.1 h [interior primero 0.656%, interior primero + pieza menos restrictiva 0.155%, reinicios, interior primero 77.5%] (Knuth: ~12.8 h) | máximo colocado 68 de 100 | hilos 8 de 12
    ... 768.8 s | grupo 1/1 | 368942578 nodos | revisado 0.657%, faltan ~32.2 h [interior primero 0.657%, interior primero + pieza menos restrictiva 0.155%, reinicios, interior primero 77.6%] (Knuth: ~12.8 h) | máximo colocado 68 de 100 | hilos 8 de 12
    ... 770.8 s | grupo 1/1 | 369908014 nodos | revisado 0.658%, faltan ~32.2 h [interior primero 0.658%, interior primero + pieza menos restrictiva 0.156%, reinicios, interior primero 77.6%] (Knuth: ~12.8 h) | máximo colocado 68 de 100 | hilos 8 de 12
    ... 772.8 s | grupo 1/1 | 370880794 nodos | revisado 0.659%, faltan ~32.3 h [interior primero 0.659%, interior primero + pieza menos restrictiva 0.156%, reinicios, interior primero 77.6%] (Knuth: ~12.8 h) | máximo colocado 68 de 100 | hilos 8 de 12
    ... 774.8 s | grupo 1/1 | 371841755 nodos | revisado 0.659%, faltan ~32.3 h [interior primero 0.659%, interior primero + pieza menos restrictiva 0.157%, reinicios, interior primero 77.6%] (Knuth: ~12.8 h) | máximo colocado 68 de 100 | hilos 8 de 12
    ... 776.8 s | grupo 1/1 | 372800622 nodos | revisado 0.659%, faltan ~32.4 h [interior primero 0.659%, interior primero + pieza menos restrictiva 0.158%, reinicios, interior primero 77.7%] (Knuth: ~12.8 h) | máximo colocado 68 de 100 | hilos 8 de 12
    ... 778.8 s | grupo 1/1 | 373773885 nodos | revisado 0.659%, faltan ~32.5 h [interior primero 0.659%, interior primero + pieza menos restrictiva 0.158%, reinicios, interior primero 77.7%] (Knuth: ~12.8 h) | máximo colocado 68 de 100 | hilos 8 de 12
    ... 780.8 s | grupo 1/1 | 374751827 nodos | revisado 0.659%, faltan ~32.5 h [interior primero 0.659%, interior primero + pieza menos restrictiva 0.158%, reinicios, interior primero 77.8%] (Knuth: ~12.8 h) | máximo colocado 68 de 100 | hilos 8 de 12
    ... 782.8 s | grupo 1/1 | 375728063 nodos | revisado 0.660%, faltan ~32.6 h [interior primero 0.660%, interior primero + pieza menos restrictiva 0.158%, reinicios, interior primero 77.8%] (Knuth: ~12.8 h) | máximo colocado 68 de 100 | hilos 8 de 12
    ... 784.8 s | grupo 1/1 | 376705340 nodos | revisado 0.661%, faltan ~32.7 h [interior primero 0.661%, interior primero + pieza menos restrictiva 0.159%, reinicios, interior primero 77.8%] (Knuth: ~12.8 h) | máximo colocado 68 de 100 | hilos 8 de 12
    ... 786.8 s | grupo 1/1 | 377681582 nodos | revisado 0.661%, faltan ~32.7 h [interior primero 0.661%, interior primero + pieza menos restrictiva 0.159%, reinicios, interior primero 77.8%] (Knuth: ~12.8 h) | máximo colocado 68 de 100 | hilos 8 de 12
    ... 788.9 s | grupo 1/1 | 378648511 nodos | revisado 0.662%, faltan ~32.8 h [interior primero 0.662%, interior primero + pieza menos restrictiva 0.159%, reinicios, interior primero 77.8%] (Knuth: ~12.8 h) | máximo colocado 68 de 100 | hilos 8 de 12
    ... 790.9 s | grupo 1/1 | 379624419 nodos | revisado 0.663%, faltan ~32.8 h [interior primero 0.663%, interior primero + pieza menos restrictiva 0.159%, reinicios, interior primero 77.8%] (Knuth: ~12.8 h) | máximo colocado 68 de 100 | hilos 8 de 12
    ... 792.9 s | grupo 1/1 | 380599172 nodos | revisado 0.663%, faltan ~32.9 h [interior primero 0.663%, interior primero + pieza menos restrictiva 0.159%, reinicios, interior primero 77.8%] (Knuth: ~12.8 h) | máximo colocado 68 de 100 | hilos 8 de 12
    ... 794.9 s | grupo 1/1 | 381570848 nodos | revisado 0.664%, faltan ~32.9 h [interior primero 0.664%, interior primero + pieza menos restrictiva 0.159%, reinicios, interior primero 77.9%] (Knuth: ~12.8 h) | máximo colocado 68 de 100 | hilos 8 de 12
    ... 796.9 s | grupo 1/1 | 382548304 nodos | revisado 0.664%, faltan ~33.0 h [interior primero 0.664%, interior primero + pieza menos restrictiva 0.159%, reinicios, interior primero 77.9%] (Knuth: ~12.8 h) | máximo colocado 68 de 100 | hilos 8 de 12
    ... 798.9 s | grupo 1/1 | 383523500 nodos | revisado 0.664%, faltan ~33.1 h [interior primero 0.664%, interior primero + pieza menos restrictiva 0.159%, reinicios, interior primero 77.9%] (Knuth: ~12.8 h) | máximo colocado 68 de 100 | hilos 8 de 12
    ... 800.9 s | grupo 1/1 | 384502138 nodos | revisado 0.665%, faltan ~33.1 h [interior primero 0.665%, interior primero + pieza menos restrictiva 0.159%, reinicios, interior primero 77.9%] (Knuth: ~12.8 h) | máximo colocado 68 de 100 | hilos 8 de 12
    ... 802.9 s | grupo 1/1 | 385478609 nodos | revisado 0.665%, faltan ~33.2 h [interior primero 0.665%, interior primero + pieza menos restrictiva 0.159%, reinicios, interior primero 77.9%] (Knuth: ~12.8 h) | máximo colocado 68 de 100 | hilos 8 de 12
    ... 804.9 s | grupo 1/1 | 386472843 nodos | revisado 0.666%, faltan ~33.2 h [interior primero 0.666%, interior primero + pieza menos restrictiva 0.159%, reinicios, interior primero 77.9%] (Knuth: ~12.8 h) | máximo colocado 68 de 100 | hilos 8 de 12
    ... 806.9 s | grupo 1/1 | 387462198 nodos | revisado 0.667%, faltan ~33.2 h [interior primero 0.667%, interior primero + pieza menos restrictiva 0.159%, reinicios, interior primero 77.9%] (Knuth: ~12.8 h) | máximo colocado 68 de 100 | hilos 8 de 12
    ... 808.9 s | grupo 1/1 | 388475996 nodos | revisado 0.668%, faltan ~33.3 h [interior primero 0.668%, interior primero + pieza menos restrictiva 0.159%, reinicios, interior primero 77.9%] (Knuth: ~12.8 h) | máximo colocado 68 de 100 | hilos 8 de 12
    ... 810.9 s | grupo 1/1 | 389461578 nodos | revisado 0.668%, faltan ~33.4 h [interior primero 0.668%, interior primero + pieza menos restrictiva 0.159%, reinicios, interior primero 77.9%] (Knuth: ~12.8 h) | máximo colocado 68 de 100 | hilos 8 de 12
    ... 813.0 s | grupo 1/1 | 390456010 nodos | revisado 0.668%, faltan ~33.4 h [interior primero 0.668%, interior primero + pieza menos restrictiva 0.160%, reinicios, interior primero 77.9%] (Knuth: ~12.8 h) | máximo colocado 68 de 100 | hilos 8 de 12
    ... 815.0 s | grupo 1/1 | 391449470 nodos | revisado 0.669%, faltan ~33.5 h [interior primero 0.669%, interior primero + pieza menos restrictiva 0.160%, reinicios, interior primero 77.9%] (Knuth: ~12.8 h) | máximo colocado 68 de 100 | hilos 8 de 12
    ... 817.0 s | grupo 1/1 | 392431617 nodos | revisado 0.669%, faltan ~33.6 h [interior primero 0.669%, interior primero + pieza menos restrictiva 0.160%, reinicios, interior primero 77.9%] (Knuth: ~12.8 h) | máximo colocado 68 de 100 | hilos 8 de 12
    ... 819.0 s | grupo 1/1 | 393432843 nodos | revisado 0.669%, faltan ~33.7 h [interior primero 0.669%, interior primero + pieza menos restrictiva 0.160%, reinicios, interior primero 77.9%] (Knuth: ~12.8 h) | máximo colocado 68 de 100 | hilos 8 de 12
    ... 821.0 s | grupo 1/1 | 394450354 nodos | revisado 0.670%, faltan ~33.7 h [interior primero 0.670%, interior primero + pieza menos restrictiva 0.160%, reinicios, interior primero 77.9%] (Knuth: ~12.8 h) | máximo colocado 68 de 100 | hilos 8 de 12
    ... 823.0 s | grupo 1/1 | 395446824 nodos | revisado 0.670%, faltan ~33.8 h [interior primero 0.670%, interior primero + pieza menos restrictiva 0.160%, reinicios, interior primero 78.0%] (Knuth: ~12.7 h) | máximo colocado 68 de 100 | hilos 8 de 12
    ... 825.0 s | grupo 1/1 | 396447630 nodos | revisado 0.670%, faltan ~33.8 h [interior primero 0.670%, interior primero + pieza menos restrictiva 0.160%, reinicios, interior primero 78.0%] (Knuth: ~12.7 h) | máximo colocado 68 de 100 | hilos 8 de 12
    ... 827.0 s | grupo 1/1 | 397445872 nodos | revisado 0.671%, faltan ~33.9 h [interior primero 0.671%, interior primero + pieza menos restrictiva 0.160%, reinicios, interior primero 78.0%] (Knuth: ~12.7 h) | máximo colocado 68 de 100 | hilos 8 de 12
    ... 829.0 s | grupo 1/1 | 398421477 nodos | revisado 0.672%, faltan ~33.9 h [interior primero 0.672%, interior primero + pieza menos restrictiva 0.160%, reinicios, interior primero 78.0%] (Knuth: ~12.7 h) | máximo colocado 68 de 100 | hilos 8 de 12
    ... 831.0 s | grupo 1/1 | 399398462 nodos | revisado 0.672%, faltan ~34.0 h [interior primero 0.672%, interior primero + pieza menos restrictiva 0.160%, reinicios, interior primero 78.0%] (Knuth: ~12.7 h) | máximo colocado 68 de 100 | hilos 8 de 12
    ... 833.0 s | grupo 1/1 | 400360501 nodos | revisado 0.672%, faltan ~34.1 h [interior primero 0.672%, interior primero + pieza menos restrictiva 0.160%, reinicios, interior primero 78.0%] (Knuth: ~12.7 h) | máximo colocado 68 de 100 | hilos 8 de 12
    ... 835.0 s | grupo 1/1 | 401344533 nodos | revisado 0.674%, faltan ~34.1 h [interior primero 0.674%, interior primero + pieza menos restrictiva 0.160%, reinicios, interior primero 79.1%] (Knuth: ~12.7 h) | máximo colocado 68 de 100 | hilos 8 de 12
    ... 837.0 s | grupo 1/1 | 402337604 nodos | revisado 0.675%, faltan ~34.1 h [interior primero 0.675%, interior primero + pieza menos restrictiva 0.160%, reinicios, interior primero 79.1%] (Knuth: ~12.7 h) | máximo colocado 68 de 100 | hilos 8 de 12
    ... 839.1 s | grupo 1/1 | 403339570 nodos | revisado 0.675%, faltan ~34.2 h [interior primero 0.675%, interior primero + pieza menos restrictiva 0.160%, reinicios, interior primero 79.1%] (Knuth: ~12.7 h) | máximo colocado 68 de 100 | hilos 8 de 12
    ... 841.1 s | grupo 1/1 | 404332742 nodos | revisado 0.676%, faltan ~34.2 h [interior primero 0.676%, interior primero + pieza menos restrictiva 0.160%, reinicios, interior primero 79.1%] (Knuth: ~12.7 h) | máximo colocado 68 de 100 | hilos 8 de 12
    ... 843.1 s | grupo 1/1 | 405350651 nodos | revisado 0.677%, faltan ~34.3 h [interior primero 0.677%, interior primero + pieza menos restrictiva 0.160%, reinicios, interior primero 79.1%] (Knuth: ~12.7 h) | máximo colocado 68 de 100 | hilos 8 de 12
    ... 845.1 s | grupo 1/1 | 406357875 nodos | revisado 0.677%, faltan ~34.3 h [interior primero 0.677%, interior primero + pieza menos restrictiva 0.160%, reinicios, interior primero 79.1%] (Knuth: ~12.7 h) | máximo colocado 68 de 100 | hilos 8 de 12
    ... 847.1 s | grupo 1/1 | 407370466 nodos | revisado 0.679%, faltan ~34.3 h [interior primero 0.679%, interior primero + pieza menos restrictiva 0.160%, reinicios, interior primero 79.1%] (Knuth: ~12.7 h) | máximo colocado 68 de 100 | hilos 8 de 12
    ... 849.1 s | grupo 1/1 | 408352244 nodos | revisado 0.680%, faltan ~34.3 h [interior primero 0.680%, interior primero + pieza menos restrictiva 0.160%, reinicios, interior primero 79.1%] (Knuth: ~12.7 h) | máximo colocado 68 de 100 | hilos 8 de 12
    ... 851.1 s | grupo 1/1 | 409354815 nodos | revisado 0.681%, faltan ~34.4 h [interior primero 0.681%, interior primero + pieza menos restrictiva 0.161%, reinicios, interior primero 79.1%] (Knuth: ~12.7 h) | máximo colocado 68 de 100 | hilos 8 de 12
    ... 853.1 s | grupo 1/1 | 410347900 nodos | revisado 0.683%, faltan ~34.3 h [interior primero 0.683%, interior primero + pieza menos restrictiva 0.161%, reinicios, interior primero 80.2%] (Knuth: ~12.7 h) | máximo colocado 68 de 100 | hilos 8 de 12
    ... 855.1 s | grupo 1/1 | 411333688 nodos | revisado 0.684%, faltan ~34.3 h [interior primero 0.684%, interior primero + pieza menos restrictiva 0.161%, reinicios, interior primero 81.2%] (Knuth: ~12.7 h) | máximo colocado 68 de 100 | hilos 8 de 12
    ... 857.1 s | grupo 1/1 | 412302215 nodos | revisado 0.687%, faltan ~34.3 h [interior primero 0.687%, interior primero + pieza menos restrictiva 0.161%, reinicios, interior primero 83.3%] (Knuth: ~12.7 h) | máximo colocado 68 de 100 | hilos 8 de 12
    ... 859.2 s | grupo 1/1 | 413283767 nodos | revisado 0.688%, faltan ~34.3 h [interior primero 0.688%, interior primero + pieza menos restrictiva 0.161%, reinicios, interior primero 83.3%] (Knuth: ~12.7 h) | máximo colocado 68 de 100 | hilos 8 de 12
    ... 861.2 s | grupo 1/1 | 414269294 nodos | revisado 0.691%, faltan ~34.3 h [interior primero 0.691%, interior primero + pieza menos restrictiva 0.161%, reinicios, interior primero 83.3%] (Knuth: ~12.7 h) | máximo colocado 68 de 100 | hilos 8 de 12
    ... 863.2 s | grupo 1/1 | 415257321 nodos | revisado 0.691%, faltan ~34.3 h [interior primero 0.691%, interior primero + pieza menos restrictiva 0.161%, reinicios, interior primero 83.3%] (Knuth: ~12.7 h) | máximo colocado 68 de 100 | hilos 8 de 12
    ... 865.2 s | grupo 1/1 | 416235249 nodos | revisado 0.691%, faltan ~34.4 h [interior primero 0.691%, interior primero + pieza menos restrictiva 0.161%, reinicios, interior primero 83.3%] (Knuth: ~12.7 h) | máximo colocado 68 de 100 | hilos 8 de 12
    ... 867.2 s | grupo 1/1 | 417218786 nodos | revisado 0.691%, faltan ~34.5 h [interior primero 0.691%, interior primero + pieza menos restrictiva 0.161%, reinicios, interior primero 83.8%] (Knuth: ~12.7 h) | máximo colocado 68 de 100 | hilos 8 de 12
    ... 869.2 s | grupo 1/1 | 418217716 nodos | revisado 0.692%, faltan ~34.5 h [interior primero 0.692%, interior primero + pieza menos restrictiva 0.161%, reinicios, interior primero 83.9%] (Knuth: ~12.7 h) | máximo colocado 68 de 100 | hilos 8 de 12
    ... 871.2 s | grupo 1/1 | 419219172 nodos | revisado 0.692%, faltan ~34.6 h [interior primero 0.692%, interior primero + pieza menos restrictiva 0.161%, reinicios, interior primero 83.9%] (Knuth: ~12.7 h) | máximo colocado 68 de 100 | hilos 8 de 12
    ... 873.2 s | grupo 1/1 | 420218942 nodos | revisado 0.694%, faltan ~34.6 h [interior primero 0.694%, interior primero + pieza menos restrictiva 0.161%, reinicios, interior primero 84.9%] (Knuth: ~12.7 h) | máximo colocado 68 de 100 | hilos 8 de 12
    ... 875.2 s | grupo 1/1 | 421212304 nodos | revisado 0.695%, faltan ~34.6 h [interior primero 0.695%, interior primero + pieza menos restrictiva 0.161%, reinicios, interior primero 84.9%] (Knuth: ~12.7 h) | máximo colocado 68 de 100 | hilos 8 de 12
    ... 877.2 s | grupo 1/1 | 422210998 nodos | revisado 0.696%, faltan ~34.6 h [interior primero 0.696%, interior primero + pieza menos restrictiva 0.161%, reinicios, interior primero 84.9%] (Knuth: ~12.7 h) | máximo colocado 68 de 100 | hilos 8 de 12
    ... 879.2 s | grupo 1/1 | 423200512 nodos | revisado 0.697%, faltan ~34.7 h [interior primero 0.697%, interior primero + pieza menos restrictiva 0.161%, reinicios, interior primero 86.0%] (Knuth: ~12.7 h) | máximo colocado 68 de 100 | hilos 8 de 12
    ... 881.2 s | grupo 1/1 | 424203665 nodos | revisado 0.698%, faltan ~34.7 h [interior primero 0.698%, interior primero + pieza menos restrictiva 0.161%, reinicios, interior primero 86.0%] (Knuth: ~12.7 h) | máximo colocado 68 de 100 | hilos 8 de 12
    ... 883.3 s | grupo 1/1 | 425202758 nodos | revisado 0.698%, faltan ~34.8 h [interior primero 0.698%, interior primero + pieza menos restrictiva 0.162%, reinicios, interior primero 86.0%] (Knuth: ~12.7 h) | máximo colocado 68 de 100 | hilos 8 de 12
    ... 885.3 s | grupo 1/1 | 426185118 nodos | revisado 0.698%, faltan ~34.9 h [interior primero 0.698%, interior primero + pieza menos restrictiva 0.162%, reinicios, interior primero 86.0%] (Knuth: ~12.7 h) | máximo colocado 68 de 100 | hilos 8 de 12
    ... 887.3 s | grupo 1/1 | 427169098 nodos | revisado 0.698%, faltan ~34.9 h [interior primero 0.698%, interior primero + pieza menos restrictiva 0.162%, reinicios, interior primero 86.0%] (Knuth: ~12.7 h) | máximo colocado 68 de 100 | hilos 8 de 12
    ... 889.3 s | grupo 1/1 | 428163802 nodos | revisado 0.699%, faltan ~35.0 h [interior primero 0.699%, interior primero + pieza menos restrictiva 0.162%, reinicios, interior primero 86.0%] (Knuth: ~12.7 h) | máximo colocado 68 de 100 | hilos 8 de 12
    ... 891.3 s | grupo 1/1 | 429153392 nodos | revisado 0.699%, faltan ~35.1 h [interior primero 0.699%, interior primero + pieza menos restrictiva 0.162%, reinicios, interior primero 86.0%] (Knuth: ~12.7 h) | máximo colocado 68 de 100 | hilos 8 de 12
    ... 893.3 s | grupo 1/1 | 430153184 nodos | revisado 0.700%, faltan ~35.1 h [interior primero 0.700%, interior primero + pieza menos restrictiva 0.162%, reinicios, interior primero 86.1%] (Knuth: ~12.7 h) | máximo colocado 68 de 100 | hilos 8 de 12
    ... 895.3 s | grupo 1/1 | 431155905 nodos | revisado 0.700%, faltan ~35.2 h [interior primero 0.700%, interior primero + pieza menos restrictiva 0.162%, reinicios, interior primero 86.1%] (Knuth: ~12.7 h) | máximo colocado 68 de 100 | hilos 8 de 12
    ... 897.3 s | grupo 1/1 | 432155116 nodos | revisado 0.702%, faltan ~35.2 h [interior primero 0.702%, interior primero + pieza menos restrictiva 0.162%, reinicios, interior primero 86.1%] (Knuth: ~12.7 h) | máximo colocado 68 de 100 | hilos 8 de 12
    ... 899.3 s | grupo 1/1 | 433171716 nodos | revisado 0.702%, faltan ~35.2 h [interior primero 0.702%, interior primero + pieza menos restrictiva 0.162%, reinicios, interior primero 86.1%] (Knuth: ~12.7 h) | máximo colocado 68 de 100 | hilos 8 de 12
[4] Grupo 1: cortado por límite de tiempo
[5] Tiempo total: 15 min
RESULTADO resuelto=0 ms=900042.7 marcos=0 nodos=433525760 grupos=1/1 hilos=12 t_marcos=0.000 t_interior=897.025 lados=0 unificado=1 max_colocadas=68 motivo=limite
