[0] Tablero 12x12, 18 colores, 12 hilos
[1] Esquinas juntas: las esquinas son parte de la búsqueda; un solo recorrido para todos los grupos
    grupo 1, orden menos opciones: estimado 3.85e+16 nodos
    grupo 1, orden interior primero: estimado 1.34e+14 nodos
[1] Estimado de Knuth por grupo (nodos): 1.34e+14(i)   (i) = interior primero
[2] Grupo 1/1: ruta unificada (mapas por lado, con piezas fijas), orden: interior primero; grupo grande: 3 estrategias a la vez (normal, pieza menos restrictiva, reinicios)
    ... 5.0 s | grupo 1/1 | 402416 nodos | revisado 5.44e-05%, faltan ~43 días [interior primero 5.44e-05%, interior primero + pieza menos restrictiva 3.35e-10%, reinicios, interior primero 3.21e-03%] (Knuth: ~21.2 años) | máximo colocado 80 de 144 | hilos 8 de 12
    ... 7.0 s | grupo 1/1 | 812208 nodos | revisado 1.15e-04%, faltan ~40 días [interior primero 1.15e-04%, interior primero + pieza menos restrictiva 9.10e-10%, reinicios, interior primero 3.28e-03%] (Knuth: ~21 años) | máximo colocado 80 de 144 | hilos 8 de 12
    ... 9.0 s | grupo 1/1 | 1221036 nodos | revisado 1.28e-04%, faltan ~54 días [interior primero 1.28e-04%, interior primero + pieza menos restrictiva 1.85e-09%, reinicios, interior primero 6.06e-03%] (Knuth: ~21 años) | máximo colocado 80 de 144 | hilos 8 de 12
    ... 11.0 s | grupo 1/1 | 1623128 nodos | revisado 2.20e-04%, faltan ~42 días [interior primero 2.20e-04%, interior primero + pieza menos restrictiva 3.06e-09%, reinicios, interior primero 6.08e-03%] (Knuth: ~21 años) | máximo colocado 80 de 144 | hilos 8 de 12
    ... 13.1 s | grupo 1/1 | 2029271 nodos | revisado 2.36e-04%, faltan ~49 días [interior primero 2.36e-04%, interior primero + pieza menos restrictiva 3.68e-09%, reinicios, interior primero 6.08e-03%] (Knuth: ~21.1 años) | máximo colocado 81 de 144 | hilos 8 de 12
    ... 15.1 s | grupo 1/1 | 2410349 nodos | revisado 2.43e-04%, faltan ~57 días [interior primero 2.43e-04%, interior primero + pieza menos restrictiva 4.05e-09%, reinicios, interior primero 6.08e-03%] (Knuth: ~21.3 años) | máximo colocado 83 de 144 | hilos 8 de 12
    ... 17.1 s | grupo 1/1 | 2820037 nodos | revisado 3.06e-04%, faltan ~53 días [interior primero 3.06e-04%, interior primero + pieza menos restrictiva 4.67e-09%, reinicios, interior primero 6.10e-03%] (Knuth: ~21.2 años) | máximo colocado 83 de 144 | hilos 8 de 12
    ... 19.1 s | grupo 1/1 | 3221225 nodos | revisado 3.22e-04%, faltan ~58 días [interior primero 3.22e-04%, interior primero + pieza menos restrictiva 5.29e-09%, reinicios, interior primero 6.76e-03%] (Knuth: ~21.2 años) | máximo colocado 83 de 144 | hilos 8 de 12
    ... 21.1 s | grupo 1/1 | 3630176 nodos | revisado 3.72e-04%, faltan ~56 días [interior primero 3.72e-04%, interior primero + pieza menos restrictiva 5.64e-09%, reinicios, interior primero 6.81e-03%] (Knuth: ~21.2 años) | máximo colocado 83 de 144 | hilos 8 de 12
    ... 23.1 s | grupo 1/1 | 4044396 nodos | revisado 4.18e-04%, faltan ~56 días [interior primero 4.18e-04%, interior primero + pieza menos restrictiva 7.11e-09%, reinicios, interior primero 6.81e-03%] (Knuth: ~21.1 años) | máximo colocado 83 de 144 | hilos 8 de 12
    ... 25.1 s | grupo 1/1 | 4451463 nodos | revisado 5.00e-04%, faltan ~51 días [interior primero 5.00e-04%, interior primero + pieza menos restrictiva 8.63e-09%, reinicios, interior primero 6.86e-03%] (Knuth: ~21.1 años) | máximo colocado 83 de 144 | hilos 8 de 12
    ... 27.1 s | grupo 1/1 | 4858732 nodos | revisado 6.18e-04%, faltan ~45 días [interior primero 6.18e-04%, interior primero + pieza menos restrictiva 9.21e-09%, reinicios, interior primero 6.87e-03%] (Knuth: ~21.1 años) | máximo colocado 83 de 144 | hilos 8 de 12
    ... 29.1 s | grupo 1/1 | 5255065 nodos | revisado 6.24e-04%, faltan ~48 días [interior primero 6.24e-04%, interior primero + pieza menos restrictiva 9.68e-09%, reinicios, interior primero 6.89e-03%] (Knuth: ~21.1 años) | máximo colocado 83 de 144 | hilos 8 de 12
    ... 31.1 s | grupo 1/1 | 5657296 nodos | revisado 6.30e-04%, faltan ~52 días [interior primero 6.30e-04%, interior primero + pieza menos restrictiva 1.01e-08%, reinicios, interior primero 6.93e-03%] (Knuth: ~21.1 años) | máximo colocado 83 de 144 | hilos 8 de 12
    ... 33.1 s | grupo 1/1 | 6056498 nodos | revisado 6.67e-04%, faltan ~52 días [interior primero 6.67e-04%, interior primero + pieza menos restrictiva 1.06e-08%, reinicios, interior primero 6.93e-03%] (Knuth: ~21.2 años) | máximo colocado 83 de 144 | hilos 8 de 12
    ... 35.2 s | grupo 1/1 | 6462744 nodos | revisado 7.50e-04%, faltan ~50 días [interior primero 7.50e-04%, interior primero + pieza menos restrictiva 1.19e-08%, reinicios, interior primero 6.93e-03%] (Knuth: ~21.2 años) | máximo colocado 84 de 144 | hilos 8 de 12
    ... 37.2 s | grupo 1/1 | 6866381 nodos | revisado 8.34e-04%, faltan ~47 días [interior primero 8.34e-04%, interior primero + pieza menos restrictiva 1.40e-08%, reinicios, interior primero 6.94e-03%] (Knuth: ~21.2 años) | máximo colocado 84 de 144 | hilos 8 de 12
    ... 39.2 s | grupo 1/1 | 7261974 nodos | revisado 8.78e-04%, faltan ~48 días [interior primero 8.78e-04%, interior primero + pieza menos restrictiva 1.43e-08%, reinicios, interior primero 6.94e-03%] (Knuth: ~21.2 años) | máximo colocado 84 de 144 | hilos 8 de 12
    ... 41.2 s | grupo 1/1 | 7661578 nodos | revisado 1.00e-03%, faltan ~44 días [interior primero 1.00e-03%, interior primero + pieza menos restrictiva 1.48e-08%, reinicios, interior primero 6.95e-03%] (Knuth: ~21.2 años) | máximo colocado 84 de 144 | hilos 8 de 12
    ... 43.2 s | grupo 1/1 | 8058186 nodos | revisado 1.02e-03%, faltan ~45 días [interior primero 1.02e-03%, interior primero + pieza menos restrictiva 1.55e-08%, reinicios, interior primero 8.29e-03%] (Knuth: ~21.2 años) | máximo colocado 84 de 144 | hilos 8 de 12
    ... 45.2 s | grupo 1/1 | 8460795 nodos | revisado 1.05e-03%, faltan ~46 días [interior primero 1.05e-03%, interior primero + pieza menos restrictiva 1.57e-08%, reinicios, interior primero 8.30e-03%] (Knuth: ~21.2 años) | máximo colocado 84 de 144 | hilos 8 de 12
    ... 47.2 s | grupo 1/1 | 8856648 nodos | revisado 1.09e-03%, faltan ~47 días [interior primero 1.09e-03%, interior primero + pieza menos restrictiva 1.60e-08%, reinicios, interior primero 8.31e-03%] (Knuth: ~21.2 años) | máximo colocado 84 de 144 | hilos 8 de 12
    ... 49.2 s | grupo 1/1 | 9256262 nodos | revisado 1.12e-03%, faltan ~48 días [interior primero 1.12e-03%, interior primero + pieza menos restrictiva 1.65e-08%, reinicios, interior primero 8.32e-03%] (Knuth: ~21.2 años) | máximo colocado 84 de 144 | hilos 8 de 12
    ... 51.2 s | grupo 1/1 | 9655176 nodos | revisado 1.14e-03%, faltan ~49 días [interior primero 1.14e-03%, interior primero + pieza menos restrictiva 1.68e-08%, reinicios, interior primero 8.37e-03%] (Knuth: ~21.3 años) | máximo colocado 84 de 144 | hilos 8 de 12
    ... 53.2 s | grupo 1/1 | 10062377 nodos | revisado 1.16e-03%, faltan ~50 días [interior primero 1.16e-03%, interior primero + pieza menos restrictiva 1.70e-08%, reinicios, interior primero 8.39e-03%] (Knuth: ~21.2 años) | máximo colocado 84 de 144 | hilos 8 de 12
    ... 55.2 s | grupo 1/1 | 10459277 nodos | revisado 1.18e-03%, faltan ~51 días [interior primero 1.18e-03%, interior primero + pieza menos restrictiva 1.75e-08%, reinicios, interior primero 0.010%] (Knuth: ~21.3 años) | máximo colocado 84 de 144 | hilos 8 de 12
    ... 57.2 s | grupo 1/1 | 10862086 nodos | revisado 1.19e-03%, faltan ~53 días [interior primero 1.19e-03%, interior primero + pieza menos restrictiva 1.85e-08%, reinicios, interior primero 0.010%] (Knuth: ~21.3 años) | máximo colocado 84 de 144 | hilos 8 de 12
    ... 59.2 s | grupo 1/1 | 11267566 nodos | revisado 1.20e-03%, faltan ~54 días [interior primero 1.20e-03%, interior primero + pieza menos restrictiva 2.01e-08%, reinicios, interior primero 0.010%] (Knuth: ~21.2 años) | máximo colocado 84 de 144 | hilos 8 de 12
    ... 61.2 s | grupo 1/1 | 11671772 nodos | revisado 1.22e-03%, faltan ~55 días [interior primero 1.22e-03%, interior primero + pieza menos restrictiva 2.09e-08%, reinicios, interior primero 0.010%] (Knuth: ~21.2 años) | máximo colocado 84 de 144 | hilos 8 de 12
    ... 63.3 s | grupo 1/1 | 12079176 nodos | revisado 1.27e-03%, faltan ~55 días [interior primero 1.27e-03%, interior primero + pieza menos restrictiva 2.34e-08%, reinicios, interior primero 0.010%] (Knuth: ~21.2 años) | máximo colocado 84 de 144 | hilos 8 de 12
    ... 65.3 s | grupo 1/1 | 12486837 nodos | revisado 1.33e-03%, faltan ~54 días [interior primero 1.33e-03%, interior primero + pieza menos restrictiva 2.46e-08%, reinicios, interior primero 0.010%] (Knuth: ~21.2 años) | máximo colocado 84 de 144 | hilos 8 de 12
    ... 67.3 s | grupo 1/1 | 12885111 nodos | revisado 1.41e-03%, faltan ~53 días [interior primero 1.41e-03%, interior primero + pieza menos restrictiva 2.54e-08%, reinicios, interior primero 0.010%] (Knuth: ~21.2 años) | máximo colocado 85 de 144 | hilos 8 de 12
    ... 69.3 s | grupo 1/1 | 13284065 nodos | revisado 1.51e-03%, faltan ~51 días [interior primero 1.51e-03%, interior primero + pieza menos restrictiva 2.69e-08%, reinicios, interior primero 0.010%] (Knuth: ~21.2 años) | máximo colocado 85 de 144 | hilos 8 de 12
    ... 71.3 s | grupo 1/1 | 13686503 nodos | revisado 1.55e-03%, faltan ~51 días [interior primero 1.55e-03%, interior primero + pieza menos restrictiva 2.71e-08%, reinicios, interior primero 0.010%] (Knuth: ~21.2 años) | máximo colocado 85 de 144 | hilos 8 de 12
    ... 73.3 s | grupo 1/1 | 14083918 nodos | revisado 1.58e-03%, faltan ~52 días [interior primero 1.58e-03%, interior primero + pieza menos restrictiva 2.76e-08%, reinicios, interior primero 0.010%] (Knuth: ~21.2 años) | máximo colocado 85 de 144 | hilos 8 de 12
    ... 75.3 s | grupo 1/1 | 14489689 nodos | revisado 1.61e-03%, faltan ~52 días [interior primero 1.61e-03%, interior primero + pieza menos restrictiva 2.78e-08%, reinicios, interior primero 0.010%] (Knuth: ~21.2 años) | máximo colocado 85 de 144 | hilos 8 de 12
    ... 77.3 s | grupo 1/1 | 14901949 nodos | revisado 1.61e-03%, faltan ~53 días [interior primero 1.61e-03%, interior primero + pieza menos restrictiva 2.79e-08%, reinicios, interior primero 0.010%] (Knuth: ~21.2 años) | máximo colocado 85 de 144 | hilos 8 de 12
    ... 79.3 s | grupo 1/1 | 15314145 nodos | revisado 1.70e-03%, faltan ~52 días [interior primero 1.70e-03%, interior primero + pieza menos restrictiva 2.80e-08%, reinicios, interior primero 0.017%] (Knuth: ~21.2 años) | máximo colocado 85 de 144 | hilos 8 de 12
    ... 81.3 s | grupo 1/1 | 15724941 nodos | revisado 1.72e-03%, faltan ~53 días [interior primero 1.72e-03%, interior primero + pieza menos restrictiva 2.81e-08%, reinicios, interior primero 0.017%] (Knuth: ~21.2 años) | máximo colocado 85 de 144 | hilos 8 de 12
    ... 83.3 s | grupo 1/1 | 16135559 nodos | revisado 1.73e-03%, faltan ~54 días [interior primero 1.73e-03%, interior primero + pieza menos restrictiva 2.83e-08%, reinicios, interior primero 0.017%] (Knuth: ~21.2 años) | máximo colocado 85 de 144 | hilos 8 de 12
    ... 85.3 s | grupo 1/1 | 16540748 nodos | revisado 1.76e-03%, faltan ~54 días [interior primero 1.76e-03%, interior primero + pieza menos restrictiva 2.84e-08%, reinicios, interior primero 0.017%] (Knuth: ~21.2 años) | máximo colocado 85 de 144 | hilos 8 de 12
    ... 87.3 s | grupo 1/1 | 16949383 nodos | revisado 1.81e-03%, faltan ~54 días [interior primero 1.81e-03%, interior primero + pieza menos restrictiva 2.87e-08%, reinicios, interior primero 0.017%] (Knuth: ~21.2 años) | máximo colocado 85 de 144 | hilos 8 de 12
    ... 89.4 s | grupo 1/1 | 17363118 nodos | revisado 1.84e-03%, faltan ~54 días [interior primero 1.84e-03%, interior primero + pieza menos restrictiva 2.92e-08%, reinicios, interior primero 0.017%] (Knuth: ~21.2 años) | máximo colocado 85 de 144 | hilos 8 de 12
    ... 91.4 s | grupo 1/1 | 17770861 nodos | revisado 1.90e-03%, faltan ~54 días [interior primero 1.90e-03%, interior primero + pieza menos restrictiva 2.95e-08%, reinicios, interior primero 0.017%] (Knuth: ~21.2 años) | máximo colocado 85 de 144 | hilos 8 de 12
    ... 93.4 s | grupo 1/1 | 18172604 nodos | revisado 2.16e-03%, faltan ~48 días [interior primero 2.16e-03%, interior primero + pieza menos restrictiva 3.11e-08%, reinicios, interior primero 0.017%] (Knuth: ~21.2 años) | máximo colocado 85 de 144 | hilos 8 de 12
    ... 95.4 s | grupo 1/1 | 18580675 nodos | revisado 2.16e-03%, faltan ~49 días [interior primero 2.16e-03%, interior primero + pieza menos restrictiva 3.30e-08%, reinicios, interior primero 0.018%] (Knuth: ~21.2 años) | máximo colocado 85 de 144 | hilos 8 de 12
    ... 97.4 s | grupo 1/1 | 18985191 nodos | revisado 2.17e-03%, faltan ~50 días [interior primero 2.17e-03%, interior primero + pieza menos restrictiva 3.38e-08%, reinicios, interior primero 0.018%] (Knuth: ~21.2 años) | máximo colocado 85 de 144 | hilos 8 de 12
    ... 99.4 s | grupo 1/1 | 19380105 nodos | revisado 2.17e-03%, faltan ~51 días [interior primero 2.17e-03%, interior primero + pieza menos restrictiva 3.44e-08%, reinicios, interior primero 0.018%] (Knuth: ~21.2 años) | máximo colocado 85 de 144 | hilos 8 de 12
    ... 101.4 s | grupo 1/1 | 19786634 nodos | revisado 2.17e-03%, faltan ~52 días [interior primero 2.17e-03%, interior primero + pieza menos restrictiva 3.57e-08%, reinicios, interior primero 0.018%] (Knuth: ~21.2 años) | máximo colocado 85 de 144 | hilos 8 de 12
    ... 103.4 s | grupo 1/1 | 20188730 nodos | revisado 2.18e-03%, faltan ~53 días [interior primero 2.18e-03%, interior primero + pieza menos restrictiva 3.61e-08%, reinicios, interior primero 0.031%] (Knuth: ~21.2 años) | máximo colocado 85 de 144 | hilos 8 de 12
    ... 105.4 s | grupo 1/1 | 20592338 nodos | revisado 2.18e-03%, faltan ~54 días [interior primero 2.18e-03%, interior primero + pieza menos restrictiva 3.66e-08%, reinicios, interior primero 0.031%] (Knuth: ~21.2 años) | máximo colocado 85 de 144 | hilos 8 de 12
    ... 107.4 s | grupo 1/1 | 21000277 nodos | revisado 2.19e-03%, faltan ~55 días [interior primero 2.19e-03%, interior primero + pieza menos restrictiva 3.68e-08%, reinicios, interior primero 0.031%] (Knuth: ~21.2 años) | máximo colocado 85 de 144 | hilos 8 de 12
    ... 109.4 s | grupo 1/1 | 21408984 nodos | revisado 2.19e-03%, faltan ~56 días [interior primero 2.19e-03%, interior primero + pieza menos restrictiva 3.70e-08%, reinicios, interior primero 0.031%] (Knuth: ~21.2 años) | máximo colocado 85 de 144 | hilos 8 de 12
    ... 111.5 s | grupo 1/1 | 21812006 nodos | revisado 2.19e-03%, faltan ~57 días [interior primero 2.19e-03%, interior primero + pieza menos restrictiva 3.73e-08%, reinicios, interior primero 0.048%] (Knuth: ~21.2 años) | máximo colocado 85 de 144 | hilos 8 de 12
    ... 113.5 s | grupo 1/1 | 22219167 nodos | revisado 2.20e-03%, faltan ~58 días [interior primero 2.20e-03%, interior primero + pieza menos restrictiva 3.88e-08%, reinicios, interior primero 0.048%] (Knuth: ~21.2 años) | máximo colocado 85 de 144 | hilos 8 de 12
    ... 115.5 s | grupo 1/1 | 22620422 nodos | revisado 2.20e-03%, faltan ~59 días [interior primero 2.20e-03%, interior primero + pieza menos restrictiva 3.88e-08%, reinicios, interior primero 0.048%] (Knuth: ~21.2 años) | máximo colocado 85 de 144 | hilos 8 de 12
    ... 117.5 s | grupo 1/1 | 23026513 nodos | revisado 2.20e-03%, faltan ~60 días [interior primero 2.20e-03%, interior primero + pieza menos restrictiva 3.91e-08%, reinicios, interior primero 0.048%] (Knuth: ~21.2 años) | máximo colocado 85 de 144 | hilos 8 de 12
    ... 119.5 s | grupo 1/1 | 23433962 nodos | revisado 2.20e-03%, faltan ~61 días [interior primero 2.20e-03%, interior primero + pieza menos restrictiva 3.97e-08%, reinicios, interior primero 0.048%] (Knuth: ~21.2 años) | máximo colocado 85 de 144 | hilos 8 de 12
    ... 121.5 s | grupo 1/1 | 23840063 nodos | revisado 2.21e-03%, faltan ~62 días [interior primero 2.21e-03%, interior primero + pieza menos restrictiva 4.05e-08%, reinicios, interior primero 0.048%] (Knuth: ~21.2 años) | máximo colocado 85 de 144 | hilos 8 de 12
    ... 123.5 s | grupo 1/1 | 24247171 nodos | revisado 2.23e-03%, faltan ~63 días [interior primero 2.23e-03%, interior primero + pieza menos restrictiva 4.05e-08%, reinicios, interior primero 0.048%] (Knuth: ~21.2 años) | máximo colocado 85 de 144 | hilos 8 de 12
    ... 125.5 s | grupo 1/1 | 24656960 nodos | revisado 2.25e-03%, faltan ~63 días [interior primero 2.25e-03%, interior primero + pieza menos restrictiva 4.08e-08%, reinicios, interior primero 0.048%] (Knuth: ~21.2 años) | máximo colocado 85 de 144 | hilos 8 de 12
    ... 127.5 s | grupo 1/1 | 25057584 nodos | revisado 2.31e-03%, faltan ~62 días [interior primero 2.31e-03%, interior primero + pieza menos restrictiva 4.22e-08%, reinicios, interior primero 0.048%] (Knuth: ~21.2 años) | máximo colocado 85 de 144 | hilos 8 de 12
    ... 129.5 s | grupo 1/1 | 25461583 nodos | revisado 2.34e-03%, faltan ~62 días [interior primero 2.34e-03%, interior primero + pieza menos restrictiva 4.30e-08%, reinicios, interior primero 0.048%] (Knuth: ~21.2 años) | máximo colocado 85 de 144 | hilos 8 de 12
    ... 131.5 s | grupo 1/1 | 25867775 nodos | revisado 2.35e-03%, faltan ~63 días [interior primero 2.35e-03%, interior primero + pieza menos restrictiva 4.47e-08%, reinicios, interior primero 0.048%] (Knuth: ~21.2 años) | máximo colocado 85 de 144 | hilos 8 de 12
    ... 133.6 s | grupo 1/1 | 26273831 nodos | revisado 2.38e-03%, faltan ~64 días [interior primero 2.38e-03%, interior primero + pieza menos restrictiva 4.61e-08%, reinicios, interior primero 0.048%] (Knuth: ~21.2 años) | máximo colocado 85 de 144 | hilos 8 de 12
    ... 135.6 s | grupo 1/1 | 26683126 nodos | revisado 2.38e-03%, faltan ~64 días [interior primero 2.38e-03%, interior primero + pieza menos restrictiva 4.67e-08%, reinicios, interior primero 0.048%] (Knuth: ~21.2 años) | máximo colocado 85 de 144 | hilos 8 de 12
    ... 137.6 s | grupo 1/1 | 27086074 nodos | revisado 2.94e-03%, faltan ~53 días [interior primero 2.94e-03%, interior primero + pieza menos restrictiva 4.71e-08%, reinicios, interior primero 0.048%] (Knuth: ~21.2 años) | máximo colocado 85 de 144 | hilos 8 de 12
    ... 139.6 s | grupo 1/1 | 27491227 nodos | revisado 2.94e-03%, faltan ~54 días [interior primero 2.94e-03%, interior primero + pieza menos restrictiva 4.79e-08%, reinicios, interior primero 0.048%] (Knuth: ~21.2 años) | máximo colocado 85 de 144 | hilos 8 de 12
    ... 141.6 s | grupo 1/1 | 27891225 nodos | revisado 2.95e-03%, faltan ~54 días [interior primero 2.95e-03%, interior primero + pieza menos restrictiva 4.85e-08%, reinicios, interior primero 0.048%] (Knuth: ~21.2 años) | máximo colocado 85 de 144 | hilos 8 de 12
    ... 143.6 s | grupo 1/1 | 28289695 nodos | revisado 2.95e-03%, faltan ~55 días [interior primero 2.95e-03%, interior primero + pieza menos restrictiva 4.86e-08%, reinicios, interior primero 0.048%] (Knuth: ~21.2 años) | máximo colocado 85 de 144 | hilos 8 de 12
    ... 145.6 s | grupo 1/1 | 28700344 nodos | revisado 2.96e-03%, faltan ~56 días [interior primero 2.96e-03%, interior primero + pieza menos restrictiva 4.90e-08%, reinicios, interior primero 0.048%] (Knuth: ~21.2 años) | máximo colocado 85 de 144 | hilos 8 de 12
    ... 147.6 s | grupo 1/1 | 29108985 nodos | revisado 2.97e-03%, faltan ~56 días [interior primero 2.97e-03%, interior primero + pieza menos restrictiva 4.94e-08%, reinicios, interior primero 0.048%] (Knuth: ~21.2 años) | máximo colocado 85 de 144 | hilos 8 de 12
    ... 149.6 s | grupo 1/1 | 29514392 nodos | revisado 2.98e-03%, faltan ~57 días [interior primero 2.98e-03%, interior primero + pieza menos restrictiva 4.95e-08%, reinicios, interior primero 0.048%] (Knuth: ~21.2 años) | máximo colocado 85 de 144 | hilos 8 de 12
    ... 151.6 s | grupo 1/1 | 29918684 nodos | revisado 2.98e-03%, faltan ~58 días [interior primero 2.98e-03%, interior primero + pieza menos restrictiva 4.99e-08%, reinicios, interior primero 0.048%] (Knuth: ~21.2 años) | máximo colocado 85 de 144 | hilos 8 de 12
    ... 153.6 s | grupo 1/1 | 30318588 nodos | revisado 2.99e-03%, faltan ~58 días [interior primero 2.99e-03%, interior primero + pieza menos restrictiva 5.02e-08%, reinicios, interior primero 0.048%] (Knuth: ~21.2 años) | máximo colocado 85 de 144 | hilos 8 de 12
    ... 155.6 s | grupo 1/1 | 30726993 nodos | revisado 2.99e-03%, faltan ~59 días [interior primero 2.99e-03%, interior primero + pieza menos restrictiva 5.08e-08%, reinicios, interior primero 0.048%] (Knuth: ~21.2 años) | máximo colocado 85 de 144 | hilos 8 de 12
    ... 157.6 s | grupo 1/1 | 31125911 nodos | revisado 2.99e-03%, faltan ~60 días [interior primero 2.99e-03%, interior primero + pieza menos restrictiva 5.12e-08%, reinicios, interior primero 0.048%] (Knuth: ~21.2 años) | máximo colocado 85 de 144 | hilos 8 de 12
    ... 159.6 s | grupo 1/1 | 31520397 nodos | revisado 3.00e-03%, faltan ~60 días [interior primero 3.00e-03%, interior primero + pieza menos restrictiva 5.22e-08%, reinicios, interior primero 0.048%] (Knuth: ~21.2 años) | máximo colocado 85 de 144 | hilos 8 de 12
    ... 161.7 s | grupo 1/1 | 31918575 nodos | revisado 3.00e-03%, faltan ~61 días [interior primero 3.00e-03%, interior primero + pieza menos restrictiva 5.32e-08%, reinicios, interior primero 0.050%] (Knuth: ~21.2 años) | máximo colocado 85 de 144 | hilos 8 de 12
    ... 163.7 s | grupo 1/1 | 32313823 nodos | revisado 3.01e-03%, faltan ~62 días [interior primero 3.01e-03%, interior primero + pieza menos restrictiva 5.53e-08%, reinicios, interior primero 0.050%] (Knuth: ~21.2 años) | máximo colocado 85 de 144 | hilos 8 de 12
    ... 165.7 s | grupo 1/1 | 32709437 nodos | revisado 3.02e-03%, faltan ~62 días [interior primero 3.02e-03%, interior primero + pieza menos restrictiva 5.65e-08%, reinicios, interior primero 0.050%] (Knuth: ~21.2 años) | máximo colocado 85 de 144 | hilos 8 de 12
    ... 167.7 s | grupo 1/1 | 33115416 nodos | revisado 3.03e-03%, faltan ~63 días [interior primero 3.03e-03%, interior primero + pieza menos restrictiva 5.68e-08%, reinicios, interior primero 0.050%] (Knuth: ~21.2 años) | máximo colocado 85 de 144 | hilos 8 de 12
    ... 169.7 s | grupo 1/1 | 33509251 nodos | revisado 3.03e-03%, faltan ~64 días [interior primero 3.03e-03%, interior primero + pieza menos restrictiva 5.90e-08%, reinicios, interior primero 0.050%] (Knuth: ~21.2 años) | máximo colocado 85 de 144 | hilos 8 de 12
    ... 171.7 s | grupo 1/1 | 33904135 nodos | revisado 3.03e-03%, faltan ~64 días [interior primero 3.03e-03%, interior primero + pieza menos restrictiva 5.97e-08%, reinicios, interior primero 0.050%] (Knuth: ~21.2 años) | máximo colocado 85 de 144 | hilos 8 de 12
    ... 173.7 s | grupo 1/1 | 34294957 nodos | revisado 3.03e-03%, faltan ~65 días [interior primero 3.03e-03%, interior primero + pieza menos restrictiva 6.02e-08%, reinicios, interior primero 0.050%] (Knuth: ~21.2 años) | máximo colocado 85 de 144 | hilos 8 de 12
    ... 175.7 s | grupo 1/1 | 34695669 nodos | revisado 3.04e-03%, faltan ~66 días [interior primero 3.04e-03%, interior primero + pieza menos restrictiva 6.11e-08%, reinicios, interior primero 0.050%] (Knuth: ~21.2 años) | máximo colocado 85 de 144 | hilos 8 de 12
    ... 177.7 s | grupo 1/1 | 35100339 nodos | revisado 3.04e-03%, faltan ~67 días [interior primero 3.04e-03%, interior primero + pieza menos restrictiva 6.18e-08%, reinicios, interior primero 0.050%] (Knuth: ~21.2 años) | máximo colocado 85 de 144 | hilos 8 de 12
    ... 179.7 s | grupo 1/1 | 35510072 nodos | revisado 3.04e-03%, faltan ~67 días [interior primero 3.04e-03%, interior primero + pieza menos restrictiva 6.24e-08%, reinicios, interior primero 0.050%] (Knuth: ~21.2 años) | máximo colocado 85 de 144 | hilos 8 de 12
    ... 181.7 s | grupo 1/1 | 35919806 nodos | revisado 3.05e-03%, faltan ~68 días [interior primero 3.05e-03%, interior primero + pieza menos restrictiva 6.63e-08%, reinicios, interior primero 0.050%] (Knuth: ~21.2 años) | máximo colocado 85 de 144 | hilos 8 de 12
    ... 183.7 s | grupo 1/1 | 36316165 nodos | revisado 3.05e-03%, faltan ~69 días [interior primero 3.05e-03%, interior primero + pieza menos restrictiva 6.78e-08%, reinicios, interior primero 0.050%] (Knuth: ~21.2 años) | máximo colocado 85 de 144 | hilos 8 de 12
    ... 185.7 s | grupo 1/1 | 36716333 nodos | revisado 3.05e-03%, faltan ~69 días [interior primero 3.05e-03%, interior primero + pieza menos restrictiva 6.94e-08%, reinicios, interior primero 0.050%] (Knuth: ~21.2 años) | máximo colocado 85 de 144 | hilos 8 de 12
    ... 187.7 s | grupo 1/1 | 37119894 nodos | revisado 3.05e-03%, faltan ~70 días [interior primero 3.05e-03%, interior primero + pieza menos restrictiva 7.17e-08%, reinicios, interior primero 0.050%] (Knuth: ~21.2 años) | máximo colocado 85 de 144 | hilos 8 de 12
    ... 189.7 s | grupo 1/1 | 37523160 nodos | revisado 3.05e-03%, faltan ~71 días [interior primero 3.05e-03%, interior primero + pieza menos restrictiva 7.20e-08%, reinicios, interior primero 0.050%] (Knuth: ~21.2 años) | máximo colocado 85 de 144 | hilos 8 de 12
    ... 191.7 s | grupo 1/1 | 37927838 nodos | revisado 3.06e-03%, faltan ~71 días [interior primero 3.06e-03%, interior primero + pieza menos restrictiva 7.45e-08%, reinicios, interior primero 0.050%] (Knuth: ~21.2 años) | máximo colocado 85 de 144 | hilos 8 de 12
    ... 193.8 s | grupo 1/1 | 38341241 nodos | revisado 3.06e-03%, faltan ~72 días [interior primero 3.06e-03%, interior primero + pieza menos restrictiva 7.48e-08%, reinicios, interior primero 0.050%] (Knuth: ~21.2 años) | máximo colocado 85 de 144 | hilos 8 de 12
    ... 195.8 s | grupo 1/1 | 38746982 nodos | revisado 3.06e-03%, faltan ~73 días [interior primero 3.06e-03%, interior primero + pieza menos restrictiva 7.50e-08%, reinicios, interior primero 0.050%] (Knuth: ~21.2 años) | máximo colocado 85 de 144 | hilos 8 de 12
    ... 197.8 s | grupo 1/1 | 39158124 nodos | revisado 3.07e-03%, faltan ~74 días [interior primero 3.07e-03%, interior primero + pieza menos restrictiva 7.54e-08%, reinicios, interior primero 0.050%] (Knuth: ~21.2 años) | máximo colocado 85 de 144 | hilos 8 de 12
    ... 199.8 s | grupo 1/1 | 39557649 nodos | revisado 3.07e-03%, faltan ~74 días [interior primero 3.07e-03%, interior primero + pieza menos restrictiva 7.57e-08%, reinicios, interior primero 0.050%] (Knuth: ~21.2 años) | máximo colocado 85 de 144 | hilos 8 de 12
    ... 201.8 s | grupo 1/1 | 39957959 nodos | revisado 3.07e-03%, faltan ~75 días [interior primero 3.07e-03%, interior primero + pieza menos restrictiva 7.66e-08%, reinicios, interior primero 0.050%] (Knuth: ~21.2 años) | máximo colocado 85 de 144 | hilos 8 de 12
    ... 203.8 s | grupo 1/1 | 40361653 nodos | revisado 3.07e-03%, faltan ~76 días [interior primero 3.07e-03%, interior primero + pieza menos restrictiva 7.76e-08%, reinicios, interior primero 0.050%] (Knuth: ~21.2 años) | máximo colocado 85 de 144 | hilos 8 de 12
    ... 205.8 s | grupo 1/1 | 40759797 nodos | revisado 3.07e-03%, faltan ~76 días [interior primero 3.07e-03%, interior primero + pieza menos restrictiva 7.82e-08%, reinicios, interior primero 0.050%] (Knuth: ~21.2 años) | máximo colocado 85 de 144 | hilos 8 de 12
    ... 207.8 s | grupo 1/1 | 41160858 nodos | revisado 3.07e-03%, faltan ~77 días [interior primero 3.07e-03%, interior primero + pieza menos restrictiva 7.83e-08%, reinicios, interior primero 0.050%] (Knuth: ~21.2 años) | máximo colocado 85 de 144 | hilos 8 de 12
    ... 209.8 s | grupo 1/1 | 41565806 nodos | revisado 3.08e-03%, faltan ~78 días [interior primero 3.08e-03%, interior primero + pieza menos restrictiva 7.84e-08%, reinicios, interior primero 0.050%] (Knuth: ~21.2 años) | máximo colocado 85 de 144 | hilos 8 de 12
    ... 211.8 s | grupo 1/1 | 41970007 nodos | revisado 3.08e-03%, faltan ~78 días [interior primero 3.08e-03%, interior primero + pieza menos restrictiva 7.85e-08%, reinicios, interior primero 0.050%] (Knuth: ~21.2 años) | máximo colocado 85 de 144 | hilos 8 de 12
    ... 213.8 s | grupo 1/1 | 42366188 nodos | revisado 3.08e-03%, faltan ~79 días [interior primero 3.08e-03%, interior primero + pieza menos restrictiva 7.87e-08%, reinicios, interior primero 0.050%] (Knuth: ~21.2 años) | máximo colocado 85 de 144 | hilos 8 de 12
    ... 215.8 s | grupo 1/1 | 42765554 nodos | revisado 3.08e-03%, faltan ~80 días [interior primero 3.08e-03%, interior primero + pieza menos restrictiva 7.90e-08%, reinicios, interior primero 0.050%] (Knuth: ~21.2 años) | máximo colocado 85 de 144 | hilos 8 de 12
    ... 217.8 s | grupo 1/1 | 43162154 nodos | revisado 3.08e-03%, faltan ~81 días [interior primero 3.08e-03%, interior primero + pieza menos restrictiva 7.92e-08%, reinicios, interior primero 0.050%] (Knuth: ~21.2 años) | máximo colocado 85 de 144 | hilos 8 de 12
    ... 219.9 s | grupo 1/1 | 43558958 nodos | revisado 3.09e-03%, faltan ~81 días [interior primero 3.09e-03%, interior primero + pieza menos restrictiva 7.95e-08%, reinicios, interior primero 0.050%] (Knuth: ~21.2 años) | máximo colocado 85 de 144 | hilos 8 de 12
    ... 221.9 s | grupo 1/1 | 43955588 nodos | revisado 3.09e-03%, faltan ~82 días [interior primero 3.09e-03%, interior primero + pieza menos restrictiva 7.97e-08%, reinicios, interior primero 0.050%] (Knuth: ~21.2 años) | máximo colocado 85 de 144 | hilos 8 de 12
    ... 223.9 s | grupo 1/1 | 44349759 nodos | revisado 3.09e-03%, faltan ~83 días [interior primero 3.09e-03%, interior primero + pieza menos restrictiva 7.97e-08%, reinicios, interior primero 0.050%] (Knuth: ~21.2 años) | máximo colocado 85 de 144 | hilos 8 de 12
    ... 225.9 s | grupo 1/1 | 44744581 nodos | revisado 3.09e-03%, faltan ~83 días [interior primero 3.09e-03%, interior primero + pieza menos restrictiva 8.00e-08%, reinicios, interior primero 0.050%] (Knuth: ~21.2 años) | máximo colocado 85 de 144 | hilos 8 de 12
    ... 227.9 s | grupo 1/1 | 45137195 nodos | revisado 3.11e-03%, faltan ~84 días [interior primero 3.11e-03%, interior primero + pieza menos restrictiva 8.05e-08%, reinicios, interior primero 0.050%] (Knuth: ~21.2 años) | máximo colocado 85 de 144 | hilos 8 de 12
    ... 229.9 s | grupo 1/1 | 45526670 nodos | revisado 3.11e-03%, faltan ~84 días [interior primero 3.11e-03%, interior primero + pieza menos restrictiva 8.10e-08%, reinicios, interior primero 0.050%] (Knuth: ~21.2 años) | máximo colocado 85 de 144 | hilos 8 de 12
    ... 231.9 s | grupo 1/1 | 45913714 nodos | revisado 3.12e-03%, faltan ~85 días [interior primero 3.12e-03%, interior primero + pieza menos restrictiva 8.12e-08%, reinicios, interior primero 0.050%] (Knuth: ~21.2 años) | máximo colocado 85 de 144 | hilos 8 de 12
    ... 233.9 s | grupo 1/1 | 46307068 nodos | revisado 3.12e-03%, faltan ~86 días [interior primero 3.12e-03%, interior primero + pieza menos restrictiva 8.13e-08%, reinicios, interior primero 0.050%] (Knuth: ~21.2 años) | máximo colocado 85 de 144 | hilos 8 de 12
    ... 235.9 s | grupo 1/1 | 46701798 nodos | revisado 3.13e-03%, faltan ~86 días [interior primero 3.13e-03%, interior primero + pieza menos restrictiva 8.33e-08%, reinicios, interior primero 0.050%] (Knuth: ~21.2 años) | máximo colocado 85 de 144 | hilos 8 de 12
    ... 237.9 s | grupo 1/1 | 47100222 nodos | revisado 3.14e-03%, faltan ~87 días [interior primero 3.14e-03%, interior primero + pieza menos restrictiva 8.60e-08%, reinicios, interior primero 0.050%] (Knuth: ~21.2 años) | máximo colocado 85 de 144 | hilos 8 de 12
    ... 239.9 s | grupo 1/1 | 47506779 nodos | revisado 3.14e-03%, faltan ~87 días [interior primero 3.14e-03%, interior primero + pieza menos restrictiva 8.88e-08%, reinicios, interior primero 0.050%] (Knuth: ~21.2 años) | máximo colocado 85 de 144 | hilos 8 de 12
    ... 242.0 s | grupo 1/1 | 47908565 nodos | revisado 3.14e-03%, faltan ~88 días [interior primero 3.14e-03%, interior primero + pieza menos restrictiva 8.91e-08%, reinicios, interior primero 0.052%] (Knuth: ~21.2 años) | máximo colocado 85 de 144 | hilos 8 de 12
    ... 244.0 s | grupo 1/1 | 48311550 nodos | revisado 3.15e-03%, faltan ~88 días [interior primero 3.15e-03%, interior primero + pieza menos restrictiva 9.00e-08%, reinicios, interior primero 0.052%] (Knuth: ~21.2 años) | máximo colocado 85 de 144 | hilos 8 de 12
    ... 246.0 s | grupo 1/1 | 48706342 nodos | revisado 3.17e-03%, faltan ~89 días [interior primero 3.17e-03%, interior primero + pieza menos restrictiva 9.05e-08%, reinicios, interior primero 0.052%] (Knuth: ~21.2 años) | máximo colocado 85 de 144 | hilos 8 de 12
    ... 248.0 s | grupo 1/1 | 49105676 nodos | revisado 3.17e-03%, faltan ~89 días [interior primero 3.17e-03%, interior primero + pieza menos restrictiva 9.10e-08%, reinicios, interior primero 0.052%] (Knuth: ~21.2 años) | máximo colocado 85 de 144 | hilos 8 de 12
    ... 250.0 s | grupo 1/1 | 49505415 nodos | revisado 3.18e-03%, faltan ~90 días [interior primero 3.18e-03%, interior primero + pieza menos restrictiva 9.15e-08%, reinicios, interior primero 0.052%] (Knuth: ~21.2 años) | máximo colocado 85 de 144 | hilos 8 de 12
    ... 252.0 s | grupo 1/1 | 49903588 nodos | revisado 3.19e-03%, faltan ~90 días [interior primero 3.19e-03%, interior primero + pieza menos restrictiva 9.22e-08%, reinicios, interior primero 0.076%] (Knuth: ~21.2 años) | máximo colocado 88 de 144 | hilos 8 de 12
    ... 254.0 s | grupo 1/1 | 50308165 nodos | revisado 3.19e-03%, faltan ~91 días [interior primero 3.19e-03%, interior primero + pieza menos restrictiva 9.24e-08%, reinicios, interior primero 0.076%] (Knuth: ~21.2 años) | máximo colocado 88 de 144 | hilos 8 de 12
    ... 256.0 s | grupo 1/1 | 50706759 nodos | revisado 3.19e-03%, faltan ~92 días [interior primero 3.19e-03%, interior primero + pieza menos restrictiva 9.34e-08%, reinicios, interior primero 0.076%] (Knuth: ~21.2 años) | máximo colocado 88 de 144 | hilos 8 de 12
    ... 258.0 s | grupo 1/1 | 51107059 nodos | revisado 3.19e-03%, faltan ~93 días [interior primero 3.19e-03%, interior primero + pieza menos restrictiva 9.36e-08%, reinicios, interior primero 0.076%] (Knuth: ~21.2 años) | máximo colocado 88 de 144 | hilos 8 de 12
    ... 260.0 s | grupo 1/1 | 51501162 nodos | revisado 3.21e-03%, faltan ~93 días [interior primero 3.21e-03%, interior primero + pieza menos restrictiva 9.38e-08%, reinicios, interior primero 0.077%] (Knuth: ~21.3 años) | máximo colocado 88 de 144 | hilos 8 de 12
    ... 262.0 s | grupo 1/1 | 51905735 nodos | revisado 3.21e-03%, faltan ~93 días [interior primero 3.21e-03%, interior primero + pieza menos restrictiva 9.41e-08%, reinicios, interior primero 0.077%] (Knuth: ~21.3 años) | máximo colocado 88 de 144 | hilos 8 de 12
    ... 264.0 s | grupo 1/1 | 52310140 nodos | revisado 3.22e-03%, faltan ~94 días [interior primero 3.22e-03%, interior primero + pieza menos restrictiva 9.42e-08%, reinicios, interior primero 0.077%] (Knuth: ~21.3 años) | máximo colocado 88 de 144 | hilos 8 de 12
    ... 266.0 s | grupo 1/1 | 52715037 nodos | revisado 3.22e-03%, faltan ~94 días [interior primero 3.22e-03%, interior primero + pieza menos restrictiva 9.42e-08%, reinicios, interior primero 0.077%] (Knuth: ~21.3 años) | máximo colocado 88 de 144 | hilos 8 de 12
    ... 268.1 s | grupo 1/1 | 53124757 nodos | revisado 3.22e-03%, faltan ~95 días [interior primero 3.22e-03%, interior primero + pieza menos restrictiva 9.45e-08%, reinicios, interior primero 0.077%] (Knuth: ~21.2 años) | máximo colocado 88 de 144 | hilos 8 de 12
    ... 270.1 s | grupo 1/1 | 53535757 nodos | revisado 3.22e-03%, faltan ~96 días [interior primero 3.22e-03%, interior primero + pieza menos restrictiva 9.46e-08%, reinicios, interior primero 0.077%] (Knuth: ~21.2 años) | máximo colocado 88 de 144 | hilos 8 de 12
    ... 272.1 s | grupo 1/1 | 53944273 nodos | revisado 3.23e-03%, faltan ~96 días [interior primero 3.23e-03%, interior primero + pieza menos restrictiva 9.50e-08%, reinicios, interior primero 0.077%] (Knuth: ~21.2 años) | máximo colocado 88 de 144 | hilos 8 de 12
    ... 274.1 s | grupo 1/1 | 54344968 nodos | revisado 3.23e-03%, faltan ~97 días [interior primero 3.23e-03%, interior primero + pieza menos restrictiva 9.51e-08%, reinicios, interior primero 0.077%] (Knuth: ~21.2 años) | máximo colocado 88 de 144 | hilos 8 de 12
    ... 276.1 s | grupo 1/1 | 54748013 nodos | revisado 3.23e-03%, faltan ~98 días [interior primero 3.23e-03%, interior primero + pieza menos restrictiva 9.53e-08%, reinicios, interior primero 0.077%] (Knuth: ~21.2 años) | máximo colocado 88 de 144 | hilos 8 de 12
    ... 278.1 s | grupo 1/1 | 55154078 nodos | revisado 3.23e-03%, faltan ~98 días [interior primero 3.23e-03%, interior primero + pieza menos restrictiva 9.69e-08%, reinicios, interior primero 0.077%] (Knuth: ~21.2 años) | máximo colocado 88 de 144 | hilos 8 de 12
    ... 280.1 s | grupo 1/1 | 55555611 nodos | revisado 3.23e-03%, faltan ~99 días [interior primero 3.23e-03%, interior primero + pieza menos restrictiva 9.70e-08%, reinicios, interior primero 0.077%] (Knuth: ~21.2 años) | máximo colocado 88 de 144 | hilos 8 de 12
    ... 282.2 s | grupo 1/1 | 55955248 nodos | revisado 3.24e-03%, faltan ~100 días [interior primero 3.24e-03%, interior primero + pieza menos restrictiva 9.72e-08%, reinicios, interior primero 0.078%] (Knuth: ~21.2 años) | máximo colocado 88 de 144 | hilos 8 de 12
    ... 284.2 s | grupo 1/1 | 56348109 nodos | revisado 3.24e-03%, faltan ~101 días [interior primero 3.24e-03%, interior primero + pieza menos restrictiva 9.79e-08%, reinicios, interior primero 0.078%] (Knuth: ~21.2 años) | máximo colocado 88 de 144 | hilos 8 de 12
    ... 286.2 s | grupo 1/1 | 56738238 nodos | revisado 3.24e-03%, faltan ~101 días [interior primero 3.24e-03%, interior primero + pieza menos restrictiva 9.86e-08%, reinicios, interior primero 0.078%] (Knuth: ~21.3 años) | máximo colocado 88 de 144 | hilos 8 de 12
    ... 288.2 s | grupo 1/1 | 57128328 nodos | revisado 3.24e-03%, faltan ~102 días [interior primero 3.24e-03%, interior primero + pieza menos restrictiva 9.90e-08%, reinicios, interior primero 0.078%] (Knuth: ~21.3 años) | máximo colocado 88 de 144 | hilos 8 de 12
    ... 290.2 s | grupo 1/1 | 57520547 nodos | revisado 3.25e-03%, faltan ~102 días [interior primero 3.25e-03%, interior primero + pieza menos restrictiva 9.94e-08%, reinicios, interior primero 0.078%] (Knuth: ~21.3 años) | máximo colocado 88 de 144 | hilos 8 de 12
    ... 292.2 s | grupo 1/1 | 57918727 nodos | revisado 3.25e-03%, faltan ~103 días [interior primero 3.25e-03%, interior primero + pieza menos restrictiva 9.97e-08%, reinicios, interior primero 0.078%] (Knuth: ~21.3 años) | máximo colocado 88 de 144 | hilos 8 de 12
    ... 294.2 s | grupo 1/1 | 58319015 nodos | revisado 3.25e-03%, faltan ~104 días [interior primero 3.25e-03%, interior primero + pieza menos restrictiva 1.01e-07%, reinicios, interior primero 0.078%] (Knuth: ~21.3 años) | máximo colocado 88 de 144 | hilos 8 de 12
    ... 296.2 s | grupo 1/1 | 58721863 nodos | revisado 3.26e-03%, faltan ~104 días [interior primero 3.26e-03%, interior primero + pieza menos restrictiva 1.01e-07%, reinicios, interior primero 0.079%] (Knuth: ~21.3 años) | máximo colocado 88 de 144 | hilos 8 de 12
    ... 298.2 s | grupo 1/1 | 59125797 nodos | revisado 3.26e-03%, faltan ~105 días [interior primero 3.26e-03%, interior primero + pieza menos restrictiva 1.01e-07%, reinicios, interior primero 0.079%] (Knuth: ~21.3 años) | máximo colocado 88 de 144 | hilos 8 de 12
    ... 300.2 s | grupo 1/1 | 59530666 nodos | revisado 3.26e-03%, faltan ~106 días [interior primero 3.26e-03%, interior primero + pieza menos restrictiva 1.02e-07%, reinicios, interior primero 0.079%] (Knuth: ~21.3 años) | máximo colocado 88 de 144 | hilos 8 de 12
    ... 302.2 s | grupo 1/1 | 59934332 nodos | revisado 3.26e-03%, faltan ~106 días [interior primero 3.26e-03%, interior primero + pieza menos restrictiva 1.02e-07%, reinicios, interior primero 0.080%] (Knuth: ~21.3 años) | máximo colocado 88 de 144 | hilos 8 de 12
    ... 304.3 s | grupo 1/1 | 60334712 nodos | revisado 3.26e-03%, faltan ~107 días [interior primero 3.26e-03%, interior primero + pieza menos restrictiva 1.03e-07%, reinicios, interior primero 0.080%] (Knuth: ~21.3 años) | máximo colocado 88 de 144 | hilos 8 de 12
    ... 306.3 s | grupo 1/1 | 60735914 nodos | revisado 3.26e-03%, faltan ~108 días [interior primero 3.26e-03%, interior primero + pieza menos restrictiva 1.05e-07%, reinicios, interior primero 0.080%] (Knuth: ~21.3 años) | máximo colocado 88 de 144 | hilos 8 de 12
    ... 308.3 s | grupo 1/1 | 61137438 nodos | revisado 3.26e-03%, faltan ~108 días [interior primero 3.26e-03%, interior primero + pieza menos restrictiva 1.05e-07%, reinicios, interior primero 0.080%] (Knuth: ~21.3 años) | máximo colocado 88 de 144 | hilos 8 de 12
    ... 310.3 s | grupo 1/1 | 61539302 nodos | revisado 3.26e-03%, faltan ~109 días [interior primero 3.26e-03%, interior primero + pieza menos restrictiva 1.05e-07%, reinicios, interior primero 0.080%] (Knuth: ~21.3 años) | máximo colocado 88 de 144 | hilos 8 de 12
    ... 312.3 s | grupo 1/1 | 61932897 nodos | revisado 3.26e-03%, faltan ~110 días [interior primero 3.26e-03%, interior primero + pieza menos restrictiva 1.05e-07%, reinicios, interior primero 0.080%] (Knuth: ~21.3 años) | máximo colocado 88 de 144 | hilos 8 de 12
    ... 314.3 s | grupo 1/1 | 62330941 nodos | revisado 3.26e-03%, faltan ~110 días [interior primero 3.26e-03%, interior primero + pieza menos restrictiva 1.05e-07%, reinicios, interior primero 0.080%] (Knuth: ~21.3 años) | máximo colocado 88 de 144 | hilos 8 de 12
    ... 316.3 s | grupo 1/1 | 62727530 nodos | revisado 3.27e-03%, faltan ~111 días [interior primero 3.27e-03%, interior primero + pieza menos restrictiva 1.06e-07%, reinicios, interior primero 0.080%] (Knuth: ~21.3 años) | máximo colocado 88 de 144 | hilos 8 de 12
    ... 318.3 s | grupo 1/1 | 63115742 nodos | revisado 3.27e-03%, faltan ~112 días [interior primero 3.27e-03%, interior primero + pieza menos restrictiva 1.06e-07%, reinicios, interior primero 0.080%] (Knuth: ~21.3 años) | máximo colocado 88 de 144 | hilos 8 de 12
    ... 320.3 s | grupo 1/1 | 63510509 nodos | revisado 3.27e-03%, faltan ~112 días [interior primero 3.27e-03%, interior primero + pieza menos restrictiva 1.06e-07%, reinicios, interior primero 0.080%] (Knuth: ~21.3 años) | máximo colocado 88 de 144 | hilos 8 de 12
    ... 322.3 s | grupo 1/1 | 63906585 nodos | revisado 3.27e-03%, faltan ~113 días [interior primero 3.27e-03%, interior primero + pieza menos restrictiva 1.07e-07%, reinicios, interior primero 0.080%] (Knuth: ~21.3 años) | máximo colocado 88 de 144 | hilos 8 de 12
    ... 324.3 s | grupo 1/1 | 64302372 nodos | revisado 3.27e-03%, faltan ~114 días [interior primero 3.27e-03%, interior primero + pieza menos restrictiva 1.07e-07%, reinicios, interior primero 0.080%] (Knuth: ~21.3 años) | máximo colocado 88 de 144 | hilos 8 de 12
    ... 326.3 s | grupo 1/1 | 64705089 nodos | revisado 3.27e-03%, faltan ~114 días [interior primero 3.27e-03%, interior primero + pieza menos restrictiva 1.07e-07%, reinicios, interior primero 0.084%] (Knuth: ~21.3 años) | máximo colocado 88 de 144 | hilos 8 de 12
    ... 328.3 s | grupo 1/1 | 65103765 nodos | revisado 3.27e-03%, faltan ~115 días [interior primero 3.27e-03%, interior primero + pieza menos restrictiva 1.08e-07%, reinicios, interior primero 0.084%] (Knuth: ~21.3 años) | máximo colocado 88 de 144 | hilos 8 de 12
    ... 330.4 s | grupo 1/1 | 65514688 nodos | revisado 3.28e-03%, faltan ~116 días [interior primero 3.28e-03%, interior primero + pieza menos restrictiva 1.09e-07%, reinicios, interior primero 0.086%] (Knuth: ~21.3 años) | máximo colocado 88 de 144 | hilos 8 de 12
    ... 332.4 s | grupo 1/1 | 65917272 nodos | revisado 3.28e-03%, faltan ~116 días [interior primero 3.28e-03%, interior primero + pieza menos restrictiva 1.09e-07%, reinicios, interior primero 0.086%] (Knuth: ~21.3 años) | máximo colocado 88 de 144 | hilos 8 de 12
    ... 334.4 s | grupo 1/1 | 66327531 nodos | revisado 3.28e-03%, faltan ~117 días [interior primero 3.28e-03%, interior primero + pieza menos restrictiva 1.10e-07%, reinicios, interior primero 0.087%] (Knuth: ~21.3 años) | máximo colocado 88 de 144 | hilos 8 de 12
    ... 336.4 s | grupo 1/1 | 66745383 nodos | revisado 3.28e-03%, faltan ~118 días [interior primero 3.28e-03%, interior primero + pieza menos restrictiva 1.10e-07%, reinicios, interior primero 0.087%] (Knuth: ~21.3 años) | máximo colocado 88 de 144 | hilos 8 de 12
    ... 338.4 s | grupo 1/1 | 67164880 nodos | revisado 3.28e-03%, faltan ~118 días [interior primero 3.28e-03%, interior primero + pieza menos restrictiva 1.11e-07%, reinicios, interior primero 0.087%] (Knuth: ~21.3 años) | máximo colocado 88 de 144 | hilos 8 de 12
    ... 340.4 s | grupo 1/1 | 67581741 nodos | revisado 3.28e-03%, faltan ~119 días [interior primero 3.28e-03%, interior primero + pieza menos restrictiva 1.11e-07%, reinicios, interior primero 0.087%] (Knuth: ~21.3 años) | máximo colocado 88 de 144 | hilos 8 de 12
    ... 342.4 s | grupo 1/1 | 67983837 nodos | revisado 3.28e-03%, faltan ~120 días [interior primero 3.28e-03%, interior primero + pieza menos restrictiva 1.12e-07%, reinicios, interior primero 0.087%] (Knuth: ~21.3 años) | máximo colocado 88 de 144 | hilos 8 de 12
    ... 344.4 s | grupo 1/1 | 68388711 nodos | revisado 3.28e-03%, faltan ~120 días [interior primero 3.28e-03%, interior primero + pieza menos restrictiva 1.12e-07%, reinicios, interior primero 0.087%] (Knuth: ~21.3 años) | máximo colocado 88 de 144 | hilos 8 de 12
    ... 346.4 s | grupo 1/1 | 68792071 nodos | revisado 3.28e-03%, faltan ~121 días [interior primero 3.28e-03%, interior primero + pieza menos restrictiva 1.14e-07%, reinicios, interior primero 0.087%] (Knuth: ~21.3 años) | máximo colocado 88 de 144 | hilos 8 de 12
    ... 348.4 s | grupo 1/1 | 69201086 nodos | revisado 3.29e-03%, faltan ~122 días [interior primero 3.29e-03%, interior primero + pieza menos restrictiva 1.17e-07%, reinicios, interior primero 0.087%] (Knuth: ~21.3 años) | máximo colocado 88 de 144 | hilos 8 de 12
    ... 350.4 s | grupo 1/1 | 69606121 nodos | revisado 3.29e-03%, faltan ~122 días [interior primero 3.29e-03%, interior primero + pieza menos restrictiva 1.17e-07%, reinicios, interior primero 0.087%] (Knuth: ~21.3 años) | máximo colocado 88 de 144 | hilos 8 de 12
    ... 352.4 s | grupo 1/1 | 70009821 nodos | revisado 3.29e-03%, faltan ~123 días [interior primero 3.29e-03%, interior primero + pieza menos restrictiva 1.17e-07%, reinicios, interior primero 0.087%] (Knuth: ~21.3 años) | máximo colocado 88 de 144 | hilos 8 de 12
    ... 354.5 s | grupo 1/1 | 70421530 nodos | revisado 3.29e-03%, faltan ~124 días [interior primero 3.29e-03%, interior primero + pieza menos restrictiva 1.18e-07%, reinicios, interior primero 0.087%] (Knuth: ~21.3 años) | máximo colocado 88 de 144 | hilos 8 de 12
    ... 356.5 s | grupo 1/1 | 70827993 nodos | revisado 3.29e-03%, faltan ~124 días [interior primero 3.29e-03%, interior primero + pieza menos restrictiva 1.18e-07%, reinicios, interior primero 0.087%] (Knuth: ~21.3 años) | máximo colocado 88 de 144 | hilos 8 de 12
    ... 358.5 s | grupo 1/1 | 71228859 nodos | revisado 3.30e-03%, faltan ~125 días [interior primero 3.30e-03%, interior primero + pieza menos restrictiva 1.19e-07%, reinicios, interior primero 0.087%] (Knuth: ~21.3 años) | máximo colocado 88 de 144 | hilos 8 de 12
    ... 360.5 s | grupo 1/1 | 71636807 nodos | revisado 3.30e-03%, faltan ~125 días [interior primero 3.30e-03%, interior primero + pieza menos restrictiva 1.19e-07%, reinicios, interior primero 0.087%] (Knuth: ~21.3 años) | máximo colocado 88 de 144 | hilos 8 de 12
    ... 362.5 s | grupo 1/1 | 72042752 nodos | revisado 3.30e-03%, faltan ~126 días [interior primero 3.30e-03%, interior primero + pieza menos restrictiva 1.19e-07%, reinicios, interior primero 0.087%] (Knuth: ~21.2 años) | máximo colocado 88 de 144 | hilos 8 de 12
    ... 364.5 s | grupo 1/1 | 72448045 nodos | revisado 3.30e-03%, faltan ~127 días [interior primero 3.30e-03%, interior primero + pieza menos restrictiva 1.21e-07%, reinicios, interior primero 0.090%] (Knuth: ~21.2 años) | máximo colocado 88 de 144 | hilos 8 de 12
    ... 366.5 s | grupo 1/1 | 72855878 nodos | revisado 3.30e-03%, faltan ~127 días [interior primero 3.30e-03%, interior primero + pieza menos restrictiva 1.22e-07%, reinicios, interior primero 0.090%] (Knuth: ~21.2 años) | máximo colocado 88 de 144 | hilos 8 de 12
    ... 368.5 s | grupo 1/1 | 73262969 nodos | revisado 3.30e-03%, faltan ~128 días [interior primero 3.30e-03%, interior primero + pieza menos restrictiva 1.23e-07%, reinicios, interior primero 0.090%] (Knuth: ~21.2 años) | máximo colocado 88 de 144 | hilos 8 de 12
    ... 370.5 s | grupo 1/1 | 73667900 nodos | revisado 3.30e-03%, faltan ~129 días [interior primero 3.30e-03%, interior primero + pieza menos restrictiva 1.23e-07%, reinicios, interior primero 0.090%] (Knuth: ~21.2 años) | máximo colocado 88 de 144 | hilos 8 de 12
    ... 372.5 s | grupo 1/1 | 74076046 nodos | revisado 3.31e-03%, faltan ~129 días [interior primero 3.31e-03%, interior primero + pieza menos restrictiva 1.24e-07%, reinicios, interior primero 0.090%] (Knuth: ~21.2 años) | máximo colocado 88 de 144 | hilos 8 de 12
    ... 374.5 s | grupo 1/1 | 74482219 nodos | revisado 3.31e-03%, faltan ~130 días [interior primero 3.31e-03%, interior primero + pieza menos restrictiva 1.24e-07%, reinicios, interior primero 0.090%] (Knuth: ~21.2 años) | máximo colocado 88 de 144 | hilos 8 de 12
    ... 376.5 s | grupo 1/1 | 74891335 nodos | revisado 3.31e-03%, faltan ~131 días [interior primero 3.31e-03%, interior primero + pieza menos restrictiva 1.25e-07%, reinicios, interior primero 0.090%] (Knuth: ~21.2 años) | máximo colocado 88 de 144 | hilos 8 de 12
    ... 378.5 s | grupo 1/1 | 75299856 nodos | revisado 3.31e-03%, faltan ~131 días [interior primero 3.31e-03%, interior primero + pieza menos restrictiva 1.26e-07%, reinicios, interior primero 0.090%] (Knuth: ~21.2 años) | máximo colocado 88 de 144 | hilos 8 de 12
    ... 380.6 s | grupo 1/1 | 75706422 nodos | revisado 3.31e-03%, faltan ~132 días [interior primero 3.31e-03%, interior primero + pieza menos restrictiva 1.27e-07%, reinicios, interior primero 0.090%] (Knuth: ~21.2 años) | máximo colocado 88 de 144 | hilos 8 de 12
    ... 382.6 s | grupo 1/1 | 76113222 nodos | revisado 3.31e-03%, faltan ~133 días [interior primero 3.31e-03%, interior primero + pieza menos restrictiva 1.28e-07%, reinicios, interior primero 0.090%] (Knuth: ~21.2 años) | máximo colocado 88 de 144 | hilos 8 de 12
    ... 384.6 s | grupo 1/1 | 76523046 nodos | revisado 3.32e-03%, faltan ~133 días [interior primero 3.32e-03%, interior primero + pieza menos restrictiva 1.28e-07%, reinicios, interior primero 0.090%] (Knuth: ~21.2 años) | máximo colocado 88 de 144 | hilos 8 de 12
    ... 386.6 s | grupo 1/1 | 76929531 nodos | revisado 3.32e-03%, faltan ~134 días [interior primero 3.32e-03%, interior primero + pieza menos restrictiva 1.28e-07%, reinicios, interior primero 0.090%] (Knuth: ~21.2 años) | máximo colocado 88 de 144 | hilos 8 de 12
    ... 388.6 s | grupo 1/1 | 77330099 nodos | revisado 3.33e-03%, faltan ~134 días [interior primero 3.33e-03%, interior primero + pieza menos restrictiva 1.29e-07%, reinicios, interior primero 0.090%] (Knuth: ~21.2 años) | máximo colocado 88 de 144 | hilos 8 de 12
    ... 390.6 s | grupo 1/1 | 77734714 nodos | revisado 3.33e-03%, faltan ~135 días [interior primero 3.33e-03%, interior primero + pieza menos restrictiva 1.29e-07%, reinicios, interior primero 0.090%] (Knuth: ~21.2 años) | máximo colocado 88 de 144 | hilos 8 de 12
    ... 392.6 s | grupo 1/1 | 78143787 nodos | revisado 3.33e-03%, faltan ~135 días [interior primero 3.33e-03%, interior primero + pieza menos restrictiva 1.29e-07%, reinicios, interior primero 0.090%] (Knuth: ~21.2 años) | máximo colocado 88 de 144 | hilos 8 de 12
    ... 394.6 s | grupo 1/1 | 78549474 nodos | revisado 3.33e-03%, faltan ~136 días [interior primero 3.33e-03%, interior primero + pieza menos restrictiva 1.29e-07%, reinicios, interior primero 0.090%] (Knuth: ~21.2 años) | máximo colocado 88 de 144 | hilos 8 de 12
    ... 396.6 s | grupo 1/1 | 78948841 nodos | revisado 3.34e-03%, faltan ~136 días [interior primero 3.34e-03%, interior primero + pieza menos restrictiva 1.30e-07%, reinicios, interior primero 0.090%] (Knuth: ~21.2 años) | máximo colocado 88 de 144 | hilos 8 de 12
    ... 398.6 s | grupo 1/1 | 79347653 nodos | revisado 3.34e-03%, faltan ~137 días [interior primero 3.34e-03%, interior primero + pieza menos restrictiva 1.30e-07%, reinicios, interior primero 0.090%] (Knuth: ~21.2 años) | máximo colocado 88 de 144 | hilos 8 de 12
    ... 400.6 s | grupo 1/1 | 79747832 nodos | revisado 3.34e-03%, faltan ~138 días [interior primero 3.34e-03%, interior primero + pieza menos restrictiva 1.36e-07%, reinicios, interior primero 0.090%] (Knuth: ~21.2 años) | máximo colocado 88 de 144 | hilos 8 de 12
    ... 402.6 s | grupo 1/1 | 80141924 nodos | revisado 3.34e-03%, faltan ~138 días [interior primero 3.34e-03%, interior primero + pieza menos restrictiva 1.36e-07%, reinicios, interior primero 0.090%] (Knuth: ~21.2 años) | máximo colocado 88 de 144 | hilos 8 de 12
    ... 404.7 s | grupo 1/1 | 80535856 nodos | revisado 3.35e-03%, faltan ~139 días [interior primero 3.35e-03%, interior primero + pieza menos restrictiva 1.37e-07%, reinicios, interior primero 0.090%] (Knuth: ~21.2 años) | máximo colocado 88 de 144 | hilos 8 de 12
    ... 406.7 s | grupo 1/1 | 80926276 nodos | revisado 3.35e-03%, faltan ~139 días [interior primero 3.35e-03%, interior primero + pieza menos restrictiva 1.38e-07%, reinicios, interior primero 0.090%] (Knuth: ~21.2 años) | máximo colocado 88 de 144 | hilos 8 de 12
    ... 408.7 s | grupo 1/1 | 81318400 nodos | revisado 3.36e-03%, faltan ~140 días [interior primero 3.36e-03%, interior primero + pieza menos restrictiva 1.41e-07%, reinicios, interior primero 0.090%] (Knuth: ~21.2 años) | máximo colocado 88 de 144 | hilos 8 de 12
    ... 410.7 s | grupo 1/1 | 81718318 nodos | revisado 3.36e-03%, faltan ~140 días [interior primero 3.36e-03%, interior primero + pieza menos restrictiva 1.44e-07%, reinicios, interior primero 0.090%] (Knuth: ~21.2 años) | máximo colocado 88 de 144 | hilos 8 de 12
    ... 412.7 s | grupo 1/1 | 82113996 nodos | revisado 3.80e-03%, faltan ~125 días [interior primero 3.80e-03%, interior primero + pieza menos restrictiva 1.48e-07%, reinicios, interior primero 0.090%] (Knuth: ~21.2 años) | máximo colocado 88 de 144 | hilos 8 de 12
    ... 414.7 s | grupo 1/1 | 82513010 nodos | revisado 3.81e-03%, faltan ~125 días [interior primero 3.81e-03%, interior primero + pieza menos restrictiva 1.49e-07%, reinicios, interior primero 0.094%] (Knuth: ~21.2 años) | máximo colocado 88 de 144 | hilos 8 de 12
    ... 416.7 s | grupo 1/1 | 82913859 nodos | revisado 3.82e-03%, faltan ~125 días [interior primero 3.82e-03%, interior primero + pieza menos restrictiva 1.51e-07%, reinicios, interior primero 0.094%] (Knuth: ~21.2 años) | máximo colocado 88 de 144 | hilos 8 de 12
    ... 418.7 s | grupo 1/1 | 83321653 nodos | revisado 3.84e-03%, faltan ~125 días [interior primero 3.84e-03%, interior primero + pieza menos restrictiva 1.57e-07%, reinicios, interior primero 0.094%] (Knuth: ~21.2 años) | máximo colocado 88 de 144 | hilos 8 de 12
    ... 420.7 s | grupo 1/1 | 83725354 nodos | revisado 3.85e-03%, faltan ~126 días [interior primero 3.85e-03%, interior primero + pieza menos restrictiva 1.63e-07%, reinicios, interior primero 0.094%] (Knuth: ~21.2 años) | máximo colocado 88 de 144 | hilos 8 de 12
    ... 422.7 s | grupo 1/1 | 84123657 nodos | revisado 3.85e-03%, faltan ~126 días [interior primero 3.85e-03%, interior primero + pieza menos restrictiva 1.63e-07%, reinicios, interior primero 0.094%] (Knuth: ~21.2 años) | máximo colocado 88 de 144 | hilos 8 de 12
    ... 424.7 s | grupo 1/1 | 84528968 nodos | revisado 3.85e-03%, faltan ~127 días [interior primero 3.85e-03%, interior primero + pieza menos restrictiva 1.64e-07%, reinicios, interior primero 0.094%] (Knuth: ~21.2 años) | máximo colocado 88 de 144 | hilos 8 de 12
    ... 426.7 s | grupo 1/1 | 84931631 nodos | revisado 3.86e-03%, faltan ~127 días [interior primero 3.86e-03%, interior primero + pieza menos restrictiva 1.65e-07%, reinicios, interior primero 0.094%] (Knuth: ~21.2 años) | máximo colocado 88 de 144 | hilos 8 de 12
    ... 428.8 s | grupo 1/1 | 85335529 nodos | revisado 3.86e-03%, faltan ~128 días [interior primero 3.86e-03%, interior primero + pieza menos restrictiva 1.66e-07%, reinicios, interior primero 0.094%] (Knuth: ~21.2 años) | máximo colocado 88 de 144 | hilos 8 de 12
    ... 430.8 s | grupo 1/1 | 85739407 nodos | revisado 3.86e-03%, faltan ~128 días [interior primero 3.86e-03%, interior primero + pieza menos restrictiva 1.67e-07%, reinicios, interior primero 0.094%] (Knuth: ~21.2 años) | máximo colocado 88 de 144 | hilos 8 de 12
    ... 432.8 s | grupo 1/1 | 86145883 nodos | revisado 3.87e-03%, faltan ~129 días [interior primero 3.87e-03%, interior primero + pieza menos restrictiva 1.68e-07%, reinicios, interior primero 0.094%] (Knuth: ~21.2 años) | máximo colocado 88 de 144 | hilos 8 de 12
    ... 434.8 s | grupo 1/1 | 86551336 nodos | revisado 3.87e-03%, faltan ~129 días [interior primero 3.87e-03%, interior primero + pieza menos restrictiva 1.69e-07%, reinicios, interior primero 0.094%] (Knuth: ~21.2 años) | máximo colocado 88 de 144 | hilos 8 de 12
    ... 436.8 s | grupo 1/1 | 86952051 nodos | revisado 3.87e-03%, faltan ~130 días [interior primero 3.87e-03%, interior primero + pieza menos restrictiva 1.70e-07%, reinicios, interior primero 0.094%] (Knuth: ~21.2 años) | máximo colocado 88 de 144 | hilos 8 de 12
    ... 438.8 s | grupo 1/1 | 87360523 nodos | revisado 3.87e-03%, faltan ~130 días [interior primero 3.87e-03%, interior primero + pieza menos restrictiva 1.71e-07%, reinicios, interior primero 0.094%] (Knuth: ~21.2 años) | máximo colocado 88 de 144 | hilos 8 de 12
    ... 440.8 s | grupo 1/1 | 87757344 nodos | revisado 3.88e-03%, faltan ~131 días [interior primero 3.88e-03%, interior primero + pieza menos restrictiva 1.71e-07%, reinicios, interior primero 0.094%] (Knuth: ~21.2 años) | máximo colocado 88 de 144 | hilos 8 de 12
    ... 442.8 s | grupo 1/1 | 88152009 nodos | revisado 3.88e-03%, faltan ~131 días [interior primero 3.88e-03%, interior primero + pieza menos restrictiva 1.72e-07%, reinicios, interior primero 0.094%] (Knuth: ~21.2 años) | máximo colocado 88 de 144 | hilos 8 de 12
    ... 444.8 s | grupo 1/1 | 88548791 nodos | revisado 3.88e-03%, faltan ~132 días [interior primero 3.88e-03%, interior primero + pieza menos restrictiva 1.73e-07%, reinicios, interior primero 0.094%] (Knuth: ~21.2 años) | máximo colocado 88 de 144 | hilos 8 de 12
    ... 446.8 s | grupo 1/1 | 88945354 nodos | revisado 3.88e-03%, faltan ~132 días [interior primero 3.88e-03%, interior primero + pieza menos restrictiva 1.74e-07%, reinicios, interior primero 0.094%] (Knuth: ~21.3 años) | máximo colocado 88 de 144 | hilos 8 de 12
    ... 448.8 s | grupo 1/1 | 89343964 nodos | revisado 3.88e-03%, faltan ~133 días [interior primero 3.88e-03%, interior primero + pieza menos restrictiva 1.75e-07%, reinicios, interior primero 0.094%] (Knuth: ~21.3 años) | máximo colocado 88 de 144 | hilos 8 de 12
    ... 450.8 s | grupo 1/1 | 89740742 nodos | revisado 3.90e-03%, faltan ~133 días [interior primero 3.90e-03%, interior primero + pieza menos restrictiva 1.75e-07%, reinicios, interior primero 0.094%] (Knuth: ~21.3 años) | máximo colocado 88 de 144 | hilos 8 de 12
    ... 452.8 s | grupo 1/1 | 90131920 nodos | revisado 3.90e-03%, faltan ~133 días [interior primero 3.90e-03%, interior primero + pieza menos restrictiva 1.78e-07%, reinicios, interior primero 0.094%] (Knuth: ~21.3 años) | máximo colocado 88 de 144 | hilos 8 de 12
    ... 454.9 s | grupo 1/1 | 90526405 nodos | revisado 3.91e-03%, faltan ~134 días [interior primero 3.91e-03%, interior primero + pieza menos restrictiva 1.82e-07%, reinicios, interior primero 0.094%] (Knuth: ~21.3 años) | máximo colocado 88 de 144 | hilos 8 de 12
    ... 456.9 s | grupo 1/1 | 90928458 nodos | revisado 3.94e-03%, faltan ~133 días [interior primero 3.94e-03%, interior primero + pieza menos restrictiva 1.83e-07%, reinicios, interior primero 0.094%] (Knuth: ~21.3 años) | máximo colocado 88 de 144 | hilos 8 de 12
    ... 458.9 s | grupo 1/1 | 91322088 nodos | revisado 3.95e-03%, faltan ~134 días [interior primero 3.95e-03%, interior primero + pieza menos restrictiva 1.85e-07%, reinicios, interior primero 0.094%] (Knuth: ~21.3 años) | máximo colocado 88 de 144 | hilos 8 de 12
    ... 460.9 s | grupo 1/1 | 91721502 nodos | revisado 3.96e-03%, faltan ~134 días [interior primero 3.96e-03%, interior primero + pieza menos restrictiva 1.86e-07%, reinicios, interior primero 0.094%] (Knuth: ~21.3 años) | máximo colocado 88 de 144 | hilos 8 de 12
    ... 462.9 s | grupo 1/1 | 92122830 nodos | revisado 3.97e-03%, faltan ~134 días [interior primero 3.97e-03%, interior primero + pieza menos restrictiva 1.87e-07%, reinicios, interior primero 0.094%] (Knuth: ~21.3 años) | máximo colocado 88 de 144 | hilos 8 de 12
    ... 464.9 s | grupo 1/1 | 92528357 nodos | revisado 3.97e-03%, faltan ~135 días [interior primero 3.97e-03%, interior primero + pieza menos restrictiva 1.89e-07%, reinicios, interior primero 0.094%] (Knuth: ~21.3 años) | máximo colocado 88 de 144 | hilos 8 de 12
    ... 466.9 s | grupo 1/1 | 92921713 nodos | revisado 3.99e-03%, faltan ~135 días [interior primero 3.99e-03%, interior primero + pieza menos restrictiva 1.90e-07%, reinicios, interior primero 0.094%] (Knuth: ~21.3 años) | máximo colocado 88 de 144 | hilos 8 de 12
    ... 468.9 s | grupo 1/1 | 93327443 nodos | revisado 4.01e-03%, faltan ~135 días [interior primero 4.01e-03%, interior primero + pieza menos restrictiva 1.92e-07%, reinicios, interior primero 0.095%] (Knuth: ~21.3 años) | máximo colocado 88 de 144 | hilos 8 de 12
    ... 470.9 s | grupo 1/1 | 93728088 nodos | revisado 4.01e-03%, faltan ~135 días [interior primero 4.01e-03%, interior primero + pieza menos restrictiva 1.93e-07%, reinicios, interior primero 0.095%] (Knuth: ~21.3 años) | máximo colocado 88 de 144 | hilos 8 de 12
    ... 473.0 s | grupo 1/1 | 94125821 nodos | revisado 4.01e-03%, faltan ~135 días [interior primero 4.01e-03%, interior primero + pieza menos restrictiva 1.95e-07%, reinicios, interior primero 0.095%] (Knuth: ~21.3 años) | máximo colocado 88 de 144 | hilos 8 de 12
    ... 475.0 s | grupo 1/1 | 94528607 nodos | revisado 4.03e-03%, faltan ~135 días [interior primero 4.03e-03%, interior primero + pieza menos restrictiva 1.97e-07%, reinicios, interior primero 0.095%] (Knuth: ~21.3 años) | máximo colocado 88 de 144 | hilos 8 de 12
    ... 477.0 s | grupo 1/1 | 94928542 nodos | revisado 4.04e-03%, faltan ~136 días [interior primero 4.04e-03%, interior primero + pieza menos restrictiva 1.98e-07%, reinicios, interior primero 0.095%] (Knuth: ~21.3 años) | máximo colocado 88 de 144 | hilos 8 de 12
    ... 479.0 s | grupo 1/1 | 95326578 nodos | revisado 4.05e-03%, faltan ~136 días [interior primero 4.05e-03%, interior primero + pieza menos restrictiva 2.03e-07%, reinicios, interior primero 0.095%] (Knuth: ~21.3 años) | máximo colocado 88 de 144 | hilos 8 de 12
    ... 481.0 s | grupo 1/1 | 95726771 nodos | revisado 4.05e-03%, faltan ~137 días [interior primero 4.05e-03%, interior primero + pieza menos restrictiva 2.06e-07%, reinicios, interior primero 0.095%] (Knuth: ~21.3 años) | máximo colocado 88 de 144 | hilos 8 de 12
    ... 483.0 s | grupo 1/1 | 96118501 nodos | revisado 4.06e-03%, faltan ~137 días [interior primero 4.06e-03%, interior primero + pieza menos restrictiva 2.08e-07%, reinicios, interior primero 0.095%] (Knuth: ~21.3 años) | máximo colocado 88 de 144 | hilos 8 de 12
    ... 485.0 s | grupo 1/1 | 96518159 nodos | revisado 4.06e-03%, faltan ~137 días [interior primero 4.06e-03%, interior primero + pieza menos restrictiva 2.23e-07%, reinicios, interior primero 0.095%] (Knuth: ~21.3 años) | máximo colocado 88 de 144 | hilos 8 de 12
    ... 487.0 s | grupo 1/1 | 96920536 nodos | revisado 4.07e-03%, faltan ~138 días [interior primero 4.07e-03%, interior primero + pieza menos restrictiva 2.25e-07%, reinicios, interior primero 0.095%] (Knuth: ~21.3 años) | máximo colocado 88 de 144 | hilos 8 de 12
    ... 489.0 s | grupo 1/1 | 97325528 nodos | revisado 4.07e-03%, faltan ~138 días [interior primero 4.07e-03%, interior primero + pieza menos restrictiva 2.26e-07%, reinicios, interior primero 0.095%] (Knuth: ~21.3 años) | máximo colocado 88 de 144 | hilos 8 de 12
    ... 491.0 s | grupo 1/1 | 97724132 nodos | revisado 4.07e-03%, faltan ~139 días [interior primero 4.07e-03%, interior primero + pieza menos restrictiva 2.28e-07%, reinicios, interior primero 0.095%] (Knuth: ~21.3 años) | máximo colocado 88 de 144 | hilos 8 de 12
    ... 493.0 s | grupo 1/1 | 98132563 nodos | revisado 4.08e-03%, faltan ~139 días [interior primero 4.08e-03%, interior primero + pieza menos restrictiva 2.32e-07%, reinicios, interior primero 0.095%] (Knuth: ~21.3 años) | máximo colocado 88 de 144 | hilos 8 de 12
    ... 495.1 s | grupo 1/1 | 98532894 nodos | revisado 4.08e-03%, faltan ~140 días [interior primero 4.08e-03%, interior primero + pieza menos restrictiva 2.34e-07%, reinicios, interior primero 0.095%] (Knuth: ~21.3 años) | máximo colocado 88 de 144 | hilos 8 de 12
    ... 497.1 s | grupo 1/1 | 98932142 nodos | revisado 4.09e-03%, faltan ~140 días [interior primero 4.09e-03%, interior primero + pieza menos restrictiva 2.36e-07%, reinicios, interior primero 0.095%] (Knuth: ~21.3 años) | máximo colocado 88 de 144 | hilos 8 de 12
    ... 499.1 s | grupo 1/1 | 99337409 nodos | revisado 4.09e-03%, faltan ~140 días [interior primero 4.09e-03%, interior primero + pieza menos restrictiva 2.42e-07%, reinicios, interior primero 0.095%] (Knuth: ~21.3 años) | máximo colocado 88 de 144 | hilos 8 de 12
    ... 501.1 s | grupo 1/1 | 99744444 nodos | revisado 4.10e-03%, faltan ~141 días [interior primero 4.10e-03%, interior primero + pieza menos restrictiva 2.46e-07%, reinicios, interior primero 0.095%] (Knuth: ~21.3 años) | máximo colocado 88 de 144 | hilos 8 de 12
    ... 503.1 s | grupo 1/1 | 100146641 nodos | revisado 4.11e-03%, faltan ~141 días [interior primero 4.11e-03%, interior primero + pieza menos restrictiva 2.53e-07%, reinicios, interior primero 0.095%] (Knuth: ~21.3 años) | máximo colocado 88 de 144 | hilos 8 de 12
    ... 505.1 s | grupo 1/1 | 100554115 nodos | revisado 4.11e-03%, faltan ~141 días [interior primero 4.11e-03%, interior primero + pieza menos restrictiva 2.64e-07%, reinicios, interior primero 0.095%] (Knuth: ~21.3 años) | máximo colocado 88 de 144 | hilos 8 de 12
    ... 507.1 s | grupo 1/1 | 100948869 nodos | revisado 4.12e-03%, faltan ~142 días [interior primero 4.12e-03%, interior primero + pieza menos restrictiva 2.69e-07%, reinicios, interior primero 0.095%] (Knuth: ~21.3 años) | máximo colocado 88 de 144 | hilos 8 de 12
    ... 509.1 s | grupo 1/1 | 101347683 nodos | revisado 4.12e-03%, faltan ~142 días [interior primero 4.12e-03%, interior primero + pieza menos restrictiva 2.76e-07%, reinicios, interior primero 0.095%] (Knuth: ~21.3 años) | máximo colocado 88 de 144 | hilos 8 de 12
    ... 511.1 s | grupo 1/1 | 101746844 nodos | revisado 4.13e-03%, faltan ~142 días [interior primero 4.13e-03%, interior primero + pieza menos restrictiva 2.89e-07%, reinicios, interior primero 0.096%] (Knuth: ~21.3 años) | máximo colocado 88 de 144 | hilos 8 de 12
    ... 513.1 s | grupo 1/1 | 102147205 nodos | revisado 4.13e-03%, faltan ~143 días [interior primero 4.13e-03%, interior primero + pieza menos restrictiva 2.91e-07%, reinicios, interior primero 0.096%] (Knuth: ~21.3 años) | máximo colocado 88 de 144 | hilos 8 de 12
    ... 515.1 s | grupo 1/1 | 102548238 nodos | revisado 4.17e-03%, faltan ~142 días [interior primero 4.17e-03%, interior primero + pieza menos restrictiva 2.92e-07%, reinicios, interior primero 0.096%] (Knuth: ~21.3 años) | máximo colocado 88 de 144 | hilos 8 de 12
    ... 517.1 s | grupo 1/1 | 102947022 nodos | revisado 4.27e-03%, faltan ~139 días [interior primero 4.27e-03%, interior primero + pieza menos restrictiva 2.95e-07%, reinicios, interior primero 0.096%] (Knuth: ~21.3 años) | máximo colocado 88 de 144 | hilos 8 de 12
    ... 519.1 s | grupo 1/1 | 103347041 nodos | revisado 4.39e-03%, faltan ~136 días [interior primero 4.39e-03%, interior primero + pieza menos restrictiva 2.95e-07%, reinicios, interior primero 0.096%] (Knuth: ~21.3 años) | máximo colocado 88 de 144 | hilos 8 de 12
    ... 521.1 s | grupo 1/1 | 103747803 nodos | revisado 4.39e-03%, faltan ~136 días [interior primero 4.39e-03%, interior primero + pieza menos restrictiva 2.96e-07%, reinicios, interior primero 0.096%] (Knuth: ~21.3 años) | máximo colocado 88 de 144 | hilos 8 de 12
    ... 523.1 s | grupo 1/1 | 104149723 nodos | revisado 4.40e-03%, faltan ~137 días [interior primero 4.40e-03%, interior primero + pieza menos restrictiva 2.99e-07%, reinicios, interior primero 0.096%] (Knuth: ~21.3 años) | máximo colocado 88 de 144 | hilos 8 de 12
    ... 525.1 s | grupo 1/1 | 104548283 nodos | revisado 4.40e-03%, faltan ~137 días [interior primero 4.40e-03%, interior primero + pieza menos restrictiva 3.01e-07%, reinicios, interior primero 0.096%] (Knuth: ~21.3 años) | máximo colocado 88 de 144 | hilos 8 de 12
    ... 527.1 s | grupo 1/1 | 104937528 nodos | revisado 4.40e-03%, faltan ~138 días [interior primero 4.40e-03%, interior primero + pieza menos restrictiva 3.03e-07%, reinicios, interior primero 0.096%] (Knuth: ~21.3 años) | máximo colocado 88 de 144 | hilos 8 de 12
    ... 529.2 s | grupo 1/1 | 105337506 nodos | revisado 4.40e-03%, faltan ~138 días [interior primero 4.40e-03%, interior primero + pieza menos restrictiva 3.05e-07%, reinicios, interior primero 0.096%] (Knuth: ~21.3 años) | máximo colocado 88 de 144 | hilos 8 de 12
    ... 531.2 s | grupo 1/1 | 105733725 nodos | revisado 4.41e-03%, faltan ~139 días [interior primero 4.41e-03%, interior primero + pieza menos restrictiva 3.07e-07%, reinicios, interior primero 0.096%] (Knuth: ~21.3 años) | máximo colocado 88 de 144 | hilos 8 de 12
    ... 533.2 s | grupo 1/1 | 106127589 nodos | revisado 4.47e-03%, faltan ~137 días [interior primero 4.47e-03%, interior primero + pieza menos restrictiva 3.09e-07%, reinicios, interior primero 0.096%] (Knuth: ~21.3 años) | máximo colocado 88 de 144 | hilos 8 de 12
    ... 535.2 s | grupo 1/1 | 106527135 nodos | revisado 4.57e-03%, faltan ~135 días [interior primero 4.57e-03%, interior primero + pieza menos restrictiva 3.10e-07%, reinicios, interior primero 0.096%] (Knuth: ~21.3 años) | máximo colocado 88 de 144 | hilos 8 de 12
    ... 537.2 s | grupo 1/1 | 106926041 nodos | revisado 4.63e-03%, faltan ~134 días [interior primero 4.63e-03%, interior primero + pieza menos restrictiva 3.11e-07%, reinicios, interior primero 0.096%] (Knuth: ~21.3 años) | máximo colocado 88 de 144 | hilos 8 de 12
    ... 539.2 s | grupo 1/1 | 107317581 nodos | revisado 4.73e-03%, faltan ~131 días [interior primero 4.73e-03%, interior primero + pieza menos restrictiva 3.12e-07%, reinicios, interior primero 0.096%] (Knuth: ~21.3 años) | máximo colocado 88 de 144 | hilos 8 de 12
    ... 541.2 s | grupo 1/1 | 107710446 nodos | revisado 4.74e-03%, faltan ~131 días [interior primero 4.74e-03%, interior primero + pieza menos restrictiva 3.14e-07%, reinicios, interior primero 0.096%] (Knuth: ~21.3 años) | máximo colocado 88 de 144 | hilos 8 de 12
    ... 543.2 s | grupo 1/1 | 108106085 nodos | revisado 4.75e-03%, faltan ~132 días [interior primero 4.75e-03%, interior primero + pieza menos restrictiva 3.16e-07%, reinicios, interior primero 0.096%] (Knuth: ~21.3 años) | máximo colocado 88 de 144 | hilos 8 de 12
    ... 545.2 s | grupo 1/1 | 108501738 nodos | revisado 4.75e-03%, faltan ~132 días [interior primero 4.75e-03%, interior primero + pieza menos restrictiva 3.19e-07%, reinicios, interior primero 0.096%] (Knuth: ~21.3 años) | máximo colocado 88 de 144 | hilos 8 de 12
    ... 547.2 s | grupo 1/1 | 108898058 nodos | revisado 4.75e-03%, faltan ~133 días [interior primero 4.75e-03%, interior primero + pieza menos restrictiva 3.22e-07%, reinicios, interior primero 0.096%] (Knuth: ~21.3 años) | máximo colocado 88 de 144 | hilos 8 de 12
    ... 549.2 s | grupo 1/1 | 109295010 nodos | revisado 4.76e-03%, faltan ~133 días [interior primero 4.76e-03%, interior primero + pieza menos restrictiva 3.27e-07%, reinicios, interior primero 0.096%] (Knuth: ~21.3 años) | máximo colocado 88 de 144 | hilos 8 de 12
    ... 551.2 s | grupo 1/1 | 109691905 nodos | revisado 4.76e-03%, faltan ~133 días [interior primero 4.76e-03%, interior primero + pieza menos restrictiva 3.33e-07%, reinicios, interior primero 0.096%] (Knuth: ~21.3 años) | máximo colocado 88 de 144 | hilos 8 de 12
    ... 553.2 s | grupo 1/1 | 110080432 nodos | revisado 4.76e-03%, faltan ~134 días [interior primero 4.76e-03%, interior primero + pieza menos restrictiva 3.35e-07%, reinicios, interior primero 0.096%] (Knuth: ~21.3 años) | máximo colocado 88 de 144 | hilos 8 de 12
    ... 555.2 s | grupo 1/1 | 110469533 nodos | revisado 4.76e-03%, faltan ~134 días [interior primero 4.76e-03%, interior primero + pieza menos restrictiva 3.36e-07%, reinicios, interior primero 0.096%] (Knuth: ~21.3 años) | máximo colocado 88 de 144 | hilos 8 de 12
    ... 557.3 s | grupo 1/1 | 110856390 nodos | revisado 4.77e-03%, faltan ~134 días [interior primero 4.77e-03%, interior primero + pieza menos restrictiva 3.38e-07%, reinicios, interior primero 0.096%] (Knuth: ~21.3 años) | máximo colocado 88 de 144 | hilos 8 de 12
    ... 559.3 s | grupo 1/1 | 111247504 nodos | revisado 4.77e-03%, faltan ~135 días [interior primero 4.77e-03%, interior primero + pieza menos restrictiva 3.38e-07%, reinicios, interior primero 0.096%] (Knuth: ~21.3 años) | máximo colocado 88 de 144 | hilos 8 de 12
    ... 561.3 s | grupo 1/1 | 111638559 nodos | revisado 4.78e-03%, faltan ~135 días [interior primero 4.78e-03%, interior primero + pieza menos restrictiva 3.38e-07%, reinicios, interior primero 0.096%] (Knuth: ~21.3 años) | máximo colocado 88 de 144 | hilos 8 de 12
    ... 563.3 s | grupo 1/1 | 112024049 nodos | revisado 4.79e-03%, faltan ~135 días [interior primero 4.79e-03%, interior primero + pieza menos restrictiva 3.38e-07%, reinicios, interior primero 0.096%] (Knuth: ~21.3 años) | máximo colocado 88 de 144 | hilos 8 de 12
    ... 565.3 s | grupo 1/1 | 112414988 nodos | revisado 4.80e-03%, faltan ~136 días [interior primero 4.80e-03%, interior primero + pieza menos restrictiva 3.38e-07%, reinicios, interior primero 0.096%] (Knuth: ~21.3 años) | máximo colocado 88 de 144 | hilos 8 de 12
    ... 567.3 s | grupo 1/1 | 112809948 nodos | revisado 4.81e-03%, faltan ~136 días [interior primero 4.81e-03%, interior primero + pieza menos restrictiva 3.39e-07%, reinicios, interior primero 0.096%] (Knuth: ~21.3 años) | máximo colocado 88 de 144 | hilos 8 de 12
    ... 569.3 s | grupo 1/1 | 113204137 nodos | revisado 4.81e-03%, faltan ~136 días [interior primero 4.81e-03%, interior primero + pieza menos restrictiva 3.43e-07%, reinicios, interior primero 0.096%] (Knuth: ~21.3 años) | máximo colocado 88 de 144 | hilos 8 de 12
    ... 571.3 s | grupo 1/1 | 113597755 nodos | revisado 4.82e-03%, faltan ~136 días [interior primero 4.82e-03%, interior primero + pieza menos restrictiva 3.83e-07%, reinicios, interior primero 0.096%] (Knuth: ~21.3 años) | máximo colocado 88 de 144 | hilos 8 de 12
    ... 573.3 s | grupo 1/1 | 113992025 nodos | revisado 4.84e-03%, faltan ~137 días [interior primero 4.84e-03%, interior primero + pieza menos restrictiva 3.96e-07%, reinicios, interior primero 0.097%] (Knuth: ~21.3 años) | máximo colocado 88 de 144 | hilos 8 de 12
    ... 575.3 s | grupo 1/1 | 114384611 nodos | revisado 4.84e-03%, faltan ~137 días [interior primero 4.84e-03%, interior primero + pieza menos restrictiva 3.97e-07%, reinicios, interior primero 0.097%] (Knuth: ~21.3 años) | máximo colocado 88 de 144 | hilos 8 de 12
    ... 577.4 s | grupo 1/1 | 114780969 nodos | revisado 4.84e-03%, faltan ~137 días [interior primero 4.84e-03%, interior primero + pieza menos restrictiva 4.04e-07%, reinicios, interior primero 0.097%] (Knuth: ~21.3 años) | máximo colocado 88 de 144 | hilos 8 de 12
    ... 579.4 s | grupo 1/1 | 115165283 nodos | revisado 4.91e-03%, faltan ~136 días [interior primero 4.91e-03%, interior primero + pieza menos restrictiva 4.05e-07%, reinicios, interior primero 0.097%] (Knuth: ~21.3 años) | máximo colocado 88 de 144 | hilos 8 de 12
    ... 581.4 s | grupo 1/1 | 115554340 nodos | revisado 4.91e-03%, faltan ~136 días [interior primero 4.91e-03%, interior primero + pieza menos restrictiva 4.12e-07%, reinicios, interior primero 0.097%] (Knuth: ~21.3 años) | máximo colocado 88 de 144 | hilos 8 de 12
    ... 583.4 s | grupo 1/1 | 115944700 nodos | revisado 4.92e-03%, faltan ~137 días [interior primero 4.92e-03%, interior primero + pieza menos restrictiva 4.12e-07%, reinicios, interior primero 0.097%] (Knuth: ~21.3 años) | máximo colocado 88 de 144 | hilos 8 de 12
    ... 585.4 s | grupo 1/1 | 116328080 nodos | revisado 4.92e-03%, faltan ~137 días [interior primero 4.92e-03%, interior primero + pieza menos restrictiva 4.13e-07%, reinicios, interior primero 0.097%] (Knuth: ~21.3 años) | máximo colocado 88 de 144 | hilos 8 de 12
    ... 587.4 s | grupo 1/1 | 116713947 nodos | revisado 4.93e-03%, faltan ~137 días [interior primero 4.93e-03%, interior primero + pieza menos restrictiva 4.14e-07%, reinicios, interior primero 0.097%] (Knuth: ~21.3 años) | máximo colocado 88 de 144 | hilos 8 de 12
    ... 589.4 s | grupo 1/1 | 117110318 nodos | revisado 4.93e-03%, faltan ~138 días [interior primero 4.93e-03%, interior primero + pieza menos restrictiva 4.21e-07%, reinicios, interior primero 0.097%] (Knuth: ~21.3 años) | máximo colocado 88 de 144 | hilos 8 de 12
    ... 591.4 s | grupo 1/1 | 117503106 nodos | revisado 4.93e-03%, faltan ~138 días [interior primero 4.93e-03%, interior primero + pieza menos restrictiva 4.22e-07%, reinicios, interior primero 0.097%] (Knuth: ~21.3 años) | máximo colocado 88 de 144 | hilos 8 de 12
    ... 593.4 s | grupo 1/1 | 117890045 nodos | revisado 4.93e-03%, faltan ~139 días [interior primero 4.93e-03%, interior primero + pieza menos restrictiva 4.29e-07%, reinicios, interior primero 0.097%] (Knuth: ~21.3 años) | máximo colocado 88 de 144 | hilos 8 de 12
    ... 595.4 s | grupo 1/1 | 118292532 nodos | revisado 4.94e-03%, faltan ~139 días [interior primero 4.94e-03%, interior primero + pieza menos restrictiva 4.30e-07%, reinicios, interior primero 0.098%] (Knuth: ~21.3 años) | máximo colocado 88 de 144 | hilos 8 de 12
    ... 597.4 s | grupo 1/1 | 118692288 nodos | revisado 4.94e-03%, faltan ~139 días [interior primero 4.94e-03%, interior primero + pieza menos restrictiva 4.34e-07%, reinicios, interior primero 0.098%] (Knuth: ~21.3 años) | máximo colocado 88 de 144 | hilos 8 de 12
    ... 599.4 s | grupo 1/1 | 119086844 nodos | revisado 4.95e-03%, faltan ~140 días [interior primero 4.95e-03%, interior primero + pieza menos restrictiva 4.50e-07%, reinicios, interior primero 0.098%] (Knuth: ~21.3 años) | máximo colocado 88 de 144 | hilos 8 de 12
    ... 601.4 s | grupo 1/1 | 119483023 nodos | revisado 4.95e-03%, faltan ~140 días [interior primero 4.95e-03%, interior primero + pieza menos restrictiva 4.92e-07%, reinicios, interior primero 0.098%] (Knuth: ~21.3 años) | máximo colocado 88 de 144 | hilos 8 de 12
    ... 603.4 s | grupo 1/1 | 119885676 nodos | revisado 4.95e-03%, faltan ~140 días [interior primero 4.95e-03%, interior primero + pieza menos restrictiva 4.98e-07%, reinicios, interior primero 0.098%] (Knuth: ~21.3 años) | máximo colocado 88 de 144 | hilos 8 de 12
    ... 605.5 s | grupo 1/1 | 120279996 nodos | revisado 4.96e-03%, faltan ~141 días [interior primero 4.96e-03%, interior primero + pieza menos restrictiva 5.45e-07%, reinicios, interior primero 0.100%] (Knuth: ~21.3 años) | máximo colocado 88 de 144 | hilos 8 de 12
    ... 607.5 s | grupo 1/1 | 120681322 nodos | revisado 4.96e-03%, faltan ~141 días [interior primero 4.96e-03%, interior primero + pieza menos restrictiva 5.46e-07%, reinicios, interior primero 0.100%] (Knuth: ~21.3 años) | máximo colocado 88 de 144 | hilos 8 de 12
    ... 609.5 s | grupo 1/1 | 121076177 nodos | revisado 4.96e-03%, faltan ~141 días [interior primero 4.96e-03%, interior primero + pieza menos restrictiva 5.48e-07%, reinicios, interior primero 0.100%] (Knuth: ~21.3 años) | máximo colocado 88 de 144 | hilos 8 de 12
    ... 611.5 s | grupo 1/1 | 121482715 nodos | revisado 4.97e-03%, faltan ~142 días [interior primero 4.97e-03%, interior primero + pieza menos restrictiva 5.50e-07%, reinicios, interior primero 0.100%] (Knuth: ~21.3 años) | máximo colocado 88 de 144 | hilos 8 de 12
    ... 613.5 s | grupo 1/1 | 121886953 nodos | revisado 4.97e-03%, faltan ~142 días [interior primero 4.97e-03%, interior primero + pieza menos restrictiva 5.51e-07%, reinicios, interior primero 0.100%] (Knuth: ~21.3 años) | máximo colocado 88 de 144 | hilos 8 de 12
    ... 615.5 s | grupo 1/1 | 122290529 nodos | revisado 4.98e-03%, faltan ~142 días [interior primero 4.98e-03%, interior primero + pieza menos restrictiva 5.53e-07%, reinicios, interior primero 0.100%] (Knuth: ~21.3 años) | máximo colocado 88 de 144 | hilos 8 de 12
    ... 617.5 s | grupo 1/1 | 122695846 nodos | revisado 4.98e-03%, faltan ~143 días [interior primero 4.98e-03%, interior primero + pieza menos restrictiva 5.54e-07%, reinicios, interior primero 0.100%] (Knuth: ~21.3 años) | máximo colocado 88 de 144 | hilos 8 de 12
    ... 619.5 s | grupo 1/1 | 123100083 nodos | revisado 4.98e-03%, faltan ~143 días [interior primero 4.98e-03%, interior primero + pieza menos restrictiva 5.55e-07%, reinicios, interior primero 0.100%] (Knuth: ~21.3 años) | máximo colocado 88 de 144 | hilos 8 de 12
    ... 621.5 s | grupo 1/1 | 123506248 nodos | revisado 4.98e-03%, faltan ~144 días [interior primero 4.98e-03%, interior primero + pieza menos restrictiva 5.56e-07%, reinicios, interior primero 0.100%] (Knuth: ~21.3 años) | máximo colocado 88 de 144 | hilos 8 de 12
    ... 623.5 s | grupo 1/1 | 123906207 nodos | revisado 4.98e-03%, faltan ~144 días [interior primero 4.98e-03%, interior primero + pieza menos restrictiva 5.59e-07%, reinicios, interior primero 0.100%] (Knuth: ~21.3 años) | máximo colocado 88 de 144 | hilos 8 de 12
    ... 625.5 s | grupo 1/1 | 124305726 nodos | revisado 4.98e-03%, faltan ~145 días [interior primero 4.98e-03%, interior primero + pieza menos restrictiva 5.61e-07%, reinicios, interior primero 0.100%] (Knuth: ~21.3 años) | máximo colocado 88 de 144 | hilos 8 de 12
    ... 627.5 s | grupo 1/1 | 124707019 nodos | revisado 4.98e-03%, faltan ~145 días [interior primero 4.98e-03%, interior primero + pieza menos restrictiva 5.64e-07%, reinicios, interior primero 0.100%] (Knuth: ~21.3 años) | máximo colocado 88 de 144 | hilos 8 de 12
    ... 629.5 s | grupo 1/1 | 125110640 nodos | revisado 4.98e-03%, faltan ~145 días [interior primero 4.98e-03%, interior primero + pieza menos restrictiva 5.66e-07%, reinicios, interior primero 0.100%] (Knuth: ~21.3 años) | máximo colocado 88 de 144 | hilos 8 de 12
    ... 631.5 s | grupo 1/1 | 125512525 nodos | revisado 4.98e-03%, faltan ~146 días [interior primero 4.98e-03%, interior primero + pieza menos restrictiva 5.66e-07%, reinicios, interior primero 0.100%] (Knuth: ~21.3 años) | máximo colocado 88 de 144 | hilos 8 de 12
    ... 633.5 s | grupo 1/1 | 125913050 nodos | revisado 4.99e-03%, faltan ~146 días [interior primero 4.99e-03%, interior primero + pieza menos restrictiva 5.67e-07%, reinicios, interior primero 0.100%] (Knuth: ~21.3 años) | máximo colocado 88 de 144 | hilos 8 de 12
    ... 635.6 s | grupo 1/1 | 126318106 nodos | revisado 4.99e-03%, faltan ~147 días [interior primero 4.99e-03%, interior primero + pieza menos restrictiva 5.69e-07%, reinicios, interior primero 0.100%] (Knuth: ~21.3 años) | máximo colocado 88 de 144 | hilos 8 de 12
    ... 637.6 s | grupo 1/1 | 126723922 nodos | revisado 4.99e-03%, faltan ~147 días [interior primero 4.99e-03%, interior primero + pieza menos restrictiva 5.69e-07%, reinicios, interior primero 0.100%] (Knuth: ~21.3 años) | máximo colocado 88 de 144 | hilos 8 de 12
    ... 639.6 s | grupo 1/1 | 127121601 nodos | revisado 4.99e-03%, faltan ~147 días [interior primero 4.99e-03%, interior primero + pieza menos restrictiva 5.69e-07%, reinicios, interior primero 0.100%] (Knuth: ~21.3 años) | máximo colocado 88 de 144 | hilos 8 de 12
    ... 641.6 s | grupo 1/1 | 127517376 nodos | revisado 5.00e-03%, faltan ~148 días [interior primero 5.00e-03%, interior primero + pieza menos restrictiva 5.69e-07%, reinicios, interior primero 0.100%] (Knuth: ~21.3 años) | máximo colocado 88 de 144 | hilos 8 de 12
    ... 643.6 s | grupo 1/1 | 127916522 nodos | revisado 5.00e-03%, faltan ~148 días [interior primero 5.00e-03%, interior primero + pieza menos restrictiva 5.69e-07%, reinicios, interior primero 0.100%] (Knuth: ~21.3 años) | máximo colocado 88 de 144 | hilos 8 de 12
    ... 645.6 s | grupo 1/1 | 128312438 nodos | revisado 5.00e-03%, faltan ~149 días [interior primero 5.00e-03%, interior primero + pieza menos restrictiva 5.69e-07%, reinicios, interior primero 0.100%] (Knuth: ~21.3 años) | máximo colocado 88 de 144 | hilos 8 de 12
    ... 647.6 s | grupo 1/1 | 128706337 nodos | revisado 5.00e-03%, faltan ~149 días [interior primero 5.00e-03%, interior primero + pieza menos restrictiva 5.69e-07%, reinicios, interior primero 0.100%] (Knuth: ~21.3 años) | máximo colocado 88 de 144 | hilos 8 de 12
    ... 649.6 s | grupo 1/1 | 129093932 nodos | revisado 5.01e-03%, faltan ~149 días [interior primero 5.01e-03%, interior primero + pieza menos restrictiva 5.70e-07%, reinicios, interior primero 0.100%] (Knuth: ~21.3 años) | máximo colocado 88 de 144 | hilos 8 de 12
    ... 651.6 s | grupo 1/1 | 129483158 nodos | revisado 5.02e-03%, faltan ~150 días [interior primero 5.02e-03%, interior primero + pieza menos restrictiva 5.71e-07%, reinicios, interior primero 0.100%] (Knuth: ~21.3 años) | máximo colocado 88 de 144 | hilos 8 de 12
    ... 653.6 s | grupo 1/1 | 129867635 nodos | revisado 5.02e-03%, faltan ~150 días [interior primero 5.02e-03%, interior primero + pieza menos restrictiva 5.71e-07%, reinicios, interior primero 0.100%] (Knuth: ~21.3 años) | máximo colocado 88 de 144 | hilos 8 de 12
    ... 655.6 s | grupo 1/1 | 130254866 nodos | revisado 5.02e-03%, faltan ~150 días [interior primero 5.02e-03%, interior primero + pieza menos restrictiva 5.71e-07%, reinicios, interior primero 0.100%] (Knuth: ~21.3 años) | máximo colocado 88 de 144 | hilos 8 de 12
    ... 657.6 s | grupo 1/1 | 130641666 nodos | revisado 5.03e-03%, faltan ~151 días [interior primero 5.03e-03%, interior primero + pieza menos restrictiva 5.71e-07%, reinicios, interior primero 0.100%] (Knuth: ~21.3 años) | máximo colocado 88 de 144 | hilos 8 de 12
    ... 659.6 s | grupo 1/1 | 131027761 nodos | revisado 5.03e-03%, faltan ~151 días [interior primero 5.03e-03%, interior primero + pieza menos restrictiva 5.71e-07%, reinicios, interior primero 0.100%] (Knuth: ~21.3 años) | máximo colocado 88 de 144 | hilos 8 de 12
    ... 661.7 s | grupo 1/1 | 131430376 nodos | revisado 5.03e-03%, faltan ~152 días [interior primero 5.03e-03%, interior primero + pieza menos restrictiva 5.71e-07%, reinicios, interior primero 0.100%] (Knuth: ~21.3 años) | máximo colocado 88 de 144 | hilos 8 de 12
    ... 663.7 s | grupo 1/1 | 131820264 nodos | revisado 5.03e-03%, faltan ~152 días [interior primero 5.03e-03%, interior primero + pieza menos restrictiva 5.71e-07%, reinicios, interior primero 0.100%] (Knuth: ~21.3 años) | máximo colocado 88 de 144 | hilos 8 de 12
    ... 665.7 s | grupo 1/1 | 132207215 nodos | revisado 5.05e-03%, faltan ~152 días [interior primero 5.05e-03%, interior primero + pieza menos restrictiva 5.71e-07%, reinicios, interior primero 0.100%] (Knuth: ~21.3 años) | máximo colocado 88 de 144 | hilos 8 de 12
    ... 667.7 s | grupo 1/1 | 132596701 nodos | revisado 5.05e-03%, faltan ~152 días [interior primero 5.05e-03%, interior primero + pieza menos restrictiva 5.71e-07%, reinicios, interior primero 0.100%] (Knuth: ~21.3 años) | máximo colocado 88 de 144 | hilos 8 de 12
    ... 669.7 s | grupo 1/1 | 132994902 nodos | revisado 5.06e-03%, faltan ~153 días [interior primero 5.06e-03%, interior primero + pieza menos restrictiva 5.72e-07%, reinicios, interior primero 0.100%] (Knuth: ~21.3 años) | máximo colocado 88 de 144 | hilos 8 de 12
    ... 671.7 s | grupo 1/1 | 133391479 nodos | revisado 5.06e-03%, faltan ~153 días [interior primero 5.06e-03%, interior primero + pieza menos restrictiva 5.73e-07%, reinicios, interior primero 0.100%] (Knuth: ~21.3 años) | máximo colocado 88 de 144 | hilos 8 de 12
    ... 673.7 s | grupo 1/1 | 133782419 nodos | revisado 5.07e-03%, faltan ~153 días [interior primero 5.07e-03%, interior primero + pieza menos restrictiva 5.75e-07%, reinicios, interior primero 0.100%] (Knuth: ~21.4 años) | máximo colocado 88 de 144 | hilos 8 de 12
    ... 675.7 s | grupo 1/1 | 134166014 nodos | revisado 5.07e-03%, faltan ~154 días [interior primero 5.07e-03%, interior primero + pieza menos restrictiva 5.75e-07%, reinicios, interior primero 0.100%] (Knuth: ~21.4 años) | máximo colocado 88 de 144 | hilos 8 de 12
    ... 677.7 s | grupo 1/1 | 134556295 nodos | revisado 5.07e-03%, faltan ~154 días [interior primero 5.07e-03%, interior primero + pieza menos restrictiva 5.77e-07%, reinicios, interior primero 0.100%] (Knuth: ~21.4 años) | máximo colocado 88 de 144 | hilos 8 de 12
    ... 679.7 s | grupo 1/1 | 134949213 nodos | revisado 5.08e-03%, faltan ~154 días [interior primero 5.08e-03%, interior primero + pieza menos restrictiva 5.80e-07%, reinicios, interior primero 0.100%] (Knuth: ~21.4 años) | máximo colocado 88 de 144 | hilos 8 de 12
    ... 681.7 s | grupo 1/1 | 135339552 nodos | revisado 5.08e-03%, faltan ~155 días [interior primero 5.08e-03%, interior primero + pieza menos restrictiva 5.83e-07%, reinicios, interior primero 0.101%] (Knuth: ~21.4 años) | máximo colocado 88 de 144 | hilos 8 de 12
    ... 683.7 s | grupo 1/1 | 135732910 nodos | revisado 5.08e-03%, faltan ~155 días [interior primero 5.08e-03%, interior primero + pieza menos restrictiva 5.85e-07%, reinicios, interior primero 0.101%] (Knuth: ~21.4 años) | máximo colocado 88 de 144 | hilos 8 de 12
    ... 685.7 s | grupo 1/1 | 136132776 nodos | revisado 5.11e-03%, faltan ~155 días [interior primero 5.11e-03%, interior primero + pieza menos restrictiva 5.86e-07%, reinicios, interior primero 0.101%] (Knuth: ~21.4 años) | máximo colocado 88 de 144 | hilos 8 de 12
    ... 687.7 s | grupo 1/1 | 136530322 nodos | revisado 5.11e-03%, faltan ~155 días [interior primero 5.11e-03%, interior primero + pieza menos restrictiva 5.87e-07%, reinicios, interior primero 0.101%] (Knuth: ~21.4 años) | máximo colocado 88 de 144 | hilos 8 de 12
    ... 689.7 s | grupo 1/1 | 136928456 nodos | revisado 5.12e-03%, faltan ~155 días [interior primero 5.12e-03%, interior primero + pieza menos restrictiva 5.88e-07%, reinicios, interior primero 0.101%] (Knuth: ~21.4 años) | máximo colocado 88 de 144 | hilos 8 de 12
    ... 691.7 s | grupo 1/1 | 137332905 nodos | revisado 5.13e-03%, faltan ~155 días [interior primero 5.13e-03%, interior primero + pieza menos restrictiva 5.88e-07%, reinicios, interior primero 0.101%] (Knuth: ~21.4 años) | máximo colocado 88 de 144 | hilos 8 de 12
    ... 693.8 s | grupo 1/1 | 137731996 nodos | revisado 5.13e-03%, faltan ~156 días [interior primero 5.13e-03%, interior primero + pieza menos restrictiva 5.88e-07%, reinicios, interior primero 0.101%] (Knuth: ~21.4 años) | máximo colocado 88 de 144 | hilos 8 de 12
    ... 695.8 s | grupo 1/1 | 138129923 nodos | revisado 5.14e-03%, faltan ~156 días [interior primero 5.14e-03%, interior primero + pieza menos restrictiva 5.90e-07%, reinicios, interior primero 0.101%] (Knuth: ~21.4 años) | máximo colocado 88 de 144 | hilos 8 de 12
    ... 697.8 s | grupo 1/1 | 138530755 nodos | revisado 5.14e-03%, faltan ~156 días [interior primero 5.14e-03%, interior primero + pieza menos restrictiva 5.90e-07%, reinicios, interior primero 0.101%] (Knuth: ~21.4 años) | máximo colocado 88 de 144 | hilos 8 de 12
    ... 699.8 s | grupo 1/1 | 138927477 nodos | revisado 5.14e-03%, faltan ~157 días [interior primero 5.14e-03%, interior primero + pieza menos restrictiva 5.91e-07%, reinicios, interior primero 0.101%] (Knuth: ~21.4 años) | máximo colocado 88 de 144 | hilos 8 de 12
    ... 701.8 s | grupo 1/1 | 139330950 nodos | revisado 5.14e-03%, faltan ~157 días [interior primero 5.14e-03%, interior primero + pieza menos restrictiva 5.91e-07%, reinicios, interior primero 0.101%] (Knuth: ~21.4 años) | máximo colocado 88 de 144 | hilos 8 de 12
    ... 703.8 s | grupo 1/1 | 139731278 nodos | revisado 5.15e-03%, faltan ~158 días [interior primero 5.15e-03%, interior primero + pieza menos restrictiva 5.91e-07%, reinicios, interior primero 0.101%] (Knuth: ~21.4 años) | máximo colocado 88 de 144 | hilos 8 de 12
    ... 705.8 s | grupo 1/1 | 140125500 nodos | revisado 5.16e-03%, faltan ~158 días [interior primero 5.16e-03%, interior primero + pieza menos restrictiva 5.91e-07%, reinicios, interior primero 0.101%] (Knuth: ~21.4 años) | máximo colocado 88 de 144 | hilos 8 de 12
    ... 707.8 s | grupo 1/1 | 140522625 nodos | revisado 5.24e-03%, faltan ~156 días [interior primero 5.24e-03%, interior primero + pieza menos restrictiva 5.91e-07%, reinicios, interior primero 0.101%] (Knuth: ~21.4 años) | máximo colocado 88 de 144 | hilos 8 de 12
    ... 709.8 s | grupo 1/1 | 140916479 nodos | revisado 5.25e-03%, faltan ~156 días [interior primero 5.25e-03%, interior primero + pieza menos restrictiva 5.92e-07%, reinicios, interior primero 0.101%] (Knuth: ~21.4 años) | máximo colocado 88 de 144 | hilos 8 de 12
    ... 711.8 s | grupo 1/1 | 141319823 nodos | revisado 5.55e-03%, faltan ~148 días [interior primero 5.55e-03%, interior primero + pieza menos restrictiva 5.98e-07%, reinicios, interior primero 0.101%] (Knuth: ~21.4 años) | máximo colocado 88 de 144 | hilos 8 de 12
    ... 713.8 s | grupo 1/1 | 141722952 nodos | revisado 5.56e-03%, faltan ~148 días [interior primero 5.56e-03%, interior primero + pieza menos restrictiva 6.03e-07%, reinicios, interior primero 0.101%] (Knuth: ~21.4 años) | máximo colocado 88 de 144 | hilos 8 de 12
    ... 715.8 s | grupo 1/1 | 142131853 nodos | revisado 5.58e-03%, faltan ~148 días [interior primero 5.58e-03%, interior primero + pieza menos restrictiva 6.10e-07%, reinicios, interior primero 0.101%] (Knuth: ~21.4 años) | máximo colocado 88 de 144 | hilos 8 de 12
    ... 717.8 s | grupo 1/1 | 142539293 nodos | revisado 5.58e-03%, faltan ~148 días [interior primero 5.58e-03%, interior primero + pieza menos restrictiva 6.27e-07%, reinicios, interior primero 0.101%] (Knuth: ~21.4 años) | máximo colocado 88 de 144 | hilos 8 de 12
    ... 719.8 s | grupo 1/1 | 142938915 nodos | revisado 5.59e-03%, faltan ~148 días [interior primero 5.59e-03%, interior primero + pieza menos restrictiva 6.38e-07%, reinicios, interior primero 0.101%] (Knuth: ~21.4 años) | máximo colocado 88 de 144 | hilos 8 de 12
    ... 721.8 s | grupo 1/1 | 143341678 nodos | revisado 5.59e-03%, faltan ~149 días [interior primero 5.59e-03%, interior primero + pieza menos restrictiva 6.38e-07%, reinicios, interior primero 0.101%] (Knuth: ~21.4 años) | máximo colocado 88 de 144 | hilos 8 de 12
    ... 723.8 s | grupo 1/1 | 143749153 nodos | revisado 5.60e-03%, faltan ~149 días [interior primero 5.60e-03%, interior primero + pieza menos restrictiva 6.39e-07%, reinicios, interior primero 0.101%] (Knuth: ~21.4 años) | máximo colocado 88 de 144 | hilos 8 de 12
    ... 725.9 s | grupo 1/1 | 144155975 nodos | revisado 5.60e-03%, faltan ~149 días [interior primero 5.60e-03%, interior primero + pieza menos restrictiva 6.44e-07%, reinicios, interior primero 0.101%] (Knuth: ~21.4 años) | máximo colocado 88 de 144 | hilos 8 de 12
    ... 727.9 s | grupo 1/1 | 144558641 nodos | revisado 5.61e-03%, faltan ~150 días [interior primero 5.61e-03%, interior primero + pieza menos restrictiva 6.45e-07%, reinicios, interior primero 0.101%] (Knuth: ~21.4 años) | máximo colocado 88 de 144 | hilos 8 de 12
    ... 729.9 s | grupo 1/1 | 144953641 nodos | revisado 5.63e-03%, faltan ~149 días [interior primero 5.63e-03%, interior primero + pieza menos restrictiva 6.50e-07%, reinicios, interior primero 0.101%] (Knuth: ~21.4 años) | máximo colocado 88 de 144 | hilos 8 de 12
    ... 731.9 s | grupo 1/1 | 145352763 nodos | revisado 5.64e-03%, faltan ~150 días [interior primero 5.64e-03%, interior primero + pieza menos restrictiva 6.72e-07%, reinicios, interior primero 0.107%] (Knuth: ~21.4 años) | máximo colocado 88 de 144 | hilos 8 de 12
    ... 733.9 s | grupo 1/1 | 145754137 nodos | revisado 5.65e-03%, faltan ~150 días [interior primero 5.65e-03%, interior primero + pieza menos restrictiva 6.72e-07%, reinicios, interior primero 0.107%] (Knuth: ~21.4 años) | máximo colocado 88 de 144 | hilos 8 de 12
    ... 735.9 s | grupo 1/1 | 146145530 nodos | revisado 5.65e-03%, faltan ~150 días [interior primero 5.65e-03%, interior primero + pieza menos restrictiva 6.72e-07%, reinicios, interior primero 0.110%] (Knuth: ~21.4 años) | máximo colocado 88 de 144 | hilos 8 de 12
    ... 737.9 s | grupo 1/1 | 146540910 nodos | revisado 5.67e-03%, faltan ~150 días [interior primero 5.67e-03%, interior primero + pieza menos restrictiva 6.73e-07%, reinicios, interior primero 0.110%] (Knuth: ~21.4 años) | máximo colocado 88 de 144 | hilos 8 de 12
    ... 739.9 s | grupo 1/1 | 146935801 nodos | revisado 5.72e-03%, faltan ~149 días [interior primero 5.72e-03%, interior primero + pieza menos restrictiva 6.73e-07%, reinicios, interior primero 0.110%] (Knuth: ~21.4 años) | máximo colocado 88 de 144 | hilos 8 de 12
    ... 741.9 s | grupo 1/1 | 147330385 nodos | revisado 5.73e-03%, faltan ~149 días [interior primero 5.73e-03%, interior primero + pieza menos restrictiva 6.74e-07%, reinicios, interior primero 0.110%] (Knuth: ~21.4 años) | máximo colocado 88 de 144 | hilos 8 de 12
    ... 743.9 s | grupo 1/1 | 147726355 nodos | revisado 5.73e-03%, faltan ~150 días [interior primero 5.73e-03%, interior primero + pieza menos restrictiva 6.75e-07%, reinicios, interior primero 0.110%] (Knuth: ~21.4 años) | máximo colocado 88 de 144 | hilos 8 de 12
    ... 745.9 s | grupo 1/1 | 148124531 nodos | revisado 5.73e-03%, faltan ~150 días [interior primero 5.73e-03%, interior primero + pieza menos restrictiva 6.76e-07%, reinicios, interior primero 0.110%] (Knuth: ~21.4 años) | máximo colocado 88 de 144 | hilos 8 de 12
    ... 748.0 s | grupo 1/1 | 148528215 nodos | revisado 5.74e-03%, faltan ~150 días [interior primero 5.74e-03%, interior primero + pieza menos restrictiva 6.76e-07%, reinicios, interior primero 0.110%] (Knuth: ~21.4 años) | máximo colocado 88 de 144 | hilos 8 de 12
    ... 750.0 s | grupo 1/1 | 148923138 nodos | revisado 5.74e-03%, faltan ~151 días [interior primero 5.74e-03%, interior primero + pieza menos restrictiva 6.77e-07%, reinicios, interior primero 0.110%] (Knuth: ~21.4 años) | máximo colocado 88 de 144 | hilos 8 de 12
    ... 752.0 s | grupo 1/1 | 149323160 nodos | revisado 5.75e-03%, faltan ~151 días [interior primero 5.75e-03%, interior primero + pieza menos restrictiva 6.78e-07%, reinicios, interior primero 0.110%] (Knuth: ~21.4 años) | máximo colocado 88 de 144 | hilos 8 de 12
    ... 754.0 s | grupo 1/1 | 149719998 nodos | revisado 5.75e-03%, faltan ~151 días [interior primero 5.75e-03%, interior primero + pieza menos restrictiva 6.79e-07%, reinicios, interior primero 0.110%] (Knuth: ~21.4 años) | máximo colocado 88 de 144 | hilos 8 de 12
    ... 756.0 s | grupo 1/1 | 150112762 nodos | revisado 5.76e-03%, faltan ~151 días [interior primero 5.76e-03%, interior primero + pieza menos restrictiva 6.80e-07%, reinicios, interior primero 0.110%] (Knuth: ~21.4 años) | máximo colocado 88 de 144 | hilos 8 de 12
    ... 758.0 s | grupo 1/1 | 150511415 nodos | revisado 5.77e-03%, faltan ~152 días [interior primero 5.77e-03%, interior primero + pieza menos restrictiva 6.81e-07%, reinicios, interior primero 0.110%] (Knuth: ~21.4 años) | máximo colocado 88 de 144 | hilos 8 de 12
    ... 760.0 s | grupo 1/1 | 150912305 nodos | revisado 5.77e-03%, faltan ~152 días [interior primero 5.77e-03%, interior primero + pieza menos restrictiva 6.82e-07%, reinicios, interior primero 0.110%] (Knuth: ~21.4 años) | máximo colocado 88 de 144 | hilos 8 de 12
    ... 762.0 s | grupo 1/1 | 151310612 nodos | revisado 5.77e-03%, faltan ~152 días [interior primero 5.77e-03%, interior primero + pieza menos restrictiva 6.85e-07%, reinicios, interior primero 0.110%] (Knuth: ~21.4 años) | máximo colocado 88 de 144 | hilos 8 de 12
    ... 764.0 s | grupo 1/1 | 151706904 nodos | revisado 5.78e-03%, faltan ~152 días [interior primero 5.78e-03%, interior primero + pieza menos restrictiva 6.87e-07%, reinicios, interior primero 0.110%] (Knuth: ~21.4 años) | máximo colocado 88 de 144 | hilos 8 de 12
    ... 766.0 s | grupo 1/1 | 152100993 nodos | revisado 5.79e-03%, faltan ~153 días [interior primero 5.79e-03%, interior primero + pieza menos restrictiva 6.89e-07%, reinicios, interior primero 0.110%] (Knuth: ~21.4 años) | máximo colocado 88 de 144 | hilos 8 de 12
    ... 768.0 s | grupo 1/1 | 152502354 nodos | revisado 5.79e-03%, faltan ~153 días [interior primero 5.79e-03%, interior primero + pieza menos restrictiva 6.90e-07%, reinicios, interior primero 0.110%] (Knuth: ~21.4 años) | máximo colocado 88 de 144 | hilos 8 de 12
    ... 770.0 s | grupo 1/1 | 152904896 nodos | revisado 5.80e-03%, faltan ~153 días [interior primero 5.80e-03%, interior primero + pieza menos restrictiva 6.90e-07%, reinicios, interior primero 0.110%] (Knuth: ~21.4 años) | máximo colocado 88 de 144 | hilos 8 de 12
    ... 772.0 s | grupo 1/1 | 153309849 nodos | revisado 5.80e-03%, faltan ~153 días [interior primero 5.80e-03%, interior primero + pieza menos restrictiva 6.93e-07%, reinicios, interior primero 0.111%] (Knuth: ~21.4 años) | máximo colocado 88 de 144 | hilos 8 de 12
    ... 774.0 s | grupo 1/1 | 153710828 nodos | revisado 5.81e-03%, faltan ~154 días [interior primero 5.81e-03%, interior primero + pieza menos restrictiva 6.94e-07%, reinicios, interior primero 0.111%] (Knuth: ~21.4 años) | máximo colocado 88 de 144 | hilos 8 de 12
    ... 776.1 s | grupo 1/1 | 154129064 nodos | revisado 5.81e-03%, faltan ~154 días [interior primero 5.81e-03%, interior primero + pieza menos restrictiva 6.99e-07%, reinicios, interior primero 0.111%] (Knuth: ~21.4 años) | máximo colocado 88 de 144 | hilos 8 de 12
    ... 778.1 s | grupo 1/1 | 154543041 nodos | revisado 5.82e-03%, faltan ~154 días [interior primero 5.82e-03%, interior primero + pieza menos restrictiva 7.01e-07%, reinicios, interior primero 0.111%] (Knuth: ~21.4 años) | máximo colocado 88 de 144 | hilos 8 de 12
    ... 780.1 s | grupo 1/1 | 154950603 nodos | revisado 5.82e-03%, faltan ~154 días [interior primero 5.82e-03%, interior primero + pieza menos restrictiva 7.02e-07%, reinicios, interior primero 0.111%] (Knuth: ~21.4 años) | máximo colocado 88 de 144 | hilos 8 de 12
    ... 782.1 s | grupo 1/1 | 155369125 nodos | revisado 5.82e-03%, faltan ~155 días [interior primero 5.82e-03%, interior primero + pieza menos restrictiva 7.03e-07%, reinicios, interior primero 0.111%] (Knuth: ~21.4 años) | máximo colocado 88 de 144 | hilos 8 de 12
    ... 784.1 s | grupo 1/1 | 155776233 nodos | revisado 5.82e-03%, faltan ~155 días [interior primero 5.82e-03%, interior primero + pieza menos restrictiva 7.03e-07%, reinicios, interior primero 0.111%] (Knuth: ~21.4 años) | máximo colocado 88 de 144 | hilos 8 de 12
    ... 786.1 s | grupo 1/1 | 156179385 nodos | revisado 5.83e-03%, faltan ~156 días [interior primero 5.83e-03%, interior primero + pieza menos restrictiva 7.03e-07%, reinicios, interior primero 0.113%] (Knuth: ~21.4 años) | máximo colocado 88 de 144 | hilos 8 de 12
    ... 788.1 s | grupo 1/1 | 156589917 nodos | revisado 5.83e-03%, faltan ~156 días [interior primero 5.83e-03%, interior primero + pieza menos restrictiva 7.03e-07%, reinicios, interior primero 0.113%] (Knuth: ~21.4 años) | máximo colocado 88 de 144 | hilos 8 de 12
    ... 790.1 s | grupo 1/1 | 156993461 nodos | revisado 5.83e-03%, faltan ~156 días [interior primero 5.83e-03%, interior primero + pieza menos restrictiva 7.10e-07%, reinicios, interior primero 0.113%] (Knuth: ~21.4 años) | máximo colocado 88 de 144 | hilos 8 de 12
    ... 792.1 s | grupo 1/1 | 157398377 nodos | revisado 5.84e-03%, faltan ~156 días [interior primero 5.84e-03%, interior primero + pieza menos restrictiva 7.10e-07%, reinicios, interior primero 0.113%] (Knuth: ~21.4 años) | máximo colocado 88 de 144 | hilos 8 de 12
    ... 794.1 s | grupo 1/1 | 157801868 nodos | revisado 5.95e-03%, faltan ~154 días [interior primero 5.95e-03%, interior primero + pieza menos restrictiva 7.10e-07%, reinicios, interior primero 0.113%] (Knuth: ~21.4 años) | máximo colocado 88 de 144 | hilos 8 de 12
    ... 796.1 s | grupo 1/1 | 158197270 nodos | revisado 5.96e-03%, faltan ~154 días [interior primero 5.96e-03%, interior primero + pieza menos restrictiva 7.10e-07%, reinicios, interior primero 0.113%] (Knuth: ~21.4 años) | máximo colocado 88 de 144 | hilos 8 de 12
    ... 798.1 s | grupo 1/1 | 158596773 nodos | revisado 5.97e-03%, faltan ~154 días [interior primero 5.97e-03%, interior primero + pieza menos restrictiva 7.10e-07%, reinicios, interior primero 0.113%] (Knuth: ~21.4 años) | máximo colocado 88 de 144 | hilos 8 de 12
    ... 800.1 s | grupo 1/1 | 158999462 nodos | revisado 5.97e-03%, faltan ~154 días [interior primero 5.97e-03%, interior primero + pieza menos restrictiva 7.10e-07%, reinicios, interior primero 0.113%] (Knuth: ~21.4 años) | máximo colocado 88 de 144 | hilos 8 de 12
    ... 802.1 s | grupo 1/1 | 159403784 nodos | revisado 5.99e-03%, faltan ~154 días [interior primero 5.99e-03%, interior primero + pieza menos restrictiva 7.11e-07%, reinicios, interior primero 0.113%] (Knuth: ~21.4 años) | máximo colocado 88 de 144 | hilos 8 de 12
    ... 804.2 s | grupo 1/1 | 159802471 nodos | revisado 6.02e-03%, faltan ~154 días [interior primero 6.02e-03%, interior primero + pieza menos restrictiva 7.11e-07%, reinicios, interior primero 0.113%] (Knuth: ~21.4 años) | máximo colocado 88 de 144 | hilos 8 de 12
    ... 806.2 s | grupo 1/1 | 160201929 nodos | revisado 6.07e-03%, faltan ~153 días [interior primero 6.07e-03%, interior primero + pieza menos restrictiva 7.11e-07%, reinicios, interior primero 0.113%] (Knuth: ~21.4 años) | máximo colocado 88 de 144 | hilos 8 de 12
    ... 808.2 s | grupo 1/1 | 160601054 nodos | revisado 6.09e-03%, faltan ~153 días [interior primero 6.09e-03%, interior primero + pieza menos restrictiva 7.11e-07%, reinicios, interior primero 0.113%] (Knuth: ~21.4 años) | máximo colocado 88 de 144 | hilos 8 de 12
    ... 810.2 s | grupo 1/1 | 160996131 nodos | revisado 6.11e-03%, faltan ~153 días [interior primero 6.11e-03%, interior primero + pieza menos restrictiva 7.11e-07%, reinicios, interior primero 0.113%] (Knuth: ~21.4 años) | máximo colocado 88 de 144 | hilos 8 de 12
    ... 812.2 s | grupo 1/1 | 161389081 nodos | revisado 6.11e-03%, faltan ~153 días [interior primero 6.11e-03%, interior primero + pieza menos restrictiva 7.11e-07%, reinicios, interior primero 0.113%] (Knuth: ~21.4 años) | máximo colocado 88 de 144 | hilos 8 de 12
    ... 814.2 s | grupo 1/1 | 161786016 nodos | revisado 6.14e-03%, faltan ~153 días [interior primero 6.14e-03%, interior primero + pieza menos restrictiva 7.11e-07%, reinicios, interior primero 0.113%] (Knuth: ~21.4 años) | máximo colocado 88 de 144 | hilos 8 de 12
    ... 816.2 s | grupo 1/1 | 162183463 nodos | revisado 6.14e-03%, faltan ~153 días [interior primero 6.14e-03%, interior primero + pieza menos restrictiva 7.12e-07%, reinicios, interior primero 0.113%] (Knuth: ~21.4 años) | máximo colocado 88 de 144 | hilos 8 de 12
    ... 818.2 s | grupo 1/1 | 162588911 nodos | revisado 6.16e-03%, faltan ~153 días [interior primero 6.16e-03%, interior primero + pieza menos restrictiva 7.12e-07%, reinicios, interior primero 0.113%] (Knuth: ~21.4 años) | máximo colocado 88 de 144 | hilos 8 de 12
    ... 820.2 s | grupo 1/1 | 162987942 nodos | revisado 6.20e-03%, faltan ~153 días [interior primero 6.20e-03%, interior primero + pieza menos restrictiva 7.13e-07%, reinicios, interior primero 0.113%] (Knuth: ~21.4 años) | máximo colocado 88 de 144 | hilos 8 de 12
    ... 822.2 s | grupo 1/1 | 163388396 nodos | revisado 6.22e-03%, faltan ~152 días [interior primero 6.22e-03%, interior primero + pieza menos restrictiva 7.14e-07%, reinicios, interior primero 0.113%] (Knuth: ~21.4 años) | máximo colocado 88 de 144 | hilos 8 de 12
    ... 824.2 s | grupo 1/1 | 163788294 nodos | revisado 6.24e-03%, faltan ~152 días [interior primero 6.24e-03%, interior primero + pieza menos restrictiva 7.15e-07%, reinicios, interior primero 0.113%] (Knuth: ~21.4 años) | máximo colocado 88 de 144 | hilos 8 de 12
    ... 826.2 s | grupo 1/1 | 164183944 nodos | revisado 6.25e-03%, faltan ~153 días [interior primero 6.25e-03%, interior primero + pieza menos restrictiva 7.16e-07%, reinicios, interior primero 0.113%] (Knuth: ~21.4 años) | máximo colocado 88 de 144 | hilos 8 de 12
    ... 828.2 s | grupo 1/1 | 164576865 nodos | revisado 6.26e-03%, faltan ~153 días [interior primero 6.26e-03%, interior primero + pieza menos restrictiva 7.17e-07%, reinicios, interior primero 0.113%] (Knuth: ~21.4 años) | máximo colocado 88 de 144 | hilos 8 de 12
    ... 830.2 s | grupo 1/1 | 164972910 nodos | revisado 6.26e-03%, faltan ~153 días [interior primero 6.26e-03%, interior primero + pieza menos restrictiva 7.18e-07%, reinicios, interior primero 0.113%] (Knuth: ~21.4 años) | máximo colocado 88 de 144 | hilos 8 de 12
    ... 832.3 s | grupo 1/1 | 165361624 nodos | revisado 6.27e-03%, faltan ~153 días [interior primero 6.27e-03%, interior primero + pieza menos restrictiva 7.19e-07%, reinicios, interior primero 0.113%] (Knuth: ~21.4 años) | máximo colocado 88 de 144 | hilos 8 de 12
    ... 834.3 s | grupo 1/1 | 165754589 nodos | revisado 6.27e-03%, faltan ~153 días [interior primero 6.27e-03%, interior primero + pieza menos restrictiva 7.21e-07%, reinicios, interior primero 0.113%] (Knuth: ~21.4 años) | máximo colocado 88 de 144 | hilos 8 de 12
    ... 836.3 s | grupo 1/1 | 166153154 nodos | revisado 6.29e-03%, faltan ~153 días [interior primero 6.29e-03%, interior primero + pieza menos restrictiva 7.23e-07%, reinicios, interior primero 0.113%] (Knuth: ~21.4 años) | máximo colocado 88 de 144 | hilos 8 de 12
    ... 838.3 s | grupo 1/1 | 166553386 nodos | revisado 6.30e-03%, faltan ~153 días [interior primero 6.30e-03%, interior primero + pieza menos restrictiva 7.24e-07%, reinicios, interior primero 0.113%] (Knuth: ~21.4 años) | máximo colocado 88 de 144 | hilos 8 de 12
    ... 840.3 s | grupo 1/1 | 166948532 nodos | revisado 6.32e-03%, faltan ~153 días [interior primero 6.32e-03%, interior primero + pieza menos restrictiva 7.25e-07%, reinicios, interior primero 0.113%] (Knuth: ~21.4 años) | máximo colocado 88 de 144 | hilos 8 de 12
    ... 842.3 s | grupo 1/1 | 167340313 nodos | revisado 6.32e-03%, faltan ~154 días [interior primero 6.32e-03%, interior primero + pieza menos restrictiva 7.25e-07%, reinicios, interior primero 0.113%] (Knuth: ~21.4 años) | máximo colocado 88 de 144 | hilos 8 de 12
    ... 844.3 s | grupo 1/1 | 167734524 nodos | revisado 6.33e-03%, faltan ~154 días [interior primero 6.33e-03%, interior primero + pieza menos restrictiva 7.27e-07%, reinicios, interior primero 0.113%] (Knuth: ~21.4 años) | máximo colocado 88 de 144 | hilos 8 de 12
    ... 846.3 s | grupo 1/1 | 168128636 nodos | revisado 6.50e-03%, faltan ~150 días [interior primero 6.50e-03%, interior primero + pieza menos restrictiva 7.32e-07%, reinicios, interior primero 0.113%] (Knuth: ~21.4 años) | máximo colocado 88 de 144 | hilos 8 de 12
    ... 848.3 s | grupo 1/1 | 168524628 nodos | revisado 6.52e-03%, faltan ~150 días [interior primero 6.52e-03%, interior primero + pieza menos restrictiva 7.42e-07%, reinicios, interior primero 0.113%] (Knuth: ~21.4 años) | máximo colocado 88 de 144 | hilos 8 de 12
    ... 850.3 s | grupo 1/1 | 168914372 nodos | revisado 6.54e-03%, faltan ~150 días [interior primero 6.54e-03%, interior primero + pieza menos restrictiva 7.56e-07%, reinicios, interior primero 0.113%] (Knuth: ~21.4 años) | máximo colocado 88 de 144 | hilos 8 de 12
    ... 852.3 s | grupo 1/1 | 169310532 nodos | revisado 6.54e-03%, faltan ~150 días [interior primero 6.54e-03%, interior primero + pieza menos restrictiva 7.83e-07%, reinicios, interior primero 0.113%] (Knuth: ~21.4 años) | máximo colocado 88 de 144 | hilos 8 de 12
    ... 854.3 s | grupo 1/1 | 169708077 nodos | revisado 6.59e-03%, faltan ~150 días [interior primero 6.59e-03%, interior primero + pieza menos restrictiva 7.93e-07%, reinicios, interior primero 0.113%] (Knuth: ~21.4 años) | máximo colocado 88 de 144 | hilos 8 de 12
    ... 856.4 s | grupo 1/1 | 170102108 nodos | revisado 6.62e-03%, faltan ~149 días [interior primero 6.62e-03%, interior primero + pieza menos restrictiva 7.94e-07%, reinicios, interior primero 0.113%] (Knuth: ~21.4 años) | máximo colocado 88 de 144 | hilos 8 de 12
    ... 858.4 s | grupo 1/1 | 170495489 nodos | revisado 6.65e-03%, faltan ~149 días [interior primero 6.65e-03%, interior primero + pieza menos restrictiva 8.15e-07%, reinicios, interior primero 0.113%] (Knuth: ~21.4 años) | máximo colocado 88 de 144 | hilos 8 de 12
    ... 860.4 s | grupo 1/1 | 170891900 nodos | revisado 6.66e-03%, faltan ~149 días [interior primero 6.66e-03%, interior primero + pieza menos restrictiva 8.16e-07%, reinicios, interior primero 0.113%] (Knuth: ~21.4 años) | máximo colocado 88 de 144 | hilos 8 de 12
    ... 862.4 s | grupo 1/1 | 171283823 nodos | revisado 6.66e-03%, faltan ~149 días [interior primero 6.66e-03%, interior primero + pieza menos restrictiva 8.17e-07%, reinicios, interior primero 0.113%] (Knuth: ~21.4 años) | máximo colocado 88 de 144 | hilos 8 de 12
    ... 864.4 s | grupo 1/1 | 171684350 nodos | revisado 6.67e-03%, faltan ~150 días [interior primero 6.67e-03%, interior primero + pieza menos restrictiva 8.18e-07%, reinicios, interior primero 0.113%] (Knuth: ~21.4 años) | máximo colocado 88 de 144 | hilos 8 de 12
    ... 866.4 s | grupo 1/1 | 172085154 nodos | revisado 6.68e-03%, faltan ~150 días [interior primero 6.68e-03%, interior primero + pieza menos restrictiva 8.53e-07%, reinicios, interior primero 0.113%] (Knuth: ~21.4 años) | máximo colocado 88 de 144 | hilos 8 de 12
    ... 868.4 s | grupo 1/1 | 172482014 nodos | revisado 6.69e-03%, faltan ~150 días [interior primero 6.69e-03%, interior primero + pieza menos restrictiva 8.53e-07%, reinicios, interior primero 0.113%] (Knuth: ~21.4 años) | máximo colocado 88 de 144 | hilos 8 de 12
    ... 870.4 s | grupo 1/1 | 172878718 nodos | revisado 7.06e-03%, faltan ~142 días [interior primero 7.06e-03%, interior primero + pieza menos restrictiva 8.58e-07%, reinicios, interior primero 0.113%] (Knuth: ~21.4 años) | máximo colocado 88 de 144 | hilos 8 de 12
    ... 872.4 s | grupo 1/1 | 173281704 nodos | revisado 7.08e-03%, faltan ~142 días [interior primero 7.08e-03%, interior primero + pieza menos restrictiva 8.63e-07%, reinicios, interior primero 0.113%] (Knuth: ~21.4 años) | máximo colocado 88 de 144 | hilos 8 de 12
    ... 874.4 s | grupo 1/1 | 173680613 nodos | revisado 7.10e-03%, faltan ~142 días [interior primero 7.10e-03%, interior primero + pieza menos restrictiva 8.64e-07%, reinicios, interior primero 0.113%] (Knuth: ~21.4 años) | máximo colocado 88 de 144 | hilos 8 de 12
    ... 876.4 s | grupo 1/1 | 174075690 nodos | revisado 7.11e-03%, faltan ~142 días [interior primero 7.11e-03%, interior primero + pieza menos restrictiva 8.68e-07%, reinicios, interior primero 0.113%] (Knuth: ~21.4 años) | máximo colocado 88 de 144 | hilos 8 de 12
    ... 878.4 s | grupo 1/1 | 174475488 nodos | revisado 7.12e-03%, faltan ~142 días [interior primero 7.12e-03%, interior primero + pieza menos restrictiva 9.28e-07%, reinicios, interior primero 0.113%] (Knuth: ~21.4 años) | máximo colocado 88 de 144 | hilos 8 de 12
    ... 880.4 s | grupo 1/1 | 174865724 nodos | revisado 7.12e-03%, faltan ~143 días [interior primero 7.12e-03%, interior primero + pieza menos restrictiva 9.32e-07%, reinicios, interior primero 0.113%] (Knuth: ~21.4 años) | máximo colocado 88 de 144 | hilos 8 de 12
    ... 882.4 s | grupo 1/1 | 175253938 nodos | revisado 7.14e-03%, faltan ~143 días [interior primero 7.14e-03%, interior primero + pieza menos restrictiva 9.39e-07%, reinicios, interior primero 0.113%] (Knuth: ~21.4 años) | máximo colocado 88 de 144 | hilos 8 de 12
    ... 884.5 s | grupo 1/1 | 175646653 nodos | revisado 7.14e-03%, faltan ~143 días [interior primero 7.14e-03%, interior primero + pieza menos restrictiva 9.54e-07%, reinicios, interior primero 0.113%] (Knuth: ~21.4 años) | máximo colocado 88 de 144 | hilos 8 de 12
    ... 886.5 s | grupo 1/1 | 176036781 nodos | revisado 7.14e-03%, faltan ~143 días [interior primero 7.14e-03%, interior primero + pieza menos restrictiva 9.63e-07%, reinicios, interior primero 0.113%] (Knuth: ~21.4 años) | máximo colocado 88 de 144 | hilos 8 de 12
    ... 888.5 s | grupo 1/1 | 176428079 nodos | revisado 7.14e-03%, faltan ~143 días [interior primero 7.14e-03%, interior primero + pieza menos restrictiva 9.64e-07%, reinicios, interior primero 0.113%] (Knuth: ~21.4 años) | máximo colocado 88 de 144 | hilos 8 de 12
    ... 890.5 s | grupo 1/1 | 176820565 nodos | revisado 7.14e-03%, faltan ~144 días [interior primero 7.14e-03%, interior primero + pieza menos restrictiva 9.65e-07%, reinicios, interior primero 0.113%] (Knuth: ~21.4 años) | máximo colocado 88 de 144 | hilos 8 de 12
    ... 892.5 s | grupo 1/1 | 177218269 nodos | revisado 7.15e-03%, faltan ~144 días [interior primero 7.15e-03%, interior primero + pieza menos restrictiva 9.66e-07%, reinicios, interior primero 0.113%] (Knuth: ~21.4 años) | máximo colocado 88 de 144 | hilos 8 de 12
    ... 894.5 s | grupo 1/1 | 177612187 nodos | revisado 7.15e-03%, faltan ~144 días [interior primero 7.15e-03%, interior primero + pieza menos restrictiva 9.67e-07%, reinicios, interior primero 0.113%] (Knuth: ~21.4 años) | máximo colocado 88 de 144 | hilos 8 de 12
    ... 896.5 s | grupo 1/1 | 178009894 nodos | revisado 7.17e-03%, faltan ~144 días [interior primero 7.17e-03%, interior primero + pieza menos restrictiva 9.68e-07%, reinicios, interior primero 0.113%] (Knuth: ~21.4 años) | máximo colocado 88 de 144 | hilos 8 de 12
    ... 898.5 s | grupo 1/1 | 178401567 nodos | revisado 7.18e-03%, faltan ~144 días [interior primero 7.18e-03%, interior primero + pieza menos restrictiva 9.70e-07%, reinicios, interior primero 0.113%] (Knuth: ~21.4 años) | máximo colocado 88 de 144 | hilos 8 de 12
[4] Grupo 1: cortado por límite de tiempo
[5] Tiempo total: 15 min
RESULTADO resuelto=0 ms=900056.3 marcos=0 nodos=178706432 grupos=1/1 hilos=12 t_marcos=0.000 t_interior=897.031 lados=0 unificado=1 max_colocadas=88 motivo=limite
